"V1","V2","V3","V4","V5","V6","V7","V8","V9","V10","V11","V12","V13","V14","V15","V16","V17","V18","V19","V20","V21","V22","V23","V24","V25","V26","V27","V28","V29","V30","V31","V32","V33","V34","V35","V36","V37","V38","V39","V40","V41","V42","V43","V44","V45","V46","V47","V48","V49","V50","V51","V52","V53","V54","V55","V56","V57","V58","V59","V60","V61","V62","V63","V64","V65","V66","V67","V68","V69","V70","V71","V72","V73","V74","V75","V76","V77","V78","V79","V80","V81","V82","V83","V84","V85","V86","V87","V88","V89"
NA,NA,NA,NA,NA,NA,NA,NA,NA,NA,NA,NA,NA,NA,NA,NA,NA,NA,NA,NA,NA,NA,NA,NA,NA,NA,NA,NA,NA,NA,NA,NA,NA,NA,NA,NA,NA,NA,NA,NA,NA,NA,NA,NA,775.403120963541,NA,NA,NA,NA,NA,NA,NA,NA,NA,NA,NA,NA,NA,NA,NA,NA,NA,NA,NA,NA,NA,NA,NA,NA,NA,NA,NA,NA,NA,NA,NA,NA,NA,NA,NA,NA,NA,NA,NA,NA,NA,NA,NA,NA
NA,NA,NA,NA,NA,NA,NA,NA,NA,NA,NA,NA,NA,NA,NA,NA,NA,NA,NA,NA,NA,NA,NA,NA,NA,NA,NA,NA,NA,NA,NA,NA,NA,NA,NA,839.107082642648,848.91473860421,850.110009363294,855.131568824354,831.038506929733,840.386815698581,836.878414312198,817.422534177706,822.344210169926,811.743773728156,827.840731600921,814.324873745117,787.913501970332,785.154760696297,797.260935955099,798.102761418931,790.569415042095,797.652806677191,789.382670192347,NA,NA,NA,NA,NA,NA,NA,NA,NA,NA,NA,NA,NA,NA,NA,NA,NA,NA,NA,NA,NA,NA,NA,NA,NA,NA,NA,NA,NA,NA,NA,NA,NA,NA,NA
NA,NA,NA,NA,NA,NA,NA,NA,NA,NA,NA,NA,NA,NA,NA,NA,NA,NA,NA,NA,NA,NA,NA,NA,NA,NA,NA,NA,NA,NA,NA,877.923574663633,886.70739254841,873.576249463639,887.764045228235,873.29283351163,884.590300647707,886.002257333467,880.695747690427,870.913664593204,855.131568824354,853.493817283609,840.386815698581,840.386815698581,854.400374531753,851.551734630863,838.572024665825,860.958767886128,846.047560389821,834.006363159454,819.14466246736,824.72012718783,818.91696770796,816.241385865725,809.706737035082,785.39537835184,785.322048719122,778.620575119872,NA,NA,NA,NA,NA,NA,NA,NA,NA,NA,NA,NA,NA,NA,NA,NA,NA,NA,NA,NA,NA,NA,NA,NA,NA,NA,NA,NA,NA,NA,NA
NA,NA,NA,NA,NA,NA,NA,NA,NA,NA,NA,NA,NA,NA,NA,NA,NA,NA,NA,NA,NA,NA,NA,NA,NA,NA,NA,NA,NA,884.295068452816,901.734439843572,910.013736160065,907.261319434492,908.639092269312,896.376427325265,901.439762143838,901.387818865997,883.901147087297,886.002257333467,883.883476483184,863.884112894737,860.232526704263,873.212459828649,854.400374531753,868.511347226918,868.749534824157,873.212459828649,884.607950106279,883.802285819772,872.165034193196,850,838.562726293875,838.793963962689,828.279351519956,816.39395647333,820.075213732739,805.100886600204,803.546788384555,805.129924696855,800.390529679106,NA,NA,NA,NA,NA,NA,NA,NA,NA,NA,NA,NA,NA,NA,NA,NA,NA,NA,NA,NA,NA,NA,NA,NA,NA,NA,NA,NA,NA
NA,NA,NA,NA,NA,NA,NA,NA,NA,NA,NA,NA,NA,NA,NA,NA,NA,NA,NA,NA,NA,NA,NA,NA,NA,NA,925.337776166087,925.337776166087,927.707185611462,922.794590612478,928.26175168943,914.161533160442,930.38970329642,919.255807020167,930.204474373302,915.491671180028,916.91561040706,908.982948134892,910.013736160065,903.525999895134,903.465549979633,898.339363561517,915.534299810332,896.172416446746,910.013736160065,886.874168216207,893.391528907027,906.228448019593,896.415194700569,897.566153550812,883.883476483184,862.046982478333,866.395188023418,853.302408293801,832.165848854662,826.513762740827,850.395111352537,831.122943341838,848.574123177879,831.262916277004,825.150962673243,825.037844068521,810.179843004609,NA,NA,NA,NA,NA,NA,NA,NA,NA,NA,NA,NA,NA,NA,NA,NA,NA,NA,NA,NA,NA,NA,NA,NA,NA,NA
NA,NA,NA,NA,NA,NA,NA,NA,NA,NA,NA,NA,NA,NA,NA,NA,NA,NA,NA,NA,NA,NA,NA,NA,950.328890437411,933.789624202743,950,930.38970329642,930.053761886914,937.19137266178,933.698864465775,938.808370811699,957.590061728457,962.043818579408,961.769203083567,946.473517259886,936.107285826381,930.665173693713,951.971638232989,927.858223735211,928.236727205502,936.165572593961,929.174827585599,926.614577918381,929.645941589626,937.21625571329,919.391289558101,937.30337693065,926.383117454036,904.937891897666,896.603978250636,906.323080223105,890.601990313134,880.872455128872,863.224149233763,848.960666716953,850.932214824428,875.35707000058,874.128574166466,877.40065932235,870.800759122109,875.419455583165,875.419455583165,852.115489585838,830.47168327819,NA,NA,NA,NA,NA,NA,NA,NA,NA,NA,NA,NA,NA,NA,NA,NA,NA,NA,NA,NA,NA,NA,NA,NA
NA,NA,NA,NA,NA,NA,NA,NA,NA,NA,NA,NA,NA,NA,NA,NA,NA,NA,NA,NA,NA,NA,976.281209488332,956.882960450232,951.314879522022,945.184808118431,950.500905325321,942.216233826121,950.328890437411,954.675766916069,972.432516938836,969.473830887063,976.377048981014,985.698196546875,982.360035903111,958.608663893367,966.104965258815,964.693117631264,941.672597164258,946.75952507604,973.247504834733,962.094070244693,951.729177818941,957.209485953832,956.882960450232,945.098288440274,951.983941850417,956.289488180992,943.76787024644,941.590388659696,946.473517259886,937.183072462975,921.421818564391,933.474598285042,893.794302182777,886.996126589255,875.383828429263,875.008926750014,900,915.804522574238,900.887337529976,919.96937392572,902.275353319503,888.810733255686,878.208403512515,855.140700944439,840.014880820572,NA,NA,NA,NA,NA,NA,NA,NA,NA,NA,NA,NA,NA,NA,NA,NA,NA,NA,NA,NA,NA,NA
NA,NA,NA,NA,NA,NA,NA,NA,NA,NA,NA,NA,NA,NA,NA,NA,NA,NA,NA,NA,NA,955.24865872714,956.882960450232,952.955927627296,951.651468361393,960.582243556578,958.359008797942,951.971638232989,953.855195639577,960.697240764516,957.29096469536,973.717104707522,977.936221490778,987.768140537473,985.40633789269,985.455485689597,972.940115250997,977.880360780397,983.059512156848,976.432782631609,982.344135219425,983.435614427065,995.937009356173,998.123238883857,983.957241394519,973.415416655955,972.696208079537,964.697166183792,962.227842736369,958.753133158854,965.983954318083,964.689069078737,956.899278380065,958.18839483684,955.411672336051,952.955927627296,926.455437801555,950.328890437411,941.076511235936,937.406159682077,950.328890437411,939.747306460625,939.712215605777,917.459365126501,901.431113229583,867.218719735068,873.479235245012,839.04090462016,NA,NA,NA,NA,NA,NA,NA,NA,NA,NA,NA,NA,NA,NA,NA,NA,NA,NA,NA,NA,NA
NA,NA,NA,NA,NA,NA,NA,NA,NA,NA,NA,NA,NA,NA,NA,NA,NA,NA,NA,961.769203083567,982.360035903111,964.689069078737,980.114789195633,955.24865872714,958.359008797942,961.979140674447,966.369076869828,973.717104707522,970.864595072166,964.119573137164,975.032030237208,976.281209488332,980.215670317229,980.178473188071,990.604286881564,985.028151620319,989.065136705373,990.698658409492,990.627913414348,995.615387586994,1000.1246890528,999.093319910722,1007.78221853732,1007.89823398803,1001.6722802324,986.934595179244,995.631076453783,989.159508233301,981.452470795897,980.210255283435,969.979245202431,964.842452150453,977.944108302728,972.538483683437,989.092533742823,992.54633113057,976.281209488332,975.320460156558,971.648556005501,975,975.008011503914,962.352531412046,958.18839483684,952.955927627296,937.282482396371,905.616028275131,887.764045228235,887.930623872527,869.36441104205,856.089019099953,NA,NA,NA,NA,NA,NA,NA,NA,NA,NA,NA,NA,NA,NA,NA,NA,NA,NA,NA
NA,NA,NA,NA,NA,NA,NA,NA,NA,NA,NA,NA,NA,NA,NA,NA,NA,NA,982.86011111602,976.53595382231,986.470982847443,982.980162566875,977.936157960885,982.360035903111,985.203024761902,980.289482553299,991.718295482475,992.47166206396,976.638695196322,985.569558498232,989.811062719852,978.015698307415,976.281209488332,980.114789195633,985.203024761902,979.17648926746,986.620999827856,999.062060134404,996.407082602264,995.732539768558,1000.62480480947,1006.54110695987,1018.91444089704,1018.04793500551,1012.42283656583,1021.33491079077,1006.55662085459,1013.03997946774,1001.28428299599,995.615387586994,1000.80374015267,996.258601532985,1007.78221853732,985.218874237971,983.296043192378,995.615387586994,980.828811673934,984.060147446094,990.816121862749,1000.31245118713,976.281209488332,977.880360780397,986.699592965932,980.114789195633,958.18839483684,933.55790953655,916.91561040706,916.856041044612,892.328414878737,874.674020585481,873.212459828649,NA,NA,NA,NA,NA,NA,NA,NA,NA,NA,NA,NA,NA,NA,NA,NA,NA,NA
NA,NA,NA,NA,NA,NA,NA,NA,NA,NA,NA,NA,NA,NA,NA,NA,NA,995.301461869719,995.301461869719,990.866844059394,997.963919387061,986.470982847443,986.470982847443,986.470982847443,1007.78221853732,1000.00390563984,1012.49219128199,1004.98756211209,1001.28820313208,1005.05742852272,1000.00781127968,1000.00390563984,994.082821394515,975.344478889852,985.203024761902,978.142472079819,999.210197683846,1007.81320816215,995.919558360752,1010.7995103192,1008.21266307389,1017.96365357512,1020.11028815516,1015.19702521235,1006.45668058998,1012.64563842145,1007.89823398803,1008.03675441326,996.31342020546,1000.62480480947,1015.19702521235,1040.01141371463,1035.03471198749,1020.11028815516,1029.88924395735,1027.74023955472,1025.44162206259,1026.57037579871,1047.04939223762,1025.83405557139,1026.21878758869,1018.70696664075,1004.98756211209,980.170522846228,961.769203083567,938.448574402109,933.407735129724,921.954445729289,902.112479873598,897.566153550812,883.534272655234,869.796382811344,NA,NA,NA,NA,NA,NA,NA,NA,NA,NA,NA,NA,NA,NA,NA,NA,NA
NA,NA,NA,NA,NA,NA,NA,NA,NA,NA,NA,NA,NA,NA,NA,984.769207960666,1002.86071792706,1000.6793985894,1001.31934626694,1016.2056329691,1015.39176747725,1013.09390561136,1015.19702521235,1011.6543976927,1036.16139991464,1032.67691256197,1029.99513572785,1011.57725667429,1027.74023955472,1015.20080709854,999.11673912417,992.659870512361,995.670195242156,1000,1000.31245118713,1015.25461118118,1012.42283656583,1007.87507347907,1015.31985678592,1015.19702521235,1019.80390271856,1017.96365357512,1020.14090372105,1011.82057138381,1004.08124194212,1013.09390561136,1025,1030.77640640442,1040.18247286086,1044.03813283654,1042.16471178055,1052.8453096076,1050.30500998402,1032.78979092645,1042.25656834634,1031.28674129634,1028.57796516184,1037.63069747191,1044.88217165625,1026.82075732097,1027.74023955472,1004.98756211209,1001.41254469535,982.754208875484,965.983954318083,960.249938784883,946.374661537385,937.241112512218,930.38970329642,909.03872587783,898.311970092872,900.758875989537,886.002257333467,873.257148332933,NA,NA,NA,NA,NA,NA,NA,NA,NA,NA,NA,NA,NA,NA,NA
NA,NA,NA,NA,NA,NA,NA,NA,NA,NA,NA,NA,NA,NA,1013.03997946774,1027.81614372597,1035.23754156589,1030.77640640442,1049.40459309077,1051.27883591656,1049.01129556853,1044.50142554455,1050.31988251004,1052.09595442264,1062.94440308466,1051.20836910006,1054.75485844662,1040.73291482493,1025.36571789135,1005.01863780616,1004.53896829902,1006.70744594605,1004.57011129122,1005.2427986896,1005.66359181797,1026.21878758869,1027.74023955472,1015.26619092142,1027.78580891832,1020.11028815516,1020.48530215838,1020.11028815516,1012.64563842145,1019.64928218295,1027.74023955472,1038.53395498019,1044.62912078881,1051.27883591656,1075.39218335197,1073.83657974573,1068.8779163216,1085.50178487565,1075.29065838033,1057.41429912783,1051.18980208143,1051.77523071647,1063.62439614646,1060.85041651307,1068.18272292008,1027.74023955472,1029.8664962023,1024.81303435347,1000.58432542765,1011.21830620178,999.085508631044,995.301461869719,984.88578017961,955.269087498679,952.09442128842,938.738685470319,910.531433940979,917.196816392207,903.128242323677,880.731173998717,873.399542025194,NA,NA,NA,NA,NA,NA,NA,NA,NA,NA,NA,NA,NA,NA
NA,NA,NA,NA,NA,NA,NA,NA,NA,NA,NA,NA,NA,1020.11028815516,1037.45648543536,1046.97532443004,1061.41804394768,1064.75722599679,1063.60236930913,1050.57136905399,1053.28338926771,1049.45293881752,1035.4536543829,1073.54552767919,1076.24913704112,1064.4476519244,1050.74368948072,1031.70783159128,1028.86403765162,1012.725705031,1027.74023955472,1026.07031402586,1026.21878758869,1030.77640640442,1020.25157620514,1025.44162206259,1026.21878758869,1007.78221853732,1029.5630140987,1028.67858526995,1026.21878758869,1025.00762081801,1028.65203057205,1033.41120034661,1038.38538437836,1040.47006687645,1063.60236930913,1077.24250407384,1093.81134083676,1097.73203515275,1093.44638643145,1086.6303244784,1075.34871949864,1070.17782621235,1071.75847825324,1068.18272292008,1075.42472350487,1077.73597317716,1078.48273050615,1047.16096916867,1044.49008332076,1032.59382140317,1031.93106900738,1039.83171715427,1020.55880515059,1025.30483272049,1025.13646834694,980.274183376006,977.991955141373,977.880360780397,941.504308325958,941.2666809063,930.178939340229,917.618057521264,894.785171480393,893.578654250425,NA,NA,NA,NA,NA,NA,NA,NA,NA,NA,NA,NA,NA
NA,NA,NA,NA,NA,NA,NA,NA,NA,NA,NA,NA,1027.74023955472,1049.45665431951,1049.54566307101,1064.48344280219,1073.55280398086,1075.54375860344,1061.24926383956,1069.0018829072,1059.54728712814,1055.04739230046,1050.41632226551,1061.37477261129,1068.02240436861,1055.04739230046,1047.0195795686,1035.91746775503,1035.91746775503,1017.96365357512,1017.69557318433,1015.26235302488,1027.74023955472,1026.21878758869,1025.44162206259,1039.84673928377,1027.94467025973,1027.74023955472,1036.03785393178,1033.53153214629,1039.85424709604,1051.28624183691,1054.91360819528,1054.75115548645,1053.8619454179,1075.29065838033,1099.17581328364,1116.25016822707,1108.86741184866,1098.5912826678,1098.40062486783,1085.41466730462,1075.3305592819,1077.61310311262,1093.44638643145,1095.86548572147,1096.59985134846,1089.33690965044,1080.07899710707,1077.61310311262,1079.69897174283,1060.86561539337,1063.89457653591,1064.48344280219,1045.16550684278,1049.40459309077,1031.24211107157,1006.57213474931,1013.03997946774,986.712107844758,990.627913414348,972.632543454275,958.383283823871,944.717711696006,952.053563745342,933.470341177554,933.407735129724,NA,NA,NA,NA,NA,NA,NA,NA,NA,NA,NA,NA
NA,NA,NA,NA,NA,NA,NA,NA,NA,NA,NA,1019.80390271856,1038.38538437836,1051.18980208143,1051.48704224065,1075.29065838033,1075.39218335197,1068.00046816469,1068.02240436861,1068.14637095422,1062.16904131232,1073.90485339704,1073.97445668324,1060.91663058421,1061.56394673721,1051.72373515204,1036.12777927891,1020.44506421202,1029.59334890634,1017.5768430119,1007.78221853732,1037.38931115786,1025.33527530592,1025.03425299443,1020.76258465365,1040.43260233424,1036.09782141015,1039.95165224513,1044.65527016361,1039.83171715427,1053.8619454179,1063.60236930913,1084.57219990245,1081.73751302757,1100.39035542041,1115.06704361921,1119.63232309981,1122.94208167337,1123.67542358612,1110.46161572564,1102.66699450285,1101.3618869843,1120.00265123994,1129.43569980765,1112.82055495446,1100.30534730937,1120.65807301198,1110.23985293985,1103.85824605531,1101.92624016479,1104.55024430738,1086.34375512795,1089.23328684586,1089.1510455396,1088.29950319566,1070.75291304846,1055.6549989241,1077.37192029906,1062.15753283951,1047.88274785024,1035.91746775503,1028.7132427125,1029.33766071995,1012.80577164055,995.044435222927,955.08423258972,920.272439897824,919.238815542512,NA,NA,NA,NA,NA,NA,NA,NA,NA,NA,NA
NA,NA,NA,NA,NA,NA,NA,NA,NA,NA,NA,1025,1038.03597586104,1068.00046816469,1068.61047889657,1083.70115687015,1083.1665940263,1099.14739684903,1078.51169084561,1063.71232178052,1068.60086854538,1068.41422141493,1062.16804801359,1070.12317088351,1051.31324504345,1052.01035556325,1049.44922331553,1036.15252989981,1021.54061337347,1030.1156267261,1035.91746775503,1042.37535099441,1042.64362571263,1051.51674527392,1051.18980208143,1050.30872969502,1050.31988251004,1056.11601660266,1063.13922844575,1068.26252472323,1081.32858568923,1095.84419264537,1098.40062486783,1109.61705105861,1123.78354403089,1119.87380592922,1131.94384060852,1129.73158783874,1119.43065886191,1118.03398874989,1117.01277334116,1139.37316027917,1131.99896236754,1129.53926743435,1113.96970134436,1100.66481061584,1116.24266297036,1118.17339534895,1109.61705105861,1107.07949127423,1101.92624016479,1102.55385356,1093.44638643145,1118.03398874989,1118.05144712629,1122.85883015882,1128.05141726785,1109.62408998986,1131.93349143785,1116.07571427749,1075.36319965423,1059.48100502085,1068.43919224314,1036.12777927891,1011.44110805741,958.524396326997,929.304446368095,929.124913431898,NA,NA,NA,NA,NA,NA,NA,NA,NA,NA,NA
NA,NA,NA,NA,NA,NA,NA,NA,NA,NA,1004.14747982956,1028.63043580475,1054.00242190797,1079.35165724615,1087.36897833002,1092.01648339208,1106.79718105893,1106.79718105893,1100.90719567594,1095.95218757097,1099.14739684903,1084.67636463695,1079.42394184238,1064.09788229135,1051.00632883969,1061.24926383956,1055.04739230046,1036.01532399001,1049.65650338902,1064.48344280219,1077.52349555052,1079.70619150974,1063.76347827519,1077.72517231303,1062.48303614213,1051.18980208143,1060.66753645273,1068.00046816469,1077.63484379745,1097.78889836071,1107.3617295175,1115.03212686641,1116.07571427749,1129.43569980765,1130.57643637969,1138.62565897872,1140.18227629155,1129.43569980765,1119.43065886191,1118.17339534895,1138.601696248,1147.1189481242,1152.49047168411,1150.27170703273,1115.08438990812,1101.13577727726,1126.11056295552,1125.06243070945,1107.15700813134,1110.18016555873,1105.15124741525,1110.33105382433,1118.03398874989,1127.81469559224,1147.01037989373,1156.84085608692,1142.0797277616,1150.27170703273,1138.57089545921,1107.20359833898,1083.10895112172,1068.00046816469,1059.52521149132,1049.40459309077,998.173873207507,960.031680742316,964.372745126332,970.82439194738,962.416718488576,NA,NA,NA,NA,NA,NA,NA,NA,NA,NA
NA,NA,NA,NA,NA,NA,NA,NA,NA,990.698658409492,1004.11601988332,1044.32992871027,1066.38624642875,1077.24250407384,1078.17987689063,1098.34387988466,1089.40095432233,1100.47723921391,1091.46902750696,1098.34387988466,1104.56436521048,1103.69677947484,1099.14739684903,1083.07811059514,1076.39347512162,1068.00046816469,1061.60029870308,1068.57412693071,1068.45016034511,1069.29133509617,1079.3588944171,1073.83657974573,1069.0018829072,1075.82427878202,1075.34871949864,1054.7585614068,1057.41429912783,1075.31244598336,1089.1510455396,1102.73043349746,1097.46122742189,1110.28551925158,1114.99016909987,1118.32248968836,1126.20060770087,1132.75107592092,1129.7123527695,1118.03398874989,1122.86933189402,1113.83347049727,1138.55032456639,1132.38185638632,1130.5419054595,1126.24547519017,1110.18016555873,1102.66699450285,1113.83347049727,1104.93636771453,1102.74451135997,1089.1510455396,1098.5912826678,1126.14522959108,1129.5737059695,1141.27122105133,1152.76663578459,1165.38620208067,1158.12348219005,1147.37456687747,1136.38676613478,1130.5419054595,1123.05387226081,1103.82785464866,1085.70093113031,1053.87676350393,1020.11028815516,985.067429226525,974.446597564427,982.534269180469,973.199493289455,962.323308824171,NA,NA,NA,NA,NA,NA,NA,NA,NA
NA,NA,NA,NA,NA,NA,NA,NA,983.957241394519,1006.23058987491,1015.19702521235,1035.13256822247,1054.23734469049,1074.40530550141,1086.99372340822,1085.88208942764,1083.33163942848,1099.17581328364,1098.34387988466,1078.77810028333,1091.45830979078,1091.5725379553,1106.79718105893,1085.67255937302,1097.72492000501,1075.29065838033,1073.8212004651,1075.39218335197,1068.45016034511,1081.6726043337,1093.44638643145,1079.0619372953,1085.41466730462,1079.70619150974,1079.64114408446,1068.00046816469,1078.51169084561,1076.24183773983,1093.44638643145,1098.75984658415,1099.14739684903,1101.2773123718,1105.12299746244,1114.98315595547,1117.21611957958,1123.61025271221,1124.70002698955,1118.03398874989,1119.43065886191,1130.6178179449,1142.77386092779,1126.4152294964,1110.38694166525,1102.61755235262,1098.29413182444,1104.53610171873,1096.29211035003,1096.67807107957,1100.30534730937,1098.33677852883,1113.91751244922,1129.51857665174,1142.63948820264,1152.44305716161,1165.38620208067,1175.28586288631,1171.5840573356,1175.31905876875,1153.41505487281,1152.75370562607,1138.52975367357,1125.22135117612,1109.61705105861,1063.60236930913,1040.97009440112,1009.33616327562,995.368003656466,990.971886609622,990.580637807947,995.631076453783,973.749156017283,NA,NA,NA,NA,NA,NA,NA,NA
NA,NA,NA,NA,NA,NA,NA,NA,983.288195049446,989.432736433431,1032.96982246284,1062.19106814964,1062.64588198231,1074.10443020644,1096.58560997307,1085.41466730462,1092.01648339208,1096.64965464496,1106.79718105893,1099.26088699611,1100.29470077132,1100.28405423327,1114.95515604889,1095.73035004056,1093.6173281265,1083.10895112172,1076.29974300499,1087.32956115005,1087.85640053871,1087.55813830717,1098.29413182444,1082.47306500946,1082.32233175089,1085.41466730462,1082.24304109567,1077.61310311262,1075.29065838033,1079.44558959303,1089.1510455396,1098.34387988466,1092.11645907825,1104.59968645761,1109.61705105861,1115.53644123631,1119.00682452999,1115.65860592314,1110.32754022756,1107.49276031018,1126.73385836595,1140.47684798829,1130.65225648005,1110.55066141976,1100.28405423327,1085.41466730462,1082.24304109567,1085.69394087133,1085.68681463216,1100.19974845194,1098.29413182444,1098.29413182444,1103.68700273221,1128.05141726785,1152.44305716161,1160.09148172705,1164.3131022195,1163.26586465834,1171.6505988172,1153.21896989616,1143.386056061,1153.59484405902,1146.07647094811,1102.55385356,1087.7130675671,1083.33163942848,1073.83657974573,1040.76833591133,1025.91422643416,1020.11411682319,1010.13168238515,999.155292856045,992.550255202036,NA,NA,NA,NA,NA,NA,NA,NA
NA,NA,NA,NA,NA,NA,NA,955.24865872714,972.604037304173,1007.78221853732,1029.5630140987,1029.81973167509,1064.48344280219,1090.15443988486,1075.30702582505,1084.55059817419,1084.55059817419,1095.4026472775,1096.67807107957,1096.78437226671,1109.61705105861,1109.61705105861,1100.59466252462,1100.28405423327,1091.56165442629,1089.20836934229,1068.67575376939,1092.05223096806,1104.66312545222,1100.36912794574,1101.13577727726,1101.86254137216,1106.80423881432,1097.98012557589,1085.41466730462,1079.64114408446,1075.48922889947,1079.39141812974,1079.38780824629,1091.50473312388,1089.39496948438,1094.35816076483,1098.34387988466,1097.898525747,1107.20359833898,1110.04989045046,1100.30534730937,1104.87324288854,1107.2483407548,1129.7123527695,1114.25118137133,1090.83752794036,1090.28957556577,1085.41466730462,1082.04076084126,1089.1510455396,1079.53200808012,1089.33690965044,1101.2773123718,1110.55066141976,1126.11056295552,1143.36437175629,1158.25137044563,1175.31905876875,1158.1717743181,1151.16777319062,1152.44305716161,1154.43423416473,1133.2230310386,1115.72159556295,1115.21678407048,1123.78354403089,1091.83488498783,1097.898525747,1075.73730424245,1073.85055127651,1051.33842216104,1024.09654241868,1009.74358271018,1011.971206641,1006.780912903,986.162067082842,NA,NA,NA,NA,NA,NA,NA
NA,NA,NA,NA,NA,NA,936.082261342453,972.753822917186,983.961191625947,1007.78221853732,1011.96318156399,1031.28674129634,1064.92743275953,1079.50323249761,1076.39347512162,1084.57219990245,1082.68681998402,1092.01648339208,1101.21007370222,1107.14293026884,1110.29954032098,1116.1590399758,1114.95515604889,1107.08654723031,1093.50348552168,1077.09092882238,1077.09092882238,1078.27913616909,1097.47092071709,1104.8260247862,1108.34827116642,1092.30824637558,1100.44688240391,1094.65965580257,1089.1510455396,1082.41574120677,1079.64114408446,1077.61310311262,1085.41466730462,1085.41466730462,1079.59664195348,1086.71267814089,1091.44399764715,1089.1510455396,1092.11645907825,1099.14739684903,1083.31732728486,1086.56569060504,1105.15824583744,1102.28446150471,1097.81019143681,1079.78707800349,1100.34079921644,1082.26468884632,1081.98311793669,1079.78548216496,1096.67096972374,1100.34079921644,1082.55328096929,1105.46002660494,1116.71377166203,1140.17542509914,1164.3131022195,1174.61743576044,1185.59057013794,1179.64249647619,1172.15541347673,1155.9830703686,1142.36596587959,1129.80540512931,1135.12390452425,1115.96175767084,1097.72492000501,1079.53200808012,1079.90040217809,1077.0329614269,1064.48344280219,1031.35354487975,1017.78291357605,999.062060134404,1007.78221853732,999.062060134404,977.908291135588,NA,NA,NA,NA,NA,NA
NA,NA,NA,NA,NA,NA,951.331298489796,973.821186109344,980.178392140211,988.789216572863,1030.84452950505,1054.78444478197,1061.04772154786,1089.7848482676,1090.01146782958,1090.09734079463,1079.35165724615,1085.41466730462,1092.03435718007,1099.24301915165,1095.73035004056,1108.75066433982,1107.07949127423,1098.56613636889,1098.30479763725,1109.61705105861,1094.03368265424,1092.0177555378,1091.95825013674,1097.46122742189,1105.23567215554,1109.61705105861,1103.68700273221,1096.62832301935,1093.56758006628,1085.50807676049,1082.32233175089,1079.64114408446,1078.22853020522,1075.34871949864,1076.19843601682,1068.47938063586,1064.04290605566,1068.01143626665,1081.81342737641,1079.61815251073,1077.18486116927,1082.24304109567,1076.29060347552,1085.63312061768,1085.78640197784,1097.76755572091,1090.13987515963,1077.66380413691,1077.71441010078,1068.00046816469,1085.49719000571,1099.40913820427,1100.53145701641,1108.65103443208,1123.16495616374,1141.41461489244,1163.37971142176,1175.26592735432,1185.34013819922,1170.5631791301,1162.56451083889,1165.38620208067,1147.27939055838,1123.22033427353,1116.20139938938,1095.73035004056,1085.73665391762,1076.60844695079,1075.94701513427,1075.31244598336,1060.96208146044,1036.37719482246,1032.59382140317,1020.35419335634,1020.41658159793,999.155722531209,989.834711793469,NA,NA,NA,NA,NA,NA
NA,NA,NA,NA,NA,930.461784378176,952.289574004132,972.432516938836,985.203024761902,1004.98756211209,1029.8664962023,1047.0195795686,1068.00046816469,1100.39035542041,1089.1510455396,1089.1510455396,1089.1510455396,1085.41466730462,1092.01648339208,1109.72246154457,1112.08052647852,1123.60283420241,1118.03398874989,1109.61705105861,1119.43065886191,1119.43065886191,1109.75050368336,1098.40062486783,1099.72993375845,1099.17581328364,1099.14739684903,1104.93668188315,1104.53610171873,1099.26088699611,1098.29413182444,1089.1510455396,1085.41466730462,1068.07341955945,1060.89483568412,1076.16216250154,1069.03823487307,1054.81773407748,1061.60029870308,1057.49544594413,1069.11803667621,1073.84225616983,1075.3305592819,1079.69175004833,1083.28151403942,1072.08344008028,1098.3141697831,1082.58022381929,1068.02581859159,1070.13419794482,1075.29065838033,1079.64114408446,1082.16279461058,1076.90576956472,1085.72242362213,1106.79718105893,1130.5419054595,1140.60981011987,1159.00907523459,1152.49047168411,1170.47666421935,1150.08817998765,1158.20764967139,1167.46185735191,1153.05014440944,1142.6940817838,1131.94384060852,1103.73293681702,1085.57971270681,1074.1260319347,1062.16904131232,1073.74852405319,1073.89471931462,1028.75057534283,1040.63521506027,1026.23780573827,1009.02180353053,1026.21878758869,1011.4964162072,1000,NA,NA,NA,NA,NA
NA,NA,NA,NA,NA,942.439601676213,950.328890437411,980.393438853375,1000.34687541716,1003.10118390136,1037.12342563458,1054.75115548645,1061.5200651269,1095.73035004056,1081.6653826392,1081.75911475583,1081.6653826392,1081.6653826392,1089.25842906189,1098.82254500038,1119.43065886191,1118.0689055027,1129.43569980765,1131.92314226718,1129.7123527695,1129.7123527695,1119.43065886191,1107.35335371112,1100.36557731842,1100.00710135583,1100.30534730937,1109.61705105861,1103.68700273221,1109.62408998986,1101.88958890026,1101.13577727726,1089.1510455396,1083.16565732914,1069.0600224761,1077.61310311262,1055.22082424257,1065.85639497261,1051.22693611868,1054.78432870669,1064.57136843625,1055.06772905664,1055.22451472576,1050.32731351402,1061.10569258214,1068.23353226732,1075.42818641583,1075.39942052293,1055.19507646035,1055.04739230046,1058.26627870128,1060.71903201716,1055.37121919707,1068.13909465255,1091.55115645699,1106.80423791466,1118.17339534895,1131.62609585397,1126.25587743831,1142.36596587959,1152.44305716161,1140.4597446489,1145.34957333627,1162.9770518976,1165.48414332973,1140.4821159007,1130.5419054595,1079.59664195348,1069.10803289457,1063.85094826838,1064.71727122578,1060.66017177982,1061.02094896147,1040.13967080901,1032.14181548311,1040.67922669788,1048.69955319069,1040.43260233424,1033.84664098885,1027.74023955472,NA,NA,NA,NA,NA
NA,NA,NA,NA,932.772327957907,960.509271480671,976.281209488332,997.409161404021,995.977566086108,1026.73880738819,1041.00176801033,1055.04739230046,1075.29065838033,1082.24304109567,1089.23328684586,1103.85967880882,1093.44638643145,1098.01664106247,1096.58560997307,1123.33206248651,1131.92314226718,1118.15948583767,1141.29858967204,1135.37277964028,1140.4494727957,1138.57774665162,1122.85895325206,1107.21995047071,1101.48126174655,1100.5173791539,1109.32904535652,1114.95515604889,1109.77851763908,1108.37999066372,1109.61705105861,1098.29413182444,1087.890685009,1077.67462694912,1051.19351758342,1071.84350096284,1050.94419152054,1052.03850437662,1047.19062202778,1039.88794479872,1031.24211107157,1037.33347748725,1040.51037291713,1037.12342563458,1034.2707190526,1040.81535822659,1051.25660566484,1032.70706150895,1025.83406566503,1026.07031402586,1027.74023955472,1046.72107077292,1054.75115548645,1077.0329614269,1100.28405423327,1120.62332932979,1125.4645768034,1126.37280574059,1117.7644607638,1142.536429069,1143.67659426725,1139.37316027917,1147.12253234376,1148.81295275148,1138.47182050385,1138.62907800776,1144.88326089657,1083.7847947855,1063.96711780982,1057.41429912783,1049.81823527016,1064.05394464238,1076.2490895109,1061.56625641136,1051.62010782905,1068.09159554239,1052.76405562493,1055.51712198659,1058.57688632777,1055.51712198659,1035.01207722422,NA,NA,NA,NA
NA,NA,NA,NA,954.655456316844,975.344478889852,994.055018037906,1000.00781127968,1004.85121206173,1050.29757688,1051.19723308541,1061.46920044236,1055.08238830341,1073.69791808933,1104.53610171873,1104.59968645761,1110.18016555873,1107.70446491554,1099.89201021355,1116.37666485048,1132.24569656514,1134.54925737413,1153.76999482861,1147.12253234376,1151.83534692599,1151.6292806281,1140.4494727957,1129.91919603235,1128.0687207996,1128.16890873417,1133.85404704486,1140.23702667673,1129.46335494895,1107.41811255603,1097.46122742189,1096.60696649621,1077.79677855815,1068.01143626665,1075.29065838033,1050.31988251004,1061.31311632395,1050.50155131335,1035.09910353707,1025.50974516322,1026.21878758869,1025.44162206259,1044.32992871027,1019.80390271856,1009.72433392464,1000.69487712279,999.588265834923,1000.753683684,1007.78221853732,1011.51957671616,1017.96365357512,1030.77640640442,1051.18980208143,1073.89471931462,1098.59772511674,1119.6877012096,1128.25842727956,1131.82808003139,1142.61789316164,1147.1428767571,1138.62565897872,1136.16607463996,1138.57089545921,1138.74849459569,1151.63945283477,1142.02710361595,1127.49722837797,1113.83347049727,1087.43405544944,1073.9356656257,1074.04674127948,1072.84300443894,1079.50001925078,1091.44399764715,1091.55115645699,1076.30696469948,1085.41466730462,1095.82998442807,1104.13630855145,1092.01648339208,1064.17645234153,NA,NA,NA,NA
NA,NA,NA,NA,974.374588544917,982.415607457987,987.034819626038,1009.02180353053,1025,1046.80304400359,1068.43919224314,1085.46137203256,1085.78640197784,1097.81019143681,1105.10180526502,1104.55024430738,1107.07949127423,1125,1110.18016555873,1132.239378022,1138.88131850757,1145.14596720077,1159.90257618669,1158.15355438881,1163.41978687965,1163.23901241318,1151.69703956394,1147.10896141111,1148.8400946281,1152.53105078681,1149.79296695936,1139.52008994864,1124.38492890665,1125.33323061482,1109.63112892111,1088.53871803249,1075.29065838033,1055.20243908894,1054.31766557803,1051.22693611868,1051.93642423805,1047.93464764812,1021.18591211002,1027.05168813747,1025.30483272049,1008.2431327636,1011.22602048806,1015.19702521235,991.753616307792,976.638695196322,976.432782631609,976.563631356229,983.957241394519,995.701554400679,1006.05161626148,1015.47256927176,1043.83928963161,1073.57823561447,1075.74807126692,1096.0140785714,1107.43219041854,1129.7123527695,1141.30200870108,1163.23901241318,1147.32697871792,1138.60844817997,1150.77058924954,1154.33963806152,1167.4817928839,1160.64106341677,1160.04292082561,1153.08665990244,1115.20627714767,1123.75222645535,1140.44820055471,1126.19356936759,1125.30847850937,1107.55892031223,1104.59262870223,1117.39026986084,1099.2289638772,1117.79294155137,1107.28001560635,1101.23492797696,1109.78551673435,NA,NA,NA,NA
NA,NA,NA,952.850271685897,961.769203083567,971.648556005501,975,995.615387586994,1027.76303433016,1030.3542966842,1068.05162465936,1075.86574521643,1082.29865290966,1098.89627764037,1102.5821822893,1104.67720331473,1127.54569016371,1129.46335494895,1125.62793871916,1138.63243075872,1142.63948820264,1147.01378509202,1152.58506778732,1158.46549924844,1175.31569878123,1175.26592735432,1163.85969157439,1164.58026262428,1171.11039497532,1170.48333736674,1151.363380487,1142.64499672024,1130.14471831765,1132.239378022,1114.95515604889,1091.44399764715,1081.98311793669,1068.00046816469,1055.10656497114,1060.79242449199,1061.33011831362,1037.20239789345,1015.26619092142,1005.05742852272,1002.80855600658,1000.49919537088,1008.22789791874,983.42127862294,986.162067082842,964.697166183792,951.971638232989,941.51074328756,973.749177089834,972.464631633053,977.908291135588,1000.07792591082,1033.77197679375,1042.42998210196,1055.29786696141,1083.14405560088,1104.59968645761,1122.39583869037,1123.96607508476,1131.76515821669,1149.9174850768,1163.33958092768,1171.85740432715,1179.39624792053,1177.41438965135,1172.14223439048,1196.40730083799,1202.44525028011,1200.31241534641,1172.50906041265,1182.89582526924,1188.8100489154,1164.58644024961,1151.30281600094,1156.21849158967,1127.6078762252,1124.8249544237,1127.52133694686,1140.18912254854,1129.4667928384,1114.00130227361,1115.33099721351,NA,NA,NA
NA,NA,NA,952.03720114221,955.686287831891,975,976.622916592653,1004.98756211209,1026.21878758869,1037.74109849016,1079.35165724615,1084.17002705423,1096.61409272386,1100.28405423327,1122.77557864428,1117.79920444599,1117.32392457275,1142.85066208063,1136.36960098329,1130.65225648005,1138.55032456639,1165.38620208067,1167.26175299288,1183.57811814596,1191.97829651016,1187.69735202197,1185.91993030908,1195.04184027171,1202.08152801713,1185.31253579998,1155.65408779657,1162.24448672104,1147.2308703823,1147.00697469545,1109.69778434884,1094.89932192706,1077.06194512464,1068.14637095422,1055.10656497114,1061.31910489496,1060.66753645273,1017.75645835518,995.469647519621,986.470982847443,986.470982847443,971.056651878586,975.551627511803,950.328890437411,937.927984198253,930.38970329642,931.936444610988,918.974636457443,917.912008234497,945.829162689158,955.492766090985,976.448683315296,985.852853280742,1011.4964162072,1049.57524940635,1074.59268884748,1098.47135970391,1116.43255260765,1142.75548576154,1151.76475024187,1165.43309085347,1163.453141216,1178.94847997346,1184.71987329966,1205.63658912989,1211.54887717468,1208.38428473484,1212.11646425575,1206.39355901795,1216.357123921,1201.3013776734,1214.67113509277,1204.18862529576,1155.98936847171,1154.33963806152,1157.64694855605,1159.74135047432,1163.41274273852,1160.06460466464,1155.69243313262,1147.27939055838,1118.2705697406,NA,NA,NA
NA,NA,936.602278820147,962.00866957955,974.411159921008,990.580637807947,998.294846964562,1007.03876425416,1030.1156267261,1055.18771178744,1076.18393247468,1089.33690965044,1100.28405423327,1103.64309084571,1125.35395576056,1150.27170703273,1150.27170703273,1150.29207543997,1144.83213755739,1133.74333038106,1156.80727892753,1162.16392991695,1165.89790009273,1188.10175571595,1192.71549163871,1198.23432222523,1195.07450954993,1201.32088143199,1196.39750861323,1202.23710475069,1165.52664310023,1176.72679859507,1140.80569452368,1155.96280216969,1119.76366928838,1100.37890271518,1086.56569060504,1064.58233653821,1064.48344280219,1051.71637047913,1025.36571789135,1004.05428140116,996.352488822337,983.480617857457,958.233154939924,939.788836778813,923.714261068419,921.413451695844,909.281785936245,910.013736160065,905.883546599672,912.414379544733,906.060308577381,929.154271961268,945.205342465875,955.322152129883,952.10258442601,990.757761045525,1049.89198391677,1073.81343471754,1090.15443988486,1108.39406852622,1144.87782503021,1150.02716108305,1188.01950714087,1167.69360351926,1182.80730707041,1206.49285120137,1213.23918157744,1226.22685837812,1214.25324174706,1234.93735118964,1225.27419818528,1237.25839549317,1243.6521856311,1231.58266928146,1231.36002356217,1206.51874161066,1196.7065672495,1208.08374813507,1188.03094859508,1187.08179219985,1178.60909687216,1178.25337513177,1160.43201215657,1147.28488738281,1105.15830337133,NA,NA
NA,NA,957.110485296928,973.717104707522,980.273694036928,995.301461869719,1007.78221853732,1018.17003192546,1049.81666357135,1079.64114408446,1089.20836934229,1100.45394015929,1123.61025271221,1113.83347049727,1118.23590310504,1138.52975367357,1138.75863428289,1152.45660894091,1152.49047168411,1156.7028917585,1176.22234889402,1198.23432222523,1202.3414656411,1204.30505491931,1206.49285120137,1209.56136617219,1206.5316535656,1196.99051938269,1188.4156252796,1202.77623941206,1170.85459435924,1186.05765433971,1151.63945283477,1130.15152871422,1122.94899799741,1107.35335371112,1096.58560997307,1062.20564154805,1051.44128862539,1028.83366650162,1004.5623483641,984.217633436771,973.733140898678,965.012953280939,928.035559663529,916.856041044612,906.16211865264,901.734439843572,901.40946604779,888.147933932765,886.002257333467,900.41646622198,887.764045228235,930.22949885723,939.585166369934,940.299567067595,962.094070244693,1009.70106979724,1030.70264355129,1063.85094826838,1113.93848345359,1142.93199194912,1164.443598633,1167.4817928839,1163.5063017904,1179.26750977241,1201.19372246147,1202.97580255827,1226.14716456644,1250.30614088885,1235.68874570198,1250.11851966684,1262.22765034583,1263.01777672803,1243.64906094354,1256.23445264011,1249.69312986268,1235.19001162864,1246.90478327723,1255.63074976432,1265.21362020489,1220.65556157337,1234.50282448401,1219.11853402366,1188.48643240047,1165.45642259045,1125.37938562748,NA,NA
NA,NA,960.582243556578,965.983954318083,972.965419289933,984.88578017961,1011.4964162072,1027.74023955472,1060.68960189849,1080.91312150311,1110.25385991771,1128.26506057297,1132.80619767994,1114.02916273728,1134.74389786299,1142.74867536496,1167.26175299288,1167.26175299288,1185.90020329961,1185.90020329961,1188.83930526747,1203.58725664274,1222.13278533653,1219.88704779852,1220.78967212213,1207.65758797309,1208.96697438714,1198.23432222523,1193.99539362596,1184.93539770587,1171.28933076742,1164.46702444081,1140.99233422374,1131.06230437239,1109.86239125369,1101.92624016479,1059.54616335307,1051.42374049418,1030.22136302603,1025.95987676217,1000.64429163932,977.991955141373,965.546026523638,952.663904247262,922.495746435126,893.691047443767,896.172416446746,873.252683135768,863.676000368649,868.100600104176,867.827747885489,869.796382811344,878.614931675948,917.213845670759,921.962918018177,943.39811320566,972.496704015365,1020.41658159793,1038.98758993896,1082.8793483015,1105.09972392855,1106.79718105893,1147.59767518972,1171.88395205416,1159.74135047432,1201.04121494643,1217.77145392098,1226.01998352392,1234.53326460075,1254.04030995835,1258.88272189327,1262.44633545785,1275.46180873175,1275.27874753557,1281.82532150054,1257.34655901524,1256.17123315192,1264.25073504167,1294.9258322804,1289.91297335093,1265.96296742912,1252.00930520322,1257.32836430539,1237.57800791101,1225.35371104828,1206.90031929577,1171.8041645258,NA,NA
NA,NA,958.245400856292,964.946842351769,976.599229807189,985.096360717261,1029.29627506519,1031.00278917316,1068.00046816469,1100.28405423327,1114.98666955224,1131.97141488662,1132.9265047062,1143.8820072891,1133.57840487546,1155.96280216969,1179.24764150708,1202.69863468359,1212.71904170925,1216.00863705788,1209.59704034029,1204.22426739762,1202.10750214041,1225.26463683478,1232.19131961831,1215.02956574775,1202.64029985054,1200.28641314722,1185.59715894857,1171.9305661525,1152.73980828806,1138.68714268637,1147.01378509202,1119.6877012096,1123.1163415734,1096.64965464496,1079.7638804367,1051.28624183691,1028.70513996786,1006.54110695987,983.015898663795,952.955927627296,950.913595794164,925.614251068747,900.381837382833,875.22208691208,883.529852353615,838.630633358785,835.53874835342,840.461055047907,831.622553619784,850.586928741928,878.208403512515,896.302801507227,906.228448019593,926.451349122795,985.455207115453,1015.31985678592,1062.51930965741,1100.75601420038,1115.09494568643,1127.96451816375,1154.33963806152,1179.33022252028,1202.21474604942,1212.9530342268,1226.01998352392,1226.03590586567,1231.43074733041,1261.19982556294,1266.72527638413,1274.39625010832,1279.97786941097,1279.70794168942,1285.7694540764,1266.37957984783,1274.02842622127,1298.07549857472,1311.72596223449,1313.89210187643,1287.60584814888,1273.14186244233,1277.20397744448,1265.2194938381,1244.82183618821,1221.03925567789,1162.27798639297,NA,NA
NA,927.921827693081,957.881790717476,965.029139343701,971.506784553652,990.698658409492,1021.16360647998,1050.41632226551,1085.69394087133,1105.34813903461,1129.48062040904,1133.74333038106,1150.77666413372,1168.8669727561,1167.69360351926,1171.94802602764,1185.59057013794,1206.75183861472,1212.78320864239,1203.42904628141,1202.52282761864,1213.77180885377,1219.81326977503,1245.49187070812,1230.09146001425,1221.03288277012,1212.75078156262,1195.17230397531,1195.04184027171,1178.10364646478,1160.01077581202,1142.50614607015,1132.75107592092,1125.22802633054,1105.15124741525,1085.41466730462,1053.88417566961,1035.96639587252,1009.68574484313,990.604286881564,960.468635614927,951.971638232989,930.561191717742,905.62462467177,886.751358775783,875.419455583165,870.241232764197,820.139737212398,794.367034575047,814.179570751029,855.140700944439,855.131568824354,875,903.465549979633,933.054157740571,942.502904363399,990.580637807947,1050.29757688,1076.24913704112,1096.69936415567,1128.25136392823,1149.21285211189,1163.27772477113,1200.26038841578,1226.01998352392,1231.11357048396,1234.14950471975,1237.43686707646,1241.21915873064,1248.44841526595,1258.74026829183,1266.23649325741,1287.04469718064,1300.20561663062,1311.73489364207,1302.29014944217,1286.99623335494,1296.63024798899,1305.03831361382,1313.86833434709,1309.82465376583,1286.64705058931,1288.11971616069,1283.83271464648,1262.02332507429,1235.18405464083,1239.51529047641,1149.51730816444,NA
NA,941.348889410862,952.09442128842,972.751779634413,992.823398186358,1003.43419432642,1027.41320535718,1075.39942052293,1091.21731114179,1120.83115156866,1141.33274321179,1156.28540643435,1161.0726303738,1168.8669727561,1167.3686454527,1175.26592735432,1177.56679677722,1189.93009057885,1219.90009306098,1216.63587565504,1223.03404343001,1221.28241400776,1234.94366593203,1234.7977592983,1241.97423483742,1223.02767052224,1226.01998352392,1206.75183861472,1201.04121494643,1190.85053638146,1171.63066328521,1153.5813303466,1133.57840487546,1115.04958524281,1096.62832301935,1079.64114408446,1060.67489908131,1030.82184177938,1007.87507347907,995.305385941185,966.104965258815,948.683298050514,930.225931859286,903.525999895134,814.368466733104,728.612725400465,725.085999697297,754.358872672822,753.792425366754,875.142393692261,883.764054241276,876.613808881287,878.208403512515,901.837931047528,941.601950211155,972.842007581465,1020.11028815516,1070.14147424649,1098.32967166736,1109.82747450089,1129.49788586914,1166.32405577948,1179.55082897549,1188.03094859508,1204.55265367914,1226.01998352392,1229.97050125185,1237.97968244675,1241.4449291375,1250.249975005,1261.21220969511,1274.90162762541,1278.94302175898,1303.87042685486,1300.46490236688,1298.43223960388,1288.85184316356,1280.87575039544,1290.59094991403,1295.00156914693,1300.00600905986,1310.20411820115,1306.29565106326,1287.11725673348,1250.62407730464,1246.43651546874,1221.16747418198,1154.58896229115,NA
NA,941.307820715973,965.789495695298,982.668068385682,1005.66359181797,1040.73291482493,1055.34559184834,1075.29065838033,1090.06159321864,1140.17542509914,1153.68928891358,1156.24527594027,1171.537451386,1158.12348219005,1176.893403024,1177.10811728645,1182.50583372135,1187.7072155267,1213.88074834862,1221.3491909829,1229.84373943462,1221.23007367051,1226.1073286734,1239.60643425116,1243.25992835054,1234.16848968983,1231.36103560248,1223.07222932756,1226.01998352392,1206.75183861472,1187.69735202197,1168.8669727561,1133.70218859542,1131.92314226718,1107.08654723031,1096.01551083915,1063.01458127346,1046.72107077292,1017.55804993428,973.717104707522,957.209485953832,939.747306460625,886.70739254841,805.284082415225,710.841325687915,680.073525436772,673.203530977151,716.387224294696,751.19132016693,843.664544811617,883.538692956854,875.728356057515,880.775440910246,901.439702552844,975.127869729891,1027.76302423652,1063.02927597436,1077.55409872814,1105.15830337133,1130.6178179449,1154.3734579383,1171.36389235311,1176.27515926927,1185.59057013794,1202.5163955562,1209.42252777775,1220.91154470748,1238.24954368127,1226.22322155382,1246.12206026341,1267.54518669017,1281.1127975319,1281.1127975319,1288.65239688599,1296.81050381528,1273.83772084656,1296.74451712308,1291.1371880372,1310.33943095483,1320.07926197444,1320.03787824441,1294.13123226324,1291.9738455561,1278.25026576377,1255.26390685274,1231.4668413616,1231.10722522451,1208.44938101591,NA
NA,962.942884385419,992.199153123072,1017.87067599579,1026.57413295733,1065.95028026639,1075.33421595649,1092.01648339208,1103.84933180287,1125.11780881924,1152.49047168411,1162.71490969627,1175.52404342391,1190.95531897871,1184.55555367483,1173.95231617698,1184.56214395046,1190.85053638146,1220.91154470748,1223.03404343001,1229.85326059488,1223.02767052224,1221.1664367204,1229.12566457559,1237.43686707646,1245.60457394041,1250.249975005,1239.50591002829,1222.9574808635,1204.15945787923,1185.65310318977,1167.28181823992,1149.21167379554,1131.92314226718,1114.95515604889,1096.62832301935,1070.04672795163,1043.16224291273,999.225740332443,958.350911692887,933.449533575929,899.806127944754,779.164823983853,706.978627009425,672.913401622749,618.38236881023,660.343953541815,710.644510489815,795.122542568646,864.800653163345,886.720600706908,901.387818865997,912.52542108223,914.906720728113,1015.52200295862,1061.8485188657,1102.61755235262,1103.7858522992,1120.05831697055,1142.61789316164,1152.52429156089,1171.13033050731,1177.43759537105,1180.98000046733,1188.32225031051,1207.10583126704,1225.76506721313,1225.89862116341,1233.47818958767,1250,1250.15896311271,1257.421145268,1273.0377056474,1281.60056179763,1291.15956916923,1304.57387963757,1302.46676912142,1317.7255514511,1320.06154332236,1343.00742635009,1330.64833821713,1341.64078649987,1319.43979892816,1295.0488500026,1273.60973956264,1264.31766026733,1241.73455703286,1210.58410195687,NA
NA,998.310389613159,1012.42283656583,1040.38218993484,1054.46948694521,1073.83657974573,1090.43334230456,1116.35567808831,1130.5419054595,1135.48656012638,1154.33963806152,1157.11991377182,1180.11172459581,1171.11039497532,1163.78948343892,1179.25757563974,1185.61358120629,1197.16773175037,1207.42037551933,1213.0264510625,1221.93494098499,1226.01998352392,1215.0616410973,1243.23167591564,1253.99362039845,1245.12988377773,1242.84408095804,1238.03006685098,1226.11541862645,1219.88728987559,1202.34793528714,1175.88641639546,1152.44305716161,1138.52975367357,1120.73435844368,1099.72993375845,1076.22017670166,1039.83171715427,989.194780445978,951.996245467846,937.116541521579,824.708602051741,772.247993071719,704.516556205426,686.555990895284,665.554684362667,687.253434493545,760.345316287277,816.611313892326,879.30966117703,909.008717835521,905.538513813742,925.962554022871,996.810161737605,1030.77640640442,1078.48273050615,1113.83347049727,1130.57643637969,1129.46335494895,1150,1151.49325367889,1157.33538291046,1184.53577404821,1187.96043705167,1192.01096578838,1196.39428853133,1204.24327502954,1219.11853402366,1226.01998352392,1233.58537636381,1241.21915873064,1249.49989995998,1265.36121951142,1280.87400004726,1279.47589346623,1290.85606851801,1301.68661241475,1308.42704357013,1319.32748019588,1330.88316542062,1330.88316542062,1330.88316542062,1297.67643966011,1308.86401127084,1255.48082213842,1269.48690942334,1230.13137035386,1207.52846757333,NA
NA,1020.11411682319,1026.33272805908,1044.68141953841,1055.08238830341,1076.60844695079,1116.43255260765,1137.15654155442,1145.14596720077,1137.15654155442,1158.12348219005,1167.34195894485,1191.92442534349,1185.85412256314,1167.49196238675,1181.98141100817,1197.21019935715,1202.26941582521,1215.04240399937,1217.611631392,1230.09146001425,1233.58537636381,1226.11541862645,1241.540047094,1249.49989995998,1245.89984017965,1242.67709345619,1241.21915873064,1221.03925567789,1219.11853402366,1197.30767609374,1187.69735202197,1162.9770518976,1140.44820055471,1118.0689055027,1102.67405045894,1068.00046816469,1032.17292996738,977.936221490778,970.82439194738,920.05395718664,863.439406204578,770.392698565123,752.893880162046,740.396806228911,658.58293731891,743.240938781835,886.712346355086,921.394195682868,942.50311175576,930.465154092252,956.882960450232,977.936221490778,1025.43076047429,1074.58179504596,1098.51376581068,1110.18016555873,1119.75016718987,1131.92314226718,1152.44305716161,1154.33963806152,1163.23901241318,1167.26175299288,1172.09604957624,1179.24764150708,1182.42335903855,1226.01998352392,1241.21915873064,1241.32597653008,1254.09935371889,1258.22295321616,1261.35430956296,1267.61868789737,1279.23398145709,1297.35307453291,1308.15948738599,1319.32748019588,1326.93839934728,1329.73178379979,1309.14335794518,1320.98448136229,1321.13200560252,1333.46353530946,1306.58934351888,1280.89820468213,1254.63188823919,1226.2422065239,1202.90494312499,NA
NA,1026.40085115972,1040.81535822659,1049.40459309077,1076.16216250154,1102.64214352873,1123.64499639441,1132.75107592092,1142.42744958723,1156.0168191702,1165.54665114179,1188.48643240047,1185.14875360076,1179.24764150708,1180.18766588166,1180.04237212059,1195.13645313661,1192.8263523418,1209.33866224478,1241.66200842632,1235.29446472869,1235.31965693081,1229.96417552233,1241.57142601638,1235.31336335424,1244.23671381293,1233.69219416324,1239.48700948922,1226.01998352392,1220.93712961442,1202.08152801713,1184.83109498202,1167.28181823992,1144.82531418553,1119.53514870816,1086.65183503565,1063.60236930913,1036.01532399001,1002.80855600658,965.398468887825,933.41610199827,850.009189189619,870.534492941189,851.46931829632,867.827747885489,917.7938087633,991.526600752597,998.123238883857,983.841015062083,977.880360780397,975.65661986277,995.756233390445,1043.16157182827,1068.00046816469,1093.52486701999,1104.53610171873,1125.27774349269,1125.29856397926,1129.43569980765,1152.47016072022,1158.25137044563,1166.21716331966,1174.63736453844,1182.42335903855,1195.04184027171,1202.08152801713,1209.59704034029,1234.90890352285,1244.23671381293,1253.99362039845,1254.04964120449,1264.16968797705,1264.19439809983,1275.0294836148,1285.7694540764,1286.0234143135,1304.52276429371,1315.90010531078,1326.46537984416,1326.46537984416,1318.55075845219,1311.96417634019,1312.05931534904,1311.9760838027,1312.21924148713,1288.10716827483,1291.67988733239,1256.23445264011,NA
NA,1023.29117229223,1053.02240162185,1063.88729435449,1091.00013863884,1110.79033165031,1144.82531418553,1152.44305716161,1166.19037896906,1179.40621472285,1168.8669727561,1184.61481349756,1195.12018668072,1187.71707903143,1186.6702958535,1183.57811814596,1188.78728959932,1211.05885971943,1208.86359835519,1238.03635851403,1243.70213572189,1252.28847831572,1230.4723064247,1228.75298068345,1235.16193270356,1227.64190556004,1235.33224025691,1226.14716456644,1221.41596795804,1221.39057382779,1206.69025284146,1200.62461716663,1171.73020613903,1147.61659051972,1116.35567808831,1083.13777257401,1069.03823487307,1031.26425036774,1026.23780573827,995.525045082244,992.636422015722,955.926045639447,986.40636606812,1040.77791197256,1049.4194782635,1044.32992871027,1036.01532399001,1026.21878758869,1029.63878428131,1025.92184046302,1027.74023955472,1040.11566927745,1071.49914086849,1086.00456674608,1102.55385356,1101.13577727726,1127.54569016371,1109.96688109995,1131.92314226718,1139.56152205076,1147.27939055838,1153.52719950593,1163.26586465834,1178.18716679482,1187.85480306207,1200.5272265367,1211.66208160526,1231.36631713874,1241.34817705036,1252.32897799462,1270.1499723432,1263.42787684933,1275,1280.70405649057,1290.57203645545,1290.59094991403,1309.40692115274,1311.9760838027,1312.05931534904,1311.96417634019,1325,1310.65997955127,1304.70386605033,1317.49637926601,1317.50229712618,1317.43121262554,1312.47617132833,1287.04469718064,NA
NA,1039.89924424366,1064.62252493092,1084.55059817419,1105.42510985214,1119.06209426743,1153.84377899251,1166.96391922937,1200.26364256501,1200.57273602245,1186.6702958535,1185.6629666945,1189.33814921826,1195.05817491082,1185.59057013794,1197.13198938129,1215.18340434635,1222.13250215099,1212.28705317126,1241.33532707271,1250,1245.49187070812,1229.97050125185,1230.09436154167,1231.15474620324,1223.33208984976,1229.86913356488,1218.86217432489,1208.30459735946,1213.72360939384,1220.07245190028,1202.60134708057,1187.77618163096,1151.08644332213,1107.07949127423,1082.43725176402,1060.66017177982,1051.18980208143,1039.87297446798,1037.92352057214,1025.98267153761,1040.73291482493,1052.67516357136,1064.05391947432,1075.29065838033,1068.8779163216,1051.5686450718,1060.66017177982,1052.29652768574,1054.75115548645,1068.00046816469,1085.41466730462,1086.56569060504,1100.28405423327,1101.13577727726,1107.12177768082,1113.93848345359,1122.78253598469,1120.46405357077,1132.239378022,1162.16392991695,1162.16392991695,1162.37158144582,1188.48643240047,1202.76977995967,1196.39428853133,1218.86217432489,1230.01474512639,1241.21915873064,1254.79861852177,1265.158092888,1277.69323391806,1280.63094686214,1290.59094991403,1313.90323643058,1317.45491597017,1315.81127359236,1304.02533809251,1317.43121262554,1317.43121262554,1317.77924969914,1328.83283831627,1331.56911138834,1345.59466407979,1325.87807258338,1325.23582806986,1310.77267289183,1325.23582806986,NA
1029.68032986071,1051.48704224065,1060.68960189849,1078.65602892611,1107.08654723031,1120.28307237801,1187.69735202197,1209.35480673905,1209.621584728,1209.33866224478,1197.13198938129,1185.32695911297,1185.32695911297,1196.47892195846,1207.52846757333,1196.62810780486,1219.41825130368,1237.58792018827,1231.10722522451,1245.93404792105,1256.43283352353,1255.50661544125,1241.21915873064,1230.11685414451,1228.79998577087,1230.71340737149,1235.16193270356,1220.80559446388,1222.16424809098,1235.08553680571,1236.54521658873,1206.58982601361,1196.44640582592,1147.10896141111,1106.63460143327,1077.72885156219,1075.29065838033,1052.8453096076,1046.78479626841,1051.48704224065,1053.94329878879,1063.65734554483,1073.55280398086,1085.41466730462,1098.29413182444,1085.41466730462,1077.0329614269,1068.00046816469,1073.83657974573,1068.8779163216,1064.52011373879,1076.16216250154,1075.31244598336,1085.41466730462,1087.32956115005,1093.56758006628,1103.83525394037,1109.77851763908,1116.1595878921,1162.16392991695,1170.46999107196,1179.24764150708,1188.48643240047,1198.17569663218,1208.30459735946,1218.86217432489,1229.83738762488,1241.21915873064,1252.99640861417,1265.26289625276,1277.69323391806,1290.59094991403,1303.84048104053,1315.32728956817,1322.39643005153,1340.10829525689,1323.82022948737,1310.20006280831,1311.15487205755,1325.60516557625,1325.25350888355,1325.60516557625,1340.38617069977,1333.61143811558,1327.21354790541,1305.15782301705,1297.54520550993,1305.03831361382,1234.14950471975
NA,1063.60236930913,1076.1911696016,1095.90093762854,1129.46335494895,1163.37971142176,1198.86871400496,1197.2362177514,1200.5207203543,1219.11853402366,1195.70713365787,1188.68298687547,1185.59057013794,1196.34861140054,1201.99356223262,1210.35480633433,1221.41923505806,1241.21915873064,1229.83738762488,1252.99640861417,1262.26937275209,1253.25719532005,1243.70213572189,1241.47090179351,1235.06665990304,1229.84056352975,1248.39860846948,1235.02256907538,1241.51961215833,1237.53142436781,1239.62146600253,1213.8873048021,1210.61172415049,1163.04740140188,1118.17339534895,1100.02839443193,1082.24304109567,1051.22693611868,1052.67516357136,1044.53854283825,1057.41429912783,1060.79242449199,1070.04672795163,1075.29065838033,1079.64114408446,1083.10895112172,1076.16216250154,1070.04672795163,1075.47472535733,1054.75115548645,1085.41466730462,1089.1510455396,1093.44638643145,1098.29413182444,1103.68700273221,1107.14293026884,1116.07571427749,1123.0677817721,1132.96407954918,1142.61789316164,1157.83828703395,1164.36224809261,1174.14447849046,1197.94596348768,1197.14503572192,1209.33866224478,1216.98437975237,1239.62146600253,1256.49813505609,1273.350579267,1290.34879005639,1290.34879005639,1305.03831361382,1315.76973669408,1320.03787824441,1335.33703610736,1329.04450980562,1326.59652730965,1320.06154332236,1351.11591381835,1333.08015395812,1361.8802904816,1335.33703610736,1335.33703610736,1335.33703610736,1335.33703610736,1308.14754519511,1300.62859675207,NA
NA,1079.7638804367,1089.33690965044,1101.45321960776,1125.27774349269,1167.42860137274,1179.24764150708,1200.57273602245,1202.64999088208,1226.01998352392,1229.83738762488,1218.86217432489,1214.06286343057,1209.57675004679,1221.80972100761,1208.10499610289,1221.5110099155,1235.36991904224,1235.31965693081,1255.48795294897,1252.52747609213,1248.29781003564,1243.80179757198,1235.31336335424,1250.09984050996,1244.87998172171,1255.68645104648,1231.10722522451,1222.26320208503,1220.65556157337,1224.15570632871,1213.65327978153,1192.68604418766,1173.23464442382,1142.75548576154,1104.79657807698,1082.24304109567,1068.00046816469,1062.15066531236,1063.85094826838,1075.29065838033,1082.04076084126,1075.02844090808,1065.28645170005,1073.55280398086,1070.04672795163,1071.83986281201,1068.20450170816,1075.29065838033,1083.10895112172,1090.04728107502,1090.01146782958,1080.67856634376,1090.0293744523,1110.1872018129,1105.12298302384,1119.54544201447,1129.7123527695,1137.77137862009,1151.6292806281,1163.453141216,1174.88214064066,1185.64323968504,1187.71707903143,1187.69735202197,1210.45563783359,1227.29377086336,1256.58080581381,1277.62279653796,1290.83218522604,1300.4380419646,1300.36031117507,1321.41926636404,1331.58739855858,1346.32600166889,1347.68319719436,1345.64687740765,1360.21015742141,1356.21138823504,1345.37401467082,1347.88541388566,1399.33019691565,1347.68319719436,1347.79316047197,1345.55349240902,1328.81522938246,1317.71460467476,1299.58982892402,NA
NA,1081.95425041912,1106.84298649227,1098.43316666808,1140.87061877671,1184.9288894074,1185.85412256314,1200.75106095228,1219.13655465739,1221.29172107001,1221.28878691553,1219.90649666803,1223.74698751127,1221.1664367204,1238.73948234391,1250,1231.53576392595,1253.99362039845,1250.05619946592,1264.28379284202,1272.75466294486,1274.82833728619,1253.99362039845,1250.09984050996,1258.31595304607,1261.20911457356,1275,1254.09935371889,1240.35938759118,1222.03706704847,1234.08952610215,1225.80328480438,1210.42987968783,1180.23374661813,1154.47468087184,1129.43569980765,1103.77887090184,1098.29413182444,1084.94393457567,1095.73035004056,1090.01146782958,1082.32003440797,1079.74222695389,1077.61310311262,1068.00046816469,1070.19961381538,1074.62535262212,1079.69897174283,1081.66899348645,1073.87293171159,1084.99343360354,1095.73035004056,1086.70196042471,1096.58560997307,1107.07949127423,1118.03398874989,1125.33323061482,1141.27122105133,1152.99868011308,1159.90257618669,1166.21716331966,1175.78081409979,1200.30591690581,1208.23425184433,1208.4864675299,1220.04037119165,1235.35108279277,1265.31515038735,1296.38921624642,1312.44047484067,1328.76822659183,1329.00209055364,1345.78367640425,1346.23646497892,1353.39237907643,1345.36240470737,1364.43063102428,1364.4561457227,1359.52650393601,1362.39619865554,1379.31142241337,1396.65895626623,1397.54248593737,1377.32039028626,1370.99270980161,1345.37401467082,1321.05824348241,1289.28809591057,NA
NA,1098.29413182444,1120.54674155075,1123.62762455331,1152.45660894091,1164.33944711777,1195.37340919891,1230.28771952175,1241.57142601638,1251.31759291035,1241.57142601638,1229.86913356488,1226.61287048713,1263.67425887371,1254.5738793246,1261.53870188383,1246.27855591322,1264.91341129828,1265.21362020489,1267.52678487018,1286.00604810693,1274.80998841105,1276.95927891221,1267.41305298896,1267.52678487018,1258.59332143526,1265.51419730633,1261.29878224607,1237.97968244675,1221.03925567789,1234.17481541934,1220.9499113629,1202.64029985054,1185.59057013794,1167.26175299288,1138.55407355812,1128.14821039283,1124.62042624185,1109.75050368336,1107.60756499395,1101.3618869843,1097.73203515275,1085.41466730462,1079.64114408446,1070.09410109906,1068.00046816469,1075.29065838033,1081.6726043337,1079.64114408446,1085.41466730462,1089.17255609685,1100.28405423327,1106.86767780892,1099.17225160438,1110.46161572564,1115.17153346547,1127.49722837797,1150.29207543997,1165.38620208067,1180.04237212059,1187.96043705167,1196.60869208089,1202.28878590898,1209.36449178094,1215.01028802229,1219.66583873898,1241.48348511961,1261.19982556294,1277.21620885632,1293.63796487743,1310.05725065739,1326.88545097156,1343.96800557156,1353.43832224078,1361.70606986468,1350.95231819697,1361.2953390062,1375.76106357211,1361.8802904816,1361.77970870975,1361.47849476397,1378.85822331377,1379.34539003175,1361.3641376953,1361.38131569093,1346.12528111523,1343.99704552421,1320.67053658255,NA
NA,1105.47397763855,1136.42790792042,1142.536429069,1175.26592735432,1198.56439445122,1230.01154653662,1255.2545756066,1258.22295321616,1267.56664190454,1261.21840358418,1240.80292607029,1241.52120453729,1238.13059107385,1274.7548783982,1267.37918556366,1252.96326795315,1296.64229621695,1287.04469718064,1281.82532150054,1280.64924034435,1291.67988733239,1290.66350946687,1276.0228459775,1264.91723978787,1277.38080712613,1274.95648546491,1265.15715942562,1254.07450729018,1223.69076741129,1231.25283678603,1225.76506721313,1206.57691124553,1176.48541962622,1155.03152258733,1150.50844811877,1136.42790792042,1128.06167111449,1120.54674155075,1105.46002660494,1107.62853599831,1092.54432059465,1086.68764828109,1082.24304109567,1070.10864385224,1068.18272292008,1075.48611569886,1076.16216250154,1082.04076084126,1079.07641746503,1092.94952398267,1096.58560997307,1101.13577727726,1117.19514857522,1117.2789383996,1122.94208167337,1134.95594628162,1168.8669727561,1166.57637524007,1173.54783817358,1187.69735202197,1204.15945787923,1220.91154470748,1224.39636886768,1231.3159327345,1239.45552562405,1252.99640861417,1256.25931872581,1273.28315782468,1290.78405426604,1310.08008731568,1317.43121262554,1325.94306061761,1343.96800557156,1361.2953390062,1372.83717057218,1379.31142241337,1384.9856221596,1379.66082383577,1361.43279786313,1361.2953390062,1367.99802380285,1367.71645118928,1370.66861774274,1361.92639985654,1334.15933040188,1360.2617347616,1312.50285906298,NA
NA,1132.03335915391,1132.18421285749,1155.93477735632,1171.73020613903,1229.58315767122,1254.04964120449,1256.23445264011,1283.84185463217,1275.16716988204,1255.78523376434,1253.12707222922,1250,1273.60347277546,1297.42525672945,1300.24036239458,1281.97630395241,1290.80814231665,1297.94385970365,1298.70112856449,1292.62280823275,1305.14280906724,1296.63024798899,1288.77342026453,1288.65239688599,1286.99623335494,1274.7548783982,1258.45185902485,1247.80228697021,1238.24329430614,1235.06665990304,1229.07485532819,1227.29377086336,1201.04121494643,1177.99218165831,1158.46549924844,1154.40722566448,1145.04286131854,1123.76280521364,1116.08563781424,1113.83347049727,1106.79718105893,1092.01648339208,1085.41466730462,1077.61310311262,1085.41466730462,1081.70147185126,1084.55059817419,1081.6653826392,1085.41466730462,1081.95425041912,1098.29413182444,1097.73915030049,1110.18016555873,1114.95515604889,1118.11071699997,1142.50614607015,1164.33992971603,1184.53577404821,1184.7984257038,1202.08152801713,1213.53943315494,1212.89874009209,1219.9735652777,1237.43686707646,1242.9188570187,1255.23902106332,1274.01923062409,1273.00022092069,1290.60305223147,1308.62523283024,1314.1937622627,1327.00299966124,1341.45659772823,1345.36240470737,1362.21327258253,1363.1532047513,1380.67012714841,1399.33019691565,1387.08188413786,1364.84298303605,1380.67012714841,1377.90841542862,1362.27630092785,1380.67012714841,1347.74973113909,1362.35063918444,1384.11181791655,NA
NA,1132.40222479355,1156.19838716746,1169.02694662105,1177.64883813392,1218.93898278641,1244.47438346386,1286.99923240201,1281.34975134145,1279.11651152738,1272.79220613579,1281.73132430863,1273.0377056474,1255.44374245797,1310.73264533804,1313.86833434709,1306.09732521081,1291.71901810132,1299.69092328551,1312.17193674796,1293.96701059798,1313.17225283771,1300.24036239458,1291.64058984977,1291.72204439059,1291.70398378955,1279.91088046376,1273.31995083902,1265.98517355125,1258.7779796565,1256.23445264011,1234.2443131096,1225.25507548428,1209.42252777775,1184.55555367483,1175.51745314828,1175.33895834033,1159.16470915004,1145.01575775993,1137.45825990418,1123.26179670175,1109.61705105861,1100.34079921644,1089.26910481902,1082.32233175089,1085.41466730462,1085.41466730462,1091.55115645699,1081.6653826392,1085.67255937302,1096.58560997307,1110.18016555873,1103.85967880882,1118.03398874989,1117.348571423,1131.94383304978,1150.27170703273,1158.25137044563,1168.99369064188,1187.69735202197,1204.15945787923,1204.57186047158,1220.91154470748,1239.45552562405,1245.60144737747,1239.45552562405,1256.23445264011,1274.7548783982,1273.28315782468,1283.91444432819,1309.94095221161,1316.09175892861,1328.76822659183,1332.10040089735,1346.665037301,1348.13236797387,1366.81654936805,1366.11618528208,1387.14881644699,1402.007489281,1402.007489281,1383.02757249998,1364.04728657037,1362.36989454647,1382.94578590609,1372.89580433341,1383.99890702895,1376.08436253201,NA
NA,1151.17422310493,1179.69463738873,1203.4464547736,1220.2810291207,1234.95947312691,1241.6903786238,1277.80614960592,1282.06054775269,1274.7548783982,1265.06542999638,1261.70984396881,1269.29443375881,1270.06705204756,1290.70221920296,1291.02986479606,1312.56223951956,1320.29233986887,1312.48209061384,1330.77725273166,1320.27732956156,1331.35269556943,1327.16670150916,1321.1997719753,1304.60005717883,1299.39269189418,1292.73942808017,1290.60305223147,1259.66747961197,1266.09575642096,1258.2601641205,1250.00624937512,1228.56557924412,1219.41315241542,1209.39674772879,1194.0215547921,1185.85412256314,1178.18716679482,1154.33963806152,1133.57840487546,1128.05141726785,1107.3617295175,1109.61705105861,1102.60340976397,1116.36617146939,1099.14739684903,1100.36899719628,1097.16950636444,1101.22427077807,1109.61705105861,1114.95515604889,1129.4426161317,1123.61025271221,1119.43065886191,1125.06243070945,1145.09824905988,1149.45361341205,1155.80039169961,1171.89070859651,1181.86073747394,1201.04121494643,1210.37184369102,1226.01998352392,1230.09146001425,1242.06217573419,1248.65739655833,1241.97423483742,1261.19982556294,1277.20397744448,1277.20397744448,1296.38921624642,1305.22336764449,1320.55741279878,1331.58739855858,1340.22430524752,1365.65002837477,1370.44700736657,1368.66601675116,1372.9530217746,1397.74315578111,1405.56927968706,1396.07392427654,1352.11060659833,1368.34640059949,1366.79369328366,1367.04427548411,1370.72450792545,1351.01203949412,NA
NA,1162.49147985288,1188.68298687547,1218.78788094897,1222.16424809098,1223.23728145991,1242.42960477688,1261.6671442643,1265.70298475638,1261.19695618638,1257.00243551469,1256.77092217206,1264.78487085005,1277.69323391806,1274.06825024643,1258.74026829183,1291.82419853399,1317.49637926601,1322.38469179781,1331.37908106618,1332.5981457616,1353.23686027244,1346.45906955837,1335.33703610736,1325.32413803291,1321.97633325643,1305.22336764449,1308.33216132137,1291.55913530895,1275.98847162712,1262.9865098107,1251.11180913541,1242.25057378795,1226.08679932179,1219.28375146428,1208.33044898159,1195.04184027171,1175.44486314642,1158.18742631784,1147.27939055838,1134.95594628162,1123.700442642,1119.56989239036,1112.05248433973,1122.77557864428,1110.22583187046,1119.43065886191,1119.53514870816,1110.18016555873,1123.05387226081,1131.92314226718,1132.80619767994,1137.15654155442,1133.85404704486,1143.6877337957,1152.49047168411,1156.80727892753,1165.38620208067,1160.01077581202,1179.26750977241,1198.28633789339,1206.82296865786,1225.25507548428,1230.09146001425,1230.09146001425,1250,1262.24003443245,1250.63662714554,1265.158092888,1280.62484748657,1299.30268892803,1306.4929200232,1320.03787824441,1335.33703610736,1342.80490019958,1355.08302328677,1366.14761741711,1379.38661211167,1375,1390.14387744578,1390.44046774166,1410.00886522036,1376.04320492541,1386.58748007445,1390.23928515827,1368.30874040353,1366.944779218,1347.09971093644,NA
NA,NA,1220.93711890943,1207.52846757333,1217.57956618859,1232.75084781346,1252.3725065726,1258.39015598744,1261.19982556294,1254.85262852725,1253.19442332334,1258.19681895112,1261.61216077182,1296.6054436806,1282.16430105104,1281.12499163854,1285.64759127051,1290.83553754856,1331.52827521601,1342.80490019958,1337.1609038931,1340.10829525689,1342.83397783388,1340.05011478009,1334.195672155,1312.523706387,1315.8437611019,1310.15252774963,1299.31468374728,1288.81782354734,1275.24507448568,1262.22148915426,1241.75042774828,1237.94184031399,1230.11685414451,1212.75120867496,1208.44007266032,1190.87676657457,1167.56140020573,1150.43425261006,1152.44305716161,1136.08375135893,1130.84538238706,1123.81115866166,1132.89554286474,1140.46515822771,1134.99034306799,1131.92314226718,1129.49788586914,1132.75077357132,1141.43825743968,1159.74135047432,1158.12348219005,1153.5813303466,1162.9703349613,1163.29269215487,1175.26592735432,1175.26592735432,1179.32703444536,1177.31095844496,1204.33087075485,1227.34143904287,1227.29377086336,1225.26463683478,1235.16193270356,1255.48795294897,1256.23445264011,1270.08857958805,1259.34411618698,1270.08857958805,1285.00972758964,1305.03831361382,1315.85630885799,1324.20039472777,1340.00932832574,1353.00591277348,1352.16242940675,1352.28336136336,1360.14705087354,1369.67122766823,1389.24439894498,1395.08064283037,1395.08064283037,1382.0651077456,1375.3392351925,1355.59230758687,1356.2041446826,NA,NA
NA,NA,1185.85412256314,1185.59057013794,1206.79708867817,1229.3052265517,1248.29880332507,1250,1258.734749603,1262.56821694267,1273.23714360864,1274.7548783982,1266.54039624701,1292.03025755507,1303.84048104053,1298.81735665902,1300.47982057829,1311.34813745904,1338.74163221594,1334.40135453601,1338.50405650297,1331.1589895708,1343.23232496592,1348.37865601618,1340.00932832574,1331.61672093277,1316.14757241224,1318.07847537205,1300.60978301932,1305.03831361382,1281.1127975319,1274.02842622127,1250.52372126895,1255.48795294897,1239.52477291653,1227.29377086336,1212.69328356349,1200.61168879242,1179.26750977241,1173.59683957061,1158.30505018731,1151.08644332213,1141.27122105133,1152.58506778732,1147.00697469545,1152.58506778732,1152.45660894091,1151.82912243736,1151.08644332213,1150.27170703273,1152.46676442286,1166.853138347,1179.24764150708,1175.28586288631,1173.93568818739,1188.48643240047,1185.6629666945,1178.36566160277,1191.51842682891,1202.60134708057,1209.42252777775,1231.10722522451,1227.54741942605,1231.10148439389,1248.24877328199,1252.24797863682,1261.9429464124,1269.49759865379,1282.81916106675,1262.01714935377,1275.98001551748,1290.34879005639,1310.77267289183,1310.30760610676,1327.22543424839,1346.4070619543,1346.08459715524,1359.00921211971,1366.10760923143,1360.14705087354,1376.9076509996,1380.44376922785,1380.44376922785,1376.22530600966,1343.74587192529,1340.00932832574,1335.39543976009,NA,NA
NA,NA,1188.48643240047,1187.69735202197,1196.11304169037,1221.47302828629,1250.249975005,1256.67907208971,1250.43447963909,1271.00118833346,1277.68514726735,1287.22878460789,1297.21874905673,1337.46462645952,1315.90010531078,1319.47224104185,1324.10521384896,1328.76822659183,1324.0788839105,1331.35269556943,1355.23833117975,1341.69896697667,1343.40099170272,1343.96800557156,1345.83841320895,1329.7374722379,1328.82110006255,1328.76822659183,1322.16678221774,1300.99119515539,1303.84048104053,1289.31401856223,1274.7548783982,1250.2749500504,1258.24157516579,1234.90890352285,1227.29377086336,1204.26631055498,1200.26038841578,1184.54895899933,1176.40153278959,1163.26585228403,1156.93834577455,1164.46702444081,1165.86525758064,1167.46850775639,1179.40621472285,1171.537451386,1159.88247176448,1157.0357356976,1159.78171278041,1177.43759537105,1176.86022959398,1197.13198938129,1196.46592648919,1202.08152801713,1202.60134708057,1208.62321919025,1219.1249086777,1222.0306941407,1220.91154470748,1229.94519055226,1241.33204393407,1254.47182318326,1246.5854187336,1261.77721229798,1256.23445264011,1277.69323391806,1281.25882178418,1282.81916106675,1281.17980778477,1282.81916106675,1297.16633883007,1317.43121262554,1338.37588143242,1346.29120178363,1339.15344316709,1352.081728299,1355.34719841397,1353.30030592302,1366.14761741711,1386.76782483587,1356.03300936902,1352.29484715199,1331.21305126851,1325.23582806986,1320.1147278443,NA,NA
NA,NA,1185.91657773587,1195.04184027171,1220.56194259134,1230.09146001425,1241.56140450553,1244.13892134431,1261.69764986217,1256.72671196559,1290.21291168483,1297.76595602827,1306.45405640756,1332.20560498865,1328.76822659183,1323.87330026563,1319.32748019588,1343.40099170272,1348.41040354774,1341.69896697667,1350.9776162147,1346.45906955837,1347.79316047197,1361.2953390062,1353.33196947833,1331.02375229666,1331.81815367207,1340.10829525689,1325.59828475058,1323.90274735016,1308.65506925306,1305.08315010402,1287.03551217843,1281.1127975319,1256.23445264011,1254.02163080147,1241.47090179351,1226.01998352392,1210.37184369102,1204.15945787923,1187.69735202197,1175.96654035855,1179.40621472285,1185.32695911297,1187.69735202197,1182.3632917801,1192.68604418766,1176.93978315715,1174.06848702038,1176.06334863391,1176.29493889588,1181.63022980965,1187.96043705167,1202.38691544706,1207.52846757333,1212.84745122742,1209.33866224478,1217.57956618859,1225.89252536852,1234.99733584353,1245.49187070812,1254.11797566852,1271.81659279787,1265.8822903408,1253.28855864831,1259.21250438827,1265.158092888,1274.7548783982,1277.69323391806,1277.69323391806,1290.59094991403,1269.35022747861,1290.59094991403,1303.84048104053,1330.89192280147,1342.89205773918,1338.5737644412,1340.02875205231,1353.01457182716,1359.45761243225,1353.07513211153,1372.9530217746,1352.60351063589,1338.68962461187,1320.55154522405,1328.53302555864,1305.69617316271,NA,NA
NA,NA,NA,1211.68786165422,1225.7714401209,1231.10722522451,1241.21915873064,1241.87315940147,1259.63103575184,1278.20965832401,1305.9957886609,1315.46644725712,1325.44152075085,1330.66594715093,1325.94306061761,1325.28295596808,1321.55906946752,1343.33546829908,1353.1242733667,1363.97460992605,1355.10031486199,1346.29120178363,1359.47437467729,1361.58678107541,1354.82593940783,1352.081728299,1350.97472296245,1353.23686027244,1328.76822659183,1331.58739855858,1315.54317340342,1308.62523283024,1303.84048104053,1278.91555624287,1273.06224377182,1266.10189862989,1252.24797863682,1227.29377086336,1230.09146001425,1212.70616263637,1189.97933191703,1191.85012903423,1202.60134708057,1197.13198938129,1202.72452509289,1197.13198938129,1202.08152801713,1195.04184027171,1189.85107796505,1185.59057013794,1201.04121494643,1190.89642407661,1204.15945787923,1209.33866224478,1216.55250605964,1239.49961645172,1231.11357048396,1237.03887446143,1233.3896383544,1257.22909606802,1270.08857958805,1273.61423840516,1267.47138172409,1278.91555624287,1264.43431773758,1275.49000775874,1275.24507448568,1275,1275.24507448568,1275.98001551748,1286.95376762338,1299.27864601863,1281.56694374406,1290.59094991403,1320.98448136229,1333.46353530946,1352.11060659833,1350,1346.44751725244,1361.45565394752,1364.8087446522,1359.45761243225,1375.14175317871,1355.1923880154,1339.24796761367,1317.95482934571,NA,NA,NA
NA,NA,NA,1212.69328356349,1221.18666085206,1220.66196048098,1225.76506721313,1236.81713682747,1251.16756982046,1291.75212307669,1299.69092328551,1324.00556026656,1320.98448136229,1321.31402948855,1331.16665736884,1333.19678256893,1336.6349941133,1353.52429892552,1361.38131569093,1375.14175317871,1364.11594673821,1374.12424570412,1370.70820583126,1368.92278326288,1367.77641342668,1370.60625671495,1353.23686027244,1352.19689843284,1334.35326591481,1336.50664046237,1330.88316542062,1309.81868974297,1302.16166431054,1285.86462194765,1280.87400004726,1275.98001551748,1254.04964120449,1241.21915873064,1243.50812228413,1221.03288277012,1206.80849327192,1210.59051094934,1211.74578676569,1209.44828592351,1216.61024776628,1208.30459735946,1209.59704034029,1210.38797166495,1212.69328356349,1216.55250605964,1206.49285120137,1210.41374076231,1202.3414656411,1215.74143698263,1231.36103560248,1239.45552562405,1231.10722522451,1264.9357597186,1255.48795294897,1273.28315782468,1278.90958053337,1287.04469718064,1286.95376762338,1283.79320764678,1302.16166431054,1279.42159555753,1291.72204439059,1286.95376762338,1287.04469718064,1277.41735518493,1297.23841428737,1303.84048104053,1283.99317765076,1293.53254347717,1308.93556004493,1321.1378929282,1342.80490019958,1323.87330026563,1333.48110708704,1336.6349941133,1340.28223533286,1346.29120178363,1360.15853666218,1353.85984741322,1325.38072010245,1303.84048104053,NA,NA,NA
NA,NA,NA,NA,1225.27419818528,1234.90890352285,1233.40862916901,1259.36250738134,1255.98188098739,1258.94122357634,1323.82022948737,1314.04548236972,1323.30027413935,1336.69690295886,1341.99413399477,1355.10031486199,1360.75849688094,1355.77468629562,1356.11868395024,1370.65115772043,1360.40454978587,1369.55710631746,1370.51527965676,1377.21936334641,1376.11259715632,1372.9530217746,1365.65002837477,1358.02987674347,1358.30777072061,1333.96941285342,1328.76822659183,1316.02406979217,1300.96118312577,1300.12292576776,1277.44772219895,1277.20397744448,1255.50661544125,1255.48795294897,1245.59832268991,1235.16193270356,1237.94184031399,1241.23803563331,1235.16193270356,1227.3573612824,1220.91685316465,1220.91794294434,1217.57956618859,1226.01998352392,1220.91154470748,1225.76506721313,1220.91154470748,1229.07485532819,1234.96889916387,1226.01998352392,1232.57951776242,1252.24797863682,1253.99362039845,1260.2563497128,1250.29992509579,1274.7548783982,1299.27864601863,1294.70073762241,1290.6151545489,1294.74294958801,1305.52901957545,1303.96009983527,1302.16166431054,1306.5316917218,1287.24685024021,1297.35307453291,1297.5152596956,1308.14754519511,1310.69694885038,1319.33931910157,1321.90240828639,1333.16360078708,1341.64078649987,1331.25091230321,1321.52999183322,1341.64078649987,1320.98448136229,1333.46353530946,1355.08302328677,1355.4443125166,1291.85233610165,NA,NA,NA,NA
NA,NA,NA,NA,1220.91154470748,1217.79057662198,1241.24431519545,1265.00663453006,1257.93576899677,1267.57583278671,1289.36886351374,1315.6217401897,1319.75695920254,1351.11016266338,1353.09806384347,1370.61193056721,1364.73440639562,1370.12335064777,1366.87905164677,1377.08362620465,1375.9087905817,1364.78588856782,1375.00568134869,1375.22725394751,1375.9541851508,1377.04393539204,1364.75157143107,1358.79319078623,1355.77468629562,1348.37865601618,1327.14153503111,1322.16678221774,1300.24036239458,1287.18965383895,1297.35307453291,1279.42543107049,1261.20911457356,1250,1256.23445264011,1256.25931872581,1265.18585654645,1253.99362039845,1250.05619946592,1241.21915873064,1239.62146600253,1241.21915873064,1241.47090179351,1249.49989995998,1237.94184031399,1236.94431717008,1239.47757103789,1237.43686707646,1242.37938329779,1240.37826449385,1250.249975005,1274.27638521126,1256.23445264011,1273.31600097111,1258.31890242743,1281.1127975319,1291.58331276793,1285.49601321824,1283.79320764678,1311.82705659598,1305.08315010402,1297.33426739612,1309.32043458904,1320.41630435025,1304.46318368913,1300,1308.86401127084,1309.81868974297,1320.03787824441,1330.14742294764,1321.21560631277,1325.47420013929,1320.22136877315,1325.2770686424,1309.41449012459,1331.0467259225,1323.90851618654,1321.15840889599,1321.52999183322,1318.44229333654,1285.84057903825,NA,NA,NA,NA
NA,NA,NA,NA,1216.58458140919,1211.18386499218,1241.27261335563,1266.00363235399,1270.62534348108,1279.99008946776,1301.07190195848,1311.31232235763,1345.33228509246,1341.64507662136,1358.30777072061,1375.59570146086,1368.68578334828,1375.68164921976,1358.96641272686,1372.9530217746,1368.97932179902,1353.28767407825,1353.95735330565,1353.69863706809,1355.77468629562,1364.85441104773,1361.64909023847,1364.73440639562,1353.69863706809,1340.00932832574,1332.76138294243,1325.0942056648,1304.09117737319,1310.1510190554,1309.98148392779,1286.99620540379,1279.89257361702,1270.23586548629,1261.9429464124,1262.01373804521,1272.79220613579,1264.16968797705,1263.42787684933,1252.99640861417,1256.23445264011,1254.1519707915,1256.29651980165,1258.22295321616,1249.49989995998,1250,1255.48795294897,1245.49187070812,1255.48795294897,1256.23445264011,1256.23445264011,1273.05917030679,1258.99573113094,1278.91555624287,1282.01243521706,1291.68591312595,1290.59094991403,1308.62523283024,1304.31974607456,1299.27864601863,1301.01494159475,1299.77986687306,1313.41119720086,1313.30109432978,1315.48999836753,1299.27864601863,1314.15252169016,1330.96222475325,1323.11186223992,1332.76029352618,1320.33834365199,1333.01140869302,1308.98739856548,1329.73178379979,1309.07819130471,1315.39546470657,1289.48883011512,1309.0811262002,1317.76751144542,1309.36749563908,1265.36121951142,NA,NA,NA,NA
NA,NA,NA,NA,NA,1209.34189197098,1253.89696093484,1274.85889534431,1275.5334521945,1281.25882178418,1309.96746591675,1313.82577768718,1330.71708143659,1340.7984558132,1360.15853666218,1364.28781600001,1366.10760923143,1367.77641342668,1352.66036644021,1371.78535488067,1368.72985562854,1352.081728299,1364.73440639562,1361.92598738243,1360.95952141983,1378.66554806834,1359.92487615171,1355.42148693752,1352.17405224891,1350.96895075251,1350.26326680947,1328.53302555864,1323.46426348472,1320.14700759875,1308.62523283024,1294.70073762241,1276.21791546,1285.6173326392,1280.6370462377,1273.31995083902,1287.04469718064,1274.7548783982,1276.1295384403,1265.158092888,1269.35022747861,1265.26289625276,1275,1267.37918556366,1265.17661281873,1256.74420739691,1261.19982556294,1261.29878224607,1265.89889011722,1276.07782946997,1279.94440875908,1276.01061456566,1275.24507448568,1300,1302.16166431054,1300.09601202601,1310.24369050062,1311.72596223449,1295.51538454766,1304.31974607456,1319.32748019588,1298.68909375137,1296.36401140505,1309.56688205407,1313.28674301424,1304.25133383079,1309.67364310836,1326.92664033624,1337.43499427543,1326.17838603428,1346.29120178363,1332.85395219959,1310.85006442821,1311.93376013474,1317.59749111112,1311.84776086042,1298.70140766635,1297.95058113503,1297.95058113503,1319.32748019588,NA,NA,NA,NA,NA
NA,NA,NA,NA,NA,1234.14950471975,1252.68499829495,1284.09905010755,1301.32545830376,1287.66228952771,1309.81868974297,1305.39554277837,1327.16800504874,1330.51984163699,1342.40500211047,1348.33477364992,1352.39804525141,1360.293178372,1369.11171039663,1375.27832707979,1373.01839678685,1375.95984780098,1381.43956147727,1382.01831711305,1377.04393539204,1380.67012714841,1378.90352090963,1361.66067529559,1364.49328138448,1352.081728299,1329.06211873943,1335.38252837957,1360.62370383346,1336.6640969558,1323.04956390799,1313.91452602156,1297.42513178246,1305.03831361382,1296.48549490012,1291.55913530895,1290.82617616618,1285.73908706238,1280.78307048999,1276.0228459775,1282.81916106675,1277.69323391806,1274.76100643824,1276.95927891221,1273.28315782468,1273.28315782468,1274.7548783982,1269.61378613207,1274.76100643824,1275.98001551748,1286.45254040716,1298.21962313636,1291.70398378955,1323.11186223992,1313.86833434709,1320.36026046341,1296.63024798899,1306.06152476513,1297.12421862563,1294.81518533231,1306.21022106861,1303.98993625809,1301.33139696498,1316.37572648487,1320.30901042381,1321.17907499303,1327.34974043596,1329.14529898768,1344.40118890743,1342.89186006891,1329.35106413451,1327.27950878147,1327.22673778797,1309.81868974297,1309.81868974297,1315.87644023284,1308.91054896559,1299.58982892402,1309.25948648843,1290.81139889726,NA,NA,NA,NA,NA
NA,NA,NA,NA,NA,NA,1256.67907208971,1281.1127975319,1291.54363378978,1287.52539067637,1312.70725952565,1321.46002948112,1344.07827183268,1350.92560861063,1369.79592271805,1380.73789590359,1367.269901425,1356.09310745818,1387.42519094333,1383.46405344383,1376.27572419707,1396.85876876942,1400.92600151406,1383.60656955125,1383.64536007039,1379.18809301412,1378.19765332051,1375.28116027251,1350.95161241267,1352.081728299,1352.081728299,1353.62204021483,1364.67384621611,1348.49722427885,1329.96677295316,1333.46353530946,1325.00294785087,1312.63632778593,1296.71449178927,1310.05725065739,1309.81868974297,1293.58380315464,1286.95376762338,1285.00972758964,1296.63024798899,1290.34879005639,1280.62484748657,1286.95376762338,1277.30007068726,1274.76100643824,1288.65239688599,1285.49601321824,1285.02188473035,1294.70073762241,1306.63179479923,1319.32748019588,1311.58296544485,1327.1209439987,1325.59828475058,1325.27704303847,1318.88844488863,1306.04958257425,1305.12798659423,1311.81517927354,1309.95558859431,1305.03831361382,1328.90318108735,1334.16640641263,1333.49573995822,1340.00932832574,1344.17084863975,1350.98050305844,1350.47339296913,1356.21520611845,1328.88560930977,1352.17405224891,1351.17972330229,1303.66672224028,1323.11186223992,1323.30614481944,1314.02849080469,1308.72945733995,1310.28047903707,NA,NA,NA,NA,NA,NA
NA,NA,NA,NA,NA,NA,1270.28531341101,1286.95376762338,1297.41905144981,1308.91054896559,1321.38398859301,1353.33759125661,1360.45098587398,1361.2953390062,1375.93716920196,1375.0510983848,1375.22725394751,1375.9087905817,1372.63404619613,1377.13459018595,1401.22559735621,1402.04647416802,1386.48952410586,1381.35369357052,1379.08197300748,1397.60950370129,1400.22319649404,1375.26699713135,1362.26332434502,1353.69863706809,1364.7572969451,1377.72457334549,1368.64438729272,1353.38949961304,1353.2819471184,1347.00459943163,1343.96800557156,1331.07048332091,1319.34524014709,1321.17907499303,1320.03787824441,1310.05725065739,1299.27864601863,1302.08542320063,1291.55913530895,1290.69369460674,1286.95376762338,1297.35307453291,1291.69796135391,1293.58380315464,1296.64831865259,1300.24036239458,1305.08315010402,1309.81868974297,1320.99926012298,1331.70426299362,1330.76868715892,1330.88316542062,1327.850515824,1328.53302555864,1315.41914251795,1303.84048104053,1306.11521076667,1317.0768824759,1316.15050619906,1310.0564095043,1327.65629215021,1347.36102207781,1350.98338990217,1344.07253793196,1353.81961656437,1348.35684162604,1343.22878847291,1336.2786474636,1336.27280148928,1344.37248170411,1348.42497615675,1307.04368945767,1314.07579554386,1337.43499427543,1312.01060973463,1320.27459265109,1319.42208974698,NA,NA,NA,NA,NA,NA
NA,NA,NA,NA,NA,NA,NA,1273.06723117356,1314.00481299331,1307.34337879769,1309.20909364913,1352.24313051451,1350.30082291744,1353.99334779263,1378.2870389242,1383.01066756816,1373.20248794508,1377.06095134088,1381.09193611813,1386.09162756291,1425.28225911456,1408.21454800539,1403.61690902762,1378.65704988688,1387.52595829836,1381.13662889259,1381.14779138732,1375.9087905817,1350.95451160284,1360.14705087354,1366.81654173408,1369.22700077713,1380.06139865801,1367.90727947301,1377.04393539204,1367.89591959121,1350.94006010673,1341.73963343937,1350.45744817336,1337.41177434853,1330.64833821713,1320.17694159561,1311.96417634019,1303.84048104053,1310.42390455254,1305.03831361382,1300.24036239458,1308.14754519511,1317.5732288659,1312.44047484067,1314.06101678316,1315.87644023284,1325.31825800708,1317.50229712618,1334.31247946046,1341.66988934237,1341.64078649987,1342.80490019958,1340.31113832507,1336.43937498724,1332.78735690559,1320.35731261253,1319.52231679095,1323.94392941498,1333.46353530946,1333.47232119825,1340.05881179131,1359.58953228134,1361.2953390062,1351.39248005603,1353.36363303364,1348.51165554248,1352.081728299,1347.76425747976,1345.48413113066,1336.36899154031,1350.587211962,1328.76822659183,1325.99309873455,1331.35856314416,1312.8239279422,1320.48105347378,NA,NA,NA,NA,NA,NA,NA
NA,NA,NA,NA,NA,NA,NA,NA,1277.12704255016,1308.26582610693,1315.29464379659,1304.22765601941,1330.03128220039,1343.23845396643,1379.50801556297,1378.73907041367,1338.98695739644,1343.96800557156,1349.01282640026,1376.09001130122,1401.73595805029,1400.239930897,1380.98556095243,1400.95943041593,1403.61694463495,1400.239930897,1392.94239158812,1358.56561568552,1352.11060659833,1357.96475022269,1390.14387744578,1399.66911987012,1377.72457334549,1384.12308878713,1386.82687708801,1375.68164921976,1361.50132034305,1365.8845385638,1366.10760923143,1364.04728657037,1342.80490019958,1333.46353530946,1315.76973669408,1320.03787824441,1325.23582806986,1320.03787824441,1315.76973669408,1320.98448136229,1341.64078649987,1331.81806656825,1335.52373270967,1335.33703610736,1340.02288538739,1331.35269556943,1346.29120178363,1353.05784053631,1341.72800692932,1355.68438413078,1355.77468629562,1346.44751725244,1337.29241320088,1328.77909695549,1340.16637516219,1346.39838511716,1329.85213274158,1330.92422295845,1352.081728299,1361.2953390062,1365.04214462053,1348.70157309093,1357.07289206343,1353.30030592302,1353.81961656437,1352.23129777739,1348.66633528247,1350.23146163908,1331.35979376911,1325,1312.6836325251,1320.27459265109,1306.19260230305,NA,NA,NA,NA,NA,NA,NA,NA
NA,NA,NA,NA,NA,NA,NA,NA,1277.20397744448,1307.63703255379,1285.71098017901,1278.01570714137,1320.17361889842,1325.09241804727,1338.90515622409,1353.54718947499,1328.81812742851,1332.41003626841,1319.43979892816,1340.31113832507,1377.20524603425,1381.29260596187,1388.60876944353,1386.8844807389,1400.92044552891,1394.70531604412,1379.10434084725,1377.08362620465,1370.60625671495,1386.09162756291,1378.92325869193,1397.57042561568,1394.73325572243,1392.95641917389,1398.49215396831,1392.89762344615,1378.90352090963,1380.44376922785,1370.44700736657,1374.11856576321,1355.08302328677,1346.29120178363,1338.37588143242,1335.33703610736,1340.09375643974,1335.33703610736,1338.55054451429,1346.29120178363,1353.00591277348,1350.92560861063,1350.92560861063,1353.23686027244,1340.00932832574,1346.43596494651,1346.29120178363,1355.08302328677,1352.38086725578,1364.36215425659,1358.69273165626,1355.77468629562,1360.60648241878,1352.081728299,1350.23146163908,1336.91912227014,1332.29621329014,1330.88316542062,1353.24840469233,1358.36523851307,1368.17307502403,1364.73440639562,1353.69783777321,1353.69863706809,1372.97860900242,1354.28226952619,1340.00932832574,1340.00932832574,1328.05586429939,1320.49281248482,1305.39554277837,1312.44047484067,1296.63024798899,NA,NA,NA,NA,NA,NA,NA,NA
NA,NA,NA,NA,NA,NA,NA,NA,NA,1274.7548783982,1287.23181089716,1300.14094628604,1299.32070944631,1308.88787823265,1306.22826003929,1337.34783673583,1333.55414361095,1323.82022948737,1319.32748019588,1333.87981041081,1356.09585837116,1391.16401573372,1402.37492668289,1425.21928137392,1421.40967232839,1416.50849279909,1396.32163150128,1383.07261207158,1384.11181791655,1384.17376241997,1388.90535973941,1386.76782483587,1392.86660208315,1384.09488820751,1409.07727899779,1397.65411102096,1388.56940769988,1386.5424623862,1380.47769744394,1364.04728657037,1380.67012714841,1359.45761243225,1352.081728299,1350.96606390877,1355.08302328677,1351.02076121449,1356.04548694556,1364.74585167036,1364.8087446522,1364.04728657037,1355.16364197261,1365.21411675276,1360.14705087354,1359.66387053792,1360.14705087354,1355.62637223713,1353.72976430999,1355.30712986886,1368.63298210664,1358.33650461684,1369.53459248023,1358.36523851307,1359.11972261486,1354.07043191154,1352.081728299,1352.081728299,1358.7761748374,1355.92122192967,1368.00650943058,1361.2953390062,1343.03682090206,1355.50082768943,1346.52828889643,1329.39148685374,1310.0564095043,1334.38236875731,1320.03787824441,1301.33139696498,1300.62859675207,1302.23358054312,NA,NA,NA,NA,NA,NA,NA,NA,NA
NA,NA,NA,NA,NA,NA,NA,NA,NA,NA,1278.11893124721,1289.11281741156,1297.41924766959,1300.60978301932,1320.41630435025,1333.69706943171,1320.20865788781,1315.97006508521,1315.40730361226,1312.85454761966,1352.09616744866,1381.35369357052,1381.2285796157,1404.67638717784,1402.66991361687,1411.25321033779,1405.56927968706,1399.00351154087,1402.14652269962,1399.83080015098,1395.23987753328,1388.84121337693,1384.32534142993,1392.34453587681,1397.58717871183,1402.007489281,1398.66007306994,1395.08064283037,1395.08064283037,1384.56805249736,1386.10008002882,1379.87759582061,1366.10760923143,1366.81654173408,1370.44700736657,1375,1375.23861382931,1383.51047839245,1379.31142241337,1380.67012714841,1375,1375.96830728879,1380.44376922785,1372.98712961766,1367.70793665899,1376.81698130144,1364.87722141989,1375.1164676481,1388.58628248101,1364.7572969451,1377.21936334641,1361.17026084237,1352.74547428893,1377.06378079834,1375.27267098362,1370.44700736657,1364.27636496423,1358.53781691935,1378.65704988688,1348.56355677317,1358.56081180718,1358.60675497152,1370.70258536112,1334.25105027493,1317.23791654153,1328.76822659183,1327.1209439987,1317.75846974929,1294.81214740258,NA,NA,NA,NA,NA,NA,NA,NA,NA,NA
NA,NA,NA,NA,NA,NA,NA,NA,NA,NA,NA,1300.03002533381,1303.84647185346,1311.72596223449,1309.00972012474,1327.85037347695,1328.5859083751,1315.46644725712,1329.02688324296,1330.2907231637,1344.15639714364,1344.38396749274,1373.10065181308,1398.36572254123,1390.09101673267,1405.71903322862,1413.56691932477,1409.1220671042,1390.13761267572,1401.14349540315,1402.007489281,1389.9740990558,1401.37672178093,1397.57042561568,1407.65198302408,1411.55942134931,1400.89257261219,1386.92908805857,1390.23928515827,1397.65411102096,1394.04974344487,1386.76782483587,1380.67012714841,1382.93166859393,1379.4301631922,1390.14387744578,1390.15397684152,1379.05596335182,1393.28747930928,1402.007489281,1390.2672965804,1390.91827986384,1383.15761936231,1386.76782483587,1380.86760916219,1389.30058909655,1383.79519721323,1383.19429446481,1386.5424623862,1382.56002263824,1392.18225164688,1384.11181791655,1399.33019691565,1399.81965187147,1393.74676297124,1376.17531913667,1378.54645758593,1383.00214033276,1377.74724820925,1367.74217504284,1368.6215693171,1364.28781600001,1361.2953390062,1336.5241722516,1308.91054896559,1300.14989471652,1317.56123598728,1298.7042004611,NA,NA,NA,NA,NA,NA,NA,NA,NA,NA,NA
NA,NA,NA,NA,NA,NA,NA,NA,NA,NA,NA,1296.76249780228,1306.56509960917,1297.37113513396,1319.35707268606,1334.68029633098,1334.11660417207,1312.02831891581,1320.27459265109,1325.49854590334,1352.54086027569,1353.24840469233,1375.49081420245,1392.44144523588,1407.00420570026,1412.80716066921,1412.64270897888,1393.97683731357,1397.63181446194,1402.35827694466,1397.20541987301,1414.26299835796,1407.5799249761,1402.14652269962,1415.12476315895,1411.80760825515,1398.92162292079,1395.58657639641,1415.47061467847,1421.26704035519,1407.56882602592,1392.71314794328,1395.08064283037,1399.33019691565,1386.09162756291,1399.48617398494,1397.76815011035,1397.62623810424,1402.007489281,1409.29352107286,1410.00886522036,1400.99551171331,1400.92044552891,1405.5942740163,1393.96018594506,1389.24439894498,1376.8226551537,1398.67682616608,1409.43118786616,1412.919668624,1405.61787965967,1407.95522905217,1399.36925630807,1391.71028479474,1383.18020521741,1386.44491678619,1408.99995122889,1393.47760664185,1383.36395679144,1386.92228135611,1393.28747930928,1369.00755642334,1346.51275026445,1331.1521059476,1306.32908094927,1294.81518533231,1299.27864601863,1270.51020928894,NA,NA,NA,NA,NA,NA,NA,NA,NA,NA,NA
NA,NA,NA,NA,NA,NA,NA,NA,NA,NA,NA,NA,1290.75398059386,1287.42981814931,1311.08115262553,1328.88560930977,1328.54478456968,1320.48693349961,1330.66594715093,1340.1052516866,1358.22494862149,1353.27435530767,1355.98722826234,1402.02698172451,1389.53560328666,1408.81622317483,1413.56691932477,1399.93945266752,1389.83008565411,1386.99582937386,1398.72146191619,1398.06483320125,1415.45021744796,1411.67545841125,1406.99129817749,1410.91171383717,1409.3926949795,1415.69952759634,1425.21928137392,1433.2783612412,1417.08284310946,1400.90650907055,1410.00886522036,1407.66859090901,1402.18535372658,1421.26704035519,1410.12502946684,1414.66647844774,1416.03535671357,1418.26799629865,1421.37971718442,1411.30192111884,1412.94236646233,1407.91677781485,1394.0720898321,1402.07700599031,1398.67682616608,1420.73628629295,1431.78756239849,1439.31060413657,1444.06759964207,1455.436958181,1408.31663018142,1399.01574912055,1391.90502448321,1408.01278403287,1414.47498591013,1413.01406449834,1391.3808034651,1402.44688693705,1401.27528089256,1369.63842900139,1337.60863573765,1311.72596223449,1270.6011388462,1270.70388353891,1276.0228459775,NA,NA,NA,NA,NA,NA,NA,NA,NA,NA,NA,NA
NA,NA,NA,NA,NA,NA,NA,NA,NA,NA,NA,NA,NA,1308.81915555514,1328.88560930977,1334.31247946046,1323.9968028857,1310.52502505575,1334.16640641263,1340.00932832574,1350.92560861063,1364.78588856782,1375.44809893798,1391.75767807637,1376.01084018668,1383.21403985828,1407.45893311887,1397.54248593737,1398.67682616608,1409.29903802226,1409.1220671042,1408.19541406885,1423.4397735211,1416.32755724006,1420.62925534417,1411.63949222305,1419.98017857227,1420.60726451754,1425.21928137392,1436.37999204628,1432.89478415883,1415.31798547182,1414.65543507951,1421.26704035519,1418.30644753597,1421.60465287452,1422.07117565047,1426.83534876976,1428.68448618666,1421.92386500091,1423.62835655015,1430.03496460751,1409.15253403226,1407.60211238429,1402.007489281,1423.03592551259,1423.12622496403,1448.42226944123,1454.83967673649,1457.83431432415,1453.68526796149,1425.57924946179,1405.92872724779,1407.91677781485,1406.22460035307,1411.51536334184,1403.71406126759,1412.88711509448,1402.14097191156,1422.22309073382,1381.15895388205,1352.39804525141,1304.31974607456,1262.19055613643,1250.249975005,1220.91154470748,NA,NA,NA,NA,NA,NA,NA,NA,NA,NA,NA,NA,NA
NA,NA,NA,NA,NA,NA,NA,NA,NA,NA,NA,NA,NA,NA,1332.82471209071,1331.11131949324,1310.17568470431,1310.25124609937,1337.73158586928,1340.00932832574,1358.53781691935,1361.63795553104,1384.29717484118,1391.49200500757,1389.56128865695,1407.56882602592,1409.17403372234,1398.70191577257,1407.56882602592,1414.95360231448,1401.17690836625,1402.007489281,1420.70597949502,1431.21441552128,1428.58405204004,1431.78210632764,1420.72256493895,1425.21928137392,1423.30900492194,1425.30141090748,1442.2205101856,1430.03496460751,1432.01125714858,1437.22823518048,1435.73255795592,1435.95509888092,1440.70295342239,1444.40190554284,1442.2205101856,1418.44343542698,1418.79729879763,1421.42604242108,1399.72989162956,1421.48689758295,1415.09716980849,1433.34121540589,1442.79972435189,1465.17878416224,1477.52908045646,1467.76332256452,1417.13175006056,1448.85551606592,1422.52331457898,1402.97461581111,1397.917782143,1401.28805584802,1389.93290968087,1405.61371755748,1408.16780349138,1409.30825538587,1377.61783700724,1311.16235460554,1276.01004165942,1237.88814422327,1206.93474963593,NA,NA,NA,NA,NA,NA,NA,NA,NA,NA,NA,NA,NA,NA
NA,NA,NA,NA,NA,NA,NA,NA,NA,NA,NA,NA,NA,NA,NA,1324.06131213292,1334.42370446839,1328.81522938246,1340.00932832574,1353.83685641131,1375.19829171485,1390.47384184223,1393.96018594506,1399.72989162956,1416.05730134416,1416.20090382685,1397.65689698292,1411.22726365078,1400.93993797242,1402.12707784547,1405.56927968706,1408.90028036054,1421.73609119917,1435.72172255328,1436.51021550864,1431.78210632764,1436.43693675236,1434.68196258136,1440.76255381099,1442.2205101856,1453.44418537486,1439.11834207947,1442.82668204553,1437.22823518048,1434.61667354036,1451.1361117746,1436.05198903353,1445.16143038564,1433.76662688365,1431.17079682872,1422.17894598631,1417.49314336868,1403.55249433467,1410.89510595225,1428.50446271617,1434.67919018221,1454.5992996022,1463.81874038676,1495.3258470165,1470.57597913448,1414.61540336458,1416.04467789916,1406.41910913125,1392.48288433579,1386.88846415506,1390.66265815845,1386.40583870059,1408.26159171327,1419.44902537482,1408.04516218488,1325.59828475058,1281.60056179763,1243.23167591564,1219.52321729321,NA,NA,NA,NA,NA,NA,NA,NA,NA,NA,NA,NA,NA,NA,NA
NA,NA,NA,NA,NA,NA,NA,NA,NA,NA,NA,NA,NA,NA,NA,NA,NA,1330.91543243616,1362.26484989207,1369.87487161735,1401.11562692021,1384.6598468283,1391.64326703082,1385.03515090437,1395.98180621302,1411.28179714648,1406.48580681867,1421.48689758295,1414.25772896003,1399.92969269771,1431.12703195797,1415.45021744796,1433.05077107688,1444.63901102077,1436.43422886548,1436.5047989214,1445.16412415098,1445.16412415098,1436.46686000232,1442.35562371707,1450.24242688088,1450.22358012266,1450.36602799937,1450.02154532137,1446.99168824885,1446.93064351682,1436.03939404874,1450.21550122732,1435.70540153612,1434.61667354036,1428.80942498382,1420.60726451754,1402.007489281,1423.46408454868,1432.98161227535,1444.38568256543,1467.35305908292,1477.51855952497,1465.19470489497,1429.14995741693,1416.94783701374,1408.15357476338,1427.42663153572,1390.74712157295,1383.87078472532,1411.51536334184,1402.75458274259,1409.1442300898,1405.9837043282,1353.10091989405,1300.34234698658,1254.04964120449,NA,NA,NA,NA,NA,NA,NA,NA,NA,NA,NA,NA,NA,NA,NA,NA,NA
NA,NA,NA,NA,NA,NA,NA,NA,NA,NA,NA,NA,NA,NA,NA,NA,NA,NA,1351.35658722007,1400.89257261219,1402.15202886031,1391.79387700143,1383.96162851504,1407.57391727566,1399.84147606483,1431.94813167031,1418.04763997638,1425.23572241857,1430.93583080993,1418.87388286002,1425.21928137392,1432.68212700509,1433.17702842999,1437.90391808297,1449.02974755976,1442.82668204553,1442.75655025029,1442.2908624725,1449.56890143242,1442.36645910204,1451.30060027254,1453.73329405045,1467.35305908292,1453.44418537486,1451.41612888378,1450.08610463437,1445.24211768471,1435.26163612121,1443.89818692362,1425.45421617808,1430.03496460751,1422.43690542498,1415.09716980849,1435.17464663819,1431.91825954896,1454.51882077889,1476.48230602334,1487.14263962684,1445.17222085916,1423.96756963339,1429.15482166773,1400.27075846419,1392.53967779764,1384.47353284691,1394.08300972513,1402.66715544829,1414.66914002943,1411.04702245562,1384.42805356737,1324.30015695215,1293.49333202765,NA,NA,NA,NA,NA,NA,NA,NA,NA,NA,NA,NA,NA,NA,NA,NA,NA,NA
NA,NA,NA,NA,NA,NA,NA,NA,NA,NA,NA,NA,NA,NA,NA,NA,NA,NA,NA,1391.51218132196,1402.57959486633,1402.34025168577,1400.12511769801,1422.66978292362,1437.66587061591,1447.77253849806,1430.36126471648,1444.38568256543,1437.42339434252,1442.71332455126,1439.6180048888,1437.66049982044,1442.26651706381,1449.56890143242,1450.9263721677,1454.77573044764,1450.72371662127,1457.87171158954,1463.08748883995,1470.54411698527,1465.00853239836,1468.26317177717,1468.72540116883,1469.90645960891,1467.67113289489,1453.44418537486,1460.30818665102,1432.32620547447,1433.17702842999,1429.12795578263,1419.81969621641,1421.66233671128,1430.52652329443,1440.76666625704,1453.8769959407,1465.00853239836,1485.71051797932,1454.5992996022,1432.76240992651,1416.5362361005,1426.24331923309,1402.99096739393,1400.65321984812,1389.04439315803,1407.78462797095,1408.48677241413,1399.37483266577,1389.26748125113,1344.21127135897,1297.37895322054,NA,NA,NA,NA,NA,NA,NA,NA,NA,NA,NA,NA,NA,NA,NA,NA,NA,NA,NA
NA,NA,NA,NA,NA,NA,NA,NA,NA,NA,NA,NA,NA,NA,NA,NA,NA,NA,NA,NA,NA,1403.93234915198,1415.01883688354,1428.8769079087,1423.1208702,1449.5977232196,1449.56292080477,1456.73721952414,1460.31086140411,1451.34631882012,1443.96036290718,1445.35218596308,1451.76850672757,1454.73303748041,1464.79520752903,1463.43294033831,1458.47020526345,1465.33502868869,1476.38961072511,1485.29739190266,1480.29179859993,1480.13929878049,1475.96876619408,1485.99174870383,1468.33747392327,1456.46725145481,1449.83738356289,1450.46781836291,1432.9301893269,1418.05313640708,1414.63141259047,1432.89401898934,1442.2908624725,1454.5992996022,1453.68526796149,1475.84721431454,1471.60463246751,1424.30394104378,1432.3086472877,1430.17672553072,1435.32844392285,1411.19186768522,1407.91677781485,1407.34679450376,1418.87662084113,1397.54248593737,1370.97688487101,1352.09328060493,NA,NA,NA,NA,NA,NA,NA,NA,NA,NA,NA,NA,NA,NA,NA,NA,NA,NA,NA,NA,NA
NA,NA,NA,NA,NA,NA,NA,NA,NA,NA,NA,NA,NA,NA,NA,NA,NA,NA,NA,NA,NA,NA,1424.36500227804,1418.91237574669,1416.42636326553,1456.30525488677,1456.38503133433,1478.43347395004,1467.57864214446,1460.37766920575,1454.5992996022,1454.51882077889,1466.59136746487,1465.29537673899,1479.25233905652,1480.45563684594,1490.14223895404,1487.90878031603,1491.01475512484,1491.65386257063,1488.76501223861,1476.01622146464,1491.64338901763,1472.76715246845,1468.2046860026,1450.04845898933,1461.14010962265,1447.57936831015,1430.07043990105,1409.48162269457,1423.52708927577,1436.87119081709,1432.65487818944,1454.51882077889,1463.42235926954,1458.3597118765,1479.04030617167,1433.37538876356,1442.43717367517,1433.05077107688,1428.57003060167,1420.28121534716,1401.93170616917,1413.57389488446,1377.06095134088,1378.94463058479,1364.18446921812,NA,NA,NA,NA,NA,NA,NA,NA,NA,NA,NA,NA,NA,NA,NA,NA,NA,NA,NA,NA,NA,NA
NA,NA,NA,NA,NA,NA,NA,NA,NA,NA,NA,NA,NA,NA,NA,NA,NA,NA,NA,NA,NA,NA,NA,NA,1415.56551786937,1442.61107272992,1449.563305189,1463.27390454359,1463.08748883995,1471.91931823753,1476.49288709211,1465.20196193396,1477.88351305438,1498.58264110965,1485.25806909819,1500.94744747417,1515.17182983676,1500.13257805102,1496.17974374559,1505.5467817798,1495.59204911984,1480.60421251494,1472.45543226272,1467.35305908292,1469.90645960891,1467.5918713252,1457.97835084562,1450.03231318425,1432.02190573787,1426.10876326574,1442.99337420774,1439.96236440441,1445.03460166184,1466.71401438726,1467.47173322622,1442.31236507618,1464.90453652456,1454.53761024235,1442.58850917546,1434.71024131637,1421.72790459678,1431.85297050795,1407.5799249761,1390.60211657225,1377.12604003148,NA,NA,NA,NA,NA,NA,NA,NA,NA,NA,NA,NA,NA,NA,NA,NA,NA,NA,NA,NA,NA,NA,NA,NA
NA,NA,NA,NA,NA,NA,NA,NA,NA,NA,NA,NA,NA,NA,NA,NA,NA,NA,NA,NA,NA,NA,NA,NA,NA,NA,1454.94249850367,1449.05400387077,1465.17878416224,1467.35305908292,1477.32867026942,1454.8237006191,1473.6069502854,1492.52029152672,1509.44926486121,1519.37213005873,1508.74166596427,1511.9663477881,1505.40692173246,1480.82518420247,1480.07601156157,1476.02401013144,1472.45543226272,1459.25262032671,1467.83440447414,1470.28716459673,1451.40006744198,1451.40522311101,1434.92034744242,1452.39525209749,1449.56890143242,1435.72172255328,1458.42289121924,1463.13282040929,1428.77144605982,1442.33408817153,1439.35698537659,1445.03460166184,1456.45116636295,1442.66463373387,1431.12717813617,1419.96368034428,1381.92872739155,NA,NA,NA,NA,NA,NA,NA,NA,NA,NA,NA,NA,NA,NA,NA,NA,NA,NA,NA,NA,NA,NA,NA,NA,NA,NA
NA,NA,NA,NA,NA,NA,NA,NA,NA,NA,NA,NA,NA,NA,NA,NA,NA,NA,NA,NA,NA,NA,NA,NA,NA,NA,NA,NA,NA,1457.73797371133,1467.49909217625,1471.20013192458,1487.09808300416,1510.66416697289,1505.20451233362,1515.21560792924,1503.58423103441,1485.65411530939,1475.84721431454,1472.56139464112,1480.07601156157,1465.27359358947,1469.92024245563,1480.13929878049,1468.22595817268,1485.34507775129,1467.48061841241,1451.70468599932,1436.03939404874,1451.4188111143,1447.00581804153,1448.20133142534,1458.06343956875,1454.52419157435,1435.87911161335,1435.5744375122,1451.77912938596,1456.9014257319,1445.19104980455,1432.00034916197,NA,NA,NA,NA,NA,NA,NA,NA,NA,NA,NA,NA,NA,NA,NA,NA,NA,NA,NA,NA,NA,NA,NA,NA,NA,NA,NA,NA,NA
NA,NA,NA,NA,NA,NA,NA,NA,NA,NA,NA,NA,NA,NA,NA,NA,NA,NA,NA,NA,NA,NA,NA,NA,NA,NA,NA,NA,NA,NA,NA,1465.05116944808,1472.03031623738,1477.89112405134,1488.49756466042,1480.44718278035,1491.0226130485,1480.08128963025,1475.86044349529,1472.60102542597,1475.87894843808,1475.84721431454,1468.24985996449,1470.32396998698,1485.34507775129,1467.36370441941,1449.56890143242,1451.34631882012,1450.25770466628,1433.41144017791,1441.09665874591,1440.70295342239,1460.40969010011,1423.30018944979,1448.61443347929,1446.68773574685,1465.88259191767,1459.42073374718,NA,NA,NA,NA,NA,NA,NA,NA,NA,NA,NA,NA,NA,NA,NA,NA,NA,NA,NA,NA,NA,NA,NA,NA,NA,NA,NA,NA,NA,NA,NA
NA,NA,NA,NA,NA,NA,NA,NA,NA,NA,NA,NA,NA,NA,NA,NA,NA,NA,NA,NA,NA,NA,NA,NA,NA,NA,NA,NA,NA,NA,NA,NA,NA,NA,NA,1460.34292792839,1470.90888091134,1476.98481034388,1485.28167605534,1485.22399450462,1482.75264834138,1475.84721431454,1472.45543226272,1487.43999228578,1485.34507775129,1467.37434975591,1449.56890143242,1435.00125670185,1456.74500435394,1453.61578540677,1435.16253586092,1439.64512860214,1425.98087419611,1419.94718211629,NA,NA,NA,NA,NA,NA,NA,NA,NA,NA,NA,NA,NA,NA,NA,NA,NA,NA,NA,NA,NA,NA,NA,NA,NA,NA,NA,NA,NA,NA,NA,NA,NA,NA,NA
NA,NA,NA,NA,NA,NA,NA,NA,NA,NA,NA,NA,NA,NA,NA,NA,NA,NA,NA,NA,NA,NA,NA,NA,NA,NA,NA,NA,NA,NA,NA,NA,NA,NA,NA,NA,NA,NA,NA,NA,NA,NA,NA,NA,1451.39466313032,NA,NA,NA,NA,NA,NA,NA,NA,NA,NA,NA,NA,NA,NA,NA,NA,NA,NA,NA,NA,NA,NA,NA,NA,NA,NA,NA,NA,NA,NA,NA,NA,NA,NA,NA,NA,NA,NA,NA,NA,NA,NA,NA,NA
