"V1","V2","V3","V4","V5","V6","V7","V8","V9","V10","V11","V12","V13","V14","V15","V16","V17","V18","V19","V20","V21","V22","V23","V24","V25","V26","V27","V28","V29","V30","V31","V32","V33","V34","V35","V36","V37","V38","V39","V40","V41","V42","V43","V44","V45","V46","V47","V48","V49","V50","V51","V52","V53","V54","V55","V56","V57","V58","V59","V60","V61","V62","V63","V64","V65","V66","V67","V68","V69","V70","V71","V72","V73","V74","V75","V76","V77","V78","V79","V80","V81","V82","V83","V84","V85","V86","V87","V88","V89"
NA,NA,NA,NA,NA,NA,NA,NA,NA,NA,NA,NA,NA,NA,NA,NA,NA,NA,NA,NA,NA,NA,NA,NA,NA,NA,NA,NA,NA,NA,NA,NA,NA,NA,NA,NA,NA,NA,NA,NA,NA,NA,NA,NA,166.281160646936,NA,NA,NA,NA,NA,NA,NA,NA,NA,NA,NA,NA,NA,NA,NA,NA,NA,NA,NA,NA,NA,NA,NA,NA,NA,NA,NA,NA,NA,NA,NA,NA,NA,NA,NA,NA,NA,NA,NA,NA,NA,NA,NA,NA
NA,NA,NA,NA,NA,NA,NA,NA,NA,NA,NA,NA,NA,NA,NA,NA,NA,NA,NA,NA,NA,NA,NA,NA,NA,NA,NA,NA,NA,NA,NA,NA,NA,NA,NA,152.92311456336,152.102076043143,152.649993917701,157.40222037907,158.468424411086,164.227507982304,171.256286162621,174.40406449403,172.650995156768,169.560947067134,167.282081656386,166.23093629668,166.475791515553,166.126867345414,163.482435975048,162.556999075509,159.67450942048,166.4333114766,169.868530363553,NA,NA,NA,NA,NA,NA,NA,NA,NA,NA,NA,NA,NA,NA,NA,NA,NA,NA,NA,NA,NA,NA,NA,NA,NA,NA,NA,NA,NA,NA,NA,NA,NA,NA,NA
NA,NA,NA,NA,NA,NA,NA,NA,NA,NA,NA,NA,NA,NA,NA,NA,NA,NA,NA,NA,NA,NA,NA,NA,NA,NA,NA,NA,NA,NA,NA,161.045891077811,152.498227981737,153.180607768459,151.490902245283,151.322782467067,149.584430275679,153.125397924473,161.228326628335,164.149091068121,165.687433480559,172.000139060811,175.291562117893,175.485954162879,171.802515533147,167.907755744916,166.823887799579,165.870377561353,167.640945256187,167.143063206268,162.977946800314,163.969930602531,165.594481981301,167.375149716809,170.711430895233,170.462466385374,171.167508662358,170.653477650757,NA,NA,NA,NA,NA,NA,NA,NA,NA,NA,NA,NA,NA,NA,NA,NA,NA,NA,NA,NA,NA,NA,NA,NA,NA,NA,NA,NA,NA,NA,NA
NA,NA,NA,NA,NA,NA,NA,NA,NA,NA,NA,NA,NA,NA,NA,NA,NA,NA,NA,NA,NA,NA,NA,NA,NA,NA,NA,NA,NA,158.247983297986,159.816406721982,159.541497323681,152.345136134929,153.326680483485,154.598329708046,150.369169480322,150.345071306355,150.198169520064,161.046732506004,166.659497320248,171.323591722929,174.610394283438,175.71782968462,176.023817738935,169.666624165358,168.989625444147,168.134310123957,167.083117741248,168.82744530072,168.499732474961,165.089770751774,166.291526462253,169.374065149634,170.815405374423,170.549937701801,170.986670040241,170.736675260718,171.424237830851,171.520631479983,170.072842325526,NA,NA,NA,NA,NA,NA,NA,NA,NA,NA,NA,NA,NA,NA,NA,NA,NA,NA,NA,NA,NA,NA,NA,NA,NA,NA,NA,NA,NA
NA,NA,NA,NA,NA,NA,NA,NA,NA,NA,NA,NA,NA,NA,NA,NA,NA,NA,NA,NA,NA,NA,NA,NA,NA,NA,156.646793808981,157.321163937045,156.799125015723,158.969552008534,159.507715015142,157.273997447297,153.614292412455,156.313686102383,159.813311561727,156.336097738643,149.447242037973,155.264811098155,158.532962242986,165.790142828632,172.996501407004,176.924070315968,178.330551895468,179.749974604061,172.346315367338,167.837000823764,168.280033128109,170.063070062668,170.275837106815,168.361800782273,165.608433279761,165.344311649719,169.875487531872,171.202616187459,170.830728868248,170.029456335357,170.066865862008,171.040379758683,169.154654667651,171.516670920524,173.475606047131,172.758314017663,172.440731979777,NA,NA,NA,NA,NA,NA,NA,NA,NA,NA,NA,NA,NA,NA,NA,NA,NA,NA,NA,NA,NA,NA,NA,NA,NA,NA
NA,NA,NA,NA,NA,NA,NA,NA,NA,NA,NA,NA,NA,NA,NA,NA,NA,NA,NA,NA,NA,NA,NA,NA,166.453982978156,158.218645254056,157.362435739567,154.75913921547,155.994239447357,158.496950289756,159.04604713795,156.456260928112,156.030737989187,158.292401811431,160.969964990599,158.247854036138,155.320009857089,159.32142328636,165.176322327873,170.576269097608,175.952994538401,177.429176801638,179.015117529143,179.795504057682,173.60599746351,171.875241686914,171.00385526584,169.491200652589,171.167627245395,173.013669420705,171.065846477451,168.631642953172,171.33568796859,172.192472930156,172.863494814511,171.334791232308,169.514392317404,169.728736190651,172.524655997986,174.508915349459,174.648419039771,175.320157279332,172.23362940918,169.903219179236,172.823834816911,NA,NA,NA,NA,NA,NA,NA,NA,NA,NA,NA,NA,NA,NA,NA,NA,NA,NA,NA,NA,NA,NA,NA,NA
NA,NA,NA,NA,NA,NA,NA,NA,NA,NA,NA,NA,NA,NA,NA,NA,NA,NA,NA,NA,NA,NA,167.670378241833,167.092602793487,163.723500660028,160.880992408771,153.207153512221,155.198489582635,155.257938438934,156.422188202679,157.261012434613,160.506243118072,163.825476362712,159.522537590855,161.472833487937,160.74952213869,157.061842801635,162.294477116097,168.848847249887,173.265497640318,178.39580049415,178.751108232236,179.635292539881,179.858698128013,175.98005820286,171.294712895987,173.333126111126,171.422362317153,176.592932858357,177.277657902706,175.713570076788,175.389877312553,172.473580314646,173.429687230222,173.278475986599,171.575545194199,171.57334115313,171.077765663186,171.672899683315,175.519315423895,174.746564730051,176.742878652726,173.471090889411,173.420434590694,175.311183119765,176.086905236425,177.845972608278,NA,NA,NA,NA,NA,NA,NA,NA,NA,NA,NA,NA,NA,NA,NA,NA,NA,NA,NA,NA,NA,NA
NA,NA,NA,NA,NA,NA,NA,NA,NA,NA,NA,NA,NA,NA,NA,NA,NA,NA,NA,NA,NA,164.288227504328,167.781888508899,164.460485095383,163.882623706634,157.087590496431,151.778420770428,155.280470125337,153.994896669473,157.538585598513,162.339286191147,163.2745999481,162.359736746183,161.299688928442,164.244523312593,159.340588054235,159.384254661025,159.95455560264,163.898386446819,169.695462907312,175.015768682109,177.202249985077,180.181803869085,179.330362975193,176.68444245991,172.887044530326,174.364923893994,174.683019837604,177.482791514158,178.502516775284,173.488248512482,175.383102968171,174.843172022953,178.018265670623,176.105432497848,174.507654470203,171.321511483172,171.19565767442,173.78486912962,178.225623073463,179.313541911727,178.397172779328,181.670048367015,177.438078498211,174.145757536046,179.520497090985,178.134460187813,179.279214713409,NA,NA,NA,NA,NA,NA,NA,NA,NA,NA,NA,NA,NA,NA,NA,NA,NA,NA,NA,NA,NA
NA,NA,NA,NA,NA,NA,NA,NA,NA,NA,NA,NA,NA,NA,NA,NA,NA,NA,NA,160.671359597394,162.715883147808,164.283215177353,162.349231696494,161.215424289548,163.542248385382,152.29823743834,153.181126771212,155.086911351288,155.329461370445,160.351676500501,162.421492370844,163.766024359454,162.249203372844,161.172763817514,162.077184995117,158.067387848764,161.799610373893,156.331003542119,166.662011487182,171.823313488649,174.325666867742,176.867050112138,177.762178265676,179.888259588758,176.522397338729,173.501298150214,175.382028387373,176.114397559169,176.039554821948,179.465385492902,178.497337215044,175.538446514142,176.647977957814,174.432101900097,175.066970626052,174.495451731541,173.304662958332,172.756517577599,175.51112569677,179.426764287559,181.515296229681,182.244218555015,183.624576866482,183.192693588514,182.838227475283,182.816731882982,178.758473507123,177.878581182731,177.379096975908,176.263423217521,NA,NA,NA,NA,NA,NA,NA,NA,NA,NA,NA,NA,NA,NA,NA,NA,NA,NA,NA
NA,NA,NA,NA,NA,NA,NA,NA,NA,NA,NA,NA,NA,NA,NA,NA,NA,NA,156.577850095977,158.768530228946,161.259964587958,160.835825437488,163.070634181354,161.205368863854,156.678277189516,155.543091645065,152.886596026441,155.619476650707,156.991053950342,161.76620058225,162.807730319433,164.743249482536,163.690686535953,163.183932294992,161.593785709619,160.875558184373,157.613779226536,161.915119993855,168.510556898966,172.231986350372,174.081611567545,176.043774324329,178.066891114566,180.058969276143,176.374174581873,173.462252055184,175.208527928439,178.337386733686,177.317482551523,178.563976929752,177.657714213662,176.719143763956,175.315594235612,180.25690126483,178.261215166896,178.094309836515,172.349191882579,174.215737045787,177.156801776648,182.73593891992,183.08640163175,185.902451194268,184.381419130923,185.274234145702,185.94076558014,180.495956487897,180.45865503126,179.330478031605,177.481606076835,177.821331346693,180.577813389992,NA,NA,NA,NA,NA,NA,NA,NA,NA,NA,NA,NA,NA,NA,NA,NA,NA,NA
NA,NA,NA,NA,NA,NA,NA,NA,NA,NA,NA,NA,NA,NA,NA,NA,NA,157.754317171213,154.551124699596,149.311178833176,155.830308644092,159.814644032583,159.649603941654,155.309097290325,155.642462931305,152.074636705696,156.125992014198,158.485331918217,159.184231395303,160.796804418479,163.143046892867,164.808740536807,165.374233690319,165.901364092544,160.935625357619,159.796721767677,154.034933970006,159.49355699123,167.366929176652,172.037690684756,174.534681006506,175.107620677013,176.378309245243,177.867068760409,174.259336957586,175.673144050018,175.169067527079,177.974202716988,178.960957020154,175.325886596498,177.648666487408,175.77787942818,176.41437200617,180.394433263194,182.512452302308,181.884307644668,181.892673585763,183.125205835398,181.4474136525,181.426575461061,185.243005354028,184.721643653969,186.146048150125,187.517929514187,183.425038726712,185.11493780544,181.715463447121,181.049225460604,176.762980125725,178.254097838333,178.156845171688,179.499596448637,NA,NA,NA,NA,NA,NA,NA,NA,NA,NA,NA,NA,NA,NA,NA,NA,NA
NA,NA,NA,NA,NA,NA,NA,NA,NA,NA,NA,NA,NA,NA,NA,161.843987672997,156.645153535827,155.510857174582,148.963765238085,151.145437343818,159.575557922859,161.951184456088,156.441735916986,154.504089958684,154.479919643352,154.59599225934,159.973521318774,161.954812121907,160.017465638607,161.631907179016,165.279908619203,164.34923762114,167.264864846329,163.223534801231,159.929947408419,156.066254869103,155.587832646278,159.819393901792,167.511266536656,174.307519541047,174.743083046062,175.578125023628,174.663665341195,175.915006262404,173.859094871084,172.449591635161,176.46161729181,174.730805174245,173.539909299954,175.208361661582,173.102629719135,173.171819208147,176.846408654749,179.657112959038,181.777616509905,183.599781583032,181.700092932154,182.82848917798,184.457286855,186.713233374503,187.706383079795,186.560061079873,186.407651884767,188.8516065957,189.646946713778,185.177162176044,182.540510448286,181.139896029145,181.962260325009,180.547229934329,181.524720029239,182.848215879071,181.331448323588,181.592956791633,NA,NA,NA,NA,NA,NA,NA,NA,NA,NA,NA,NA,NA,NA,NA
NA,NA,NA,NA,NA,NA,NA,NA,NA,NA,NA,NA,NA,NA,160.026159675119,161.996157638475,153.738380433994,148.083217638525,149.581319765603,155.51842009419,162.709068485952,158.785404693849,158.856172755619,157.103856958098,157.188487479002,159.44415477123,156.919635200075,160.957146254287,164.13237636418,165.527709780402,163.671937395681,167.142997842185,166.851927129728,164.693190799855,158.091981667709,152.754137020493,152.040606783771,158.77933262361,168.588688384531,172.284333042527,175.322766562414,174.496427013971,174.767602902061,174.758761834296,170.823362696874,170.773912205397,171.886335259191,171.380237444438,173.194427103474,173.890048638659,170.487691476148,174.751721401965,175.250813518254,180.132240740174,182.383846176839,182.670812928455,182.253641606887,185.271869558602,188.030752205763,189.759982950084,187.903046673124,190.278984393491,189.092606353283,190.209495369693,191.767257468364,191.733001991921,187.777019994461,185.09002827709,182.181232446449,184.180417253356,184.7127654078,184.334529368951,183.645051557503,182.724132535441,183.093396634495,NA,NA,NA,NA,NA,NA,NA,NA,NA,NA,NA,NA,NA,NA
NA,NA,NA,NA,NA,NA,NA,NA,NA,NA,NA,NA,NA,151.781647367437,159.729863327839,156.463580017655,156.559100181777,151.119050420244,151.849766798862,148.297783771088,153.984319647259,158.843070926102,158.817585194387,154.753600538847,157.726430783826,159.360243296439,159.531474815645,162.645367615188,163.959998628468,166.131340065006,166.049605754451,167.315238652837,167.678385571175,163.797676959672,154.136679802198,149.893704163234,152.132094912635,159.165702639408,166.202438385781,171.503619570137,172.350686495184,173.22070617583,173.490638166818,173.656204759252,173.249346481144,169.166370656825,170.929830413011,167.614164651734,168.23742592063,173.05894951339,169.477432492818,173.446415543372,176.463940697984,177.946574714149,180.795237647064,178.611017987885,180.707353910771,183.987651365153,186.697411283741,190.585459381519,188.924352265196,192.203369511153,194.302067883927,197.996506410268,194.311038117715,195.056419643437,191.993933527734,189.583314684553,186.113830300875,185.581418980937,187.349370031226,186.175989932965,182.738081226368,183.981277168987,187.650332288468,185.580978728411,NA,NA,NA,NA,NA,NA,NA,NA,NA,NA,NA,NA,NA
NA,NA,NA,NA,NA,NA,NA,NA,NA,NA,NA,NA,150.937575292613,149.914974074865,155.400596297918,158.415085439387,155.735881554492,148.767684231652,147.689392326215,149.365457245259,157.721105590656,161.134417357992,157.588414054132,156.815611583004,160.60921463708,163.858043288536,166.654078565556,166.217904731681,165.669813636975,165.626558215194,167.592424895609,169.348168863611,166.867435577281,163.985891020618,151.847313102092,148.7583884295,153.003284459024,158.956234206317,167.935854149108,171.757576153144,173.660461905017,173.744358561251,175.033897782794,173.458603500076,175.715871451164,170.489843351656,168.19674474494,169.795609191642,169.494574517809,168.478955536193,170.883362354211,173.330145454579,175.649430330132,177.930878512523,177.913622728892,177.316652803124,180.984089019349,185.506105553004,188.56853519014,187.84095321451,191.042941728751,192.133467504003,195.213622621413,195.912601820311,196.720072504551,195.431359735958,194.238078077156,191.02122768061,190.962230012148,186.719290880506,188.576239893769,186.151858424814,186.47554656436,187.407525250203,188.117353818264,189.019445768594,186.713581761824,NA,NA,NA,NA,NA,NA,NA,NA,NA,NA,NA,NA
NA,NA,NA,NA,NA,NA,NA,NA,NA,NA,NA,148.693701481421,147.804472999981,149.813737927427,149.602833784239,154.917383491184,146.906774607389,155.982381518166,153.275423993814,156.191843561345,157.207217775953,163.550522211026,163.252134397224,160.85220251137,162.534352347706,164.368083295808,164.130328063618,166.653317793503,167.553849991277,169.085657022472,168.395416953122,168.850494483332,164.529518389512,154.722058590674,153.249409678365,152.198374132665,156.739367847372,162.46971988691,171.129756963132,172.594480836425,173.294569682767,175.112026137535,175.36637183,174.268199693921,175.035381036944,170.692654077428,167.776208297247,169.582914581797,168.706544011334,169.802421603132,168.22453747078,169.961499740025,175.749728971237,177.814265137836,178.0234962737,178.530994552814,180.992315038673,187.654181117955,189.031515690455,188.421346655244,190.783236643733,193.599579634688,195.381170647577,198.033447240521,198.516441616756,199.037753603892,196.389948199421,194.330324159613,193.017446214495,190.549831589399,189.996506870784,190.771978284869,190.383645886656,189.025302001282,187.750582994092,188.543173646427,188.379790968878,189.445111420698,NA,NA,NA,NA,NA,NA,NA,NA,NA,NA,NA
NA,NA,NA,NA,NA,NA,NA,NA,NA,NA,NA,145.445522337532,148.114312374533,147.888998547816,152.952171647439,155.554144585043,154.960404823659,152.890405517435,147.161463859801,152.106855744957,163.330235941991,163.161360246628,163.769325130035,161.78932346225,162.820900569513,164.491389368418,163.969903977782,169.43890230881,169.394066780939,169.416177116915,169.996742229169,168.489762489845,160.110097389555,154.937858991631,153.283882483963,154.159331689257,156.721755698639,163.362195052368,170.130635647887,172.30880592139,173.483100786975,174.92098295869,176.565454496359,175.140251759813,178.687469091835,168.894650965799,169.273691087282,167.545512230179,167.956991702269,166.949474427958,167.899375994962,169.106231307333,171.422236540981,176.852458098964,175.850247454735,176.924962242089,181.167578318714,184.909787528371,188.070573344043,191.807444388437,192.285350820612,194.193208065954,196.958741469063,198.040960064097,198.922842401045,197.101158359424,199.404332266085,200.529640896502,197.300090842405,193.499098093952,194.372840018848,193.76965921998,191.221277362781,191.267808678898,189.475294163504,188.788401532532,188.517551426629,191.389804326569,NA,NA,NA,NA,NA,NA,NA,NA,NA,NA,NA
NA,NA,NA,NA,NA,NA,NA,NA,NA,NA,132.943999953699,138.872236741349,143.142327924403,144.211684020222,150.003248344966,146.320131645146,146.872568825432,147.429816993812,150.626852938805,159.435408294091,165.557363079598,165.557103572689,165.315572346646,163.339367993888,164.971640713731,165.296690229615,167.793559087828,167.691564291219,168.095742546371,169.824014684609,168.527303508495,167.115224088388,157.517147884507,154.432918074851,154.42006820469,155.179540875238,159.307839844284,165.668159106755,171.398271277315,172.929814845396,173.004677663529,174.565686843831,178.680451241382,177.685524993016,177.521865642494,170.678127771806,170.063992759167,166.939082789975,168.475506166376,168.824363719447,167.267059180122,172.61539006507,173.320407881625,174.978853454907,175.243984200489,176.230547944871,183.458184388084,186.603362494273,186.447278445227,190.012592159607,192.696599116575,194.139403497149,195.96086100746,199.055452348528,199.397521652292,199.461418772891,200.832782869482,201.879183427858,199.819770878003,200.532899664313,194.524479005791,194.502881318794,193.300163798166,193.021033902106,193.600390354514,185.791233998882,191.152733743418,190.646942566304,192.655500384598,NA,NA,NA,NA,NA,NA,NA,NA,NA,NA
NA,NA,NA,NA,NA,NA,NA,NA,NA,134.708500015135,132.236646395447,134.727131378338,138.701094397735,139.429088114817,145.287955124153,150.787635953859,150.943464362367,150.283167752994,154.527158339622,168.769383018722,167.313792666274,169.430222199826,166.273693884359,165.186860584545,168.474438062252,169.384245691766,167.58374466813,168.655366136957,172.585605271012,170.292050986066,169.431196760584,163.93019525375,157.929704100927,155.302477085321,153.94317003123,155.372592151276,162.925422852951,168.278952522996,173.622773101611,174.859920928056,176.082279440075,174.203517331246,176.960960497761,178.29094632325,176.566529438531,170.183152749825,166.708470721538,165.104623015073,169.817075497804,165.35231897081,166.846967740892,173.262910310641,173.037688410039,171.283594568816,172.171649668415,174.351888573921,184.420299345464,185.515120897117,188.36489831214,191.770472950485,192.03496186398,192.47461912156,193.88480634209,195.693724257988,198.69280658065,200.76685029565,200.658896144699,201.144198030169,201.466144076839,199.640186408985,197.980977584447,199.21852412793,193.995120107351,193.261676277261,190.794640817282,189.507266866304,189.467786494203,192.595444871819,193.364952534644,191.587085279506,NA,NA,NA,NA,NA,NA,NA,NA,NA
NA,NA,NA,NA,NA,NA,NA,NA,131.395107528422,133.89580001806,132.927186747584,137.533825538334,140.485254658779,140.419666138144,143.460841823732,149.18400718811,156.283420038162,155.360810223135,158.422111181973,170.386527014279,171.706080580135,169.958172181423,169.172501777041,169.587474313144,167.873979295247,167.615029159973,167.218452231594,172.57832500345,172.152220392493,169.836309656857,168.922768833217,162.377198941553,155.364492613468,155.670142729412,155.599471533551,157.446371093167,163.746715354893,167.22932913535,172.987715657466,175.107136953459,175.574354266579,176.09697937229,175.263319573576,176.919756810636,177.128450361077,171.981709915395,167.34126090356,166.952786160086,169.1135138925,167.74496015855,169.967815125194,176.518842249064,174.588677340232,171.276044582574,174.252943073416,178.178958978204,183.140479959034,187.938037773597,188.359090231732,191.879997240606,194.196325491745,192.079376447942,196.964338426464,196.886644362603,201.154049798387,200.692081259429,202.612944594824,202.788342358197,200.682964595567,203.107951127718,200.083740288818,203.154167940201,198.449147739019,192.761185098695,193.387980011437,192.298420743182,191.228341714331,192.011258576819,191.803315467041,189.167220346292,187.000149948348,NA,NA,NA,NA,NA,NA,NA,NA
NA,NA,NA,NA,NA,NA,NA,NA,139.571594695767,139.072668983654,136.720319832454,138.681704342841,139.026312566234,145.136295253227,145.427577026627,150.901757962483,157.438717090417,159.173240794892,161.06734722659,167.99066829501,171.796970876457,168.80810353568,168.232150982607,167.795082522403,168.831191633244,169.654860180833,170.23270605147,172.356283584256,170.556823993443,170.162357920143,166.708889001084,157.280465172584,155.502323623178,157.313603616514,155.534021117228,158.115794936748,162.230843038766,170.991877077314,174.169834469851,174.864047600944,174.889720009291,176.948919374406,177.404635035975,176.866781264741,173.704231195857,171.298477748021,171.57705937556,163.581961591948,168.034277435049,168.861206190231,171.037365615482,174.633650625172,170.969363873186,171.45457519723,171.621349601462,178.975699006034,184.999220591291,188.433386328206,188.47631094754,191.992209419853,193.507078428864,193.608330594684,193.495191658279,197.923330085205,200.503102584737,200.765414301213,202.076165302668,201.910770521298,201.335583912329,202.309125481377,199.182847483967,202.081894765568,198.495235107736,197.632387780046,192.317414932219,191.365670707014,189.853623781821,191.029910336227,192.431185523601,190.709649595601,191.560635203373,NA,NA,NA,NA,NA,NA,NA,NA
NA,NA,NA,NA,NA,NA,NA,138.32446041745,140.798307206551,141.798312962312,140.206668497857,139.941617218559,139.618315313151,143.105862629158,148.910212530064,149.320948057664,157.531256308888,159.446520638238,162.309265578672,173.094607284232,173.646057043204,174.35102237717,170.465874841812,169.775463078253,169.845651606901,172.287770644254,173.611410037908,170.336016314094,169.772849348934,170.891654686338,164.306779008321,157.265625922929,157.622899747366,157.844000138288,158.491443235586,161.726226010107,165.601451610971,170.252415950634,172.564669800622,174.783367133358,177.762020403232,176.819239629841,176.182898804173,176.154559952914,175.144333445165,168.392449820119,166.337478596111,163.69702826596,166.315982550493,167.506973671424,168.215275767202,171.169053725345,170.16731926662,169.817867243572,173.671505858419,180.054537613366,185.557304780474,186.3269844134,187.901339413376,189.300075078763,191.970428854073,191.861071852148,192.631398175491,194.686591172776,197.109684253121,200.252813334037,203.526065042468,201.042301518831,201.075296395304,204.976563008805,201.231956399005,203.341387407409,204.356625303786,197.550459228149,192.29552307102,191.973170925569,191.116049984808,189.397558123446,188.460358206852,189.967628114635,188.605135930649,187.894297583594,NA,NA,NA,NA,NA,NA,NA
NA,NA,NA,NA,NA,NA,137.955485769449,140.855090503774,139.846480485405,143.162085782414,144.841333176502,143.327669603325,143.833962110468,141.389448681021,146.913820367687,150.214870702596,156.426720930367,159.044017287746,162.686782187837,166.313514895525,166.324277053666,167.119441713672,169.864472643888,169.72995299103,168.960740458421,169.9074749756,171.798056358945,167.751011728635,169.010238483962,165.54367176865,160.290399599107,155.657123796892,156.831872285023,157.570813059062,159.137839079221,161.912922773743,166.243989050136,166.838495721261,170.06270772132,171.798050711639,174.066506823775,176.460047779347,175.646000282483,177.577645874759,174.829329560688,170.128419697478,167.43565222945,166.159131850174,166.984615568489,167.936592341243,172.483499089964,169.271835523272,170.179587935843,168.489844381707,174.517722245944,181.084746394188,185.666570262419,188.020616353525,187.630731180213,190.335265407436,190.984282087011,192.184182839182,192.573327630466,195.368285337442,196.790830474566,200.517776727658,202.371082976797,201.599749347697,202.217199516292,201.64468714339,203.413125270233,201.322521760124,201.269528235615,199.043656558217,195.666488227698,192.269636165021,192.1970259808,187.550162094661,185.166150975069,188.11867922265,187.605676295349,187.85934514663,184.052591155061,NA,NA,NA,NA,NA,NA
NA,NA,NA,NA,NA,NA,144.286641561756,139.743564949514,141.710842551163,143.087151961637,145.58628559319,146.865089804299,144.549032452953,143.701690942211,144.682352551224,148.480193233151,150.676911394334,154.783442730731,160.256251846272,163.727787730611,165.061781845369,162.185500531938,164.419027083344,166.442480488731,166.759510664773,169.212020058053,169.322012853201,166.857457293099,165.1378720146,163.105479435426,159.429957072439,157.835863181972,158.181506788101,157.764434354874,160.896799461635,163.072818826994,164.333282485665,166.761024854001,168.055321326417,170.309421431222,175.932657001176,174.901627926411,175.849117950574,178.481600465356,168.356710737851,171.059500287305,168.719547115787,166.967186018912,171.854122394845,167.584085800715,171.072667963233,170.378872946441,168.105333924296,167.964292394966,176.132785532095,181.730338621457,186.969317798772,188.186819109726,188.759973780772,189.499792482626,191.389173069061,191.88201319023,193.723133661748,195.448899879566,197.662130109596,200.083562635919,202.73556185164,201.94943909849,198.058829026773,199.965437638336,200.015022386227,201.884386965818,199.474493064256,198.203027094939,197.4682534064,191.661019824107,191.17841193667,188.852124467842,186.228751539425,186.801082790275,189.494955555729,186.322822409413,184.65519200258,NA,NA,NA,NA,NA,NA
NA,NA,NA,NA,NA,148.056786204094,145.005702765577,144.259122598437,143.346355329581,142.970268317629,144.007168026684,142.992266488775,146.007784135143,141.781802464964,147.774782234032,148.212096625191,152.297802793595,157.787055112252,156.838830949673,164.840668108218,165.027026220854,162.475224431875,163.147018208828,163.783871373297,163.143910016147,166.536766679915,165.484015725146,164.465487037624,161.510041356429,160.017310321023,157.198747419064,159.786935899737,159.285252106607,158.141682965037,161.155429300638,163.221586185731,162.710400069954,162.866637949305,167.875435190748,171.029452232796,173.081108266053,175.200781765923,177.538799623882,176.52176276442,172.267605533774,168.92087539563,170.271660663473,171.021416977067,169.860140313639,169.507286720247,171.39001564685,168.183392706532,166.531097225998,166.555365038497,174.086468009226,183.289737116406,185.069180851968,187.157892632482,190.265161305654,190.21615598049,189.954444425985,191.669936929337,195.51643035629,197.732690729265,199.588731098926,200.440614486814,202.905642530306,200.068339814404,199.872981903177,198.777269470881,201.766567908722,199.803887914402,198.552796868346,199.616191658023,198.012723585719,195.024029920704,191.696284371163,189.516631179798,189.448656778624,186.829288649466,188.708461328455,186.615494910858,186.151912440582,184.006368151336,NA,NA,NA,NA,NA
NA,NA,NA,NA,NA,148.543256075341,147.965495102666,144.231421386272,146.057590250918,144.871034488123,143.509723655521,143.374893143467,146.236792932552,143.401414125986,145.591185936675,147.737873700603,151.349578653312,154.108368608027,157.777738148682,163.605663208104,159.90695337443,161.920410969205,165.944705957342,162.225758313288,164.676533062366,164.473877462007,161.306143410914,160.887100407314,158.998208067333,156.458909202888,156.073383844618,159.636146727103,158.775866168611,161.272706802166,162.941252948808,163.797951364885,163.224942866015,163.274664127063,166.069051988646,169.724324059437,172.414025515867,175.277543904615,177.456744662981,176.357991330598,168.315269465194,168.386054176458,169.481255173155,168.557553600581,171.86128176575,169.81002672662,168.618565319895,167.517429068637,163.708613089847,167.789662245132,174.405984803901,181.259041108164,187.783650890965,187.487830961398,190.200153430507,188.896319585434,189.388829758918,190.429813849262,192.854695565534,197.267578861383,198.742285812241,203.265713579879,203.753971307272,198.922233165699,199.315190036179,198.55585250413,199.708350705599,198.608035795762,201.026021196173,197.263323729673,196.670200953238,197.609010005737,191.403552234179,192.347550116643,188.627201725885,190.047050607896,186.608830281991,187.536736971227,186.880524569494,184.493983887509,NA,NA,NA,NA,NA
NA,NA,NA,NA,152.928591650583,149.433072545344,148.032356722043,148.017420249982,147.586942734437,145.233762065944,142.607865674756,144.447635211678,146.657021161326,145.367338465616,145.800282608035,147.449024935286,154.221378959933,154.323927238001,159.981562309327,162.641674289693,159.578126416632,162.663540097436,165.245064601117,162.944295321987,163.166630828717,161.821823116713,160.541056477159,160.23222177399,157.961528992096,157.778455237238,157.764639798779,159.558704629941,159.75332984836,162.273332724103,162.40198793185,163.809238816735,164.254907724976,163.812746282761,167.970260356311,169.416123276407,173.814943408329,176.101860878834,177.274349644582,179.9490597478,168.788938709427,168.296885668429,170.402372681587,172.411407173484,171.253278873934,169.775259063563,171.71243940232,171.093424519022,166.652388824182,166.728262603632,174.88477834103,183.70956974516,187.83034361307,188.254240255614,189.599713336798,189.435066257756,191.376417285628,194.96417995977,197.279194586148,198.933433794394,199.303209005292,198.80689473604,204.043844623793,200.947098688549,200.635417709557,198.211029864067,199.342677089967,198.193829497062,201.060345840315,201.386751237873,195.652273078029,195.199752118545,194.202682639871,192.120073245987,189.377029947153,189.093497378401,187.696849979644,186.64560625107,183.845791426984,183.247048285882,180.492892489324,NA,NA,NA,NA
NA,NA,NA,NA,152.193573121181,152.680471626557,152.62058543914,151.362841949474,148.762744815583,146.718394565465,143.923772077198,146.996079666658,145.68466350886,145.340873515795,149.24297407623,151.324262281823,153.562526385161,154.790127274934,160.945115090301,160.23926121835,160.876719003098,158.8439273283,162.035955360392,162.802493870247,163.22788000904,159.122209039893,158.878871271287,156.883921430096,157.717817822529,158.024085216359,158.260828955809,157.744424781976,162.265589514117,161.478006510637,161.234520069838,163.993021368651,165.354340317107,165.427542482332,168.207919546719,168.784716891822,170.704072687911,174.564933059513,176.428811286875,174.306174214548,172.709972395327,172.707348710644,179.044551125408,173.907812761722,170.118044114815,174.80747007503,173.501675617102,171.402687082165,170.081098269326,170.600500073019,178.757435642074,182.037776383994,185.899336167997,187.681996224171,190.696430080711,192.853492904421,195.034288414021,197.159224069506,197.861899151298,198.700181663946,198.594630477556,201.319893267626,201.73636613322,201.935080368243,203.979048032352,203.320977357364,203.549883458988,202.649522482947,199.748462739891,200.588534412318,199.817026758587,194.043971098304,191.283299166491,191.178810864673,190.753257966459,190.906803951157,188.755029193984,189.787322832768,184.866340431311,180.492823572279,180.062489057362,NA,NA,NA,NA
NA,NA,NA,NA,153.675795745898,153.487786727911,151.024877566553,154.053988897014,150.92565314181,149.219562713927,147.454222567103,148.842559455142,147.5983568722,147.225806025874,150.399198215563,152.88704447509,155.161659527448,159.292374217796,163.854341540683,162.495804931736,156.719699599221,158.675418285192,161.803888073928,163.250127646146,158.086850787795,158.352744050325,156.839477384523,157.74633006464,154.914681289092,158.232202523046,159.05561826666,159.815844696599,160.035777844141,163.382128508175,160.698358331054,161.613610092932,165.591633364189,167.191928820037,167.253583423259,167.337819281027,169.642199413376,170.798717415059,175.49775643424,177.3584634044,175.711406551943,176.089279206146,178.845582359259,170.88357975533,172.18988292109,173.56200303099,174.014711632536,175.80497188513,175.278838933446,175.435058674194,180.074633074429,187.260755663973,188.051184388461,189.267790528758,189.442980923239,191.42196443665,194.765753731175,196.1949848584,199.806653792951,196.560777495617,197.158505282822,200.836147962942,202.233153383819,200.109996702848,203.683739822299,204.076352230978,205.428374304744,203.940606739736,200.527261433278,199.585119834063,200.60356489893,196.038920687481,194.58379863991,193.078966041776,191.407942733197,190.889323384867,189.78232521495,188.722462697452,184.174275481926,181.552913055854,179.64081720666,NA,NA,NA,NA
NA,NA,NA,155.298960568896,152.334966889404,154.693579221305,152.857335407219,153.389394437075,153.965145939711,150.236502452973,150.253938849668,150.195263363372,148.348239450197,152.066086754675,150.912734896927,152.383350450009,155.885956139391,156.428625790901,158.132516654139,163.788992947517,159.181409561813,160.276293358862,158.969746104141,158.70978393998,157.620820740595,155.203015768351,154.875423414766,156.3133763268,157.434232472108,156.782619751778,161.243348017916,162.431393718367,162.495755964871,161.680328871778,160.188030545295,164.289316131638,165.549213717876,166.075964015709,167.562167920415,167.887875639704,169.884082126017,170.382570333049,176.446429953015,179.892525136254,177.163354375536,176.723699062889,175.047610242497,171.340644427531,170.264199127962,174.681177823869,173.874734983668,177.743167156528,177.076126913482,178.936682065254,183.868991064651,189.240759041782,189.57618317619,188.752067873323,189.183307504383,190.128302377661,193.761742903814,195.795318435442,194.558263786919,194.672207325262,196.866248714637,199.337295820277,199.139923209325,199.599804965613,203.407205223302,206.129290485698,206.519452819378,204.614306740236,200.616272572753,201.068479055666,200.152144606659,197.986583274989,193.811766633877,193.681489529622,192.30498635166,191.288842742633,190.459581376459,191.061809256566,186.831310778703,181.822023084281,179.771472728192,178.546053629865,NA,NA,NA
NA,NA,NA,155.550153331959,153.608719945399,153.890768563198,155.681859033348,156.014825210489,154.848578507899,153.848876240543,151.282742446267,148.069760782776,152.61906878396,151.016256338163,148.922420395341,153.468617967886,155.334248969662,156.670139553479,154.966168192523,160.096215966998,159.095150648982,158.284043991417,158.876944245932,158.212949289698,155.041753559804,154.025766782772,153.62700188236,156.015273787155,157.918614033258,161.289024078285,161.721259801975,161.564518871498,162.372415456307,160.654175510343,161.587375829385,164.134702581378,167.182317389056,165.951645924474,167.967204199608,167.264987290538,168.185635554652,168.872146208068,175.189709993506,173.813503155379,175.379158558637,177.234764063058,173.001376603685,171.481342609378,170.081262821761,174.039683010907,176.871217998518,180.323949007657,180.347265755433,182.300129409006,186.564704178258,189.180648219139,191.829937433195,189.374559637753,188.983245287843,189.126080506011,192.19996956357,194.0476834227,195.44175655791,197.488481072976,197.876893655022,200.975619470368,198.294099343898,201.835462465112,207.362930927489,206.57505891156,206.865716572963,206.344001603516,200.556618798643,199.379321233402,200.589567750602,198.489942256171,195.412187720755,193.520415593711,192.106002282983,191.830857544442,189.928426308638,189.113040761201,185.585761732428,182.742502830494,182.063974445829,182.5410474654,NA,NA,NA
NA,NA,154.77690475992,155.202772204592,155.503372946267,154.535000127271,154.390339681882,158.016203383004,155.710547996609,155.362586702562,151.706806510991,151.075171712308,152.965474638553,148.529636020204,152.130718867246,153.04211538412,152.723484220398,154.18120066207,156.357426535866,156.766246478589,152.443034048125,154.116939072234,155.085451617059,157.354216584962,154.834229813982,153.174789324507,156.360941429873,156.355482174434,158.802674256553,158.463751492566,160.556596176969,161.538540335732,161.78975873956,162.245609842666,162.754622409975,164.467331752415,165.102267714937,166.36461840252,166.617196974622,167.249348802295,166.221448891942,169.334862898425,173.223990532933,172.713268821748,173.752988686206,178.556575621853,179.686823424351,171.666968771041,173.057003428105,173.053847554734,177.755749860882,179.898962457063,182.517606508353,182.370221549693,187.135175164435,189.974487709214,195.709260993797,194.570707290822,191.746594574428,189.579837165892,190.918591343049,194.532460309525,195.15793538088,197.188291189802,195.148807521158,194.718485750051,198.591445128517,203.202427049398,204.746025658035,203.678701007058,205.254099837608,205.47272929401,203.96939285532,199.603055123582,198.769785637129,197.406412867716,195.572693138305,193.399658948357,194.395407628923,191.451845221817,189.361973462847,188.134045268337,187.880959163834,183.914466532609,179.963395120475,179.901293108144,177.153138462262,NA,NA
NA,NA,154.415362208554,153.191923331268,153.145215220392,154.521604719549,154.970112121605,154.509595699027,155.576366111491,155.03241258016,153.020733194974,155.170021481689,151.917899646776,151.936447840098,150.626929689253,152.522342076363,152.361506373027,153.766335461074,152.577016373304,151.933029354352,152.129364790927,151.398816482414,154.572763574539,154.16828276014,153.240300117826,154.142487562431,157.574677173579,158.869995445779,160.495016459981,159.810511059117,159.329034566722,163.644418162657,162.826795423041,164.359958830587,162.737602044746,164.596216752151,165.926288232658,166.500125041515,166.72539046192,168.686648285925,168.370457732883,169.288827854269,168.889829666515,174.77437105104,174.808024545128,181.01740666936,178.210937912273,174.923249076219,174.213819969733,176.119614216174,176.019855615345,179.075125733588,183.670798958267,185.912058409338,184.844323220526,190.468073740979,193.133557560192,195.620479552741,193.379593449253,189.421254381029,192.897064982063,194.291092491319,194.73534740967,195.092100463664,196.056611225541,195.908555415245,196.799772459165,197.934635035707,203.353501775479,207.024158545378,203.149830669123,205.060300147652,203.274688662193,200.334511769814,199.560566266509,201.232654722989,196.724666720414,194.213274793389,193.239730260554,189.385364696508,187.233210148138,187.737908318076,185.098561103374,183.062278856786,180.025152610744,179.578667871539,179.034475836739,NA,NA
NA,NA,153.628370044333,152.159889529818,155.234688838857,155.544830672715,155.172959663895,157.008933179151,154.521570566462,155.407892393162,153.315680051054,152.273083860883,153.218277065312,151.377276801046,153.210672531952,149.288586660574,151.612614355783,151.857991816673,152.513855115852,152.818659801066,154.54139256405,153.397997522865,151.485487155524,153.27382119885,153.202103505505,155.144000099869,158.9378939791,159.571433526131,158.610755450867,159.497580484996,162.228936175673,163.017760339792,163.237804012095,162.771612340318,164.578308335368,164.005839816437,165.42764387718,166.138689111719,166.864217861063,165.582690270443,169.386497764676,168.058208037035,166.714831243893,164.677412340905,172.869189024745,181.51667746956,174.945856972926,176.422041777616,173.742016008405,175.839800578627,175.540467926194,178.964174390954,181.917738210284,184.442492993544,185.463290253424,189.942724775128,193.312551792054,195.516556216904,194.949923913121,194.83263485602,196.104248305565,195.12672345782,192.711984116911,194.252666420635,196.12966754975,197.242099305184,196.932221367458,198.202807074051,200.951977857804,204.629836231375,207.181648836798,206.875755061962,205.643110276994,203.482815264533,199.908752846382,199.737094406639,196.193854733569,196.61654638054,194.328141433882,193.259191353299,189.588553138484,187.46895061856,188.43784987577,182.572911359882,179.191132330708,178.238086841323,178.610245577665,NA,NA
NA,NA,151.932997498774,153.739465897445,155.81733616461,157.240207787669,154.639579504058,155.094026999384,154.344878111257,155.040368934616,155.534186044953,152.125139708235,151.569239656664,152.918271761422,149.656449409444,150.059839222995,150.102953366903,149.579193611757,151.240518303602,152.302364045697,153.833883371687,152.933420820313,153.450830462005,152.893209312007,155.44785425696,154.616920774502,158.310285449834,159.391973855892,160.251277691534,162.128308000606,163.261120441097,163.790510991712,163.793960184217,164.293466576834,163.911687267801,162.404431240402,166.27591026371,165.860756111354,167.154693899044,165.408017497366,169.33503347602,168.227954536365,167.333022486072,163.579240450641,170.040582607045,174.804709596733,175.441699916476,177.283214955247,175.346241530776,178.967545279947,181.433243337779,179.152585177566,178.607985600544,185.424644614685,185.140599496883,190.525355572345,194.461306536761,196.71539657373,196.029358208197,196.264446607108,193.558704048852,195.01701419309,193.195767328362,193.408688738754,196.61840342215,195.365592448953,193.167738100384,193.155405690462,197.69411997757,202.244881431883,205.183955530003,205.97434043446,207.025839709035,206.729918282341,203.879607828177,201.494797936746,197.493350851279,197.588771160267,193.778666181163,193.318396722309,189.324523165008,184.982498514079,184.725812076328,181.028538531708,177.199229968494,177.373479463846,177.469308184081,NA,NA
NA,154.806708558246,152.34265781939,154.477627994936,155.305582257733,159.107876919888,157.050821932041,156.294236490895,154.173378962053,155.879204595489,154.805959669307,153.494323495966,153.641539875891,151.10996074721,152.490093980155,150.825082958735,151.058622683693,150.125283142473,152.370160971117,153.388456224932,153.534982495173,152.425107323833,152.373199186045,150.947558077552,151.886458182552,153.903189851057,160.55354198294,158.490340709826,159.391005852328,161.363957533033,166.383294410286,165.100907940231,164.739536587201,166.426632378244,163.618781988316,164.506628899531,164.829256272518,167.68179913448,169.20201432837,168.570784644881,168.013842691672,170.49375672352,166.842506221472,166.523541286184,171.483584270924,169.539651628529,173.073698618614,178.780809976046,176.272944909435,180.952401948881,179.382557970749,175.839600338757,177.257325452478,184.229058962191,185.285266992314,193.049886010472,197.280785682277,197.905963574261,197.076982915687,197.460963476224,197.461569119955,196.070597689081,195.177862678025,193.617086128506,195.654519152084,194.950459204033,194.332754538855,193.073143787735,194.474540147578,198.62428225619,205.725819750982,205.512500739135,205.475037657933,204.144870590995,203.530295266555,200.962699922651,197.870208867452,195.07914894837,191.430038150444,190.243561676356,189.241015024171,183.347900490124,182.963915879052,178.897613139839,178.112692427666,176.981707372845,175.57179987227,173.816017013712,NA
NA,156.859464863446,153.756484973176,156.594697018726,156.812009002287,158.21584848365,156.393436443798,155.648638891372,154.163697392703,156.08673120164,153.943933772668,155.786140354497,154.133522110905,154.063064180611,153.284120774211,151.946662312888,153.401089274299,150.934973911717,151.575686664301,154.856980192943,154.215348608347,154.366618600294,155.26919949749,153.725070897376,152.38654263701,154.642445762604,157.330012138736,159.386807698076,160.159929804881,160.700939906102,164.637067666074,165.121811956977,163.745882062701,165.658681857645,165.53307673121,164.94073466238,163.272831180916,167.41055087721,168.533309626667,169.427882779318,168.860030979909,170.300681191261,164.201471041568,167.399069262683,168.978324024425,166.406636145135,171.409557257985,174.691937604999,174.947854580052,177.504961263691,173.054549125707,170.337674353613,177.847098754941,180.627858560441,186.523400516627,192.816909004571,195.34739033727,198.840586155697,199.232395128725,199.657458966168,198.825242225505,195.486444449931,193.590577749273,193.562389099045,194.003914450466,194.524532849185,191.948873729669,191.206795209792,195.412286070684,197.961704677434,204.90840206074,205.490903385036,206.341747812041,206.759367481527,204.028517564498,201.888039174117,195.594150269595,193.016306610204,192.171323562023,189.815173217176,186.633327699312,183.105570274664,180.245734757646,179.275416453398,177.634616508293,178.308158096729,176.905365024537,176.3867379151,NA
NA,154.059458646892,155.443100621463,158.763191496673,156.581140972602,158.575873514218,158.223624592163,157.069463204699,154.893033390845,155.312900621234,155.357658561523,156.180293026429,157.5503079565,155.054892464565,155.116239751786,154.514902765402,155.315972023068,155.000927251966,157.266484067952,155.130011091724,156.346517858804,156.39261349928,157.114756088744,157.011505534611,157.514080860113,156.267700923812,157.40049024522,159.712891592843,161.445131894946,163.546481195812,163.786722546971,162.803584289238,164.153464431726,164.458467956141,164.066649245892,163.871898391305,165.669616574273,168.043740560901,168.948425597671,171.471198977362,174.433337103579,168.177784166002,170.97773382635,162.709760563994,164.604433086049,160.482196519397,165.753273406564,172.348054670483,175.305259290768,170.95638284909,169.724549202837,173.468705282329,176.987415330408,185.127836906821,186.2875822587,189.97143976269,197.406884578575,199.521096828365,201.157604330732,199.673390976852,200.182941387826,198.173875826877,195.567270979582,196.128197520083,195.460033770495,192.695598189886,192.117403276912,193.714317004299,191.605291677677,198.874140890373,203.589262167307,206.632170622083,206.615112705402,207.110266775009,201.042631191068,199.063010180761,194.240206973024,192.995661317596,193.704587363103,189.666006305176,187.107451113913,182.954999597366,178.764929084859,177.428085611134,176.313207863968,177.954073535967,177.313201334937,177.309561100979,NA
NA,154.788409642389,155.782047948433,156.57962608989,158.891769600378,159.37122610637,157.099485501503,157.637873943505,156.638101458171,153.748971368852,156.747467179587,156.143884637428,163.549112358318,158.404400434298,157.555748637257,155.238823788705,157.345086064443,156.183316491804,155.876152745118,157.701434620309,157.672210536664,157.827791615479,156.40394707452,158.245267531087,159.100187801948,158.96083043782,157.215876758769,159.43008451448,162.225436450428,162.9783309592,163.805220521418,161.248010925168,161.600886750206,163.392189670503,162.872618168817,163.099512642361,164.440413943304,166.07158275205,170.855430998091,174.171598617077,175.447798847621,171.74960689784,167.92552896784,164.634406797184,154.282841834863,156.031909082406,156.21524787017,170.472436871263,175.369174319473,171.222508797549,165.654929666687,171.55457162173,179.89398935074,185.603496558029,187.248007066258,190.991678886654,199.540521310693,202.15854290954,203.416389544053,200.483568757911,200.712067876278,198.886227853652,198.935115904168,197.438294217604,192.793559413226,194.152478592927,195.131824736059,193.944064600079,193.445594069633,196.964737920173,202.696626596882,206.939557581664,205.629834983539,203.935665815253,200.044433532652,198.808568380015,196.834840034467,194.877431053199,194.864246153026,190.494186643472,187.367535239085,184.600604622481,182.455838016185,181.204585928899,177.769371938471,178.888715540408,177.313089503214,174.101282276856,NA
NA,154.738017848297,154.933841573394,155.068643503764,158.16875359372,159.978402788976,158.065238589206,158.058194343893,157.29582947747,157.584181591517,158.045352417621,163.401077164287,161.684415486801,160.134270268573,160.668686458396,159.704588813367,158.479729527879,158.231315669071,158.131429559237,158.323754183574,159.231618778767,160.333963887851,157.785617582437,158.845420618128,158.9525415961,159.852870998223,156.209760514306,160.366128876343,162.520173323631,162.335602242443,160.634758890281,159.802494930718,160.02265330308,163.254807939239,162.796317969507,162.25601451242,164.035162738831,170.005375088109,169.665381860138,173.49472863184,170.120996847326,167.926315104645,162.967090834889,166.54395301137,160.811932670839,147.245471383094,144.706651746347,164.459847631079,172.099913397224,173.506852764399,167.296645360612,173.758158572087,178.91070678024,184.651698892776,188.928257601074,195.386985953543,199.910841558677,203.613791095941,201.454871603823,200.652075776857,200.221121813778,201.077088964104,199.77331201465,198.449403900066,193.860680471479,191.99941249156,192.317714346774,192.772077568059,191.593496548799,195.603094069791,200.428268848265,202.811407592467,202.306110440183,205.91723345513,201.285521137142,198.116626341038,192.244920363844,190.391914264863,190.617664393862,190.42070642494,189.059825246613,186.457473993881,181.822825630508,178.818746008893,178.160132108538,177.972043375814,178.826390056149,173.674738303183,NA
NA,154.681189254251,152.994365473348,154.230059407803,155.429632539574,161.091156542096,157.106359964622,158.315883855267,159.45767146539,155.86775203877,163.419081176014,160.379547905601,162.287580811603,162.430261893707,160.396132360691,160.845927586491,159.273247025076,160.132608280194,161.299881113884,161.024891790154,160.43040031606,158.66643766768,158.40249829155,157.056344435075,155.943949669687,156.065991202262,154.277270769094,160.303690706502,162.213160629852,161.257904166853,159.186444512888,161.683280551687,159.692651364372,160.122023384835,163.282672854866,163.43111682589,164.604078206587,169.099958552857,170.993079595007,173.569647198154,173.385259937101,167.030505533503,168.218546755451,165.397648775812,161.732357085353,154.644611053961,144.450743855479,147.306056036317,170.036735857468,167.237517766172,171.526337005556,177.059669247909,181.012904274423,186.531683714752,192.909795355118,196.826590429085,201.870570993563,203.986521823931,203.292252647522,200.69555982912,201.20979588816,198.7169381204,200.438333587505,197.664939110449,194.156665040467,188.802037690733,191.833521365479,193.297909038591,194.014009749785,197.05789141222,199.71053982922,203.962682180622,203.253204667118,200.88416025007,200.073879933465,197.107583673265,195.639190639385,191.34369392173,188.353867931138,189.616996836485,189.058887684969,183.117564162688,184.105144045703,182.994464342822,177.252492467163,176.874498774209,175.796498485788,176.679278527837,NA
NA,152.292630142133,153.154631522277,153.798859221383,153.546809539045,158.482476506453,160.935475483334,161.273977540887,159.149956747147,159.281176933348,159.792711632411,162.812687840246,163.220151756863,162.203417145584,166.333211832067,162.467618152657,162.864756239604,160.593322702824,163.021242404008,163.727630199396,162.623119877563,158.109449791217,159.332113201897,157.450074402667,157.185271957817,157.375499302088,158.32523826339,159.881343619634,163.218345349846,162.083593457275,161.428983482376,160.118688823467,158.771211818186,159.850649484685,161.436455323348,162.372154698629,166.035828153282,169.383919961001,173.891660316816,176.023228794657,173.141631652761,167.362261162604,163.792123047776,164.145270988699,158.049399880142,155.165183458298,144.42778083717,144.092873200721,158.266436979711,169.677632429839,166.760400962896,176.598999768213,186.687539594987,190.173484067738,191.558816135735,197.630961080661,204.180523706509,205.241004782924,204.093848274197,203.030667467305,201.779799040881,203.675145223584,202.854230767139,197.935719667372,193.31236496797,194.517862640747,193.705371694034,194.831979660541,194.82631372763,195.404408393719,200.258411140737,200.601678853845,198.485198750722,199.468649734735,200.87047838035,197.444905249284,194.828611041899,190.248297425203,188.099944647694,190.134379487193,190.038951997736,186.281314135825,183.781754552171,181.774417720097,177.306347941574,176.702396990712,176.170114808228,177.128311598634,NA
NA,150.206591645555,151.171191558195,153.345758729435,155.289474727731,155.378158844358,159.074413316692,159.820338825291,158.8609747044,160.069959466338,162.16873595024,165.222640317011,167.729348578991,162.901757577546,164.591748701162,164.619391328049,163.0397442557,160.446690303543,159.451181970085,161.900030568109,163.322913993457,158.112799920974,157.102013561561,158.053755777824,158.598659449462,158.863417218878,158.389105904659,160.578189993973,161.075357139596,162.844156126229,161.144933616798,160.619023989026,157.418050444296,159.594346654837,161.839201826717,163.265325433535,166.951827848847,170.210483264146,173.685897925949,174.364033315209,172.950085348858,167.026201315033,163.597455317158,165.832559278351,164.593162796625,155.057102443654,154.177793441205,155.254244059647,152.554531235598,170.003328879387,176.133826410033,179.709295434483,187.051060900055,189.884208430837,192.846814512265,197.095446968548,205.092468577165,204.920741557574,203.869934257161,204.674368756496,204.127592764558,204.226742437671,206.61948610905,202.620428250908,196.660875178107,193.331397600094,193.40425930145,193.598956858193,195.276756158603,196.280009927789,198.736542225259,200.209078723918,199.28322179841,202.210545196654,198.806171213507,193.050032096363,193.959434714203,189.24762716205,188.033256643442,189.610585399214,191.236242356225,186.419000903917,184.018135455482,182.045546278545,178.130702819634,175.454957253011,176.490189236749,176.055228357709,NA
NA,148.122272331179,149.641406958476,151.993497658696,152.047530681788,152.922259617694,157.520473820586,159.032361590023,160.046653723214,157.26088198879,166.067993564059,163.968451964592,165.131090713557,164.845802391873,166.794012126093,165.761768789824,164.023235029977,163.408642908206,160.066783427122,158.4811524325,160.969200245097,160.888100661988,158.292143515557,159.016015878761,156.46419379177,155.441288573558,158.857734901642,162.404773308728,162.304939837156,163.250480041775,163.169114021284,161.851384883864,159.238283174274,160.014754832727,160.526586944106,164.63070826365,167.044320912963,171.919029954325,177.149356906443,176.850615051085,173.820837955145,170.255446358799,167.332196848754,163.14080658548,162.439252147208,155.363114115503,157.788790364761,153.695579584376,156.992638276835,171.501841909468,175.544213469728,185.496019708254,193.282876420858,192.59847853262,193.269231124765,201.454603450376,204.640350872183,204.528614353588,204.296891401412,203.124863991796,205.550119953636,205.811947209561,206.765348139516,200.29949730509,196.094701074661,191.12967136613,195.08685640478,194.818831968272,194.447832819923,196.236676412,197.564238173205,199.964054544553,198.363009621841,196.282514975314,195.2037236982,194.696213409644,192.656673403563,188.496515401102,187.605374371009,188.253123015784,190.129928801143,184.875690864537,179.053443985496,179.840190498857,179.594087537508,176.918190801411,176.086306083494,175.745013953566,NA
147.102990016122,149.304158133461,150.192333053683,152.596950404329,152.14899014825,152.93620538886,157.064604470374,160.05849164099,159.713156975669,159.277433914788,162.007242215202,166.051670710803,165.853933725933,165.963007564156,166.165727120982,166.018234977,163.714432280844,164.481832109965,162.370011137608,161.896709059959,162.376859240926,160.420683810214,159.651813680082,156.760173972209,158.673242168631,158.659484872242,160.391144826482,160.991476972007,163.609246639402,163.909721161351,162.428497389621,161.354815941803,160.971267656984,160.475938857133,159.97873496289,165.926324358915,166.989615665004,172.555208876947,177.019897155677,176.960901468842,171.789255078152,168.838857871131,167.675155621743,165.184888809393,164.38863790805,162.990530075633,157.47750836204,155.667208974273,152.093576499693,173.734711024792,181.217305605324,188.466924934309,194.157076151424,195.322329808992,195.935079075836,201.170065609011,203.71022701705,202.205629915403,203.733333195289,203.980668207378,204.030048988827,204.346257845336,208.701412696976,201.981661883645,197.492899982514,193.151275885166,194.778371979349,193.095220070011,197.085420944173,198.996723457494,200.160961679957,198.335491826427,197.689708937196,196.918671348427,195.770538556003,193.101083338395,193.924004490759,192.022789749885,189.315506167138,192.454024460549,186.560471996441,185.293091095494,177.642836360752,177.079345131792,174.519420548664,178.235430302212,171.762923143326,175.726593557396,175.992149939851
NA,148.106729199498,150.912987254265,148.828916823756,151.361309208013,153.050345328139,156.032878118929,158.345547355996,160.672119732869,162.533907026065,163.148136626351,166.491535803948,168.924128999408,168.321079516892,169.230960989108,167.001668655743,165.17293618457,164.69236026923,165.865439746758,162.953141757292,161.678457788682,164.027402266105,161.914333637444,157.054444533866,158.893799096798,157.425162121118,160.25848245567,161.219218847696,163.570659991247,162.864935861121,161.68712176741,161.253482550688,158.885265670894,162.729659523057,163.349100159136,167.167173247862,168.441605476866,171.035958275762,177.632724335979,177.157632589591,173.574330812997,172.356339001564,169.899096920776,169.962936628861,165.104284037139,163.475832157174,162.653797811808,161.824800099545,159.601941343588,166.599635594524,180.105398714382,187.542286387899,195.472702221386,195.468060156841,196.156455663535,201.528895888231,203.385652516362,204.11282743146,201.142010489046,202.139191821631,204.226316327359,206.515291549451,207.57216212483,204.67154601419,200.000875264671,193.833674433996,193.287398164451,193.3411180799,199.226978661759,198.560822679616,199.693835021357,200.023190931826,197.180828974649,196.809938485839,194.831933734939,193.593560065271,191.899446442911,189.370636433357,190.936562150194,188.170797394455,188.489974105605,185.067315955005,178.733406506558,173.794163429768,173.514317364629,174.818593340619,175.934605957585,178.228733394247,NA
NA,146.616332888506,156.141088465469,152.634395162973,153.046289945265,155.960506275273,157.880093304339,159.311856640848,161.030395977669,164.638057704455,167.341121459185,167.384147597955,166.992488000119,171.601500789529,172.033639009702,168.269582190278,167.347754794113,166.0627556223,166.678192538246,168.779480049265,163.0119168511,160.571146211814,161.510682883231,158.129440603555,156.292863721136,158.061121004713,157.741031998909,162.722592077413,162.948379216801,164.137957517002,161.732781873748,161.636783082462,161.462003922119,161.631219321305,161.381217469418,166.136800316599,169.221420319769,172.866052931139,176.433160317208,178.460861877007,174.66789768843,170.622509817633,168.333955632536,171.005222237787,167.774083023277,165.991128103948,167.17683071338,166.113525477123,170.427288935594,180.652717359641,181.235689467947,186.031625980152,195.085897574781,197.495309196769,197.663372647688,201.105337990664,201.138842835452,202.330938063317,202.95676812407,203.112327385024,204.949033235503,206.216729940781,206.768123594371,203.035100195834,197.984603953463,194.563308709704,195.186791868188,195.51406681961,196.590416874402,200.011080576559,199.444663088111,198.707493887628,197.065331484148,195.613695783064,195.508877616108,190.225656049657,196.186571420549,195.601460187344,190.535626211361,189.918503222408,185.983812897305,184.415199673478,176.793443664102,174.72769966436,173.06875700785,176.104826766972,176.225373338838,176.941246019999,NA
NA,151.161827427587,148.727334204348,155.551967815491,157.597391943602,156.312892417665,159.26084588877,159.374075713344,162.34938633903,165.107682216344,166.42861062641,170.794432669943,169.387441180591,173.517809495287,171.664085891959,171.029727896745,169.275150258475,171.104421947082,169.78435605336,168.562782744765,166.920739976498,163.578135911236,164.348796624766,158.951023406343,155.320658137362,156.448193991854,157.677924435893,158.689900916167,160.884949331763,162.032257194704,160.394832943893,162.818131024058,162.48393461314,162.556701639898,163.316474569144,164.441722358073,169.947754836545,173.839870241525,175.371330472706,179.948427222562,175.180470288214,170.653340956958,166.446948661675,163.755621796232,164.769833137505,167.015655783851,169.007812156261,171.983367866225,170.983140329947,183.27665223843,188.554531858219,191.856823297157,193.479745132418,196.641446312872,198.064767864002,200.791789118459,201.956062781198,199.852355262542,200.704264241777,201.274630687455,203.108948727057,203.938627214826,204.440821997702,201.027617651155,195.338238666373,196.18727949822,194.532453583371,195.425700838613,198.537054031809,202.278894895964,199.546968258306,203.375009161425,197.030368521578,193.233136399084,191.458600193247,191.213807028465,193.478754572673,189.574825643989,192.847979024783,191.027464105193,188.913834556896,181.468400153811,177.749335291992,172.545531060169,170.298220493222,170.015540233849,172.529170479145,176.043303928144,NA
NA,145.774782152059,149.854981931462,160.244532347853,160.148413911429,157.171830995938,157.784685795483,162.005826476742,162.847273116719,164.970302845183,169.600853438504,174.002417535936,171.19633978315,173.701445458401,170.126192774957,169.681831226359,170.830782188494,171.325241859252,172.63684756725,170.166272244606,169.297108658547,167.375104562417,163.040225878282,157.811137256291,158.544258970013,156.803096950846,159.364508876328,157.5669306647,160.397877975481,160.452261963002,160.006372609784,162.904153096282,161.03756856855,162.109127340356,163.145919029419,164.204296651523,167.749391833884,172.648575531348,175.353899604284,176.952687200202,171.995172867607,169.361705038139,164.962690053153,163.54377266432,162.590913115883,164.025603225112,165.693040246654,168.227199548775,174.491028173136,179.7502235127,185.086725736758,194.55917860078,195.908167672386,194.094216073143,198.654755225002,202.673097423748,202.815983168762,201.501829450697,200.635942420024,202.905433950478,202.343806252462,205.787247618978,203.93317443148,202.950279278113,194.81647900106,195.716653302893,196.170877360907,197.067136146803,199.552573401517,199.279533571816,199.843358612464,204.196139026588,200.633196332585,194.656287121185,194.40058985747,192.59887136451,191.647037666996,191.216986239242,195.972800683134,194.518633598491,189.561145522666,179.390294593577,176.590638412228,171.054531763762,167.810836183914,168.558796064669,169.693023274714,172.558113180286,NA
NA,143.619883786006,146.736685001607,154.295219779291,156.450721544941,159.249200339743,162.592899202372,161.251963224541,164.221162875448,169.350361350867,170.797119572576,170.820312594321,175.222543288782,173.518398302078,171.722309277429,169.584179519921,170.790024897691,173.481515607868,172.905640105907,171.384314564324,169.091701994531,165.879791200061,164.837744865489,157.451552178365,158.800963544835,161.063481714781,159.504130283585,157.903914057251,160.758052748686,162.527577746115,159.502870816573,162.225954048383,162.906471966512,161.545941424533,161.223353848054,166.597974216963,169.536489391918,169.57689063899,171.162965106163,175.732931267045,169.861892624249,167.371003895064,166.988797362968,164.231224510905,167.280642913061,166.2476220657,168.270325395491,171.477153224982,173.702304658543,183.466972584483,188.528729292531,194.928616353938,193.434464222986,194.571839933531,200.27754453302,201.892710155317,202.848150751643,202.412923401091,201.404642508646,202.126081635977,204.534275770857,205.094789036027,202.046663213112,199.01617470182,197.529972237818,195.603879785683,194.709488071236,198.256924173707,201.60962055445,203.381442823268,200.046839373832,203.134813824195,200.487157308771,195.497703419639,192.955688501526,189.865054876761,191.653710199288,191.657330433729,195.735085669619,194.514823260328,185.253192498263,180.450132418308,175.154090803521,173.002918451033,169.30292249763,167.338739228033,170.831584044355,169.355517914726,NA
NA,141.236383297042,145.816642437021,148.317052087348,153.314858941233,156.616702285294,160.083766389784,162.778860825827,162.578279359939,171.562940413919,167.804651281938,172.329933384236,173.174978061156,173.210289715829,170.932366854825,170.382840426835,170.583024114086,173.01388285517,175.463761677772,174.043293255019,172.62182920926,172.548630156904,167.095119873528,165.882353161311,161.335414243837,160.753297397798,160.425169147126,159.582384838567,159.791294500607,160.691144467652,158.659928334616,160.279717506696,161.196528147835,163.429434178734,162.096093530969,163.695690071782,167.17864842151,167.784000111744,170.72081723802,170.786253795854,168.737728067937,168.873967103079,168.722382355782,166.020520160606,168.510111145405,168.523446039851,172.352962735291,171.669735238205,179.319372355548,182.05115217823,190.181811689461,196.368350719372,198.577707892081,198.370416522385,199.85399515873,203.136571378401,202.906629070268,201.497175302714,199.507297966114,202.476788315601,202.24504699399,201.472571112286,201.604577085062,198.011386633821,199.023237742551,197.482981144871,194.652140142186,197.289159159697,198.691034767647,198.307412303925,200.287626964917,202.412152684867,198.086154868233,192.990184756306,193.623931586054,194.334600771912,191.868250848952,191.60199675421,192.079967975334,192.649723158811,183.919992475739,179.447310964458,174.215470365179,170.632720255322,166.845732109105,167.545968653181,169.719285666572,171.596361497244,NA
NA,138.065724636958,139.642349577222,142.125494461405,146.074137388747,151.431098954561,156.350031598101,163.800113966687,166.411829262068,167.80402180521,172.042277243623,175.025946634751,173.048615434361,172.973905827823,171.785883391712,171.575816231825,171.24165970081,171.432651895174,173.681380184608,174.885544202647,175.318787610357,173.671124996355,171.511488224042,163.53122254518,162.233456290759,162.195133383296,161.984779882589,160.804004215332,161.49472851803,160.510754869755,159.143914156234,160.198955820499,161.558332014845,163.27747091929,162.58561491253,163.817388746444,161.90730968026,167.834459107629,171.633175344824,170.669335295708,172.090079873791,170.455800041873,172.260036646661,171.997303871727,170.778514270043,174.551868429039,177.049629065864,174.871121326303,178.889713171856,186.761430678248,190.340141962444,198.044591337952,200.088251221056,200.863239531989,200.841296060268,201.652971654319,201.64133191591,198.926869393871,199.035097638676,199.343316212629,200.728336094777,200.83358363597,199.617780408599,202.501125184338,197.81919765772,198.081773572488,197.462788273919,197.897131624988,199.624688544871,200.936980913458,197.825662866861,199.430428777701,199.754584068938,197.277418689008,196.616296425867,191.764684949794,191.82479718883,192.884065034468,191.358409587778,188.416754072395,182.6423440941,180.523927339506,175.344982193127,170.660642250702,168.405524257021,165.965932288633,166.979995859814,168.510336310831,NA
NA,136.643836808542,137.675515664081,138.887256227426,144.342795273892,147.263505078618,150.989136792033,157.921863054883,165.771717080686,168.887781577199,169.59714556372,170.498687854311,171.251145129874,174.075787121661,173.331389039238,172.302502355639,172.329724993498,172.45202051251,172.40758093061,173.372240860713,173.663032088301,174.61854366725,174.364032806402,169.37755513793,164.930812234276,164.522377561854,164.110409296385,163.033540460906,162.930940756972,162.712316213077,162.203210278716,161.595333285117,163.19083915361,161.653986213134,162.660994054329,162.01123951984,164.350330697872,168.256355767849,172.921895684904,170.836710894532,170.915270234294,173.634105820144,176.811603034795,174.380945997502,175.155221319,174.9399277832,176.203842585002,174.816454197638,183.491896254016,190.352494487433,189.641024117589,199.145051087422,202.499381675657,199.731185654607,203.452306760341,201.439090470211,201.515878622956,198.135708190469,199.084474003669,199.033340941185,203.353512646818,202.168455338032,202.382956330509,203.798497082728,199.140026979639,198.71364594371,197.316847593705,198.269661219138,198.796101735102,194.344668556986,196.548408086477,196.294812260025,198.024481051481,195.497205056589,196.663098668604,192.236457945022,193.826002098956,193.269254901904,191.779779182708,192.2148732591,183.029797237254,173.656942191494,172.358128183864,170.694951167859,167.599176333923,167.70135654139,165.088750512973,169.34085622046,NA
NA,136.155186563197,137.622887927352,138.427159319927,139.670341324823,145.203364800751,150.037304758777,154.053773448164,161.056494702179,169.330104715047,167.073917032223,169.877893672739,172.541599131677,173.861136189723,173.947978631171,173.841842751304,173.858244021423,172.743460130989,172.685225047589,171.961196581584,174.230089721551,175.928947587708,175.34905275852,173.496536622665,169.093602152016,166.536120568019,167.449512175779,165.096741605353,165.369299722829,166.256546308581,163.809208268555,163.303857105357,164.650505998792,167.252963334044,167.50129249971,165.539724598921,165.007772548468,166.392835713198,170.766407511356,172.612889980544,172.782572095198,173.597934504926,176.016125909129,177.391460667196,177.32161236941,176.404543126005,176.43726926893,182.206430263037,183.336817840041,192.277624032924,193.35883948489,197.382066275946,202.597189641088,203.157150356382,203.398585599435,204.264289840386,199.49122055548,199.554279764184,198.287446636965,198.087949889784,203.22981411684,200.210141322727,200.560348799504,201.333874109723,198.158145462303,197.09044226406,194.289000807212,195.751150793611,197.060690025381,196.451635631109,195.645378322099,192.432647215383,193.027033281484,193.769350341024,194.575186762463,190.676656457754,193.69454839359,192.643979876701,192.053113667704,190.286840105327,186.45629034952,175.831605088194,169.157244924406,168.130011025792,166.398452187994,166.560767738433,165.960741613305,169.419780814317,NA
NA,NA,138.30477591751,138.901848578868,140.268900703104,141.447684478649,148.342011610429,148.887237502163,160.362818192544,164.502803290116,167.487528694304,170.325528349298,170.120796839855,175.694919428562,173.524087003184,174.113856616035,173.252405024831,172.82993936753,171.627012329121,173.786386077706,175.59348527606,174.11756745866,173.77237379126,173.124962485073,171.137831721684,168.829813448826,166.911555143057,167.452114208064,166.955387037702,165.920315708591,167.476135787955,167.1914627758,165.130080148757,169.00175456184,168.001391114941,167.877626919516,169.108835937401,168.570106559305,168.5669423462,171.833709401669,174.34145391434,177.082178521898,176.041761148305,176.797344216338,177.684171304947,179.863188348132,177.376731398007,181.210161309089,188.143726514276,190.25217238272,192.35852302817,199.412668057766,204.944997702979,204.322208335548,206.430812439815,204.914662792888,203.678076909645,201.560912645447,195.166243424934,197.238674063399,198.533900287596,199.066303592071,197.184976937437,197.967739197511,196.104579885994,195.339904118862,196.317899932884,191.832307838325,196.817178011207,193.736472579506,195.462949495228,190.799913834054,191.920519716018,193.207783935741,189.472680137506,192.795875685532,193.086634469674,191.480941373578,187.496590067639,188.688833503104,182.147054945225,174.007651148406,165.857299449361,164.606506362816,162.41555646209,161.087303552308,161.934907276022,NA,NA
NA,NA,135.539779191162,137.778022745134,139.311042282535,139.849481533265,141.901975821965,142.519757496329,152.670564844522,162.509274849612,165.070037196941,169.703593195903,171.428225594589,175.271837703239,175.021195393159,174.614118130833,173.986439071066,173.807328988248,172.763579145718,174.512937902056,173.984231519264,173.872982714992,175.183954782229,173.734518162985,171.548267356519,168.1829378125,168.125953345312,168.470924486379,169.959708553013,170.256323676593,170.172710538292,169.233077891564,169.086292038302,168.714408657714,168.57951352158,168.889138964569,170.065814363092,167.556209869862,165.643914780309,171.958050940821,176.496585659054,177.369854818474,178.705205088331,179.026742298378,179.674665936447,181.397931191689,178.936837327628,182.721281746106,186.488578810985,191.102458196313,190.90095516263,199.561994824079,201.342475840656,202.570139453085,204.284125451353,204.572372671619,206.250547899446,204.251788657501,199.076035865819,195.657936189634,196.66677947595,198.283092861085,197.085120075144,196.102861630133,197.120921160767,195.020671591199,195.943570859247,191.443262610836,190.372486439479,193.703616904626,189.840890834544,191.029926724205,189.480503476237,189.994873875486,187.305647312725,192.271781500814,192.417622181361,189.687594515967,188.680242445674,186.364789764777,179.941825484926,172.768705050189,165.578015460149,161.423331074339,160.359394954682,158.575508605904,159.127545613125,NA,NA
NA,NA,136.542544462323,138.926112696832,139.266462323144,139.227500563682,140.794352614284,144.462698340993,149.196332010144,158.254608768558,163.123694153543,168.193949197955,171.147687364527,174.820897744385,175.860435958966,175.883900829844,175.318550829493,174.728366759094,174.502490525408,173.772678104452,176.681207788866,177.633376109612,175.351081742489,175.596954506462,173.568619545954,173.423680721842,169.903167173527,170.387290533614,172.253998379304,171.3242990137,169.789011990703,171.629959324322,171.661506618262,172.633854675924,172.428646442524,169.728912845515,168.820976138885,168.633131766388,169.796037434275,172.272357624611,176.058631040161,175.910553115231,177.178413593818,180.172186724594,181.311412516572,181.531319646013,181.381169089643,187.104897399212,189.104272171962,191.181969596618,193.049677041643,199.212150522623,201.807861596706,201.008418016641,202.508606915084,202.141031679709,202.85764993513,200.697204983146,198.858443973974,198.220822474302,199.863612492094,197.225550885795,197.10069321258,195.587693453453,197.313595867654,194.270796634657,191.720000923513,190.404318116576,190.261541559144,184.873470609917,185.935747876076,186.80813319086,188.471959418743,186.901392382046,184.716741016094,189.328063850787,190.121792123097,187.356760387165,185.212090844132,184.529971901802,176.541773938917,166.531689578964,163.502362298899,161.991305151597,156.881268908688,156.880060337358,158.977999594949,NA,NA
NA,NA,136.921996758889,138.352803104622,138.591324221045,139.545370329085,139.56904082943,142.950118248341,145.77975451575,151.097536349898,157.788327169498,165.531497641415,170.578518648862,174.694434781521,176.027063193345,177.819219072751,178.751790867445,176.274208186994,177.041436448271,175.340496563996,175.187185290795,178.542592430824,174.264799758827,173.119835152832,174.059786951535,174.396304394306,173.195640304165,171.985335160086,171.438016270467,171.512153799341,170.928620983128,172.227113398384,172.947585274007,173.623454584081,170.841071348784,170.40128191833,169.317582610623,169.495157886528,167.944887143207,175.347750627517,175.659566121055,176.85410626936,177.331484290609,180.121878344893,180.752439329089,181.236978549542,181.511797588647,191.717419140006,190.584712477817,190.719688284018,196.226608665782,198.119374188953,200.940841592729,197.024254833297,203.892084205921,200.89014259458,202.125724345771,198.925372870437,199.435179348966,197.477325524362,194.876923591066,197.390007086105,194.550329333126,196.376986213205,197.42676686773,192.189967238938,189.78462610115,188.590654958557,184.460459330668,180.097550359608,185.683071182711,189.791699270342,186.321314565979,187.34650902971,185.019339653092,186.589377912957,186.311136234198,185.869670350919,185.660861979974,180.808790346052,176.254109838764,164.196469335107,159.179818247527,160.742509305127,154.831198791724,156.030951628379,160.164599791091,NA,NA
NA,NA,NA,135.400865524026,137.739122863126,139.555598813322,141.602102306916,142.402574827286,144.813080005255,149.392023128868,157.346525978996,161.807288504267,172.962436672083,173.911960569179,175.780486184408,179.439000271359,178.073165311704,179.660364224589,175.647564640464,175.116253249832,177.407560571978,178.227684567287,176.013466213004,173.732051123123,172.456108574796,174.552741711092,177.445933592824,175.238138871551,173.006733981909,171.81665289736,172.877023050277,173.965756180028,177.498263433307,174.823556803276,170.638410922831,169.183273731552,171.441059506852,172.235313856283,170.38482250117,174.586738291141,176.917965253123,177.966497362086,179.826146128264,181.587309758768,181.438086464471,182.578611739229,188.332165464991,192.335854674037,192.887950435104,191.830501850584,192.959884345104,200.158429743935,196.945547846475,199.73216693898,198.754277175597,201.09047179179,203.026025704535,198.471323308117,198.114256084798,196.794650260593,194.879087319211,192.263206653194,196.229165356479,196.188388416695,198.323311784511,192.946764930135,189.975826086608,186.622430394787,177.355450704582,177.221351844886,187.498740349801,190.525115146726,190.004363479203,182.766094645044,183.400800755043,185.391306978688,186.328401033066,186.49303868011,186.148552386361,179.191646663706,175.46588483066,165.201851806663,157.518182600212,155.833127530232,155.690935808776,158.172887976316,NA,NA,NA
NA,NA,NA,134.440244564509,136.419415690717,138.766395563099,139.538875701586,140.748094203697,142.563218077124,149.791476395644,158.850818917641,163.531079258421,169.247069338517,170.760311817496,174.581076178428,178.549960864343,178.729288243759,179.34440673714,178.331737643778,178.328604811875,177.710451466417,177.383514674212,177.727970909133,174.365526838774,176.799689075799,178.814173723682,179.209962948045,176.687726969713,176.591158264592,176.909773685137,176.640592356611,174.63904217877,174.257339821148,173.026720609501,175.34922516866,171.643647152656,173.674400223496,172.787581114838,175.43598269162,177.504134726125,176.988720601828,178.202115270503,181.652084367883,184.274297673246,183.326897850207,184.469956143017,190.127175908317,192.734053628935,190.254046074608,193.405153028303,196.299313610194,199.439642067113,200.64893137599,200.690540069979,199.524709416955,200.244750827013,200.813379885298,196.391681265194,198.451801211319,193.619420887422,197.281556675843,194.257937021993,197.928849398488,196.152890752357,194.005575782428,191.369473798321,189.967832422579,182.695663514448,170.757275644608,177.574699046449,184.467435095305,185.394152631507,184.699178159044,183.571817134463,181.460772871887,187.198600973619,186.324800252849,185.20995906933,184.480424217569,178.836204712701,174.895027553497,165.907267692087,158.345926269786,156.29436152999,158.430430227375,158.50476811223,NA,NA,NA
NA,NA,NA,NA,137.566665606347,138.63393742573,138.644545094591,140.03608317673,144.511748999435,146.868684892994,154.031118917112,157.302464867055,165.463844396038,169.908073575354,171.969051651669,176.628521090819,177.622119923748,178.851841689415,179.672021582101,179.160616662871,178.205870451331,178.750443581023,180.310051424148,180.482564785131,179.546462042937,180.468379788902,178.594433470326,181.313250190015,181.640544412669,180.532988561885,180.336132478465,181.500827603189,179.464478734768,179.004183369576,175.615944618375,180.025628312973,176.340941504263,176.979561923444,175.505178116571,176.498949632426,177.776922844253,181.443089524261,182.558649799729,181.583052298616,184.878641590808,189.445135299029,190.081152053481,191.802057060047,193.358209283927,193.08409441321,191.96006315991,199.637838145592,197.006041660644,195.358514871324,199.490518117713,200.044638250338,199.326538286739,199.491832505148,198.035533344073,198.393559469149,196.134773239394,194.085497557926,195.852947475526,193.140864388566,191.627872123508,189.722807915523,187.350072348146,179.448535231833,172.688681356957,180.210079466475,180.602967105373,181.986338858801,179.756221091945,183.17402502094,185.330708964629,189.414316450114,187.56110753426,186.090244211669,184.290660421633,181.319888668695,177.932548565978,168.063551268124,159.71306529302,157.073904639299,157.537574570456,NA,NA,NA,NA
NA,NA,NA,NA,134.864410301415,136.578303855305,139.261541114069,140.332163934141,140.805635184816,145.23141701334,153.843558731756,159.524177284021,162.461909565803,167.290654719169,169.310983044149,175.84178872137,178.404833691415,177.669935303733,179.518791896619,178.58958970391,180.456457686851,179.568814194031,178.441361417548,180.457760004353,179.836956441144,178.597130192007,181.944381806927,180.089641837246,184.454039167911,185.588511672945,183.246939966843,184.481936567051,180.71128039986,182.297206605627,179.549835130919,181.305687582453,178.448319043495,177.715113471574,176.968972944148,179.573058162112,179.524365203774,181.240979150302,181.0854025711,182.959671694282,183.88438625966,188.199506552642,192.327554317597,195.05192947472,190.901348114742,190.835641848838,193.641532019477,196.11933807929,195.34516499968,195.141294659608,196.266641559814,200.291286433538,198.746624275386,201.30501611434,198.673790908724,196.64339263565,193.934374897481,194.741915995241,193.293246106057,193.05164482884,191.580621311042,189.877881988278,189.483484658018,178.414637030557,174.301962457826,173.357618045988,180.089656982156,184.54622842368,182.323649889038,180.310880892669,183.227800862703,185.709521326916,184.262514167209,184.472109088226,181.657578349794,176.485877423939,169.181665778641,166.56787697876,159.807319387527,156.336207924694,155.616930196403,NA,NA,NA,NA
NA,NA,NA,NA,133.66186466673,134.950181119548,135.756743084076,138.878587104901,139.886479081286,141.468201686761,149.328039716778,155.559190310019,157.846540719968,165.187210122507,170.106331086255,174.530754450937,175.646955493398,178.562427581757,180.615971419657,181.125084201433,179.012949203985,180.734789529743,179.308283199509,178.268885877686,177.276205593219,180.359824727098,179.581953793511,182.63111645503,182.793716820426,187.010629966249,185.724281622116,186.265214601312,181.246366150518,181.186513149856,179.500522693677,178.581529764777,179.494235324115,179.304669189401,180.773272240191,177.995056310227,178.12482343079,179.174281674928,179.921552359936,182.861685670224,186.520415447434,186.746405061081,191.25402108116,192.171415225805,192.293613779912,190.295477668201,195.627292040597,195.517112647922,196.194304832515,194.676928979169,195.966623758707,200.607044922751,198.7714081819,198.186990119597,198.302811320176,196.500567536608,195.833041332488,194.389014179042,193.183591483811,192.976279947653,191.800975882647,188.69720327536,181.732624571329,175.159467599872,171.2200518516,170.5079347533,174.454455203886,177.942010986818,182.27655755927,180.896402855773,182.314090277685,183.736014526123,182.428991033117,180.739445463447,175.713893015711,172.578221795845,165.767200416499,165.896411827409,158.60291480627,158.950081782033,158.311878838166,NA,NA,NA,NA
NA,NA,NA,NA,NA,134.001236812828,134.908727023725,134.66648371952,137.487686370705,139.589651327485,143.431809906316,148.468562848507,155.579278446949,161.681113253237,168.936921313988,171.58108209682,175.797630996483,180.506316655076,180.670360585691,182.12184751662,182.489600088134,178.682797554588,177.424993426061,176.295963520642,176.870800342377,179.719362877284,181.580782276619,182.517256746749,182.141044244162,183.587475215094,185.114628267774,183.94160206034,184.78726129236,181.609438037291,180.368731269474,181.051180453265,179.404138628783,176.613884982554,175.951521694479,176.903162980974,177.856269805665,178.590312531416,179.254894642703,183.760930980722,187.299947744216,192.264227838736,190.712317924073,191.933348873117,191.961795715199,191.436899647782,192.421078613799,195.327592215406,194.284811640668,193.319113041141,194.243305271273,197.180567340415,200.078997643877,200.437367439501,195.356061114024,198.509255700098,194.11642317991,194.518996884077,191.160873454684,189.412964690258,188.113629724294,186.034792197393,177.414312642769,171.371664148402,166.46882513863,170.058103688398,175.099909449051,175.988046004931,181.252004178983,181.870360259204,179.763226698919,178.529676603967,180.727915099571,174.327759649502,170.368120223654,164.980229360907,163.649493459304,160.415666072975,160.108729696204,157.769258702018,NA,NA,NA,NA,NA
NA,NA,NA,NA,NA,132.796488950258,131.782575061525,134.729345926427,136.075219872576,137.92377308557,142.09851744507,148.636531309525,155.256269736972,160.166127185876,164.284495063369,168.421134390863,174.890399726362,177.959841658492,178.892946553441,180.403279259391,181.208766414199,178.645986610633,179.096187385621,179.36968952474,183.974311481896,178.936136867505,181.039040986638,183.37932934349,182.003548431655,181.714865741589,182.535393859937,185.462378605182,184.133409399486,184.005276710245,179.180531097535,176.486217925754,177.798226207502,175.28740212722,176.734549024028,178.285115517212,178.769459649895,178.180221049507,179.603204961717,183.155043689595,185.710851135302,189.745159847939,191.586308357913,190.673594346553,190.661384088325,191.16917080988,193.287231727279,193.491464147329,192.154798357807,193.133392107312,192.586900044992,196.357296390695,196.320476494408,195.278442748859,197.757030049127,195.721022418933,192.823459851603,195.611914517026,194.096725129431,186.914890864409,179.067621423141,180.889617009946,180.159789717758,166.829312133259,168.577755540818,171.535832723367,172.968936005731,178.88131739457,178.242008302571,178.994025894761,177.68099432301,176.514005866397,174.313895893098,169.069781459969,166.921348468994,162.343978727069,161.365352310688,161.590554585494,158.196232434816,159.911719126238,NA,NA,NA,NA,NA
NA,NA,NA,NA,NA,NA,133.27702526644,131.771278033869,136.268485984965,138.231785908583,144.125165978028,144.164754381231,151.319111673817,158.237626877789,160.624754878829,164.270637387429,171.395256041814,174.525141071731,178.449240504892,179.87063528937,179.873856466944,178.207125019716,178.689484036035,179.821423738878,178.147314629821,181.665215517556,182.856858948413,178.942822408056,179.89815741949,179.996998942334,180.676743896097,181.994161476987,183.638051633438,182.281924260545,178.745124603325,178.3215903229,177.049759558686,175.970911357212,176.480569281069,177.67571512989,179.436980684862,179.087709624959,177.508585664668,182.070141372736,190.2752532532,188.6608870359,188.766201940687,188.143272125327,188.534784266373,195.072709979078,193.222295964838,193.776958303434,192.530883741483,194.980237532391,193.095690374607,194.082655815437,195.740333185029,197.989669385509,199.452561954919,194.655887312513,191.6328969735,187.749275869996,184.192530378462,182.20733828342,178.946760046504,173.822272856641,172.732662465169,171.801981712341,172.469826088639,178.726154606007,177.739203330928,179.291489680428,182.338452825554,179.783862469093,179.36469485293,174.781950493078,172.565945834517,168.643314599346,164.751324535534,163.313317499762,161.537870589702,160.238440205712,158.174020353603,NA,NA,NA,NA,NA,NA
NA,NA,NA,NA,NA,NA,132.506214261557,133.702202408836,133.577928143895,135.565971423177,139.24283844633,143.941859165792,148.438462805466,157.510561315955,157.291065780117,161.233144127807,162.07108618946,169.222728908594,175.377058857536,174.122343247836,175.680772216585,177.658894793312,176.143367188307,176.474883388988,176.920908751122,181.27916252056,180.571655941467,180.25965252091,176.990357615738,178.007090747954,177.85865722501,177.51767604263,178.930691401472,178.643365907338,178.39940115689,176.766828011172,176.082859605296,175.83543125068,175.083836219038,178.54339148271,178.392868212308,177.090199761774,179.572576020015,179.949657582836,187.287516123683,187.680185506938,186.501417902881,187.201972138668,189.841759691349,195.470609905809,191.822779472141,192.366551506336,193.69122829454,194.590828187734,191.22787004257,195.37331149881,196.195518299782,197.209797302128,196.60301036542,190.864894852529,189.856645386563,184.34315231884,183.357117177187,183.224420919229,175.529265408613,167.716482087968,170.05585404356,170.010781437461,171.185074438402,174.786267751553,176.871054991976,176.415679059945,183.22160464614,180.728314722415,178.049289124435,173.768578792211,169.981978633248,165.011220879117,162.940785293715,163.498883633017,162.644963927024,160.130642126632,159.95106637337,NA,NA,NA,NA,NA,NA
NA,NA,NA,NA,NA,NA,NA,134.371338455162,134.004927040746,135.686900092425,138.370577198686,141.565305117124,148.064859029208,149.517137537735,156.054077961397,155.77802946495,162.296275158468,164.929813052279,168.379408329355,171.056018034166,173.141794389356,172.369104911173,171.610271970991,174.145546068812,177.206432172814,177.965860716553,180.735322408527,179.58187218952,177.943003111825,174.803070551422,178.834527874947,175.445714898814,173.651994049454,175.959102008125,176.811246022213,176.000116504601,173.976379683156,174.940675356234,177.599565856709,177.730127376326,177.9153238419,177.810836257767,179.914739384187,182.102266595058,186.750878891741,186.0341945995,187.305059720028,185.658252004226,191.870940077001,192.275452760137,193.413677139806,192.392191461573,193.544860246651,195.785610013344,191.971006924542,192.783265658912,197.361879623734,193.039741408578,192.515162201256,191.410156837816,186.284509807932,181.138065476181,178.740340144281,175.253713345823,164.797678139414,164.775730437957,169.816998607298,174.885443213135,174.064038527245,173.125974178938,174.205065899464,177.689847101835,181.823097074695,179.168603921325,175.472915377594,171.360675591918,168.999071537353,162.94395530557,158.799547054796,159.135534442752,160.267595793154,160.898808666062,NA,NA,NA,NA,NA,NA,NA
NA,NA,NA,NA,NA,NA,NA,NA,134.915395173592,138.845249923042,140.840154528032,140.606635715743,142.730854639211,145.425276149692,150.47715998505,152.669896662373,155.283355707949,159.108341017018,162.950251884056,167.564696640307,170.482306650508,170.331495642531,170.141040225634,171.045896740834,173.941494736122,174.614646406013,174.414222382743,177.538771921941,174.191087507502,175.199511680491,176.240845867362,175.295150970796,174.213692609236,173.384816070096,174.817513251342,172.322310495632,172.895186492269,173.855305020195,174.233572991323,176.886388110823,173.944272690188,176.93867888459,178.448926206471,181.29353136654,182.248744402017,184.702590719374,185.862632481415,185.379426234917,189.41035185868,192.96089291533,193.005177684384,193.277625197396,193.536039045664,191.623463336819,191.666218292833,194.179919302516,193.611840331224,192.603626392115,191.56481939833,185.849505469911,179.62687077351,177.492373710726,174.135718048012,168.367900512637,164.468577800883,161.541853802029,161.923627068125,175.32391334606,174.385265233976,172.872342396157,173.947044115107,177.263550762264,176.399542495924,174.073421124702,172.336039361601,170.768461597663,165.742979234572,162.888428132494,158.58399173535,161.529422079824,160.577726841229,NA,NA,NA,NA,NA,NA,NA,NA
NA,NA,NA,NA,NA,NA,NA,NA,136.106336378963,135.551490391742,140.724118978499,139.449260444164,141.802745109839,142.575869796882,145.112907646385,149.327392286822,154.699699900455,156.825014751744,159.361427770646,159.601012392704,164.077731020795,166.665344665155,167.250793200089,167.946199118767,168.678671500378,171.79751033039,172.557594022288,172.309893975812,175.662260021957,174.643229629559,174.789427170964,174.776776604479,174.970235984978,172.859693315018,174.242878271185,171.245787445666,172.262194859142,171.274610380559,173.876217485316,171.257865265329,173.009504949523,175.785639557568,175.361414730169,177.072067995659,179.541317083112,180.589713639225,183.355392187541,187.059569814304,189.081362750231,190.712651660771,193.146082262653,191.607411487229,189.494955749651,187.790623735349,189.415258362773,188.459583996195,190.770142100398,189.786301368654,184.471291172116,185.67860552155,178.596749679359,173.749411726537,169.108627314326,165.08848735245,162.97184928511,161.527372314075,162.019165877582,170.445749237341,171.829148523469,175.420059849155,173.790528167266,176.865644577149,177.377453581931,176.412715208827,172.671367570684,169.447047964536,165.878837785083,165.625802742752,164.194100946988,162.925646775788,160.919255922756,NA,NA,NA,NA,NA,NA,NA,NA
NA,NA,NA,NA,NA,NA,NA,NA,NA,136.427154219615,135.518994212507,137.741936052108,141.110347005885,141.656031106134,142.695963684468,150.835264337063,149.18323807938,154.835689691853,154.729479413267,157.656394093857,157.412922891401,160.187218805878,163.241563867326,161.250548340867,163.849571456047,165.398838192546,166.200984744493,171.900084880274,172.359683327537,172.343509019582,172.682005311042,172.457950303785,172.001859303879,173.241803120297,171.185912751171,171.294718771524,171.672289895696,171.99154333903,172.957883476932,171.867700733163,171.759153464177,173.741913056666,175.387807212968,177.052862103446,179.401776584938,182.586537084805,185.168410989111,186.402642659819,185.786432737371,184.586044595752,188.027449337024,187.646087361747,185.89191198897,184.110535354412,184.739190833619,186.0777518266,185.565023883107,186.386749983128,187.087623570007,178.246409105319,172.93923358461,173.347623810692,167.07190862569,160.031732894895,159.652213021112,158.896319188903,162.506837700987,167.923122539773,169.749620794185,172.920723791211,175.102261396786,175.634978606434,174.513666202272,174.99083744949,172.832429571273,168.905262443014,163.939983125508,164.745753233887,163.751282724961,161.964682678028,NA,NA,NA,NA,NA,NA,NA,NA,NA
NA,NA,NA,NA,NA,NA,NA,NA,NA,NA,136.106862086009,136.496020056145,139.013919536227,139.088435062189,140.831531108928,142.597215901406,145.625814648321,148.959809811002,153.594965147827,152.586462200465,155.464450722193,154.964431910978,160.784878146715,160.004602752179,162.016864696873,165.057618670314,163.529634738641,166.16889587138,169.463703999523,172.137803373537,169.693367467352,170.913825826747,169.868356790138,169.768719104375,169.61323094286,171.187998711899,171.002639186206,169.56338330947,170.847516435245,169.200564517003,171.916234459204,172.606464921172,175.403370731406,175.931991702975,181.370360083387,181.560300152547,185.741327375055,183.920579976714,182.772232983945,182.601882627897,182.700494630687,187.011681275867,183.290911310334,186.103941956832,182.369471813648,180.530021958141,183.557955631395,185.984918821665,184.308758251351,177.422506032966,170.332660626326,168.265793526369,165.245630281166,163.794393782744,159.079199188956,159.932030887544,164.546696849175,167.678305058042,167.908233968448,170.318295347035,171.044474623676,176.232489010489,170.118717297588,171.976699584967,170.69071586515,170.275756467923,164.241794580036,166.176978134511,164.386999109737,NA,NA,NA,NA,NA,NA,NA,NA,NA,NA
NA,NA,NA,NA,NA,NA,NA,NA,NA,NA,NA,136.481028455568,135.332360080697,138.409741535519,137.927090020613,139.978534245567,143.091582491417,145.032758834076,146.113203833307,148.595642104199,148.799614455356,151.14406378659,153.529607137878,155.570411461658,155.595318115784,158.590322213032,163.409522023421,162.014274996863,163.848535795135,165.461023027912,169.527927076675,167.63057466137,168.737336651315,168.83994850242,171.693120114473,172.88533686222,171.735372587691,168.858131258287,171.0742460907,167.858336603913,172.86716454964,173.519136164027,174.587576105253,178.838771462968,181.600346818004,183.596465939676,182.566356521961,180.590325888911,182.517192380972,183.127537054199,182.107365760413,180.45183724484,185.530796760416,182.234598739584,179.282211348856,181.379522182384,180.930388021855,177.41536802069,175.473568879583,172.074597310125,170.83437816254,166.643029295811,164.438700839247,162.782444245714,161.541531433931,160.885889553615,159.642372112692,163.619735408059,166.818226267493,169.523061880259,165.601178332389,170.444058557334,169.861140776667,170.533993328332,174.33938956203,173.653341144082,170.149717935704,166.035406840854,NA,NA,NA,NA,NA,NA,NA,NA,NA,NA,NA
NA,NA,NA,NA,NA,NA,NA,NA,NA,NA,NA,132.682661554982,134.028720915561,135.760418670014,137.57054212425,136.636378945841,136.890456452869,139.36439394337,140.205354113172,143.338670090033,145.704627888166,150.137762877323,148.393866522035,151.066488721263,154.738134806737,155.240265254877,156.11499099558,159.615844792827,159.248266025734,158.749230559343,159.08745884481,163.578321979827,166.51659083765,166.688136984795,171.541476210306,173.077980439235,170.222217457986,169.473709288764,169.67382425014,171.350170918362,170.838291626366,176.919507167891,178.819878056892,182.348710584224,178.494387488999,181.03437331783,180.647801768867,179.191726836364,180.26105131676,181.533722451033,179.535163543094,181.16120248769,180.4346167647,183.598578798344,182.757919104867,175.37592290483,174.776311176766,172.914102886844,172.460121368367,170.389819890233,167.08332637128,163.616467034271,166.020631703466,165.366108588242,164.90114675329,161.616066370437,159.447283249617,158.236556325358,164.389364594031,164.492835760018,160.358465449784,164.888082183748,166.066370422609,168.2899481437,170.254366244206,170.536757630488,169.660565547356,169.465963837779,NA,NA,NA,NA,NA,NA,NA,NA,NA,NA,NA
NA,NA,NA,NA,NA,NA,NA,NA,NA,NA,NA,NA,132.269085818537,132.60768750069,132.896021583002,133.774965258606,135.187943059123,135.890575654437,139.161572789544,140.76998834727,142.486490032668,142.790889660233,145.428143695794,147.687843063339,150.49911097553,151.186578312164,151.927258131687,153.068038385318,152.559349962293,157.210397502633,153.759883260235,160.872279048981,164.173103436828,170.88811040894,168.559193235311,170.055574936292,171.440265350427,172.704397274905,169.170964068473,171.166567553315,174.544980638138,176.360057199325,177.651910977074,176.595784623414,177.137837276559,178.956161191703,180.183208350096,177.592917420368,181.25828715138,177.936351873835,180.627982272608,181.914845621332,180.356772969006,181.685480025759,180.635056719373,175.710279879928,169.099192624658,169.429345880403,168.393377066608,169.794153033023,165.825047879282,164.966188944842,164.554260705289,165.567027749311,164.223457911308,157.511875443132,158.960179768194,158.382183095487,159.510695088532,159.867779908472,158.237243142507,163.696015208512,163.339650178502,164.52048903743,166.657271665444,171.56121623657,171.306158748405,NA,NA,NA,NA,NA,NA,NA,NA,NA,NA,NA,NA
NA,NA,NA,NA,NA,NA,NA,NA,NA,NA,NA,NA,NA,132.110379269844,133.448125512821,134.743012897025,134.872637556898,134.620474657372,136.53728428435,139.983841661358,139.070508964367,142.187321476514,142.219583554188,143.719157387863,147.266993148094,149.064410297166,149.632856730909,149.608222422279,148.647968121217,149.315615266393,153.544597741126,156.439946405224,163.040956504463,164.25624362953,168.686799543511,168.669332526527,170.461051744473,170.979902306765,170.62528712087,170.900152016809,174.081765556935,173.623594754299,178.006078708227,177.480567259858,176.774082346307,176.172461231352,175.968412714969,177.557056292302,178.720832940026,177.830298377693,181.385374714462,179.952543217802,179.045203439859,175.19037058447,171.558969044961,172.05203314238,170.282773034924,169.409823247342,169.680319417483,168.52513075479,168.97494995898,166.194914121684,164.144597871401,164.958471907779,165.389487594204,159.134495837021,158.357880832056,156.68989793152,155.333275444588,157.147281070695,158.37732601061,159.645890179644,161.024510412886,162.602311255973,169.326474385165,168.428088142886,NA,NA,NA,NA,NA,NA,NA,NA,NA,NA,NA,NA,NA
NA,NA,NA,NA,NA,NA,NA,NA,NA,NA,NA,NA,NA,NA,132.45006944065,134.044265676971,133.987527591252,133.511502869768,134.116989231027,137.444496145426,137.512912134272,140.053268281078,139.789101207889,140.901952804137,141.782002657345,145.088320708294,146.106378809165,145.424894681688,147.056205749577,149.061325446293,150.227067231504,155.393999404811,159.251669791047,165.164317853171,166.896889222487,166.742564677272,170.941765879787,170.941064361517,171.318109270475,171.433492391617,172.847352887507,174.500887839992,178.842591540946,178.32366150884,176.411971791344,176.240451525601,176.38349447254,176.768969489226,177.58043874415,178.728502184581,174.786927158674,174.711195136074,172.175611237872,172.27177394979,170.795356171874,165.761488077315,169.387993738187,170.370350522181,168.673464764475,167.224284093016,165.613220317333,167.430118352919,164.215108364351,160.672290934828,161.76791960821,157.366241628344,158.531831681769,157.801358876662,156.423770987587,153.067958758541,155.878951408834,158.169325030449,157.388677749309,162.011565272675,165.546576592543,NA,NA,NA,NA,NA,NA,NA,NA,NA,NA,NA,NA,NA,NA
NA,NA,NA,NA,NA,NA,NA,NA,NA,NA,NA,NA,NA,NA,NA,133.429562910364,133.550217936012,133.5908647373,134.349207785554,132.945077794011,135.508530789241,135.54752385929,137.101863631819,139.215000565174,141.2324485524,143.019587169118,145.202514526907,148.098239753036,143.945570514737,146.516351064605,149.481548251012,154.581719516576,156.637574456289,160.72539741009,167.012296260044,167.593624466184,167.342477200791,169.415217317247,169.028045231091,169.505230063261,172.588997975,174.428389983869,179.246143902232,178.485746600292,177.291015013499,175.344489031606,174.653704916172,178.067042038808,176.427774160335,177.400640673966,172.213297601588,172.399921624543,168.014052473902,169.477918284555,166.229040825694,167.56015879426,169.3020905714,168.446663757035,168.015980918346,166.095623231838,167.31307735802,164.83928524743,163.212135057096,162.479169703713,156.565571604626,155.243317370692,154.169124122092,153.174274675627,152.427168202574,154.239330098276,155.533537778401,156.096728682009,158.499684298984,160.817912807082,NA,NA,NA,NA,NA,NA,NA,NA,NA,NA,NA,NA,NA,NA,NA
NA,NA,NA,NA,NA,NA,NA,NA,NA,NA,NA,NA,NA,NA,NA,NA,NA,135.664364720637,134.104454083128,134.488792823095,135.982432839605,136.787375300568,136.791118911175,137.503121982656,138.920144201953,142.83658493771,140.427999787034,143.840424232246,145.262648788169,143.666046133823,148.503267261891,152.832317573431,156.847087207794,158.455435486998,161.606698287648,163.940517147009,164.774441418499,165.026200867602,167.474999903425,167.625130780157,171.651293063723,170.344616966031,172.081215477018,173.555925182376,171.05610631083,173.161602844964,176.454651919246,172.308436042901,174.767192692202,174.57570849071,174.448304519189,170.480340558139,169.94887703961,169.885266578502,168.646482086291,168.957775903145,168.444439588595,169.739822974687,168.189769778938,167.36211793957,163.805195518893,164.727674638493,164.276373737789,158.32664935415,159.237199547196,156.744930784917,154.215975020954,151.642037089608,151.014466179482,150.02641420005,151.627026705825,154.736650182756,NA,NA,NA,NA,NA,NA,NA,NA,NA,NA,NA,NA,NA,NA,NA,NA,NA
NA,NA,NA,NA,NA,NA,NA,NA,NA,NA,NA,NA,NA,NA,NA,NA,NA,NA,133.945600156239,134.769031010292,132.68973326856,136.153848521227,136.09972214726,136.589150508173,138.551890308094,138.175372756828,141.516045751027,139.949673758688,144.067162924992,142.507675150608,145.245198400184,146.049908619516,151.444258222306,157.287313725542,157.040662373607,158.094775049428,161.938019079765,161.840967438121,162.336846471486,161.780151161228,165.155818982192,168.105681694732,172.524274882114,167.983829689816,170.943035803732,172.056008174081,171.965851288,171.168174688498,173.215838626552,171.291344551255,169.899383893381,170.070268194764,168.259228123789,170.607419584182,168.462925182578,168.445224847297,170.532451733802,168.0541243115,165.067333247949,165.295242150993,163.888823924998,163.799197622365,164.379129606881,159.091379653015,158.888913040496,156.246001132676,152.805498355343,151.545794711354,150.972519892673,152.570583222483,155.277748910365,NA,NA,NA,NA,NA,NA,NA,NA,NA,NA,NA,NA,NA,NA,NA,NA,NA,NA
NA,NA,NA,NA,NA,NA,NA,NA,NA,NA,NA,NA,NA,NA,NA,NA,NA,NA,NA,133.39691026798,133.157896795716,134.769736320191,136.044061141861,135.223415769097,136.311920841314,137.550119301322,138.434013000099,138.142192082349,139.813370858754,141.504192517855,141.707225079552,144.467826115874,142.619661558298,150.211588009686,152.836169191837,158.508298235379,155.679494305163,153.766249755609,157.787039405369,162.299718088911,164.861445155884,167.263344275148,163.655491430062,166.960386536226,170.048102453012,173.845219224013,170.557334666969,168.684115448163,168.781268807662,168.766517010032,169.236565207502,169.372076276602,169.752206645485,171.275929882685,167.663476295074,169.884623797498,166.244342513189,164.917090491683,166.472127459318,167.139061994228,165.363923642485,163.394297575423,161.128069684655,160.988639558873,158.97714269135,153.165029552415,151.775555842619,149.4466700518,149.499753658061,154.131079568311,NA,NA,NA,NA,NA,NA,NA,NA,NA,NA,NA,NA,NA,NA,NA,NA,NA,NA,NA
NA,NA,NA,NA,NA,NA,NA,NA,NA,NA,NA,NA,NA,NA,NA,NA,NA,NA,NA,NA,NA,134.157720806399,132.563749987776,134.366195840259,135.917200100193,135.242170874379,134.951645980612,134.406456163435,134.13033202964,136.291146495527,143.848415361204,139.675228379104,142.837479294803,149.715917045588,150.779668228019,153.748664382075,151.626748952779,153.228300081436,155.05426082514,160.521111144353,163.286209092501,163.265929786323,162.388060937601,163.753596393428,165.905078926479,169.071228958408,166.885997389099,167.4140264485,168.815777810948,167.21342305502,169.274523629062,168.658979868872,168.207459297405,169.507338827466,166.438511330267,165.585138345832,163.072595876129,160.78392298217,161.681228455002,164.334241299068,165.775989994406,162.425680768145,160.199901293621,161.229468861423,155.555592513057,152.270904018363,150.942804140432,153.596160547909,NA,NA,NA,NA,NA,NA,NA,NA,NA,NA,NA,NA,NA,NA,NA,NA,NA,NA,NA,NA,NA
NA,NA,NA,NA,NA,NA,NA,NA,NA,NA,NA,NA,NA,NA,NA,NA,NA,NA,NA,NA,NA,NA,131.531529735059,131.296504912887,132.09607336596,134.15826388181,132.958886964183,132.655393108366,133.825859072336,136.040511594561,133.723733552088,137.24578927884,139.129896841961,142.899454677233,143.85974878377,144.972430158055,144.593337800411,148.091361313063,152.128564363408,151.390771569833,154.303894435406,160.373723818576,160.913897722216,162.041662142352,160.319087028312,160.688527638381,165.056735568112,167.837120586932,167.484179147804,167.389611984853,168.876639404188,170.143891993195,168.72902332444,169.6315873085,164.483995445539,165.523284638,161.933221079779,161.137171553142,160.96756975619,163.161964789337,163.24708344329,164.826913774586,160.1086114557,158.685812944517,157.719567071074,152.581823439187,151.511575509158,NA,NA,NA,NA,NA,NA,NA,NA,NA,NA,NA,NA,NA,NA,NA,NA,NA,NA,NA,NA,NA,NA
NA,NA,NA,NA,NA,NA,NA,NA,NA,NA,NA,NA,NA,NA,NA,NA,NA,NA,NA,NA,NA,NA,NA,NA,131.599776729149,131.891140197452,129.934920615587,128.891731596553,128.514168596171,128.2062559885,130.918979056896,135.617102018643,139.915991681626,138.739284765113,133.72737978963,139.835923961009,139.604924611644,142.285648773127,145.227323291712,151.051260319521,150.634221298132,158.409764490546,155.779502729792,153.521906146262,152.831139763305,157.497283363647,160.731368472915,163.177759662654,169.11058475968,168.717192800904,169.776977165061,168.985618596502,169.962221627503,169.671927241023,162.411801559773,163.343969052517,161.725894331035,160.749936016598,160.294118086869,159.857919888158,163.742475282083,162.149530530811,160.516640510076,158.77567871081,156.725397744048,NA,NA,NA,NA,NA,NA,NA,NA,NA,NA,NA,NA,NA,NA,NA,NA,NA,NA,NA,NA,NA,NA,NA,NA
NA,NA,NA,NA,NA,NA,NA,NA,NA,NA,NA,NA,NA,NA,NA,NA,NA,NA,NA,NA,NA,NA,NA,NA,NA,NA,124.970339259571,125.899791415252,122.802946144989,124.519674831429,128.450856256597,127.980890648547,131.5476144457,130.888424492928,131.447681213827,134.450394619374,134.212313696597,136.258053673395,140.527613587938,140.662611284677,144.548349305874,144.038667600076,143.659764235365,151.043891582142,149.925222363814,151.879700455945,151.944826378503,161.607594855395,166.404416508118,163.76984963494,165.703076358336,166.908693010307,165.928653671472,165.057067774055,159.345227907838,159.455354633569,160.749910388803,161.112496015145,157.609721129399,157.291262135428,163.465641855139,161.693382486369,159.825783142133,NA,NA,NA,NA,NA,NA,NA,NA,NA,NA,NA,NA,NA,NA,NA,NA,NA,NA,NA,NA,NA,NA,NA,NA,NA,NA
NA,NA,NA,NA,NA,NA,NA,NA,NA,NA,NA,NA,NA,NA,NA,NA,NA,NA,NA,NA,NA,NA,NA,NA,NA,NA,NA,NA,NA,121.916500689431,123.570768793047,123.896896017619,124.833572563629,126.48831778508,127.075242186932,131.718050324188,136.056645765296,136.306749613689,135.371586042347,136.356265031817,138.466482152734,140.288208558813,141.498972306496,143.813773928386,146.25986838087,150.686903441796,150.378777897195,152.683102883683,154.934011644488,158.763421469571,159.40502548375,162.612896263448,161.388433300439,156.879423857116,153.957457999625,157.48222936888,159.409159451195,159.800903297507,161.490210939516,159.575302585082,NA,NA,NA,NA,NA,NA,NA,NA,NA,NA,NA,NA,NA,NA,NA,NA,NA,NA,NA,NA,NA,NA,NA,NA,NA,NA,NA,NA,NA
NA,NA,NA,NA,NA,NA,NA,NA,NA,NA,NA,NA,NA,NA,NA,NA,NA,NA,NA,NA,NA,NA,NA,NA,NA,NA,NA,NA,NA,NA,NA,119.735881200599,123.573081091978,122.597652376885,122.704855469955,129.264481134761,130.690517979155,133.161034979546,133.628927921012,134.962680087309,135.691695096491,135.531492116208,136.987508160713,138.836847748149,142.922351670184,146.944777993569,143.642164069144,149.70512004487,147.372829405364,149.440113123739,152.365967093068,148.365480564643,155.075310390704,151.065358058031,154.189235341322,151.281604642358,155.72818782277,156.320503139081,NA,NA,NA,NA,NA,NA,NA,NA,NA,NA,NA,NA,NA,NA,NA,NA,NA,NA,NA,NA,NA,NA,NA,NA,NA,NA,NA,NA,NA,NA,NA
NA,NA,NA,NA,NA,NA,NA,NA,NA,NA,NA,NA,NA,NA,NA,NA,NA,NA,NA,NA,NA,NA,NA,NA,NA,NA,NA,NA,NA,NA,NA,NA,NA,NA,NA,125.570451887383,130.885787776745,128.440777371892,130.205420336772,131.530982967564,134.436123089591,132.34782283617,133.66929693831,135.541722167146,136.292326067337,137.010440834146,135.281496234089,141.131378556173,143.829395686865,142.522075151808,142.14357369612,144.364705595362,145.101285507301,146.216278000128,NA,NA,NA,NA,NA,NA,NA,NA,NA,NA,NA,NA,NA,NA,NA,NA,NA,NA,NA,NA,NA,NA,NA,NA,NA,NA,NA,NA,NA,NA,NA,NA,NA,NA,NA
NA,NA,NA,NA,NA,NA,NA,NA,NA,NA,NA,NA,NA,NA,NA,NA,NA,NA,NA,NA,NA,NA,NA,NA,NA,NA,NA,NA,NA,NA,NA,NA,NA,NA,NA,NA,NA,NA,NA,NA,NA,NA,NA,NA,130.855998575542,NA,NA,NA,NA,NA,NA,NA,NA,NA,NA,NA,NA,NA,NA,NA,NA,NA,NA,NA,NA,NA,NA,NA,NA,NA,NA,NA,NA,NA,NA,NA,NA,NA,NA,NA,NA,NA,NA,NA,NA,NA,NA,NA,NA
