"V1","V2","V3","V4","V5","V6","V7","V8","V9","V10","V11","V12","V13","V14","V15","V16","V17","V18","V19","V20","V21","V22","V23","V24","V25","V26","V27","V28","V29","V30","V31","V32","V33","V34","V35","V36","V37","V38","V39","V40","V41","V42","V43","V44","V45","V46","V47","V48","V49","V50","V51","V52","V53","V54","V55","V56","V57","V58","V59","V60","V61","V62","V63","V64","V65","V66","V67","V68","V69","V70","V71","V72","V73","V74","V75","V76","V77","V78","V79","V80","V81","V82","V83","V84","V85","V86","V87","V88","V89"
NA,NA,NA,NA,NA,NA,NA,NA,NA,NA,NA,NA,NA,NA,NA,NA,NA,NA,NA,NA,NA,NA,NA,NA,NA,NA,NA,NA,NA,NA,NA,NA,NA,NA,NA,NA,NA,NA,NA,NA,NA,NA,NA,NA,149.708090243395,NA,NA,NA,NA,NA,NA,NA,NA,NA,NA,NA,NA,NA,NA,NA,NA,NA,NA,NA,NA,NA,NA,NA,NA,NA,NA,NA,NA,NA,NA,NA,NA,NA,NA,NA,NA,NA,NA,NA,NA,NA,NA,NA,NA
NA,NA,NA,NA,NA,NA,NA,NA,NA,NA,NA,NA,NA,NA,NA,NA,NA,NA,NA,NA,NA,NA,NA,NA,NA,NA,NA,NA,NA,NA,NA,NA,NA,NA,NA,137.542266971562,137.640374554586,139.025849120291,142.111057312246,142.784150214803,147.946246218196,151.072487937375,155.559318558707,155.04632089923,152.429208091471,151.047377853116,149.396438891081,150.175636191474,150.784436252214,148.015737913685,146.261548487904,145.536718686133,148.774242340109,152.769981063305,NA,NA,NA,NA,NA,NA,NA,NA,NA,NA,NA,NA,NA,NA,NA,NA,NA,NA,NA,NA,NA,NA,NA,NA,NA,NA,NA,NA,NA,NA,NA,NA,NA,NA,NA
NA,NA,NA,NA,NA,NA,NA,NA,NA,NA,NA,NA,NA,NA,NA,NA,NA,NA,NA,NA,NA,NA,NA,NA,NA,NA,NA,NA,NA,NA,NA,141.12850796599,134.663933605834,137.077431833041,135.983755012417,136.824560442008,137.087505497578,139.053225968591,143.957921373089,146.701402899816,148.277563577768,152.878309741276,155.674445950969,156.997016644497,156.775604009603,151.67024754601,149.828364446967,150.378784586254,153.45652629071,153.50585108819,147.513096034044,149.168034982351,150.000429866416,152.754043698481,155.26926094525,154.704751661359,155.216413193557,153.235811251287,NA,NA,NA,NA,NA,NA,NA,NA,NA,NA,NA,NA,NA,NA,NA,NA,NA,NA,NA,NA,NA,NA,NA,NA,NA,NA,NA,NA,NA,NA,NA
NA,NA,NA,NA,NA,NA,NA,NA,NA,NA,NA,NA,NA,NA,NA,NA,NA,NA,NA,NA,NA,NA,NA,NA,NA,NA,NA,NA,NA,138.168265891772,141.608161486558,141.259081388647,136.342856380112,136.900927028141,138.177883642664,136.438420233702,138.1834537242,137.466944822838,143.078528334256,148.329072194736,151.575504971541,153.489223088941,156.762166222612,157.583036625106,154.454282116319,152.882329026823,153.211182242262,152.682669349656,154.632594436382,154.113012134962,151.085193733657,151.072069438004,153.787752607279,155.583567697549,155.613578161694,156.473210101947,155.588292705123,155.246244558416,154.817996937319,153.888294780886,NA,NA,NA,NA,NA,NA,NA,NA,NA,NA,NA,NA,NA,NA,NA,NA,NA,NA,NA,NA,NA,NA,NA,NA,NA,NA,NA,NA,NA
NA,NA,NA,NA,NA,NA,NA,NA,NA,NA,NA,NA,NA,NA,NA,NA,NA,NA,NA,NA,NA,NA,NA,NA,NA,NA,135.179898343206,137.404310676587,138.354527978673,141.083711539987,141.808222106181,141.472776663781,138.058891190129,139.005573826778,141.120061325162,139.942527922687,137.307868257457,140.833318748611,143.043521111401,148.574433681617,153.258095205157,155.328606259519,159.055364879014,158.213903147902,155.954907341075,152.701394257025,153.089279880128,156.755889807598,156.874392541105,155.508264661343,153.298230576679,152.463069478044,155.264009470775,157.923973346855,156.374876822659,155.499140473471,153.838356721624,155.745197824376,153.757512731022,156.04122002106,157.240902729963,155.967465632768,154.837019578371,NA,NA,NA,NA,NA,NA,NA,NA,NA,NA,NA,NA,NA,NA,NA,NA,NA,NA,NA,NA,NA,NA,NA,NA,NA,NA
NA,NA,NA,NA,NA,NA,NA,NA,NA,NA,NA,NA,NA,NA,NA,NA,NA,NA,NA,NA,NA,NA,NA,NA,139.233010160056,136.861001726558,137.627798435608,137.976971944029,139.976590181213,140.615147691552,141.734679078867,140.192434063355,141.253422490657,139.703330617287,142.199992061644,141.172938945656,140.672775599507,144.527182480139,147.411861635032,150.701186279279,156.841916222697,158.63521601487,159.189585912672,159.759620637559,156.070045446449,154.601436569272,156.670597339967,155.921059249639,157.078127460432,159.685007022532,157.55423278383,155.63624648483,157.350380730149,158.603700326226,157.27520758834,155.94062162442,154.108723585491,154.674248219772,157.159417697763,157.853924779888,158.359790966154,158.204779234584,154.633651008172,153.995712313566,154.580276774973,NA,NA,NA,NA,NA,NA,NA,NA,NA,NA,NA,NA,NA,NA,NA,NA,NA,NA,NA,NA,NA,NA,NA,NA
NA,NA,NA,NA,NA,NA,NA,NA,NA,NA,NA,NA,NA,NA,NA,NA,NA,NA,NA,NA,NA,NA,138.643083304591,138.381609670307,138.760142113971,138.799081549928,135.810713713474,137.848488699921,139.557176348612,139.449711062194,139.350545306427,142.35707269003,144.455258364945,142.082767289396,143.085013432971,142.199225263314,142.084099600628,144.983540985701,148.224178732217,151.615603586056,156.445643115891,157.389314036956,159.488630725669,160.188240788147,158.62374942548,155.975384386954,157.499572333027,157.287442222748,161.128953696727,161.958376850286,160.383806102459,160.453624588059,158.321486776712,159.404810082772,157.846184787422,156.604536955215,156.593102965337,156.045130676077,155.991590344324,159.092498487657,158.401549509273,158.746221745673,156.051594419733,155.83297776893,157.186421149443,157.390084177193,158.811879637708,NA,NA,NA,NA,NA,NA,NA,NA,NA,NA,NA,NA,NA,NA,NA,NA,NA,NA,NA,NA,NA,NA
NA,NA,NA,NA,NA,NA,NA,NA,NA,NA,NA,NA,NA,NA,NA,NA,NA,NA,NA,NA,NA,135.952659410485,139.039425652037,138.563709904646,139.53003347154,136.677542199448,135.155954320151,138.48809036569,137.688258059687,139.267098855252,143.431192943321,143.889199452242,143.736253732159,143.186545127511,144.983187292921,142.478014772381,141.896623970741,143.312823320852,145.143174424966,147.965515481194,153.448977907203,155.605602325747,158.901158278974,159.634734469364,159.466346055585,158.020996170699,159.834718160771,158.474491275129,160.731102528131,161.535994225366,159.444397785438,160.434981658888,160.086075550417,161.412800158495,160.637689750649,158.90617912231,156.016459799096,156.788788513429,158.156282348715,160.637247700782,160.59349698261,160.760350045988,161.868247789436,159.683114792472,158.543213879863,161.542097641241,160.107587336513,159.177547058291,NA,NA,NA,NA,NA,NA,NA,NA,NA,NA,NA,NA,NA,NA,NA,NA,NA,NA,NA,NA,NA
NA,NA,NA,NA,NA,NA,NA,NA,NA,NA,NA,NA,NA,NA,NA,NA,NA,NA,NA,134.477413641368,134.603319457271,135.352723988819,136.150989612449,136.321207301694,140.28106571814,135.531531532195,136.269143454708,136.660510309296,137.964472012264,140.614363491181,141.576454425524,142.562656773823,141.383336052051,141.608683402647,143.007429893801,141.350145226826,142.318668051822,139.547075424319,145.834857444566,149.400291378777,152.653813055277,154.420018709789,157.587355830574,160.050543816951,158.817999991701,157.846637484505,158.78083246342,159.354909232278,159.1478480755,161.897856797907,161.763391266995,160.577170320068,161.375249635348,160.264409704948,160.798775346174,160.028006727848,157.504796062867,157.759991705986,158.706330601724,162.117466255363,163.577970265194,164.073011332165,165.256585036143,164.284062063637,164.816056954957,164.243978073214,160.983773278002,159.361267898716,157.640980270173,155.251538203652,NA,NA,NA,NA,NA,NA,NA,NA,NA,NA,NA,NA,NA,NA,NA,NA,NA,NA,NA
NA,NA,NA,NA,NA,NA,NA,NA,NA,NA,NA,NA,NA,NA,NA,NA,NA,NA,132.024267117171,132.096344730685,133.536020132102,135.435260662244,137.882700066556,137.528067188306,137.236250583923,137.287022432016,135.470777521674,135.99113248118,138.828767040723,140.587794384176,141.740508007329,143.537993431668,142.900788727484,141.636363919087,141.168325137584,141.157845856449,138.794537109083,144.255953276292,147.339327257299,150.468082122868,151.333209972963,153.625926039729,156.71612118382,159.809698586125,157.952360159079,156.726996766802,158.425032683723,159.772908371832,159.345286285869,160.609492519571,161.660871124576,161.676702705906,160.185575854179,163.539795476959,163.175455209712,162.84287663491,159.315899460702,158.841280614781,159.766107366312,164.421578164684,165.03212684427,165.802659060564,165.824535697215,166.814395259789,166.106469797541,162.455556117183,161.810805493712,159.99329945809,157.193364178435,157.327151242615,159.75693501602,NA,NA,NA,NA,NA,NA,NA,NA,NA,NA,NA,NA,NA,NA,NA,NA,NA,NA
NA,NA,NA,NA,NA,NA,NA,NA,NA,NA,NA,NA,NA,NA,NA,NA,NA,132.087180830765,130.065989977888,129.087481991495,133.133557172296,135.305906068052,135.313277428135,135.907347775176,137.235640761269,134.685632440817,137.181036324637,138.415549450937,140.349490904416,140.983140690464,141.834765141304,142.857042532194,143.771196209288,144.316718853738,140.810905137814,140.383830062453,136.584661343676,140.147065604355,145.787337132127,149.730441990628,151.88533690744,152.06487468055,154.232975154645,156.780954822828,155.659457979266,158.392023362798,157.482654031654,158.810740819044,161.228486781173,159.744150725309,160.657833032605,159.453636736767,160.26751918065,163.44788290907,165.768995585615,164.278953021377,165.29656527099,165.083543003416,163.758677358737,164.02651035568,165.353906307523,165.963541510511,166.236107274501,167.177841279001,165.44444132346,164.49058472627,161.89260430017,159.852642680814,157.140506642785,158.311095568343,157.568435468563,158.445782162671,NA,NA,NA,NA,NA,NA,NA,NA,NA,NA,NA,NA,NA,NA,NA,NA,NA
NA,NA,NA,NA,NA,NA,NA,NA,NA,NA,NA,NA,NA,NA,NA,135.419989197333,131.540152534752,131.701297930176,129.134055579799,130.052356799997,134.412509431789,137.786246073464,135.85706107146,135.95486476803,136.674486194528,136.366655472375,139.197707177118,140.676073785163,140.750324359235,142.143971382148,144.654586135325,143.303624458412,145.175077984116,142.835959459191,140.572172098815,138.133883158124,136.859593509838,140.979302865036,146.575357542573,151.050059859656,152.642325951409,152.872729660302,153.316284581508,154.57546312824,154.846836395285,155.000877289248,157.352885078665,157.160829984461,157.190375466908,158.427926908418,157.712423312622,158.877497259789,160.896213725503,164.114393847659,165.060153206704,165.678360526813,164.159846838848,165.335622238628,167.440827644578,167.372431351978,168.942279840641,169.251714128188,168.121795288045,168.57553074295,168.412584760658,165.133634964565,162.613372891058,161.018577980661,160.651544112179,158.821437625882,160.570759986586,160.623286283232,159.546454394658,159.973386963764,NA,NA,NA,NA,NA,NA,NA,NA,NA,NA,NA,NA,NA,NA,NA
NA,NA,NA,NA,NA,NA,NA,NA,NA,NA,NA,NA,NA,NA,135.464739002264,135.487531356244,131.661603579677,127.487287343657,130.550655120792,133.092357828547,138.080943363903,137.098966383807,137.828623620381,137.818263574082,138.765358136651,140.061509034216,137.668346519436,141.701092324011,143.684549754431,144.980978652565,143.686766889179,145.57283680739,145.302918679139,143.577603940189,140.564471956418,135.880507762947,134.079168467743,139.179965369937,146.634571835879,149.96337040556,153.046502538128,152.22552419505,152.371511932127,153.243610129702,152.207948538148,153.406125106456,154.237565496378,154.378609568567,155.888789728741,156.081107895406,155.033956425782,159.832234868788,161.084634199846,163.881262801426,163.933697715448,166.152822141499,164.910431868529,168.30875143308,170.334109699047,169.957397022662,169.883037936236,170.152497264848,170.197103716953,169.543809674528,169.946515006747,169.413560339615,165.798204917943,163.403904225432,161.114944581261,160.453746385124,161.608089074301,161.955606785208,161.987250778121,159.155168793313,159.009115713982,NA,NA,NA,NA,NA,NA,NA,NA,NA,NA,NA,NA,NA,NA
NA,NA,NA,NA,NA,NA,NA,NA,NA,NA,NA,NA,NA,129.562815424531,134.597602015699,133.183937890195,132.830510524043,130.334536815959,130.601948944944,129.202349492877,134.242273753112,138.139110928861,140.216676497257,137.205785683699,139.475794057472,140.724041858284,140.515879523019,142.550717595148,143.733394839628,145.014323715281,144.585369049617,145.242064181478,144.997441774827,142.676424833154,135.657679877126,133.997161439299,134.930970246804,138.977959667338,144.845415790511,149.695791938604,149.892139769983,152.035733464213,151.709187321216,153.096167926208,154.6377476441,152.051492453231,153.887002071698,151.572315483349,151.82272580768,155.292147162051,154.710497753019,157.155016402005,160.034772503061,161.546317085526,163.125450996512,161.684150505384,164.095345476625,166.873152738247,168.519214685282,170.875707083711,169.64115414417,170.63540102091,172.607810591349,175.26179577686,172.912031459824,171.919732882563,168.593569828873,165.584987393022,164.025328658322,163.343402819711,164.609687418288,163.379490347848,159.938756487121,161.001338281377,162.617821306734,160.555187866027,NA,NA,NA,NA,NA,NA,NA,NA,NA,NA,NA,NA,NA
NA,NA,NA,NA,NA,NA,NA,NA,NA,NA,NA,NA,130.860287611127,129.097857363799,132.960218285874,135.168281834702,133.877269302495,132.037107786232,130.536189991169,132.143693026655,136.26023271711,140.448329866504,139.887388434458,140.114338941555,142.123563747525,144.074986443194,145.681223328728,145.537295827083,144.755863879666,145.502562395233,146.007833362257,145.434166260279,145.00204047074,142.761756342954,136.175408407043,132.457120363032,134.506002605009,140.313391684431,145.137630506996,149.639305192851,152.046812314941,152.448317719207,153.926555147167,154.261356377302,155.313781765204,152.7218429876,151.2224864879,151.390577991902,152.599635204192,151.897352091242,155.006387117249,156.974223230574,158.909447215852,162.14336919912,161.749789167681,161.495110144441,164.084489954453,167.623891788825,169.601757756551,169.743893166189,170.256315396574,169.903918563756,172.904462124323,174.035102386339,174.317053398265,172.601484570919,170.308274357146,166.830873720931,166.53130596114,164.046358420115,164.779723240932,163.051576040407,163.167886902191,163.982254983077,163.034572259317,161.899809807986,159.651474347569,NA,NA,NA,NA,NA,NA,NA,NA,NA,NA,NA,NA
NA,NA,NA,NA,NA,NA,NA,NA,NA,NA,NA,130.001360924801,129.308521674946,130.017022480717,130.762783907547,132.875418648914,130.189198724666,134.634203044126,134.017328784801,136.1478996391,136.124529282567,140.676741345045,143.346555540944,142.453982644582,143.390266950078,145.050288237379,144.03346000844,146.047236456335,146.065710651548,147.318754909129,147.65099901372,146.828399979439,144.150995358909,139.087390249101,137.391089292155,136.852459658723,138.897716975921,143.434503800344,149.53029094962,149.98221260887,152.230250699831,154.313158317495,155.548290211635,155.408945465689,155.885205320864,152.365737186021,151.623986917214,151.140358359895,151.466152509883,152.322147233215,152.567119243336,153.696301391941,158.289028684456,160.925639850639,161.331758368444,161.250057200469,164.177340908084,169.363070411484,169.91502591935,169.566644647033,170.563284575914,172.71127168362,174.931359934476,176.81494330949,174.95976445332,175.097634792871,171.886761393599,170.2960322471,168.844518435441,166.688534399569,165.151779113123,166.374860948492,165.953553317605,164.310359882302,163.789928666503,162.339628638203,160.414429639736,160.178069033214,NA,NA,NA,NA,NA,NA,NA,NA,NA,NA,NA
NA,NA,NA,NA,NA,NA,NA,NA,NA,NA,NA,128.329960679239,130.783639042854,130.849560924934,133.626667593657,134.478153441872,134.398513181886,134.951462979694,131.494264376273,132.514486557804,140.589501786819,141.243941860982,143.980136510709,144.018476677643,143.504990067515,145.08791087545,144.498400473615,148.055086894683,147.262806737043,146.389525426891,146.936656247745,146.02646145976,141.706511044872,138.556314109146,137.749819357022,138.350850884797,138.733939723254,144.788352766586,148.842154626351,150.984140369761,152.240120509499,154.277496258754,156.140781069068,154.815949404342,155.987079264441,152.134567896513,152.222987857771,150.631430563596,150.793667831227,149.861212117356,150.833603157632,152.10237917052,154.352372486612,158.736605276695,159.691077620782,160.170178391463,162.453903974662,167.535459888784,168.465309007826,171.331242581577,172.253045405902,173.39536245119,175.552482544523,177.170732782298,177.001721471333,174.362181118694,174.928813612695,174.363408962845,172.47525110164,168.543543418964,166.991424289581,167.678845294562,166.802516292849,166.129702902483,166.087831630566,163.123267639007,160.638958760578,160.485976681514,NA,NA,NA,NA,NA,NA,NA,NA,NA,NA,NA
NA,NA,NA,NA,NA,NA,NA,NA,NA,NA,120.438132656059,124.516455767498,128.469887435352,128.953600474591,132.145296824509,131.49279204536,131.220695850741,130.778879882869,134.147426168678,138.952883360132,142.793816059194,144.333319985157,144.745992140695,144.770681372403,145.306987909947,144.706122249835,147.194271946775,146.995002920932,147.252406159241,147.513798335008,146.533643565655,145.773648299112,140.239888802176,138.868328097139,139.598110681201,141.14468178695,142.325969043469,146.851520293075,150.698409612556,152.67455098674,152.106494526705,154.171792470573,157.732262268003,157.74274107536,157.302941800133,153.159275059616,152.919371295679,151.005958327586,151.849804756943,151.526839602164,150.411987340833,152.890792595028,155.415350536461,156.824945759897,157.603708591244,159.29247225116,165.314281689061,167.364378398942,167.970610151856,171.953774760097,172.858592607127,174.044806432522,175.790689946664,178.839402589658,177.5987702056,176.926816278102,176.76475435654,176.541697785924,173.971136462929,172.969062547785,169.900164329774,168.541846452705,167.613024900558,167.564559108369,168.37386360924,163.445935318495,163.298413350382,161.099987834001,162.089042248524,NA,NA,NA,NA,NA,NA,NA,NA,NA,NA
NA,NA,NA,NA,NA,NA,NA,NA,NA,121.046163185876,120.441114040719,122.286622914596,124.888713719007,126.841788966969,130.717141812847,134.359761681903,135.41714183023,135.017103189019,135.875066538816,145.648668513239,145.377783747931,146.52539661391,146.406289045328,145.165537348398,146.961734581985,147.753563031892,146.052088948157,147.138312126783,148.734923762848,148.554240367484,146.804825741819,143.486932957325,141.389351644055,140.490514425034,140.645571126072,142.089743630952,145.720825451086,148.980767795753,150.184499618274,152.567833749606,153.96148003752,153.445221021252,156.474926391961,157.725290880196,155.802261629507,152.976469178288,150.880171495473,149.986765505041,152.250697305178,149.592394087469,150.826880165013,152.514354958159,153.795302228251,153.342350117393,155.165945520028,159.457779629996,165.950488429264,166.574438513165,169.21731188375,172.422557411665,173.985985704362,173.261139473456,173.76117326293,176.458220644679,177.832576324946,178.586780990355,177.209330556278,176.529266750015,174.397262648309,174.488766917302,172.219442334235,171.849474067411,169.858087192855,168.771082514108,165.796063336421,163.79461197712,162.611455938834,163.140025238416,161.854669109292,161.355901788112,NA,NA,NA,NA,NA,NA,NA,NA,NA
NA,NA,NA,NA,NA,NA,NA,NA,119.594645389105,121.646374420031,119.920427697801,124.765964139145,127.995068463732,127.737145613256,128.774902512132,135.066810085753,139.655637212087,137.719249433207,140.010519508838,147.569921845456,149.303244332804,148.087649875084,148.827859801921,149.526511377087,148.387827076059,147.554887254626,147.858157534348,150.903800200644,149.956795947807,147.061608066434,147.465708642045,143.868113756656,140.700813544885,141.061816008051,142.403631431617,143.854413161485,146.135355408562,146.760295026364,150.080512226309,152.586840661961,153.263135455307,155.400886517976,154.814765702624,156.699214558191,155.476783476075,152.452179402311,150.508798023768,151.546635263416,152.254767365007,152.477383692276,151.944376022331,154.708669846664,154.642065355231,153.894358438293,156.098587035794,162.306789404806,165.141038020967,169.201083774361,170.112506751076,172.543558486437,174.710957828823,173.18828307677,176.813762576509,177.312867089971,180.769098865356,179.235862393908,180.346291366437,179.591448308261,176.438164823102,176.986182298271,175.980481611752,177.311572892531,172.430333815117,167.805866947689,168.099134984833,165.734624039759,163.726934398104,163.061971076125,161.507527637232,159.964237027388,158.262552514642,NA,NA,NA,NA,NA,NA,NA,NA
NA,NA,NA,NA,NA,NA,NA,NA,124.988977723389,124.274545752298,124.049197507966,125.659058891879,127.179382038215,130.854477158876,131.318480895778,136.702730980807,141.853174327453,141.336746569166,140.711185693405,146.012054164221,149.258344427132,148.474138609876,147.476095577813,148.103051635376,147.652835871116,148.665241721034,150.292037129018,151.038948996474,149.037970551294,148.810181654985,146.668453890324,141.969084938818,142.004739090005,142.798324520713,142.186516455587,143.959544758034,145.145457006318,149.564789470877,151.741436776131,153.951372266288,155.654852334731,155.894053575481,156.673518429519,157.163976528996,155.090503982809,153.669416858229,152.447367303395,149.666299256463,153.129299357838,152.036666863463,152.19259562869,153.200323472849,152.803205906939,153.773977490908,156.6367676811,160.796570404278,166.936077197092,170.108213542495,170.075765473939,173.098692585508,175.068025916767,175.046454353019,175.533596909168,177.066653942205,179.671627943204,179.518846058672,180.594645635244,179.496255776922,178.656189142366,178.737093079454,175.851348800827,177.360432589127,173.810994166371,171.096270275626,166.897767521159,164.379131924906,162.429106590468,161.778424015967,163.290006361875,162.787734268142,161.192667344375,NA,NA,NA,NA,NA,NA,NA,NA
NA,NA,NA,NA,NA,NA,NA,125.707701550174,127.204089754238,127.985277753185,126.503373376921,127.980817242177,128.191133898678,132.232348429703,134.973322140681,136.467231674814,141.251445914716,142.390561142463,143.704166080451,149.979117969413,149.714520241992,150.765475073077,148.657961808354,149.26622637898,149.120292456376,151.185419332806,151.512511710572,150.77584196587,149.979444551752,149.719254778372,146.658596846162,143.516002784156,144.099693156549,143.895420223943,143.003755514743,145.319587200095,146.323439257513,149.076837090778,150.740241848131,155.754387445864,158.471574559362,157.623067250948,156.926547846431,156.229058844609,157.563498696275,153.662717069643,152.116523635438,150.172108283843,151.763660635389,151.284165928563,151.507278295387,152.891931464563,152.331440246834,152.700302458135,157.491564731129,163.795467528866,167.091225768259,168.143543287854,170.239094465332,169.965606740673,172.685095105175,173.781390242631,175.033962748956,175.621665830588,177.259753909126,179.857979667524,182.079582787526,181.327365890153,178.760824094937,181.347285061309,177.455266093896,178.592626863587,177.65112701833,171.966401249995,168.95124053995,167.190172195848,165.056440379909,163.512527020809,162.00646612817,162.870615838069,160.708704425045,160.075560415494,NA,NA,NA,NA,NA,NA,NA
NA,NA,NA,NA,NA,NA,125.424785547365,128.736694290443,126.523558453712,129.543467511625,131.094040025807,130.603638147576,131.21256619492,131.521016330789,134.675011939632,138.468017221538,141.728893157849,142.77338163354,145.708244753797,146.897752866003,147.154282361206,147.694172860065,148.663063830248,149.495551652527,149.27147512684,150.077579730691,150.387397792462,148.638078840655,148.775962603266,147.068256947523,144.010453221275,142.935609660727,142.757402062125,144.058174679283,144.120803383329,144.456742278802,147.367889623622,147.057664004663,150.816839900028,154.304890448343,156.714413535964,158.263544277591,157.965211625373,158.79878557221,158.001819643023,155.013330585616,152.694106668473,152.292423245487,152.135489376271,151.349080491278,153.52069849095,152.04564529184,152.728019460452,152.886621610355,158.503121788299,164.117860781426,166.916724197519,169.733734485225,169.262358745199,170.926638546731,171.898285854226,173.566422229069,173.416275742701,175.573142537823,177.26959991622,181.031165855601,184.321000261569,181.058714477633,180.211363495895,179.151448699543,180.860328894178,178.279951438888,177.884639968173,174.892104738122,172.592885279862,168.136529036622,168.22920763659,163.840214236848,161.777185647402,163.17319934466,161.41042187272,162.330910412135,157.827374376685,NA,NA,NA,NA,NA,NA
NA,NA,NA,NA,NA,NA,130.069715770894,128.145585672003,128.524074312896,130.768394457782,131.542431846008,132.930054507902,133.201155369899,133.06618032864,133.487780894926,137.129849173906,138.682990254331,139.272785840775,143.80429539418,146.651450679315,146.88622200824,144.577473919458,146.389225086399,147.607654409951,148.995560797042,148.816342322552,147.80795517432,148.155416165692,146.713823572875,145.682712062981,144.312926021932,143.223966367085,142.886481864977,143.324822539875,144.900401584454,146.119707042717,145.974245459595,147.548542655114,150.131454622318,153.108631361183,157.736080954397,157.036933513805,159.264502044007,160.281441460455,154.087256702713,155.356188759107,154.719787253783,154.078626579159,157.151006538763,151.932975449309,154.059698469408,153.071093330878,152.474295618797,152.313106510178,160.452841761147,164.365162387092,168.535833521864,169.925388435809,170.725143570936,170.4228364263,171.305810529453,172.379424618398,172.880125831891,176.815194471721,177.743361265945,180.741551593468,181.18617807573,181.214371705498,179.351891877859,180.630419934568,178.011961069909,179.909848066471,178.452108082769,175.290133400497,173.308039069329,170.50057919613,168.947013353219,166.913719400813,163.299504572787,162.185778341459,164.342501596858,161.289016786442,158.913988902609,NA,NA,NA,NA,NA,NA
NA,NA,NA,NA,NA,133.287421358426,131.146095795031,131.414543053949,131.55827724174,130.64626991721,131.85756714132,132.153964180686,135.268566062574,130.352742587663,136.035318047309,136.964644900391,139.887091583654,141.884834038239,141.447057937323,146.124344657209,146.948991756104,144.669457123352,145.591170118841,146.012544701413,145.220682051194,146.934432621093,145.520170877962,145.48544838974,143.806953318245,143.661333571846,141.884511087222,143.204906972819,142.622031002531,142.087813907087,145.044124229136,145.680123478759,144.933401810575,145.735510755883,150.294229058725,153.711041986325,156.080415648879,158.711705658946,160.011122784537,159.100150568102,156.251718710191,155.087373020144,156.565245357155,157.062534737517,154.789147873558,153.213497585391,154.645851330295,153.131188559034,151.840510220679,151.257316620393,157.955730637996,165.191543876775,166.97024639314,168.061185643381,171.30079112889,171.487633699023,170.542718966212,171.840959323273,175.127816193169,176.709309105745,180.923380257288,181.715000879729,183.01807653077,181.549406188599,181.027841512445,179.298066454958,180.238299778979,177.66394103886,176.254897790544,176.886185248212,174.653973470245,171.626930414944,170.022292546899,168.083661057763,164.558969459092,163.522242525194,164.768756515777,161.213000502411,160.950601231056,158.133565841035,NA,NA,NA,NA,NA
NA,NA,NA,NA,NA,133.529818603167,134.119271826589,131.148919489736,133.774620296488,132.422257745707,133.03539136213,133.350028882583,136.089267512483,132.954034139076,134.419395995718,135.509115884952,138.564585407884,139.957115533511,142.114200443751,144.157364806395,143.198955606527,143.364598883179,147.080386193953,144.996810012192,144.466697163923,144.176676297071,143.424001262226,143.721060733483,142.30178893578,140.632190713897,141.109097085761,143.37864444661,142.266792257183,143.953017048844,145.981442603963,147.226332564866,146.390256321166,146.987304179957,149.984413218406,153.703552255132,155.609972134524,159.198658849118,160.210990148066,158.54416156054,153.554274089061,153.999114159984,154.638918275595,155.621851055166,156.239567652959,154.184647553038,152.66495390336,151.805494112728,149.58868372257,152.69697721017,157.221613558449,162.904300898979,167.750182794585,169.075532226391,170.420800872913,171.101016849798,170.83179732049,172.15982932719,174.488810630604,178.423118041707,180.237299253583,184.366642695886,184.557785481595,181.358230999863,181.312196830761,179.717908227383,179.025779790712,178.140973699055,179.06634462543,174.685860389705,173.111805850314,172.247460921083,169.905513966253,170.044405493448,167.529436915649,166.452032281477,162.594597424682,164.008451355446,161.927141862759,159.538558041265,NA,NA,NA,NA,NA
NA,NA,NA,NA,137.35336990973,135.180283838609,134.267494359252,135.523148772049,135.547232984779,134.142877593646,132.419855768069,133.837821860608,135.88176749616,135.038127318211,135.267715705357,136.609487917831,140.554818801207,141.258562547462,143.22686690692,144.265979000689,140.976080363665,143.825904191925,145.729315937722,144.698910829212,144.69909223516,143.601596067116,142.996401179944,143.516795910176,141.391705488567,141.657688618372,142.926533041393,142.667207444139,142.922315715977,145.300420336448,146.79803603433,147.030408558039,148.110191211175,147.970451782285,151.781135672351,153.533629361983,156.921945461439,159.256117152328,160.892826494525,161.195185004087,153.700814794529,153.953216610353,155.689330309127,157.48173070886,155.672101375713,154.111659552839,155.272337438121,155.185131062547,151.5016954397,151.091376466141,156.929619051738,163.426595680484,167.652019514644,169.704936388539,172.162849592509,173.151063987178,174.246253721227,175.818072823416,178.404685016786,179.46766726738,182.209230481984,181.259605439785,185.101187569615,181.651565782876,182.249749730933,179.887516887479,180.389353671621,178.686366016589,180.495034052686,178.153590671825,173.034144545778,171.529668544566,169.89516979889,169.381111828907,169.300042990679,166.827359156689,164.717765196274,164.372501454389,161.427044832039,158.888410521302,156.916776244178,NA,NA,NA,NA
NA,NA,NA,NA,136.453031989882,136.98645000354,136.962455261863,137.012014015924,136.066539411152,135.428727498464,134.675945574852,135.801554547938,136.094754875669,135.200440684118,137.179090348366,137.849461850039,140.961367414398,140.620694650826,142.923560566367,143.259771128247,142.826353808322,140.82307366544,142.599404864106,143.918870009592,144.001901448212,142.236517174982,142.29786691014,140.990364410192,141.805879896304,141.93280065287,143.1437919232,142.53783070637,145.164725355942,145.12662973887,145.709773051643,149.193299760885,149.041429021935,149.073072859729,152.233937800808,152.542209653672,154.210903782569,157.743416432149,160.164098265186,157.547917777482,156.684823083503,156.194470739702,161.317270376464,158.075629511709,155.364124838519,158.233874560982,157.224321544988,155.580097833026,153.91422634258,153.60581008822,160.146335757702,163.187548947333,166.520240601238,169.362114649671,173.243884470463,175.635640158922,176.785648620217,179.227606509272,178.51296867957,179.916137404623,180.96941178151,183.85627992926,183.260828865589,182.744965183111,184.270872293317,182.871514540615,182.170903871764,181.653985484804,178.495328897104,177.686726201119,176.670475055103,171.043434537968,169.659379921998,168.550852230017,168.338744158959,168.094918801219,167.11407010359,166.014534215528,162.600140925471,158.405395626051,156.702993587156,NA,NA,NA,NA
NA,NA,NA,NA,138.821309265664,138.418336463536,137.053205025612,139.454286813148,139.362592634265,137.210492198902,136.999668838768,137.631382922325,136.532741117454,136.124658605299,138.487565331733,139.680997462234,141.77225966316,143.461545581542,144.740128690583,142.890838202808,140.196228787268,141.758800677736,142.320985500244,143.513071687224,141.355185470182,141.704369948857,140.859708829315,140.430362999926,139.879011872992,142.030978999307,143.366304331757,144.307340148934,144.409395502973,146.464952936737,145.649494390493,145.824572567772,149.251408527877,149.609763019176,151.345489946598,150.664834790292,153.209236052214,154.747330957882,157.837209819814,159.020581301566,157.826813749306,157.802140187368,160.537468925788,155.026921834628,156.354229369559,155.478952215049,155.581862890745,157.034388952553,157.569176115407,158.071892337585,163.021561170103,168.653932991868,169.012649900632,170.343054254072,171.809107391533,174.732059630253,175.576306640087,178.412754849388,179.936462971091,178.792695931545,179.00545909279,181.337795946283,183.80712282124,182.076374553366,184.849525572246,183.621180242888,183.932205602776,183.101023210192,180.916377519501,178.691019447801,176.914747229814,172.193298152268,170.511298714635,169.912102940906,168.384616837799,168.288275024354,167.52416412874,164.104197863365,161.862462096999,160.447448413154,158.074705285469,NA,NA,NA,NA
NA,NA,NA,139.602862313937,139.017626922556,140.301028118081,139.449036718518,139.979150854933,141.181053110453,137.512321649366,138.812981966595,139.324952209425,137.140498819385,139.333821669032,140.030186050709,139.138237602122,141.574969810147,141.089489628554,141.410464828898,144.093931216302,141.412743767272,141.647801079534,142.074864827596,141.478765307631,141.202483002761,140.147407555954,139.712859502231,141.006901396006,140.841597123016,141.670842742391,145.197422670031,146.080374967247,147.078015092084,146.910072909766,143.746019411126,149.054543733251,149.401569664786,149.720523991369,150.550541653046,150.55979659297,152.453343568894,153.11037162708,157.207625568096,160.251086277169,158.297334273932,158.448811530717,156.083380277811,152.692696235795,152.596807791554,154.729649778595,154.815110670199,157.765662374322,157.813662095871,159.441361889613,165.250341564855,170.719305346935,170.821136966698,169.763704188573,171.715320559016,173.080490293189,175.448815214002,177.530511288028,175.952171820155,176.088430442815,178.483019187117,181.137107882237,180.18244734843,181.445550659256,184.77511137674,186.04165360572,186.025655789623,184.088000359508,179.532748514697,180.232643443203,177.24251057205,174.154735449809,168.937203951165,168.304697451845,170.006522051315,169.914127566922,168.634161874731,168.968364798421,165.793240053758,161.883431731011,159.588814559028,155.618867582087,NA,NA,NA
NA,NA,NA,140.409406357112,139.13556079641,140.03410560067,141.613502639149,141.932801023291,141.117421579567,140.427786881554,140.420774053038,138.087956258057,140.58104701667,138.899034596736,137.517597288922,140.394438797132,141.206069635957,140.2515604437,139.799872102368,142.512501248023,141.364176493323,140.985391313862,140.620788567884,140.749024006596,140.356633825577,138.793210310018,138.816514192239,140.263230684685,142.069230371756,143.882519573449,145.455246974385,146.157230113797,147.176361377966,144.73601925308,144.452487316817,147.0729767408,149.828997321544,149.337486538169,150.908519221579,149.264130256754,150.401181338749,150.849551949003,154.891142622561,154.33794546725,156.112605776851,156.27091984257,153.135753547698,152.27234806285,151.585582110735,153.697639658385,155.169514671445,159.605711584401,158.016612876465,161.354954348794,166.167541676565,169.710752569807,171.45355417315,171.072861509691,170.975026318297,171.41568637704,174.380003961263,175.490312555628,175.490469355324,176.502912457209,179.484730944241,182.810025589338,180.077240080376,183.364948216604,186.98318684582,185.658833216094,184.671854389048,184.362988815796,179.205595050682,177.498108268408,177.669410099692,175.660220652577,171.306909186236,171.888994004018,171.514376639274,170.759843967647,168.884325757133,168.253702968737,164.052620872642,162.67896422276,161.216367917602,159.329986929636,NA,NA,NA
NA,NA,139.556199567107,140.742530796892,141.851943289331,141.08631355549,140.653925922926,144.414273054318,141.744493167832,142.844891744144,140.881363213432,139.545512715173,140.779515360183,137.091034426556,139.418391379527,139.934827704321,138.688497782724,139.63532415994,140.797669296429,139.560544384838,138.248313737867,137.393935792908,138.065708974261,139.380863614669,138.499400349216,138.604054416643,141.137653648362,141.47177899725,141.695667392503,142.242324622697,144.473390165737,146.553761469197,145.630758778735,145.719296459018,145.775982904967,148.815460283382,148.052656409001,147.921353752606,148.102653103835,148.028050791824,146.00222587239,150.510770707676,153.31398268402,153.366199382018,152.903476472075,156.216790761498,155.749081341456,149.799285237771,151.80713560244,150.739489661873,154.452125877453,156.842828756563,159.675444946332,161.127937375382,166.449765568555,167.797482726822,173.565687135658,173.942713533709,173.511456690429,171.943804409124,173.37231121012,175.550143177357,175.47333499304,176.959062579189,176.460153483205,176.480214458024,179.567021476197,182.923264590724,184.254640698444,183.737372030871,183.656163050326,184.461216348896,181.874276996784,177.927597171073,176.37850960103,175.292137856465,171.834884661563,171.270523569381,172.214150991724,170.032568018154,168.456918905774,167.12884367849,165.658000616141,162.847640392877,159.797543748668,159.186831204728,156.40250614851,NA,NA
NA,NA,139.37220366024,139.787603578343,140.080564694668,141.566854411153,141.412214208783,141.446247566093,142.483019823203,142.17206529236,141.703597966106,142.372866817351,139.429058166651,139.165722640263,138.541359163851,139.447198896037,139.023894401394,138.622557131689,137.963126481633,136.839130332908,137.412130046936,136.267038461815,137.4866611198,137.066134460428,137.095873354737,138.093328774761,141.093501992422,142.267648967883,142.635536022814,143.80559121211,143.959492966972,147.020599158036,146.949656302691,148.033076505538,146.520913296542,148.182230697718,147.928600155827,146.931408335754,146.979953322475,148.996832085594,149.133835729682,149.581764765744,149.39681715747,152.780388658844,150.110556902412,156.505204413897,153.827142162882,151.443257344413,153.076223211694,153.351646224759,154.034727528666,155.364851919326,158.179922822742,160.499425329916,163.354154377109,168.978346674059,171.237782413223,174.117585627454,173.695000674879,171.464242123642,173.755714438644,174.723883946028,174.80353988186,175.81562472175,175.71407538841,175.854411888876,177.743504077482,179.055992501403,181.881582896896,184.484401644462,180.091311912954,181.781989865912,180.534944086203,178.789466477346,177.063003840088,177.879942869145,171.861373213797,171.334879418198,171.635014106152,169.154648917317,167.080186115029,165.879557619433,165.790414619661,163.664380447445,159.887127777883,159.553829432617,158.121293751081,NA,NA
NA,NA,139.513966851132,139.378330713202,142.093987031257,141.386668768559,141.84814283034,143.761688873433,141.856051711005,143.527393242979,142.511252540478,139.875655899548,140.052607456239,139.423551833217,139.389029510218,137.616222238201,138.124378485304,137.017657667475,137.711893374557,137.312293131049,139.013752439187,136.873476870792,136.011586847507,137.17608933581,137.024594830237,138.545906131773,140.717473401487,142.237325890177,140.835604351309,142.812325574518,144.58554522758,145.999927379016,146.326048276818,146.460236591318,148.159218033079,146.985980362591,147.056929663947,146.491342662228,146.694322883071,146.304566365111,149.417335507038,148.114204365051,147.627190258552,143.522134669184,147.672560148024,154.731993504999,150.572973835444,152.583692701776,152.603884473373,153.573151773697,151.43845574041,155.060798486255,156.158255463423,159.954995557457,163.373390596399,167.581884959528,170.18331475496,172.511977934056,173.408357098941,174.60892211446,174.881628546429,175.385354560967,172.784855226241,173.484873158642,175.820121236475,175.944510017803,175.408977029728,177.384474461622,180.266247313839,182.697535911224,184.181707944615,183.058445037661,181.494297806804,181.000426722749,177.756034683321,175.917501398551,172.723454603,172.578472144755,171.215999718097,171.622174254734,169.601659170086,166.156939162652,165.91326943542,161.195915330769,159.353722871588,157.561735135389,158.321921493651,NA,NA
NA,NA,138.128114998082,140.034734233459,142.665454540397,144.046136436585,141.262405768885,142.143491375812,142.777500391745,143.802904220039,143.559222729012,140.095832272946,139.141147876133,139.745803472302,137.922040044051,137.691080810375,137.017130486601,136.636749947679,136.852895542017,137.637174606104,138.33385141357,137.532934983969,136.962531468123,137.011031334576,138.733852355248,138.455118215522,140.742244954437,141.614939420383,141.279803265242,143.565454811553,145.270827602893,146.336577758606,145.307327746244,147.858857194478,146.600277647076,144.257822989483,147.409916353483,146.512773759046,145.907433462358,145.509854366507,147.531713978578,148.207301250982,147.567701438384,142.626724301853,145.549981274714,148.105705082522,150.973911929867,153.606054482946,153.694712860102,155.714773302011,156.032427047643,153.3706607445,153.749687814596,160.116815842427,162.55539932336,168.551769012098,170.007578021771,172.803644060741,173.771096749895,174.79171440544,173.538987178348,174.519972377914,171.952606091454,171.259421457241,173.5135743792,172.341407776226,171.953729314236,173.155486210693,177.235561833527,179.061576652327,181.172130784207,180.952565948205,182.018530842491,182.288989063728,181.967612490141,178.355710152003,174.168246633016,173.354715816092,172.441503368087,170.899935459367,168.931066543744,165.317041241482,163.015373083454,159.777587304393,157.243877048405,156.834442935161,156.787724026511,NA,NA
NA,139.05175662614,139.202129540604,141.414182388031,141.967203013955,145.192444348753,143.559285989811,143.98573108715,142.482889286537,144.412401232499,144.017041808231,140.787486050022,140.26883326266,138.904919477518,139.108718961355,138.21339570233,137.082205438934,136.692433478926,136.893311703246,139.054830406327,138.400151577885,137.497818834273,137.779058136426,136.31601383838,136.025996694098,137.962058483365,142.326624496672,141.750622210652,141.813118368548,143.297866929125,146.650739527221,147.151632180601,145.905720284836,148.549933614069,145.9730751708,145.922545981433,144.965879367195,146.978799401253,146.712270987963,147.49725536639,146.747813153958,148.695546069216,147.454502982556,145.563982148069,146.538623659221,144.722214864579,147.963025740179,153.005375233722,153.532287367852,155.502237961176,152.807725837178,150.213059224067,151.337932868721,158.090734130479,161.827243692754,169.297473281244,171.981997352013,171.734680226979,173.732180708177,174.660185785742,176.036667417523,174.137342858892,172.775395291983,171.246194929655,171.546278361278,171.596595066577,171.198858435509,171.381293911962,173.370635269712,176.033115222206,180.815181524009,181.180546992755,181.270200105282,179.271333292808,181.416341438059,177.828236166645,174.362755753743,172.213923172884,170.119191328412,169.78880168487,167.435142398635,162.390691115537,162.424706290763,158.145823033962,157.7669569076,157.073506049527,155.854304963887,152.899803985296,NA
NA,141.600161696814,139.635425038732,142.430503923844,142.730022378988,144.987979735467,143.894442830022,143.753879284109,142.192219863862,144.219630710551,141.513913864521,141.920692863699,140.544377882341,140.829862891537,140.126975623758,139.078375060369,140.100681193414,138.462097093131,137.989824360971,139.500952724836,139.915607481244,139.249491140099,139.6044225178,138.098260379939,137.090692918946,138.867965696216,141.563753828008,144.091848416377,143.363340698304,143.045006804631,146.120230625037,147.328139275666,145.018753510721,146.178176835991,146.193524334914,145.099667896767,143.972035456923,148.137993038944,146.746705295112,148.22550648675,147.286595667619,148.227737202112,144.037406911532,144.090368952209,143.67764212423,140.991298364357,145.246850731034,149.444474030631,152.03453931732,152.477122129811,148.701968395871,147.422776921204,150.547543326252,155.693480660511,163.085496027389,168.686164332625,170.563410618283,174.257499000843,175.36918597127,176.314945195529,176.76287954141,174.037458541902,170.655850358952,171.017458439754,170.024570607904,170.215113153723,167.954425862781,169.327346126905,173.097217040165,174.723228680835,180.198781397971,180.456538056779,180.135330628179,180.765378318533,180.92046034882,178.195307847,171.664782302619,171.576777884012,169.707773463098,168.787871144732,166.834990267351,162.688716272637,159.896661243086,158.930400688218,157.055201736195,158.363079367103,155.660206116829,154.85147611066,NA
NA,138.421897353205,140.863270163868,144.332563368346,142.16913719269,144.628673232768,145.391860568439,144.442267945281,143.874254253213,143.191298269753,142.597935963559,141.831940935256,143.296039638826,141.980996738796,142.090096431424,140.577457984048,142.302212182056,141.214472046695,141.845989680271,140.449343779146,141.160764679186,140.87281355732,140.98883912967,140.60310810838,140.296497334674,140.480523862537,142.080464798142,144.059068672115,144.1202541165,144.64020495165,143.767501091823,143.33668081999,144.158275985328,144.456792332424,143.270279297858,143.397397443207,144.933153845078,146.422886561788,148.373319081918,150.134456472575,150.626437861962,147.969072254373,146.600811006101,140.499042599954,140.866588603706,140.084355006274,141.528834526264,147.088318094961,150.328372234202,146.152428890753,144.856318835929,147.118643698291,150.968118721631,159.290233588956,162.132750312435,166.68865650005,172.962764225561,175.298568452137,177.980142295558,176.707675369847,175.727710844651,175.337198616755,173.586308137053,170.848785222474,170.820515688351,167.634531324854,167.10934661746,167.568176527587,168.899544702691,174.623786448117,178.987090376379,181.483494025869,180.106761298175,181.128716603818,177.92550553151,175.128836511586,171.864315062444,169.78520847663,172.341756037905,169.766789182898,166.188155463457,162.304137446351,159.157177176795,157.717620799385,157.083826743735,156.567041451972,156.55134696086,155.107481084153,NA
NA,139.660998690553,139.447003769046,141.419610707878,144.119322937088,144.913860133303,144.618685048305,145.005223031653,144.478499586561,142.274927228443,144.688625442718,142.143448957857,146.546137835108,143.657230551081,143.058871241557,140.427676432068,142.787439540163,142.389316172781,141.715200602857,142.599143593527,141.864350882275,142.007601829296,140.411623238435,141.33671276855,141.544878350453,143.069534220315,142.29240669745,143.272931858033,144.499516744562,142.68971045595,142.955232738099,141.827697027659,141.258818099122,142.299571076977,142.408935531289,142.016506959059,143.941372711544,144.472697456642,148.613988025298,151.754206915282,151.458037108003,149.87426560923,147.716961493887,142.739559837686,135.228172479796,135.854539740784,136.629647826039,144.906221066999,150.119831000726,146.587173696178,142.25735114079,145.123420899202,153.299784037975,160.079986567323,162.694982851017,166.551776739747,173.777188001802,177.936681657462,179.067232418317,176.33296006465,176.649004258229,176.653987331952,175.035104811797,173.413947165667,167.871291443757,167.602988394848,166.891888610906,166.860919343412,168.756874669877,172.038540021384,177.489395195632,181.372777948773,179.32987340628,179.021232447631,177.058174956577,173.494334019965,171.657621604031,171.346242261448,171.626620583445,170.158337474937,167.243676236581,164.3363458567,162.233243645335,159.447585690686,157.054616835413,157.056923086465,155.537783947537,153.545180382439,NA
NA,139.602576012952,140.40437588735,139.91742253031,142.069257979236,145.607644487551,144.47512690468,145.250340777273,144.115338576535,144.637180207684,145.021524563386,146.820831918699,146.418142110607,145.758600017146,145.104328483006,144.248170160204,143.012703237074,144.354712342773,143.008522604656,143.036248472411,142.964892181184,144.601205561938,141.965888473215,141.60909482991,142.100727534205,144.174869312978,140.423463013547,143.193441526953,142.791686252431,142.267979477566,141.347604388164,140.538525024006,139.229551280075,141.239284310609,141.806252838093,141.167950658061,143.399714213764,147.687324785469,148.897744570701,150.50823081276,148.548513472894,146.606886547793,143.057135279396,143.735277049879,138.903346894698,130.048404673095,128.059463532936,141.239534224268,146.282649498465,147.165573533631,143.231882577883,145.4624681096,152.903097113344,159.381370765574,163.205330756051,169.387811014492,173.735308836187,177.760829292837,177.203842489753,175.569545254512,176.583153279469,176.515392697769,177.044603797047,173.818564128974,168.78914624706,168.510453161057,167.861349877804,167.568762712836,166.561710687031,170.831708042877,173.781719588075,175.489242915232,177.304848105151,179.744770144909,177.756202881828,173.120068541969,168.405673249109,167.630121942569,167.769318922906,170.135617652487,169.650794968424,166.514831167276,160.699326814671,158.546192105993,155.889184400215,154.869101919926,155.498561756349,152.347675934429,NA
NA,139.754859082008,138.595734110936,138.910944263318,140.518814807228,145.923204028936,144.284918096723,144.314275516812,146.579544965751,143.69281225784,149.065039373121,146.647403951964,147.130593023632,148.308864109005,146.621215314115,145.883123179919,144.296441049608,145.112553527755,144.482261489671,145.39433598888,144.747952023092,142.434357951332,142.011101775862,140.531481434814,141.275566202942,140.895591844265,140.386671090853,142.241513581163,143.652177092365,142.468834893798,141.475879262331,139.983625631153,138.822231055972,138.625212609099,141.262784297812,142.060333030105,143.454744417339,147.125380975696,148.945116935696,151.718147884391,150.541830925567,146.927538330735,146.135598059215,143.433590185423,140.054548176299,132.700323192057,126.788291179888,130.619492781136,142.554418080036,141.259804208465,143.786103168573,148.905424060073,154.587126475423,161.95134881116,164.591691914368,169.749184311005,173.489253364371,178.632156197639,177.450760899076,175.961968287383,176.346145629221,174.858676649502,176.404386596463,174.482142507125,170.872691475373,165.041378373665,167.272054335857,167.656103006681,168.44659602615,169.687985547127,174.301405470278,177.60386524146,177.564366275179,176.976090902265,176.267634226018,171.401593852117,169.943598590853,167.782637455265,166.048837206773,168.721520232437,169.005647367948,163.057649317583,162.756101649672,160.458946269099,154.215187722792,154.006520316723,152.120984033981,152.213787079831,NA
NA,138.243777018223,139.182559500248,138.993586480871,138.992515927541,142.618726040369,145.617684597952,146.66059185235,145.237416920367,146.711959300723,146.132449664399,146.934946807906,148.029382190863,148.114342790194,149.239471751186,147.971070252462,147.017301648294,145.665129301154,146.85082962839,145.979925346138,145.83730317321,143.110398196607,143.209424004417,141.535142113938,141.786714559913,142.374675580219,142.020565348109,141.26600337153,143.829625566009,143.142765971023,141.39276002068,138.410116809887,137.833942757591,138.245073286685,139.948368068462,141.136831535598,143.34993604311,147.248864631643,151.063351824943,152.976585178806,150.082477555366,146.536145639659,144.459783841754,142.550171817187,137.805436849744,133.343689814792,124.570224811081,127.600224229393,136.074043484241,141.382986541001,141.535155953882,147.858973193963,160.672151774781,164.008239582274,164.10135320638,169.797252602249,175.435164464497,178.176790839933,179.585441832029,179.07146682351,176.106020271726,177.3719796678,178.76966839974,174.330262834598,168.467937601434,168.45102542265,167.979282425949,168.026422848975,169.749855352775,169.946671744342,173.699781846411,174.009655154887,174.707307817878,173.806678074128,175.707047157754,170.314676642321,168.834826243546,166.296265730308,166.826546789735,169.229735643943,168.551125019573,164.436162511433,161.253117760186,158.554092784676,153.835637197113,151.478777395651,152.104580590659,152.745537764096,NA
NA,136.341635707145,137.867309470999,139.284703748401,139.835749989372,141.288880504439,144.254572359217,146.000893005027,145.018048907077,146.593382888789,147.276990959792,148.812070901038,150.979933955026,148.587807637083,148.132965265294,148.425043693726,147.609933670965,145.524551820003,145.171955115022,145.828581074281,145.901017202431,143.323446924226,141.865418851592,141.945602682539,143.213353413047,144.393261884927,141.785012373568,141.667598573557,142.38917481891,143.560668896437,140.161735913152,136.944099143291,135.969198001755,137.676981861982,139.773626456045,141.447775352816,145.580937246217,147.013401923652,150.144765240441,152.633559366637,151.159554499046,146.486382529062,144.073254568831,143.538436243696,140.083542324107,133.113631145845,130.50412076617,133.098377735186,133.463192406946,141.316323706739,145.508099506546,151.160228477039,161.238555017589,164.849329645314,165.330331174969,169.404649919449,175.681991273341,177.252154762179,178.01187239816,178.995535021943,178.519762613228,178.288270164021,180.816116606127,177.601662426972,171.661515121759,167.838881363405,166.321566572924,167.775566237187,170.551891521332,171.79912819333,172.450774257863,173.646844635573,175.076813241755,175.349452871585,172.4735291665,167.11967204807,168.475525661713,166.315579799943,166.343312737574,165.731899313087,168.99401618633,163.788112077103,160.976394253001,156.506424896374,155.010317056196,152.760441022408,151.508364704997,153.900192042202,NA
NA,135.125978674092,135.434097688753,137.779740070009,139.140654527134,138.292722738429,143.191852831463,144.446501885774,146.340667830203,143.78299903136,149.954392592722,147.028124526482,149.858698112384,149.108442432943,150.256285830649,149.548820536722,146.758639955225,147.718439656186,144.461913784422,142.789404335843,145.355456360208,143.930719337141,143.145589017839,143.555613495026,143.025736283831,142.081527692101,143.022200047169,143.179623501197,142.150424049496,142.058378818388,141.252388522507,138.949922431862,137.566814591658,138.66832626442,138.08311800252,143.491480918655,145.535603325141,148.897987026252,153.024786656403,154.642437788671,152.714166152178,149.281097856338,147.253768150093,143.165632983282,139.845904573373,133.675456243134,133.24985872045,130.694050187819,136.803646371521,143.450209272974,144.230077918021,155.901676360192,166.372969939212,166.578217292373,165.908475583633,172.482984841209,174.639765547239,176.089326792318,177.100793191495,176.18011338912,178.717562477844,178.401107339994,180.350548232453,177.344291891153,171.392424441342,166.111351689125,169.748140046812,169.185890016921,169.830904937403,170.865319691087,171.606641266796,176.06088538399,173.419847043718,169.407933231997,169.815406281568,169.333956927742,167.570614286185,165.585602461234,164.067989163474,165.492634089497,166.534264851952,161.363137533908,156.458700723955,155.914931797871,154.563838507843,153.0481695242,151.896864984933,152.759160388315,NA
133.327633049279,135.352160114207,136.819556935805,139.586056164133,139.214493994565,139.706822101735,142.38384988466,145.301763117211,145.279855129656,144.637011087765,146.221174764546,147.763992820096,148.274744756015,149.947800978336,149.596024444016,148.943726281164,147.185908562668,147.199582275336,146.486560393411,145.676978611106,145.611963111201,143.642317381994,143.100071286695,142.59259766431,143.407570022383,142.477241902626,143.845819517893,143.105299118465,143.527895531036,141.795083991863,140.600967112833,139.265762784912,138.45511918688,138.732030767007,138.912873496558,143.961614657977,146.877251433702,150.358416469273,154.600071175025,154.645324069672,151.599435861788,148.659735541059,147.590092010378,144.740250103508,143.384441725564,138.265769487816,133.826934378787,132.048662755051,133.00700788987,145.028139820581,147.299156393072,159.002902215156,166.99184689007,168.896208438461,168.63073215761,171.91776632125,172.212745993604,173.200063399494,175.63924334346,175.051230389078,175.805677929774,177.792717161952,180.581610533673,176.436345099898,171.2033861131,168.554261069203,169.5162023374,168.992704351995,172.41814763744,173.026811884137,174.705567636513,172.471485775244,172.907011348821,170.491815406711,170.307893245099,168.160297331222,168.88235361993,168.09798999238,165.362937112693,166.101021789397,162.37721696374,160.438738603358,153.896659733841,154.395264823525,151.200655290016,153.00940588797,148.762122796346,151.849800159567,152.471200752566
NA,134.208647906003,136.659468391777,136.445101611026,138.389224928083,140.54997297232,143.721249749284,144.638271324149,145.926015717942,146.271983436878,147.285538395754,148.736687349501,150.901929445107,151.299528203146,151.836228214106,148.577901640365,147.149500751121,148.389747029554,148.756590012805,146.263206302655,143.743538707847,146.240741372375,144.382831772766,141.504700009073,143.356493832228,141.884850108907,143.667995180425,142.278788849279,141.930975290332,141.927507290837,140.328371069191,140.361618966993,139.167791306796,140.719926994167,141.361422236911,145.972455513883,148.00378738691,151.075057033549,155.463946547269,156.038683323748,152.189502116655,151.930583820693,148.256310367981,146.72173907794,144.141729303688,140.432262892928,136.756255224863,135.552152416049,137.585674544889,140.710110533424,147.649139357162,158.416267737402,168.016572124616,168.089766601195,171.033059046698,173.149727375962,173.665725232879,174.069362105204,173.253128261692,174.9097073529,176.424560603663,177.783824737148,180.354948589155,177.060423870645,173.300613035492,168.414061528963,168.932585889919,169.550333835852,174.865505683591,173.408724965125,173.598477089588,174.104412269136,170.694125999646,168.954959166401,168.679283194753,169.507365144781,167.948737311965,167.462748538631,166.154172459917,165.072936300219,164.074188754533,160.229037570708,154.806116244054,150.051619975186,148.833816668482,149.939324071082,148.98372392586,150.682585086307,NA
NA,132.013530107737,138.338782955869,137.167850259595,138.314326815365,141.430023291724,144.598572410908,146.519786794212,147.309593923042,148.843440985298,150.109620710117,148.807155899821,148.805474667828,152.634851609861,152.005330354227,148.637310208688,149.23300087763,149.896349077857,149.152207812284,149.705546886873,144.495360962678,144.093356977831,143.64873873531,141.621881210454,141.474490617951,142.850134015594,140.927377901272,141.851689497306,141.586054084344,142.207724108544,141.257271652369,141.258370431319,140.461705496986,141.123032741974,141.406447110518,145.600960035711,147.825265276471,152.245843379172,154.708557328637,156.121166417965,153.568732337501,149.418716588729,147.216544833048,147.996133118629,145.930426770325,139.852369589407,141.394480329017,137.955431213768,144.51527817979,150.387098873859,151.256106231871,158.991035165135,166.93361852983,170.064988658881,171.534321778047,175.262531543265,172.99700607778,172.695705262937,171.172230896375,176.138211452375,176.939546366813,178.685614135253,179.814407171704,176.180431718648,171.819948076789,168.345099643642,170.038522450726,170.551333780952,171.970592099584,173.548144471485,174.178740622341,173.09557474022,172.236634440727,168.059074430296,167.975801014332,165.65361254637,170.526874768988,170.167307101138,165.789524856319,165.269108236877,160.271280470175,159.319834201225,153.498477173862,148.988977931604,146.362950550693,149.015885347289,147.815494746813,149.361139421242,NA
NA,135.48231365752,134.250296144073,138.124335618236,141.28741220139,141.975980028613,144.190037034177,145.076179633915,148.080798937687,149.491195268823,148.94754146441,150.203747234432,148.198496280291,150.86644548356,151.371652356996,151.660197918156,150.480432501825,151.638765089268,152.835282320344,151.03721992524,147.903169496531,145.632445262128,145.191039734369,141.924706354909,139.779971480348,140.870677842787,141.017515834251,140.046937366762,141.279343036378,141.109287399825,140.155983278886,140.7838274564,141.184665293997,141.097610191247,142.446728604688,144.343648637466,147.41532541578,151.78516704188,154.044266019848,155.138605529065,152.868947395679,149.84833534468,146.594010097384,143.336764850517,142.987841655469,141.276663136668,141.789089546744,144.623399829323,146.797198323811,152.92018448386,156.903519382005,162.726240331869,166.583384359229,168.948326076916,172.204469528601,175.252496249724,175.155070251372,171.539218393916,170.008446071992,173.024590806124,175.339437695513,177.207227190541,177.91466861692,174.72137895279,170.070819780835,168.554709167998,169.554397109591,169.301761911834,172.169312379198,174.542851253177,171.981447013146,175.267645505972,169.772448510141,167.298228052246,166.030088582842,165.989720483172,167.857744549239,167.12124597368,167.516753043277,165.500534152712,162.389202222527,155.305159596627,151.927469803196,147.842631251857,144.906382824588,144.714849181975,145.844647685849,146.630847939135,NA
NA,131.951772349372,134.759707308949,142.149838572183,142.5791612053,141.863967911719,142.565690315274,145.944382555198,147.022990561748,148.436751902686,149.253835975363,151.235441602278,149.362828749371,151.483603110676,149.328362843671,150.273033630939,151.966233065163,152.43371574249,153.618545749667,152.448555928397,151.241550626774,147.812512725974,145.229665875628,141.922919379926,141.692188182498,140.062825610737,142.036464569205,139.330035223357,140.356936770338,140.54716472718,139.806950046977,140.94091301308,140.390170563873,140.995807501048,142.413242053006,143.821103898478,146.753387345214,150.44201413955,152.869141285204,154.352044182557,150.987722479698,148.685986390699,144.769821268276,144.160009440008,140.338087799753,140.504419198312,142.705612445289,145.406092872533,149.994056711153,150.229895282187,154.467774155669,166.579786166327,169.610204381029,167.728979476898,173.679039563639,176.284022025333,176.519999510927,172.91650244486,171.763573514931,174.834617118236,174.234556656403,176.919294987848,175.289473597686,174.900041141741,166.490522810732,165.109288109343,167.670853816968,170.33286016233,173.310098428591,172.695069361584,172.900342300915,174.886841801893,173.115971528395,167.276688924447,166.214964067478,166.919885288013,164.618972808124,167.059393822701,169.342646106896,167.019507282074,163.173283029216,153.572308777701,150.539455657554,145.780515734466,141.162425871675,141.670910229225,142.057024730195,144.839471414517,NA
NA,131.31619634443,133.456581117865,138.245315445819,140.7296797302,143.387725396256,145.728608230465,144.882167521839,147.688428675666,150.448340055739,150.54146074056,149.491464655738,152.105931965249,150.872824284073,150.013582307246,149.853793984979,150.810442356564,153.661237385177,153.558755093883,153.667988040307,152.480086851183,148.444670959617,146.992685876856,141.600430632219,140.97433910886,143.848189358136,140.612016579899,139.750251668916,138.996215621663,141.033673583298,139.321853932861,140.246100475375,142.043326482948,141.971682067869,142.321594803999,144.892127780218,146.956567040448,147.852248361887,150.21728426446,152.733483056746,148.507917440092,146.618107768129,146.396067622116,144.532046228302,145.791192167691,143.569167540904,146.324314065189,148.439188258075,149.633341919467,154.220516416058,160.323432452484,167.321456317707,168.1442086519,169.092921509672,173.134708424784,175.486881883459,176.403348202355,173.216647431596,171.903031086363,172.44185066734,173.663514074169,174.198931010762,172.892491439036,171.056123600583,167.582959736064,162.480504262553,166.05406907642,172.735719061685,175.083448002825,175.638285971135,173.27367749327,174.512300770985,172.534035682676,167.854380488035,166.988082802042,164.693932762239,164.469435621711,165.43541452798,168.69894017603,168.062199779418,158.863724933455,154.659743001433,148.210223626245,144.830846769392,141.108200937816,140.217824631857,140.76203922231,140.629491152065,NA
NA,129.754909102794,132.786423006259,134.557493726549,138.948617072025,141.329038171691,142.542733011195,145.446869953264,146.196708567645,150.678444062847,148.408437496895,149.203589951542,149.805022525855,150.105643047632,150.627983934881,150.990474160522,152.372882939716,155.928508461526,155.520946664248,155.364002417807,154.703269338315,153.602172996579,148.088895274913,147.725100358876,143.089032848854,142.843195597407,142.344262458165,141.184977177292,139.703665028898,140.565666759294,138.728692916356,140.717951613934,139.977641257218,141.451413856243,142.161824855811,143.902407286938,144.373450670087,145.969660434623,149.895762177971,149.160171088739,146.82851319824,147.755489654969,146.631672057165,144.851001512719,147.132387794147,146.000657723134,149.718206231801,148.868558719862,152.811507662575,154.455305368713,160.366938217868,169.125154328234,170.670446307682,171.032189091377,173.152971854136,175.80214696638,175.491182892134,172.267670756081,171.46492936679,173.102859689832,170.412937101476,170.355938191569,170.386472052369,167.120528031489,164.558410459061,163.779089230865,165.395160592081,170.736780335023,172.56974783763,169.941105550953,173.122543686736,174.818052260299,169.488608064162,166.119838201538,166.828883043409,166.490133783615,164.932599245013,165.279363175754,166.345072865137,165.849988875479,156.965584344893,152.005594778472,146.670733975339,142.536133353874,137.473633620149,140.106838331524,140.532443876055,140.989681887603,NA
NA,126.940197616951,127.91775169819,131.144854453725,133.824863075853,137.020515113173,140.624880533576,146.807325333017,148.418917942039,146.880885945108,148.676663183584,150.194492864686,150.855961649087,151.536212691836,151.508169741238,151.20107683389,152.262282852046,153.067900890146,153.764037207224,155.994371228536,155.270033371676,154.653606580054,152.128928774208,146.7080975944,144.977573945928,144.83799682477,144.210572685727,143.619847957345,143.051709068533,141.117928689332,140.564395280086,140.116691761406,141.308346661637,142.297904867817,142.3583148952,143.748818841622,142.150350725058,147.191258108687,149.610499994455,149.564549977195,151.603883221193,149.061257600289,150.124523369841,149.074132462918,149.193572026406,151.489479335802,153.03559900297,151.761716448638,154.11323230621,159.734168500386,162.325060058048,170.519061747069,173.095866470169,172.388577762108,173.998056890423,175.243226175426,173.434000314815,170.452538988835,167.740995675996,168.368733088179,167.710247034104,166.376838896537,166.382673042476,168.27110658152,162.149229205031,160.786905971214,164.555779398927,167.117048115905,171.897335006593,174.564050269726,170.849202686311,170.645353489782,170.304001189687,167.678774850452,167.609282983584,164.188061675114,164.433772816033,164.53667773318,165.122271496431,162.557073280679,155.940891756562,151.947930956759,147.619368741976,140.326801856105,138.377929595502,136.362728265581,137.828807250526,137.772746869296,NA
NA,124.599720999182,126.664332531719,127.467881940183,132.218711704879,133.985376659093,136.496282036418,141.55793619183,147.543341238675,147.232696047555,147.191965672324,148.639916304322,149.448554308737,151.245871766931,151.180833475342,151.833605818398,153.501447615274,153.692515502826,153.73268666954,154.449674665012,155.090405728655,156.216405475335,155.839030751932,150.454341785019,147.569599265977,147.593693110802,146.059062182596,145.469513688504,144.939481193111,144.016161588891,143.902254593891,142.207104605315,142.879702788816,142.420807567469,144.251259610414,143.708487895558,146.051874388302,148.953785593007,151.016269078668,151.050638917889,150.807126239553,151.71945399319,154.809937257171,152.607544315534,152.708516037637,152.939539565015,153.385566618019,151.995657682966,157.037910161814,161.867028411387,163.193289409153,171.60702985062,173.450921118614,171.804134051173,176.123764427699,175.641120478575,172.740560635502,167.707047146791,167.760459123757,166.855200571725,165.965755248686,166.391673054363,165.104394870181,165.033193104213,162.622423548032,161.294571194659,161.792487933383,165.502964929582,169.75970713478,167.593918711143,168.852507523181,166.99247164116,168.773351480796,165.757654130987,167.177856538399,164.689312203665,164.533869271542,164.365830927282,164.873670500511,164.935974978328,155.355597162442,145.361396752284,143.491500588903,139.968570118522,134.666036662054,134.932352337131,133.591736210003,137.668316544873,NA
NA,124.536913521561,125.365336516428,128.368777288751,129.45753905558,132.222564592714,135.625554607969,138.919180261611,142.850168207378,146.546599921981,146.105944972513,147.361349888996,149.319237908295,151.995846535254,152.391940093494,152.906179037467,154.64765845242,153.167832633915,152.990628447188,153.433599491253,155.29151446213,155.917314331442,155.213857908353,152.753301632558,150.788742857333,149.155808991391,148.261106779006,147.547226803885,147.523390315851,148.807058879245,146.510847849515,144.792497430005,146.207445602488,146.559860841497,146.574964209535,146.556704943522,147.21015980643,148.160191897033,150.242471208101,152.927200226167,152.99027281889,152.405657103602,154.630636285094,153.799588133203,155.178211203459,153.806376456235,154.954800511955,157.803851984667,157.061334005226,162.375043672958,167.058719002499,170.214806810293,175.112709997828,173.950931816454,174.65096738072,177.770183324209,171.630036828752,167.718928149897,166.491941134458,165.585448884466,165.627834602861,161.91693575572,162.593888929504,162.784755335944,159.329938099933,160.411184633512,158.890697546353,163.654252192885,168.663606887262,167.352194713011,166.265139549844,164.287443772402,164.040132692835,165.494837789534,165.160309173814,162.442293064546,163.975992964676,164.0466800732,164.615500599961,161.591756763655,156.010445199636,147.491155656095,140.390240157771,136.944547744522,134.622034625448,132.669718519679,132.677182415958,137.534310981883,NA
NA,NA,126.580848556094,127.824648189916,129.877910173559,130.861025582743,134.52929011917,135.342698878843,141.704143538307,144.054845865139,144.836727962302,148.03665887609,148.122626990256,151.751480424649,152.211928097621,153.2664974763,153.351043982867,152.85877805457,153.094767171532,153.582324311971,156.038773976537,153.299469780262,153.664297846572,153.086877039268,152.471326872126,150.986133813416,149.072545527705,150.035834245772,149.407817912202,149.120329827236,149.109743248364,149.032641862991,148.773182487769,150.115876433574,148.023665530609,149.005403855727,149.333746276284,149.140175769526,150.112632874541,152.108432778428,153.388482690927,154.412017691383,154.762310552158,154.884736109346,156.432909483856,157.838297559226,155.603650572174,156.00639003061,160.333484329907,162.506770819009,164.340880761035,172.335426973593,173.530652586563,173.259865255988,175.480539831787,176.245496711092,174.460843401032,170.121253825658,163.759406219612,164.146032696831,163.623007358283,160.030573702191,157.397322715761,158.135978058964,156.485317104423,157.926305749893,159.18984875377,159.604930278666,166.971051194436,164.625883761985,165.153886703877,162.691496550749,164.245075378571,164.579779470073,163.191960393957,163.192146645135,162.41616904429,164.86058175984,161.148654163702,160.471104973967,152.768472204836,143.030858425213,137.077922600331,133.92870979386,130.519941968735,129.506793681693,130.287741376691,NA,NA
NA,NA,125.166776900778,126.645063629319,128.543237007252,129.791357412779,131.378262749436,130.489963940284,136.55871759145,142.684061882559,144.194779601728,148.662184939544,149.911045082459,152.904512915448,153.648917302116,153.443366868184,152.759288111594,154.199445691116,153.220103602236,153.950698484422,154.504135477848,155.386611076238,154.359982474808,154.05105511573,152.943638909667,151.727226049578,151.333165375958,152.510796327913,153.232659616388,151.930443510138,152.846518892302,152.287702297685,151.364039718616,150.861816776704,150.201462876955,149.860966351661,149.395199546672,149.295005980397,149.289001631758,152.212232167797,154.777594711021,154.732159529994,155.86762793595,156.559135993848,156.886236970882,159.28475704164,156.913308967112,157.18659232447,161.575640364754,164.224429919874,164.848022978518,170.579844765917,169.693805528939,171.133342436771,173.337501810678,174.881892849034,175.511503798714,168.276022512973,164.185995057872,160.164146314595,160.756103057289,158.885875319264,157.853841613671,156.4156611916,156.941868233577,154.765861903332,157.926077459362,159.761524070898,159.669110454656,163.572100588216,160.772843618805,160.860352376425,160.426427604891,161.55054182337,160.999662385048,163.592187086202,162.650190697961,161.725372702892,159.800699002644,157.26636482682,150.310091568058,142.408464735951,134.493381230328,130.930456243662,130.436006202338,128.283099959459,125.299390351768,NA,NA
NA,NA,125.009236826453,128.293351645215,128.995044282863,128.91143278628,130.218967815296,131.639199875112,134.358340178234,141.424896795151,144.180543639112,146.406384803185,148.845523220009,151.700354005877,152.740114103992,153.765276092281,155.101763060504,154.894772609798,154.818410372376,154.063209318124,155.261232912926,155.971338872495,154.872146849244,155.611737284212,154.74786020925,156.019978657467,153.185722817756,153.438180266407,155.071704135751,154.204507160045,152.387489662201,154.37874619363,153.684456382703,154.152205882655,154.091757277985,151.821539795368,149.906887502411,149.905885170586,152.120784994831,152.365079048747,154.387176305048,153.204324576897,154.704764009743,157.818521722305,158.23297662264,158.766571308696,158.66204021465,161.834465621962,163.747286162945,165.827433439223,166.047127891049,168.8482698806,170.822535598457,170.690445085378,169.417663003089,173.135218459563,171.949584833656,166.400352289942,162.424468412354,161.75488611685,161.682417543908,154.834138054367,155.273186132657,156.434318635065,156.399201813273,156.962655772459,156.381701930196,158.341448939159,160.195862833243,156.646558997276,156.47534363418,158.394559040885,158.667741325312,158.605509093592,158.655912284318,163.218250853898,161.550848940664,160.111441549161,157.487558133011,154.229034337356,145.148774924197,136.435370793428,132.836327608512,130.179877460704,128.655863701174,125.426706961392,125.318944655767,NA,NA
NA,NA,124.643575240915,127.100868324382,127.685827665418,129.401426789413,128.845345547687,130.908260385515,133.225019651884,136.003448075679,139.101077597924,144.862972536292,149.170822682452,151.2837594277,152.110832308841,154.590062343001,157.094754121511,156.732982968208,156.447914887315,154.728579177018,155.393262736609,156.246895223339,154.608318734116,153.485822846307,154.538274887283,155.008539245064,156.289373469943,155.90054475335,154.616654907644,155.504716572952,154.319327625155,155.57918480159,155.567059617114,155.738559416754,152.568893369949,151.844283442418,151.412953863144,151.608860117557,150.016801963032,154.333744271986,154.023611070515,155.801560350776,155.570178179517,158.184472867776,158.03778579051,158.926579860743,159.91337588507,166.420705955296,165.731450417071,166.03232104532,167.451333486081,168.378997878735,169.548115178904,166.938164091594,171.088542825347,169.788149764971,168.726852360559,163.789403810868,162.468943416897,161.386429524151,158.344067320017,155.505834417564,153.758510865324,155.806631582553,156.194838679001,155.257534133583,156.990991808515,156.001596047945,156.449196104591,152.470265424746,154.951050494364,157.967741936649,155.347786505326,158.207519689414,160.012410824179,160.162589349371,158.87483027652,157.468319194292,157.859663668491,150.199368323999,145.442756607764,134.829799173633,128.392148611765,128.135473733289,125.185355222385,127.216282417662,127.444851054088,NA,NA
NA,NA,NA,124.226018631184,127.032866188248,127.892247693087,130.969969820855,131.728897915757,132.884181401732,136.196622073937,139.585966556867,142.732478523868,151.23552285286,151.08297345008,154.143136491078,156.90125558145,155.872290724537,157.573698366323,156.157828700905,154.883679669681,156.092558931865,156.904897231274,155.335845428319,154.008579963801,153.864969995809,155.304276816946,158.66499638252,158.642635977179,156.492303722071,155.773359162201,155.87143076795,157.649378975255,159.595248214943,156.364704810472,153.720750309432,152.090337885301,152.08638645224,154.048921096697,152.267849514339,153.54159005483,154.596065285112,155.273197328522,157.01940824658,158.911778972083,159.482944298234,160.040329117131,163.858363521475,166.491591009244,167.234077826373,167.060196590451,168.003691840612,170.568366051951,168.316534763914,167.964111601534,169.010654486801,169.758567395408,168.270401784479,163.193512691704,162.111514695412,159.986326913926,157.165062425438,154.24877103304,155.634085130009,155.655891343751,158.543353877041,156.524010230931,154.592960295856,154.161917131469,150.702792016943,148.918542199058,155.00157495346,157.35150219039,158.108675759619,155.788633329315,156.940063256264,157.153854808281,157.012026325894,157.787511647416,156.972076146912,148.732381748671,144.334607942038,133.404979464955,126.059332588569,125.643454275519,126.033954761983,126.821177575561,NA,NA,NA
NA,NA,NA,123.023835360541,125.565531405949,128.471508285045,128.205752502882,130.395410403186,130.654519705012,135.369352822406,141.823505266155,145.073627723799,148.656623043402,149.536522841404,152.332850609501,155.725848288354,156.148359452465,157.405576809092,158.256323898413,156.93723045995,156.291733858484,156.307849996169,155.473258955637,153.525057569066,155.9547019441,159.193485209147,159.273599235345,158.380009606536,159.400010281189,160.352589355578,160.520754924606,158.042731015141,157.97669650676,156.460634263325,157.290818468887,152.862102574515,152.788218807415,153.327527266055,153.928073595645,155.320196883435,156.064786320316,156.493427920898,158.780989236968,161.350049363684,160.895359267443,162.254016563624,165.341443400298,167.00838856688,164.586046738882,166.586784559993,169.553869297311,170.448194724994,168.967142338418,169.898262982911,170.159975374292,168.425669544005,166.687411901853,161.340546195268,161.1499466009,158.277960411669,157.271808996182,154.177775882268,157.308806236525,155.752259758168,155.415742622258,153.459208664316,155.06876155942,153.453417181393,146.316945123444,150.275020524065,153.982498397418,155.087094799679,154.740160798031,155.986621577159,155.496417819681,158.160000478953,155.258783994077,155.758078145718,153.585929276698,149.440897925642,143.026437816501,134.869180248238,126.728242025207,127.073124156737,127.793820871065,126.59588761393,NA,NA,NA
NA,NA,NA,NA,126.00288105772,126.571926213578,127.261337365618,129.181361858988,132.093899769756,134.193218760945,138.62383058665,141.055076020902,145.846119975194,148.683600145885,149.693429197747,154.415222692555,155.715811676847,156.593535693236,157.424251722866,158.028002781661,156.844011729773,157.16605223432,156.750950935405,156.976704498365,157.750795691193,159.113486638796,157.611587784767,159.545730988122,161.116259437023,161.774489284591,162.859144384625,163.466212617308,161.776563628766,159.253624095291,156.021782114217,157.704418634764,155.169400630409,154.42893830706,152.659574133603,154.841585463155,156.423864708453,158.376245878365,159.463203134221,159.328747847277,161.206108459307,165.419946410383,166.742098448332,166.061180031928,167.872935590636,167.286480411782,166.688039049041,170.849339237655,167.906667765653,168.165349372094,168.734912493852,167.669591621587,164.024275723382,163.349007712815,161.080257569074,158.604859116807,157.943238227921,154.146947753478,156.211825172745,156.063678084533,154.378963515874,152.571758591921,153.289705801547,150.935180130369,148.201215727048,149.422052369942,151.498053286752,154.97291319952,154.318580856636,153.455419380012,154.888578415913,158.332082429104,156.529240744785,153.789912910321,153.228596596268,148.726993685496,144.430934602069,134.828876265912,128.697654356642,126.854602206935,126.051508785803,NA,NA,NA,NA
NA,NA,NA,NA,122.709995831085,125.107543202722,126.632729984496,128.451536609052,129.578424735912,132.093087836548,138.462744633347,142.391553790714,143.533916854737,146.925527843664,149.197273056179,154.989613812114,156.17624752042,156.797254884313,158.052374948775,156.889069132285,157.5917104482,157.551455828456,159.003993930398,158.858572825401,158.420905644981,157.40801343175,159.033702048442,159.118129107869,163.341009622597,164.040189519869,164.959143511291,165.892547274214,162.157773151307,161.118873491843,158.83210267416,158.557199111397,156.033168807665,156.516112476508,153.118104027752,156.068446673711,158.662763465679,159.327648305068,159.352526163568,160.114317211076,161.141025518826,163.4017962569,166.344920950972,168.525635816642,166.890939367618,165.967120780996,167.507397756308,169.184834308254,167.790610598613,166.030891821514,165.252809352159,166.518796612288,164.7804758296,163.544849380178,160.818530244657,159.236047079964,156.17993231097,155.982801005975,156.156803319686,156.322852490119,155.187216622039,155.730103736507,154.62477528787,151.064029548676,147.699838539397,147.559719133723,148.935883459786,154.250302732365,154.978627058205,152.142839395798,153.828443860139,156.749437567182,153.393161983285,151.419473229188,147.841193351342,144.680070509238,137.872710379725,133.496879352405,128.043762800391,126.254992872894,124.852258857282,NA,NA,NA,NA
NA,NA,NA,NA,121.341626827396,122.448722573608,124.765261778825,126.857139311114,127.837484810219,129.413445524267,134.975531123005,139.5329191356,139.772703015118,145.104246612064,149.985874783712,153.894897179258,155.082531489889,157.153768654511,159.657317082448,159.970507116272,158.717055772851,159.516387562395,158.870267927435,158.851840499952,157.791758514174,159.227130963435,158.810057800528,161.62565880725,161.274526094443,164.943472028455,165.173790529678,164.431602280383,161.971666084948,161.237989439707,159.91000509821,158.064457697943,157.576508922315,156.359137603082,155.876009879643,156.128342128858,158.5907947834,157.649158551721,158.53530188247,160.260321384476,163.639063371426,162.393612442851,165.488243942109,166.814535561494,166.433346126823,164.763083113029,167.999052676141,166.975275870597,167.26048741704,165.015733403886,164.735539036731,165.520761495997,165.384494822183,162.529862220372,161.595474321641,158.517390060026,157.668746499026,154.234331307851,155.420623598356,155.412583135815,156.834598770214,154.778331009728,150.446797396823,149.056114194502,145.964691984517,146.599554179435,148.139212794148,150.734985298285,152.858548203353,153.395699115077,151.796782717984,151.986478180787,150.928224705111,148.35750102151,142.629366842606,138.285765247136,135.408475396012,133.249725607462,127.113844478206,126.137499654675,125.232013387953,NA,NA,NA,NA
NA,NA,NA,NA,NA,121.516319916943,121.484331886146,122.75483655021,125.073976028255,127.403314583075,131.358482199972,134.643031206314,137.931715978297,142.131560507937,148.686139844771,152.172175833661,155.868741750292,159.588100757362,160.453986851604,161.967757355199,162.339201601436,158.449544493176,158.690012702008,157.856019343266,157.143714549523,158.208539419213,160.343595319554,161.537239793512,161.604374403581,161.953198484419,164.08716290785,163.304285941944,162.930335667485,161.417092720302,160.151930741999,158.924986786548,157.541262997924,154.833723917978,154.847337791102,155.430244229733,157.227592234778,158.099630571576,158.367166440816,161.10242963164,162.75298998593,165.118312719676,164.476994291651,165.638188764902,165.248579412979,165.453539121041,166.024009420488,166.743792788348,166.424790935386,164.086146733571,163.321850523957,163.046223250209,164.876251489345,163.779957647693,159.307801335936,161.783646661651,155.86143427357,155.341709042581,154.089729196738,154.456224108562,154.040393873196,153.475331729574,149.365708536325,146.03722483267,143.756192117918,146.088943848798,149.524331457592,150.222332488945,150.571425972705,152.211325660257,149.949086244074,148.751963513896,148.091724072624,140.625817064117,137.934829576304,133.856591977077,132.225576995208,128.67362931902,128.163870232938,126.114914300887,NA,NA,NA,NA,NA
NA,NA,NA,NA,NA,119.933324072932,119.667997008085,122.722096705228,123.702901875778,126.88497193616,129.338012941675,135.672868588455,136.960375602421,142.069389030347,144.898450053387,149.034474873303,153.231152974346,156.851932921697,157.877831541072,159.447356104905,161.035337902397,160.145216755456,159.592807439867,160.604935361219,163.26860918288,158.996123617838,159.95782272538,162.231012335441,160.991339256025,161.107886317135,162.416684164975,163.68639496038,163.155076053725,162.089916735331,158.048503330044,156.096402175372,155.741064185998,154.919921108318,154.76987729407,155.537044713859,156.784837649746,156.808861863646,159.095972175013,161.400374793829,162.26340935816,163.417845484279,164.972014490716,164.807927540317,164.426328023871,164.933550561881,166.449919705032,165.859538449336,164.267940450503,165.452430927884,163.321390059698,161.363426362135,163.293335172599,161.561449115575,162.120138467449,159.902039516056,157.999419137147,158.226401565055,156.860227522136,153.063919704092,149.246662614412,150.49284167776,150.211011354909,142.769199700796,144.884765127388,146.267190706016,147.858905921238,151.3461410369,150.117098015067,149.242911006134,148.445284232053,145.50431635206,143.18838343959,136.213907909262,135.151737989612,132.010773898199,129.863327197284,128.894788291666,126.914518815504,126.663707088483,NA,NA,NA,NA,NA
NA,NA,NA,NA,NA,NA,120.362891519481,120.135174449826,123.395340708747,125.610009099024,130.46028294305,132.506832089733,136.013130236135,139.828184625258,141.452638812005,146.120783079443,151.224185762911,153.018088338378,157.231008772929,159.804713122498,161.030341622136,160.273775348839,161.491150412324,161.273518116306,160.809139676034,161.028535195458,161.357643924131,158.966173582427,160.566660200402,160.16297608561,160.147832704274,160.31804696095,162.386230502899,160.710501046771,158.324146618878,156.325085007665,156.180937748266,154.286834092814,154.240729740275,155.01467277255,155.92792814987,156.950156883073,156.857795197069,159.707657144711,164.147796239756,161.968189896848,163.231132192736,162.62718580422,163.089477751075,165.012623151732,163.563854728831,164.52617905952,163.479134438923,164.770951554932,161.964555800033,160.905296713454,162.418537863381,163.191779056216,163.645547050069,160.400165178922,158.029024101257,152.802115636343,151.394701932683,150.790334933875,149.493181060977,146.292386091581,146.278569501261,145.869529894248,148.42450220301,150.321660982588,150.254610686626,149.273597811447,150.176325950866,150.100824859207,148.470914587302,143.390066865989,139.496701389477,134.998346406934,133.35200535823,132.001628572005,128.583645841718,127.954558435102,126.070445031963,NA,NA,NA,NA,NA,NA
NA,NA,NA,NA,NA,NA,119.500452486427,121.359618056489,122.094849207316,122.555703672232,128.029746071027,132.159997641787,134.653572186629,139.039875444232,139.561965852202,141.96895725611,144.160548856382,149.461762079369,154.212089948111,155.939733499207,157.117452423588,159.371392585603,160.201403173077,159.66171481549,160.170834414752,160.333002582959,160.365923113994,160.296814269147,158.785464263725,158.634207392382,158.75540286555,157.872489997113,158.143654345735,157.651209458823,157.323009242165,155.620653676438,154.00089984482,154.420541287122,153.11566099539,154.848064656586,155.521187147034,155.101247215071,156.250524625548,157.431531756796,161.168563649442,161.703202741133,160.863851072798,161.123926764776,162.307216459463,165.057367551865,162.804340505786,163.051403267051,162.528776755256,163.355989426719,159.709729405747,161.468532228672,161.13720465388,162.272503390773,161.994222861771,158.283640031909,156.526418523161,151.763053743334,151.704998408444,151.393727700482,147.366151355559,143.304703193388,145.93006576444,144.266928292436,146.490909032123,148.837489511992,147.719758865818,146.904730011219,151.764808837959,148.906965212095,146.696189482541,142.43782666697,136.814561877461,131.972416872893,131.965777734267,130.301793696949,130.396486318583,126.216598083348,126.412054771604,NA,NA,NA,NA,NA,NA
NA,NA,NA,NA,NA,NA,NA,121.107252121443,122.025167641317,123.19914876676,126.357118982252,129.47639879876,133.496650679976,135.054291734646,137.45306740501,139.08616417384,143.746288760088,146.795816262318,149.482862091382,151.984966872104,155.672732757893,155.56742952404,156.4369819684,158.583971044968,158.777732793267,159.039807929681,159.764088398106,158.893696897792,158.618542595558,156.707452820963,159.586758427775,156.211073734181,155.110499505972,154.733968609428,156.298752964863,155.678887771111,153.714225862498,153.825248977299,155.936802658047,155.147625594503,153.921313349794,155.360452116196,156.582213696469,157.348488782402,161.729357908229,160.900828470091,162.409653209204,160.109951205095,162.207181137518,162.566536058755,164.324150668644,162.805874823115,162.002843964985,163.065060204494,157.961867528081,159.202301038859,162.479030502463,161.345343992658,160.780733261355,159.853204743276,155.577655273319,151.533361413272,149.917604107826,146.892114179996,142.211236690593,141.613168623032,144.97637238992,149.719143933161,147.298004366863,145.202506865626,145.28171993195,147.174726060619,149.368629308747,148.794789741061,145.086694960498,139.255538560759,135.777315651819,129.955774185295,128.370690363913,128.606081701424,128.356821112123,127.556955474185,NA,NA,NA,NA,NA,NA,NA
NA,NA,NA,NA,NA,NA,NA,NA,122.280895779458,124.884424042127,127.444136309077,129.152811248895,130.561399928659,132.685533102053,135.925391435661,137.837110773806,140.282331910175,144.068013864003,146.384779024194,149.425890237466,152.266022354949,153.472247027586,154.476071136967,155.529616712001,157.226179342635,157.27620036251,156.450808736465,157.226342358001,156.483848205956,155.768781918889,157.087374720655,155.942902822151,154.50811678046,153.798356110691,154.638934110405,153.043773980305,152.43173999117,153.268889516181,152.224887378343,154.154625520973,150.871177278246,153.909306554526,154.61944384935,158.165400234691,158.689547930498,159.813435437379,160.308551107409,160.177521868219,161.458869427746,163.793369599965,163.542572786627,163.059101730945,161.948399606746,160.027854666379,158.709503641373,160.057077173701,161.202699513073,159.097591336609,159.571069157869,157.245600025627,152.080785945067,152.787103453708,148.208388028255,145.029277462614,142.675456455762,140.317608885791,138.951862535949,149.080754728237,145.569664418524,145.611709673616,145.76322701771,147.954425499577,146.678926486396,144.660483721716,141.599799713898,139.064462901601,133.443473570673,130.666823651791,127.126228884597,129.596110772117,128.5509160549,NA,NA,NA,NA,NA,NA,NA,NA
NA,NA,NA,NA,NA,NA,NA,NA,122.065071219866,122.688735408219,126.800440613089,126.824237044748,127.979978562023,129.817242530575,131.228597423246,135.728164001341,138.960813583872,142.02773869983,143.732102582913,145.137077819422,147.443365668765,149.723472116366,151.670135192804,152.838648595376,153.215125633142,153.089506122069,153.496133359074,154.121443303071,156.254824756157,156.489381273735,155.295505542826,154.348903126456,153.327028184079,152.029214106955,152.761922759042,150.102381845066,150.812378590265,150.162664811654,151.199478503406,149.903119609705,150.399689679419,153.57974514563,153.969195023638,155.401196200624,158.057076558608,156.606536312448,159.752366140236,161.127491728635,162.717883461265,163.660596497799,162.990296047155,161.639029227782,158.661728480918,157.573212773055,157.3254538232,157.128109419969,159.978351155237,157.559750460394,155.211067221977,157.479545671806,153.877086518328,151.482239282604,148.286377211068,144.334100225257,142.763949232248,140.412434044738,140.149588535374,145.655739581696,145.270971693719,147.025621015008,146.098264806516,147.545110947456,146.877014431374,146.183483905009,140.299219074963,136.120423021053,132.30631504981,131.259901689164,131.214746069373,129.352181650528,127.356712465865,NA,NA,NA,NA,NA,NA,NA,NA
NA,NA,NA,NA,NA,NA,NA,NA,NA,122.3991767053,123.425258709383,124.516485947165,127.251272744181,127.794905006824,130.70742468376,137.269196883548,135.469447454737,138.58801808935,140.223801644065,142.929842816855,143.788451420524,147.496902087425,149.906944920522,148.570754338505,150.053587838364,149.961713338555,150.407436724768,153.622152767108,154.463955547556,153.555859134615,152.494685085293,152.383263448511,153.07170176027,152.047013578841,150.699501640898,149.989347225152,149.663932326303,149.285232962426,149.66640609052,150.558205733173,150.046910436387,151.079411487155,155.971558866343,155.766038852436,155.998451231708,159.311718493283,162.548983411098,160.928876206056,161.586847699188,159.734532459283,158.955532435315,159.422063985513,157.43035328037,155.362512621342,155.045946908064,156.629658632152,156.631153841676,156.359760567508,158.995943143232,155.129108464506,152.708416687137,150.045922134435,146.806497292036,139.443723044094,137.800930549859,138.045192692761,139.533942253668,142.37790478737,144.751816465477,146.678159118478,147.110457067088,146.112030606265,144.27827738692,142.601792454629,138.534495363331,134.991880691059,131.095284387649,130.109207796932,130.21727644494,130.055720719023,NA,NA,NA,NA,NA,NA,NA,NA,NA
NA,NA,NA,NA,NA,NA,NA,NA,NA,NA,122.429136274293,123.795257661149,125.328425787106,125.723613164478,127.397376154183,129.705969576074,133.406253993339,135.819210688112,138.879894302521,138.390546313907,141.67684216032,142.232503420659,148.021745383933,147.918319170487,149.263751265821,150.173419125709,150.216927767339,150.910204917492,150.385526837872,152.493706335721,149.26952411655,149.923156588733,150.306704791988,149.930981477282,149.580916909838,149.240069723279,150.440881337412,147.705258696933,148.662162318005,148.206373309028,150.586372765617,150.936308233986,154.385714657343,155.592262855104,160.238069285217,159.322479826392,161.316115323614,160.284610092308,158.713821004897,158.309210175668,156.118011864162,158.045282669086,155.247316092049,156.336873018133,154.226074086204,154.390592299609,156.341517442052,157.456664715057,157.978383068788,155.658956835858,149.319047290457,147.682008173172,144.794613597513,140.856504675818,136.937865636431,138.353309450226,139.589435791189,143.688267141588,142.339625125852,144.004209773281,143.896839552465,145.713737912915,141.104865275893,139.683530860549,136.48038217403,135.894367749665,132.726046135413,133.008440136285,132.16061927187,NA,NA,NA,NA,NA,NA,NA,NA,NA,NA
NA,NA,NA,NA,NA,NA,NA,NA,NA,NA,NA,122.763379964171,122.215654743218,124.094286870667,123.793114927977,126.893317554407,128.939574070192,131.076482724466,132.943402850982,135.496390075903,136.710128343676,139.099871443965,142.200367804609,144.267925906765,144.344118255305,145.560081513722,148.478624222107,147.042528843449,148.258810020004,146.385691049157,148.944042769723,147.696875398767,149.150905728144,149.0792841771,150.396099257419,149.584996347101,149.480543518412,148.252899425367,148.132327396687,146.332594440646,149.522593948525,151.603243363736,153.910810207033,157.456863597539,159.595368045875,160.054599933756,159.904580424336,158.691889766157,159.154639677563,158.810536700099,156.686276667271,155.022386468241,156.558015110555,155.164451109052,153.264527943732,155.239220823236,155.154777565552,153.858631118315,153.358363347939,151.490829605924,148.444284261171,145.29611947949,141.968922469878,138.243766309216,137.460549472848,138.022306455741,137.635610864434,138.498538576201,142.748106117464,143.385215194451,140.044656202961,141.620680725868,141.306803830545,138.693965684582,137.321953258222,137.550834780607,134.204316217862,133.383487747098,NA,NA,NA,NA,NA,NA,NA,NA,NA,NA,NA
NA,NA,NA,NA,NA,NA,NA,NA,NA,NA,NA,117.956635344561,119.136984415307,120.01195747569,122.589232465205,124.311363615958,124.418045287784,126.754673000842,128.6733658857,130.279398454079,132.367944783104,137.039737593026,135.550856506579,140.373224322511,143.04553269168,143.394847929791,142.807185288286,143.935893444329,143.866991571306,141.957625106213,142.909883867124,145.538721745824,146.516240040031,146.40875218118,149.690858895663,150.279488321398,148.312606937325,147.54497978225,147.00070526723,147.07710345086,146.697246615026,151.675615777422,156.171042966651,157.610671661982,156.200479848063,157.182916398292,158.169442164647,156.67620182224,155.407134429954,156.67470428676,155.312600313327,154.605296494335,154.339232648357,155.43410218864,154.418792249636,151.767681769588,151.321867541898,151.102126052063,151.154669468812,148.101183820571,144.511491479135,141.594321723209,142.54355983651,140.237185860146,138.544553069618,137.17614800291,136.547630600746,136.929621430087,140.11325933826,139.425449860801,135.778816635904,137.718422271698,138.339416016744,136.870383681574,135.642461622654,136.802716664041,135.176161168193,135.852268914383,NA,NA,NA,NA,NA,NA,NA,NA,NA,NA,NA
NA,NA,NA,NA,NA,NA,NA,NA,NA,NA,NA,NA,117.144506182969,118.601980263503,119.246237388709,120.396783436231,122.116008946654,122.737659167447,126.942110430284,128.79255486241,130.069529429271,130.203463337442,134.208024721938,136.389762430443,138.675411872016,139.268854179224,140.137395959526,141.010735305659,139.660450724102,141.803249776872,139.821083339443,143.718079023465,144.509575722376,148.266413604281,147.195686987796,146.828746924006,149.959484628563,149.333350641979,147.013169561009,147.411934640028,150.457983003954,150.764813613343,153.720056103714,155.088627076855,155.366466804542,154.945451014831,154.938728063315,153.649748382326,155.749764309132,154.512614516705,155.383909346665,153.870961870798,152.66837915039,153.983396466106,153.560872705097,152.968728437798,147.109181370573,148.271580441366,146.745216019186,147.275392181601,142.023033350444,141.151774802419,140.88934482704,138.908830256441,139.372371005478,134.00735741753,135.070415251102,135.229284842814,134.379448096915,135.219839036081,132.98801509135,138.337146779949,137.054075992597,135.016311378271,135.691242672141,136.576511451362,136.616285108073,NA,NA,NA,NA,NA,NA,NA,NA,NA,NA,NA,NA
NA,NA,NA,NA,NA,NA,NA,NA,NA,NA,NA,NA,NA,117.042493213013,118.601695335906,120.405164832734,121.380832862714,122.066094881622,124.874518893125,128.386738562639,128.107891438748,130.193726332953,130.980008079586,132.388830712667,135.569787138456,137.527791296351,138.100804339825,138.099586720174,137.162395726246,136.277637460611,139.202884523204,141.087635463119,144.012958188096,143.349315101312,145.832351624409,147.183931293129,148.288411276219,149.474557062042,147.292849929192,148.011463056244,149.769177796719,150.477717806248,154.572709363325,154.480094208981,153.47343563678,152.95753788343,152.362363267547,152.110020692291,154.991430458936,153.67084494507,155.882043149154,153.129320701209,152.770663163242,152.033140664339,151.192115067175,149.146462750721,147.853394061534,146.787229433396,147.540895380405,144.173315613253,143.344082797133,141.493638783442,140.609657970788,140.016654844199,139.387898702859,134.720289419261,134.420678319122,132.110590463613,132.873868307866,133.448679888156,134.450608827412,135.088116362812,134.4160618439,134.54212950117,134.98718596402,134.566147908305,NA,NA,NA,NA,NA,NA,NA,NA,NA,NA,NA,NA,NA
NA,NA,NA,NA,NA,NA,NA,NA,NA,NA,NA,NA,NA,NA,118.646088424075,119.561365448245,119.587874097106,120.894638683286,122.039726462116,125.65690294871,125.398413706262,128.248961372293,128.333074198643,129.351295620726,131.347129957794,135.406061299549,135.553942955711,134.514328158219,135.244271196784,135.331775600047,136.291326282653,137.159535773909,140.051362954931,143.603685920115,143.871957701629,146.377115640921,147.291355010329,146.925569976053,146.784288763808,146.814710521836,147.825156152848,149.743663793886,154.931013207594,154.508319083038,153.454031255453,151.441015401955,151.915622383491,151.776329023045,153.660937989375,153.198045537257,151.794886957793,151.017240313875,150.493563028229,151.074860910993,150.361594063633,145.449802343677,146.2406482503,147.27379442528,144.214932635282,142.546260729412,141.392252745304,142.926469832385,140.553595818124,136.929167580043,136.62184204713,134.709182461781,134.316503371235,134.076081081589,132.242376013177,130.399534221712,132.191726933492,134.410325437364,132.446778753576,133.614613928379,135.86142049967,NA,NA,NA,NA,NA,NA,NA,NA,NA,NA,NA,NA,NA,NA
NA,NA,NA,NA,NA,NA,NA,NA,NA,NA,NA,NA,NA,NA,NA,119.520082698306,119.774389798864,120.050192072461,121.592691146112,121.18289290191,123.305348498136,124.049069033143,125.188337629569,128.19473706323,130.581425614701,132.746647617996,134.426123570481,135.936946512447,131.266311650258,131.986123905515,133.938476873938,136.570178561141,137.724219899236,140.87496067713,143.85166532072,144.771369033697,143.944097065858,145.379171202482,144.48811092075,145.162305558055,148.21616757526,150.094889777378,152.354335066372,152.466934990895,152.603989750314,152.57076801381,150.251128498052,152.797484036008,153.541926097545,154.688604556975,149.94189668918,151.476642680899,148.700285255998,149.417105720216,145.942700603552,145.977272594553,148.513530889159,145.042347027487,143.938434411384,142.325867867744,143.501870875703,140.455882259272,139.565421576568,138.66299889663,134.454232188522,132.183300410942,132.190980318542,130.857599184109,130.969496523467,130.822031096498,131.831150003717,132.34096540185,132.148813587226,132.738716839858,NA,NA,NA,NA,NA,NA,NA,NA,NA,NA,NA,NA,NA,NA,NA
NA,NA,NA,NA,NA,NA,NA,NA,NA,NA,NA,NA,NA,NA,NA,NA,NA,119.785187859042,119.643028609974,121.120292983198,123.142958540528,123.246952483838,124.81609505898,125.774816234984,127.265066373189,131.660341411438,128.797866659684,131.979762643296,131.533962095807,130.476540502789,132.301645814255,135.666389184941,138.471622900098,140.191280291643,141.671986041541,140.663440318013,141.712710768629,144.380451424277,145.533162933177,144.734401404598,147.642517116101,147.14802288983,145.949934371211,148.119057910509,146.929180159732,150.229158627678,153.164390086648,150.425703847746,153.00875867196,152.818570421571,153.192570795919,149.231901523892,150.242184272803,151.788628742871,147.859633729987,147.608626459299,146.509203813669,146.522880948604,143.243354798373,143.559814070722,141.352944850402,141.814314170383,139.930525234953,134.458976763387,136.167095389403,134.099533676971,132.95052919864,130.549594124463,129.892364081495,129.076470112816,128.091106847252,129.620370177115,NA,NA,NA,NA,NA,NA,NA,NA,NA,NA,NA,NA,NA,NA,NA,NA,NA
NA,NA,NA,NA,NA,NA,NA,NA,NA,NA,NA,NA,NA,NA,NA,NA,NA,NA,118.929107317283,119.371664897356,119.326433772127,122.095424662201,123.157616431846,123.350987698913,125.700498803034,125.614854509248,129.798908150348,127.987471980227,130.706698438718,128.663066256424,128.605841889965,132.115536752517,135.659752281111,138.542462188005,138.072440006226,137.16974408523,138.392204593922,138.885095532258,141.300248729883,140.616063259819,142.538321259981,143.575092214787,146.000954895118,145.170255807586,147.107426139366,148.265092309693,149.437691698385,149.773240095085,151.843573170939,150.307048872234,149.246283077859,149.064096317847,148.929827518478,149.356233935635,147.48310104765,146.400125715887,145.659606569422,145.545768506888,142.386998516481,141.838336849245,140.727297271559,139.510794226652,140.43933585235,135.168196454963,135.259148656528,133.332020099517,131.452435933852,129.708759734194,129.692105314966,130.105138607223,131.025161983608,NA,NA,NA,NA,NA,NA,NA,NA,NA,NA,NA,NA,NA,NA,NA,NA,NA,NA
NA,NA,NA,NA,NA,NA,NA,NA,NA,NA,NA,NA,NA,NA,NA,NA,NA,NA,NA,117.951872385346,119.108625373223,120.564468693388,122.878785120229,122.45522141849,123.567132010719,125.243596591635,125.991908324561,126.315979567975,127.215414050629,126.993937945222,128.014022919124,129.287055730946,129.151494603967,133.938742477112,134.900057450858,137.636095266449,133.704487724198,132.657949360932,135.539749208842,138.298001340562,139.733296439795,141.318022416177,141.122914113683,143.578979368119,145.887477421321,149.180977624553,147.792907518659,146.458821403747,147.268702851057,146.917110127864,147.098311678675,146.10576237736,147.666529262592,149.218699291283,145.764774503733,145.227464740384,140.941427938317,141.287175744626,141.023577594259,141.187800460728,139.490485144808,139.061838088022,137.317087227528,137.155592037038,134.917079037887,131.546916112117,130.488156710673,128.91299946043,127.682158104337,129.906345084089,NA,NA,NA,NA,NA,NA,NA,NA,NA,NA,NA,NA,NA,NA,NA,NA,NA,NA,NA
NA,NA,NA,NA,NA,NA,NA,NA,NA,NA,NA,NA,NA,NA,NA,NA,NA,NA,NA,NA,NA,119.738277522044,120.579347414722,121.892438022805,123.219043038388,123.204783931676,122.846993192811,123.25821636387,123.087807445461,124.458750325371,127.368834605772,125.866857539994,127.516775393637,132.435932821976,133.045661318747,134.028719121867,131.399510396249,130.163050375688,129.918411674518,135.09817722923,137.772497326116,138.519260559157,139.351253305486,141.586910840116,142.165745855873,144.22300640531,143.778798730572,145.421436235218,145.205322254747,143.966715916639,145.021041775709,144.614340177774,143.989659098932,146.03804661893,142.446454140296,141.625709130801,138.726882550389,135.695015773912,137.427350050005,138.97473516163,138.920382195543,137.082426478547,136.397876090979,136.540765366719,133.732865642515,130.148339905087,128.059484281677,129.706336146857,NA,NA,NA,NA,NA,NA,NA,NA,NA,NA,NA,NA,NA,NA,NA,NA,NA,NA,NA,NA,NA
NA,NA,NA,NA,NA,NA,NA,NA,NA,NA,NA,NA,NA,NA,NA,NA,NA,NA,NA,NA,NA,NA,118.462861099342,119.613142418105,119.789708667726,120.778079995236,121.222548154314,121.594581337821,123.11614365892,123.196370749565,121.429331041173,124.01950528182,125.522421256996,127.349295919152,128.400518422289,127.739734684222,126.04031067121,125.694318861958,127.807236438999,128.837591016593,132.374644846913,136.15697577704,137.965168770784,140.309667696786,139.15965002871,137.431273439128,140.503791078518,142.331139688755,143.709611404975,145.355536063715,144.591057596807,145.159204152221,143.788103412124,145.377392433011,139.793834721833,141.559774862727,136.341721617733,136.52519339828,135.892131625703,137.117128065575,137.166988610951,138.564393585421,134.066136497851,134.873569600872,133.303873603578,129.098050158479,127.307007545944,NA,NA,NA,NA,NA,NA,NA,NA,NA,NA,NA,NA,NA,NA,NA,NA,NA,NA,NA,NA,NA,NA
NA,NA,NA,NA,NA,NA,NA,NA,NA,NA,NA,NA,NA,NA,NA,NA,NA,NA,NA,NA,NA,NA,NA,NA,118.092970321286,119.084188982696,117.759407453211,116.71971137374,117.685586730041,116.706997130399,118.825377812639,121.429762228824,124.01892495595,123.641149460281,120.987297729057,124.017954665666,121.832889436786,123.680451907713,125.04627650943,129.857882556622,130.178470770047,135.524203971059,136.064274240142,134.396248147858,133.079721918224,134.188780106868,136.550136486768,140.200412457585,145.118336485807,144.556096986124,146.157541117313,144.075487522687,143.918223911081,144.209535118106,136.398512683383,137.001863644933,135.985709331513,134.959620350855,134.078072462182,134.358625530714,138.177831578847,135.595114695253,134.91381153523,134.953918307406,132.041380116846,NA,NA,NA,NA,NA,NA,NA,NA,NA,NA,NA,NA,NA,NA,NA,NA,NA,NA,NA,NA,NA,NA,NA,NA
NA,NA,NA,NA,NA,NA,NA,NA,NA,NA,NA,NA,NA,NA,NA,NA,NA,NA,NA,NA,NA,NA,NA,NA,NA,NA,113.650751556702,113.345498468792,111.96435183743,113.905591667149,115.323956427036,115.367482657996,118.008624958227,117.816963050985,117.587268860181,120.637548145083,118.260287418197,119.993583840898,122.959961297383,122.395488442934,124.97166491942,125.222992817032,125.172008608296,132.499156674939,130.838214624915,129.921431408455,132.027962591167,137.563266240355,142.753149318773,140.618763965783,142.26714663552,143.603271158674,140.516868681656,139.877414106814,133.584856999636,133.415111934003,135.228043349743,135.84813549332,131.873595061365,132.392721926219,136.8119840359,135.477074518905,132.997712443092,NA,NA,NA,NA,NA,NA,NA,NA,NA,NA,NA,NA,NA,NA,NA,NA,NA,NA,NA,NA,NA,NA,NA,NA,NA,NA
NA,NA,NA,NA,NA,NA,NA,NA,NA,NA,NA,NA,NA,NA,NA,NA,NA,NA,NA,NA,NA,NA,NA,NA,NA,NA,NA,NA,NA,110.766813588635,111.268284023217,111.238709760303,113.17399603823,113.881765071815,114.591892927536,118.270502818421,120.333095006015,119.331021822551,119.578998040887,118.148524398135,120.152929003158,121.299671634741,123.701580135019,126.095108849127,127.749015593708,129.42887006414,129.101008699998,132.902105828311,133.686736290261,134.254851978261,135.633589700563,137.298335581403,136.630027146278,131.093647721012,127.78708205771,129.795936252272,132.235213623819,133.831166139774,133.529552579025,131.469100890157,NA,NA,NA,NA,NA,NA,NA,NA,NA,NA,NA,NA,NA,NA,NA,NA,NA,NA,NA,NA,NA,NA,NA,NA,NA,NA,NA,NA,NA
NA,NA,NA,NA,NA,NA,NA,NA,NA,NA,NA,NA,NA,NA,NA,NA,NA,NA,NA,NA,NA,NA,NA,NA,NA,NA,NA,NA,NA,NA,NA,108.833332187536,111.706427373334,111.251478839789,110.806933734595,115.694061883245,115.641686328672,116.402161729558,116.367887090189,118.797043242643,118.216537464825,117.658722000656,117.982303203843,122.271888156626,125.349838334421,126.343411477463,124.417566110015,129.3352755554,127.988860893007,127.915426142433,129.033783626138,126.373258252903,129.959869630611,126.216467888136,126.652936701079,125.343111733248,131.012286216442,131.782505288528,NA,NA,NA,NA,NA,NA,NA,NA,NA,NA,NA,NA,NA,NA,NA,NA,NA,NA,NA,NA,NA,NA,NA,NA,NA,NA,NA,NA,NA,NA,NA
NA,NA,NA,NA,NA,NA,NA,NA,NA,NA,NA,NA,NA,NA,NA,NA,NA,NA,NA,NA,NA,NA,NA,NA,NA,NA,NA,NA,NA,NA,NA,NA,NA,NA,NA,111.893304370395,115.612912445177,113.621452586642,114.958914161005,116.521509291303,117.226711938899,115.156928904157,113.556399861873,115.882405983185,118.46235017445,119.179727887664,117.549281122729,121.86043900367,123.503811234537,121.655146620922,120.372976680215,122.500745474161,121.367796469404,122.419843712767,NA,NA,NA,NA,NA,NA,NA,NA,NA,NA,NA,NA,NA,NA,NA,NA,NA,NA,NA,NA,NA,NA,NA,NA,NA,NA,NA,NA,NA,NA,NA,NA,NA,NA,NA
NA,NA,NA,NA,NA,NA,NA,NA,NA,NA,NA,NA,NA,NA,NA,NA,NA,NA,NA,NA,NA,NA,NA,NA,NA,NA,NA,NA,NA,NA,NA,NA,NA,NA,NA,NA,NA,NA,NA,NA,NA,NA,NA,NA,113.042139053895,NA,NA,NA,NA,NA,NA,NA,NA,NA,NA,NA,NA,NA,NA,NA,NA,NA,NA,NA,NA,NA,NA,NA,NA,NA,NA,NA,NA,NA,NA,NA,NA,NA,NA,NA,NA,NA,NA,NA,NA,NA,NA,NA,NA
