"V1","V2","V3","V4","V5","V6","V7","V8","V9","V10","V11","V12","V13","V14","V15","V16","V17","V18","V19","V20","V21","V22","V23","V24","V25","V26","V27","V28","V29","V30","V31","V32","V33","V34","V35","V36","V37","V38","V39","V40","V41","V42","V43","V44","V45","V46","V47","V48","V49","V50","V51","V52","V53","V54","V55","V56","V57","V58","V59","V60","V61","V62","V63","V64","V65","V66","V67","V68","V69","V70","V71","V72","V73","V74","V75","V76","V77","V78","V79","V80","V81","V82","V83","V84","V85","V86","V87","V88","V89"
NA,NA,NA,NA,NA,NA,NA,NA,NA,NA,NA,NA,NA,NA,NA,NA,NA,NA,NA,NA,NA,NA,NA,NA,NA,NA,NA,NA,NA,NA,NA,NA,NA,NA,NA,NA,NA,NA,NA,NA,NA,NA,NA,NA,775.403120963541,NA,NA,NA,NA,NA,NA,NA,NA,NA,NA,NA,NA,NA,NA,NA,NA,NA,NA,NA,NA,NA,NA,NA,NA,NA,NA,NA,NA,NA,NA,NA,NA,NA,NA,NA,NA,NA,NA,NA,NA,NA,NA,NA,NA
NA,NA,NA,NA,NA,NA,NA,NA,NA,NA,NA,NA,NA,NA,NA,NA,NA,NA,NA,NA,NA,NA,NA,NA,NA,NA,NA,NA,NA,NA,NA,NA,NA,NA,NA,755.466401824774,770.013760962504,783.022988168291,795.805950528238,794.11900871343,804.798367397689,794.413853751999,794.463141427767,798.827265433523,798.827265433523,794.022568464204,795.413166559002,792.299841956871,806.990934019091,822.284047335925,816.183876964207,818.91696770796,797.652806677191,780.514403424941,NA,NA,NA,NA,NA,NA,NA,NA,NA,NA,NA,NA,NA,NA,NA,NA,NA,NA,NA,NA,NA,NA,NA,NA,NA,NA,NA,NA,NA,NA,NA,NA,NA,NA,NA
NA,NA,NA,NA,NA,NA,NA,NA,NA,NA,NA,NA,NA,NA,NA,NA,NA,NA,NA,NA,NA,NA,NA,NA,NA,NA,NA,NA,NA,NA,NA,765.261393250698,779.987722696074,801.546346501383,809.473831851183,790.569415042095,792.511043963821,816.241385865725,797.19222328381,806.225774829855,811.621002722087,827.647267862342,832.062321585394,816.241385865725,800.351448072966,805.644970381859,807.000619578449,804.906238305938,805.062109405231,824.621125123532,840.37751732663,840.386815698581,831.767737279939,809.023260307081,831.801182052967,805.062109405231,789.273501522673,801.871182679115,NA,NA,NA,NA,NA,NA,NA,NA,NA,NA,NA,NA,NA,NA,NA,NA,NA,NA,NA,NA,NA,NA,NA,NA,NA,NA,NA,NA,NA,NA,NA
NA,NA,NA,NA,NA,NA,NA,NA,NA,NA,NA,NA,NA,NA,NA,NA,NA,NA,NA,NA,NA,NA,NA,NA,NA,NA,NA,NA,NA,755.256824072516,765.261393250698,785.015923405379,805.062109405231,811.123455425659,819.84067493375,839.818655021424,832.385286305779,824.478521188143,838.003058665577,838.516172541161,848.478079980912,838.525491562421,831.038506929733,831.038506929733,818.878771920601,831.64292855778,831.038506929733,817.374789334242,827.647267862342,818.91696770796,829.082239403836,840.014880820572,839.874907885406,818.850078161904,838.380535152656,823.437787181922,817.360442454894,828.378472369692,838.525491562421,825.378700960959,NA,NA,NA,NA,NA,NA,NA,NA,NA,NA,NA,NA,NA,NA,NA,NA,NA,NA,NA,NA,NA,NA,NA,NA,NA,NA,NA,NA,NA
NA,NA,NA,NA,NA,NA,NA,NA,NA,NA,NA,NA,NA,NA,NA,NA,NA,NA,NA,NA,NA,NA,NA,NA,NA,NA,775.403120963541,760.128303853062,751.019874717931,775.271695190389,792.30887066188,816.183876964207,814.315277646613,825.378700960959,828.107547399982,852.858182859327,845.946215784432,852.224872107295,853.302408293801,852.833883811623,848.374552711644,840.386815698581,843.097023240433,831.038506929733,845.946215784432,840.340282595177,840.386815698581,848.896342317482,843.319269996987,832.541290267336,848.822589154156,848.753096653083,840.382166512606,845.252432243087,872.887961500539,863.097558851887,850.89548186702,849.384467524024,867.473697397446,850.339988084458,848.896342317482,825.378700960959,822.26974726549,NA,NA,NA,NA,NA,NA,NA,NA,NA,NA,NA,NA,NA,NA,NA,NA,NA,NA,NA,NA,NA,NA,NA,NA,NA,NA
NA,NA,NA,NA,NA,NA,NA,NA,NA,NA,NA,NA,NA,NA,NA,NA,NA,NA,NA,NA,NA,NA,NA,NA,761.145896791604,800.331868954486,794.115132753943,778.620575119872,776.327482472959,780.91462410966,795.342425460197,822.287129249249,809.706737035082,834.575293333446,838.877159418282,853.302408293801,866.430813681285,862.275643685469,873.914193493934,867.791708502306,879.123699505329,872.969543381896,878.880783058576,860.11413487735,880.419012911824,861.874097136984,867.499854024131,846.664399114793,867.827747885489,853.17377037857,860.813087909584,858.91346352518,863.495801958527,866.250487441372,866.746791167986,859.041752745788,868.243664773089,876.414027933564,870.676803817973,874.892593459085,867.791708502306,873.171958556509,832.1517570806,842.192370447204,812.786955362257,NA,NA,NA,NA,NA,NA,NA,NA,NA,NA,NA,NA,NA,NA,NA,NA,NA,NA,NA,NA,NA,NA,NA,NA
NA,NA,NA,NA,NA,NA,NA,NA,NA,NA,NA,NA,NA,NA,NA,NA,NA,NA,NA,NA,NA,NA,803.459260076776,801.531715908696,803.235211690096,804.784207481618,802.53445554674,800.961122793901,805.434330804891,800.12487084349,830.821149510738,840.014880820572,850.330786953066,880.03836336146,876.409482760972,859.041752745788,883.843629873275,883.883476483184,893.352169150743,887.724373420979,884.916382147697,891.268664401331,903.456901065377,893.338997653756,893.365294205513,884.350543131514,873.185602761073,871.134340261783,880.562280748181,876.095067596248,874.277974393102,862.046982478333,883.803783263365,860.76735889632,866.629295950745,871.150078101876,874.384189189619,909.485457297164,903.119593409422,901.023456498825,887.702329960424,876.427407147905,860.913349035775,849.037799090312,836.19077064308,816.116577143567,806.079893701086,NA,NA,NA,NA,NA,NA,NA,NA,NA,NA,NA,NA,NA,NA,NA,NA,NA,NA,NA,NA,NA,NA
NA,NA,NA,NA,NA,NA,NA,NA,NA,NA,NA,NA,NA,NA,NA,NA,NA,NA,NA,NA,NA,813.941029804985,820.060973342836,826.48538619633,818.105260308399,809.639084098666,830.611070001614,806.225774829855,816.150227053887,824.753996678913,834.415963413932,840.014880820572,860.109214715269,894.260612355624,901.187583875854,886.614363343959,895.874028249714,912.529110908836,894.427190999916,897.548731837011,896.172416446746,929.700649868594,919.918474648705,928.766028271382,917.196816392207,893.638960064645,894.729429004784,892.170260940106,887.58733778979,883.874635879945,880.695747690427,905.538513813742,896.172416446746,874.341474715624,882.11629853465,900.80833348216,925.337776166087,912.251108721106,928.035559663529,933.370009731807,901.725774319132,880.633564085979,902.232058955917,875.321333801258,854.290365168459,844.93800655015,828.137856370736,825.183712856606,NA,NA,NA,NA,NA,NA,NA,NA,NA,NA,NA,NA,NA,NA,NA,NA,NA,NA,NA,NA,NA
NA,NA,NA,NA,NA,NA,NA,NA,NA,NA,NA,NA,NA,NA,NA,NA,NA,NA,NA,813.873729984346,813.786872086615,825.245757770506,831.038506929733,835.53874835342,832.517812457957,830.611070001614,834.331527001827,848.534302217394,855.862138431184,860.721531646383,853.302408293801,840.014880820572,878.021945470496,894.844634173027,903.721608988437,927.892004104062,890.224690738243,906.051686041883,888.866595695738,901.734439843572,924.053377634384,939.26453699597,937.146263481502,956.882960450232,950.097580957374,934.060350876377,927.698765763974,921.609685958084,916.744999507115,908.639092269312,905.421437596654,924.796401026115,912.509098425962,909.338873429027,902.232058955917,925.337776166087,925.337776166087,941.400218989332,927.698765763974,934.060350876377,916.770512233556,903.119593409422,905.538513813742,917.196816392207,902.638690486266,872.969543381896,851.145722627973,854.372925375804,845.881470131612,824.478521188143,NA,NA,NA,NA,NA,NA,NA,NA,NA,NA,NA,NA,NA,NA,NA,NA,NA,NA,NA
NA,NA,NA,NA,NA,NA,NA,NA,NA,NA,NA,NA,NA,NA,NA,NA,NA,NA,840.237544391464,853.302408293801,848.896342317482,834.331527001827,843.319269996987,867.827747885489,834.916454243267,847.563824531432,843.214606804054,861.892361377155,867.827747885489,880.419012911824,890.224690738243,909.888729145255,903.422272226231,918.77953233063,900.854478772257,915.354722804529,927.470256658334,908.766946268523,916.49531543416,939.46777541494,954.993764973256,946.275391030164,956.882960450232,973.701047360414,941.076511235936,958.155758977175,956.760177394801,960.041872554696,961.8410094444,933.407735129724,917.188297008517,957.447393971461,952.430944965269,942.403841248538,933.26501089558,937.489305091922,950.320668176475,950.328890437411,945.019795230249,936.05719663334,922.216974241278,919.204794842306,928.952522987177,933.319518011633,905.883546599672,890.193932669368,875.65117248032,854.400374531753,862.851354153045,855.862138431184,835.505455227355,NA,NA,NA,NA,NA,NA,NA,NA,NA,NA,NA,NA,NA,NA,NA,NA,NA,NA
NA,NA,NA,NA,NA,NA,NA,NA,NA,NA,NA,NA,NA,NA,NA,NA,NA,831.038506929733,840.386815698581,840.330963573916,869.554367411846,866.159429509669,874.955311495716,879.851940609559,885.740512814289,866.018602384703,864.224908591182,877.845005180256,914.842296173277,904.298817106528,908.570203627571,912.354363460116,918.017643612338,909.798088227713,934.606689067185,939.605550914446,917.877987534291,936.857048673665,950.287750627738,974.935812923471,960.468635614927,971.546731502593,988.835575067044,982.578730225471,972.432516938836,970.787907873551,974.867218756237,970.82439194738,976.249158178572,957.893051504354,961.838055618448,964.583558242142,973.592213239783,976.281209488332,975.208058451328,973.60830281469,960.468635614927,951.314879522022,928.035559663529,950.328890437411,951.930569538099,955.100167323236,955.922386609904,937.083240699566,927.892004104062,916.821931797998,897.566153550812,883.616701066821,893.365294205513,859.142013871979,852.97022010697,838.525491562421,NA,NA,NA,NA,NA,NA,NA,NA,NA,NA,NA,NA,NA,NA,NA,NA,NA
NA,NA,NA,NA,NA,NA,NA,NA,NA,NA,NA,NA,NA,NA,NA,837.700436777781,858.950196482588,871.713011918089,862.046982478333,862.046982478333,867.273757567769,873.07784203007,878.203954634908,883.843629873275,905.883546599672,921.954445729289,919.841913808603,930.38970329642,910.00085130975,908.978649936572,932.187301688482,925.202293628153,933.323885798653,942.374296172277,950.328890437411,970.35307310452,951.1502643352,933.370009731807,961.495520130971,974.94384557293,1006.38196695383,1002.69142307851,1007.61889356701,1005.57039338957,1004.01921813021,1004.05428140116,989.854609973782,965.975865354916,987.733208993779,995.528796448723,982.936395057891,1007.78221853732,999.953080972096,976.257190755037,975,984.947949142854,975.788825455798,957.449843031878,961.524263962303,955.166733214786,956.045380817147,952.64232715782,951.599428294653,941.076511235936,928.035559663529,921.754231132236,921.954445729289,909.850031505554,903.28322164131,885.776176574884,855.825594333699,862.046982478333,807.000619578449,801.384763394306,NA,NA,NA,NA,NA,NA,NA,NA,NA,NA,NA,NA,NA,NA,NA
NA,NA,NA,NA,NA,NA,NA,NA,NA,NA,NA,NA,NA,NA,845.502775488454,850.25703378974,860.885927897856,887.715538118922,886.974818432525,880.695747690427,887.764045228235,886.002257333467,905.252359205911,909.979370062796,944.475447000728,933.774018641366,938.416218956173,950.275265527648,953.357746104193,945.587046096655,933.407735129724,941.076511235936,952.931320392438,950.328890437411,958.155758977175,970.703381006648,957.201322816242,987.59848214942,976.249179251123,1015.19702521235,995.454500656891,998.123238883857,1029.5047357958,1035.91746775503,1029.81333978611,1013.03997946774,1000.3342352453,1012.27579332568,1017.84056172243,1033.21150199238,1020.99609348444,1021.08894842619,1002.76957259954,995.657382885706,995.489518842518,999.879143971622,976.092247628871,955.24865872714,957.160465273165,952.923089662422,959.93403885712,941.408519188137,941.371115435237,946.325026283774,941.612808358003,931.785719858482,915.491671180028,929.927417839741,910.013736160065,893.295114530112,893.352169150743,872.13817712562,851.192255731376,807.000619578449,794.512429103535,NA,NA,NA,NA,NA,NA,NA,NA,NA,NA,NA,NA,NA,NA
NA,NA,NA,NA,NA,NA,NA,NA,NA,NA,NA,NA,NA,854.400374531753,877.493576020336,880.620205840673,874.472408318262,883.808089193444,885.975772572839,883.883476483184,903.088399639624,909.941471095969,913.690838477812,954.618786306134,944.828642391057,956.842102907155,939.713111442557,946.258799405006,937.083240699566,955.24865872714,973.717104707522,963.832653948712,976.162592743848,958.18839483684,956.760177394801,975.087047510596,984.714459037639,1033.17421170892,1017.59513193638,1027.70598656029,1019.59621555577,1017.4097617695,1015.16234785427,1035.91746775503,1051.48704224065,1044.62912078881,1030.66246593402,1040.60845846968,1061.67973875757,1039.73386091929,1032.59382140317,1030.75365864936,1033.41045957403,1027.5571481058,1027.90545445005,1001.12406278838,1000.7765926124,960.440132605201,982.980162566875,974.308754556715,965.983954318083,973.684164931154,958.155758977175,951.971638232989,952.451479312713,946.20066278402,934.07708461347,933.235498525606,930.38970329642,917.196816392207,916.590351218987,883.825873899063,854.669783459615,818.820530155762,803.449425642336,761.577310586391,NA,NA,NA,NA,NA,NA,NA,NA,NA,NA,NA,NA,NA
NA,NA,NA,NA,NA,NA,NA,NA,NA,NA,NA,NA,886.698578358223,895.003164529404,910.013736160065,901.257433805516,909.966420058309,893.286217236197,898.627812551294,910.013736160065,912.328593759487,930.254960714009,941.124650255606,956.587209153271,946.325026283774,936.032131924228,938.382894499758,955.166733214786,946.242207779849,970.703381006648,989.421546774654,988.85147575073,998.361880754291,1000,974.761346843326,995.62926008404,1046.49194574024,1041.54803013196,1030.30249037324,1037.01018552879,1039.83171715427,1030.50975344818,1057.20877850165,1035.91746775503,1051.04818491014,1064.24013561929,1051.30414224104,1065.67770806724,1050.29757688,1046.86659381081,1032.55972983816,1050.21562694722,1052.67516357136,1024.89306498682,1025.89899159132,1030.66246593402,1020.20635626014,985.115620894395,986.470982847443,986.470982847443,976.217106868812,980.01894970295,961.736688896851,956.833872539945,957.555757841277,950.19699089077,941.076511235936,943.240241393008,930.254960714009,915.423196992278,905.879233689848,886.346010750752,860.958767886128,838.525491562421,824.314928623786,794.512429103535,775.312229239994,NA,NA,NA,NA,NA,NA,NA,NA,NA,NA,NA,NA
NA,NA,NA,NA,NA,NA,NA,NA,NA,NA,NA,873.046175314243,896.146248273038,925,933.407735129724,917.196816392207,929.045208803102,903.076299045837,903.119593409422,896.172416446746,917.877987534291,951.05892031487,972.432516938836,965.87858553722,946.291912746547,957.209485953832,964.976467242986,958.114901434097,961.679682877399,970.598012225785,985.299793755449,992.47166206396,982.912513087103,1000,997.768493729453,1030.31756715845,1050.55791269025,1052.89936960972,1062.02063037169,1063.56559184002,1051.07409579552,1073.58072448481,1050.27525228527,1049.06741495737,1052.06625138938,1060.7996686159,1045.68955648259,1050.44581766571,1071.72317252807,1068.00046816469,1056.04943801162,1051.10776916628,1051.18980208143,1046.65755124861,1036.06399433754,1029.81333978611,1032.81634483426,1007.74342782076,1004.7493336775,972.39231381405,974.967927617688,990.580637807947,956.719108699911,961.736688896851,952.890251697549,956.558785873376,954.829329925845,949.834952830141,923.447625725149,926.172576928947,907.226875113622,893.161798666274,850.25703378974,850.367567584747,822.344210169926,807.706905778552,784.617741323761,782.5237116998,NA,NA,NA,NA,NA,NA,NA,NA,NA,NA,NA
NA,NA,NA,NA,NA,NA,NA,NA,NA,NA,NA,901.340048049558,929.045208803102,951.971638232989,948.301408977494,939.241729844449,939.099926323498,929.045208803102,924.625343404002,929.045208803102,941.042367169733,956.996331256249,975.088340811597,971.608352880715,957.355507963383,970.675057428191,973.644786888519,965.012953280939,968.722735109888,1008.20328867947,1015.01165504547,993.851189469268,995.615387586994,999.882536546743,1005.59372540734,1026.20736315284,1050.21562694722,1054.65837355756,1064.46141596486,1062.1322893124,1061.23453653806,1073.71261316012,1085.16156708151,1079.64114408446,1074.99845115355,1068.00046816469,1074.75494055627,1071.06034195834,1084.42786182195,1044.03065089106,1051.48332673866,1053.84711064482,1043.04911653937,1035.8570643219,1027.74023955472,1032.99079667864,1011.40356126545,995.266089372147,990.159049480437,974.308754556715,990.469975516894,1000.60918468924,976.281209488332,972.319670830719,967.437788250068,931.860993815155,956.504390845032,957.950767417182,951.203491543604,942.370657998223,925.329331761935,901.387818865997,863.079448651716,857.03488359506,840.340282595177,794.310801153606,794.11900871343,790.569415042095,NA,NA,NA,NA,NA,NA,NA,NA,NA,NA,NA
NA,NA,NA,NA,NA,NA,NA,NA,NA,NA,916.800296914779,934.07708461347,939.414711402797,956.045380817147,962.094070244693,963.824532269684,940.411615295467,936.662443936173,958.114901434097,972.271302873317,951.971638232989,956.760177394801,965.012953280939,990.223152099957,981.364974417114,983.845936328938,995.132033134527,1011.52009627202,1008.13918605995,990.477681525591,1008.68664313194,1014.70748427171,1015.00465579807,1020.57013437081,1020.04887236837,1035.01207722422,1046.53610030223,1057.41429912783,1082.17799367039,1079.4964006653,1082.13796032879,1080.62796037989,1079.30819339281,1075.2724823974,1075.29065838033,1055.04739230046,1062.99252397444,1096.50667641432,1085.97579116357,1060.66017177982,1052.63802953412,1041.93329920874,1047.0195795686,1045.64894640606,1052.54486820294,1030.73845431879,1011.18742080783,1014.09153926824,1010.35474430715,982.28840156883,990.541172418814,984.861959959451,960.411629595475,975.918409328213,952.451479312713,957.355507963383,956.719108699911,956.760177394801,951.951103885544,939.26453699597,951.290229794907,927.756071698056,916.851111404451,885.604712345186,843.343531778452,827.831294345381,822.191639562321,800.948919675315,781.294574264605,NA,NA,NA,NA,NA,NA,NA,NA,NA,NA
NA,NA,NA,NA,NA,NA,NA,NA,NA,924.932333432121,921.954445729289,952.931320392438,951.314879522022,964.952100757586,972.576487239041,970.783959882553,972.753822917186,975,972.174055771483,980.050854330688,977.840381998096,984.230530625935,979.664271221859,1012.73140801678,1004.67843511555,1003.6779749222,1029.61601614861,1014.97240442324,1012.16298784833,1029.54023951053,1034.46666411507,1025.76146834127,1030.09678779054,1017.89448786605,1030.77640640442,1052.36909954044,1043.33580008125,1054.75115548645,1076.16216250154,1085.41466730462,1076.16216250154,1073.57072527769,1079.21378030863,1091.82983626163,1069.99557145696,1068.53215322107,1073.83657974573,1075.98005634705,1083.06560353376,1053.84337425404,1051.48332673866,1050.29757688,1043.98567528409,1062.81540154914,1054.75115548645,1049.80486378454,1029.45619261027,1025.4298984473,1007.78221853732,976.217106868812,976.281209488332,973.410013524438,965.660395791398,958.163922114765,965.400102364792,948.937503799573,944.192397547185,951.336716591614,962.094070244693,939.479754019187,950.105881156179,938.643467541586,917.586749046424,895.865192947657,848.896342317482,847.783450587375,822.344210169926,824.478521188143,813.17279836453,751.227700696944,NA,NA,NA,NA,NA,NA,NA,NA,NA
NA,NA,NA,NA,NA,NA,NA,NA,929.028378265113,941.059896176244,944.784819808043,951.364816421263,971.548785032854,976.178774738396,996.101384647298,1004.05428140116,997.68099735067,1005.41775274572,996.712096349738,995.183441268175,1011.09154234876,1028.74567157712,1024.86676736591,1012.08881715504,1033.04750468548,1040.61252864818,1049.34496775271,1028.66247006643,1039.62805207301,1036.91164075801,1035.78894122127,1040.64267759517,1030.25692100964,1019.72331363544,1020.11028815516,1026.18831789897,1056.0531409718,1071.08150711745,1081.56407565103,1098.27990152895,1092.35845648382,1095.0053074531,1103.60192901973,1098.17293818962,1096.50712938453,1060.74775207448,1064.46141596486,1057.41429912783,1059.48100502085,1052.6454605381,1049.92548948921,1050.29757688,1051.18980208143,1057.3477205368,1065.83275485572,1046.54883693245,1025.29721190248,1006.4789363209,1008.9908139057,996.242942258564,977.860371389246,965.660395791398,957.876529592284,966.438913163164,951.174852160337,972.238930742334,956.743758427027,943.39811320566,933.332284333891,936.915902264487,939.747306460625,933.663592547215,928.569421987026,886.70739254841,876.603637060961,851.852179385927,819.90797475439,828.354833857868,806.225774829855,787.109833547,776.229746459197,NA,NA,NA,NA,NA,NA,NA,NA
NA,NA,NA,NA,NA,NA,NA,NA,973.693022662764,951.971638232989,948.625582137686,964.41209606377,971.292452952951,979.880051598598,995.607539444062,1007.78221853732,1008.70233199873,1012.12788577192,1011.10229075107,1008.9908139057,1026.0392421706,1023.17423736112,1039.73386091929,1028.80746732269,1061.6345813201,1079.293424898,1040.43260233424,1050.06220016254,1029.85890914971,1040.23663281096,1062.13127054448,1043.0723175656,1044.32992871027,1025,1035.86418052002,1044.22498448612,1064.72878654935,1054.66212165132,1079.612183745,1083.02225594579,1098.41536006756,1085.41466730462,1095.63034730253,1084.42786182195,1073.71261316012,1075.42330941264,1064.38786102663,1061.15338972176,1053.8619454179,1050.95838950961,1050.29757688,1040.61252864818,1050.17827495154,1057.30691912122,1060.66017177982,1045.78698964199,1011.46548354874,1000.3342352453,1007.78221853732,1019.70888798631,955.166733214786,972.519766585799,971.546731502593,951.955219265214,965.315702325444,974.94384557293,973.840389257476,935.910520595891,926.1130075665,949.295354668762,951.379090186466,930.38970329642,905.977047230272,887.764045228235,873.131722395572,845.704669066395,838.714099035582,814.324873745117,817.411144253111,797.260935955099,790.569415042095,NA,NA,NA,NA,NA,NA,NA,NA
NA,NA,NA,NA,NA,NA,NA,977.860371389246,986.463061930402,965.951582187099,965.64825420749,1000.05600363547,995.078818694548,1000.30251491408,995.143975879042,1028.7300123027,1025.83909018645,1016.02110631528,1021.28893217904,1017.65662185238,1006.23058987491,1028.62923579662,1039.83171715427,1051.24819866486,1077.0329614269,1073.2381210832,1068.64299353908,1076.71922346128,1067.72835846692,1064.48344280219,1064.54047594806,1054.98808658223,1063.35885871185,1046.3224541637,1043.87715018223,1060.89352173278,1068.42822414118,1076.16216250154,1089.1510455396,1089.14015878482,1077.59124708268,1086.53691502253,1074.40355519766,1068.00046816469,1057.19025745545,1057.26611770565,1060.40110690733,1065.23861548826,1058.61040206488,1040.61252864818,1027.74023955472,1041.6998122636,1032.59382140317,1043.68617007396,1065.91360932979,1037.09327668759,1027.74023955472,1008.95978611626,990.580637807947,973.701047360414,955.232296124007,972.56030117628,972.749806592457,951.170284858755,964.842339319837,976.281209488332,952.955927627296,942.888548827635,958.18839483684,965.87858553722,950.155621006617,943.148353753762,909.485457297164,875.647982374534,863.414220077171,845.881470131612,838.525491562421,838.031185097568,806.835367330965,785.015923405379,801.431694744002,766.842078622149,NA,NA,NA,NA,NA,NA,NA
NA,NA,NA,NA,NA,NA,989.317156573338,986.146217606773,998.660012695216,986.999464478878,996.609354975726,995.183441268175,984.766505405011,998.810478426045,998.968045177787,990.541172418814,1024.99821138918,1025.46092623674,1027.69458922671,1029.52121126733,1024.91204566969,1044.23984742183,1096.33497496063,1106.96635033137,1112.93415177435,1076.16216250154,1088.84809343678,1081.58569858596,1075.29065838033,1091.82983626163,1085.41466730462,1098.83285419293,1079.35165724615,1062.89292494338,1050.15586547772,1069.9076458229,1075.78197740641,1076.16216250154,1075.28339192082,1081.75127106439,1073.83657974573,1063.49933520193,1064.95521888309,1060.97547166557,1073.35944413924,1064.15110178417,1061.23453653806,1060.68843309486,1050.293857169,1033.4672688794,1029.8664962023,1027.19469393849,1035.91746775503,1054.7794557107,1047.23915719301,1037.10835116108,1019.80390271856,990.736842153292,986.431352780747,990.541172418814,974.501501084155,973.499500921858,964.817866597761,956.882960450232,957.860007680214,950.155621006617,956.760177394801,939.605550914446,951.707560256867,949.830410758886,943.779668388762,930.356090934087,919.238815542512,903.465549979633,873.274228522619,859.041752745788,835.53874835342,834.331527001827,813.470158956926,800.390529679106,807.774721070176,794.11900871343,760.180200169697,NA,NA,NA,NA,NA,NA
NA,NA,NA,NA,NA,NA,1004.65229289025,1025.75787336241,1012.42283656583,1024.56259659216,1026.18831789897,1005.60926805594,994.742461841586,1004.91349333737,1013.58937166966,1012.60436467072,1024.3280809721,1027.35730448,1039.67345748616,1020.25912961648,1029.63024833719,1044.56172524931,1084.97183187528,1109.56066802008,1097.69643725421,1100.00207398059,1086.38895835654,1076.82908529927,1075.29065838033,1098.91899862354,1105.10180526502,1092.01648339208,1079.04745712558,1077.27039532741,1074.97030133919,1070.01750766088,1073.38736546976,1079.64114408446,1079.22548001418,1061.67973875757,1054.72892523474,1066.17596582908,1060.91791485427,1046.89236967995,1039.73386091929,1029.81333978611,1053.65007559272,1051.48704224065,1044.32988583993,1020.10262851924,1022.08738268537,1030.10897348414,1046.83988300824,1049.34489968699,1040.34987291675,1043.5853543085,1027.74023955472,1010.67980713524,984.822239055606,988.930825340704,986.419448437348,995.611463515528,982.598464900712,961.708185887125,943.537222070971,951.757300107305,956.882960450232,948.493128380149,939.680704816599,928.035559663529,929.723818865856,928.035559663529,916.581728683489,911.214057852399,885.181265708083,854.753651624259,838.087381153046,821.005130668561,818.854768484173,816.241385865725,831.705203040797,807.511876442299,761.987532706409,NA,NA,NA,NA,NA,NA
NA,NA,NA,NA,NA,975.755395719302,1005.57039338957,1017.59513193638,1012.78419388121,1017.80197264092,1017.40494692541,1020.11028815516,1011.34261302936,1020.40126462594,1024.70099948669,1020.17422505918,1032.4115966861,1054.48314287156,1035.59871744604,1051.42626858864,1076.16216250154,1070.51433974349,1091.30946339414,1096.58560997307,1107.07949127423,1106.71942660076,1096.57229785795,1086.56569060504,1090.54794649268,1089.95400782302,1097.77736699284,1089.22295208872,1078.43195926216,1079.64114408446,1079.35165724615,1073.36685005959,1075.02047799087,1065.82539120497,1067.84639087374,1050.29757688,1033.43320732909,1044.03065089106,1051.18980208143,1054.90632232022,1032.28173307197,1029.81333978611,1034.2140989997,1045.48812852033,1025.62052210461,1025.88931738567,1017.96365357512,1007.75119074788,1030.70050223317,1030.31007742583,1025,1046.69435997034,1016.16879958551,998.08796667118,1006.99477177496,1006.99863768338,995.230716874575,990.525306662421,963.553511762816,951.971638232989,948.203077618926,944.986681888709,940.382471911676,943.185159012668,941.460473104803,929.032588188858,916.684983422499,930.003306831329,921.852534274414,913.986574297699,880.695747690427,876.233130328311,838.15273071201,828.402076289045,814.324873745117,825.378700960959,827.647267862342,814.315277646613,801.546346501383,789.382670192347,NA,NA,NA,NA,NA
NA,NA,NA,NA,NA,994.910930661265,1024.85092427163,1025.89899159132,1026.08521155383,1027.74023955472,1015.19702521235,1032.05866138829,1035.91746775503,1019.98745658159,1042.37006636442,1040.41758020474,1035.83437659624,1037.10835116108,1060.74403657249,1046.86241295,1059.2698170437,1079.30819339281,1099.14739684903,1107.32640917002,1108.72827694429,1107.07949127423,1100.02723957318,1096.58560997307,1101.33366010264,1100.19159312676,1091.7230844478,1100.90779493013,1098.29413182444,1092.01648339208,1085.32815688248,1078.95792504772,1068.8779163216,1055.04739230046,1050.14090373028,1044.23249555087,1049.24778581978,1050.20816422732,1046.98732657093,1040.42509126949,1050.65671943445,1050.11844501428,1052.6454605381,1036.88884598258,1011.18742080783,1015.19702521235,1007.78221853732,1012.93944902064,1017.59513193638,1007.78221853732,1035.08061599254,1015.19702521235,1011.23361182109,995.615387586994,1004.05428140116,991.502512132754,992.47166206396,998.707653135534,980.193347916154,945.05290857179,942.973459941336,934.039250874953,954.84574889362,941.076511235936,950.105881156179,938.123651207888,927.639741024026,931.146699158841,941.055738738021,909.987966459435,893.378419260282,861.718216474312,845.959610685465,848.528137423857,815.228263065947,838.525491562421,834.415963413932,831.038506929733,806.196683194239,791.883427661551,NA,NA,NA,NA,NA
NA,NA,NA,NA,960.280817915237,995.307325047857,1011.67625584709,1024.87775720388,1040.24414332124,1035.01207722422,1017.59513193638,1007.78221853732,1030.74985170651,1046.45098069747,1050.94338470482,1035.89483299176,1034.90618545373,1054.59929313381,1061.24926383956,1063.0976512532,1060.64735418435,1092.62434334047,1109.16988079513,1100.25206505542,1113.72806001131,1107.35467356142,1096.58560997307,1110.18016555873,1110.46161572564,1118.03398874989,1100.28405423327,1085.21962819982,1086.39257694202,1082.95705137935,1086.56569060504,1072.66869316598,1050.7325366657,1050,1037.0440878942,1040.72540701267,1045.5290113152,1050.93963079868,1049.74579292886,1029.81333978611,1027.39538989951,1025.30102231149,1046.50276361976,1037.01018552879,1024.75492563031,1018.69136921336,1013.92906745554,1005.95736167478,1007.49373663035,1006.44382945211,1020.99609348444,996.677078164111,1003.96854448637,995.607539444062,990.580637807947,991.297039114268,991.495043521222,991.193385717332,972.745790267727,945.05290857179,949.822012223648,936.082261342453,929.999096907585,950.328890437411,939.130232609315,921.826985612172,938.291006860512,949.945547067941,948.39329661674,918.557645520456,901.341135280819,879.239700342212,864.07589497158,863.140016598893,845.877616700851,830.972596163716,834.369096585267,830.911200052762,803.50793399941,800.961122793901,781.808210314942,NA,NA,NA,NA
NA,NA,NA,NA,959.93403885712,980.01894970295,1026.21878758869,1046.9560010641,1062.90125289823,1050.06971122729,1026.07373243892,1011.40356126545,1029.75797048421,1052.13934266951,1056.98224564324,1035.78894122127,1035.78894122127,1043.9482074894,1088.76818389475,1090.23401999145,1091.88709463267,1099.14739684903,1108.34100186985,1112.45452257908,1110.45457947147,1107.12792442744,1106.99467906068,1118.03398874989,1113.28056302342,1107.07949127423,1103.6586740029,1089.1510455396,1079.60854180124,1091.41533574581,1078.36657673714,1069.9076458229,1051.48704224065,1044.00443399503,1040.42509126949,1034.24432719747,1032.47248185696,1037.03287325446,1040.85623840582,1013.65923808029,1027.48814911216,1009.44225464419,1023.09668345559,1025.83407804328,1019.47233282459,1010.79189489739,1011.48869132221,1007.63058008409,992.842574148928,1007.78221853732,1002.83991910309,986.114498230026,999.062060134404,992.459848797568,989.949493661167,987.078814068851,973.717104707522,968.941086023586,956.134940105228,945.05290857179,930.053761886914,930.35607723339,930.38970329642,918.898231091498,916.856041044612,919.918474648705,937.045663748489,941.043281116553,925.329331761935,926.172576928947,901.387818865997,883.768271314941,883.616701066821,853.229037276074,850,832.418939707211,828.02475808396,824.37686704824,803.429998891402,801.56097709407,800.390529679106,NA,NA,NA,NA
NA,NA,NA,NA,965.255609428882,976.281209488332,1043.91518648138,1051.91391580777,1046.98222757292,1053.77283620445,1050.29757688,1046.66122362836,1052.60073741138,1055.04739230046,1039.372640035,1057.26611770565,1065.91360932979,1087.04111258937,1073.55131066644,1084.81053221799,1087.65560756054,1099.12606522342,1099.14739684903,1106.79718105893,1114.95515604889,1110.44050160896,1110.44050160896,1113.43075673497,1107.3617295175,1119.43065886191,1102.38326597201,1084.55059817419,1097.97214521144,1083.10895112172,1079.64114408446,1055.04739230046,1046.66129222135,1035.81165890875,1030.77640640442,1027.68316139628,1025.30483272049,1030.77640640442,1031.46709911195,1004.05428140116,1001.24921972504,1006.99043245956,995.132033134527,986.312078006148,1002.46107943033,987.447235479593,1012.42283656583,1006.408809779,1012.9240302569,998.052694458503,990.505573967854,999.495835287619,982.416701799641,985.075818872745,984.02799071981,972.365214493102,972.753822917186,941.059896176244,945.011538687637,925.337776166087,936.907503729249,925.261665194056,930.808196203103,925.185302150498,926.576834649059,919.850433192292,925.333553964011,937.083240699566,940.976679472526,925.063077385692,903.2882472374,886.654465250892,886.654465250892,867.827747885489,850.367567584747,824.80972840534,830.953725953048,814.324873745117,806.079893701086,800.390529679106,795.166825209074,NA,NA,NA,NA
NA,NA,NA,933.370009731807,979.780162418433,995.230716874575,1027.69458922671,1052.4066169623,1062.12859882921,1053.10486740159,1061.08681113073,1051.1674964514,1076.88219760154,1069.66433864001,1095.47245797216,1063.58767460824,1079.03113218031,1064.44672126397,1089.01799075611,1087.06107543949,1085.38584585233,1109.52889098888,1105.10180526502,1107.15637120079,1118.97803554804,1114.95515604889,1109.61705105861,1108.31655166911,1113.83347049727,1112.43751252165,1110.44050160896,1104.52539003265,1097.14102361364,1084.04842424387,1078.24261015154,1063.60236930913,1053.84711064482,1041.22786498228,1035.91746775503,1033.50133042972,1012.70053322155,1011.10229075107,1002.51442173684,1015.09678510223,1005.60149673164,996.177099305352,1000.15180395662,968.945618788013,989.002022242624,989.002022242624,995.143975879042,985.123551916646,995.615387586994,977.880360780397,977.880360780397,974.983963808844,976.281209488332,976.144789049808,973.255393558013,937.083240699566,937.070728457602,937.083240699566,931.734695636897,926.65294562109,941.010003928942,928.031349739785,950.031050015978,925.337776166087,923.43915343626,921.954445729289,911.18404981009,925,917.196816392207,910.013736160065,903.465549979633,890.163174600493,892.328414878737,884.228053263389,851.856166032844,834.392529999599,814.03171303861,803.50793399941,801.56097709407,798.719394525273,789.303174167046,761.93105237402,NA,NA,NA
NA,NA,NA,939.747306460625,989.759359700123,1007.78221853732,1050.70855928883,1043.13230225125,1074.7252710101,1079.64114408446,1081.33170001513,1082.7312390478,1081.33170001513,1093.05055434848,1095.70170276019,1093.37055256708,1126.72443791785,1103.25896992903,1109.60849639656,1086.48938418665,1099.26421899874,1100.23430617305,1109.61705105861,1108.17892543916,1122.96329192584,1106.79718105893,1109.98950775876,1109.89156937742,1116.35567808831,1118.03398874989,1113.72806001131,1107.24153261857,1098.23003727984,1084.42786182195,1067.83813089865,1061.19237298815,1055.03257421443,1053.61990402747,1047.82745291896,1035.91746775503,1011.1680127627,989.002022242624,1001.18664125671,1007.7550566563,1004.98756211209,979.252754218821,984.71064469463,958.630692502571,974.895609798685,983.893700270514,986.431352780747,986.011131950565,984.552358834134,985.203024761902,984.861971492813,980.058928485252,973.058753476071,959.473087425342,933.281792613716,919.918474648705,933.980700812925,919.918474648705,927.563630051995,933.273430743069,922.101884110082,915.328953103899,929.948519612847,909.910481421055,925.337776166087,919.238815542512,905.706717296883,901.387818865997,901.292277233118,897.53131012321,903.097946227629,905.430559065386,883.661389571105,871.994377011434,855.843874191014,849.042448276287,826.409523926554,803.50793399941,784.56789259379,785.015923405379,784.81185508855,770.146090037468,NA,NA,NA
NA,NA,901.292277233118,944.339616139351,964.477569160281,1027.97222489141,1052.58553066398,1032.59382140317,1089.07806022313,1095.70220131973,1096.39974586223,1101.8270894651,1103.65511241402,1102.51840165293,1099.88349810777,1094.19380721125,1136.54021738894,1127.49722837797,1129.18557378401,1132.5225553407,1113.83347049727,1103.02304881508,1120.43496586892,1109.61705105861,1103.68700273221,1106.65564596439,1099.14739684903,1123.59634320093,1113.83347049727,1107.07949127423,1107.3617295175,1109.61705105861,1089.98995727233,1085.32815688248,1070.70368467801,1050.29757688,1050.05846032862,1032.59382140317,1051.48704224065,1030.76503252689,1020.11028815516,1004.98756211209,980.114789195633,999.976540486048,990.580637807947,976.281209488332,965.571237652731,953.569185723887,965.012953280939,965.983954318083,976.348021453373,983.933432707721,979.95484708343,980.01894970295,973.717104707522,977.840193087568,957.160465273165,930.053761886914,921.954445729289,905.818772227043,919.187765563754,915.491671180028,909.979370062796,917.681381249935,916.821931797998,935.838963950953,940.102213904668,928.084088627565,906.228448019593,915.491671180028,908.283794737578,915.191018150018,902.400712783895,903.413606701792,895.125689498408,892.328414878737,886.124245527038,860.559306459615,834.415963413932,831.038506929733,825.378700960959,790.569415042095,794.000600250402,775.403120963541,774.919186300541,765.029985109505,751.664818918645,NA,NA
NA,NA,902.945913985355,953.569185723887,990.456994417305,1032.50666392647,1051.09780287851,1036.04135957427,1095.70220131973,1109.72607350456,1095.90122300935,1096.57135749472,1103.49521543488,1124.48840254297,1122.82336221672,1117.11110662327,1130.6792474177,1129.21700890347,1127.49722837797,1125.23605622318,1131.92314226718,1113.45565284326,1117.97102491023,1116.6284375929,1109.61705105861,1117.16716271777,1110.37353373666,1117.99550334113,1114.82170342413,1104.78710409556,1106.79576274338,1101.05050584546,1093.19485156728,1081.37491627201,1060.80378290153,1040.43260233424,1038.44371775043,1037.09327668759,1037.82566433716,1030.77640640442,1017.96365357512,1007.71235212669,980.270198521497,986.470982847443,979.95484708343,962.683990477108,948.269304302008,964.371133307593,956.882960450232,964.741451790715,958.18839483684,965.983954318083,958.114901434097,961.724442980483,963.823894310394,965.012953280939,945.05290857179,920.562685258566,912.354363460116,903.076299045837,901.734439843572,897.566153550812,921.883092517707,930.053761886914,943.261029973057,951.336716591614,929.995617610291,941.816200994612,918.662155565118,910.013736160065,917.055452095704,910.013736160065,903.465549979633,897.566153550812,901.387818865997,887.764045228235,873.212459828649,866.746791167986,855.752317927813,831.986702633295,811.142826544374,801.56097709407,794.329600795918,776.374732042184,776.596127008117,769.870220849893,751.664818918645,NA,NA
NA,NA,919.918474648705,956.806161585885,1015.01165504547,1029.58532565106,1063.97960494989,1060.40110690733,1085.16156708151,1109.88301471537,1113.6646210167,1106.99112843336,1096.16199832585,1101.13577727726,1129.28373547036,1131.08629615617,1142.54015058075,1142.61896583421,1141.20268436689,1123.05387226081,1114.9271139101,1111.96115171627,1113.83347049727,1118.03398874989,1107.21708241782,1099.53784176798,1114.95515604889,1117.19514857522,1120.46295172636,1098.29413182444,1100.33112147112,1095.57662270666,1089.1510455396,1070.04672795163,1054.89557093328,1043.99109065262,1040.43260233424,1027.74023955472,1027.35730448,1013.03997946774,1007.78221853732,1006.19951418083,982.908528232594,989.145894240306,965.846071350504,951.844049859943,928.460319031635,927.862952790007,943.273565849423,955.232296124007,955.166733214786,943.39811320566,929.935862243893,950.328890437411,963.261490291093,950.328890437411,951.971638232989,918.872725002568,905.883546599672,894.374721596887,884.590300647707,887.764045228235,908.45781043423,922.293337284836,930.297127411879,943.373256406732,927.664101703765,933.332284333891,913.847558705,916.851111404451,904.298817106528,903.119593409422,896.146248273038,901.309618040787,899.694101130706,883.652459176775,859.142013871979,855.862138431184,853.302408293801,824.961981907358,800.351448072966,784.617741323761,784.81185508855,776.58102566578,775.403120963541,776.611228350453,755.710882413108,NA,NA
NA,NA,921.954445729289,975.517023877488,1017.44287799662,1035.89483299176,1039.76400986628,1064.39522569954,1088.97112566159,1087.79727555312,1082.06923152778,1089.1510455396,1113.6646210167,1098.29413182444,1126.7778299327,1129.43569980765,1131.86787252974,1138.44040848877,1131.92314226718,1130.50384699598,1116.94225714269,1124.74887890122,1130.59986622093,1114.95515604889,1098.29413182444,1104.51487424406,1109.61705105861,1116.01965818298,1122.85140435551,1114.95515604889,1100.23430617305,1098.29413182444,1079.51057272917,1063.01458127346,1065.87688779157,1044.32992871027,1027.70220325557,1030.66246593402,1020.11028815516,1006.54110695987,1006.408809779,1002.62480272462,990.414457680442,977.922782082075,954.528591692618,951.955219265214,937.05395910815,938.416218956173,938.8112035059,945.05290857179,939.67703346719,943.373256406732,933.984900080544,927.993429814002,939.113902128445,936.082261342453,915.328953103899,896.146248273038,890.163174600493,886.62795404354,874.955311495716,874.642784226795,890.224690738243,908.714793286075,917.528887323973,929.045208803102,919.238815542512,910.013736160065,905.77115340633,901.2006935226,894.216567658255,894.322128493374,883.883476483184,894.374721596887,902.945913985355,875.222717313204,855.862138431184,850,828.402076289045,826.513762740827,806.952156824118,800.356308141582,778.620575119872,775.929890925584,753.740671584067,753.740671584067,755.759069108862,NA,NA
NA,874.580169049266,921.954445729289,970.58156263913,976.177624664025,1025,1039.50808060974,1033.0083612207,1058.07080467577,1064.44301556516,1081.52780213576,1115.66293151462,1102.51840165293,1107.00166597157,1117.19514857522,1129.43569980765,1127.49722837797,1127.49722837797,1116.07571427749,1122.91124678234,1117.13914876206,1110.91887785187,1122.21741247906,1110.18016555873,1107.07949127423,1102.51840165293,1109.88301471537,1114.95515604889,1109.49002732511,1102.48288108477,1106.71942660076,1093.44638643145,1078.48273050615,1060.95064579367,1073.3628930576,1043.13230225125,1030.65485190516,1027.69458922671,1008.38651622151,1004.05428140116,997.593725213315,999.976540486048,976.281209488332,988.930825340704,964.493916363024,938.382894499758,941.076511235936,933.407735129724,941.408519188137,930.330849705597,933.298671971558,935.652660586179,919.238815542512,903.465549979633,919.238815542512,930.028548059818,909.498342147479,905.339204807168,883.768271314941,855.131568824354,851.46931829632,861.951399879001,877.852493303972,910.013736160065,909.910481421055,915.260090601017,903.617240517894,887.73762891124,886.70739254841,905.460726384061,892.525995179077,892.275821775225,894.374721596887,887.764045228235,883.874635879945,864.837900249517,855.108704317722,857.03488359506,849.915593038327,830.972596163716,806.225774829855,800.380766437128,789.32310858149,763.114237283956,750.290777162155,740.312387007709,735.696948478108,731.864058415222,NA
NA,860.958767886128,901.725774319132,955.963455304793,1012.80355387816,1019.6153410114,1025.76146834127,1015.19702521235,1034.83028128249,1044.2999880488,1090.01146782958,1106.92797297531,1113.79132231263,1113.73509894256,1113.66814899474,1115.8508087024,1125.34277072866,1131.89550739846,1120.5187141735,1116.21219663526,1108.18592386135,1107.030049124,1105.10180526502,1117.19514857522,1113.17820233033,1109.95405585169,1113.83347049727,1109.54655430862,1103.55218095951,1101.8270894651,1093.39632671184,1096.39974586223,1084.36265725551,1075.7746127335,1060.80707453626,1047.0121168487,1030.77640640442,1020.41658159793,1025.84550587371,1004.05428140116,1007.78221853732,989.775260383809,982.344135219425,972.753822917186,971.611606473444,955.166733214786,938.356948274154,939.580229417893,933.407735129724,928.800048971588,917.741397334552,916.856041044612,915.251468065519,893.889695483353,887.720000530866,897.461460193549,889.989175432855,895.090723565662,886.579192062658,862.046982478333,853.274797541424,867.827747885489,881.539526508407,897.53131012321,901.213803169345,901.187583875854,884.766054843541,886.698578358223,892.84029201474,886.002257333467,883.883476483184,877.736492467089,883.768271314941,874.642784226795,863.495801958527,855.862138431184,855.44199249442,855.752317927813,833.269944207221,828.354868450339,822.255447195054,806.976388201283,794.512429103535,775.362735208672,755.759069108862,743.271879031347,750.411344102804,735.272058492637,NA
NA,878.962057788812,922.293337284836,956.760177394801,1013.15608279257,1006.39319940611,1015.72615552138,1019.80390271856,1017.44287799662,1055.04739230046,1096.01834322346,1104.86751888441,1116.89281499246,1114.95515604889,1113.78780418554,1125,1127.16240365623,1129.97349026852,1133.85404704486,1122.99119399306,1110.18016555873,1110.18016555873,1109.82813038281,1110.18016555873,1126.11056295552,1110.18016555873,1120.28757715095,1098.2549694044,1105.10180526502,1105.0664352017,1102.55385356,1085.32093518799,1075.10840362494,1060.95475869615,1050.93313827538,1050.27525228527,1040.20334373073,1034.67014806339,1020.11028815516,1005.60926805594,991.526600752597,989.862530890823,977.880360780397,973.223422789975,970.484019297541,970.679105980719,957.184975613499,948.542833346848,934.060350876377,921.954445729289,908.501104797815,901.387818865997,902.409702206924,890.01993350173,884.572630043594,899.429215391965,898.676839180099,882.594342257101,874.607026116841,851.46931829632,855.040012561153,853.302408293801,883.494426045325,892.319410277706,896.869284998779,880.553353998166,879.275269753449,879.275269753449,883.883476483184,876.382791574878,887.675866311665,880.695747690427,884.916382147697,880.624666330766,870.494688989432,870.523539953278,860.440765476109,850.367567584747,831.038506929733,820.060973342836,825.378700960959,818.859566533425,805.062109405231,756.960435876882,753.740671584067,738.653755581632,738.24115301167,735.696948478108,NA
NA,893.194015212112,927.815641060504,975.983885751365,982.344135219425,1012.27579332568,1006.39319940611,1000.59746044092,1025.89137077331,1079.23534562996,1073.83657974573,1115.47273842104,1117.0197739998,1127.91952130226,1125,1145.09824905988,1129.66733039683,1130.5419054595,1130.47964325471,1107.07949127423,1123.50911622614,1116.33817156281,1103.6586740029,1103.79598001619,1106.96635033137,1125.27774349269,1125.86669083384,1107.07949127423,1110.18016555873,1110.18016555873,1098.23003727984,1085.3353766494,1080.51919823729,1054.75115548645,1049.0525630436,1054.43070907951,1039.593960508,1030.76123900059,1026.21878758869,1017.82513314988,1000,990.580637807947,988.930825340704,977.840381998096,976.281209488332,985.111491462133,975,952.955927627296,941.034966240107,927.00771072219,928.035559663529,906.150726654339,892.328414878737,883.843629873275,883.661389571105,883.458999737035,887.764045228235,876.427407147905,855.862138431184,853.302408293801,849.963203435596,850.367567584747,865.044438711133,903.348414171551,887.702329960424,885.79851323273,883.529852353615,887.750837069737,879.146043757471,885.869594592391,896.172416446746,887.764045228235,883.697074749802,861.892361377155,877.865172402724,866.660855129567,859.014388892448,860.794808052269,831.038506929733,831.038506929733,824.990443344278,816.241385865725,800.390529679106,785.005968853339,764.486810750322,749.166203188585,749.979155079715,728.395192998496,NA
NA,894.427190999916,896.172416446746,951.852040770683,984.931912951698,984.63863567512,989.925806875703,1007.14626645437,1030.6814840836,1058.9313969248,1085.2992430533,1085.35702440005,1116.07571427749,1110.45457947147,1127.86380037492,1130.11675970588,1123.58938586051,1118.03398874989,1129.32480731246,1110.46161572564,1110.46161572564,1114.83578128663,1123.50576286595,1123.61025271221,1110.46161572564,1110.44050160896,1124.9826281589,1123.23574210482,1105.08766267636,1107.01590653534,1093.36051346641,1077.53322786054,1063.30112794085,1068.00046816469,1048.61760325791,1044.31117560821,1027.74023955472,1027.58010633562,1028.62161503476,1028.65203057205,1007.78221853732,996.242942258564,998.123238883857,995.615387586994,995.615387586994,982.344135219425,976.281209488332,965.320325632918,955.232296124007,934.07708461347,927.698765763974,917.038397472397,900.242786797913,883.883476483184,887.73762891124,892.328414878737,887.764045228235,883.883476483184,875.262953474141,860.936058460951,855.862138431184,862.046982478333,874.99106960567,878.199505757301,883.803783263365,875.35707000058,897.509494805125,897.566153550812,890.163174600493,892.328414878737,887.764045228235,890.163174600493,883.803783263365,885.145753759659,876.212415666345,873.212459828649,862.019777113528,867.755578869811,839.790471473301,831.399190136061,828.126752787158,807.735997414168,778.620575119872,782.593821831913,764.771036627605,751.11282928491,752.080447824566,733.644219141697,NA
NA,858.37454376006,885.718270505801,941.026642522747,934.07708461347,972.432516938836,983.742127127237,998.030099445102,1036.35886766771,1033.87057827912,1089.33275386959,1099.14739684903,1104.24852250686,1113.74904575699,1119.43065886191,1131.61083018205,1132.8644583463,1122.69195564972,1121.63329963385,1122.7163087706,1113.74213787381,1107.35467356142,1110.1097046577,1118.03398874989,1115.79692677614,1107.3617295175,1107.29108882254,1102.49710857683,1106.65564596439,1102.46869214222,1091.85143798989,1081.80944822118,1064.46141596486,1063.49933520193,1052.08110290601,1039.73761801115,1020.1064583372,1025.68087925815,1020.21673797213,1035.52994560111,1024.87775720388,1010.3453769909,1012.42283656583,1012.42283656583,1006.4789363209,1000.31245118713,990.580637807947,983.428981076851,965.660395791398,956.842102907155,939.414711402797,923.535928562559,905.434746440048,886.636794646779,893.294513617181,893.378419260282,897.566153550812,892.328414878737,873.212459828649,851.441774528531,858.950196482588,845.797932410335,853.302408293801,860.232526704263,883.405703082992,889.650916690349,904.3849556796,905.675547732521,903.270924512734,883.883476483184,874.580169049266,892.328414878737,883.282671141409,878.203954634908,880.660235742002,875,860.885927897856,850.367567584747,848.921246592658,826.48538619633,803.50793399941,794.275016461081,776.611228350453,765.235836786611,752.080447824566,752.080447824566,750.416550990182,738.664335134708,NA
NA,838.253535969919,872.075381611137,905.324704243521,929.851278982973,964.630713559022,972.753822917186,989.002022242624,998.048652665108,1039.82395832686,1068.00046816469,1089.46119283796,1099.06197067882,1110.44754054022,1122.73906584743,1139.86621902023,1134.92150774646,1139.74738627818,1119.43065886191,1127.97513183615,1107.07949127423,1117.760126313,1109.5853315613,1113.83347049727,1108.59106998792,1107.07949127423,1110.16608769622,1107.07949127423,1101.13577727726,1100,1086.56569060504,1077.0329614269,1068.00046816469,1061.24926383956,1055.04739230046,1049.28520628322,1041.91829440394,1011.4964162072,1025.91422643416,1032.59382140317,1030.75365864936,1025.29721190248,1021.33491079077,1030.63961706232,1027.67173356586,1025.30483272049,1013.03997946774,998.123238883857,982.160531838939,960.468635614927,952.931320392438,925.337776166087,909.485457297164,890.101480444551,887.764045228235,883.529852353615,887.750837069737,867.827747885489,869.603873938044,849.181433278433,848.67430578006,853.118503481066,850.179189197564,878.208403512515,889.990801668113,890.119129903123,901.020808208058,905.478040803634,903.411282653023,883.803783263365,880.695747690427,883.396816132587,883.803783263365,892.328414878737,875.35707000058,876.400648719222,866.304863871259,858.502832980669,849.033149904337,833.993165048985,814.14176739095,781.424980404389,776.515312779205,764.852927038918,766.893082508898,749.758866118701,749.082590471591,743.884141864228,NA
NA,850.367567584747,877.740942988278,903.392360792766,928.944078583025,951.930569538099,980.433577556379,975,1007.31271362995,1040.80253654529,1050.7325366657,1097.8167736476,1114.75120667414,1110.44050160896,1129.55861156139,1141.20268436689,1140.39800210746,1123.05387226081,1114.82170342413,1119.43065886191,1129.54589075678,1116.04770032177,1109.61705105861,1117.00538886009,1113.78076525429,1109.61705105861,1103.68700273221,1104.53610171873,1104.53610171873,1102.55385356,1081.91942839686,1076.16216250154,1060.80378290153,1054.90632232022,1049.40459309077,1039.78278903678,1035.91746775503,1026.21878758869,1027.74023955472,1027.74023955472,1032.59382140317,1035.91746775503,1037.12342563458,1044.32992871027,1051.48704224065,1044.32992871027,1030.77640640442,1015.01165504547,1001.02978078351,976.184992174594,954.913225362923,926.350365682445,901.257433805516,901.387818865997,883.529852353615,890.224690738243,884.572630043594,867.633313960328,860.813080101012,850.367567584747,853.118503481066,853.219848086455,861.334452594626,880.695747690427,899.650056433337,885.94928781221,903.041603574187,904.307406429789,903.119593409422,886.70739254841,879.275269753449,880.589039176864,881.486201122958,879.51369316085,875.24073670965,869.229793243471,872.874330090136,853.302408293801,852.783380343139,824.305992130196,806.211229012047,789.842085084885,776.601166012017,776.611228350453,759.111322534449,745.821694508815,743.176880257069,728.010988928052,NA
NA,850,883.42348778861,887.73762891124,939.047031784815,941.977189621477,966.367734424048,976.217106868812,1005.49534427607,1027.58010633562,1035.8570643219,1091.14892630809,1091.44399764715,1101.06473614094,1123.61025271221,1129.43569980765,1137.69514748032,1133.86454931953,1130.5419054595,1115.85010333177,1122.96329192584,1116.07571427749,1112.21937724137,1099.14739684903,1099.14739684903,1092.01648339208,1091.94484744577,1085.41466730462,1084.49290924723,1080.90956887742,1079.6339069135,1073.71261316012,1057.38471279249,1054.75115548645,1047.81902155633,1050.27525228527,1035.91746775503,1034.16866362473,1020.11028815516,1029.22037089395,1037.02901342071,1040.71038488317,1044.32992871027,1063.60236930913,1075.28339192082,1015.19702521235,1019.61534223096,1021.31195256095,1007.59547435356,974.935812923471,948.459874726652,924.796401026115,906.051686041883,894.941648391653,875,874.977655747858,873.14515092936,883.316606044774,861.82836812372,860.958767886128,861.805454498752,849.731744330132,850.358378395129,876.368246233544,865.431161870421,901.361802276059,900.347155268455,899.917230240753,879.248598097425,879.20407318831,885.966958416323,875.325798998423,883.883476483184,885.775253746397,871.858691894633,880.481808426307,855.79814517775,855.117836437807,849.116687625614,845.573523063064,818.91696770796,805.062109405231,800.243577164717,776.404950412509,763.165614833016,755.738316311868,735.272058492637,735.272058492637,NA
781.024967590665,845.807230782285,858.310201192984,887.73762891124,918.541391188299,942.195672332662,969.588041388009,989.002022242624,1003.7304258261,1044.04676553886,1046.74202677326,1086.32737237558,1085.83145308307,1110.16608769622,1119.37471507674,1123.61025271221,1123.61025271221,1123.61025271221,1114.75120667414,1114.95515604889,1106.79718105893,1099.14739684903,1098.96912401261,1092.01648339208,1088.63305264726,1073.83657974573,1068.8779163216,1064.48344280219,1064.46141596486,1075.29065838033,1063.60236930913,1052.67516357136,1050.29757688,1051.18980208143,1052.67516357136,1035.91746775503,1030.77640640442,1027.74023955472,1017.95981567858,1029.5630140987,1035.01207722422,1049.34496775271,1051.48704224065,1075.29065838033,1088.86259697892,1075.14169596041,1051.44986618464,1027.74023955472,1004.05428140116,970.679105980719,949.745527466481,880.633564085979,899.904310411169,896.172416446746,880.695747690427,878.038717368315,874.593546153503,861.874097136984,874.642784226795,883.529852353615,858.328481050299,838.26297322546,849.437946144465,862.046982478333,873.113791911044,883.883476483184,885.997794921524,887.85850712675,876.427407147905,866.746791167986,875.174071625283,874.10176471716,880.633564085979,882.015190109283,866.410681596131,855.862138431184,859.142013871979,855.752317927813,853.302408293801,838.525491562421,818.792569260386,807.590116285399,794.512429103535,798.987446640625,775.883938345768,763.186142538255,758.716125405236,743.303437365925,700.446286306095
NA,854.327098125867,876.102985534649,895.598417531294,905.706717296883,910.013736160065,936.99135306032,997.895208467826,1012.42283656583,1030.70050223317,1059.91307764544,1063.2697494984,1086.47927211795,1110.38406103654,1114.82874235538,1119.43065886191,1114.95515604889,1109.61705105861,1109.61705105861,1092.01648339208,1109.61705105861,1103.68700273221,1098.2727753013,1092.01648339208,1085.41466730462,1085.41466730462,1073.83657974573,1053.8619454179,1053.77283620445,1069.33785015326,1060.57902496352,1051.18980208143,1054.69925568857,1050.98836458568,1030.77640640442,1029.8664962023,1032.59382140317,1019.80390271856,1020.11028815516,1027.67173356586,1030.77640640442,1047.0195795686,1053.8619454179,1067.97484081596,1075,1063.60236930913,1044.03065089106,1027.67935438387,1000.21071346391,970.69529204348,908.896837276863,850.807585338912,851.798302430411,886.346010750752,884.492936823775,873.12280724659,868.704569607637,860.232526704263,866.583934556393,871.403027259982,856.061282345371,840.237544391464,838.525491562421,858.346745290469,883.883476483184,880.695747690427,882.187581872448,886.503747170179,875.35707000058,875,875.35707000058,875.695860984604,880.633564085979,880.695747690427,873.059822338479,864.61954919619,849.759670392464,853.302408293801,831.038506929733,826.256194448003,824.478521188143,816.964171050229,788.901755688475,794.413853751999,776.555003649396,768.48886617209,759.111322534449,745.790216294529,NA
NA,827.613036841521,877.691666176059,880.676596766955,925,926.972039291512,975.804416399969,985.195093647344,1007.78221853732,1040.71789594792,1044.03065089106,1062.11388784324,1073.6906769562,1096.30633640635,1104.88890038272,1107.07243351884,1096.58560997307,1095.50123355467,1109.61705105861,1109.38372613797,1100.28405423327,1099.11889198123,1083.10895112172,1083.07286190966,1082.23943121221,1075.29065838033,1057.35512645715,1050.29757688,1051.02578504912,1044.21747342137,1054.75115548645,1046.80382759576,1044.32992871027,1040.71038488317,1035.39299871247,1027.70220325557,1025.18262644243,1011.4964162072,1015.19702521235,1027.74023955472,1040.43260233424,1051.45730560664,1059.27372494737,1054.98808658223,1051.48704224065,1050.29757688,1030.77640640442,1015.14309906873,1000.73786607304,965.959679292154,918.451946284655,874.10927482847,894.400971706425,880.695747690427,870.676803817973,874.981952895842,877.150859089174,853.256581043864,863.495801958527,854.400374531753,845.797932410335,826.48538619633,831.038506929733,850.367567584747,878.208403512515,883.768271314941,878.137120174716,887.667031009609,885.975772572839,880.695747690427,879.261933925437,878.508223162385,876.400648719222,879.261933925437,874.257957287465,872.887961500539,855.752317927813,849.475298683703,831.038506929733,830.878072384578,807.755368532882,809.639084098666,784.966100024452,789.382670192347,770.146090037468,766.893082508898,752.080447824566,742.367175618096,NA
NA,801.924744935715,860.958767886128,893.211643592485,906.228448019593,956.719108699911,961.963792499831,972.753822917186,1011.09154234876,1044.32992871027,1039.76400986628,1051.47961123667,1084.48568948032,1084.55059817419,1089.04683521959,1085.39306557636,1084.49290924723,1098.1117819948,1100.28405423327,1096.58560997307,1100.09540068218,1096.33511198886,1079.64114408446,1079.61579357231,1077.59859957047,1077.0329614269,1064.47242938353,1052.67516357136,1039.76400986628,1039.83171715427,1044.32992871027,1049.40459309077,1054.89557093328,1053.61616305473,1044.61415904137,1029.5630140987,1026.06607510285,1011.4964162072,1025.91422643416,1035.01207722422,1045.64894640606,1053.79514183449,1052.61572390408,1040.72164985405,1034.97430855436,1030.77640640442,1017.80629981721,1006.54110695987,986.343929685954,957.991907226854,866.489714865466,866.633578521923,885.260135564982,878.208403512515,869.436872194605,872.075381611137,867.464614395697,855.113288967038,840.265614014952,840.196199073601,838.818275534863,824.621125123532,837.944146951834,862.028419536365,876.382791574878,878.137120174716,897.548731837011,903.119593409422,887.764045228235,887.73762891124,889.997722944173,873.212459828649,872.624023221805,867.796216234929,867.827747885489,873.149741792018,873.949691530497,851.46931829632,845.732595128727,831.038506929733,827.405939051086,811.871054626093,785.015923405379,764.852927038918,780.620666576872,776.198664639883,752.080447824566,752.080447824566,NA
NA,818.883522934932,880.660207010596,880.660235742002,903.413606701792,964.645851709851,961.769203083567,988.779841416449,1029.32669595011,1044.03065089106,1037.07814944452,1039.77147165515,1062.1322893124,1073.83657974573,1075.2470301128,1073.82930344406,1093.44638643145,1095.73035004056,1084.55059817419,1108.58213955705,1095.47245797216,1106.9096053482,1087.27205555798,1076.88763280708,1075,1075.29065838033,1075.29065838033,1059.42933737353,1039.83171715427,1044.32992871027,1059.04231237555,1053.83227587174,1051.48704224065,1044.62912078881,1039.83171715427,1029.81333978611,1034.83028128249,1025.90660901274,1030.77640640442,1040.57900467345,1040.72540701267,1041.87317578906,1040.41758020474,1026.18831789897,1029.61921868688,1012.42283656583,1001.23360935215,990.580637807947,976.281209488332,956.882960450232,908.570203627571,903.461225522505,883.843629873275,880.695747690427,874.580169049266,863.495801958527,861.855817279669,840.265480078988,845.657959475169,838.520832051791,830.759211086284,839.902977508893,853.256581043864,867.827747885489,875.303454746282,877.81686615007,897.224086624121,905.814447769916,873.212459828649,883.883476483184,884.117268241346,866.706153802868,873.12280724659,871.352099288187,874.865658913658,858.470828545379,863.286696130173,855.099259854751,851.46931829632,838.15273071201,835.53874835342,831.038506929733,800.322086604058,789.382670192347,782.5237116998,776.097702743218,763.181014761755,738.664335134708,NA
NA,794.11900871343,844.882626420543,872.13817712562,904.674548289652,951.666029938679,988.871311186325,1007.78221853732,1030.65485190516,1033.40287252144,1029.85890914971,1029.5174447351,1044.32992871027,1063.46233696386,1068.81197198394,1085.35702440005,1073.40690119133,1082.21051738303,1082.45573665429,1101.97751718124,1104.53610171873,1097.4171636875,1083.02225594579,1098.46970251898,1095.73035004056,1084.47846778582,1078.36657673714,1063.60236930913,1053.77283620445,1054.78693551267,1050.83814267026,1054.95838354896,1059.1395886498,1053.8619454179,1051.47961123667,1044.32992871027,1035.01207722422,1030.77640640442,1039.83171715427,1036.58739395794,1035.79644807368,1036.48273745804,1027.74023955472,1030.25692100964,1015.07357732876,1005.60926805594,986.154146165801,982.320253248637,980.114789195633,955.24865872714,930.178821857241,905.538513813742,883.803783263365,883.883476483184,863.459581471522,867.791708502306,850.367567584747,831.038506929733,826.582679840332,824.507121329015,816.183876964207,831.038506929733,847.237176604144,866.304863871259,876.387220306415,901.187583875854,901.699757729194,887.764045228235,879.967752747726,880.611301631421,887.764045228235,875.878859359901,877.81686615007,877.457338383469,875.573278236927,872.075381611137,850.367567584747,855.113288967038,863.414220077171,854.400374531753,838.357101738324,806.225774829855,806.225774829855,809.434750245043,784.986034438895,771.767452021657,756.109571200138,737.693310163746,NA
NA,794.384185130755,827.958606655885,870.487319466273,894.374721596887,930.178821857241,986.122437016146,1000.56226566133,1020.41275292989,1025.09131322122,1041.93329920874,1039.83171715427,1041.88075965737,1041.93329920874,1064.46141596486,1068.31827166979,1076.16216250154,1077.85816602322,1079.57230630252,1088.86259697892,1094.8136823837,1102.50775511488,1097.72492000501,1089.1510455396,1079.58858938182,1089.10434081166,1082.24304109567,1068.8779163216,1057.78362229665,1061.24926383956,1061.08681113073,1059.48100502085,1063.60236930913,1051.48704224065,1053.07829744798,1041.93329920874,1035.01207722422,1030.77640640442,1026.21878758869,1030.77640640442,1030.50975344818,1025.91422643416,1032.5483860282,1019.6887307809,1017.65662185238,995.615387586994,976.404175880444,972.271302873317,965.983954318083,952.791395975048,928.035559663529,903.119593409422,896.137491481915,887.58733778979,874.284764914614,867.827747885489,860.863063391224,838.525491562421,818.850078161904,807.20957588163,806.196683194239,828.179248644953,849.759670392464,853.256581043864,874.580169049266,901.387818865997,893.378419260282,903.465549979633,883.441243762823,880.828167015075,883.42348778861,887.764045228235,885.94928781221,880.553353998166,878.083504920418,863.195139866972,849.898655394611,855.825594333699,863.106654016522,851.414195028241,839.179801696965,828.193548715389,817.389136213591,800.243577164717,769.228545414913,761.94647729593,749.166203188585,726.451316699341,NA
NA,796.615911814404,840.153107979359,854.327098125867,889.874334715421,908.944205615702,973.712997107781,1007.75119074788,1012.42283656583,1033.50133042972,1033.18569082384,1033.50133042972,1033.50133042972,1054.59510969495,1054.75115548645,1055.03998638011,1068.00046816469,1076.1330927171,1081.50601453273,1095.47245797216,1101.13577727726,1101.11448420116,1091.75770587326,1097.37029762918,1101.13577727726,1100.33869889823,1089.1510455396,1093.44638643145,1079.35165724615,1077.51299883112,1068.00046816469,1075.10840362494,1074.39954029057,1063.00355262395,1051.48704224065,1046.60137648381,1043.13230225125,1035.01207722422,1030.66246593402,1025.94324352928,1025.91422643416,1019.8446065961,1024.87775720388,1005.29064375972,995.615387586994,976.249158178572,965.636112623582,961.752945990209,961.769203083567,951.092103565185,927.00771072219,901.387818865997,883.741599658918,880.606852753815,863.034029801363,855.66950726252,850.312300687243,849.181433278433,828.02475808396,806.225774829855,818.725269439746,825.378700960959,839.828041056741,861.117073894122,862.033379795931,898.714925126131,903.465549979633,917.017239386404,887.764045228235,879.985508721938,892.214305637475,883.883476483184,875.793885087287,869.364247979446,877.81686615007,867.646916642731,854.400374531753,863.486752536604,864.307395635817,851.441774528531,851.145722627973,827.618930234305,803.283046377013,785.015923405379,778.003387734526,765.775867972221,741.99889437219,711.501486620882,NA
NA,763.216876123687,838.525491562421,850.367567584747,887.720000530866,887.764045228235,954.324839119005,991.36851135283,1011.18742080783,1026.21878758869,1015.12767049618,1026.21117355983,1029.8399179942,1046.66129222135,1047.0195795686,1051.47961123667,1053.8619454179,1074.99845115355,1075.14169596041,1095.47245797216,1100.28405423327,1105.00265456532,1114.89898679485,1104.45109360769,1104.39440399861,1105.10180526502,1096.50712938453,1085.27032922412,1085.41466730462,1085.41466730462,1083.43084350756,1073.83657974573,1073.54552767919,1077.71704118954,1063.01458127346,1061.09421705108,1054.95095254498,1044.2999880488,1044.25500816794,1013.77525353101,1010.19718758557,1002.80855600658,996.113209184106,1003.310449474,982.542604190331,982.28840156883,965.530601786986,973.523775947786,957.201322816242,937.058216215638,912.354363460116,900.347155268455,887.764045228235,885.180442345163,853.302408293801,850.330786953066,830.972596163716,838.525491562421,807.735997414168,825.378700960959,817.545732013815,831.038506929733,837.645926479005,860.232526704263,879.275269753449,886.002257333467,896.172416446746,916.672098572184,910.013736160065,903.465549979633,895.749987779414,883.741599658918,867.827747885489,872.965018670934,863.495801958527,872.969543381896,873.833201068821,858.236924787098,850.367567584747,851.404993896849,839.25156882577,816.078019644959,813.061913553032,782.818400196067,782.009401118151,772.172260574025,756.481778857805,725.071962083322,NA
NA,776.611228350453,844.4981574489,834.415963413932,859.060016985959,898.328008407223,949.972724710037,979.922732389213,1011.04796698904,1028.43848701163,1020.11028815516,1027.54949076973,1030.66246593402,1040.16465615465,1046.71390224863,1051.18980208143,1055.04739230046,1069.9076458229,1075.29065838033,1085.20149144218,1101.13577727726,1125,1104.53610171873,1113.6646210167,1110.17312662747,1104.03333785078,1098.29413182444,1092.01648339208,1095.6555740603,1091.44399764715,1079.64114408446,1073.54552767919,1076.15126870003,1076.16216250154,1074.93962351681,1063.01458127346,1061.23453653806,1050.29757688,1030.72329700861,1017.80197264092,1007.7667046426,1013.02455089519,995.207090341791,986.154146165801,990.580637807947,980.433577556379,973.592245467582,957.209485953832,955.24865872714,943.340049721883,927.171897748224,901.387818865997,897.566153550812,873.212459828649,843.35638967165,851.432585338912,827.986899342322,817.389136213591,818.105260308399,809.65843663596,824.507121329015,833.455193426301,843.35638967165,855.122428895696,869.436872194605,894.427190999916,895.935790849288,909.772071637775,901.387818865997,906.081415700814,886.002257333467,878.199476885969,873.212459828649,876.427407147905,863.133825081603,859.142013871979,860.926980446178,853.302408293801,851.46931829632,848.995915172883,826.48538619633,827.518507158615,818.453806757239,789.754638602904,781.604303456038,781.354870272276,763.216876123687,707.543062357774,NA
NA,NA,818.686711941138,845.573523063064,852.858316795291,877.585753632047,901.387818865997,979.120985556081,985.203024761902,999.953080972096,1000,1019.95618728494,1035.01207722422,1034.85307605792,1035.01207722422,1067.3775028433,1077.55504199431,1085.20512465768,1077.61310311262,1081.95425041912,1082.24304109567,1101.57125695328,1114.95515604889,1098.29413182444,1098.29413182444,1103.68700273221,1109.61705105861,1098.25141877816,1095.90122300935,1079.35165724615,1084.39890148249,1093.48864956106,1085.27032922412,1081.94702872462,1069.99557145696,1075.29065838033,1054.92864691495,1040.41758020474,1017.59513193638,1006.54110695987,1029.54023951053,1015.01165504547,986.154146165801,990.438266367239,995.450053453385,973.689006338035,970.82439194738,958.176158475802,952.955927627296,936.995372214408,925.24452880819,909.949237009675,887.764045228235,876.427407147905,836.41935838632,829.640128387675,832.68501696578,817.374789334242,816.078019644959,830.505212682367,828.137856370736,832.385831550746,824.621125123532,831.038506929733,853.242809159969,874.642784226795,880.695747690427,896.172416446746,901.309618040787,894.427190999916,896.137517041807,876.747095087648,883.874635879945,879.275269753449,873.212459828649,863.386957256363,859.142013871979,850.367567584747,849.460051907226,837.88064395452,825.245757770506,820.060973342836,818.91696770796,801.531715908696,780.671670463621,755.810822891549,761.183420184451,NA,NA
NA,NA,805.062109405231,828.402076289045,839.790471473301,900.358936561954,906.42897665775,941.408519188137,979.737243297766,986.384395980311,983.241300426188,999.882536546743,1020.05522665641,1030.65485190516,1050.20816422732,1074.98375645266,1081.80944822118,1082.38689887235,1093.12655835471,1100.52551937097,1101.3370921479,1104.33733942508,1102.83593949799,1114.92656434013,1102.55385356,1113.74213787381,1099.13673103622,1104.46874290785,1088.245507002,1088.91329800322,1085.32815688248,1095.50123355467,1097.69643725421,1076.16216250154,1081.6653826392,1065.68761486448,1053.07829744798,1033.50133042972,1017.96365357512,1013.03997946774,1017.65662185238,1005.35923378333,984.377835881663,989.002022242624,983.877768641569,983.742127127237,951.971638232989,945.05290857179,951.290229794907,929.790833287993,925.261539158293,900.242786797913,883.458999737035,867.827747885489,838.520832051791,816.19347306271,818.739640600762,822.191639562321,814.132951775051,808.154599591074,831.038506929733,831.038506929733,839.968327067858,830.897011780514,838.120055932528,873.131638970391,872.661889943347,880.544423603836,879.934374094804,887.73762891124,893.308239584881,875,879.275269753449,873.212459828649,867.68322875031,859.060016985959,851.44175666228,850.794137261631,831.038506929733,834.26561623581,826.513762740827,806.990934019091,811.113305638144,797.652806677191,787.513133201905,762.680128650457,755.784946000205,NA,NA
NA,NA,803.468966445406,838.450822982196,852.362949670092,874.384189189619,903.24762751541,925.295484535627,953.232596884517,976.015689145908,960.468635614927,995.513156645718,995.615387586994,1030.70050223317,1036.96475015382,1044.32992871027,1074.73708607005,1075.29065838033,1082.21051738303,1099.63672093641,1102.46869214222,1097.78811454165,1098.24429253898,1103.5948276639,1109.43690953226,1115.79041595065,1106.7441394652,1105.00265456532,1107.030049124,1096.30633640635,1095.73035004056,1102.43313022112,1102.55385356,1095.58737798528,1079.64114408446,1061.24926383956,1063.60236930913,1061.94776096675,1032.51805122056,1020.11028815516,1006.53334403275,995.297014666213,988.85147575073,982.916497941613,995.301461869719,981.834977350484,961.384339544913,937.083240699566,950.328890437411,926.325050944536,919.90148317105,909.901855601407,883.803783263365,864.895146048715,840.330963573916,827.571614293872,814.324873745117,819.994177414605,809.50220275614,818.859566533425,814.324873745117,831.038506929733,831.771113806814,832.503720683896,839.916767920998,843.277501136348,853.302408293801,864.338139214539,872.13817712562,881.495098878171,883.883476483184,870.676803817973,863.106654016522,859.142013871979,855.012468793363,850.25703378974,853.256581043864,850.367567584747,832.081106004177,826.323842865005,815.062453384596,811.249036979398,790.455109609124,790.405666060713,772.433023426353,775.975843505399,752.905364342992,NA,NA
NA,NA,778.286595573143,834.218408397104,835.510678729933,857.086660785071,907.276073845318,925.253192905167,940.844896735887,951.610399666503,975.160230078279,984.88578017961,992.47166206396,1008.86647234243,1027.74023955472,1057.97810642777,1060.66017177982,1060.66017177982,1081.37491627201,1085.30285293676,1097.72492000501,1098.29413182444,1096.30633640635,1098.13719061363,1099.14739684903,1110.13787825248,1114.9271139101,1117.83764317012,1109.89156937742,1109.553612064,1101.8270894651,1110.46161572564,1102.55385356,1105.10180526502,1093.50312973079,1073.40690119133,1076.52853740876,1060.7996686159,1029.62259100112,1017.96365357512,1009.44225464419,1010.79419590585,990.541172418814,988.966378166847,990.580637807947,965.983954318083,941.408519188137,951.314879522022,950.809560116159,926.350365682445,905.478040803634,880.589039176864,883.803783263365,852.483249491201,827.647267862342,815.072049483099,816.029719245837,807.662877874717,807.774721070176,806.980886122011,813.873729984346,827.481214432498,832.541290267336,832.466048823323,838.450822982196,840.340282595177,836.994785667808,853.229037276074,872.030416394617,874.539717217552,862.046982478333,874.363836643093,840.386815698581,850.279927860834,840.386815698581,848.822589154156,843.235617218919,834.35971054995,820.060973342836,812.748507402686,806.913302438973,813.620099363313,797.475721886313,776.404950412509,775.790818703109,765.261393250698,753.689705476318,NA,NA
NA,NA,NA,798.430664200882,828.354868450339,851.432585338912,899.428440871918,921.954445729289,938.089257886421,951.290229794907,974.498740488927,977.816363264801,990.31899159264,1004.9758961032,1024.95189742268,1043.13230225125,1061.15338972176,1044.2999880488,1069.79592321356,1093.37482088231,1098.2727753013,1103.68700273221,1105.99716234057,1101.13577727726,1122.27003551717,1110.46161572564,1116.34867899303,1109.61705105861,1110.18016555873,1110.46161572564,1119.43065886191,1107.3617295175,1110.17312662747,1106.06592719451,1096.58560997307,1081.95425041912,1069.88561898557,1054.72892523474,1030.76503252689,1007.71235212669,1004.05428140116,1012.90853544448,1007.61889356701,1003.42786374083,986.079818074941,975.248261576115,973.717104707522,958.057583156601,926.65294562109,930.356090934087,903.097946227629,879.420983799247,855.79814517775,831.038506929733,830.897011780514,813.777114640365,807.774721070176,807.000619578449,815.254375354662,804.974581097452,811.142826544374,809.016070272889,819.965483655909,828.02475808396,835.519829625737,828.02475808396,832.165848854662,853.210455887433,855.830141804467,866.629278800883,866.746791167986,863.495801958527,831.588086118136,838.883777732925,838.15273071201,832.165848854662,832.34328613874,825.245757770506,825.09275918206,818.686711941138,806.225774829855,803.444629484089,785.015923405379,790.569415042095,771.604800552383,750.416550990182,NA,NA,NA
NA,NA,NA,760.11789586528,814.041754412218,831.629618657595,892.927885528789,919.918474648705,926.350365682445,951.314879522022,973.879158101423,977.744164684358,989.759359700123,1007.75119074788,1019.63861072585,1035.66738672201,1044.32992871027,1036.91164075801,1065.91360932979,1093.29229818122,1085.37141209355,1105.08766267636,1109.38722459945,1115.65250634177,1106.79718105893,1116.35567808831,1123.61025271221,1131.82634914219,1119.39574210911,1129.36288171896,1118.7148654295,1107.030049124,1097.97214521144,1102.79343544248,1095.91817277177,1082.23582132875,1067.82432542798,1052.4740125018,1035.75860641362,1012.21362268671,996.242942258564,1007.14614885388,994.977528703462,977.880360780397,980.366514151305,977.880360780397,952.955927627296,944.583354470379,926.678260358999,925.261665194056,905.508277308688,877.99385233836,851.381913036217,827.633099048324,806.225774829855,805.923105676944,794.512429103535,792.491634397047,804.964746663012,816.241385865725,825.05910927174,813.139075490917,818.821323711145,817.302933553376,828.164948574517,832.165848854662,841.834483010452,840.340282595177,845.946215784432,855.003279603745,862.933768675172,827.647267862342,818.91696770796,813.941029804985,825.340769826071,825.378700960959,824.621125123532,818.91696770796,819.90797475439,813.835172485738,800.390529679106,800.390529679106,801.531715908696,781.024967590665,764.852927038918,727.768703594444,NA,NA,NA
NA,NA,NA,NA,813.631528487212,849.742845919153,885.138933857539,901.387818865997,903.119593409422,952.923089662422,955.24865872714,972.347865424493,982.980162566875,1006.74713712508,1011.18742080783,1015.19702521235,1027.74023955472,1048.02928790287,1065.92093137943,1079.30092697759,1085.41466730462,1109.46879985045,1099.14739684903,1106.69109787146,1114.82170342413,1123.40788227349,1127.29556414007,1129.70889460748,1118.03398874989,1129.18557378401,1119.43065886191,1110.18016555873,1101.13577727726,1100.25563779866,1091.44399764715,1081.60540586276,1075.29065838033,1054.75115548645,1034.94024700404,1013.02455089519,1006.54110695987,1016.49183039558,1004.42936503099,986.284147650957,979.737243297766,970.82439194738,951.314879522022,951.955219265214,939.26453699597,928.035559663529,906.21982384202,867.857282500391,831.038506929733,828.402076289045,813.086146831293,804.226626955744,794.265061909041,784.577872494874,784.617741323761,790.569415042095,806.225774829855,818.570596250392,812.343518946055,806.157828809094,812.18687065465,824.60213338458,840.382166512606,847.922435589521,843.272851950373,840.014880820572,838.492739826292,830.897011780514,816.241385865725,818.883522934932,822.272829178813,819.359868105891,820.060973342836,825.340769826071,812.970031140547,807.755368532882,809.834452159559,794.0444942376,783.165564797029,776.107822957027,738.419451427732,NA,NA,NA,NA
NA,NA,NA,NA,795.533801818237,824.37686704824,880.074907458946,901.734439843572,919.48118819815,936.999571482026,951.632752751068,982.360368373624,976.281209488332,990.580637807947,1015.19702521235,1027.70220325557,1031.72663830237,1052.15545770549,1055.04739230046,1075.29065838033,1092.01648339208,1109.14576065977,1122.60339770937,1114.84281754081,1123.55800778908,1119.43065886191,1119.43065886191,1129.70543644545,1129.43569980765,1132.73037757958,1116.18721241256,1110.18016555873,1101.13577727726,1097.41851437561,1082.66517223337,1081.78766061815,1075.28702515057,1049.85824821776,1046.95233829714,1029.40312513112,1019.80390271856,1002.15640514556,999.807151504592,977.816363264801,958.18839483684,954.553198927476,963.504690820218,951.569259856831,928.035559663529,925,880.695747690427,849.042448276287,827.434315595583,806.191801819474,804.974581097452,792.491634397047,803.50793399941,798.827265433523,790.539746420851,791.691635221375,794.413853751999,797.652806677191,807.000619578449,798.661570006789,809.590621344336,813.941029804985,820.060973342836,824.507121329015,832.028986597041,835.496587109686,832.522505475616,824.507121329015,819.965483655909,814.262348986989,807.774721070176,817.545732013815,816.078019644959,824.478521188143,815.072049483099,813.907379894665,809.706737035082,784.966100024452,778.620575119872,776.58102566578,743.060052893125,NA,NA,NA,NA
NA,NA,NA,NA,794.413853751999,818.91696770796,840.386815698581,867.710399815392,904.855261056211,938.307740597605,957.003742201064,978.566865690404,988.77669173491,1015.19702521235,1019.80390271856,1025,1035.89483299176,1055.04739230046,1057.35512645715,1081.46966256686,1092.01648339208,1099.14739684903,1097.56789694606,1116.45608699063,1123.61025271221,1131.61083018205,1129.7123527695,1138.52975367357,1119.43065886191,1123.61025271221,1122.97014483365,1124.94433426938,1106.79718105893,1099.14739684903,1079.64114408446,1085.41466730462,1073.63942225874,1054.55040336861,1051.18980208143,1026.21878758869,1043.09855600229,1027.24128902929,986.154146165801,976.269200121685,974.742226726969,971.945602206048,961.474973006478,955.166733214786,930.360276501009,921.835504995862,863.495801958527,850.25703378974,828.383206078377,806.196683194239,783.820364746026,794.512429103535,807.755359242172,800.351448072966,790.569415042095,800.145001813181,804.551000203194,806.007133114675,804.754946296244,784.577872494874,807.000619578449,800.145001813181,800.961122793901,807.755368532882,830.972596163716,818.878771920601,827.390814571124,822.258529108377,816.424308434204,806.913302438973,812.595033392191,806.060352898016,807.025659675846,813.854274677154,801.56097709407,797.652806677191,795.691523141977,789.852039636925,777.817459305202,756.960435876882,726.341852208693,NA,NA,NA,NA
NA,NA,NA,NA,NA,799.946361240252,848.808740557066,855.862138431184,877.384731318172,920.735896081773,944.953498638394,961.769203083567,990.446197481796,999.933468096517,1015.09678510223,1025,1033.43320732909,1040.43260233424,1056.97535430333,1084.49290924723,1099.11183492793,1106.79718105893,1114.86023821725,1123.61025271221,1132.65434614836,1129.7123527695,1123.61025271221,1132.67510784213,1131.7153200283,1123.44986722988,1116.20129027507,1106.75479666408,1117.19514857522,1095.75048975079,1077.0329614269,1058.07080467577,1068.67983738096,1043.13230225125,1060.66017177982,1040.73291482493,1052.67516357136,1021.79876078438,996.242942258564,982.912513087103,952.592434910518,939.747306460625,925.337776166087,941.22523332377,916.684983422499,905.538513813742,883.883476483184,849.181433278433,832.137665306539,807.663056849783,790.430577751177,794.512429103535,804.906238305938,805.062109405231,797.260935955099,806.225774829855,810.97757429689,796.456611888374,813.391192801059,797.221700634771,803.468966445406,803.835065990265,794.030268871646,810.780203637879,813.941029804985,828.405257209523,830.735468449189,830.953725953048,797.187305528933,791.883427661551,794.512429103535,795.691523141977,800.243577164717,806.225774829855,801.910264285254,813.17279836453,806.191801819474,785.015923405379,776.58102566578,760.345316287277,NA,NA,NA,NA,NA
NA,NA,NA,NA,NA,796.865037066331,831.705203040797,854.031248785114,879.452075601471,896.597302146811,944.765798389826,963.578955189129,982.676268301388,1011.10229075107,1005.48465647478,1007.12285288128,1036.93441534618,1041.54043641823,1060.66017177982,1075.14455476694,1085.41466730462,1091.29326438859,1100.17021162845,1101.57015958044,1107.07949127423,1123.59634320093,1127.94038815396,1123.55800778908,1112.16299420284,1099.05680800628,1110.05320655138,1120.54674155075,1096.56422847475,1103.59110908354,1085.26309205316,1068.37696944373,1054.97567348534,1060.51244637249,1057.41429912783,1071.56645850581,1042.95575815387,1044.61415904137,1025.23990091343,976.281209488332,974.80230251769,951.025690195487,937.058216215638,927.993429814002,933.019491439838,922.289101140391,896.172416446746,845.573523063064,834.331527001827,813.086146831293,795.691523141977,800.390529679106,806.981248459734,806.296979284112,805.062109405231,816.241385865725,811.123455425659,805.062109405231,796.456611888374,810.182597360257,795.691523141977,795.597923804627,805.062109405231,806.835367330965,800.312251294322,810.860099133462,832.423658334981,827.982212671954,794.512429103535,784.56789259379,776.102762850122,778.620575119872,789.382670192347,793.066442740788,795.691523141977,795.691523141977,794.256514676969,782.204009189291,778.5602791122,744.531087723084,NA,NA,NA,NA,NA
NA,NA,NA,NA,NA,NA,826.494840706566,835.53874835342,877.831539051742,890.163174600493,916.821931797998,929.923082983407,970.475856159951,1000.39734970805,1007.75119074788,1013.03997946774,1020.11028815516,1043.69929477889,1051.48704224065,1082.62128657641,1077.22619593315,1090.42196091013,1089.08641166623,1096.5463696788,1098.25141877816,1118.03398874989,1129.43569980765,1130.5419054595,1110.22737216012,1116.21219663526,1115.92832555952,1123.53366493318,1103.68700273221,1096.58560997307,1107.13503957518,1085.41466730462,1060.51244637249,1068.37696944373,1061.24926383956,1051.18980208143,1053.79514183449,1043.56250543679,1010.91554656732,986.154146165801,976.281209488332,951.955219265214,928.014494738766,911.18404981009,927.491427704548,884.181389350018,892.328414878737,867.809728193898,848.278071277321,819.828416861911,821.792286244332,816.241385865725,807.774721070176,816.029719245837,807.735997414168,802.599481720544,818.91696770796,820.060973342836,832.503720683896,795.087237447276,777.817459305202,784.467812168663,790.430577751177,781.219973837356,784.617741323761,807.706905778552,828.208700708939,809.619712979952,789.961208306599,789.093539920168,794.413853751999,782.983037974194,798.827265433523,800.228645824593,785.005968853339,781.424980404389,780.572143409836,764.852927038918,759.080397221782,NA,NA,NA,NA,NA,NA
NA,NA,NA,NA,NA,NA,820.032373201964,831.038506929733,855.085790692753,880.553353998166,896.315415723955,927.756071698056,951.971638232989,957.535677643536,977.880360780397,999.519305818882,1007.67344854148,1041.88075965737,1051.48704224065,1082.86986553566,1084.55059817419,1096.33511198886,1096.58560997307,1099.03665067497,1095.61579179761,1114.6096715796,1127.39639625902,1106.79718105893,1116.07571427749,1130.5419054595,1124.94438946611,1117.60408316037,1101.06473614094,1093.18795054871,1102.57699455621,1100.19159312676,1075.29065838033,1076.16216250154,1052.67516357136,1062.1322893124,1051.18980208143,1054.75115548645,999.890384689675,982.848599119606,980.01894970295,930.330849705597,930.38970329642,916.856041044612,887.720000530866,893.378419260282,863.414220077171,849.533715428536,848.822589154156,818.91696770796,806.981248459734,814.14176739095,813.8639509458,825.378700960959,827.986983200381,839.639506626114,827.744520657852,819.90797475439,824.132149730575,778.620575119872,780.994912684781,773.747305013914,778.620575119872,784.577872494874,794.11900871343,800.243577164717,797.260935955099,797.260935955099,790.430577751177,775.393042939453,771.767452021657,778.570341450637,781.419980244218,794.413853751999,782.983037974194,782.58382151157,777.590784900545,776.464249584059,735.696948478108,NA,NA,NA,NA,NA,NA
NA,NA,NA,NA,NA,NA,NA,813.941029804985,860.022588235138,867.827747885489,880.695747690427,927.669253394,928.035559663529,958.032975921744,965.004856175884,995.990722356245,1007.78221853732,1015.13538478246,1025.29704866952,1053.16191544406,1073.83657974573,1082.17075649943,1079.6339069135,1076.94577558321,1077.0329614269,1097.56789694606,1104.40138409698,1099.14739684903,1115.71963518614,1110.11668605505,1120.54674155075,1108.17186768377,1113.83347049727,1113.6646210167,1104.48654551476,1096.21982598422,1089.7232493965,1085.39028694138,1063.60236930913,1074.5599809122,1073.83657974573,1057.38100983231,1011.3969367914,1019.56136833938,982.522885229672,950.320668176475,935.245487914645,933.332284333891,902.060118442951,887.764045228235,873.082304946739,863.432376106717,850.349177268907,798.225355320903,814.14176739095,822.344210169926,818.725269439746,817.302933553376,829.68733622638,834.190031852607,818.91696770796,820.060973342836,800.390529679106,797.142935608042,781.024967590665,778.540138765964,776.208734813001,778.620575119872,780.969795850163,785.015923405379,785.015923405379,784.577872494874,771.917642377335,776.403702379949,761.987532706409,772.682693706985,775.795857715153,789.198702884525,765.261393250698,765.261393250698,761.546510728913,760.841544189268,NA,NA,NA,NA,NA,NA,NA
NA,NA,NA,NA,NA,NA,NA,NA,833.262779702306,859.142013871979,873.07784203007,896.172416446746,926.240467683616,953.569185723887,973.058753476071,980.433577556379,1004.05428140116,1017.95597778205,1029.86268925945,1052.63802953412,1058.06339875542,1053.23515270293,1062.1322893124,1077.15745381595,1085.41466730462,1097.6750557559,1110.10264870161,1109.46879985045,1103.6586740029,1106.06592719451,1102.79343544248,1113.83347049727,1122.73202959326,1113.40227398417,1102.41888884572,1096.43528244055,1085.41466730462,1075.29065838033,1073.83294159489,1073.29694871994,1063.60236930913,1049.21781074372,1004.93308695945,980.058928485252,1008.8118785625,949.830410758886,950.328890437411,928.035559663529,916.800520275864,903.318065068912,873.167672276546,854.400374531753,828.02475808396,797.226579619454,816.19347306271,838.525491562421,832.062321585394,816.637547939544,818.792569260386,831.038506929733,825.217157629634,813.8639509458,816.241385865725,802.570067292328,795.662045791016,785.005968853339,790.430577751177,781.024967590665,781.024967590665,782.892849946714,785.005968853339,770.023972617799,760.345316287277,765.138491326613,771.645592783838,760.945913508095,771.275276916729,763.942661948952,759.111322534449,752.080447824566,750.416550990182,NA,NA,NA,NA,NA,NA,NA,NA
NA,NA,NA,NA,NA,NA,NA,NA,818.599687886007,852.97951847892,874.363836643093,901.322626335757,934.07708461347,941.408519188137,965.012953280939,979.125053958688,989.002022242624,1012.28742575684,1027.6981250308,1030.71943616922,1030.74607159677,1044.53171563971,1068.00046816469,1063.60236930913,1097.72492000501,1102.98554044257,1102.468559766,1107.3617295175,1110.18016555873,1101.00064159634,1098.27990152895,1108.59459796596,1100.17734064842,1104.53610171873,1081.95425041912,1076.15126870003,1067.2467246078,1070.70368467801,1060.66017177982,1051.46845842166,1069.99557145696,1029.8399179942,1004.93308695945,965.983954318083,961.441873675596,961.507844994529,921.941559430235,902.783862031608,908.579709858258,897.566153550812,873.07784203007,850,822.344210169926,806.952156824118,813.935272351421,827.647267862342,838.525491562421,838.338144664314,820.060973342836,826.668653808422,832.162486415992,820.032373201964,825.302838691183,814.128153725799,795.691523141977,781.024967590665,797.19222328381,787.792669223737,778.595458285254,776.540639910912,770.146090037468,763.129662205867,749.89554236272,739.477781518132,749.166203188585,753.693970628755,764.172589084673,766.543519438784,751.867438010282,752.080447824566,745.821694508815,NA,NA,NA,NA,NA,NA,NA,NA
NA,NA,NA,NA,NA,NA,NA,NA,NA,839.487432992757,854.762949996209,883.337564133063,918.904933818941,941.076511235936,972.39231381405,995.041069827466,989.002022242624,998.123238883857,1007.78221853732,1003.41584713644,1028.65203057205,1050.0355605753,1039.78278903678,1073.19391461274,1082.93528140622,1089.1510455396,1077.0329614269,1089.8749460882,1091.85143798989,1097.88563478931,1088.9422118324,1099.22150595246,1082.52078407957,1096.16199832585,1081.94702872462,1089.11872860292,1075.29065838033,1067.86814105173,1063.56561730921,1061.89586116887,1051.48704224065,989.002022242624,965.983954318083,933.319518011633,958.18839483684,951.507540655407,915.32035670726,910.402030354691,892.214305637475,897.53131012321,872.030416394617,848.896342317482,827.755640776911,824.826218078574,813.941029804985,813.547311191752,827.647267862342,832.062321585394,822.287129249249,831.977230761384,827.590553689808,827.390814571124,813.921824018974,830.821149510738,801.82759363277,795.691523141977,790.495019120616,781.10963035635,773.101629365541,782.5237116998,783.013008267207,765.210280322523,763.083311971289,750.416550990182,738.65904535817,742.020023242357,752.080447824566,755.810822891549,745.821694508815,751.049872856338,NA,NA,NA,NA,NA,NA,NA,NA,NA
NA,NA,NA,NA,NA,NA,NA,NA,NA,NA,830.963163208589,860.885927897856,893.216037560796,939.414711402797,958.163922114765,969.588041388009,975,984.88578017961,995.266089372147,1000.43860055525,1035.91746775503,1049.16527119236,1051.48704224065,1063.54354167239,1068.00046816469,1067.74678038786,1073.36685005959,1049.27772648126,1065.95028026639,1081.5541511653,1061.24926383956,1073.71261316012,1082.17799367039,1082.44849948333,1076.16216250154,1069.9076458229,1077.46590123239,1079.59044306016,1075.05714892748,1063.4476675546,1020.965065695,970.679105980719,952.955927627296,935.216277832115,924.923861143232,927.993429814002,912.414379544733,898.780117656372,886.494917822513,873.212459828649,854.901934998356,843.272851950373,816.19347306271,813.767519549322,800.312289836006,811.249036979398,825.178961842275,816.241385865725,811.746804560849,827.580979641187,825.245757770506,816.241385865725,822.000173122741,790.335804015981,801.56097709407,784.597806909317,783.565872066345,781.999002622258,784.56789259379,776.611228350453,761.546510728913,763.175886985255,752.889806907323,756.61663565534,749.003854875729,742.041103982791,741.956684761589,742.041103982791,735.272058492637,NA,NA,NA,NA,NA,NA,NA,NA,NA,NA
NA,NA,NA,NA,NA,NA,NA,NA,NA,NA,NA,817.350832932735,877.736492467089,901.108740662803,928.74899899283,965.277108157549,961.679682877399,975,974.425188096374,1021.31960300783,1024.87009756796,1043.9482074894,1061.09421705108,1060.66017177982,1059.01724827389,1061.16805913102,1064.46141596486,1039.60533438552,1032.5218313303,1048.95543642717,1073.6906769562,1070.28441207437,1082.45573665429,1081.79855441967,1064.44573453252,1069.42577578732,1075.29065838033,1067.91607811063,1054.68440417194,1047.0195795686,1002.62087865316,972.39231381405,952.955927627296,941.358673993503,937.037296879943,909.006877744888,903.119593409422,894.881812481374,859.407085673264,845.881470131612,844.157753536485,831.629618657595,813.941029804985,814.324873745117,816.183876964207,820.032373201964,816.241385865725,817.389136213591,808.674615127757,804.866854414632,800.322086604058,782.623792124926,805.042682212658,827.304611910909,820.463349960594,794.074638792538,778.620575119872,781.024967590665,784.966100024452,768.284379679715,772.172260574025,755.759069108862,760.252615818122,760.09709715485,749.019634043018,750.416550990182,749.973964113154,728.868986855663,NA,NA,NA,NA,NA,NA,NA,NA,NA,NA,NA
NA,NA,NA,NA,NA,NA,NA,NA,NA,NA,NA,783.789956124147,852.333560971413,876.347033464924,895.935790849288,918.982418857321,946.353884240189,963.517025724863,972.753822917186,983.933432707721,996.242942258564,1029.5630140987,1041.91829440394,1050.08846993822,1035.8570643219,1049.37478042174,1029.8664962023,1029.81333978611,1052.5263112514,1062.83016979845,1064.40258832812,1067.83168805656,1062.30052863818,1061.85872713163,1051.1823647684,1069.67174456036,1056.18644129277,1046.80382759576,1050.67996160702,1007.78221853732,998.060542601435,972.661138753384,958.073938677921,934.060350876377,914.745817507876,916.856041044612,916.637667320743,872.969270354901,848.822589154156,854.975688161682,834.35971054995,830.981947627372,816.19347306271,827.571614293872,827.958606655885,811.176653012582,827.692596856797,800.351448072966,806.196683194239,800.322086604058,801.541464880394,772.16720046712,806.883802311728,807.774721070176,790.000098562161,787.56336687114,778.620575119872,790.569415042095,766.893082508898,763.180981625732,760.345316287277,758.4449566696,748.98807570844,751.025081605308,743.176880257069,738.24115301167,740.64541152103,727.149946641504,NA,NA,NA,NA,NA,NA,NA,NA,NA,NA,NA
NA,NA,NA,NA,NA,NA,NA,NA,NA,NA,NA,NA,798.773329979398,855.811869755724,840.386815698581,881.750535176233,928.375735770715,956.882960450232,977.880510703421,976.281209488332,988.970384250184,1029.06105923805,1026.06607510285,1033.28879716898,1026.21878758869,1042.06080923667,1040.41758020474,1035.91746775503,1049.91802676932,1054.75115548645,1060.46054657461,1048.39823070505,1057.0161557189,1057.24753388665,1050,1054.91342400558,1054.61749142656,1029.82089984463,1054.48605302803,995.386777468505,982.944345399735,948.683298050514,930.322429858109,942.387249623381,917.188297008517,907.720184707574,917.754025210677,881.866347314399,851.46931829632,847.420190343311,831.038506929733,830.972596163716,816.19347306271,818.883522934932,815.621981679181,818.850078161904,818.705814132554,806.835367330965,814.122396272235,798.827265433523,790.430577751177,797.61355195752,798.753750860918,798.024521575831,784.661925933452,777.666209123114,780.994771107383,752.816950791423,756.637297521078,745.642760524462,749.166203188585,751.829464228522,738.664335134708,738.00684885777,749.166203188585,727.350429604734,728.868986855663,NA,NA,NA,NA,NA,NA,NA,NA,NA,NA,NA,NA
NA,NA,NA,NA,NA,NA,NA,NA,NA,NA,NA,NA,NA,822.344210169926,845.196580118423,855.113288967038,895.962207166283,930.322429858109,928.035559663529,951.699260058062,973.717104707522,985.167288642621,1015.72615552138,1020.10262851924,1019.74631674973,1027.42665919616,1046.74202677326,1032.59382140317,1046.72107077292,1044.09698242312,1030.70050223317,1043.13230225125,1044.32618773753,1046.66129222135,1027.54949076973,1006.35698999052,997.824011565905,986.40754409395,981.913831155782,951.971638232989,935.228251603022,956.677968890239,934.07708461347,942.783390437116,916.128741149203,908.978649936572,903.465549979633,874.364109670088,855.131568824354,852.97022010697,832.366501514059,818.802165358889,825.302838691183,813.835172485738,826.513762740827,831.408659834029,824.492821258579,807.000619578449,818.878771920601,786.701871269271,790.430577751177,794.21521317907,804.216920587114,782.940503644454,792.837831874845,789.211036107395,761.94647729593,759.111322534449,752.080447824566,749.758866118701,745.642760524462,738.590150468293,734.898015242002,728.772262184271,728.308934237349,727.978737896793,NA,NA,NA,NA,NA,NA,NA,NA,NA,NA,NA,NA,NA
NA,NA,NA,NA,NA,NA,NA,NA,NA,NA,NA,NA,NA,NA,825.302838691183,845.946215784432,860.721531646383,892.847413206915,893.299576047231,910.013736160065,934.07708461347,970.671008875664,970.82439194738,995.301461869719,1011.18742080783,1015.09678510223,1015.19702521235,1038.72165905495,1029.81333978611,1019.80390271856,1008.38651622151,1026.06269999699,1044.28500051076,1043.69929477889,1008.86647234243,980.337748379181,959.374288564745,961.524263962303,961.752945990209,927.968115076093,930.38970329642,946.142376016439,939.029960086046,941.38360392964,901.296223497949,897.566153550812,887.58733778979,866.386172558173,875.141813029765,855.012468793363,845.807230782285,827.882744386109,811.006835482264,813.811022286176,831.343676878696,825.302838691183,818.792569260386,818.91696770796,800.312289836006,806.10915488646,772.162140360216,777.787303531334,784.791920674106,764.937237740568,780.752995651836,775.026675846635,760.345316287277,761.053196322449,756.109571200138,750.416550990182,750,742.153547829585,719.721963360656,737.1435494732,718.198908366181,NA,NA,NA,NA,NA,NA,NA,NA,NA,NA,NA,NA,NA,NA
NA,NA,NA,NA,NA,NA,NA,NA,NA,NA,NA,NA,NA,NA,NA,806.315325779993,837.853557551484,862.046982478333,875.35707000058,885.94928781221,927.698765763974,928.993742810022,942.366477125466,973.717104707522,986.439283895304,999.98827575168,1013.02455089519,1026.96049542213,1027.2567838417,1007.47804776356,990.263130882259,1001.06515328108,1001.10837392159,1006.83736006409,963.838589488097,970.606133904813,949.834952830141,946.208977660466,950.056035961545,937.083240699566,914.579689525924,886.689764168036,908.408430864857,903.413606701792,892.117291418849,873.212459828649,879.110270971541,864.374359701544,867.827747885489,852.38397105825,851.441774528531,831.629618657595,814.161119928243,824.314928623786,831.038506929733,832.137665306539,822.255447195054,816.183876964207,826.484627325383,818.594827627557,782.5237116998,783.022988168291,779.381119594366,779.767599614766,778.208978264854,760.13869457571,756.523376278665,751.602353525394,760.345316287277,752.028436628952,751.8610225631,740.301807454633,728.868986855663,716.32743909472,NA,NA,NA,NA,NA,NA,NA,NA,NA,NA,NA,NA,NA,NA,NA
NA,NA,NA,NA,NA,NA,NA,NA,NA,NA,NA,NA,NA,NA,NA,NA,NA,828.02475808396,840.386815698581,855.131568824354,887.636019701756,912.36718845379,926.240467683616,937.083240699566,965.886707216248,972.705587142941,1001.99378091573,1011.4964162072,1007.78221853732,994.815091168583,985.195093647344,992.042882016275,977.744164684358,965.012953280939,973.644786888519,939.680704816599,950.320645396132,951.971638232989,929.019967574613,928.817040449242,916.856041044612,901.187583875854,905.848997184794,901.622876102797,883.741599658918,875.65117248032,872.906117530086,867.809728193898,867.827747885489,860.583454083586,835.275560710011,843.226298197659,817.389136213591,830.963163208589,835.360331551811,850.155168462257,838.26297322546,816.116577143567,831.733441946242,796.41729902766,798.146845881561,794.463141427767,776.611228350453,776.208734813001,761.987532706409,764.740236770127,761.987532706409,759.712894488953,753.857408248861,759.070066288913,758.434625736731,751.633612220434,NA,NA,NA,NA,NA,NA,NA,NA,NA,NA,NA,NA,NA,NA,NA,NA,NA
NA,NA,NA,NA,NA,NA,NA,NA,NA,NA,NA,NA,NA,NA,NA,NA,NA,NA,827.79706332456,848.896342317482,866.497308076262,883.883476483184,931.644729519917,933.323885798653,926.325050944536,951.930569538099,995.615387586994,1001.00614298031,990.580637807947,986.871969434216,990.374725243234,972.051941164211,956.147243722656,964.371133307593,943.39811320566,943.348373355222,927.993429814002,930.330849705597,930.178821857241,927.756071698056,908.431793844291,901.292277233118,905.814447769916,905.486689717889,873.149741792018,870.308275822601,853.302408293801,866.561974130457,873.185602761073,840.689514454835,840.181291527483,850.118048787593,848.324604380725,849.713137289061,828.02475808396,839.921460938657,832.165848854662,827.925210774696,817.197076234128,816.241385865725,795.612662480107,797.241318294935,778.620575119872,771.726917972052,766.760188210836,775.337408076965,769.972859689624,765.261393250698,760.13869457571,754.082486790149,753.693970628755,NA,NA,NA,NA,NA,NA,NA,NA,NA,NA,NA,NA,NA,NA,NA,NA,NA,NA
NA,NA,NA,NA,NA,NA,NA,NA,NA,NA,NA,NA,NA,NA,NA,NA,NA,NA,NA,832.137665306539,843.35638967165,880.695747690427,895.125689498408,920.291647360732,927.829242787969,926.350365682445,952.955927627296,978.865563231003,977.78026397458,974.514776680083,953.199724896467,957.506466885453,960.468635614927,952.931320392438,951.191374072406,929.990589863327,908.639092269312,905.278193205858,905.260730743396,908.45781043423,887.764045228235,897.548731837011,895.0951173892,885.727200900131,872.599094428864,851.414195028241,877.954687198037,863.047661211766,883.670316321119,848.896342317482,845.797932410335,853.302408293801,844.466711564805,860.366368678185,832.34887654334,825.77050024732,855.108704317722,835.360331551811,814.247977825974,804.9355566701,785.015923405379,780.994912684781,778.620575119872,764.852927038918,765.256287423051,776.631079245801,770.146090037468,750.122745593795,750.385292295142,745.413940648359,NA,NA,NA,NA,NA,NA,NA,NA,NA,NA,NA,NA,NA,NA,NA,NA,NA,NA,NA
NA,NA,NA,NA,NA,NA,NA,NA,NA,NA,NA,NA,NA,NA,NA,NA,NA,NA,NA,NA,NA,859.041752745788,895.055757632916,905.234511449905,924.851420426927,927.412660507177,957.062120793037,955.191340449644,969.698265662601,954.553198927476,957.160465273165,952.890251697549,952.451479312713,945.05290857179,933.332284333891,933.926046489722,924.984683208245,909.910481421055,894.163598136998,888.866595695738,877.704007466811,894.729429004784,901.353123394347,862.046982478333,855.131568824354,853.192256644393,872.084296760119,880.374047695303,863.432376106717,873.131722395572,851.39951232614,854.984889293073,848.562268532417,831.000835069161,840.190135984907,838.488157272309,843.272851950373,801.56097709407,807.774721070176,797.073516962583,784.552907447283,780.801806547033,766.801177349268,760.345316287277,771.767452021657,765.169291184091,752.070057101918,735.686326228471,NA,NA,NA,NA,NA,NA,NA,NA,NA,NA,NA,NA,NA,NA,NA,NA,NA,NA,NA,NA,NA
NA,NA,NA,NA,NA,NA,NA,NA,NA,NA,NA,NA,NA,NA,NA,NA,NA,NA,NA,NA,NA,NA,862.046982478333,878.168298468608,887.222510729825,905.77115340633,917.196816392207,938.291006860512,970.434998616874,951.955219265214,955.191340449644,936.99135306032,941.238365112634,945.05290857179,928.952522987177,922.284864995947,916.856041044612,892.328414878737,887.702329960424,865.422112448498,873.832610962961,872.969543381896,877.852493303972,874.517373534783,861.089811073315,855.08583981109,861.82836812372,838.525491562421,839.850069498815,821.126092462158,830.953725953048,839.487432992757,822.044129301649,835.454425865951,862.001621083982,832.165848854662,825.378700960959,805.062109405231,800.312289836006,797.260935955099,776.601166012017,772.172260574025,765.210280322523,758.4449566696,766.893082508898,759.111322534449,738.038976519516,NA,NA,NA,NA,NA,NA,NA,NA,NA,NA,NA,NA,NA,NA,NA,NA,NA,NA,NA,NA,NA,NA
NA,NA,NA,NA,NA,NA,NA,NA,NA,NA,NA,NA,NA,NA,NA,NA,NA,NA,NA,NA,NA,NA,NA,NA,870.7037383634,886.614491013473,901.374810571028,919.918474648705,936.965934762871,933.917184758871,933.407735129724,933.164825343861,938.416218956173,937.037296879943,930.053761886914,912.36718845379,925.13425217174,903.119593409422,877.81686615007,874.472408318262,875.303454746282,863.495801958527,862.753281974928,877.852493303972,862.010670370754,845.807230782285,839.940311799006,843.35638967165,805.042682212658,798.551400528278,806.457630516026,811.186329281228,822.239170415365,828.098059028462,830.764068590061,830.963163208589,818.662963055401,815.961903954213,800.322086604058,784.527921980433,771.041726255537,765.261393250698,764.141789227195,753.740671584067,753.699165990079,NA,NA,NA,NA,NA,NA,NA,NA,NA,NA,NA,NA,NA,NA,NA,NA,NA,NA,NA,NA,NA,NA,NA,NA
NA,NA,NA,NA,NA,NA,NA,NA,NA,NA,NA,NA,NA,NA,NA,NA,NA,NA,NA,NA,NA,NA,NA,NA,NA,NA,874.820693697137,887.235718888323,891.968230837491,902.975998142221,928.800048971588,922.161664570675,911.988320884926,910.013736160065,909.99655311143,902.849813946155,905.434746440048,901.257433805516,853.219848086455,844.418356065685,837.608356895565,840.330963573916,840.056226138435,857.884126017618,845.807230782285,843.166515741506,826.475157627416,807.590116285399,806.981248459734,800.233741654964,802.697185980966,809.682586835521,806.990934019091,825.150268083578,813.941029804985,818.878771920601,822.284047335925,805.062109405231,809.468450075921,784.661925933452,775.271695190389,760.345316287277,749.082402151801,NA,NA,NA,NA,NA,NA,NA,NA,NA,NA,NA,NA,NA,NA,NA,NA,NA,NA,NA,NA,NA,NA,NA,NA,NA,NA
NA,NA,NA,NA,NA,NA,NA,NA,NA,NA,NA,NA,NA,NA,NA,NA,NA,NA,NA,NA,NA,NA,NA,NA,NA,NA,NA,NA,NA,867.088940530239,886.645629948836,901.257433805516,908.905463096512,905.687810901404,887.551825841365,873.113791911044,873.07784203007,873.909742972745,849.990804844664,852.844281983547,838.059311529558,850.367567584747,840.265614014952,847.198884363743,849.750372020514,832.137665306539,828.015320828419,804.945319912078,785.015923405379,778.570341450637,794.329600795918,809.473831851183,806.079893701086,800.145001813181,813.680202409846,798.797903964615,800.351448072966,798.812584699069,800.390529679106,778.570341450637,NA,NA,NA,NA,NA,NA,NA,NA,NA,NA,NA,NA,NA,NA,NA,NA,NA,NA,NA,NA,NA,NA,NA,NA,NA,NA,NA,NA,NA
NA,NA,NA,NA,NA,NA,NA,NA,NA,NA,NA,NA,NA,NA,NA,NA,NA,NA,NA,NA,NA,NA,NA,NA,NA,NA,NA,NA,NA,NA,NA,872.102316156565,870.514490531355,892.275821775225,860.940611856582,867.656023385505,868.293866103959,843.282150322323,848.374552711644,851.432585338912,848.278071277321,860.958767886128,835.53874835342,830.92538832501,834.331527001827,814.324873745117,814.161119928243,782.983037974194,782.58382151157,781.85885463213,792.299841956871,798.620819173737,801.384763394306,799.357861768892,809.473831851183,780.994912684781,797.182190327712,793.831531487184,NA,NA,NA,NA,NA,NA,NA,NA,NA,NA,NA,NA,NA,NA,NA,NA,NA,NA,NA,NA,NA,NA,NA,NA,NA,NA,NA,NA,NA,NA,NA
NA,NA,NA,NA,NA,NA,NA,NA,NA,NA,NA,NA,NA,NA,NA,NA,NA,NA,NA,NA,NA,NA,NA,NA,NA,NA,NA,NA,NA,NA,NA,NA,NA,NA,NA,813.941029804985,827.949136957917,831.038506929733,840.00091264082,829.493960646274,815.818701698498,813.835172485738,805.062109405231,813.129472597912,815.874375646434,800.273054515678,780.929701996595,794.512429103535,760.231953952384,776.057168693613,782.218984126169,794.512429103535,797.643009909139,776.188594466765,NA,NA,NA,NA,NA,NA,NA,NA,NA,NA,NA,NA,NA,NA,NA,NA,NA,NA,NA,NA,NA,NA,NA,NA,NA,NA,NA,NA,NA,NA,NA,NA,NA,NA,NA
NA,NA,NA,NA,NA,NA,NA,NA,NA,NA,NA,NA,NA,NA,NA,NA,NA,NA,NA,NA,NA,NA,NA,NA,NA,NA,NA,NA,NA,NA,NA,NA,NA,NA,NA,NA,NA,NA,NA,NA,NA,NA,NA,NA,743.303437365925,NA,NA,NA,NA,NA,NA,NA,NA,NA,NA,NA,NA,NA,NA,NA,NA,NA,NA,NA,NA,NA,NA,NA,NA,NA,NA,NA,NA,NA,NA,NA,NA,NA,NA,NA,NA,NA,NA,NA,NA,NA,NA,NA,NA
