"V1","V2","V3","V4","V5","V6","V7","V8","V9","V10","V11","V12","V13","V14","V15","V16","V17","V18","V19","V20","V21","V22","V23","V24","V25","V26","V27","V28","V29","V30","V31","V32","V33","V34","V35","V36","V37","V38","V39","V40","V41","V42","V43","V44","V45","V46","V47","V48","V49","V50","V51","V52","V53","V54","V55","V56","V57","V58","V59","V60","V61","V62","V63","V64","V65","V66","V67","V68","V69","V70","V71","V72","V73","V74","V75","V76","V77","V78","V79","V80","V81","V82","V83","V84","V85","V86","V87","V88","V89"
NA,NA,NA,NA,NA,NA,NA,NA,NA,NA,NA,NA,NA,NA,NA,NA,NA,NA,NA,NA,NA,NA,NA,NA,NA,NA,NA,NA,NA,NA,NA,NA,NA,NA,NA,NA,NA,NA,NA,NA,NA,NA,NA,NA,602.079728939615,NA,NA,NA,NA,NA,NA,NA,NA,NA,NA,NA,NA,NA,NA,NA,NA,NA,NA,NA,NA,NA,NA,NA,NA,NA,NA,NA,NA,NA,NA,NA,NA,NA,NA,NA,NA,NA,NA,NA,NA,NA,NA,NA,NA
NA,NA,NA,NA,NA,NA,NA,NA,NA,NA,NA,NA,NA,NA,NA,NA,NA,NA,NA,NA,NA,NA,NA,NA,NA,NA,NA,NA,NA,NA,NA,NA,NA,NA,NA,589.225650428644,581.48516748065,604.152298679729,608.276253029822,617.454451761423,617.454451761423,625.979295312454,619.72648063068,625,632.455532033676,644.919015093087,632.455532033676,628.727766016838,608.276253029822,608.276253029822,615.168492683993,632.949445058608,630.971473206198,625.749102153542,NA,NA,NA,NA,NA,NA,NA,NA,NA,NA,NA,NA,NA,NA,NA,NA,NA,NA,NA,NA,NA,NA,NA,NA,NA,NA,NA,NA,NA,NA,NA,NA,NA,NA,NA
NA,NA,NA,NA,NA,NA,NA,NA,NA,NA,NA,NA,NA,NA,NA,NA,NA,NA,NA,NA,NA,NA,NA,NA,NA,NA,NA,NA,NA,NA,NA,570.894601218866,590.005970946617,603.116013809672,625.24990007992,614.918693812442,618.970920156997,618.21268595921,617.454451761423,637.377439199098,638.846616959032,632.455532033676,625,618.465843842649,618.718381999823,614.918693812442,625,619.72648063068,613.900613709503,629.483915600709,637.377439199098,626.996810199223,621.985460078499,614.918693812442,620.987117418711,629.483915600709,625,614.649350471841,NA,NA,NA,NA,NA,NA,NA,NA,NA,NA,NA,NA,NA,NA,NA,NA,NA,NA,NA,NA,NA,NA,NA,NA,NA,NA,NA,NA,NA,NA,NA
NA,NA,NA,NA,NA,NA,NA,NA,NA,NA,NA,NA,NA,NA,NA,NA,NA,NA,NA,NA,NA,NA,NA,NA,NA,NA,NA,NA,NA,576.356520345913,577.16981903076,596.343022093828,617.454451761423,604.669331122391,625,626.248305179531,626.996810199223,649.037749287358,650.960120260132,654.31261641512,654.31261641512,632.455532033676,618.465843842649,616.186572786933,637.377439199098,622.993558709356,618.465843842649,622.993558709356,638.844931471192,632.455532033676,634.909045082615,625.24990007992,626.996810199223,628.240362899966,629.483915600709,637.377439199098,637.377439199098,641.275917113648,637.377439199098,629.483915600709,NA,NA,NA,NA,NA,NA,NA,NA,NA,NA,NA,NA,NA,NA,NA,NA,NA,NA,NA,NA,NA,NA,NA,NA,NA,NA,NA,NA,NA
NA,NA,NA,NA,NA,NA,NA,NA,NA,NA,NA,NA,NA,NA,NA,NA,NA,NA,NA,NA,NA,NA,NA,NA,NA,NA,583.09518948453,587.628090798139,595.010593030149,604.669331122391,602.079728939615,617.454451761423,623.991963808967,625.999002233462,625.49980015984,633.683788137045,647.587197514099,650.480591562884,663.088313761504,658.83313051025,651.920240520265,626.996810199223,629.483915600709,637.377439199098,632.949445058608,609.302016908254,606.472792076107,616.186572786933,625.998405099611,631.713502619937,632.455532033676,626.996810199223,650,645.400140449407,639.088860048957,626.498204307083,637.377439199098,648.556088553642,650.240295781442,636.396103067893,632.949445058608,625.49980015984,618.465843842649,NA,NA,NA,NA,NA,NA,NA,NA,NA,NA,NA,NA,NA,NA,NA,NA,NA,NA,NA,NA,NA,NA,NA,NA,NA,NA
NA,NA,NA,NA,NA,NA,NA,NA,NA,NA,NA,NA,NA,NA,NA,NA,NA,NA,NA,NA,NA,NA,NA,NA,583.630876496438,583.630876496438,585.50186061449,602.079728939615,610.327780786685,630.227694403453,633.683788137045,642.010505993614,651.920240520265,651.920240520265,645.174395028197,660.018939122204,659.06517608201,675,656.933779659315,655.266426917727,651.920240520265,651.920240520265,637.377439199098,644.919015093087,650.197664253709,647.556448656967,632.18712469916,634.916485616387,649.518874643679,648.556088553642,625,634.916485616387,650.480591562884,658.119588271269,637.377439199098,648.556088553642,649.759170425121,650.960120260132,651.200416041575,656.220237420334,660.018939122204,657.647321898295,656.220237420334,637.377439199098,621.985460078499,NA,NA,NA,NA,NA,NA,NA,NA,NA,NA,NA,NA,NA,NA,NA,NA,NA,NA,NA,NA,NA,NA,NA,NA
NA,NA,NA,NA,NA,NA,NA,NA,NA,NA,NA,NA,NA,NA,NA,NA,NA,NA,NA,NA,NA,NA,631.960459132403,631.960459132403,628.240362899966,619.72648063068,619.979018787854,625.998405099611,637.377439199098,635.163442128853,653.116428467692,657.647321898295,651.920240520265,654.31261641512,646.116332131775,666.582270007009,664.971430282019,671.273003755816,652.396603989002,650.480591562884,651.920240520265,650.480591562884,639.088860048957,653.116428467692,654.31261641512,650.478994903812,625.49980015984,632.702488546142,650,626.996810199223,634.916485616387,626.996810199223,651.920240520265,651.200416041575,651.920240520265,654.31261641512,657.647321898295,657.647321898295,649.278044276821,659.778718320991,672.913401622749,675.462804305315,656.220237420334,637.377439199098,621.985460078499,589.225650428644,572.815467105318,NA,NA,NA,NA,NA,NA,NA,NA,NA,NA,NA,NA,NA,NA,NA,NA,NA,NA,NA,NA,NA,NA
NA,NA,NA,NA,NA,NA,NA,NA,NA,NA,NA,NA,NA,NA,NA,NA,NA,NA,NA,NA,NA,667.083203206317,663.793231264202,657.647321898295,652.15630820756,650.960120260132,648.530311512121,642.748006609122,661.910114743686,658.119588271269,672.913401622749,660.492240681145,638.112028079065,648.530311512121,632.949445058608,636.874862978711,654.31261641512,654.0702389703,651.920240520265,650.480591562884,650.480591562884,650,632.702488546142,644.919015093087,659.289564597221,651.200416041575,630.969723817192,639.088860048957,637.377439199098,626.996810199223,625.998405099611,637.377439199098,656.220237420334,654.31261641512,675.231402152657,660.255589901675,665.674857992819,660.492240681145,656.220237420334,650.960120260132,656.933779659315,658.119588271269,648.7969189205,620.987117418711,604.927626483951,583.630876496438,565.685424949238,550.567888638631,NA,NA,NA,NA,NA,NA,NA,NA,NA,NA,NA,NA,NA,NA,NA,NA,NA,NA,NA,NA,NA
NA,NA,NA,NA,NA,NA,NA,NA,NA,NA,NA,NA,NA,NA,NA,NA,NA,NA,NA,686.476510887299,696.19411138598,681.220364317291,679.153885360306,681.220364317291,682.815198123803,677.768164871043,678.915003751562,676.14974312606,691.465834296967,674.997459712929,691.465834296967,674.997459712929,646.86524179092,649.518874643679,637.377439199098,625.24990007992,655.979969156708,655.979969156708,654.31261641512,635.163442128853,651.920240520265,650.480591562884,650,654.31261641512,668.951798228127,675.462804305315,676.849318534044,659.778718320991,650.240295781442,629.483915600709,608.276253029822,632.949445058608,649.037749287358,659.778718320991,657.373552171103,660.018939122204,658.119588271269,642.748006609122,647.106072157778,626.498204307083,641.774143753968,645.174395028197,628.240362899966,625,608.775932364477,579.87067523716,580.400347763599,578.52024713396,590.021186060297,581.202407283371,NA,NA,NA,NA,NA,NA,NA,NA,NA,NA,NA,NA,NA,NA,NA,NA,NA,NA,NA
NA,NA,NA,NA,NA,NA,NA,NA,NA,NA,NA,NA,NA,NA,NA,NA,NA,NA,718.500654128308,711.062131745151,704.006392016436,696.19411138598,690.560772751826,685.769679866869,686.011457202248,675.462804305315,679.613705398539,697.316284049068,703.112998490375,709.31085878532,697.316284049068,695.956060301531,688.971172592133,667.083203206317,651.920240520265,651.920240520265,664.496658975002,667.083203206317,686.916518747388,679.153885360306,676.849318534044,674.304202598564,676.849318534044,707.106781186548,713.262286670706,697.316284049068,700,679.153885360306,676.849318534044,667.52785781775,632.702488546142,634.916485616387,637.377439199098,653.116428467692,642.748006609122,640.800280898815,649.037749287358,632.18712469916,616.186572786933,612.882533606563,626.996810199223,630.971473206198,632.455532033676,625,603.374530031003,587.099420244995,601.040764008565,612.865352395623,612.882533606563,611.605157196624,603.632825392562,NA,NA,NA,NA,NA,NA,NA,NA,NA,NA,NA,NA,NA,NA,NA,NA,NA,NA
NA,NA,NA,NA,NA,NA,NA,NA,NA,NA,NA,NA,NA,NA,NA,NA,NA,719.809002444398,713.701763350851,711.512473537885,713.701763350851,689.653329453423,689.653329453423,689.655711206686,699.549863214989,702.894917198673,708.870150682071,715.017482303755,731.009075870367,744.56256593737,753.904613607612,755.38093363873,754.151058219862,740.354644748042,732.282967666885,724.33899465003,713.482092915106,731.864058415222,728.868986855663,711.073132666395,726.722092687432,711.498917175183,745.821694508815,741.197874365417,735.484503485373,726.722092687432,725.215453213673,720.676243463745,707.327683045396,682.367203197809,684.421857042554,663.793231264202,673.145600891813,675.462804305315,655.266426917727,655.266426917727,652.15630820756,622.482024074866,617.454451761423,630.971473206198,632.702488546142,617.454451761423,640.800280898815,619.72648063068,637.377439199098,637.377439199098,644.919015093087,668.706056835567,664.266512779321,651.675182851239,648.530311512121,656.220237420334,NA,NA,NA,NA,NA,NA,NA,NA,NA,NA,NA,NA,NA,NA,NA,NA,NA
NA,NA,NA,NA,NA,NA,NA,NA,NA,NA,NA,NA,NA,NA,NA,639.823448928923,673.145600891813,716.109246129269,711.29280310214,706.647957959398,696.419413859206,696.419413859206,712.558323554617,711.498917175183,707.548447055931,732.282967666885,739.500192922017,750,759.111322534449,785.203818891506,800.390529679106,797.652806677191,791.750839452888,789.382670192347,789.764176254457,806.225774829855,803.50793399941,798.036703098802,783.022988168291,779.822771355269,818.153051960775,794.512429103535,797.451479391321,785.015923405379,784.001622656109,779.822771355269,755.188984552572,750.416550990182,735.696948478108,735.052605713446,707.548447055931,695.969241760779,697.316284049068,674.304202598564,665.16426212599,656.220237420334,640.800280898815,638.112028079065,661.910114743686,648.556088553642,626.498204307083,638.846616959032,650,651.200416041575,649.037749287358,673.145600891813,686.916518747388,704.445111783729,728.438093006472,717.850027804108,704.893051345546,677.756402044811,654.31261641512,650,NA,NA,NA,NA,NA,NA,NA,NA,NA,NA,NA,NA,NA,NA,NA
NA,NA,NA,NA,NA,NA,NA,NA,NA,NA,NA,NA,NA,NA,649.518874643679,638.112028079065,677.756402044811,711.073132666395,715.891053163818,705.779710674655,713.26497792082,716.308308574743,703.112998490375,738.867089369256,752.080447824566,761.765190014988,803.50793399941,803.50793399941,807.000619578449,822.341049233184,819.281077464259,803.50793399941,806.225774829855,814.132951775051,827.647267862342,840.70303725724,853.302408293801,858.223678505043,873.03040418199,852.38397105825,845.946215784432,826.512984411651,819.851787353038,829.720291609389,829.720291609389,828.77613483528,800.195264839553,792.540922072815,773.378659193961,770.146090037468,761.164099329068,758.078069589413,727.366540807742,704.006392016436,697.527336787006,705.779710674655,701.099562266931,682.825014187383,676.14974312606,676.609563164293,645.652047581382,664.496658975002,673.145600891813,680.073525436772,687.84082460988,688.971172592133,732.07052267415,741.829041056984,765.057160144808,752.078611287124,728.868986855663,711.07299685774,686.476510887299,670.114402049065,660.255589901675,NA,NA,NA,NA,NA,NA,NA,NA,NA,NA,NA,NA,NA,NA
NA,NA,NA,NA,NA,NA,NA,NA,NA,NA,NA,NA,NA,632.921713579127,658.83313051025,678.001601947175,700.864490329519,707.106781186548,717.413242374077,715.891053163818,726.722092687432,715.891053163818,741.829041056984,776.610290134372,783.021360864075,801.949231839258,826.513762740827,829.720291609389,831.038506929733,834.415963413932,831.038506929733,821.769046415746,825.189350480479,847.973107892216,860.594498175156,869.626356546304,877.852493303972,896.172416446746,901.734439843572,897.907504932957,874.456070937957,873.212459828649,872.673261295098,861.139754591298,855.862138431184,853.302408293801,846.861978628199,840.386815698581,820.630588938943,831.038506929733,833.277403500527,814.324873745117,789.976042617221,783.620766724344,778.620575119872,763.215118812654,743.088169628429,755.38093363873,755.388070726547,773.378659193961,775.403120963541,753.740671584067,770.146090037468,766.893082508898,743.303437365925,762.599121663098,785.403825298368,792.703226542243,794.512429103535,782.024386264658,760.34431656042,760.34431656042,733.56805845393,716.109246129269,693.271231193102,680.073525436772,NA,NA,NA,NA,NA,NA,NA,NA,NA,NA,NA,NA,NA
NA,NA,NA,NA,NA,NA,NA,NA,NA,NA,NA,NA,614.918693812442,638.846616959032,658.35623905074,673.145600891813,707.548584904245,713.701763350851,715.017482303755,726.722092687432,726.722092687432,747.4939488487,764.852927038918,776.409981581727,801.56097709407,851.834987939274,849.264387573151,845.946215784432,834.415963413932,853.300443560337,852.749568204551,855.131568824354,869.799316193411,882.289612086806,891.968230837491,884.236888565445,880.695747690427,904.502031896687,908.639092269312,903.292571694527,901.561129354784,903.292571694527,892.328414878737,891.095618114075,880.695747690427,875,864.759998819888,867.827747885489,863.309349631218,853.302408293801,851.834987939274,850.918442940534,854.400374531753,831.038506929733,817.389136213591,814.324873745117,831.038506929733,840.386815698581,834.595618820872,850.73465914816,861.252872355184,867.827747885489,869.626356546304,866.386172558173,818.153051960775,824.428986455377,834.415963413932,843.35638967165,836.284347062971,831.038506929733,781.424980404389,792.540922072815,752.910559704316,740.772295188798,726.722092687432,702.448213243182,682.367203197809,NA,NA,NA,NA,NA,NA,NA,NA,NA,NA,NA,NA
NA,NA,NA,NA,NA,NA,NA,NA,NA,NA,NA,626.996810199223,625.24990007992,645.652047581382,660.492240681145,673.145600891813,689.655711206686,695.520806665848,715.017482303755,728.868986855663,735.052605713446,743.303437365925,775.403120963541,780.622183622399,810.473759717353,850.918442940534,877.852493303972,866.380090813954,875.35707000058,876.427407147905,872.673261295098,866.746791167986,892.328414878737,912.23730965746,912.414379544733,908.639092269312,919.405243386951,928.035559663529,925.844070924266,937.905788189131,937.083240699566,930.213725147958,913.605276276136,912.414379544733,893.378419260282,879.275269753449,875.17853500029,897.566153550812,900.347155268455,886.002257333467,865.121296563256,868.727052215897,863.314813520065,853.300443560337,825.378700960959,822.719837151898,832.165848854662,854.765971678053,875.892238574243,902.25370613771,902.25370613771,905.883546599672,894.427190999916,890.224690738243,886.70739254841,896.172416446746,880.695747690427,873.212459828649,865.480786483546,862.046982478333,852.38586329506,848.896342317482,827.080515301585,838.339111137216,821.095342242054,802.726319542169,704.893051345546,694.62219947249,NA,NA,NA,NA,NA,NA,NA,NA,NA,NA,NA
NA,NA,NA,NA,NA,NA,NA,NA,NA,NA,NA,639.088860048957,631.960459132403,665.676347784717,686.476510887299,686.476510887299,684.650762537341,698.881285177581,702.894917198673,726.076499557389,728.868986855663,728.439987891857,760.345316287277,794.11900871343,849.080364945317,867.106960221831,886.70739254841,877.139950225938,866.375360420867,877.852493303972,882.643024169067,901.387818865997,911.214057852399,935.899111242278,956.71852678199,975.160230078279,955.24865872714,963.877233018046,975,965.983954318083,958.18839483684,946.366365842974,948.351775987398,928.035559663529,914.80559796847,908.639092269312,907.948641379868,902.427016626497,903.465549979633,901.734439843572,886.002257333467,867.827747885489,867.827747885489,863.495801958527,855.862138431184,857.136791348166,855.131568824354,879.985508721938,904.502031896687,905.883546599672,917.02642871841,922.119407771256,922.459237324352,897.907504932957,898.956654409634,910.013736160065,922.119407771256,892.328414878737,907.433770144453,890.046230053486,903.292571694527,892.328414878737,893.377802939327,916.856041044612,881.04593999785,839.456153630501,775.403120963541,739.642768922922,NA,NA,NA,NA,NA,NA,NA,NA,NA,NA,NA
NA,NA,NA,NA,NA,NA,NA,NA,NA,NA,640.800280898815,665.676347784717,681.449269812078,721.306572925625,721.110255092798,704.006392016436,714.329419998522,726.722092687432,719.809002444398,715.660737991142,737.81335162034,742.041103982791,763.216876123687,824.621125123532,862.046296483866,883.529852353615,896.869284998779,902.25370613771,880.695747690427,869.265743124444,901.387818865997,945.868704812774,970.82439194738,980.114789195633,978.197999341982,982.980162566875,1001.40427800329,997.807693793497,980.114789195633,998.123238883857,979.156969168388,989.475757951895,965.983954318083,955.24865872714,930.38970329642,935.580162656518,941.076511235936,921.954445729289,916.684829357159,905.711030206707,907.433770144453,891.095618114075,878.741836632982,884.229896459331,885.295434515797,883.883476483184,903.119593409422,904.329053611582,904.502031896687,913.95302536238,910.013736160065,906.052321124472,919.918474648705,923.63718760302,923.646110947688,927.192962672987,913.95302536238,903.46316633987,907.261319434492,890.571232244259,905.538513813742,922.119407771256,929.045208803102,938.248976051181,929.879050406084,880.695747690427,872.675318477135,814.132951775051,761.164099329068,NA,NA,NA,NA,NA,NA,NA,NA,NA,NA
NA,NA,NA,NA,NA,NA,NA,NA,NA,659.778718320991,664.496658975002,668.951798228127,679.613705398539,726.076499557389,729.937523671637,726.722092687432,728.439987891857,730.366522635442,734.611815801852,743.303437365925,750,755.810822891549,763.619199398088,850.672791792354,864.937365181911,895.996672275364,905.711030206707,898.256754182203,888.994367983239,903.635682732835,931.898719213072,974.999157097927,992.47166206396,992.47166206396,1000,993.570994169795,1004.98756211209,1002.02888786581,993.88656196684,992.151742056172,980.274183376006,983.933432707721,977.080785134365,965.012953280939,959.328515225884,945.05290857179,939.081762708399,925.337776166087,921.954445729289,925.844070924266,918.217815967359,922.445800354071,919.238815542512,897.566153550812,900,888.630947871733,896.172416446746,895.125689498408,896.34592152461,895.649052972577,903.465549979633,919.238815542512,914.80559796847,903.119593409422,905.538513813742,905.538513813742,898.259785857601,883.883476483184,883.883476483184,893.378419260282,917.196816392207,941.076511235936,951.643258877505,959.978798960204,958.18839483684,887.764045228235,883.883476483184,839.083805766291,800.390529679106,797.652806677191,NA,NA,NA,NA,NA,NA,NA,NA,NA
NA,NA,NA,NA,NA,NA,NA,NA,665.674857992819,658.83313051025,666.818920786479,679.613705398539,675.462804305315,687.15866774859,724.132788585261,721.951021045935,742.672270674358,743.088169628429,733.56805845393,757.874310027763,770.146090037468,779.822771355269,840.386815698581,879.26313035499,909.498342147479,920.5966306359,901.734439843572,912.747566656962,914.635210294673,936.396772272479,961.769203083567,993.570994169795,1000.31240240474,1000,1000.78083545608,1005.29841508401,1007.78221853732,1002.80855600658,992.941049838833,998.123238883857,995.301461869719,975.320460156558,974.358552353761,965.336674536169,955.24865872714,939.912369072155,936.582751021009,926.350365682445,927.698765763974,933.742409871597,937.083240699566,933.407735129724,910.013736160065,896.172416446746,880.869127933065,890.042905904346,887.054083610714,874.642784226795,884.590300647707,884.236888565445,902.427016626497,898.956654409634,883.883476483184,880.695747690427,897.213595499958,901.387818865997,910.526735907023,877.31790533021,879.275269753449,901.387818865997,925,943.060983999005,946.85936038528,952.135403574659,927.867162713751,882.289612086806,882.112800022021,858.589275651343,837.761119263156,822.341049233184,806.225774829855,NA,NA,NA,NA,NA,NA,NA,NA
NA,NA,NA,NA,NA,NA,NA,NA,666.379775495517,653.116428467692,655.266426917727,678.461421985408,691.465834296967,687.15866774859,719.809002444398,728.868986855663,738.025796613075,741.197874365417,749.583101594292,750.416550990182,785.015923405379,825.378700960959,866.746791167986,909.148963072202,933.407735129724,913.945861847178,913.434888602339,930.053761886914,951.971638232989,987.736502545034,1027.43324810115,1026.82723299444,1012.42283656583,1020.11028815516,1019.80390271856,1007.78221853732,1010.10461216918,1002.80855600658,1002.80855600658,1001.24921972504,1000.31245118713,987.736502545034,975.320460156558,954.921406664489,935.079672977962,919.918474648705,915.146183539512,912.414379544733,912.414379544733,905.700777513031,927.697787242774,925,910.013736160065,910.33118318592,916.856041044612,905.883546599672,874.284764914614,862.590403779968,866.746791167986,867.827747885489,881.932785200578,877.851338450677,866.386172558173,854.582273362493,857.679571208941,869.265743124444,852.38586329506,867.287269526737,903.119593409422,925.168888083044,933.407735129724,952.955927627296,956.065809588686,963.853676198806,950.819612838905,922.277403404293,922.293337284836,905.711030206707,950.328890437411,898.054118668957,827.647267862342,NA,NA,NA,NA,NA,NA,NA,NA
NA,NA,NA,NA,NA,NA,NA,656.220237420334,673.145600891813,656.220237420334,664.266512779321,680.760544279058,682.825014187383,682.367203197809,707.106781186548,709.31085878532,728.868986855663,762.602204415048,761.166424496843,778.214044277103,800.390529679106,823.861455565443,880.695747690427,921.438993767145,923.646668642418,929.044234530197,950.821884979717,1006.69574329663,1028.19613506339,1052.08110290601,1050.74368948072,1032.43928671326,1050.29757688,1034.70939909238,1035.01207722422,1031.68391331601,1015.19702521235,1011.18742080783,1009.02180353053,1005.60926805594,1002.6517505631,995.301461869719,959.978798960204,948.683298050514,925,901.387818865997,905.538513813742,905.538513813742,900.867487067226,921.954445729289,941.076511235936,925,917.196816392207,929.045208803102,906.228448019593,883.529852353615,872.13817712562,854.57100693599,845.942263547754,839.270186191497,846.126365994566,829.720291609389,849.264387573151,831.038506929733,842.235853673426,850.918442940534,850.367567584747,882.289612086806,918.217815967359,926.350365682445,935.245487914645,946.36169935508,951.314879522022,950.821884979717,948.683298050514,954.102293177218,977.880360780397,984.725572707159,967.756730513058,918.387257846659,860.232526704263,860.050390879054,NA,NA,NA,NA,NA,NA,NA
NA,NA,NA,NA,NA,NA,634.916485616387,650.478994903812,672.681202353686,654.31261641512,651.200416041575,676.609563164293,690.560772751826,682.815198123803,682.367203197809,694.847069097691,743.088169628429,765.873004773908,789.764176254457,802.726319542169,835.53874835342,850.538892304392,917.877987534291,942.900977227099,964.689069078737,985.203024761902,1002.80855600658,1033.8029493137,1069.01448524069,1079.35165724615,1056.23084571414,1050.74368948072,1033.34693707972,1044.32992871027,1052.52436618322,1031.68511390379,1019.80390271856,1011.4964162072,1008.40201103392,1003.89805905933,997.18309057121,977.880360780397,952.955927627296,929.549485345008,916.856041044612,900.867487067226,904.329053611582,900.347155268455,904.329053611582,916.17385611232,927.698765763974,917.196816392207,901.387818865997,887.235718888323,896.172416446746,876.782736756547,860.958767886128,838.525491562421,832.727235171832,819.488970525398,826.890388625002,824.621125123532,831.038506929733,835.712661314157,870.520103857069,878.741836632982,903.292571694527,916.856041044612,929.044234530197,953.610148480064,939.581008931711,956.229072340486,952.955927627296,951.971638232989,927.192962672987,941.076511235936,976.281209488332,989.002022242624,1002.49378105604,968.722735109888,887.764045228235,872.13817712562,829.531632506846,NA,NA,NA,NA,NA,NA
NA,NA,NA,NA,NA,NA,650.960120260132,652.15630820756,675.462804305315,672.448521509517,676.156061419679,676.849318534044,680.989449773845,679.613705398539,694.845322526154,713.700285880557,757.83897212044,789.976042617221,791.947549647941,836.276332276621,872.675318477135,881.04593999785,915.491671180028,937.748486372625,985.519963172706,1007.78221853732,1024.99347068141,1040.8825081815,1062.571807291,1060.95471780969,1061.24926383956,1051.48704224065,1047.31375279514,1036.21276927872,1037.12342563458,1033.8029493137,1013.19222301009,1011.80512868683,1000,1001.24921972504,973.235463812354,958.18839483684,951.971638232989,935.580162656518,920.5966306359,903.636476828657,907.433770144453,903.292571694527,902.25370613771,905.538513813742,921.954445729289,913.605276276136,893.378419260282,901.387818865997,886.70739254841,864.94098725835,850.183783792374,827.647267862342,820.060973342836,813.941029804985,807.000619578449,825.946231850893,828.77613483528,845.946215784432,872.313178273152,900.173577634228,916.344243786117,928.370034489433,934.07708461347,956.71852678199,956.065809588686,955.24865872714,954.921406664489,944.527439466277,931.730748508319,950.821884979717,965.012953280939,984.725572707159,996.548233436718,980.114789195633,955.080016534914,910.013736160065,881.04593999785,NA,NA,NA,NA,NA,NA
NA,NA,NA,NA,NA,637.377439199098,666.379775495517,654.31261641512,652.396603989002,683.957175023326,677.30834483281,673.145600891813,682.596108692596,701.114864343502,704.450140180269,726.722092687432,781.424980404389,801.949231839258,827.080515301585,862.046982478333,874.642784226795,896.869284998779,942.403841248538,965.660395791398,995.294330443501,996.869313235425,1020.11028815516,1037.42189718925,1057.26419866066,1066.97537421554,1076.88763280708,1058.44765207434,1041.48200970276,1029.8664962023,1027.74023955472,1020.11028815516,1015.19702521235,1006.0751875079,1000.93701226726,990.580637807947,977.880360780397,959.978798960204,958.18839483684,941.740176242237,928.540384233316,926.350365682445,901.387818865997,897.566153550812,901.387818865997,899.650296697192,916.856041044612,897.566153550812,886.002257333467,901.387818865997,886.70739254841,863.495801958527,850.367567584747,838.525491562421,828.213417186502,823.659521998502,814.324873745117,820.060973342836,838.339111137216,857.502076151582,879.443461177097,887.235718888323,907.261319434492,933.742409871597,948.683298050514,951.971638232989,965.336674536169,977.880360780397,958.18839483684,959.978798960204,948.683298050514,960.13080600404,978.197999341982,995.772202064141,1009.48481967258,988.99879180002,961.60067405889,911.519034029064,858.927745427246,767.71623719778,NA,NA,NA,NA,NA
NA,NA,NA,NA,NA,654.31261641512,657.647321898295,666.379775495517,655.266426917727,662.379376730233,675.462804305315,702.226339161266,715.221261310997,715.891053163818,732.92552090181,753.740671584067,805.062109405231,815.283129805421,828.02475808396,901.387818865997,925,946.201920624269,976.434306056409,972.593169928011,1007.78221853732,1020.41658159793,1046.86726090052,1049.25331090463,1053.71315952891,1055.04739230046,1072.08428735096,1054.30655045217,1044.62912078881,1026.82723299444,1007.78221853732,994.821348971176,989.791330025286,990.580637807947,995.301461869719,977.880360780397,972.593169928011,957.698940395336,951.642409032353,937.083240699566,927.867162713751,919.91621663179,910.013736160065,909.498342147479,903.119593409422,904.502031896687,912.414379544733,901.734439843572,910.013736160065,893.378419260282,877.852493303972,873.212459828649,854.582273362493,850.183783792374,841.871602685115,817.579176786843,823.861455565443,824.999913042245,839.270186191497,861.683175892933,871.958099096024,886.002257333467,910.013736160065,930.38970329642,931.898719213072,950.821884979717,952.463782930142,973.074810823179,965.498453799511,973.074810823179,995.772202064141,985.820694974115,976.281209488332,981.229462207529,969.20823562846,982.980162566875,978.997574988015,909.498342147479,815.091207835355,792.504135501433,NA,NA,NA,NA,NA
NA,NA,NA,NA,602.079728939615,632.949445058608,654.31261641512,675.462804305315,660.018939122204,656.220237420334,693.268886509929,722.619954435872,728.868986855663,726.722092687432,757.658991085229,771.767452021657,810.08340231742,816.241385865725,864.384185209142,928.371987283538,957.046223202032,950.328890437411,989.774410147358,1000,1012.08228477816,1026.21878758869,1051.48704224065,1036.35485280658,1040.43260233424,1030.77640640442,1039.83171715427,1019.95709543686,1017.50046396545,1011.95962638651,1007.78221853732,990.580637807947,988.525810327695,982.980162566875,980.114789195633,976.281209488332,963.391078182253,952.463782930142,933.407735129724,929.717456049761,916.856041044612,917.02642871841,905.538513813742,895.299803723331,901.387818865997,905.711030206707,908.639092269312,902.25370613771,905.883546599672,886.002257333467,869.626356546304,863.495801958527,850.367567584747,850,832.353569560999,824.23152481594,811.249036979398,811.249036979398,835.53874835342,849.264387573151,860.232526704263,873.212459828649,884.942866908326,892.85341706951,912.414379544733,938.416218956173,950.164445218705,972.432516938836,976.281209488332,980.433577556379,977.080785134365,970.82439194738,963.391078182253,977.080785134365,989.791330025286,965.012953280939,929.212631479975,856.767467499032,854.216988559077,826.513762740827,756.212882055922,NA,NA,NA,NA
NA,NA,NA,NA,638.844931471192,657.647321898295,675.462804305315,676.849318534044,673.145600891813,705.114925427462,720.660979795582,724.132788585261,751.040684954414,760.345316287277,775.403120963541,822.341049233184,828.402076289045,836.845739532715,920.928020522306,981.706870061627,968.722735109888,974.358552353761,1016.42194109315,995.615387586994,984.666246147258,1017.65365668375,1026.21878758869,1016.26656236049,1023.01225729466,1023.77684918973,1025.91422643416,1002.6517505631,1005.91824996924,995.301461869719,1001.71668040803,987.578084204212,972.753822917186,959.978798960204,971.628454443108,958.18839483684,948.351775987398,926.350365682445,926.350365682445,926.350365682445,914.635210294673,899.476986208405,887.764045228235,885.296278990587,898.259785857601,909.326414214689,908.639092269312,901.387818865997,896.869284998779,886.002257333467,862.046982478333,849.448171158741,835.53874835342,827.647267862342,816.241385865725,807.774721070176,807.000619578449,807.000247950015,816.241385865725,827.836012973151,840.200848259576,838.525491562421,859.142013871979,886.354824940939,884.942866908326,905.883480916667,935.580162656518,950.328890437411,950.821884979717,958.18839483684,953.610148480064,951.971638232989,945.713785054588,961.769203083567,968.404173132731,990.580637807947,950.328890437411,929.549485345008,884.229896459331,830.283962571853,781.424980404389,NA,NA,NA,NA
NA,NA,NA,NA,653.116428467692,673.145600891813,693.946715332796,688.971172592133,695.956060301531,733.56805845393,741.197874365417,761.982124786683,787.199296798863,790.569415042095,831.038506929733,825.946231850893,854.400374531753,854.765971678053,956.065809588686,972.432516938836,993.098012697471,1003.58295588467,1014.11850234004,1019.03697086514,1012.70207185501,999.062060134404,1012.42283656583,1026.21878758869,1036.52044669481,1020.25092896642,1011.80512868683,1006.69574329663,998.433873534019,995.458424728356,991.999131408279,985.044402470756,973.717104707522,951.971638232989,948.351775987398,936.582751021009,928.035559663529,925.844070924266,928.035559663529,920.5966306359,900.867487067226,903.119593409422,892.328414878737,887.764045228235,896.172416446746,905.538513813742,903.119593409422,887.764045228235,877.852493303972,871.958099096024,848.896342317482,831.038506929733,822.344210169926,807.774721070176,796.082617890363,789.382670192347,784.81683236457,797.451479391321,815.283129805421,831.038506929733,827.457919514936,831.789898598534,853.300443560337,876.427407147905,905.538513813742,926.350365682445,929.717456049761,926.518270965031,935.079672977962,935.079672977962,930.221732591667,927.024565723209,933.407735129724,955.901820277836,959.3260817669,939.747306460625,950.328890437411,887.764045228235,897.907504932957,873.689639220856,850.904177107808,NA,NA,NA,NA
NA,NA,NA,626.248305179531,695.071938722892,680.073525436772,705.778460683408,708.870150682071,726.722092687432,758.078069589413,770.146090037468,840.940940617036,828.213417186502,844.457476561219,832.541290267336,872.675318477135,875.17853500029,903.808993221622,973.074810823179,996.242942258564,1018.73026228547,1029.25832297957,1035.91746775503,1028.65162682671,1028.19613506339,1020.11024215824,1030.16971025156,1007.16166274859,1020.11028815516,1035.01207722422,1011.4964162072,1020.11028815516,999.061619441928,980.433577556379,953.610148480064,951.971638232989,953.610148480064,916.856041044612,926.518270965031,906.055997309632,903.292571694527,904.502031896687,929.717456049761,920.5966306359,896.172416446746,878.741836632982,883.883476483184,884.766054843541,895.125689498408,891.801554999262,893.378419260282,876.427407147905,854.765971678053,849.631954951115,841.871602685115,824.621125123532,805.062109405231,790.569415042095,776.611228350453,787.199296798863,783.021360864075,796.669847268529,800.390529679106,822.341049233184,831.038506929733,847.237176604144,867.287269526737,874.642784226795,902.25370613771,901.387818865997,921.773591037326,908.811020202102,913.605276276136,919.575631060748,926.350365682445,928.035559663529,935.079672977962,948.844770529704,925.337776166087,923.815556725462,922.293337284836,888.372444433289,876.427407147905,872.119332931072,859.142013871979,882.112800022021,NA,NA,NA
NA,NA,NA,683.275018162036,708.206615426125,726.722092687432,732.713075909074,731.009075870367,755.810822891549,805.062109405231,849.81597757895,870.7037383634,875.17853500029,873.212459828649,903.465549979633,910.013736160065,951.971638232989,973.717104707522,982.344135219425,1030.77640640442,1031.68511390379,1049.85108498538,1044.32988583993,1044.62912078881,1030.16971025156,1022.69843070355,1033.9499160195,1051.48704224065,1066.24014281536,1052.67449382928,1030.77640640442,1012.10941437144,995.301461869719,970.82439194738,952.135403574659,928.035559663529,907.948641379868,898.259785857601,898.956654409634,875.892238574243,876.427407147905,878.741836632982,875.892238574243,885.295434515797,881.04593999785,862.046982478333,860.958767886128,873.212459828649,873.212459828649,861.137919476791,873.212459828649,850.367567584747,840.386815698581,826.513762740827,817.389136213591,813.941029804985,794.512429103535,770.146090037468,761.982124786683,759.111322534449,760.345316287277,764.852927038918,783.021360864075,795.101976122756,792.540922072815,821.383918587275,829.720291609389,835.533390914878,853.851391412777,871.958099096024,878.208403512515,898.256754182203,902.25370613771,900.342873480117,911.214057852399,917.02642871841,928.035559663529,942.403316196898,941.408519188137,945.531092991324,928.035559663529,920.245835590014,925.168888083044,926.350365682445,928.035559663529,912.747566656962,NA,NA,NA
NA,NA,701.78344238091,715.017482303755,726.076499557389,743.088169628429,776.007174656997,790.569415042095,825.946231850893,863.309349631218,875,905.538513813742,909.326414214689,958.18839483684,941.740176242237,965.983954318083,981.376096167887,998.123238883857,1011.4964162072,1035.91746775503,1020.87574619435,1036.0677514294,1039.97405932304,1049.10469082501,1026.97951357171,1020.11028815516,1029.71421848823,1048.50254614082,1051.9324828264,1052.07787428861,1011.4964162072,990.580637807947,986.467727475173,954.921406664489,916.856041044612,908.639092269312,898.780117656372,879.275269753449,870.69478769739,855.131568824354,855.131568824354,867.827747885489,863.133825081603,860.232526704263,855.131568824354,857.502076151582,843.35638967165,844.651302728041,844.641579008031,825.946231850893,822.895606251318,818.91696770796,826.513762740827,805.643942117543,800,778.620575119872,770.73506403185,760.345316287277,738.664335134708,735.272058492637,740.354644748042,733.780503446665,750.416550990182,766.056384154467,780.022777762131,783.820364746026,800.975753386588,811.249036979398,828.02475808396,850.366852934736,853.302408293801,876.247638765383,887.235718888323,880.695747690427,898.956654409634,914.635210294673,926.350365682445,937.749729827869,959.4893445187,966.459231096036,955.24865872714,975.317091848792,950.821884979717,956.71852678199,954.102293177218,908.121092089829,909.326414214689,NA,NA
NA,NA,732.07052267415,735.272058492637,747.910847254407,776.611228350453,815.655005161117,850.367567584747,872.8518691817,880.695747690427,927.024565723209,930.221732591667,952.955927627296,977.080785134365,980.114789195633,961.769203083567,986.470982847443,1011.4964162072,1017.80680340514,1015.19702521235,1022.40195135928,1023.16453787192,1033.49496091844,1045.67475413943,1040.58275857959,1049.24553310335,1105.66664138883,1081.95425041912,1057.8529570913,1033.04757591644,992.47166206396,981.547475881254,952.788774582275,909.498342147479,886.70739254841,865.480786483546,872.84012059473,862.590403779968,853.851391412777,855.131568824354,845.946215784432,831.602177892197,831.602177892197,826.513762740827,832.165848854662,831.038506929733,827.647267862342,807.000619578449,803.50793399941,794.11900871343,799.021668178149,762.397093355039,776.007174656997,766.893082508898,778.620575119872,775.403120963541,751.664818918645,728.868986855663,730.366522635442,711.29280310214,709.7512932316,715.891053163818,726.722092687432,735.272058492637,756.212882055922,761.987532706409,779.822771355269,785.015923405379,797.652806677191,832.541290267336,833.478626840634,852.934846414037,865.121296563256,880.695747690427,893.902805130099,910.698663839813,924.995002696409,939.081762708399,953.610148480064,958.18839483684,958.18839483684,981.547475881254,961.93163666413,954.59056209341,930.38970329642,897.566153550812,904.674548289652,NA,NA
NA,NA,726.722092687432,769.91405223707,775.403120963541,817.001001573911,845.946215784432,875,880.695747690427,906.566664784743,941.728951118475,931.898719213072,998.277696722846,1025.30483272049,1003.27055347993,1029.25832297957,1029.8664962023,1017.96365357512,1018.88345500377,1035.01207722422,1020.11028815516,1035.60450436933,1031.82885365488,1049.40459309077,1072.08131533312,1099.70867638638,1111.7187218975,1099.28909302885,1069.88226590534,1029.40630449593,978.030619963474,984.091593664388,930.053761886914,913.430467834592,858.047332567724,850.918442940534,831.602177892197,822.344210169926,838.339111137216,832.165848854662,850,825.378700960959,801.949231839258,800.975753386588,794.315718908482,777.011848041707,771.969856297841,743.303437365925,676.156061419679,632.949445058608,663.088313761504,660.018939122204,691.463471199894,727.795539771547,752.080447824566,745.821694508815,731.864058415222,726.722092687432,717.850027804108,709.09105254092,700.446286306095,707.106781186548,713.701763350851,725.206235669377,742.672270674358,768.716826912362,776.611228350453,784.81683236457,800.390529679106,819.488970525398,827.836012973151,850.367567584747,867.287269526737,874.642784226795,882.112800022021,903.119593409422,905.883546599672,906.055997309632,912.414379544733,937.083240699566,933.56850129324,941.242515212036,940.909276325668,941.242515212036,927.681090429506,903.465549979633,888.113474035855,NA,NA
NA,NA,755.188984552572,763.216876123687,764.034901581303,826.513762740827,848.329398982725,880.695747690427,900.867487067226,921.10590596677,946.366365842974,959.3260817669,1019.03697086514,1022.55514407758,1050,1035.01207722422,1038.47757139442,1024.3811593636,1015.03972920911,1029.71421848823,1016.41970908188,1031.07668050088,1037.87459245465,1052.22599269561,1080.65295383263,1100.70596136861,1092.01648339208,1093.29853890132,1063.60236930913,1041.93329920874,960.616306522611,938.416218956173,902.577682290819,894.250415662742,833.290906134297,824.977737318846,807.774721070176,817.389136213591,805.180197289578,805.643942117543,810.85787543758,796.082617890363,765.057160144808,728.439987891857,740.354644748042,741.829041056984,671.750797801811,570.90929673273,552.833320694415,537.644622276524,555.090082779363,583.630876496438,604.41081490106,660.964526932945,720.66371954736,743.303437365925,735.696948478108,718.068220769559,704.006392016436,697.759112514494,704.006392016436,696.419413859206,695.745676291049,704.893051345546,726.934493427831,751.870335792033,761.987532706409,772.172260574025,807.000619578449,820.630588938943,831.602177892197,850,862.227284922328,860.595647295195,873.212459828649,878.208403512515,882.643024169067,892.328414878737,914.635210294673,917.367014289452,919.578645095608,945.543569649526,931.226471966413,941.740176242237,929.549485345008,910.013736160065,898.780117656372,NA,NA
NA,731.864058415222,756.637297521078,783.021360864075,816.044883036245,843.166515741506,883.883476483184,909.498342147479,912.919494589752,908.982948134892,955.738557526035,983.441191511511,1031.53217226421,1031.06812767186,1085.41466730462,1061.52393023258,1055.04739230046,1051.18980208143,1035.46477248963,1044.03065089106,1041.33310701683,1060.66017177982,1059.48100502085,1053.26721727056,1043.42564836143,1082.38316227538,1084.98263273941,1065.80141873691,1042.9819750499,1017.65662185238,966.296797515474,950.484408069612,893.198553592494,866.746791167986,809.511879024787,796.082617890363,791.947549647941,798.827265433523,735.254369036777,766.258788430651,728.868986855663,715.454267733786,680.073525436772,655.266426917727,602.855047565478,562.588897664466,485.41219597369,467.038542306735,460.977222864644,493.0770730829,512.95711321708,551.983239584049,582.558021988544,618.465843842649,667.52785781775,727.795539771547,726.722092687432,715.891053163818,707.106781186548,686.476510887299,690.560772751826,687.84082460988,687.84082460988,707.990112925315,726.722092687432,750,763.216876123687,769.532671541462,805.643942117543,826.701729522459,822.341049233184,838.525491562421,852.749568204551,851.834987939274,863.314813520065,860.050390879054,864.94098725835,875.53509568735,890.571232244259,890.567291774163,899.476986208405,907.605698077243,923.646668642418,929.203867564862,927.526880943457,917.196816392207,917.196816392207,871.42095774451,NA
NA,724.98962097423,756.637297521078,779.018104377421,831.038506929733,862.046982478333,891.095618114075,919.405243386951,933.235982319436,952.955927627296,993.414031311158,1019.64928218295,1037.87459245465,1066.68067956189,1089.1510455396,1090.01146782958,1076.16180990361,1066.97537421554,1048.6585782243,1084.26180921317,1066.97537421554,1054.89927389345,1063.60236930913,1048.50932382646,1044.03065089106,1058.14832807001,1073.83657974573,1068.00046816469,1037.42189718925,1025.91422643416,983.43092364814,913.434888602339,896.858116872367,844.651302728041,805.641327534793,783.022988168291,756.212882055922,745.821694508815,704.006392016436,735.484503485373,672.913401622749,612.882533606563,559.016994374947,535.023363975817,498.11791551599,459.619407771256,434.086571227563,414.953279179251,426.467423207018,450.693909432999,484.121196934695,506.211418282915,536.772763839597,601.300168206415,625.23551650971,697.759112514494,738.24115301167,721.543484483091,710.633520177595,695.071938722892,686.476510887299,681.220364317291,689.655711206686,703.112998490375,725,740.354644748042,735.272058492637,735.272058492637,751.870335792033,767.703741644083,792.540922072815,815.857004979354,816.815261039658,831.038506929733,853.851391412777,858.410453158656,853.851391412777,875.53247656631,862.77139221843,886.002257333467,905.883546599672,927.698765763974,923.646668642418,934.744998236088,914.635210294673,931.226471966413,925,948.683298050514,NA
NA,750.416550990182,756.212882055922,782.943230367543,832.541290267336,883.883476483184,930.38970329642,933.407735129724,985.202207777582,1017.65365668375,1067.39739575938,1050.44581766571,1070.91852395521,1068.00046816469,1097.43987089875,1098.43615842702,1083.54002497191,1072.52003941157,1069.02359805816,1081.6653826392,1060.80664716663,1051.18980208143,1062.13127054448,1053.8619454179,1042.08082293227,1047.31375279514,1051.9324828264,1055.04739230046,1043.13230225125,1026.06650701142,954.42729934161,919.918474648705,883.349002511947,839.269773205295,795.886682529317,761.577310586391,742.243014821761,727.366540807742,677.768164871043,628.727766016838,575.271610830534,537.928027647708,472.024502363328,444.754372911906,416.082924427331,390.110312857532,375.416204729661,371.651718682963,382.426463519459,419.076365356005,450.693909432999,471.69905660283,504.043745729981,551.983239584049,597.37160424805,654.31261641512,727.795539771547,730.154093325512,715.891053163818,704.006392016436,695.071938722892,691.465834296967,687.15866774859,710.853326421995,724.132788585261,725.861046343716,727.795539771547,728.868986855663,736.756605752154,743.303437365925,758.078069589413,782.623792124926,804.28502170232,820.630588938943,840.386815698581,845.946215784432,849.624312039116,866.561079252416,870.882266835962,886.354824940939,910.013736160065,917.02642871841,901.387818865997,919.575631060748,916.856041044612,936.082261342453,941.075573854582,941.408519188137,NA
NA,743.088169628429,776.299773158017,815.091207835355,853.851391412777,916.856041044612,951.971638232989,999.062060134404,1075.29065838033,1103.82289187539,1089.0048441261,1090.57250867259,1116.35567808831,1077.75690987384,1108.75450480444,1118.03398874989,1112.14754311146,1085.41466730462,1075.29065838033,1080.79769725179,1069.74790397279,1065.06637873855,1058.88286837996,1062.1322893124,1060.95475869615,1048.21208632968,1052.97047878394,1032.13886841707,1026.97951357171,999.67787163544,960.949277516285,903.119593409422,874.456070937957,807.387670324312,785.015923405379,763.624462978553,741.829041056984,698.881285177581,627.991059953896,523.805113243122,467.038542306735,434.086571227563,406.970514902493,373.325859341481,335.875398900906,325.960120260132,318.19198894424,347.311099736245,357.945526581909,382.426463519459,405.42893771879,427.931069215592,472.024502363328,526.48523939197,561.177881704466,633.430677399903,688.066111046993,736.968196813672,726.722092687432,707.990112925315,702.448213243182,696.419413859206,688.066111046993,704.893051345546,721.306572925625,709.311816551455,697.316284049068,707.548584904245,721.110255092798,723.270580760072,749.166203188585,764.239134687193,775.403120963541,792.344211877762,805.062109405231,825.378700960959,845.946215784432,861.139754591298,875.35707000058,891.801554999262,901.387818865997,904.674548289652,893.902805130099,904.674548289652,906.228448019593,924.826605746631,930.553250446849,943.72558638666,NA
NA,721.543484483091,780.622183622399,849.264387573151,897.566153550812,985.043789436761,1002.75582076585,1051.48704224065,1074.83292540194,1126.38311251516,1112.84638266805,1117.89316847511,1121.52045578706,1110.46161572564,1128.73214987853,1128.05141726785,1117.1929074554,1093.29853890132,1096.72763502278,1087.28285642211,1079.4964006653,1075.29065838033,1075.14532919016,1073.54552767919,1066.97537421554,1045.67509578086,1054.30655045217,1038.17503504464,1020.11028815516,1013.80993088909,978.197999341982,936.745898008134,884.942866908326,821.202591756381,798.240036055357,759.728319410863,702.448213243182,651.920240520265,553.398590529466,495.599272106091,446.847519049866,400.390244273517,373.325859341481,325.960120260132,305.163890393343,291.547594742265,285.043856274785,307.198406157334,338.188681947614,360.555127546399,381.608438061844,436.606229914325,470.703206152114,530.330085889911,595.530975034431,668.008977453271,701.08935995472,705.778460683408,731.864058415222,715.017482303755,710.853326421995,695.071938722892,702.448213243182,704.450140180269,710.633520177595,707.990112925315,704.893051345546,711.29280310214,711.073132666395,725,736.756605752154,751.872633371606,757.874310027763,773.585286492599,796.082617890363,803.695574628777,835.526693875153,854.765971678053,878.56388152871,895.299803723331,894.775417853514,903.292571694527,901.387818865997,906.739643069849,906.228448019593,911.214057852399,927.867162713751,923.646110947688,NA
NA,715.221261310997,798.041026410542,857.679571208941,946.040705628087,1002.95272871059,1044.62912078881,1070.91852395521,1094.87070169854,1098.43615842702,1108.91167262157,1139.35258938635,1132.33710909405,1123.61025271221,1134.54144682864,1127.34936045573,1126.52570863392,1098.72076433674,1085.41466730462,1077.0329614269,1077.75690987384,1068.00046816469,1064.04290605566,1064.04290605566,1061.10201126785,1051.9324828264,1036.0677514294,1035.01207722422,1023.01225729466,1005.60926805594,995.615387586994,969.850529512803,895.125689498408,845.946215784432,776.409981581727,726.722092687432,672.913401622749,593.182104077063,532.676724932864,460.977222864644,433.361246633228,398.032598034041,356.631143335353,311.241012037433,301.039864469807,292.617497767991,285.043856274785,304.651008454127,343.673931227316,364.005494464026,406.970514902493,442.267493806678,483.148398757737,527.375577743225,600.50617660811,675.462804305315,721.110255092798,759.111322534449,738.24115301167,730.154093325512,707.106781186548,705.779710674655,707.548584904245,715.454267733786,707.990112925315,705.779710674655,707.76934891478,711.29280310214,720.676243463745,736.968196813672,728.868986855663,744.56256593737,760.345316287277,782.623792124926,794.512429103535,817.389136213591,840.386815698581,863.495801958527,882.105330422991,861.502875182231,882.112800022021,890.046230053486,890.046230053486,905.883546599672,893.378419260282,903.465549979633,892.328414878737,893.378419260282,NA
NA,725.206235669377,794.839925364496,892.458835609806,950.328890437411,1002.95272871059,1063.60236930913,1057.26419866066,1080.07095627431,1096.15798000681,1106.62464393666,1141.40771933765,1133.43686159793,1130.5419054595,1123.05387226081,1123.05387226081,1109.61705105861,1091.42236499932,1068.8779163216,1063.74901203783,1080.21849046263,1065.80141873691,1063.01458127346,1075.29065838033,1075.72641044094,1066.24195548344,1047.16411388553,1019.03697086514,1026.06650701142,1015.19702521235,982.18350513205,967.261513000377,901.387818865997,849.81597757895,770.956771029562,724.98962097423,628.98414170271,559.016994374947,537.635824740199,467.367118322428,427.931069215592,395.284707521047,349.10141046335,311.241012037433,285.043856274785,279.508497187474,279.508497187474,309.232921921325,340.036762718386,375,421.670217033967,458.938993767145,508.056684821097,540.254259971336,632.949445058608,661.910114743686,735.272058492637,764.852927038918,750.416550990182,728.868986855663,707.990112925315,707.990112925315,707.548584904245,706.66414778945,713.700285880557,715.891053163818,715.454267733786,713.26497792082,725.861046343716,747.4939488487,751.872633371606,745.821694508815,761.577310586391,794.512429103535,806.418415237703,836.845739532715,850.367567584747,871.419408187477,850.183783792374,850.367567584747,863.314813520065,874.642784226795,885.82376085571,890.046230053486,893.378419260282,892.665099389524,898.953428145159,884.942866908326,NA
NA,723.265547565915,783.620766724344,875.53247656631,919.745076838522,992.151742056172,1039.83171715427,1073.54552767919,1107.07945528822,1106.93833616658,1123.61025271221,1123.61025271221,1114.95515604889,1100.14158706315,1106.79718105893,1093.87341671632,1069.74790397279,1056.80966577653,1067.41409829399,1050.2971975861,1064.04290605566,1066.97537421554,1056.08272730714,1057.41429912783,1070.62046932336,1068.00046816469,1051.18980208143,1048.50932382646,1045.51075961785,1010.10461216918,998.120096198234,950.328890437411,892.675190118325,840.386815698581,777.214343827828,720.459628768598,650.238164536954,623.742660862897,562.903098406339,501.557647468726,446.16297043454,385.26541546298,357.945526581909,322.578105935821,309.232921921325,309.232921921325,340.036762718386,371.651718682963,395.284707521047,398.032598034041,453.450549602683,500,581.469272361879,605.18592184551,663.084294232931,681.220364317291,743.931399245803,775.403120963541,752.080447824566,728.868986855663,723.055127546399,709.311816551455,707.106781186548,706.443245930601,716.109246129269,726.722092687432,728.868986855663,718.068220769559,728.868986855663,739.509489941375,752.080447824566,776.208734813001,797.451479391321,802.726319542169,822.14783433446,838.525491562421,854.765971678053,854.765971678053,860.594498175156,866.380090813954,857.502076151582,865.480786483546,870.7037383634,877.852493303972,884.236888565445,879.985508721938,883.883476483184,879.985508721938,NA
NA,746.234820277255,847.26715444413,896.172416446746,936.577520795174,984.88578017961,1047.0195795686,1081.6653826392,1105.10180526502,1112.28610355375,1109.61705105861,1100.28405423327,1091.44399764715,1087.7130675671,1072.66869316598,1070.04672795163,1068.00046816469,1061.24926383956,1049.40459309077,1045.52549974159,1039.83171715427,1050.74368948072,1071.35724803366,1066.97537421554,1087.85836807232,1062.1322893124,1058.44765207434,1040.43260233424,1051.18980208143,1013.80993088909,1000.62460986252,951.314879522022,904.501570004547,831.038506929733,771.159175305747,742.251612114333,660.255589901675,638.112028079065,609.767090350519,525.273193528515,460.29831531795,403.887360535088,364.005494464026,364.005494464026,369.120576505835,389.710606723967,406.970514902493,439.450690119089,450.693909432999,481.532257851581,539.900047811633,604.927626483951,625,639.061920043403,684.421857042554,742.243014821761,777.615901735163,776.208734813001,761.577310586391,755.810822891549,735.272058492637,726.722092687432,723.055127546399,729.511540090587,728.868986855663,738.452744073189,740.983886250317,742.672270674358,747.060775903679,753.737820905097,754.358872672822,784.81683236457,800.390529679106,816.428998756473,844.651302728041,824.621125123532,838.339111137216,843.35638967165,857.502076151582,845.946215784432,851.46931829632,861.139754591298,862.046982478333,867.827747885489,882.643024169067,876.959026990122,883.706664418399,885.295434515797,NA
687.84082460988,772.756828814385,821.143771954565,877.852493303972,910.013736160065,992.132542448153,1040.73291482493,1095.73035004056,1103.82782941251,1096.58560997307,1096.58560997307,1086.56569060504,1077.0329614269,1069.46232213662,1085.41466730462,1068.00046816469,1073.82080612458,1052.21693934821,1057.70566363314,1040.8825081815,1019.80390271856,1061.54352400427,1084.55059817419,1085.41466730462,1088.42933247589,1080.50851994267,1068.8779163216,1058.58984080643,1032.28754566146,1002.80855600658,986.154146165801,954.919444038764,898.256754182203,824.999913042245,796.082617890363,765.245703162373,729.082541126782,660.018939122204,633.683788137045,564.297164396919,491.172067609712,459.958108315895,459.279200769201,425.73465914816,442.648139495294,474.341649025257,502.166444706098,567.056710591746,556.207792452207,581.750775866799,631.960459132403,668.706056835567,713.262286670706,729.082541126782,752.910559704316,825,807.387670324312,794.512429103535,772.172260574025,770.146090037468,761.7824216464,743.303437365925,743.303437365925,755.810822891549,750.416550990182,749.166203188585,751.040223912283,766.077237879798,759.111322534449,770.146090037468,764.852927038918,797.451479391321,824.999913042245,825.946231850893,836.284347062971,831.038506929733,841.871602685115,838.525491562421,840.014880820572,839.270186191497,835.53874835342,828.213417186502,846.126365994566,852.38586329506,866.386172558173,876.425593869655,879.452075601471,882.112800022021,827.647267862342
NA,780.010431143651,860.595647295195,868.006264552239,946.863501821535,1020.70790640052,1063.60236930913,1091.1480203228,1095.73035004056,1095.73035004056,1099.28909302885,1081.80981652916,1076.59756196422,1081.6653826392,1082.38716688046,1071.64556327251,1053.25029229473,1053.11909886355,1077.32244650385,1049.40459309077,1065.80141873691,1074.41809302976,1092.44069779008,1099.71572554115,1092.73143491176,1092.01648339208,1082.52790569454,1070.04672795163,1042.53280072999,1011.48962187483,984.88578017961,959.328515225884,893.198553592494,824.428986455377,797.652806677191,792.344211877762,753.945635358057,695.956060301531,639.579520351158,596.343022093828,502.804537996749,515.059126263199,466.032711625096,502.493781056044,515.388203202208,547.150523341286,590.021186060297,632.949445058608,676.14974312606,702.226339161266,705.778460683408,726.722092687432,742.031423760242,786.078990850381,818.151179604281,849.631954951115,827.647267862342,806.225774829855,805.062109405231,785.015923405379,773.585286492599,760.345316287277,761.987532706409,764.440307607653,767.703741644083,762.602204415048,784.81683236457,783.620766724344,791.750839452888,792.540922072815,774.38333257867,804.28502170232,828.213417186502,829.720291609389,852.38586329506,831.038506929733,850.918442940534,850,853.302408293801,852.38586329506,831.038506929733,831.038506929733,842.980548302502,845.946215784432,852.934846414037,863.495801958527,873.212459828649,870.520103857069,NA
NA,810.275324287486,878.56388152871,887.235718888323,928.035559663529,1045.95982228745,1083.82885420014,1096.15798000681,1111.72526077794,1107.22061039587,1100.1393867825,1096.15798000681,1084.98263273941,1100.99056727832,1085.99017895483,1081.6653826392,1083.10895112172,1060.36513443021,1077.0329614269,1077.0329614269,1103.5406176461,1085.99017895483,1084.83732086338,1085.41466730462,1084.83732086338,1096.58560997307,1085.99017895483,1062.1322893124,1050.74368948072,1031.68511390379,995.615387586994,958.18839483684,886.177172937971,822.719837151898,799.021668178149,776.007174656997,752.702745251356,729.511540090587,660.255589901675,623.243458789276,593.182104077063,593.45334787836,573.36310230043,595.293119147032,603.116013809672,631.696456633558,679.837166360714,705.114925427462,732.07052267415,762.599121663098,750.208275495091,771.969856297841,805.048633357094,876.427407147905,869.626356546304,860.958767886128,840.386815698581,840.014880820572,820.060973342836,813.941029804985,795.691523141977,781.619158221816,768.519586273183,783.220451904884,790.569415042095,786.202829180319,784.617741323761,790.569415042095,813.17279836453,817.579176786843,797.456871316145,809.706737035082,824.428986455377,836.464052982958,833.290906134297,826.513762740827,846.678194835825,856.22221108289,858.047332567724,864.937365181911,888.466041643326,849.632193786576,851.46931829632,854.400374531753,853.302408293801,860.595647295195,852.38586329506,854.765971678053,NA
NA,818.334541957521,862.046982478333,880.691172828793,910.013736160065,1034.99780821647,1065.80141873691,1083.54002497191,1097.15526498904,1102.83593949799,1107.3617295175,1095.73035004056,1097.72492000501,1109.89860830867,1098.86069362516,1087.28285642211,1082.52421055559,1101.13577727726,1099.56973176653,1074.56361906303,1086.56569060504,1099.00448711914,1094.01480381011,1075.72641044094,1075.72641044094,1096.58560997307,1083.68445886187,1051.18980208143,1048.06283193184,1022.55514407758,1009.48481967258,973.074810823179,912.919494589752,866.746791167986,819.488970525398,800.975753386588,759.107304053734,718.063868698276,675.462804305315,655.266426917727,668.713894955969,650.960120260132,648.7969189205,673.145600891813,700.864490329519,735.264196774965,755.188984552572,748.119122749498,800.172391771642,834.781999246077,909.121929955305,901.724850075242,926.517779831765,916.856041044612,896.172416446746,895.125689498408,875,855.131568824354,849.264387573151,829.720291609389,821.202591756381,814.132951775051,800.390529679106,809.11745388488,806.03136449184,826.69135854983,809.511879024787,803.50793399941,798.041026410542,807.000247950015,810.85787543758,825.946231850893,831.038506929733,832.727235171832,850.367567584747,839.456153630501,827.080515301585,851.46931829632,875.892238574243,881.04593999785,876.247638765383,875,886.70739254841,869.979625498317,876.954103759538,837.032119957921,831.038506929733,831.038506929733,NA
NA,781.824379857796,861.139754591298,890.027946464965,961.433457384157,1054.75115548645,1063.74073659277,1092.86832775633,1108.77055349993,1101.84481541863,1110.03933339212,1091.01397561083,1121.80030690578,1137.84314761399,1121.52045578706,1112.14754311146,1103.11879127114,1097.15482133179,1081.37504760309,1080.79769725179,1092.01648339208,1085.55814438961,1073.83657974573,1064.77632478776,1053.8619454179,1078.62245439972,1083.68445886187,1074.56361906303,1040.2823159896,1027.74023955472,1006.54110695987,985.678381513527,935.245487914645,885.646948790925,887.235718888323,863.314813520065,770.33225710712,744.56256593737,724.132788585261,713.045307485075,718.718847093759,726.722092687432,736.756605752154,758.491306904178,800.975753386588,792.344211877762,807.000247950015,862.046982478333,881.04593999785,958.18839483684,933.407735129724,937.576797924703,936.41122326626,930.38970329642,908.982948134892,910.013736160065,903.119593409422,884.590300647707,866.386172558173,853.302408293801,837.032119957921,825.378700960959,825.378700960959,818.91696770796,829.342887396038,826.134196492937,824.999913042245,838.15273071201,827.829816026633,813.556914084757,800.975753386588,818.153051960775,829.342887396038,827.836012973151,827.080515301585,831.789898598534,825.946231850893,825.946231850893,851.6512041469,852.197978198752,859.687270288121,866.566481863079,873.927622027722,870.520103857069,821.383918587275,812.595033392191,805.062109405231,815.091207835355,NA
NA,773.988093417329,855.131568824354,918.558401538401,1007.12954267338,1038.91562957,1076.16216250154,1101.84481541863,1103.25456318327,1117.61456866256,1126.24861418898,1148.09234619101,1128.32623420751,1129.57402628858,1125.27774349269,1124.44399810245,1114.39431327308,1096.15798000681,1084.98263273941,1078.04791680938,1068.00046816469,1067.99850410901,1074.99937112364,1065.95028026639,1048.95543642717,1097.0122409325,1100.14158706315,1084.26180921317,1078.30620927834,1075.29065838033,1039.97405932304,981.388856387902,947.182223407716,901.387818865997,895.649052972577,895.125689498408,850.182830306901,804.082625374641,762.397093355039,761.577310586391,759.513849507618,752.078611287124,783.819857765153,804.28502170232,840.386815698581,864.937365181911,883.883476483184,899.476986208405,952.955927627296,955.24865872714,958.18839483684,959.3260817669,955.24865872714,943.39811320566,928.035559663529,925.844070924266,905.883546599672,901.734439843572,884.236888565445,867.827747885489,868.727052215897,853.302408293801,840.014880820572,853.302408293801,873.212459828649,851.834987939274,847.605301678791,861.139754591298,834.595618820872,831.038506929733,825.567443932179,838.339111137216,856.758150387327,847.421279050957,838.525491562421,825.756881370413,827.080515301585,852.38586329506,852.38586329506,871.413873942745,870.520103857069,869.265743124444,840.200848259576,783.620766724344,781.824379857796,796.476229548538,795.886682529317,794.11900871343,NA
NA,796.476229548538,843.166515741506,928.876263825444,1012.42283656583,1053.19144130032,1078.48273050615,1085.41466730462,1118.03398874989,1135.36747321494,1138.66598332678,1130.5419054595,1117.89316847511,1157.8410347874,1154.20292966565,1167.79658085695,1141.81400136672,1115.6554170686,1093.72258868202,1086.12999833066,1074.56361906303,1076.16216250154,1068.00046816469,1060.36513443021,1087.28285642211,1096.58560997307,1131.23252386334,1117.89316847511,1110.18016555873,1101.84481541863,1095.86402594021,1034.66496435514,998.120096198234,930.38970329642,915.491671180028,905.538513813742,886.002257333467,869.265743124444,855.131568824354,839.269773205295,815.857004979354,825.378700960959,850,871.42095774451,898.956654409634,931.515478482612,910.158204900815,937.083240699566,942.88326937504,952.955927627296,965.336674536169,975,973.717104707522,956.882960450232,951.1502643352,941.076511235936,929.717456049761,903.119593409422,901.734439843572,897.38311906314,890.224690738243,872.13817712562,873.927622027722,894.427190999916,896.172416446746,897.907504932957,905.883546599672,903.115350934064,901.387818865997,901.724850075242,859.31368539144,878.547968155917,893.902805130099,876.782736756547,835.159289783336,839.456153630501,853.851391412777,852.38586329506,855.131568824354,887.235718888323,896.869284998779,853.114853007966,826.323633931171,758.491306904178,767.703741644083,783.820364746026,784.617741323761,772.172260574025,NA
NA,789.565085213648,825.378700960959,951.971638232989,991.999131408279,1028.61685689487,1075.29065838033,1079.64114408446,1127.21784990383,1138.66598332678,1141.09742464996,1144.67995927763,1159.06712900103,1175.26592735432,1176.59166484723,1181.89170777764,1147.14318262691,1129.71018532257,1113.40609981691,1098.29413182444,1073.83657974573,1072.66869316598,1076.74136525307,1061.24926383956,1080.94209259006,1087.85836807232,1115.51543516319,1110.18016555873,1130.81774751834,1105.10180526502,1101.69796854473,1060.35071787642,1002.16163270012,976.281209488332,962.578852346832,943.064709903863,903.46316633987,901.387818865997,883.883476483184,890.224690738243,885.82376085571,888.994367983239,898.780117656372,925.337776166087,933.407735129724,930.221732591667,918.898231091498,922.628125407396,941.076511235936,946.040705628087,956.065809588686,979.942890089805,974.358552353761,971.789107432283,976.281209488332,957.209485953832,938.416218956173,919.918474648705,916.856041044612,907.948641379868,895.299803723331,902.25370613771,902.599994911602,920.936460188997,935.911977042948,928.540384233316,925,933.407735129724,933.407735129724,890.214724166692,874.819933488277,907.433247367282,866.561079252416,870.882266835962,857.502076151582,838.339111137216,839.270186191497,847.605301678791,852.38586329506,883.706664418399,887.407495692975,857.136791348166,845.007440410286,783.819857765153,777.615901735163,770.146090037468,770.146090037468,776.611228350453,NA
NA,761.781096205482,845.946215784432,912.752703670046,1003.27055347993,1035.01207722422,1055.04739230046,1085.41466730462,1117.19514857522,1151.76475024187,1171.8041645258,1170.33556864095,1180.83550027281,1168.8669727561,1193.47079218887,1185.59057013794,1173.93568818739,1156.77353012593,1118.03398874989,1093.44638643145,1102.69292974914,1076.16180990361,1083.82885420014,1079.0619372953,1075.72641044094,1080.21849046263,1097.43987089875,1085.41466730462,1085.99017895483,1085.41466730462,1098.29413182444,1060.80746523798,1010.10252755157,997.338723860699,981.217677827066,968.722735109888,943.728374910164,937.748486372625,918.387257846659,896.172416446746,905.883546599672,917.02642871841,929.045208803102,916.856041044612,916.684829357159,919.238815542512,917.196816392207,915.491671180028,933.407735129724,939.743540974052,944.225510888725,963.391569661715,981.217677827066,981.229462207529,982.500284687622,973.717104707522,955.24865872714,944.372554696792,939.746365096054,919.575631060748,910.013736160065,915.491671180028,927.867162713751,951.971638232989,941.906180218337,942.403841248538,951.971638232989,948.512273402389,933.742409871597,914.626275851288,910.013736160065,922.459237324352,890.571232244259,853.851391412777,853.851391412777,847.421279050957,840.386815698581,844.825601635866,850.918442940534,860.958767886128,872.13817712562,845.007440410286,816.241385865725,788.371400419178,760.345316287277,762.397093355039,753.113686940865,750.208275495091,NA
NA,755.388070726547,809.706737035082,888.994367983239,995.301461869719,1045.06875395785,1035.01207722422,1043.57683655358,1099.71495455085,1124.97856550854,1173.65206255674,1211.53256362726,1205.45564824697,1168.99727174743,1149.86122385999,1182.94225940839,1194.51861694883,1138.52975367357,1117.19514857522,1101.41511677158,1112.006818028,1064.62486600212,1072.08131533312,1065.50752471908,1075.72641044094,1062.13192255651,1079.0619372953,1058.14832807001,1055.04739230046,1063.59977205297,1065.95028026639,1038.92817022975,1005.7482081036,986.154146165801,973.717104707522,975,965.498453799511,946.040705628087,929.045208803102,919.238815542512,907.948641379868,917.877987534291,921.10590596677,908.982948134892,905.883546599672,915.491671180028,906.228448019593,912.752703670046,930.221732591667,937.748486372625,951.971638232989,965.660395791398,986.154146165801,991.526600752597,980.114789195633,986.154146165801,975.800834822445,958.671364485916,957.209485953832,951.971638232989,958.18839483684,961.924395314119,963.553511762816,975,965.660395791398,959.978798960204,951.643258877505,965.498453799511,952.788774582275,927.867162713751,908.121092089829,919.578645095608,893.727052188573,885.646948790925,880.691172828793,862.046982478333,860.958767886128,838.525491562421,872.13817712562,879.441738241592,850.73465914816,822.719837151898,794.11900871343,767.079896640217,743.088169628429,750.416550990182,742.251612114333,709.311816551455,NA
NA,NA,794.104967812935,874.821392113397,945.05290857179,998.120096198234,1019.03697086514,1026.97951357171,1087.7130675671,1123.61025271221,1152.71304069183,1197.25805699013,1148.77554879556,1209.33866224478,1181.23286557957,1183.47249676452,1178.71740415095,1126.24478603423,1136.04928368316,1132.61244847167,1087.5627172569,1040.12369823265,1011.80512868683,1040.72667717242,1076.88763280708,1075.72641044094,1065.95028026639,1044.32992871027,1041.33310701683,1046.72107077292,1030.77640640442,1030.77640640442,1015.19702521235,1011.34191850751,991.999131408279,991.999131408279,965.012953280939,948.351775987398,941.242515212036,930.221732591667,929.044660775221,925.337776166087,917.367014289452,915.491671180028,905.538513813742,908.639092269312,904.674020714507,901.387818865997,916.856041044612,935.079672977962,961.271678120815,975,999.531030067202,996.392056625544,995.615387586994,995.615387586994,991.999131408279,992.47166206396,1000,997.18309057121,999.061619441928,1013.19222301009,1000.92610515725,992.941049838833,990.265065734557,982.659678867995,980.274183376006,997.790441076879,968.242393869389,956.882960450232,919.575631060748,913.434888602339,916.856041044612,912.414379544733,911.214057852399,889.15533374155,847.973107892216,850,850.183783792374,874.642784226795,840.386815698581,825.890067109573,803.308152254481,764.034901581303,733.780503446665,728.868986855663,731.009075870367,NA,NA
NA,NA,802.726319542169,831.038506929733,925.337776166087,931.898719213072,978.348633637199,1013.80993088909,1074.84393601805,1099.71495455085,1122.62328292153,1131.92314226718,1165.51545133652,1192.41467070163,1176.86022959398,1190.19169810481,1126.52570863392,1106.09064826962,1115.06668176752,1082.24304109567,1011.18742080783,1030.16703047895,1009.02180353053,1031.68511390379,1079.64114408446,1053.71315952891,1045.37586083199,1027.74023955472,1043.73111548076,1045.52549974159,1027.74023955472,1025.91422643416,1015.19324507047,1004.05428140116,1000,976.281209488332,957.209485953832,947.6908995046,941.242515212036,938.416218956173,937.083240699566,919.918474648705,919.578645095608,909.498342147479,908.811020202102,908.982948134892,898.259785857601,913.95302536238,930.38970329642,941.734563763981,951.971638232989,975,974.999157097927,993.88656196684,1000.31240240474,1007.78221853732,1007.78221853732,1008.40201103392,1015.65015946288,1007.78221853732,1035.30406177934,1040.73291482493,1035.31237803215,1033.34693707972,1017.65365668375,1007.78221853732,993.88477150558,1006.69574329663,1020.11028815516,1000,955.080016534914,941.242515212036,909.76029964005,896.869284998779,909.498342147479,922.293337284836,899.630982929977,874.642784226795,840.200848259576,868.725264765693,832.541290267336,824.977737318846,778.818097970559,756.005067602961,728.868986855663,707.548584904245,684.421857042554,NA,NA
NA,NA,806.225774829855,829.531632506846,905.883546599672,937.748486372625,976.281209488332,1034.97243866261,1049.10469082501,1045.67475413943,1077.32244650385,1081.80981652916,1097.43987089875,1087.7130675671,1073.10444522659,1065.95028026639,1110.18016555873,1132.19582304463,1113.12793991811,1106.93358414547,1045.93729056051,1012.26819783747,984.558405719129,1025.45711321708,1025.30483272049,1017.76122904602,1030.32145130336,1032.89198197867,1034.52326434271,1029.25832297957,1032.13886841707,1026.06650701142,990.580637807947,1004.98756211209,984.717799899501,989.002022242624,973.074810823179,955.24865872714,951.971638232989,950.821884979717,934.234990421543,922.293337284836,910.013736160065,922.293337284836,917.877987534291,907.433770144453,909.326414214689,931.898719213072,928.035559663529,939.081762708399,954.102293177218,967.263293591765,973.235463812354,987.102523502263,1008.40201103392,1010.10461216918,1026.82723299444,1026.06650701142,1039.83171715427,1043.58147657115,1061.69077657598,1061.24926383956,1060.95471780969,1078.48273050615,1026.97951357171,1042.53280072999,1033.49496091844,1009.01377078991,1011.95962638651,1014.11850234004,995.301461869719,967.91867261416,938.579386289194,887.764045228235,902.427016626497,915.491671180028,908.439745023013,915.491671180028,876.954103759538,896.34592152461,816.241385865725,797.456871316145,776.611228350453,730.73244992042,695.969241760779,686.476510887299,675.462804305315,NA,NA
NA,NA,782.821354457213,826.513762740827,886.70739254841,916.856041044612,952.463782930142,983.932971373243,1003.58295588467,1034.70939909238,1049.10405650679,1081.94869890539,1077.32057204223,1061.24926383956,1054.89927389345,1058.44172239942,1106.06380116086,1135.50529429964,1066.68067956189,1048.50254614082,1017.50046396545,1026.82723299444,1026.52253613761,1011.48962187483,1043.73111548076,1010.10461216918,1015.19702521235,1026.52253613761,1026.82723299444,1025.45711321708,1023.92526385494,1013.03997946774,1007.16166274859,1007.78221853732,995.458424728356,978.997574988015,973.235463812354,960.468635614927,954.921406664489,951.971638232989,951.971638232989,946.863501821535,930.38970329642,931.226471966413,928.035559663529,931.898719213072,933.736471997993,939.081762708399,931.898719213072,938.416218956173,951.643258877505,956.229072340486,986.941463184444,992.941049838833,1029.7147551505,1022.86070715921,1020.72259947297,1037.72233977923,1045.36508960712,1056.08272730714,1092.87090893507,1098.43483210317,1107.07949127423,1084.26180921317,1079.64114408446,1098.29413182444,1083.54002497191,1060.66017177982,1029.25832297957,1009.02180353053,1000.62480480947,951.620651704315,949.66529458234,930.053761886914,924.142012172807,921.954445729289,941.076511235936,917.675756163076,864.030137294876,811.249036979398,763.216876123687,743.303437365925,707.548584904245,679.153885360306,672.913401622749,680.073525436772,661.201177712416,NA,NA
NA,NA,NA,842.39176549934,865.661774922008,869.265743124444,938.416218956173,956.71852678199,975,1006.69574329663,1047.31375279514,1074.41809302976,1096.15798000681,1053.11909886355,1065.06359008058,1076.44859246267,1062.57343529293,1091.29871598553,1047.30967224595,1039.83171715427,1018.88377814684,1015.19324507047,1005.76433453598,1001.40427800329,1026.82723299444,1023.01225729466,1025.45711321708,1028.19613506339,1023.92526385494,1013.34672070977,1030.77640640442,1020.26343487654,1008.40201103392,1007.78221853732,980.274183376006,967.91867261416,964.851011179838,951.642409032353,961.769203083567,943.39811320566,945.702700836673,939.747306460625,940.577912824381,930.38970329642,941.076511235936,951.314879522022,955.24865872714,952.955927627296,958.67579803258,973.552800717856,973.717104707522,989.002022242624,997.338723860699,1010.72232004818,1040.8825081815,1039.83171715427,1029.10752233537,1040.13215974426,1047.8901535627,1071.64556327251,1099.14210180028,1116.35567808831,1109.89860830867,1119.98870020633,1085.41466730462,1084.25997051208,1101.13577727726,1105.38324700322,1064.62486600212,1049.40459309077,1016.39110926866,1007.7814552452,973.235463812354,954.59056209341,915.984090944677,907.948641379868,912.752703670046,882.612345369121,848.878382101702,776.611228350453,740.141128497231,723.055127546399,695.956060301531,680.073525436772,670.820393249937,671.982997070875,NA,NA,NA
NA,NA,NA,825.378700960959,853.851391412777,875.35707000058,919.918474648705,933.736471997993,956.882960450232,1002.18336629414,1023.31987175563,1036.0677514294,1045.52549974159,1068.71147384636,1061.83737652664,1064.04290605566,1038.47757139442,1026.82601528602,1021.63424314781,1021.63424314781,1007.78221853732,1012.42283656583,1023.16745539539,1024.53757517275,1030.77640640442,1030.32145130336,1032.89424181432,1030.77640640442,1020.11028815516,1023.01134515362,1012.73140801678,1007.78221853732,1005.60926805594,988.364812757249,977.880360780397,973.717104707522,977.880360780397,971.628454443108,972.432516938836,969.20823562846,963.391569661715,951.971638232989,944.886387371523,958.18839483684,958.67579803258,972.270748327451,975.320460156558,982.980162566875,997.65073093486,1007.16166274859,1013.80993088909,1007.78221853732,1015.19702521235,1025.76181015459,1045.52549974159,1051.33842216104,1063.60236930913,1077.75690987384,1089.41432553437,1073.83657974573,1089.1510455396,1102.55385356,1123.19291567825,1119.56562836629,1103.5406176461,1098.72076433674,1098.55914432855,1105.10180526502,1091.29871598553,1073.83657974573,1050.2971975861,1022.85906457636,963.391569661715,939.912369072155,907.948641379868,905.883546599672,886.139842151944,857.502076151582,805.062109405231,721.110255092798,714.108518139673,688.066111046993,689.655711206686,680.073525436772,674.304202598564,671.982997070875,NA,NA,NA
NA,NA,NA,NA,847.237176604144,881.04593999785,901.734439843572,918.558401538401,947.356496363841,981.388856387902,1028.19613506339,1033.34693707972,1026.97951357171,1057.11608025365,1041.92224820375,1048.50932382646,1026.52253613761,1045.37586083199,1022.55514407758,1006.38584841739,1015.50181652143,1016.42682353236,1023.31987175563,1030.77640640442,1035.91746775503,1031.68511390379,1035.46477248963,1049.24553310335,1020.11028815516,1009.63931737226,1005.29841508401,1002.18336629414,991.526600752597,985.044402470756,978.997574988015,986.154146165801,993.88656196684,989.791330025286,980.433577556379,978.997574988015,968.404173132731,973.717104707522,978.197999341982,997.338723860699,1000.15622559356,986.312564506622,978.997574988015,1000.62480480947,1010.10461216918,1019.19011758652,1027.74023955472,1028.65162682671,1044.32992871027,1040.43260233424,1062.13192255651,1074.56361906303,1073.83657974573,1093.29853890132,1107.07949127423,1118.03398874989,1097.72492000501,1097.72492000501,1110.46161572564,1112.70838588726,1101.13577727726,1107.64098541187,1097.43887344479,1090.01146782958,1075.72641044094,1068.8779163216,1052.97047878394,993.88656196684,955.738557526035,945.019584163431,902.25370613771,886.70739254841,864.838860904417,851.46931829632,766.681483080578,735.272058492637,715.891053163818,686.476510887299,681.220364317291,682.367203197809,675.462804305315,NA,NA,NA,NA
NA,NA,NA,NA,811.439767699806,866.386172558173,883.883476483184,926.350365682445,952.955927627296,977.080785134365,1021.33491079077,1022.55514407758,1012.73140801678,999.525749132571,1011.48962187483,1020.72259947297,1027.89090084369,1013.03997946774,1022.55514407758,1021.48072728644,1023.01134515362,1022.55514407758,1021.93770472054,1017.65365668375,1028.80336787851,1041.93329920874,1037.71731481923,1045.8243501787,1040.13215974426,1025,1011.80512868683,1009.48481967258,997.18309057121,986.154146165801,981.547475881254,986.312564506622,991.526149935954,984.88578017961,989.002022242624,982.344135219425,992.308704914809,995.458424728356,1008.40201103392,1020.41658159793,1013.80993088909,1001.24921972504,1007.78221853732,1010.10461216918,1019.80390271856,1030.77640640442,1040.73291482493,1040.13215974426,1045.8243501787,1055.04739230046,1060.07058840034,1078.48273050615,1094.588368236,1089.29108699856,1101.41895389663,1119.43065886191,1114.10707715431,1096.29689164024,1106.79718105893,1105.94949316197,1116.49457239939,1110.45648088575,1074.56361906303,1062.86732931077,1060.80664716663,1064.48344280219,1040.12369823265,1000.88402930789,957.535677643536,922.2882958543,903.292571694527,873.927622027722,837.948839969493,816.241385865725,759.501032417382,729.082541126782,715.891053163818,688.971172592133,675.462804305315,673.145600891813,654.31261641512,NA,NA,NA,NA
NA,NA,NA,NA,776.611228350453,826.513762740827,876.427407147905,927.697787242774,952.955927627296,971.789107432283,989.002022242624,993.570994169795,973.552800717856,993.414031311158,1005.29538727195,1030.32145130336,1022.40195135928,996.242942258564,1010.40314663414,1020.72259947297,1035.46477248963,1029.25926338717,1027.74023955472,1020.11028815516,1033.04757591644,1041.93329920874,1054.75115548645,1044.32992871027,1041.93329920874,1023.77684918973,1016.42682353236,1011.18742080783,996.242942258564,992.151742056172,1000.31240240474,999.062060134404,994.824919818227,992.151742056172,997.18309057121,1004.05428140116,1007.16166274859,1011.4964162072,1026.97951357171,1022.70829079896,1009.02180353053,1008.39834443189,1018.73026228547,1026.06650701142,1027.74023955472,1039.83171715427,1048.6585782243,1043.73111548076,1047.0195795686,1070.04672795163,1080.35266284247,1087.85836807232,1104.53610171873,1122.77557864428,1135.50529429964,1131.64487342625,1118.31290371856,1097.72492000501,1116.49457239939,1105.38324700322,1107.07945528822,1063.60236930913,1063.30786605729,1060.95475869615,1075.28924455305,1068.8779163216,1015.19702521235,964.821001446334,930.38970329642,926.350365682445,901.734439843572,840.386815698581,813.941029804985,783.022988168291,752.080447824566,716.088502330343,713.262286670706,686.476510887299,682.596108692596,656.220237420334,642.987337963506,NA,NA,NA,NA
NA,NA,NA,NA,NA,803.50793399941,853.302408293801,897.72400414408,930.38970329642,955.24865872714,982.980162566875,983.452280201911,990.580637807947,1000.92610515725,1002.6517505631,1031.68511390379,1040.43260233424,1038.17503504464,1027.74023955472,1046.5538829528,1051.33842216104,1035.91746775503,1052.08110290601,1047.89762231332,1057.41429912783,1063.60236930913,1069.01448524069,1045.67475413943,1038.47757139442,1027.74023955472,1017.81013771375,1011.03089149913,1011.4964162072,1007.78221853732,1004.98756211209,1006.69574329663,989.002022242624,995.301461869719,1007.78221853732,1021.33491079077,1026.37011977736,1019.49576632158,1025.60939379434,1029.8664962023,1030.32145130336,1023.31768459331,1025,1032.13886841707,1034.70939909238,1044.47643938867,1060.66017177982,1054.75115548645,1063.3084752913,1083.82885420014,1083.68445886187,1103.68700273221,1105.38324700322,1132.33710909405,1140.72332307524,1129.98727976751,1131.92314226718,1119.43065886191,1106.93833616658,1095.73035004056,1098.72076433674,1079.62562352517,1065.80141873691,1054.45466885918,1068.00046816469,1066.24195548344,1023.92526385494,956.882960450232,930.221732591667,921.954445729289,888.984359953994,835.159289783336,800.390529679106,783.022988168291,743.303437365925,704.228266098352,692.368532745034,675.462804305315,664.496658975002,651.920240520265,NA,NA,NA,NA,NA
NA,NA,NA,NA,NA,778.620575119872,831.038506929733,880.695747690427,907.948641379868,951.971638232989,961.769203083567,965.822175054741,990.580637807947,1019.80390271856,1025,1018.88345500377,1030.62292598761,1044.03065089106,1033.9499160195,1034.2556445791,1058.44765207434,1040.2823159896,1051.18980208143,1028.65162682671,1073.54552767919,1055.48402363075,1058.44765207434,1051.18980208143,1036.52044669481,1030.77640640442,1020.72259947297,1025.45711321708,1012.73140801678,1019.95709543686,1027.74023955472,1026.21878758869,1015.19702521235,1016.8788736783,1039.52836242166,1040.73291482493,1044.47952474954,1047.31375279514,1045.52511522983,1028.65162682671,1035.91746775503,1028.19613506339,1029.10752233537,1042.9819750499,1039.52836242166,1050.74368948072,1059.33178148369,1068.00046816469,1087.7130675671,1101.13577727726,1086.56569060504,1098.29413182444,1110.32089064218,1132.88859465602,1122.91472545255,1135.64388200898,1126.52297625993,1112.28610355375,1080.36102711717,1092.4451920393,1102.41139000473,1102.83593949799,1074.56361906303,1074.99937112364,1068.00046816469,1056.08272730714,1000.61232782147,955.693807409162,927.867162713751,905.883546599672,881.402561053532,838.525491562421,801.753966999705,766.893082508898,757.461072712999,720.66371954736,697.316284049068,691.465834296967,676.14974312606,657.647321898295,NA,NA,NA,NA,NA
NA,NA,NA,NA,NA,NA,828.77613483528,857.502076151582,908.639092269312,928.035559663529,937.083240699566,963.391078182253,990.093621024665,1007.78221853732,1029.25066521486,1030.16971025156,1044.32988583993,1054.75115548645,1035.91746775503,1036.5132118687,1017.65365668375,1030.77640640442,1032.74024092687,1044.32988583993,1055.04739230046,1054.75115548645,1054.30655045217,1055.04739230046,1050.29757688,1044.32992871027,1027.74023955472,1030.77640640442,1038.47757139442,1035.91746775503,1042.38126552226,1045.67509578086,1052.52587374967,1047.01685693979,1052.67449382928,1051.18980208143,1053.26721727056,1065.80141873691,1052.08110290601,1042.53280072999,1039.83171715427,1049.40459309077,1042.23162661265,1060.2178818585,1061.10201126785,1074.41809302976,1076.16216250154,1079.64114408446,1090.72773273837,1107.07949127423,1098.29413182444,1103.1204281461,1114.95515604889,1126.66458038027,1132.47462738697,1137.84314761399,1114.95459238738,1100.14158706315,1090.58376446584,1086.56569060504,1099.28909302885,1099.56973176653,1062.1322893124,1074.99937112364,1053.26721727056,1059.48100502085,1011.95962638651,951.1502643352,910.013736160065,890.224690738243,864.937365181911,835.347010489673,813.941029804985,766.893082508898,752.466508521632,728.439987891857,716.091693879596,693.044016884728,672.913401622749,NA,NA,NA,NA,NA,NA
NA,NA,NA,NA,NA,NA,742.031423760242,805.633857064576,855.131568824354,911.214057852399,941.408519188137,946.374661537385,982.024110951677,987.061651519481,1002.6517505631,1039.52836242166,1038.47757139442,1039.52836242166,1034.70939909238,1036.52044669481,1026.97951357171,1037.87459245465,1039.83171715427,1070.91852395521,1091.44399764715,1077.0329614269,1068.43919224314,1061.69077657598,1064.33031997226,1052.97047878394,1041.48200970276,1039.83171715427,1058.44765207434,1053.26855449463,1063.59977205297,1064.04290605566,1057.11608025365,1052.97047878394,1051.48704224065,1062.1322893124,1057.11608025365,1055.04739230046,1057.41429912783,1060.95471780969,1051.33842216104,1055.04739230046,1055.04739230046,1078.19230933652,1066.97537421554,1087.85836807232,1091.01397561083,1081.6653826392,1090.01146782958,1105.66664138883,1114.95515604889,1113.83347049727,1121.80030690578,1136.33181773635,1146.05235237195,1151.76475024187,1137.84314761399,1123.05387226081,1097.15526498904,1085.41466730462,1091.1480203228,1087.85836807232,1073.83657974573,1068.57394849416,1053.8619454179,1035.31237803215,959.488515347462,929.045208803102,918.217815967359,890.571232244259,854.765971678053,831.038506929733,815.283129805421,790.569415042095,760.549427620429,752.080447824566,724.132788585261,691.465834296967,658.83313051025,NA,NA,NA,NA,NA,NA
NA,NA,NA,NA,NA,NA,NA,738.025796613075,787.792669223737,839.083805766291,890.724815016998,970.82439194738,975.160230078279,976.281209488332,989.002022242624,996.242942258564,1027.43324810115,1031.68511390379,1042.5314217676,1040.8825081815,1072.08428735096,1051.33842216104,1059.77329422012,1068.43919224314,1078.47276543373,1090.29752159338,1081.6653826392,1068.43919224314,1059.3248808048,1060.36513443021,1058.14832807001,1044.18028980066,1057.85378204014,1052.52587374967,1062.42581657434,1069.46232213662,1061.54168716499,1062.42581657434,1068.00046816469,1060.36513443021,1052.67449382928,1065.80141873691,1063.3084752913,1068.8779163216,1068.43919224314,1073.83657974573,1066.24195548344,1089.1510455396,1081.95421186743,1101.84481541863,1108.62982841648,1091.44399764715,1090.72773273837,1102.55385356,1125.55374054509,1125.13887174635,1134.95594628162,1152.57824006702,1163.10467368724,1158.92015086272,1140.17542509914,1143.72822374558,1115.6554170686,1094.58445882608,1079.63924287591,1096.58560997307,1068.00046816469,1075.72641044094,1061.69077657598,1058.000209663,977.880360780397,958.330353655863,922.119407771256,876.954103759538,860.232526704263,845.946215784432,822.344210169926,800.390529679106,783.022988168291,733.555069933666,710.633520177595,682.596108692596,NA,NA,NA,NA,NA,NA,NA
NA,NA,NA,NA,NA,NA,NA,NA,760.745112279998,800.390529679106,861.318907915253,907.260730974317,945.36479546241,988.822798544572,1013.03997946774,1020.11028815516,1027.74023955472,1035.91746775503,1047.01685693979,1054.30655045217,1063.60236930913,1068.8779163216,1056.07808429611,1076.16216250154,1075.29065838033,1075.72641044094,1077.32244650385,1073.69105371246,1060.66017177982,1044.32992871027,1043.13230225125,1049.40459309077,1062.42581657434,1048.06283193184,1039.83171715427,1050.29757688,1048.21208632968,1049.85108498538,1061.69077657598,1062.86732931077,1075.72641044094,1079.63800126128,1085.41466730462,1080.50851994267,1091.01397561083,1084.26180921317,1092.44069779008,1093.44638643145,1084.55059817419,1091.44399764715,1104.67551730947,1104.81667241711,1103.82782941251,1120.40270064371,1130.5419054595,1131.92314226718,1133.57840487546,1156.77353012593,1159.74135047432,1147.68497804631,1147.27939055838,1148.22729740682,1131.23252386334,1098.00952591472,1085.41466730462,1080.07095627431,1068.00046816469,1078.766849738,1076.59756196422,1050.89230956033,991.504509531733,975,895.649052972577,873.212459828649,866.746791167986,831.038506929733,822.344210169926,805.062109405231,751.040223912283,729.082541126782,697.316284049068,NA,NA,NA,NA,NA,NA,NA,NA
NA,NA,NA,NA,NA,NA,NA,NA,760.345316287277,796.082617890363,807.000619578449,874.261747787958,907.261319434492,946.195695378979,993.411790033256,1044.03065089106,1050.89230956033,1047.73999731735,1064.04290605566,1054.89927389345,1053.11859719095,1075.72641044094,1071.2117220004,1071.35724803366,1080.21849046263,1068.00046816469,1066.24195548344,1064.48344280219,1052.07976114895,1044.32992871027,1049.40459309077,1044.47952474954,1044.32992871027,1053.11909886355,1053.8619454179,1049.85108498538,1049.85108498538,1066.97537421554,1065.80141873691,1070.91852395521,1080.65326336183,1089.1510455396,1090.29752159338,1087.28285642211,1084.26180921317,1091.44399764715,1102.41139000473,1101.84481541863,1095.73035004056,1089.1510455396,1115.6554170686,1118.31290371856,1120.54674155075,1127.35672165017,1139.35258938635,1149.18449345612,1141.81859346546,1136.33181773635,1155.55658409372,1167.12658741838,1160.68124730162,1147.95587875383,1131.92314226718,1106.0854523093,1091.1480203228,1089.1510455396,1100.85062520451,1097.15526498904,1080.35266284247,1052.67449382928,1017.18744512926,916.856041044612,883.706664418399,876.247638765383,865.661774922008,853.302408293801,805.633857064576,770.146090037468,735.272058492637,715.017482303755,680.073525436772,NA,NA,NA,NA,NA,NA,NA,NA
NA,NA,NA,NA,NA,NA,NA,NA,NA,789.764176254457,806.225774829855,838.15273071201,893.377802939327,925,974.517516202759,1026.21878758869,1054.75115548645,1060.66017177982,1060.66017177982,1062.42581657434,1052.08110290601,1061.69077657598,1073.69105371246,1057.70566363314,1055.0447313496,1068.00046816469,1060.95471780969,1051.9324828264,1048.21208632968,1050.74368948072,1059.48100502085,1054.45466885918,1057.85378204014,1060.95471780969,1054.75115548645,1057.85378204014,1060.95475869615,1068.00046816469,1062.86732931077,1070.77299792194,1083.1079904067,1094.588368236,1087.7130675671,1092.01648339208,1097.43987089875,1101.41895389663,1116.07571427749,1103.68700273221,1109.89860830867,1109.89860830867,1118.7323238059,1129.7123527695,1136.33181773635,1126.11056295552,1148.09573407578,1135.64388200898,1150.67907517743,1151.08644332213,1148.63418567357,1170.72815316169,1169.2651767418,1158.12348219005,1140.86034692352,1131.92314226718,1099.43034864113,1099.00448711914,1101.84481541863,1109.89860830867,1086.56569060504,1064.77632478776,979.942890089805,939.414711402797,906.228448019593,887.235718888323,863.314813520065,831.038506929733,804.866854414632,776.007174656997,711.512473537885,695.520806665848,NA,NA,NA,NA,NA,NA,NA,NA,NA
NA,NA,NA,NA,NA,NA,NA,NA,NA,NA,772.172260574025,814.324873745117,866.561079252416,900.867487067226,947.182223407716,973.046986673889,1035.91746775503,1054.30655045217,1076.59756196422,1078.33705275568,1038.47757139442,1044.61815512252,1051.33842216104,1063.60236930913,1054.75115548645,1062.42581657434,1055.04739230046,1053.26855449463,1058.44765207434,1054.89927389345,1061.24926383956,1060.66017177982,1067.41409829399,1068.43919224314,1070.91852395521,1067.26508537691,1064.48344280219,1059.33178148369,1058.44765207434,1076.59756196422,1062.86732931077,1073.69105371246,1083.82977464796,1096.15798000681,1104.67551730947,1109.61705105861,1103.5406176461,1124.43317933478,1119.43065886191,1108.34827116642,1117.89316847511,1122.77337077537,1131.64537882248,1133.16474039819,1133.71622596016,1148.09573407578,1155.28326967583,1152.44305716161,1155.69243313262,1147.141371258,1171.6708079559,1164.71469569112,1144.82531418553,1123.19291567825,1101.98552848274,1120.82212073105,1117.61456866256,1118.03398874989,1104.10763427574,1061.54168716499,1045.49268552624,939.414711402797,918.047428293562,894.427190999916,856.22221108289,829.531632506846,807.966255932469,763.216876123687,707.548584904245,NA,NA,NA,NA,NA,NA,NA,NA,NA,NA
NA,NA,NA,NA,NA,NA,NA,NA,NA,NA,NA,794.698340237809,855.862138431184,880.695747690427,922.788376649132,942.403841248538,1023.01134515362,1023.77684918973,1038.32519128998,1076.73886191509,1097.86650341105,1050.14878844,1044.18028980066,1053.4094461093,1054.89927389345,1062.86635332087,1057.85378204014,1062.27856400264,1053.26855449463,1048.6585782243,1053.71315952891,1058.44765207434,1076.16180990361,1075.29065838033,1062.13127054448,1073.82991553213,1068.8779163216,1076.73886191509,1080.78841490308,1085.99017895483,1064.48344280219,1073.83657974573,1085.41466730462,1098.72076433674,1096.30056040611,1109.89860830867,1121.52045578706,1122.77337077537,1107.3617295175,1110.46161572564,1118.7323238059,1127.35617638475,1121.66116009751,1129.43569980765,1140.72332307524,1155.1512201156,1151.08644332213,1151.08644332213,1157.85160447232,1160.01077581202,1173.53504594006,1147.54851060913,1133.4395442744,1112.70838588726,1110.18016555873,1129.43569980765,1124.0269361304,1114.80541221032,1119.43065886191,1031.68511390379,995.301461869719,951.971638232989,906.228448019593,879.274120497199,840.386815698581,816.241385865725,783.819857765153,763.002202521674,NA,NA,NA,NA,NA,NA,NA,NA,NA,NA,NA
NA,NA,NA,NA,NA,NA,NA,NA,NA,NA,NA,771.767452021657,833.463783925733,853.851391412777,891.968230837491,918.217815967359,975,988.525810327695,1003.43141870387,1051.18980208143,1087.96863360961,1051.48637022568,1046.86726090052,1045.67509578086,1047.0195795686,1068.8779163216,1055.04739230046,1060.80746523798,1057.70566363314,1063.01458127346,1057.8529570913,1059.3248808048,1054.75115548645,1074.41809302976,1050.29757688,1070.04672795163,1078.33705275568,1083.82885420014,1083.1079904067,1082.52790569454,1071.35724803366,1080.07405657267,1092.01648339208,1101.691395516,1109.46763788115,1112.28610355375,1119.98870020633,1112.70838588726,1118.31290371856,1112.14754311146,1110.18016555873,1125,1132.47462738697,1129.98880263358,1144.68647028752,1149.72810024443,1138.25362141774,1150.13585351637,1168.06436287449,1160.01077581202,1146.18881980913,1120.36103550911,1117.1948334191,1113.83347049727,1115.6554170686,1116.49457239939,1123.61025271221,1103.68700273221,1098.29280498653,1051.18980208143,995.301461869719,958.671364485916,885.646948790925,866.380090813954,818.153051960775,805.062109405231,776.596216213023,719.809002444398,NA,NA,NA,NA,NA,NA,NA,NA,NA,NA,NA
NA,NA,NA,NA,NA,NA,NA,NA,NA,NA,NA,NA,801.56097709407,831.038506929733,856.771194201866,881.579373118317,927.022604401551,959.488515347462,995.772202064141,1039.83171715427,1042.08082293227,1037.87459245465,1039.83171715427,1048.05808151473,1043.1316139595,1053.71315952891,1071.64556327251,1069.02359805816,1083.54002497191,1076.16180990361,1077.61310311262,1061.54352400427,1073.69105371246,1065.21686153429,1065.95028026639,1082.38316227538,1085.99017895483,1083.68445886187,1094.588368236,1089.43052686804,1077.75784596653,1078.19230933652,1080.79769725179,1079.0619372953,1097.43987089875,1101.83255062365,1106.93833616658,1117.1929074554,1115.6554170686,1118.31290371856,1112.56766080381,1105.10180526502,1107.22061039587,1130.1271291145,1142.63683707951,1145.22785725373,1151.35738209717,1151.08644332213,1173.53504594006,1166.9732319997,1146.18881980913,1151.08644332213,1125.13640351112,1119.29036515032,1119.43065886191,1112.56766080381,1104.24875339738,1097.43987089875,1067.98443452906,1028.65203057205,1005.6090759935,916.856041044612,876.782736756547,838.525491562421,794.512429103535,773.585286492599,749.166203188585,NA,NA,NA,NA,NA,NA,NA,NA,NA,NA,NA,NA
NA,NA,NA,NA,NA,NA,NA,NA,NA,NA,NA,NA,NA,769.712805468344,828.77613483528,878.561577419166,911.214057852399,951.971638232989,985.507107682163,1010.72232004818,1032.59382140317,1007.78221853732,1023.31987175563,1012.73140801678,1043.27639396359,1039.83171715427,1054.75115548645,1070.04672795163,1079.63924287591,1079.78367676587,1076.16216250154,1056.21953296049,1075.58108125077,1075.72641044094,1076.59756196422,1061.69077657598,1063.59977205297,1070.91852395521,1062.86635332087,1070.91852395521,1074.56361906303,1073.83657974573,1079.4964006653,1081.37504760309,1079.0619372953,1097.43987089875,1101.84481541863,1110.18016555873,1110.46161572564,1113.82838215043,1101.84481541863,1100.42399269222,1090.01146782958,1085.41466730462,1107.07949127423,1128.46157113359,1135.64388200898,1133.71622596016,1150.27170703273,1147.54912452994,1155.82534084799,1150.27170703273,1137.15654155442,1134.12748000176,1132.75077357132,1125.55528147776,1113.12793991811,1103.68177275375,1084.55059817419,1028.65203057205,985.791335679025,916.856041044612,844.446529573584,805.062109405231,783.021360864075,718.500654128308,NA,NA,NA,NA,NA,NA,NA,NA,NA,NA,NA,NA,NA
NA,NA,NA,NA,NA,NA,NA,NA,NA,NA,NA,NA,NA,NA,739.434493427831,807.966255932469,894.427190999916,940.245611319366,976.281209488332,977.080785134365,1025.76181015459,1021.33491079077,1025.30483272049,1025.60952957733,1025.45711321708,1028.80336787851,1030.77640640442,1062.1322893124,1052.67516357136,1069.88226590534,1051.33842216104,1060.66017177982,1078.48273050615,1079.64114408446,1077.75690987384,1078.04791680938,1090.01146782958,1055.17967589346,1062.42581657434,1068.70571317055,1081.23030418393,1064.0412847894,1064.77632478776,1074.56361906303,1077.0329614269,1092.44069779008,1101.84481541863,1106.23176739126,1104.95779153875,1085.55264797936,1088.42933247589,1103.82289187539,1100.70991575527,1097.43987089875,1106.36700955936,1107.35813363873,1136.74284997759,1152.44305716161,1158.93241633218,1169.78951478691,1168.59711091605,1155.28326967583,1158.12348219005,1150.67907517743,1140.57856596094,1140.72332307524,1107.3617295175,1095.73035004056,1084.55059817419,1026.97843164627,950.328890437411,888.113474035855,838.525491562421,801.944687419377,749.166203188585,NA,NA,NA,NA,NA,NA,NA,NA,NA,NA,NA,NA,NA,NA
NA,NA,NA,NA,NA,NA,NA,NA,NA,NA,NA,NA,NA,NA,NA,682.367203197809,750.416550990182,832.727235171832,946.36169935508,980.114789195633,1007.78221853732,1023.62456861247,1026.21878758869,1017.96365357512,1020.55562582325,1025.60952957733,1033.50133042972,1030.32145130336,1046.86726090052,1032.89424181432,1056.08272730714,1050.29757688,1061.69077657598,1074.85384509037,1063.60236930913,1062.571807291,1066.24014281536,1054.75115548645,1061.69077657598,1053.86127793591,1058.14832807001,1062.1322893124,1044.18028980066,1062.57343529293,1070.77299792194,1060.07058840034,1069.89343000606,1063.60236930913,1079.0619372953,1073.10444522659,1084.11553662212,1095.73035004056,1099.71572554115,1098.29413182444,1092.73143491176,1104.53610171873,1103.54497763936,1134.95511130591,1152.44305716161,1173.40168937016,1153.52462274591,1151.35738209717,1150.27170703273,1149.59224672806,1138.25362141774,1121.52045578706,1101.13577727726,1064.41866303645,1002.6517505631,918.558401538401,883.883476483184,821.174815914538,814.132951775051,748.74325671373,NA,NA,NA,NA,NA,NA,NA,NA,NA,NA,NA,NA,NA,NA,NA
NA,NA,NA,NA,NA,NA,NA,NA,NA,NA,NA,NA,NA,NA,NA,NA,NA,761.781096205482,849.243979248002,939.506822642998,952.955927627296,983.456797637298,998.746080991802,1007.78221853732,1011.80512868683,1003.89805905933,1015.19702521235,1025.91422643416,1015.19702521235,1002.6517505631,1016.41970908188,1029.8664962023,1026.21878758869,1017.80680340514,1024.07841057633,1035.01207722422,1041.46852366181,1064.77632478776,1053.11909886355,1061.10201126785,1051.48704224065,1043.58147657115,1051.33842216104,1053.10103789689,1043.88071152003,1044.32992871027,1062.57343529293,1047.16105216634,1049.10405650679,1063.3084752913,1073.83657974573,1091.01397561083,1096.15026881267,1093.44638643145,1098.29413182444,1106.93833616658,1116.49457239939,1116.49457239939,1150.67907517743,1132.06015516748,1128.18542494924,1150.13546838913,1142.08175812493,1134.95511130591,1140.29268978545,1076.88763280708,1063.60236930913,1018.67261631801,992.308704914809,861.464382420053,812.958793643204,787.199296798863,NA,NA,NA,NA,NA,NA,NA,NA,NA,NA,NA,NA,NA,NA,NA,NA,NA
NA,NA,NA,NA,NA,NA,NA,NA,NA,NA,NA,NA,NA,NA,NA,NA,NA,NA,796.082617890363,868.888304654199,900.693909432999,928.370034489433,925.337776166087,988.840373459199,1003.42924389049,998.432303656017,1009.00279060946,1009.63931737226,1009.02180353053,1003.11703643271,995.458424728356,999.062060134404,1002.64632500465,1015.03972920911,1006.69574329663,1024.53430608499,1040.13215974426,1054.89927389345,1051.18980208143,1050.89230956033,1043.88071152003,1035.46477248963,1036.0350841325,1023.31987175563,1000,1008.55284213157,1045.12870571263,1031.82885365488,1037.12342563458,1054.89927389345,1062.42581657434,1075.29065838033,1099.71495455085,1106.65202689541,1113.83347049727,1128.05141726785,1123.88778932214,1129.7123527695,1129.57402628858,1136.74417964538,1145.09824905988,1143.86886863126,1137.15654155442,1123.61025271221,1112.14754311146,1097.72492000501,1055.47887432991,982.500284687622,902.577682290819,777.414654966437,740.35271955875,NA,NA,NA,NA,NA,NA,NA,NA,NA,NA,NA,NA,NA,NA,NA,NA,NA,NA
NA,NA,NA,NA,NA,NA,NA,NA,NA,NA,NA,NA,NA,NA,NA,NA,NA,NA,NA,735.484503485373,792.540922072815,879.452075601471,929.212631479975,945.868704812774,981.541692771149,973.716258469418,979.156969168388,990.264311497611,990.580637807947,995.929164922779,989.475757951895,953.610148480064,971.628454443108,986.470982847443,980.114789195633,1002.02714070058,1037.72233977923,1042.23162661265,1038.47757139442,1041.93329920874,1031.53217226421,1020.41658159793,1010.10252755157,977.880360780397,967.756730513058,972.432516938836,991.053619280272,1012.73140801678,1017.65365668375,1060.07058840034,1063.59977205297,1062.13192255651,1089.29108699856,1100.14158706315,1109.32107939055,1113.83347049727,1113.83347049727,1134.95594628162,1136.33181773635,1146.31883645616,1139.35258938635,1140.31244894742,1139.761253717,1138.78819505323,1110.46161572564,1043.27639396359,986.590911325058,869.245447541092,782.024386264658,718.717268823454,NA,NA,NA,NA,NA,NA,NA,NA,NA,NA,NA,NA,NA,NA,NA,NA,NA,NA,NA
NA,NA,NA,NA,NA,NA,NA,NA,NA,NA,NA,NA,NA,NA,NA,NA,NA,NA,NA,NA,NA,825.378700960959,898.256754182203,902.25370613771,949.173149885187,974.356863213584,995.929164922779,944.389251392962,943.706065568488,951.1502643352,940.359296866915,951.1502643352,953.610148480064,945.05290857179,965.012953280939,979.312672353878,1002.80463402797,1014.11850234004,1028.04061956245,1027.89090084369,1021.93894000464,991.053619280272,985.519963172706,952.954517061931,956.882960450232,968.722735109888,973.717104707522,987.891831284925,989.002022242624,1047.4633488344,1058.0010754983,1061.24926383956,1085.41466730462,1092.42991121474,1112.28610355375,1113.83347049727,1116.07515231205,1122.07849713148,1129.28309949691,1136.74417964538,1151.76475024187,1141.27069548936,1132.75107592092,1090.12419112178,1059.59513512306,977.378912327551,851.46931829632,760.345316287277,NA,NA,NA,NA,NA,NA,NA,NA,NA,NA,NA,NA,NA,NA,NA,NA,NA,NA,NA,NA,NA
NA,NA,NA,NA,NA,NA,NA,NA,NA,NA,NA,NA,NA,NA,NA,NA,NA,NA,NA,NA,NA,NA,770.73506403185,892.328414878737,912.91795433076,978.197999341982,950.328890437411,935.911977042948,932.233393954945,930.721647396626,901.559796704711,906.055997309632,927.024565723209,883.631933312014,904.435045220155,955.080016534914,1001.24921972504,1001.71668040803,993.098012697471,976.281209488332,937.749729827869,917.705072914366,907.948641379868,933.407735129724,936.582751021009,953.769188195621,951.971638232989,951.1502643352,972.432516938836,1020.11028815516,1044.47952474954,1056.21953296049,1077.89541508242,1078.91719387615,1099.28909302885,1114.39431327308,1113.83347049727,1114.95515604889,1107.48462388727,1091.85439956453,1090.26858646005,1105.232109896,1021.78542414327,956.220136923958,911.369793822142,821.377574303276,736.109351581632,NA,NA,NA,NA,NA,NA,NA,NA,NA,NA,NA,NA,NA,NA,NA,NA,NA,NA,NA,NA,NA,NA
NA,NA,NA,NA,NA,NA,NA,NA,NA,NA,NA,NA,NA,NA,NA,NA,NA,NA,NA,NA,NA,NA,NA,NA,864.940308124795,887.764045228235,906.566664784743,905.013455567655,883.883476483184,884.590300647707,834.977355883676,824.999913042245,832.165848854662,823.861455565443,828.77227490781,827.255029512294,832.353569560999,880.675088387603,838.525491562421,858.045168355241,883.529852353615,896.172416446746,844.825601635866,869.265743124444,862.046982478333,919.024647911797,941.242515212036,934.902207349608,951.971638232989,975.79873274396,1000.61232782147,1030.77640640442,1062.42581657434,1065.50752471908,1076.16180990361,1058.14832807001,1069.46232213662,1062.571807291,1042.5314217676,1002.64632500465,979.935625436662,951.971638232989,902.577682290819,830.47168327819,777.615901735163,NA,NA,NA,NA,NA,NA,NA,NA,NA,NA,NA,NA,NA,NA,NA,NA,NA,NA,NA,NA,NA,NA,NA,NA
NA,NA,NA,NA,NA,NA,NA,NA,NA,NA,NA,NA,NA,NA,NA,NA,NA,NA,NA,NA,NA,NA,NA,NA,NA,NA,833.478626840634,858.218116687702,811.989538556595,809.693491575174,818.151179604281,807.000619578449,801.56097709407,810.470824691717,780.220625715064,764.852927038918,763.215118812654,785.015923405379,797.456871316145,781.619158221816,798.044100694311,798.827265433523,786.596603583511,799.021668178149,813.941029804985,873.927622027722,852.934846414037,885.295434515797,905.883546599672,923.815556725462,918.558401538401,999.506384511915,989.312904114881,1010.25910986886,1006.69574329663,1015.19702521235,976.440180390199,946.366365842974,941.068074635678,900.342873480117,866.548472505874,831.038506929733,795.691523141977,NA,NA,NA,NA,NA,NA,NA,NA,NA,NA,NA,NA,NA,NA,NA,NA,NA,NA,NA,NA,NA,NA,NA,NA,NA,NA
NA,NA,NA,NA,NA,NA,NA,NA,NA,NA,NA,NA,NA,NA,NA,NA,NA,NA,NA,NA,NA,NA,NA,NA,NA,NA,NA,NA,NA,708.426421670525,739.509489941375,721.543484483091,730.366522635442,762.397093355039,774.189340186055,770.146090037468,750,734.197623168591,743.931399245803,749.583101594292,746.651718682963,709.7512932316,725.861046343716,744.56256593737,720.459628768598,754.138762861517,761.166424496843,812.561541374034,779.421213447934,818.151179604281,866.375360420867,874.642784226795,864.759998819888,877.669265958611,875.706723439534,910.013736160065,872.8518691817,885.295434515797,865.661774922008,797.260935955099,NA,NA,NA,NA,NA,NA,NA,NA,NA,NA,NA,NA,NA,NA,NA,NA,NA,NA,NA,NA,NA,NA,NA,NA,NA,NA,NA,NA,NA
NA,NA,NA,NA,NA,NA,NA,NA,NA,NA,NA,NA,NA,NA,NA,NA,NA,NA,NA,NA,NA,NA,NA,NA,NA,NA,NA,NA,NA,NA,NA,688.748267908283,701.114864343502,711.29280310214,711.719819034032,726.722092687432,711.062131745151,711.062131745151,682.596108692596,705.779710674655,666.818920786479,611.597473421132,608.533018062059,612.882533606563,610.327780786685,670.114402049065,720.459628768598,740.141128497231,766.681483080578,773.959025049782,791.750839452888,767.499508538193,772.120921857176,805.062109405231,825.378700960959,837.776814586996,820.060973342836,765.261393250698,NA,NA,NA,NA,NA,NA,NA,NA,NA,NA,NA,NA,NA,NA,NA,NA,NA,NA,NA,NA,NA,NA,NA,NA,NA,NA,NA,NA,NA,NA,NA
NA,NA,NA,NA,NA,NA,NA,NA,NA,NA,NA,NA,NA,NA,NA,NA,NA,NA,NA,NA,NA,NA,NA,NA,NA,NA,NA,NA,NA,NA,NA,NA,NA,NA,NA,653.116428467692,640.797311784077,628.240362899966,598.407889118107,587.894955876648,570.635610525666,570.361661537618,583.09518948453,570.90929673273,573.36310230043,625.749102153542,622.993558709356,637.377439199098,658.119588271269,683.275018162036,693.268886509929,686.916518747388,693.044016884728,673.145600891813,NA,NA,NA,NA,NA,NA,NA,NA,NA,NA,NA,NA,NA,NA,NA,NA,NA,NA,NA,NA,NA,NA,NA,NA,NA,NA,NA,NA,NA,NA,NA,NA,NA,NA,NA
NA,NA,NA,NA,NA,NA,NA,NA,NA,NA,NA,NA,NA,NA,NA,NA,NA,NA,NA,NA,NA,NA,NA,NA,NA,NA,NA,NA,NA,NA,NA,NA,NA,NA,NA,NA,NA,NA,NA,NA,NA,NA,NA,NA,495.282180609544,NA,NA,NA,NA,NA,NA,NA,NA,NA,NA,NA,NA,NA,NA,NA,NA,NA,NA,NA,NA,NA,NA,NA,NA,NA,NA,NA,NA,NA,NA,NA,NA,NA,NA,NA,NA,NA,NA,NA,NA,NA,NA,NA,NA
