"V1","V2","V3","V4","V5","V6","V7","V8","V9","V10","V11","V12","V13","V14","V15","V16","V17","V18","V19","V20","V21","V22","V23","V24","V25","V26","V27","V28","V29","V30","V31","V32","V33","V34","V35","V36","V37","V38","V39","V40","V41","V42","V43","V44","V45","V46","V47","V48","V49","V50","V51","V52","V53","V54","V55","V56","V57","V58","V59","V60","V61","V62","V63","V64","V65","V66","V67","V68","V69","V70","V71","V72","V73","V74","V75","V76","V77","V78","V79","V80","V81","V82","V83","V84","V85","V86","V87","V88","V89"
NA,NA,NA,NA,NA,NA,NA,NA,NA,NA,NA,NA,NA,NA,NA,NA,NA,NA,NA,NA,NA,NA,NA,NA,NA,NA,NA,NA,NA,NA,NA,NA,NA,NA,NA,NA,NA,NA,NA,NA,NA,NA,NA,NA,172.178816744846,NA,NA,NA,NA,NA,NA,NA,NA,NA,NA,NA,NA,NA,NA,NA,NA,NA,NA,NA,NA,NA,NA,NA,NA,NA,NA,NA,NA,NA,NA,NA,NA,NA,NA,NA,NA,NA,NA,NA,NA,NA,NA,NA,NA
NA,NA,NA,NA,NA,NA,NA,NA,NA,NA,NA,NA,NA,NA,NA,NA,NA,NA,NA,NA,NA,NA,NA,NA,NA,NA,NA,NA,NA,NA,NA,NA,NA,NA,NA,176.571915133395,175.446476838865,173.43542045168,176.318504296173,176.774297808879,176.668806005417,177.02910191339,176.278667468661,176.901661003763,176.322272727457,175.35633965575,176.406893943328,178.240504668296,176.64854541931,177.18121506849,179.865990535827,179.558421422216,178.422350428667,177.79265049701,NA,NA,NA,NA,NA,NA,NA,NA,NA,NA,NA,NA,NA,NA,NA,NA,NA,NA,NA,NA,NA,NA,NA,NA,NA,NA,NA,NA,NA,NA,NA,NA,NA,NA,NA
NA,NA,NA,NA,NA,NA,NA,NA,NA,NA,NA,NA,NA,NA,NA,NA,NA,NA,NA,NA,NA,NA,NA,NA,NA,NA,NA,NA,NA,NA,NA,176.068487246346,175.494970922095,176.333261138977,177.45496418543,178.716756592464,176.954980943011,178.14069494423,178.967939482829,177.874825618764,178.536387010818,178.72288717641,178.024386512562,179.281304910633,178.747501130564,179.540448015559,179.307937771545,180.139296968493,179.800750584475,181.133597327545,181.032108781967,180.581756545104,180.168956438111,178.231129710851,177.884778850996,179.519017357649,179.8641613864,179.819376032849,NA,NA,NA,NA,NA,NA,NA,NA,NA,NA,NA,NA,NA,NA,NA,NA,NA,NA,NA,NA,NA,NA,NA,NA,NA,NA,NA,NA,NA,NA,NA
NA,NA,NA,NA,NA,NA,NA,NA,NA,NA,NA,NA,NA,NA,NA,NA,NA,NA,NA,NA,NA,NA,NA,NA,NA,NA,NA,NA,NA,176.694332274646,177.777923977744,178.240074872688,178.652289830525,178.33732188955,179.104229765543,178.571541125788,177.792869773586,179.641199905181,181.222721122213,180.420280153549,178.577813638839,178.970141000581,181.317468119241,181.594571860266,182.310700116481,183.289945294922,183.273323238226,182.912242549279,183.544809529788,183.412468475866,182.713855390426,181.889470816343,181.277504694338,180.934752797508,179.858569738123,177.949765047857,179.895300331575,179.397161364068,178.68610104656,180.801921838917,NA,NA,NA,NA,NA,NA,NA,NA,NA,NA,NA,NA,NA,NA,NA,NA,NA,NA,NA,NA,NA,NA,NA,NA,NA,NA,NA,NA,NA
NA,NA,NA,NA,NA,NA,NA,NA,NA,NA,NA,NA,NA,NA,NA,NA,NA,NA,NA,NA,NA,NA,NA,NA,NA,NA,174.523329572902,177.440550223019,176.048312032475,176.791759338239,177.520229606568,180.751632287716,180.757435203344,181.559254631553,180.893283581183,180.665041180435,182.390089205599,183.689112150436,182.882267309164,183.578873125121,183.396304252358,182.40091585581,181.919254077188,183.717896073179,186.734094169289,186.865947067173,187.582039865128,187.088954754071,187.477234608845,186.73061789566,185.21240198684,182.67984023741,181.850020638608,181.361714047877,180.845620406728,182.670063388178,183.266976175908,181.428293441124,182.686581688585,183.124990590347,180.962291185502,180.824725847771,180.71506812896,NA,NA,NA,NA,NA,NA,NA,NA,NA,NA,NA,NA,NA,NA,NA,NA,NA,NA,NA,NA,NA,NA,NA,NA,NA,NA
NA,NA,NA,NA,NA,NA,NA,NA,NA,NA,NA,NA,NA,NA,NA,NA,NA,NA,NA,NA,NA,NA,NA,NA,171.930077406261,172.662758373011,175.26164480332,176.897837845146,177.421531474526,179.232494887409,180.708232570489,182.718347128346,183.493651536908,183.908466081885,183.079302170743,183.7730172615,184.870366425375,184.691999569768,184.64934309096,184.946511835747,184.349724954628,185.359818162779,184.974065314105,186.730861380887,187.73497341125,190.479656798156,192.256219709661,191.708912240509,191.090923708628,190.190674471154,188.062802508301,185.038447662025,183.808621081422,182.30103897833,182.339031851093,183.209367425114,186.722249978299,187.71639339315,186.664653887695,185.225872952917,183.517776985547,184.261913521298,183.254895109053,181.72191250242,181.051395483382,NA,NA,NA,NA,NA,NA,NA,NA,NA,NA,NA,NA,NA,NA,NA,NA,NA,NA,NA,NA,NA,NA,NA,NA
NA,NA,NA,NA,NA,NA,NA,NA,NA,NA,NA,NA,NA,NA,NA,NA,NA,NA,NA,NA,NA,NA,172.561680226839,172.997599138345,173.776942175982,175.131141116797,177.217045056721,177.947026761707,178.492568861717,180.647795764584,181.942152781939,183.652191407634,184.383780729596,184.371399448781,183.550176583757,184.322341221732,185.899394372089,185.506545605181,185.177324678728,186.225544184025,185.778165989616,186.353549737752,186.711259307806,187.868798764129,191.048880223556,192.661131415333,193.122999115437,193.523111094546,192.611647636644,191.671932528585,192.20798183626,188.790656801921,186.372070372606,185.621764806935,186.479246316879,187.829057318627,188.769463155969,190.115788915843,188.788827209816,187.100685336176,186.411922339588,185.266046560173,184.002935807468,182.933079580086,183.463768192221,181.029056374972,180.241149904309,NA,NA,NA,NA,NA,NA,NA,NA,NA,NA,NA,NA,NA,NA,NA,NA,NA,NA,NA,NA,NA,NA
NA,NA,NA,NA,NA,NA,NA,NA,NA,NA,NA,NA,NA,NA,NA,NA,NA,NA,NA,NA,NA,172.210831224719,172.350371819929,172.490366657191,174.95463895703,174.458959904267,178.128608536689,179.433620436249,181.835634155954,184.441629857906,184.388354474954,183.576572809948,186.847554648934,186.165319078339,185.170816083355,186.26768592939,186.429141064048,185.716626741286,186.904569262578,187.778233276266,187.213962431705,188.194401956597,189.261054930582,188.258426464488,191.463477920372,192.081807231669,192.860782935807,193.315219812778,194.152588939393,192.732791290784,193.044700680911,191.757122056943,190.531228060964,189.99084940349,188.298931696805,191.345232721803,189.899084769697,190.144303168642,190.177820317053,190.266031486101,189.261720390586,186.652318021755,185.023819161233,185.948847966157,185.689442633905,183.407263785645,183.421125299461,183.533238445327,NA,NA,NA,NA,NA,NA,NA,NA,NA,NA,NA,NA,NA,NA,NA,NA,NA,NA,NA,NA,NA
NA,NA,NA,NA,NA,NA,NA,NA,NA,NA,NA,NA,NA,NA,NA,NA,NA,NA,NA,171.319330374521,172.009963270782,172.586048917909,173.096418756523,174.336745069216,177.012482893576,177.738359603287,179.340506295148,180.679944334769,182.978314927806,183.321369192719,183.782868436937,183.698215904389,185.842100889001,185.708936451712,186.616541712757,186.79655490957,186.566792004669,188.706025195916,190.017652868591,190.068228625306,188.519318283299,187.876553025214,187.890955569826,188.733317997168,191.787170297707,191.523946961317,193.724184219521,193.332311955748,193.57685013839,193.37463483921,194.879300810513,195.206866507898,193.680183160267,193.733394255499,193.06473406283,192.037154648039,191.158530092324,191.940099140946,190.991456228336,191.095169899922,191.272513788893,190.944208604859,191.09263935973,189.684075690463,187.759231856435,188.1122477812,186.964663684616,186.082299792366,184.358596544177,185.414664793219,NA,NA,NA,NA,NA,NA,NA,NA,NA,NA,NA,NA,NA,NA,NA,NA,NA,NA,NA
NA,NA,NA,NA,NA,NA,NA,NA,NA,NA,NA,NA,NA,NA,NA,NA,NA,NA,174.941561060792,174.557607562304,173.856491781348,174.164749809218,174.602571174003,175.418390807352,176.726533538058,179.154097661188,180.064524285384,181.014401259532,181.557339077748,183.565499423341,183.954775300114,184.198016308043,185.22195139792,186.366876448964,187.573004059979,188.705623815022,189.293593063449,190.52874772508,190.690857657732,190.484841160218,190.480165210886,190.329220490035,189.702476650585,189.369967116699,191.833630983793,192.325837069289,194.411151508716,194.943168384498,194.109145047066,193.910809427789,196.049818973279,196.182496860797,194.788578851978,195.221529747735,193.536845792576,192.136371867509,191.246127526308,191.743979224628,190.238181849884,190.98505862533,192.883019780704,193.578102385486,194.278900043929,193.831368280401,192.443303596848,190.953969131483,190.359038000774,189.764035488438,189.559573960547,188.226188774197,187.124666509571,NA,NA,NA,NA,NA,NA,NA,NA,NA,NA,NA,NA,NA,NA,NA,NA,NA,NA
NA,NA,NA,NA,NA,NA,NA,NA,NA,NA,NA,NA,NA,NA,NA,NA,NA,177.326853062599,176.634963680034,177.312717744354,177.773121415875,178.773868183638,178.022178878252,178.007049168983,179.725664799933,181.131953677127,179.232303039245,181.217580061291,181.99715112272,183.497902004964,185.375354821355,185.138171920336,185.645372814043,186.464729550562,187.84323598118,187.895329547194,190.442159011508,191.957109408338,191.969951274681,191.597637943696,192.788107880823,192.710761494695,191.307899827105,192.326614962314,193.261145171018,193.646822993103,194.005314765317,195.485893237336,196.443044986603,196.487217847074,197.158744967468,196.048609338385,196.13950968998,194.590960530145,194.088737372468,193.428491710334,192.937891305095,193.002317006557,191.595406521095,192.156305520963,192.946273081322,194.796445084199,195.123056127429,195.915857348205,195.249812122296,194.539986494878,193.52315836007,192.632272040028,192.256797283931,190.970215907225,189.81186842076,189.166615785134,NA,NA,NA,NA,NA,NA,NA,NA,NA,NA,NA,NA,NA,NA,NA,NA,NA
NA,NA,NA,NA,NA,NA,NA,NA,NA,NA,NA,NA,NA,NA,NA,177.470353592994,178.099792173948,178.871455165525,178.295898036379,178.758782721026,178.805469298092,179.736956977533,179.362943888464,179.690993915014,180.741679553357,180.89688190892,180.952359856842,184.900943804516,183.288051122328,185.308674431063,186.792865383361,187.21048523035,187.918095089034,188.591175229865,189.216591748639,188.438544303263,190.511231314911,192.725839487346,192.433443713087,192.405726832395,194.238736374274,194.319637479914,193.777587947534,195.374296220504,194.876003825308,193.680385689351,194.897153138962,195.338242177404,195.767298037561,195.98133038752,196.287185104549,196.073924233736,194.139368707462,194.326175178366,194.982062846007,194.468608568351,194.504356708747,194.17334952145,193.755501239164,193.442345164759,195.827855171255,195.862391738855,196.674050057928,197.463753734864,196.813939892707,196.594359950067,196.26859629445,196.276338184733,196.671285862231,194.67216103615,193.478086182512,191.550396034144,192.382413419225,192.897936396615,NA,NA,NA,NA,NA,NA,NA,NA,NA,NA,NA,NA,NA,NA,NA
NA,NA,NA,NA,NA,NA,NA,NA,NA,NA,NA,NA,NA,NA,177.59347000655,177.640180652374,178.907925383596,177.70767985339,179.677540958264,182.185183596795,179.616565063226,181.603094699919,182.50265270663,182.804544826933,185.081202751311,186.043811832091,186.036752940624,187.559097104049,188.37733022601,188.158933258134,188.397441350142,189.306053695822,188.374449919814,189.345161337734,189.172860303538,190.279845029058,190.593195414327,192.418028840562,193.333132301104,193.836499038767,195.833696268001,196.296571031683,196.882041511084,196.433089159958,196.997556269286,197.385692410903,196.685987748279,196.071086865986,196.138346641932,195.407570603326,195.759341039511,195.747407131098,195.896285847973,194.650565203684,195.08147346287,195.385947908749,195.247949901654,195.861203177045,195.011879859504,195.768675693205,196.517275321715,197.870412870284,198.240854936544,196.990161699253,198.036696503335,198.287231172381,199.006173785549,199.767190226528,198.752340225374,197.204418426175,195.891522004837,194.58183412632,194.177565707227,194.645363198091,194.223810604954,NA,NA,NA,NA,NA,NA,NA,NA,NA,NA,NA,NA,NA,NA
NA,NA,NA,NA,NA,NA,NA,NA,NA,NA,NA,NA,NA,177.480001054664,179.011112406388,178.635054972873,179.024498661424,180.363151390818,181.397888548998,182.677751129879,181.795352600387,183.077630840121,184.807909849987,185.701978380097,187.457662686367,189.148619667174,188.326171960464,189.45314619377,190.541158919015,191.470909722943,191.069565997529,190.87475192582,191.016278117007,191.223580527362,191.056376743236,192.136729738417,192.817590643124,193.15896832725,194.740187171895,196.043628093821,196.596464042025,198.510884446314,200.481135050041,199.410763610587,200.516819895672,200.058689446099,200.357523390473,199.753099463425,198.516754816811,196.172294595231,196.606419520997,196.097883431487,195.830759930565,195.059398273274,197.605800497396,197.34011266384,196.949727988524,197.321315406712,196.658203261089,197.929621639666,198.389459134098,197.296461637049,198.220156543679,198.425439187984,198.938455144358,198.274441560363,197.998232069869,199.42549990826,198.647738700031,199.99181615293,198.830021245133,196.035608474333,196.168317244357,198.613612423328,197.205333286083,196.406540622443,NA,NA,NA,NA,NA,NA,NA,NA,NA,NA,NA,NA,NA
NA,NA,NA,NA,NA,NA,NA,NA,NA,NA,NA,NA,176.203339843911,178.736181854452,180.099902275399,180.636930330421,180.463214088376,182.352070993359,182.405512356446,182.802879272896,183.256711706893,185.548500903721,185.964666666485,187.700759615302,188.092622759626,188.612244267434,189.412574040029,191.33564512331,193.150476583453,194.085784322885,192.745684210193,192.604233296042,192.210159957896,193.572967674162,195.159244016484,196.016057542836,196.825481752182,195.610574326509,197.424954595827,198.351699210255,199.284352775152,201.561349175848,202.792686490203,203.206748736132,204.643897877197,204.964000537306,204.045829980113,202.942032823628,199.196668256133,198.629974044952,198.897141810043,197.776166406849,198.051051372412,197.257325565154,198.790571479257,200.065223644149,199.641850750055,199.126133816853,199.011360930839,200.206163082687,199.469288102274,198.300809248102,199.295812744813,200.031160519321,199.307955450971,199.061963805926,199.124797906004,200.299001340131,200.238544930529,200.374278914168,198.100825174741,197.957010565372,196.806311432828,198.388352819252,197.976573241082,195.581278735422,193.99403922538,NA,NA,NA,NA,NA,NA,NA,NA,NA,NA,NA,NA
NA,NA,NA,NA,NA,NA,NA,NA,NA,NA,NA,173.32108148357,175.803024569645,180.383980140713,181.470451674007,181.467464557607,182.014642037097,183.058311426033,183.597011362556,185.135784486997,188.236176819987,188.799618831871,188.077869672497,189.3407663032,187.371874919481,187.976881614714,189.193351771069,190.847085510949,192.474277216457,192.720923728673,193.895390681365,194.766449674462,195.849037550208,197.039703622017,198.181448246351,200.108891614086,199.033427859447,199.262006422361,199.422420524688,200.634187620491,200.349317947809,200.867748963779,203.240514683794,203.575390664043,204.56586192719,205.313515901054,205.359307840646,203.372978319357,200.019532129398,199.023139861257,199.519111325522,197.63892508831,197.55318583722,197.582288785548,199.219616618054,199.66040991131,200.623622370789,201.061011590931,202.14477914635,202.282882403323,202.231580434397,200.703353696094,201.906246325182,202.785074627321,202.031550921052,201.892470768178,201.843122444866,201.426417665806,201.379590039509,200.532284817964,199.534005224247,198.936981064455,197.545246931434,197.992911163598,195.943570800359,194.223730916346,191.921138033373,191.299266380512,NA,NA,NA,NA,NA,NA,NA,NA,NA,NA,NA
NA,NA,NA,NA,NA,NA,NA,NA,NA,NA,NA,175.593217411236,178.539334485005,181.076752920886,182.725931474887,184.400910007355,185.223403981109,184.100603354944,185.904246524735,187.211096402928,188.593601094363,188.780230951652,189.408758539402,190.001628204546,190.168445468569,189.912964453337,192.938031168846,192.198603573622,194.058508651059,193.817289824519,194.93028619386,197.089357918387,198.522563073683,199.176239910844,200.903762775557,202.954102577337,202.905153812922,202.449229276722,201.70431938858,201.569920102351,203.09200574726,203.72073103013,203.715169979732,204.473789461378,204.039099398612,205.452709836357,205.273582973337,204.835089570213,200.387391063887,199.367740868944,199.93899268428,199.345195536021,197.708601583215,199.271613552996,199.340489824283,201.169805640919,199.76954547222,201.211217366156,201.136515460119,202.464648057784,203.138450891956,201.895564329138,202.234127597957,202.134659800161,204.119580608241,203.587506561208,204.485717120379,205.276711838662,202.573938395312,200.528429111292,199.105840147154,197.650899427846,196.738285969147,196.714687895867,195.400184485146,193.765273539148,191.898556364947,190.922569197159,NA,NA,NA,NA,NA,NA,NA,NA,NA,NA,NA
NA,NA,NA,NA,NA,NA,NA,NA,NA,NA,174.664836211501,177.117454977925,180.02652476129,181.712977190819,183.6572703106,185.585119496435,186.45792176075,185.312654292219,185.267919332569,187.219302587256,188.031944495543,190.143627226112,190.785244442398,191.376262317701,191.998604530815,192.692638201905,194.079157154629,194.352345821556,194.786894410295,194.666672921158,197.246165003298,199.199431044973,200.312623117152,202.210049005521,203.350092098446,204.31673758441,204.997490058278,204.324685985333,204.158698050813,204.572578704128,204.659528126241,204.89523983216,203.949779180659,204.799723866772,205.142589324251,206.89274234491,205.124375370666,202.678289124019,202.793226185691,201.882326892204,200.677557333095,199.482249249918,198.222765502864,199.982228713431,200.829923167489,201.63773315409,201.54995186747,203.501352625747,203.122246192412,203.139741418402,201.964688311868,202.200838520207,202.489691252079,202.506363264159,203.094758639161,202.767111884928,203.110636143513,203.087111902927,202.110637696241,199.441995788931,198.183509772216,197.541006484544,196.73487113803,195.382864872523,193.366073273458,192.882001662648,190.484085122283,190.736472103681,190.509505060362,NA,NA,NA,NA,NA,NA,NA,NA,NA,NA
NA,NA,NA,NA,NA,NA,NA,NA,NA,174.696714382457,176.601854436215,179.970118319998,181.122126609378,182.87177659503,185.067025888976,185.962953797661,186.643037884966,185.952347447756,185.327962153511,187.169928445204,189.023300668962,190.120490307422,191.804541273189,192.751091975059,193.187931370699,194.033563759773,195.378062419978,196.12889735014,197.701617441104,197.606816817135,199.509722097378,200.972169539462,202.267649660911,204.04609112938,205.159520696611,205.442294795111,206.162337823998,207.143342309641,207.243505310207,207.122451476331,206.859918380419,206.483734692236,205.965398765081,206.213950485222,205.645427842436,207.48505953214,204.815602942394,202.699814621193,202.972908166809,202.402338182872,202.291109527403,201.818300743423,202.129412083985,202.8839677434,202.588301569034,203.216783779998,204.405674237409,204.783723911966,202.821240406499,203.12631450724,202.138830259219,201.705184124074,202.130773538304,203.821814728688,204.317665606859,205.047153788217,204.292162527605,202.629033427323,200.859172845645,200.026815499382,197.720722109588,197.17518604437,196.606196752171,195.879375759662,194.550061808368,193.580235943985,191.719649733273,190.663863284497,189.255478936792,189.594193969229,NA,NA,NA,NA,NA,NA,NA,NA,NA
NA,NA,NA,NA,NA,NA,NA,NA,174.08996031502,176.154710842609,179.43212161659,182.353525125893,183.618735470868,185.267895598439,185.011592888484,186.444117638451,186.751986014072,186.251895639649,186.392827096123,187.841175856781,190.263774104102,192.167038667583,193.905724321059,194.755394212149,194.927186354995,194.915819429383,196.584859766594,196.746337358536,197.218063228578,198.804098769594,200.183254986133,200.666100428223,203.592102300618,204.170421736559,204.995113512129,205.267665089794,205.285981734369,206.953053990307,208.740160590381,208.790229355156,208.608370710765,208.558627523225,207.266115317565,206.58711332947,207.137462135287,205.336035266369,205.493489313196,203.936548558507,202.704258222106,202.108063945339,202.094111835442,203.097973966562,204.818983625187,204.51958313053,205.165465256895,205.015233426001,204.891293672591,204.12286291953,203.624040029068,204.245391345073,203.15224338978,203.012483393888,203.703706859245,204.316191479682,206.186700456264,206.216608760994,204.755064217534,201.91895794378,201.519938948735,199.903341638299,198.08285272434,197.405507203476,197.032253480647,193.601016338681,192.469963564664,192.231441245011,191.124717436866,191.256281083097,191.252390658753,192.2791203997,190.128623243022,NA,NA,NA,NA,NA,NA,NA,NA
NA,NA,NA,NA,NA,NA,NA,NA,175.514630511409,178.22863272413,181.53212118187,184.133992710052,184.384197768277,186.103741948697,185.443076850263,187.080131638692,186.527452022596,186.984389816708,188.250594836663,190.807539370521,191.318589370857,192.940499306208,193.718664691144,194.248252863416,196.211970160493,196.671811414784,198.191748561206,197.295864309603,197.764034096046,199.942066263159,199.861406740279,200.831491875569,201.833081840124,203.692170855709,204.391698897734,205.021914584929,205.280523751233,207.033374056478,208.70808293144,209.743295283849,209.298663141922,208.037843093481,206.885867823998,206.725487682256,205.184594970058,204.938497828463,203.856445252141,203.931973374458,205.34210499897,204.401354430268,203.944424067457,203.142334393475,205.756130535533,206.58941092114,206.412390529861,205.532070391952,205.718433362011,204.540484941622,203.810816093224,205.593920958749,204.381992778144,204.22582504709,206.155195891845,206.671613013946,207.186875360296,207.640753905202,206.034416124003,203.625637249149,202.474910038302,201.4437311378,198.997437222145,197.356702683837,195.376395251994,194.77079274332,193.30225685614,192.535222406065,192.615638585895,191.141782056463,190.467469758998,190.892255804152,190.054686124108,NA,NA,NA,NA,NA,NA,NA,NA
NA,NA,NA,NA,NA,NA,NA,177.628924233427,179.230819928039,179.269915130807,181.041468661973,183.104315214279,185.324888129722,187.064935347832,187.148880648258,188.494725451114,189.044788016618,190.115119974963,191.224668104739,193.238117287854,193.861682610223,193.338253184645,194.122106413239,196.056079557403,197.094830063808,198.05753189783,197.772382904594,197.784456734893,197.737780323728,198.486349726546,199.925156731808,200.263907153905,200.729139177944,203.417653075212,203.568643172487,204.694578137898,205.898870349917,207.629479457757,208.513627159447,209.346500156236,211.010264479528,208.793717642358,206.55834527269,206.584191576641,204.3502387783,203.675936480874,204.766587061329,204.537699006166,205.497894333407,203.677744790515,204.038159219332,205.590469559342,207.027288987113,208.349984862116,207.977092552927,207.190354653002,205.696167788187,204.59721996325,204.568286431418,204.650442363661,205.434985021293,206.259887108031,207.786706546432,209.514668502947,208.03203461387,209.121363740679,208.040821856525,205.896108160446,204.526562868391,201.913933964031,200.081434549886,197.981300275028,195.54415746938,195.682054160045,194.492225767171,195.093436316145,193.128333870431,191.562065489448,190.160621478826,189.486691287535,189.365393549017,188.305956079013,NA,NA,NA,NA,NA,NA,NA
NA,NA,NA,NA,NA,NA,176.052519383199,176.38775178042,178.736303478173,179.482527585584,180.615432610234,183.124927925435,185.732252579339,187.153124171577,188.607692596929,189.462975982707,190.566032288338,190.761405547119,192.915700342285,194.204405513797,193.741314583503,192.299020694302,193.658747679878,196.141439042265,196.866991828966,198.268411284553,198.426968380838,198.786235287184,197.924021903409,198.20452324622,199.82806330194,201.020547297923,201.604080042499,202.05799753532,203.21656288167,205.656109313233,206.645830812666,208.095969917483,208.910442622457,209.956246975327,209.310287256012,207.168074442561,206.190949745568,206.014576798334,204.91008723755,203.890119669263,204.825599663939,204.122502643659,205.201755484765,205.389875424824,204.482809620722,206.634530286259,207.64420070831,207.377082522685,208.473292671562,207.523944171521,205.998121815165,206.032683199115,204.924104480435,204.723696125302,205.201713269993,205.845914533597,207.374986052918,208.299095377756,208.540965107095,208.042143779544,208.329244236833,206.366015019764,203.993798744724,202.60550581225,199.156812485684,197.999510264338,196.35986863682,195.303277887613,194.783633582353,194.769949009665,193.73027014136,191.810976355153,191.479327694796,189.707469589877,188.803671769188,188.979518060861,188.811814803333,NA,NA,NA,NA,NA,NA
NA,NA,NA,NA,NA,NA,176.084756069448,176.646022271312,178.371338948844,180.310025487591,182.656557745641,184.719791144345,188.137614874944,189.316892529949,191.547598659556,191.09338663547,192.362644605277,192.983325935538,194.160642128409,193.301289920437,193.542207135696,193.98256890446,194.890231580729,196.038778544843,197.091940238851,199.324890523965,199.544862475293,199.341563606558,199.008709066416,198.555645207949,199.567837514292,200.117522312255,200.520996755189,201.034409149186,202.882365293648,204.428680459941,205.136427578916,206.693552198714,208.447321089051,209.259057159747,207.623338677979,207.322353363001,204.414026896145,206.098513065139,204.634947719643,205.2081631668,205.301658372157,204.942690011499,206.755898339005,206.32910962909,207.481047161685,208.289921279954,208.557365129673,208.839128580915,208.432466934067,209.072195489446,207.820228773541,207.399481665014,206.723405008827,206.543020787173,206.998490179481,207.636632244124,209.90962883746,209.41181613949,208.839821351232,208.123814480973,207.161112179141,205.667137938608,204.643548160288,203.223825095164,200.365446715471,198.858374067109,197.039801080675,196.938108521474,194.706967719261,193.535049381433,192.698937144705,192.912106313558,191.541810742831,188.951234126234,188.967162453802,189.967044243302,189.826862843248,NA,NA,NA,NA,NA,NA
NA,NA,NA,NA,NA,175.249952225855,177.018004344724,176.702365280277,177.708830536693,180.634350866204,184.672728209891,186.965242018239,190.755460643442,191.693800173876,192.448609320821,192.908660082556,194.324459104789,195.872546202753,195.910229429478,195.069380553604,196.707845317492,197.142611059705,198.772442122521,199.56449305112,199.332459179793,201.038137265208,199.064181328394,198.756045416794,198.985558814865,198.209272742639,199.489571886174,199.619646483197,199.776848921987,200.912212392324,201.862773543776,202.025914066493,204.627840207653,205.386336546661,206.302787980268,208.278366535504,208.056263499045,206.584274209546,205.645374146461,205.061640801949,204.752969960056,205.471206012428,207.659303332794,207.889907168743,207.391187680484,206.752122378889,208.183362120087,209.154774560362,208.990441734021,207.630136066713,208.316388933873,208.883401232572,209.448236955077,208.840534268659,207.725949606869,207.721892832267,208.403254277217,208.842530322261,210.12037007721,209.718853353944,209.095697546352,209.765180876693,209.456706452232,206.465004255148,206.102067735223,204.538624054701,203.298603827854,201.667979567722,200.387994707674,197.973324006977,194.105866637163,192.768058322621,192.219756016396,192.544274180324,191.96042097539,191.321844157054,190.676607791406,191.808501672666,191.073332051377,189.369706362814,NA,NA,NA,NA,NA
NA,NA,NA,NA,NA,176.598839566223,175.963226238608,176.733451601443,178.56998993714,182.85750896281,185.580429040567,188.853373151637,190.335069485531,191.651768884794,193.141282064631,193.288664072072,194.23444391171,196.261502275181,197.380693955529,197.429065561437,199.780905460178,200.19883911706,201.249478837113,201.110286804641,201.391042188131,201.115299146355,200.914766506685,201.284141544234,200.408096656117,199.412839972876,199.183577300518,199.364801433116,199.578360312979,200.557005518826,200.928288236868,201.095229853048,203.008077646837,204.85274542786,206.476587336223,206.870912580893,207.055257794785,205.911959976059,205.482973379199,206.05548083428,207.964460485805,207.319951736466,208.603335998573,208.129784765298,208.396682655322,208.488846958186,207.870896702434,209.771073666008,208.566884176923,209.366340981015,210.348291155207,210.936188317195,210.990358662681,208.631749270822,208.277702187966,208.235311771357,207.934524691286,208.077694304889,208.36886713097,209.372254191316,210.25580879207,211.163403334372,210.074272643986,209.209199739861,208.264466508192,206.157169969241,204.839633240034,202.870883747769,200.023044214148,198.097227488832,194.915030382259,193.169759535696,192.586134030386,193.017089896507,192.61263339889,192.805660340514,192.600375258977,191.138881193252,191.286364684954,190.230411328602,NA,NA,NA,NA,NA
NA,NA,NA,NA,176.006140565228,176.293485079547,177.374544487431,179.312371132876,181.046367291771,184.922576673991,188.437360479535,189.942902793489,191.769059962061,194.11625206718,195.257675522277,194.278539511568,195.080799818521,197.317993769745,198.360665095916,199.324430251166,199.755006806685,201.770861783197,203.264586579183,203.882205937189,200.532645408683,200.873619885959,201.736477203281,201.355962305645,200.009657100186,199.501669070588,198.812975935726,198.431716576103,198.85566872999,197.704413592491,199.596497425625,200.920235095221,202.325324350225,203.53331844018,205.064160818162,206.280694855277,207.928983720001,207.478558721549,208.129037034373,209.771265475106,209.193810616556,209.402393740817,209.037474277137,209.034397185257,209.421754071789,210.890039345277,211.694054519851,210.427087498331,210.634107819547,210.480415642977,210.293792834407,211.472920692616,210.7984845208,208.624088250298,209.027196751788,208.004626406338,207.968864452006,208.323568421384,207.936767620748,209.188488127657,210.556253675568,211.308070879197,210.471126123307,210.142978773205,210.067741605372,208.689702479009,206.503997633325,203.715178465529,201.165714909387,198.504286500617,196.221362746511,194.866964731959,194.385792175679,193.367186085152,193.382101228523,193.604028270125,193.94774730656,193.608701754592,192.393627730844,192.404026008424,192.074688936969,NA,NA,NA,NA
NA,NA,NA,NA,175.540063554199,176.210480232327,178.044858848831,179.384204956354,180.708850666741,184.664084198428,187.710725908126,190.379321465189,192.857811966302,196.879943448928,196.719693308063,196.262446635269,197.34669108957,199.07074828567,199.602973699149,200.50312118457,200.942796915494,202.771229607126,203.602617084326,204.895030169814,204.067058109216,201.733154362778,201.465306989702,200.343620916812,197.795208586233,196.597049882341,197.350023404862,197.053519634386,197.403439348256,196.850993705858,196.186922928441,198.447725233565,200.233513114448,202.308365672588,205.121137737111,206.407113763451,206.811871687487,207.166768480747,207.437555349658,208.083447231931,208.029844639832,207.956599048262,207.565402480987,208.083709905473,209.327816273535,209.855322670247,211.606125890775,210.222706507558,210.936141818662,210.346219498525,212.085790162975,211.913320212535,211.558680326444,210.07246467651,210.802820679859,209.727889906225,208.373505081861,210.727951437902,210.579920716091,211.306939675727,213.171912033585,211.870753596025,211.482297637338,209.785821189237,207.924290878757,206.527164300193,205.215709252563,202.80431245636,200.684067896114,197.777810898415,196.326124094601,195.374617388056,194.303825031483,194.473444252875,193.733507944798,193.065011734508,194.265671454958,194.276537458581,195.249099664114,192.801927059997,192.882081315975,NA,NA,NA,NA
NA,NA,NA,NA,175.161214029034,177.516409019158,177.711967260604,179.328158966839,181.075237318546,184.414902366837,188.829485030225,193.964003893899,196.328172942289,197.668242304735,197.412002992462,196.820776439869,197.309201194884,200.181815573223,200.377437262638,201.010476168808,201.387200005561,203.692698911495,203.916741547676,203.1579310401,203.779396675286,203.383252568255,201.880637230834,200.001254506029,196.991874363496,196.312199542458,196.799916380925,197.014002086566,196.458910571319,194.281666331808,196.506368202578,198.459567855008,200.077428860843,201.316092827476,203.462985090146,204.060377703064,205.673978780426,206.17027002173,205.73952313701,206.749798639863,207.733628336788,208.837946873902,208.665415975633,209.574982000291,211.74442463785,211.034777040613,212.512100153198,212.415284501162,212.766487348336,213.117421125331,212.778160593309,212.638610345053,212.735712178134,210.431049815305,211.568569068568,211.60535081612,210.588448768967,212.849770515471,211.707319830711,211.344603784213,212.026978726193,212.171611287899,211.514679793982,210.440470569755,210.431360937665,207.9720667391,205.788491179166,203.307878972291,200.202024653945,198.354037251785,198.746938261465,198.083837572646,199.051623938961,198.239026002982,196.447998927706,195.976824034687,195.877116115401,196.192532197582,194.066968699503,193.011102967541,194.076345737865,NA,NA,NA,NA
NA,NA,NA,173.010352271061,175.266853289962,178.014591923234,178.850075552698,181.296151696596,182.368022646236,186.722569419143,191.781394454266,196.176242008758,198.750648090194,200.932127080277,199.876684609689,201.167350442448,201.059573342621,200.601567188928,200.045852400377,199.89059073096,200.194409141522,202.845711067845,203.075402280525,202.718349498512,202.996017039904,202.580445432865,202.311890061822,200.227614948756,198.119270831613,195.862064994785,196.863218502485,196.448077095531,194.934166446437,194.35143540614,196.106922500719,197.450403371958,200.009256154056,200.874206766848,201.794768615781,203.147175777744,204.551183442858,204.663473702933,206.415118254687,206.539123984867,209.114430903111,209.239581287894,209.579489049295,211.690564475273,212.092902350038,213.41781783434,211.57425906027,212.301046565457,212.779049158587,214.257857650406,213.884924505126,214.869017148325,213.788782941573,213.274368233818,211.541301122704,212.599877647311,212.452128428432,213.039795112126,212.271341296185,211.321267230064,210.692285997759,210.732954776831,210.164215997578,210.776752036285,209.648832068282,207.81103910278,206.762686366478,205.438075428629,202.061002449117,201.306818554636,200.029774674348,199.694111110015,200.523681981756,200.835965410618,198.3519032058,198.05959884807,198.150371630706,195.635281461384,194.489992638043,193.972804758456,193.616468419894,192.635200422095,NA,NA,NA
NA,NA,NA,173.290041418382,175.663940118668,178.455622966485,181.475044037738,185.193628687301,188.220935131557,190.760603879019,195.699015789732,199.639884687305,201.659293833999,203.128862492776,202.900026442984,203.342433572733,201.647249336191,200.108368956152,199.654852476963,200.272282566939,201.017614905246,202.258881007679,202.118652561226,202.486401258798,202.560015493506,202.871221260539,202.139770415582,199.945097502855,197.532695447628,196.470917718312,195.679721155765,196.071677278361,195.312855634322,195.675462173975,197.233493908713,199.454478617421,200.113897263068,202.481640962549,201.742104729597,201.822704437877,204.517280464101,204.3758743532,207.915552484655,207.665372852568,209.496523025468,209.18786536213,211.608879711333,212.467060076296,213.138018395845,212.285784632156,214.159253793201,211.631217858345,214.495682826739,214.916316804823,214.207508285345,213.14107318423,213.421448788415,214.258293014499,214.012433179448,213.388912182145,213.632422156279,214.535726132962,213.242426793659,211.727244191404,210.500047165816,210.128549712912,212.166731548079,211.191993661137,210.10916119907,209.181039685969,207.70450403719,205.151677468249,203.98222147713,203.58807422605,202.580779507261,201.031022017946,200.495643015808,200.780969363508,200.702309503378,197.40495944791,198.25577088259,196.423062270332,194.997644814432,193.398738572769,193.267845563574,193.314272742732,NA,NA,NA
NA,NA,174.19125529381,174.885067089242,177.126607932853,180.47554744372,184.182695705165,187.122251965258,191.343840558397,195.427030254804,197.892521321243,199.304378467921,201.355855170487,202.89971310642,205.099978781975,203.826709309279,203.118704114594,201.725587474708,202.371689789581,202.64593765699,203.073799409696,202.651674844429,202.804907562096,201.778043648757,202.188473706077,201.190879102717,200.758380975311,200.170474284662,199.780670699594,198.337516742018,197.36593967118,195.197608598646,194.623449245805,195.607880498596,196.980149515038,198.412978348123,200.618038627206,202.317501717255,202.576298184265,203.463012266999,204.415201279406,204.049781768475,204.667024529391,207.717376973604,209.323188513755,210.147607589142,212.438016395644,213.739013685844,213.816459246859,215.144237756145,215.572469545841,214.204087902667,214.516825027141,213.067109439969,213.387982578334,213.264757670654,214.358800479692,213.796089977356,215.309157617116,213.708291370082,214.331330301479,214.390018623605,212.944492599487,212.344293757495,211.371800772277,210.811835170313,210.900830175892,211.462214329912,211.090700235667,209.400362187101,209.55010195106,207.689347161643,205.290787638786,204.433996655875,203.19106382937,201.28725160757,199.528524998383,199.605038924731,198.576248005823,197.41139531535,198.171485500137,196.172379412126,195.991994088201,193.823422760988,194.313594727051,193.965567914779,193.514858041411,NA,NA
NA,NA,173.844621055093,175.833294148351,179.269521070149,182.420443020619,184.830966168854,189.205897399552,192.751171341686,196.457097630614,197.796136121426,199.980438108353,201.394820321143,204.314487858991,205.431645573019,204.2892571362,202.172885552754,202.794048229988,204.394624948626,205.144754737901,203.964801434437,204.138286873713,202.874765133916,201.606576032336,201.760325048108,200.343236766187,200.254239664966,200.647492639157,199.815487077811,198.468819354033,196.847333557022,195.32470403497,195.178753125862,195.54300788195,196.192772243899,198.424592825515,199.945764450027,201.211866139992,203.700753799428,204.899150275736,205.675073150306,205.246103063651,206.420302458526,208.343697523745,210.534031558664,210.26770591759,212.1100859665,213.48423423335,212.900361161502,213.575264845832,213.682630381631,212.019053417135,212.542233691957,211.594732006511,211.543898399917,213.520730916336,213.778520412983,213.739838550959,214.401628969881,215.132278158197,214.026090167735,212.702710553847,212.374602481448,212.133263720616,212.877283036497,211.970026348706,212.776314048104,212.739404173777,212.831596667191,211.802591014064,210.110747163491,207.507427836877,204.766985896142,203.474654826465,202.390705006652,200.309761241728,200.57000242782,199.908595747101,199.33722703379,197.677374743391,197.675396348217,196.339807880883,195.916215959769,195.364459649193,196.030801135046,193.962138180858,192.533809659261,NA,NA
NA,NA,175.956731825994,177.89310696228,179.046149186774,181.73405879172,185.83706904106,189.762259381685,192.872172680316,195.796974646191,198.423537719545,200.258650269705,202.811960836867,204.972177417285,204.867205322156,204.333539077278,204.008216663462,204.851991805972,206.014000075589,206.876966269356,205.631786943739,205.684045371308,203.950746347213,202.695670060522,203.053323683361,201.713975332011,201.065187156631,201.084054210012,199.620568534863,198.477713081527,197.602972974289,196.498739127269,196.668116575456,197.058579082164,198.694894685425,199.516811964439,200.793616743455,200.925415842101,202.739266650485,204.903431454807,206.316899082036,206.182705142447,206.914020897193,207.360747676723,209.057257393998,210.191394173344,211.451993236214,211.707869973578,211.720853500077,212.990711966625,208.569173322889,206.484800799062,207.26846681951,208.556623279691,207.434815407801,210.260930204139,211.696028510791,214.87039840789,215.812408926367,215.325654464869,213.998684747057,214.501434456401,213.502575328973,212.781578050671,213.101837113665,214.174078100658,214.326875950653,212.825926449363,213.666355866569,210.568891628338,208.066384713257,206.473258026295,204.611418655618,204.259441999063,202.128585388671,201.250844476593,200.690057545079,201.514058496184,201.754361929783,199.271882850452,199.596550755911,196.917841377671,195.764972630658,195.511945827945,194.311168975144,193.939698198983,191.833311336157,NA,NA
NA,NA,177.480593450602,177.915478940071,180.269658577449,183.18432662075,186.549665481663,190.12869517115,192.154585500966,194.832456448891,198.414812114656,200.280585328186,201.751742443304,205.83155788802,206.175134838926,207.277579748151,205.404732982734,206.785139585634,207.331876131079,207.844497999061,208.298808523433,207.08052760987,206.040178347519,204.597273622757,202.583091171933,201.095050141848,201.305336387748,200.770890658138,200.116353555125,198.817329634916,199.763438565737,199.030042431198,199.873868789601,200.063729609662,200.765764161595,200.402909717395,202.468491075011,202.344481646576,202.637447156137,205.93923079984,206.578216376584,207.357118786253,206.957351725424,205.593129518077,208.436484050776,209.409059515037,211.123569113441,209.917140254876,209.326691836101,208.586390915146,206.426435452368,205.244057466278,205.954042585538,207.867078347863,208.809551429151,209.80255474525,209.89687980948,213.143884027328,214.586353211623,215.268411446282,215.567108754195,215.585410962485,214.303886927469,213.558885463123,213.238082914146,214.650949612542,214.70645144367,212.986491004391,211.858439280394,209.970277633144,209.514429332692,207.814681104178,206.181916622589,206.265168570579,205.047552500444,203.341958870285,202.208023455842,200.879370926947,202.639044413806,202.069087024431,200.449889843734,200.707766732827,198.679587372472,196.650060738141,194.562587391634,193.430223398373,193.337636081784,NA,NA
NA,175.403264124159,178.628182446663,180.528719865868,181.78760778175,184.744379677608,187.658886575729,191.23439611076,193.273362802893,195.959203247658,199.030712282284,201.581192770137,203.431877339975,208.171081969193,208.369430572151,208.759152173256,205.988560376063,208.882591937266,208.542367549918,208.136499029006,207.519679000917,206.519684358755,206.660380840667,203.675038973635,203.796910605716,202.806249417302,202.750709741411,201.663752379495,201.050090422793,200.142275668271,201.077435252847,201.206849693361,202.139258546679,202.287388267501,201.265576906176,201.98986954441,204.786485721728,205.428030351704,203.800856312933,206.274554781814,206.533492247322,205.047137914274,205.384579327465,207.598039811463,207.666127103503,207.947745171918,209.441556624527,209.2729735467,205.988438610805,205.201651318873,205.540267791762,202.396098293837,206.031987402055,207.2955012898,206.147117710908,205.644394383026,207.79418616899,211.25828055704,214.975353009721,215.661123357506,214.897465700828,214.782335935628,215.512915158631,214.341192057426,212.59108715788,213.260034915611,211.63984014084,211.018655241048,208.939177958234,208.323494604105,208.149838087274,207.910837549432,207.224059510652,207.898722424753,207.496633519631,207.91030445939,205.317631150469,203.750707552636,203.320548182528,202.941611412726,203.519745252221,203.163466427285,199.774222814602,197.37902803543,196.205226463036,194.701332156039,194.762479636093,195.363474324074,NA
NA,175.862711293462,178.86448451384,179.377664839149,183.14929452867,185.340108883078,190.02769987491,192.192228019571,194.991149129785,197.935104749941,201.093153264165,202.938074596034,204.531202200274,208.265170582704,210.575814248085,209.325267958376,208.915227487403,210.133547904151,210.486162832179,209.093885591138,208.51047367221,207.310034388037,207.46777061234,206.552308869554,205.697470883569,204.699984205599,204.26984395647,204.36003609352,203.682213081453,202.416600658926,203.382353909755,202.055875902431,202.02872107358,204.133295446822,204.410536872272,204.372711669167,203.241786483251,204.265470530927,205.189470868477,204.451775650974,205.838186783011,204.775475330429,205.177511730351,207.249316672057,208.762467527183,210.059421590495,208.251518778731,209.800038366969,207.369125452326,207.021831394996,204.836580056295,206.853576201482,208.071949062569,209.211190029412,207.544778103519,208.015103756566,209.559490517528,212.67234818141,213.695280261796,215.637462951555,216.460308167693,217.208051923473,216.222301113994,215.962207302392,214.44512663052,213.324071493597,212.174932243105,211.651423782393,209.429715145545,210.844881196423,211.029791103361,211.211895977796,210.427464339675,210.431725980378,209.072649156659,209.708337278036,207.89320552205,206.564189792881,205.37157116868,204.961063356127,204.311782182238,201.786706043276,199.648364038035,198.222007906475,197.435184728921,195.449351722163,193.751835758814,196.11222400897,NA
NA,176.549852902261,178.026531847943,180.600013572965,183.851422266846,186.04704161866,189.221275218978,191.414502464718,195.734066038945,200.716013129452,202.304589992703,203.85901545058,207.321383293579,208.734857145965,210.737920354775,212.2076194033,211.969199678878,211.734386854743,210.033269349811,209.05611531012,209.419465236347,208.068989302296,208.332170822245,208.164765040527,208.208831336483,207.391956360666,205.929441487022,203.737806669965,204.488143855309,203.674969678964,203.744681405631,203.847714039257,204.86841177633,205.533796971275,205.361566706022,204.627143345747,203.20994786692,202.526149521089,203.655526127436,205.074504910396,206.544881767374,206.280415577382,207.447852017431,209.966773113618,208.56445176151,208.4509111371,208.382180090256,205.375935528876,206.897660927726,208.399089761627,209.240898131993,207.33225015722,206.691532275448,207.451171150821,209.510433185139,208.823805797257,210.717434643218,213.368591420433,215.478025869768,216.235101962323,215.174777890239,215.915045906622,215.52478517558,216.017210787982,215.584318125627,213.622585804248,213.735485179028,213.042457323496,213.309081195746,212.171157236575,213.045549325242,212.635078336531,211.943820629146,211.872410192046,210.112921410045,209.313897116378,209.388320082701,208.346267505682,206.944520162072,206.585618822674,205.431994603945,203.432370545752,201.433764516901,200.584767039164,198.080894070711,196.477478534035,195.198747839146,195.44971625595,NA
NA,176.130086243965,177.607718791774,181.149687786498,183.97067059728,188.432679866914,189.554406847531,192.018171650231,196.55264616798,199.747331315784,202.087935902406,206.089723191676,207.420172741029,210.076567230302,211.738845576597,213.352368801037,212.251961467597,211.435387759763,210.61938604263,210.550580497505,210.219353896702,209.822200930741,208.262465853181,209.017636901009,208.532592545116,206.54243506823,205.861571577064,205.908754358533,204.933398829776,204.743082083233,204.559880033357,204.100324784602,205.762499236436,204.622566544675,202.226630103887,204.760935880658,203.420182108164,202.696430919375,203.813594330287,204.641150392251,204.790545349185,205.740535785577,207.917441173793,207.463987075768,210.177818449445,211.954448435205,210.34082363139,209.346856569776,208.295201109613,208.437038543536,208.383879503874,207.170349714374,208.048352295265,206.960648791918,208.57068022467,209.172727044846,209.084599266238,211.145515049512,212.572388240574,212.154368901952,212.774350271523,213.415221378538,215.849403014158,216.765683110612,216.794006379148,214.874279299372,214.638135226077,213.365035032654,212.920542580311,214.714257516301,214.02211880767,212.714627925938,211.66977492319,212.116232372726,210.859610754106,211.722302739733,209.460373942563,206.197952450381,207.832879561544,205.90334408942,205.73035340589,204.416983272567,201.441915204109,200.999059305762,198.644480291902,196.35602936607,195.501130361376,196.879369085323,NA
NA,175.431958492925,177.801617080318,179.880662962877,184.052968544666,187.022615737193,189.939897528473,193.869360078775,195.789917882671,200.572437293278,203.575587558618,205.141781675016,208.471431315872,209.606878831294,211.573361458505,212.209118802561,213.376709807876,211.170500774796,211.422679960674,211.717554170623,211.16453385634,211.441843577132,210.378589747912,208.412665832616,208.29308822092,206.584528438545,208.444074428602,207.531030997928,207.209893731448,207.919176168932,206.79373422025,205.833030779677,205.334628369341,205.230233042376,205.180934929151,203.706571226349,203.705274970122,203.346705048871,204.184848092893,203.552442648758,203.01685696929,206.766956857493,208.100324224292,209.323292899461,213.331005455442,216.063519176414,216.756299012632,214.35460241411,210.891661060404,211.213277980658,208.006354817,206.790442142262,207.672089060504,210.946561100179,208.730457466222,205.068833965342,208.663106681513,210.197533054163,207.854957484399,208.590475510841,208.944797808825,211.596455945862,212.951679934997,214.217909786093,218.18457074161,216.875912460082,216.715709948169,216.670024308443,216.870923395694,215.502158028856,214.852803136105,214.476885216851,213.843356985126,212.092994785201,212.391234118537,211.164803652373,210.967461527987,209.392050984402,209.695912610354,208.409384121185,207.489950160746,204.925444667489,200.253779911979,199.626292471622,198.562090798196,196.911861971175,195.867139068306,195.531048539252,NA
NA,174.212154049704,175.454923371555,179.145057377664,183.183864705329,187.600937291402,190.643783398191,194.339175809854,196.180849204096,199.250968649049,203.801593770378,205.79031326969,207.749638888424,210.42609798308,212.124175939561,211.979427269797,212.989190768278,212.972047597594,212.331896127502,211.777555458899,210.979198995735,210.390869499543,209.738423098696,207.612816396288,209.052849136906,210.069734533662,210.580175236522,210.318193052424,208.773454083394,207.647400146479,207.550351350046,207.129748979415,204.999488702368,204.852246289888,205.294038570603,205.235252455436,205.006507164923,204.645839757525,203.616422954838,203.71091425921,204.25053101484,205.703221847647,208.376899464118,210.543564322557,211.870593893794,212.174835768555,213.827482536848,212.108767105608,211.700457341062,211.850256899913,211.315333291571,207.926557215364,207.60661491294,206.156320355927,205.836832211018,205.059222957302,206.638618397552,206.823267512178,205.972631295247,206.683615745233,207.773468256071,211.339106545003,212.559239894701,213.919906013439,215.910934056656,217.903837246257,217.596132585942,216.426281443183,216.325499839439,215.990774560249,214.049466285395,213.958017096633,214.78578038698,212.370324157883,211.252082714456,211.903324884681,211.696053968458,211.182225912163,210.16743225538,208.956386632131,207.89329106869,205.195678327906,200.967877631462,200.232897753098,199.941165370576,196.174528085504,194.93513018003,195.078784911599,NA
NA,173.809771548357,176.011912688082,180.103732534015,183.540281009311,186.56916443406,189.545427013772,193.307637403598,195.748331563391,199.962551231839,202.566234041812,204.497057010901,206.773364884144,209.526993851124,211.888190597539,213.986614060868,214.881661321875,214.345597896569,213.497097582945,212.233535668408,210.564367723186,208.306343744554,208.347157854684,208.689421156574,209.282698485412,209.194064474833,210.842109206245,210.135290330916,209.290543037937,207.982367162041,207.075671153717,208.487250794238,208.862573281423,207.989054303121,207.615405157532,206.350109873498,205.702152074971,205.660253274868,205.710164239399,207.04541516302,205.715733636295,207.516066605233,209.206612392545,210.334641342124,212.110179338716,212.697562702079,213.206299447712,211.968461059686,212.068360371,210.117892801542,208.395407016052,207.223289771438,206.308018228382,206.989563250134,206.975186455328,206.800787773641,205.874918840009,203.671374896143,204.402601274884,205.922790041871,207.000153424578,208.996418982802,211.880364912532,215.648264276263,215.775255844313,217.284660165443,216.8087729269,216.490898687181,215.959761532328,216.164135399503,216.517560378415,216.323175399113,213.986425200968,214.607319701188,211.621923068779,211.207597302257,211.395156475552,212.55193212446,210.334559329716,209.651496447295,207.928945297,205.601434837058,203.091358876071,200.905816114391,200.246473444633,197.436983083231,195.862251118561,194.381531014287,NA
NA,174.13685646106,176.16729830324,179.344068794867,181.882334081064,186.075513342305,189.254689160979,193.805098857134,197.077871973434,200.969800593353,204.342418626222,205.974360330426,208.465026636625,210.475884541174,213.577783164522,213.653545440799,214.900395339605,215.445812940399,212.76688400092,211.097932828332,210.351651142047,209.402127239049,207.80249089772,208.788381942647,209.392306707871,210.189295547261,210.066333241538,210.815599862554,210.511456924117,211.928305563824,210.396315335145,210.203222580724,210.327305545214,209.02208964646,205.86658202054,204.988117834098,203.864573638825,206.106859814225,207.555697948789,207.978626096287,208.916102030056,208.690361408796,209.817888321167,212.349994647516,214.453314956342,210.764053871331,207.087131967537,209.513785559739,209.515679580451,210.03903711061,209.520417287453,209.328256088449,205.550723589779,204.854558068145,205.207684533387,204.432074670308,205.368626353216,202.225874620624,205.13168733054,204.900598190025,206.323605991821,208.894962596403,211.109417117472,212.665209693962,214.504613647834,215.264192862599,215.841723463997,215.932155775888,216.822768950391,216.050407955502,215.297298347082,214.929968021006,215.074507740266,215.18157852595,215.309463824954,214.084654348859,212.052228161199,211.167678042144,211.689944704794,210.847106488932,209.124824223043,206.428441343701,203.891767876231,202.276840757045,198.961435905762,198.563655951961,194.952860402521,193.719494272458,NA
NA,172.894338635167,175.342688845149,178.967480214832,182.211521346002,184.621114826543,189.220206148844,193.870117589505,197.138771615277,201.182536110093,204.770662208203,206.951945412436,209.82626320691,211.57323687667,213.326082011138,212.916817236695,214.608600785732,213.847915417713,211.996660330063,210.077197926346,209.249575184704,209.918125440233,208.114865749842,208.260018971874,209.912954373104,209.021848897234,211.079905267135,211.838901502305,213.226513430885,213.070167344542,213.014332138139,210.677015415378,210.427813142055,209.57984594373,206.732538341289,203.104390684554,204.528377932715,205.42585443139,207.594649475678,207.24242494764,206.805397852685,208.425732941992,209.425479134106,211.314930146772,209.765592318285,208.483431279205,209.426873392083,210.077917877293,208.243646021795,208.030946694282,208.525674560923,209.652357357957,206.169010017035,204.897972975748,203.456322953474,206.146459641211,203.407475797799,203.681050774702,204.96964627079,203.422673391206,205.952567491325,207.229925641373,209.416088599819,211.219863392781,211.623977117239,215.509900338459,215.407343366065,216.097178507555,215.038993941225,216.152863244129,218.395572121866,216.892473147244,216.73515711654,214.423306192345,215.777794907205,214.789955110186,213.367026546524,212.544906708079,212.631389641741,210.752116587837,210.23924477989,208.045483862264,204.965806208687,202.589340985393,201.302066749313,199.536695854709,196.358680995792,196.010900431606,NA
171.865468080442,173.808101630756,175.535504367531,180.025684971546,182.448125027912,183.311290815574,187.579662537879,191.622814924547,197.020133856903,201.814458996928,204.013475195524,206.098611059537,209.001402359068,211.120387645846,212.024944809745,212.543700606878,212.924455002064,211.481394563344,210.903614381341,209.361917812783,208.21044403856,209.282134715668,208.399533682742,208.63189363375,209.088010319942,211.080312495749,210.863064811413,211.354739244746,212.819464405388,212.823612029459,212.942623331923,212.144184491091,210.870627162458,208.729355014202,208.001695263257,205.472590034109,207.513321899302,204.784304377659,206.185281657093,207.893225977223,206.735314970107,206.930114207423,209.284978919021,210.277947710147,210.348841220307,210.658773276875,208.818637193003,206.756445137388,207.637463188197,207.647615710113,207.085851270608,207.885002329254,204.217227026689,204.826184277549,204.399674176853,204.857508007678,203.257609077923,205.533966759545,203.843828044458,206.479352184372,206.765332528102,209.060655587547,210.043393245642,212.489672832094,213.985395546493,214.912921770863,216.329159011523,217.678225610746,217.5034230294,218.228777951804,218.561015159482,217.81740410575,217.159934432059,215.560460272945,214.004934092835,214.403043703267,214.215590174251,213.410408482924,212.778924779653,212.60186621226,211.049801843003,207.814978672736,206.813471143156,202.847651193574,200.565511146562,201.665226706465,198.339806485898,197.341247783749,195.830393067165
NA,175.185380659427,174.478988636758,178.585662141437,182.186610272609,184.480442258034,186.5314132143,191.095950320434,195.052081110539,199.946045236713,204.832075299577,206.425589938029,208.620093184162,211.101280588053,210.99096792155,209.508208715971,210.614455994813,212.197117196584,212.152568638738,210.883725325613,209.204787853828,208.56957992626,208.711441995778,208.596379318033,211.25607852823,211.84650404205,210.562742272689,211.447509694329,210.889163779369,210.7071691644,211.751828402767,210.911660990785,209.814874318031,209.812383458091,209.003294994318,207.324441522457,208.365273765009,208.26032434826,207.761585863057,205.524152951653,205.224453620852,207.790945750697,209.6796541122,209.216478681241,208.061701841992,209.692287150375,209.113470754377,209.562409415765,209.372251196675,208.344582769488,207.02951093399,206.406341931684,204.794125243913,206.230730154916,204.954033531332,204.199381218587,204.535618659753,205.350886051951,205.284149113228,206.823333454217,207.899196545179,209.611768616828,211.556509226875,214.010269911689,216.623176989047,216.713008655132,217.506469871127,216.583656146076,218.458450810656,219.12244785158,220.005670074469,217.585294649477,216.147275630363,213.687199462435,213.352095694928,213.779710544204,214.000905288883,214.227821954021,213.641975748005,211.623035894502,211.144221837261,208.007421482503,204.345488764562,202.340319785218,200.986255617799,200.502964541153,198.760257056199,194.673701592629,NA
NA,172.866371310134,173.893525339933,177.514280331722,180.820753753997,183.452345656695,186.430783476323,190.963366559784,193.955903933943,198.694477129403,202.508329035506,207.146929537526,207.785604648867,210.601876082929,211.192186099109,211.115854316075,211.612348611155,212.870430497551,213.555918933663,212.708012624975,208.325049668877,207.784560834844,209.016825937744,208.957994238401,210.393746199949,210.044887712006,209.718100787787,209.634972109053,209.743556819701,209.778607702512,211.246238018867,211.370298933713,212.367196554679,210.273925546703,209.581080575709,207.709381567954,208.245977472793,207.075553793375,208.475883094477,207.789260532885,206.74110922068,209.025951044005,207.600019261941,209.076725324261,210.834021164861,212.009931628828,211.999304329851,208.867447792956,210.068707434369,208.797358026988,205.61899600114,205.554456794852,204.674146769273,206.155652419852,205.921019660197,205.414701177537,205.863284951998,206.623442204473,206.514083297469,207.720836700831,210.733606663045,214.204099092609,214.967920659846,214.374888654808,216.914580005942,217.967618292688,218.16159012838,216.932677565154,216.418937997427,218.521965648715,218.327139643708,217.374404626695,215.788911553388,214.130340590147,213.254433371284,213.241024707552,212.454620756518,214.102870456722,212.182132106108,210.366113348638,207.980409178989,205.002519726445,202.328967219675,201.124078990379,201.990343350697,199.25401042324,196.26347475838,193.391295029151,NA
NA,173.080584173332,174.792704202701,176.809970395101,180.357044718598,183.393243573014,186.403192888216,191.502805600798,195.119369502121,198.159801836642,200.417919383971,205.286883317005,206.064708154012,208.43577195464,210.480153417348,211.434573233497,210.906362167809,212.239049890491,211.956259418864,211.583491297098,208.530379432285,209.035356852766,209.8204117876,210.199511019841,210.759139599074,211.705983157028,211.290334763089,211.497656399377,212.11828293138,211.009688009038,211.532522765489,211.96298256963,211.317161744119,209.805063054377,209.865265058314,207.502317823799,206.963012908523,207.899714875983,207.618974769194,207.105446197073,207.371728772372,209.206888105028,209.623019241635,208.483660241809,211.0679542056,209.97158287032,210.807448591767,208.840373605368,206.705172804167,205.257386920577,204.856304690662,204.728311771752,205.138145899929,205.634795965648,205.379288345234,206.768554601996,207.29380213716,208.099800440527,209.347727171278,208.286200851434,210.9691723914,213.36018717867,216.157248075891,216.390873971071,217.174849823412,218.22155849572,216.305961715329,215.632476943885,214.875209022,217.920161068915,217.054246793637,216.91477079306,215.961364445924,213.441962371738,213.393268759032,211.508472312532,212.071721984446,212.387238983753,209.884577070885,208.600808628367,205.67958879053,203.745973250202,201.996446913473,200.078074939914,199.645727111084,197.30044789504,194.697927200449,190.874253392767,NA
NA,173.752582678473,175.215681745973,176.938688295328,180.973582827801,182.069631128068,187.221364268764,191.965748013573,196.000362619743,197.050898430889,200.978916679812,202.798203603361,205.131909433526,207.61166741116,208.193717673775,210.37898024309,210.170323830173,210.826326298012,210.735220381468,210.415501651009,209.82547827573,210.481359917729,211.863114890684,212.976192838568,211.838297387176,212.055019119202,212.356702945151,213.200809458128,212.534941036189,212.453756043008,212.920646005786,212.927005895261,211.431011355494,210.922085803011,209.011205873423,208.591192720647,208.668257153985,210.270682015095,211.402294486363,209.844009251942,211.496844447856,211.037563204945,210.917173644943,210.091197989837,211.65682308796,210.650472368937,209.347173787077,205.812973346494,205.252656367862,203.723694018031,203.845176184875,207.290009656483,205.191884878163,204.142751912738,205.689387992834,206.711800640932,209.396186574357,210.608437460238,209.952184696811,211.953194815155,213.071293276588,215.686599251363,216.583494380856,217.25400814836,217.331939721288,217.351055328763,217.729196538434,218.398314274692,216.695691294849,217.452189171376,215.753099795046,216.183459763512,214.78815279229,213.319578648265,212.813111552746,213.079180396,212.875596462764,211.469731480333,209.030721943281,208.597505415942,205.494637626785,202.817090029006,202.452412499954,203.121480661632,198.215855062309,194.02253548477,190.689118633498,187.444402031495,NA
NA,175.448591393975,178.722124280219,178.238200211857,180.624097103432,182.734051563534,189.369073818109,193.368946543054,195.755157853511,197.959564857508,200.878363371341,202.406672498574,204.730266126254,206.482998836834,206.715834469619,208.454799512569,208.488639408178,209.419938331609,211.119716706382,211.376429023421,210.412754090376,211.255867781254,212.341040896965,212.631523503062,213.031962435274,214.668090850934,214.827139075672,214.09904457487,213.461080502528,213.172967731988,213.951132304946,213.514102637383,212.238111416011,212.912478574595,211.792857307709,209.439015416861,208.825691245934,210.379169583725,212.294959999337,210.368034782766,210.966735248646,211.484818978175,210.790144017032,210.989645207177,211.641542984864,210.776878068146,208.290113158835,205.564138364339,206.121478036421,203.957434196693,205.194291914428,205.927050804246,205.704195958188,206.092324766936,209.621905008559,209.45500551362,210.838426367584,212.293619444202,214.87898107726,214.067331856213,215.302672943159,216.109799745652,217.778559726229,217.825277671937,217.808314147211,217.58490571639,217.574493615961,218.708673140654,218.209775416815,217.887545658862,216.327863194115,215.535713824805,216.574828731759,216.071814106133,214.692955271236,214.329984420267,212.069454763462,210.543221068298,209.106406173723,207.393123318046,205.06048077709,201.024563402173,201.262663098922,199.064517630175,196.511250696834,191.087312383916,186.836981641165,183.58855760776,NA
NA,174.435782339696,178.437127704943,178.97589685181,180.851139068553,182.422989060856,188.516565393171,193.660345793792,196.377725112953,197.786269200986,199.939943698266,202.403378337783,204.425996511616,205.122899132826,207.454624201539,207.923787796449,208.834842959106,208.301543297383,210.883933745018,210.826210834625,209.816986664948,212.324633546604,213.056736322023,214.160925010061,213.909810605417,214.149188291748,214.43147334505,214.874821911084,213.48664716615,213.914511740666,215.207278812012,213.207687986813,212.161473091483,211.986283274956,211.561497282381,210.748941099539,211.455247182694,212.595851925824,213.206616330334,212.47724467872,212.863321065586,212.368227722315,211.344527568212,212.329452081429,212.077584132149,211.74863479629,208.413195263202,206.600551934106,209.118428350262,208.428455168684,206.880397757289,206.878104465298,208.770012674033,212.377034946699,211.512005186811,212.666594725327,213.705862361467,213.534905720879,214.778854657771,214.922394829713,215.2828519269,217.504991018962,218.743438384736,217.669328368377,217.926449021498,217.048463244341,218.927513047271,219.650968598938,219.348503500858,218.459300568478,218.585068044422,216.980273224999,216.153749743153,215.78657519859,214.545234013061,214.1683050822,212.443316338923,209.188007788888,207.677237230687,207.547369989893,204.136642856803,203.022190362687,201.602138009364,196.99787218889,195.823014795656,189.857224755775,187.116052756561,183.064405654423,NA
NA,173.531665711593,176.393813638785,178.697022301691,180.187119750099,184.017902021962,189.004750110399,190.846906210111,195.237901212198,197.309383661329,200.50155592999,203.37252381631,204.676500224604,205.781318963354,207.682322242999,208.546711638333,208.919789303332,209.121166296524,210.850390524403,209.772252128982,209.865564842066,210.432098871933,211.405878023918,213.179100102271,213.713185142803,212.836725592265,212.483248892494,214.430649742107,213.018983701347,213.741332267355,212.552420545351,214.559410390355,213.465036819118,213.181717380246,212.510256967437,213.574837595356,213.821143568316,214.42196439553,215.603415824774,215.777351731325,214.201639830365,216.1384744267,214.589111393299,213.52449901824,213.02799005271,212.258928585629,210.735214759731,210.081524766564,209.228478874324,209.598898260081,209.660117670481,210.346808718452,211.850138118382,213.003300739747,212.545408437995,213.439135144122,216.28715786294,215.769815612946,216.995692331823,216.906069141829,217.207399494471,219.453914081372,220.083568424614,219.424343068616,220.299286043756,221.693871228475,219.100227919191,219.840460473353,220.480751394877,219.811465226684,218.579090587712,217.403103544349,216.053666921216,214.463611149291,213.889980232189,212.765582239939,212.91244231523,209.868597695597,207.732185618139,206.244353068602,204.859841005188,203.415011884392,201.754564679142,197.350665259416,194.794122570126,190.146650391552,188.653894351282,181.790043355097,NA
NA,172.815497250877,175.225329063964,178.304130892537,181.019581772207,182.644424879765,185.674755194848,189.475169593215,193.454560023642,196.983517810502,199.658809523709,201.92184988899,204.344466752215,205.036787071025,208.443322715683,207.310423967811,208.740386143381,209.329343224606,210.075065031542,209.968227622605,210.230906029846,211.789618456029,211.827803619815,213.867446070088,213.450707330178,212.681451274736,211.721932432684,212.114701783147,213.278419840717,213.146672340486,213.653876718561,214.361932482283,213.61771007114,214.650617696245,214.350974393354,215.222958509338,215.077614475355,216.354468541027,215.894547401104,216.000602656388,216.737123930926,217.20344700401,215.967836204625,216.4183266191,215.509534802831,215.918265407926,215.493107404208,214.026702642598,214.973170346765,212.858193874238,213.856045781477,214.531679887516,214.099624196579,217.19305625573,217.005390277356,217.267350959216,219.41886822416,218.573325682498,217.81058504239,218.221591416824,217.2715506038,219.126921980848,220.486874244426,220.773147537334,221.890160630355,223.755521984626,222.890684425076,223.044274612065,221.000735382452,221.028436257442,219.100582056237,218.581366421043,216.683825205328,214.29006065132,213.608827074929,212.356596143616,210.96374306009,210.499436132726,207.109975946267,206.138941879867,206.452376499794,205.696443991154,201.671008242427,197.820173137817,195.63477921023,190.504631795476,186.169359770921,183.144536466514,NA
NA,171.517886818577,174.302703953803,176.639897443636,179.699226540049,181.976135789508,184.712153781109,188.213995327257,193.376217593623,197.059292350552,198.933152786198,200.861121951204,203.760970741128,206.104882786418,208.226757465691,208.01136280503,209.894204415569,210.665857850346,211.264683756881,210.084775666289,210.436928458995,210.704657345559,211.488399770902,213.036833450007,212.773435260851,213.047959170835,212.586011374936,212.639302129943,213.867517643586,213.115220342548,213.395022255058,214.393986307104,215.44060965794,215.192637769253,214.985651633707,215.707675298237,216.511796566713,218.410415774514,216.825441529331,217.288039027019,218.018444948061,218.714107375705,219.181577143954,218.617933465679,218.817683405706,218.905809083843,218.126290385439,215.810511573652,218.26400903051,218.734644745783,219.999727602648,218.003500705964,218.635080658123,219.955216381464,218.690439971386,218.13720114471,218.805834739587,218.085037756878,217.204417947179,218.361828273945,216.941213467727,219.615982680929,221.472312683638,222.07383086815,223.982339581489,224.829864277219,225.075540579793,224.8077600992,222.236829154205,221.661470836628,220.418955414257,218.110594341717,218.180734466336,216.453584721665,214.172847796314,212.068230971562,210.239294917088,210.47388778254,208.513169720285,206.533018803296,206.483498713177,204.74135202874,201.036719580395,198.670699387885,195.827766051699,192.462082134061,186.830865002955,184.159543548876,NA
NA,NA,174.457493106033,176.538648971788,179.240190790114,181.643329925321,184.518503514776,187.266645923322,193.533287979336,198.006792071927,199.225421102541,200.611313085275,201.399570312746,204.618898973292,205.875270623117,207.843289869139,208.831388893775,210.489993767175,211.149280413529,210.7010530151,209.570424876516,209.681629700996,210.624746612403,212.418550996778,213.913445414107,214.783316197024,214.841030490326,214.164189401287,213.809897847573,213.327433133235,214.129821854563,214.99920289218,215.604988812918,215.263087780075,215.780884920216,216.495839482699,217.67626166571,217.318068655098,218.56701289682,219.543928166534,219.778807451263,219.334740378887,220.515992848393,220.289430436299,219.274089512118,219.325921439928,218.329893706628,218.696766532769,221.994537660895,221.852963581991,223.347241311177,225.535653966734,223.939886196347,222.22546406496,220.511053011178,221.324169440113,220.291132594343,219.664428236115,218.971431743854,217.670765353829,217.842664253687,219.499156607484,222.91626013164,221.598564988285,224.016076581567,226.554597272787,227.288569779187,226.774090938455,225.598812627411,221.994000232631,220.450139490816,218.956191379041,219.997830383809,218.656979101027,215.835078501845,214.122133981143,211.231618186163,211.65610570348,209.994380652459,208.907275045566,207.700219488678,204.666456899409,201.675234880892,199.437457407942,194.641931304325,191.43173429864,187.413890762658,NA,NA
NA,NA,174.637263667223,174.966655442289,178.113816781677,182.960827277573,185.419164944667,188.128341565602,192.621315393693,196.007751828874,198.592097593727,200.318777031478,200.691588545341,201.368736075968,203.300399045194,205.477281058853,207.2999131984,209.474067173569,211.010789584347,211.277641415616,210.573215597463,211.044904241416,211.719752460636,213.539478823965,212.954288654944,214.127889318431,214.774255604947,214.442101610999,213.936950223736,213.760052510428,213.907413687369,214.413516404144,215.978053297655,216.812732157685,216.516711515107,216.565943236231,218.29771997039,219.152884299398,221.047072333822,222.473958186289,221.92611990057,222.917904277346,222.237599605957,221.943213832038,222.457685206461,220.711684512498,221.534971220213,222.850499458929,225.406531944636,224.58162335249,224.369177511164,225.654087908905,226.123465608954,224.49632214176,221.341188346851,222.311264371859,222.776335114149,222.077456052004,219.910227040148,219.561582168055,221.378253424822,222.141610631401,222.534990024233,222.155860381693,225.05819601138,227.942348029627,229.254965486345,228.549064170969,225.960661536383,224.213837456674,221.231689673152,218.112963108671,217.838595832106,216.908610991447,215.776020747307,214.714027309728,213.123829268483,211.927638725964,209.879377722924,207.945184668383,206.262759456451,204.581398883363,201.826539912722,196.839853604993,193.926931497638,190.753121742225,188.129652089096,NA,NA
NA,NA,173.491851261516,175.990547880423,177.770603027064,181.531139904301,183.334790003803,185.89170717964,191.50966961096,195.579152909492,196.283118237198,196.957405081399,198.028101076244,200.109768412153,201.798683986848,203.796981180206,204.618341584269,206.345637187138,209.121395531499,210.813507117677,210.749794275854,212.603001911018,212.516923238297,212.563821925035,211.399073774927,213.089133625858,212.20095603619,213.847687736647,213.985428795263,213.816911826535,213.738916671518,214.875437172939,215.253561255047,217.269732279879,218.73766890885,219.071846042091,218.457011055005,220.483926329149,221.490070097088,221.040658702247,222.242349878242,222.301390393473,222.276533490776,222.857669017319,223.335347396152,224.11754924959,224.278851444276,225.402799832999,227.261854350997,227.670148768444,227.011025095772,227.360706449466,227.1879281491,225.965552298262,226.067835581877,225.749287900234,225.266139745558,225.09234226058,223.890328072502,222.065563017141,221.901446114358,223.452259565333,223.806530359191,223.949711099805,225.576672967226,227.097122601358,227.5728602945,227.51859168329,227.46028347899,225.632435108956,220.917204098509,218.950702136542,218.184193037772,218.141970003326,216.884928920931,216.316354635079,214.186400562245,212.191296183974,210.217030711744,208.918522039692,206.474546305371,205.828255182841,200.160592003354,196.019884232453,194.170753609818,190.615029908548,188.202966690409,NA,NA
NA,NA,173.11889913743,175.046975195728,178.028201633737,179.399691257557,183.25754806767,186.436820053422,190.894813158748,193.012402706783,193.39276986319,195.57409068625,198.453719160161,199.246868426096,200.541879178654,202.830019910135,204.303543778761,207.819071305602,206.398017419087,209.161039531989,210.581241780456,211.828414707948,213.316812436153,213.542672249061,214.276843932295,213.471532142829,211.922683079329,211.921240123448,213.917537125072,214.93762204437,214.278044109292,214.453307543633,215.460362888836,215.942297990519,219.082884477027,218.234729293256,219.344855093669,220.178070848103,222.524885292964,221.180823959995,222.483447797145,222.835282823145,222.675840354501,223.072011871567,225.393739422446,225.588159695563,226.070749993896,227.215321301645,229.147229412629,228.850112302349,229.1818228302,229.773579440925,228.978303050707,229.711528116062,228.441250517133,227.448148904216,225.991917201396,227.36212942453,224.663978141498,223.071688958049,223.551829353456,224.02079296274,223.939145605269,225.712734561369,227.149459670844,228.323670793628,228.257619456412,226.492943518518,225.060598474715,223.710568652219,219.664542745087,219.625848413726,218.143063101478,216.952388426547,216.397189061312,215.728000774585,213.985640471916,213.862317087856,210.47401934304,208.641628670933,205.833802212384,204.806530700105,200.300623628301,195.670885693928,193.409833801328,191.391108888327,187.282417327591,NA,NA
NA,NA,NA,173.172726404309,175.857940984157,178.028801757695,179.10920485929,185.479473762135,188.050484152628,189.448035955961,191.701769419149,196.154358692771,196.586998645482,197.80725550315,198.292175942167,201.562866476176,205.047335670385,208.786986535069,208.433658201854,209.625554985892,212.774248545414,212.052443986696,213.762400722858,214.419138809546,214.516776291335,213.534564875873,211.086613426091,213.406891590758,212.412193082518,214.409896630768,214.98439200334,215.091139689345,215.848967476371,216.544923025287,218.204876614002,218.785256559975,219.55005076608,220.470271359114,221.118148957842,221.605986306151,222.006343074764,223.27191945202,223.630657567231,225.091591715819,227.106686916023,228.124713871363,228.659203376332,228.744683244288,230.302701477404,231.540216300713,232.043551955491,230.781237784316,229.487094001459,230.458385729101,228.984964010672,227.167895794073,226.325753989651,226.554003860373,225.258302312141,224.375415431521,224.55673585023,224.331202770558,225.678765105839,227.575213140092,228.811996145583,229.297406871544,228.126410205612,226.593395168131,224.892448755281,222.957822031489,219.641250088742,218.578949803082,218.527084224218,216.432719924392,216.072107014581,214.202844537484,212.701073870998,211.998802848647,209.008693240815,206.781855503398,205.691730799373,202.994481569248,198.645466093028,195.198233306538,193.462320573238,190.158508934593,NA,NA,NA
NA,NA,NA,173.061412868817,173.678055735001,177.203655696418,179.925913110107,185.727144099221,187.455751512214,189.081000527115,192.292109377826,193.293623529278,194.461837700994,196.736850146034,197.119069812231,202.888295452404,204.407917855709,208.115330925451,207.197062277404,209.18131555972,209.700487561222,212.948490147496,212.907951771689,214.361433136426,215.653148428403,213.303521850758,212.562590412842,211.919862503611,213.300556351896,213.66791665103,214.619034007769,215.024784448195,216.058941888956,216.510814186922,218.103671365378,218.546510739844,219.186884394644,219.328108369972,220.403885781051,220.812502839843,222.737644004202,224.744841694328,225.203397042778,227.573714890566,228.950514256057,229.915769456982,230.455018497483,231.607935115621,232.935184214426,231.358024847137,232.040870930601,231.089498363163,230.309412441831,230.010514797414,229.623363565233,228.950821765478,228.368167575767,228.27111729363,228.762638824488,226.093408914161,226.751331855448,224.943885219899,225.773123974822,227.303523585102,227.659062683082,227.956808246804,226.314130453172,223.581110083906,222.387473753606,221.008024775792,219.479889173952,218.34965418619,217.162185573038,216.74070771896,215.307499635538,214.14403163078,211.827267863447,210.083766012507,208.022026202902,206.155775565172,203.67624825272,201.134460942851,197.610366046847,192.860051229024,191.726559552414,189.747756747067,NA,NA,NA
NA,NA,NA,NA,174.047756664786,178.528515423805,182.219980667473,185.121209156043,186.596849706741,189.289130879975,190.731156700769,193.537991805855,195.989904475445,196.984983023821,197.015742897602,200.032143070619,202.539943724417,204.648424809022,207.921407076144,206.344045047377,207.894130504622,210.547560286803,212.979627712773,214.793435031245,214.76935777943,213.793354418063,213.242294310038,213.112270757828,214.093800424378,213.827205574447,213.776166949775,216.16097938313,217.882350415592,218.983730725757,220.090618998525,220.556382547245,220.952742787261,220.932387786449,221.570867653424,222.847899945022,224.741980822317,225.910412539701,227.578184169229,228.275367408357,231.400813840062,232.641420908902,231.352494726118,231.840827974496,232.008851999448,233.273654545444,231.542605782918,230.28937648532,229.203143314219,229.464075889932,228.808086890088,229.945471268212,229.267984137227,229.720074681194,229.656431221622,227.558323640333,226.728965675344,224.084974615461,224.591881758535,226.425915942013,226.275397466191,225.900030599936,225.01259116403,223.186845917769,222.581857109853,219.7103194409,218.856870014601,219.941555753569,218.252450017174,217.200440737489,214.963812366817,213.119733645072,211.092362817593,209.598783841713,205.517617700276,204.226937487683,202.210418552328,198.966454210245,195.011134693831,192.377466719322,188.156180886189,NA,NA,NA,NA
NA,NA,NA,NA,175.116931424488,177.837579384756,183.008270389822,185.415944317155,185.615577881297,188.434452432656,192.928151316885,193.992257096592,195.202128031862,196.338581317768,197.454180530314,198.825188321392,201.666076375584,205.633297701026,207.522360576381,205.335430819354,208.093754870519,210.136612244145,212.144433122628,214.33438510897,214.111983329335,214.405954004317,215.121080356524,212.978896853617,214.331218270035,214.304878331674,214.2813659667,216.600328445945,218.139932272628,219.144691889116,220.603772159292,220.757082428611,221.566484948916,221.277654917897,222.545448876744,223.244215041421,226.569999840557,227.790211601221,228.882019084119,230.574272162086,232.329344265661,232.590340930201,233.727571836221,234.607591012548,234.806299884152,233.945252983186,231.870783985193,230.875098800058,229.161513636555,228.939440687344,229.531430559989,229.569890703805,229.18567851504,229.637664553352,229.2795643402,228.000911372401,228.058870874962,225.250178399986,224.673573662448,224.679169795771,226.040328046922,225.033661174112,223.216834052991,222.03134236621,220.190573461468,219.001342226889,219.611443430473,220.630995818955,218.386125532444,217.180091833849,213.444669456224,213.007354878959,210.132920756992,206.884982125127,205.530688221114,202.060607790322,199.485039731461,196.85404770867,191.9608403899,189.863238253213,186.816952423411,NA,NA,NA,NA
NA,NA,NA,NA,172.192009601502,176.064262768729,180.335936377951,184.045245147281,185.709672786597,189.279331121603,190.297145835458,191.68835711082,194.852660338758,197.114542158884,196.824011032877,196.938829730115,200.406979072667,205.340143017206,206.037863046536,207.002303107179,208.326605614312,209.037306787267,211.692944856724,214.04389106548,214.710137629239,215.062057803985,215.905334702786,215.582863846595,214.916843451663,214.942432169336,214.319880543739,216.980745158759,218.96333245418,219.493116619826,221.434793574535,221.473618155198,220.752023266916,221.733794051032,223.332995728888,225.61753987134,226.539557800438,228.397602243702,230.639326194838,232.026964415055,232.688910230798,233.133702132143,234.901747155713,236.138785606853,235.255473052184,233.719994732547,232.127222038532,230.467749726763,229.863056665436,229.180901526898,229.494270380694,229.253053628491,230.034125432259,229.065285202833,227.005415915373,227.208240247647,227.359725421489,225.905377676999,224.796853719295,224.875150668384,224.428558558244,224.526679715474,222.330274150925,220.538430748427,220.838974761515,220.070721067105,219.013589783494,218.487557314852,217.500791201175,215.369002160642,213.875464960254,209.879800003616,207.742028091719,206.286824502444,203.410854265082,202.120453326801,199.112804993036,196.176812446428,192.273745286871,189.805076850061,185.517212544737,NA,NA,NA,NA
NA,NA,NA,NA,NA,173.304417349001,179.292567602966,182.164612612489,183.929581614612,186.835633905808,186.871572038029,189.137694633941,192.703463672059,194.429311939189,194.504495102945,197.747568655481,201.195578037085,204.747266742082,204.998601907637,206.881381819653,208.272654724011,208.999829039886,211.783546751123,212.838232743758,213.914284301979,215.706312857025,217.08133827301,217.19979443481,215.310109035983,216.171806882573,215.173049759115,216.414619270091,217.824819554163,219.064548807886,220.696946522508,221.931161591668,221.438741599697,222.566186044241,224.993844273021,225.504950298141,228.247862658933,229.137692081407,231.027061661141,234.687518348798,234.296144695927,236.173342719232,237.911101115241,237.18630295926,235.856616004659,234.926560086944,233.178486759623,230.870729375122,230.151449627846,230.312597659167,229.471103110131,228.698941305465,229.120203227783,227.603230341431,227.249162497718,225.924299666814,226.133673979421,225.416383981854,225.122541572994,224.890483015851,222.688682138898,223.570387057123,221.424244172937,219.940500787951,219.217692152257,218.900676673228,217.465593211767,217.451032586916,216.761120526503,215.44167667231,212.2748745292,209.396729655417,206.770540114258,205.675843288925,202.180256617898,201.353221480932,198.788803078472,195.540025433469,192.379404829873,189.712763585367,NA,NA,NA,NA,NA
NA,NA,NA,NA,NA,170.430861613122,175.564662081134,176.98520435146,181.81126440698,185.736947832744,187.226309280032,187.895313663374,191.409835068736,192.612741736536,193.878135749919,196.746668872557,200.854735388841,203.226979912102,204.389704041915,205.269991105177,206.633325519207,206.234390383953,208.705336588368,211.041426320106,212.898358213192,214.624737005147,215.374679056031,216.956745016352,216.177905060016,215.459814940425,217.455650567293,218.059135582986,217.923200264908,219.579811780534,219.562479008227,222.446152749866,222.978150999999,224.51870919506,226.362999294365,226.436073075973,228.715390159964,230.894185915558,232.027760871022,234.270893946745,236.348169268931,235.90201872921,236.182769954543,235.367578293183,234.713575435194,233.023345493814,230.953483872059,230.32198442358,230.447329634527,228.382634971945,229.269076976248,228.921926156221,228.222839581624,226.091376215579,225.786318561168,224.621589244221,224.933586252411,224.253184942774,222.613705184853,223.312411408028,221.322664382673,220.655010432527,220.547415386687,219.346696329117,218.237935547834,216.922355176698,216.929952849757,215.888273214418,215.687330695724,213.883862939405,211.309089784393,207.699380445392,206.536479721006,205.614670054441,203.247876237564,201.903207252617,198.695378470294,196.447968588923,193.229311401601,189.965509393651,NA,NA,NA,NA,NA
NA,NA,NA,NA,NA,NA,171.05696244143,175.994153062774,180.483107843566,184.592911089981,187.136171776177,188.632697663181,190.341334051977,191.106563508796,193.519611804759,195.116070746929,198.474800309164,202.093219475977,203.106115740519,204.087310656653,205.639392040401,206.291478877972,209.939846112075,212.570028042568,213.320977902389,213.937488431081,214.179920970824,214.562836519381,215.936613408019,217.472985345264,217.814662738142,218.862809948857,219.037234817109,219.155608201339,220.36662978337,223.352550537951,224.736383127425,225.856130702616,225.685394041641,227.500204276823,228.725012694332,230.619249348615,231.623562817356,234.311941117839,234.702908673761,234.569638864153,235.551576401044,233.98005494514,234.051032768883,231.434962918528,229.849080463347,229.916583089095,228.959251748235,228.127622730703,227.932589241966,227.887561431797,228.733285862225,227.358782545825,225.342425390646,224.947937025284,224.447199683286,223.524296911279,223.647342764672,222.830984854927,220.605397709396,219.491860404198,220.24195117735,220.102514492925,218.036787516954,216.378574861598,215.66857058698,214.006172863942,212.855472966243,211.765539965036,207.889471531347,205.330625520411,204.262742577111,203.46166420015,203.527311523767,201.288993688265,198.367573265393,196.81707671409,193.238311106908,NA,NA,NA,NA,NA,NA
NA,NA,NA,NA,NA,NA,168.775051888932,173.43335650066,179.674421437216,183.988196341519,186.990943758109,187.345342472239,188.827513136127,189.727624479904,191.586022525491,194.642050024954,197.791852802694,199.725435260732,201.419032886318,202.508613419625,205.024250174603,207.300816008856,209.391825629708,210.179672568771,212.905973511562,213.452285575118,215.563515542941,216.945685351746,215.724425122584,216.545036990736,217.301975257746,218.864689791276,220.377974493214,220.097971578027,221.366631406407,220.341500770408,222.594342547485,223.778922528041,224.231779172123,227.238621641044,227.668021923778,227.573240366385,230.705762280983,231.189687413528,232.938808943716,232.948744885283,233.494519862372,232.347734537441,230.815592517998,229.834635363445,230.387915371623,229.906846750108,228.720647303673,227.256399781136,226.984317036791,229.375448366953,228.241537082929,227.264940297569,225.843804484354,225.100165418831,226.433853960103,225.125540490341,222.830640983184,221.627648956052,220.341496539441,219.257271993757,220.44836803353,219.644120822816,219.963574836697,216.103775764027,214.086380647474,212.450704694283,209.685473060351,209.824201916871,207.30312199456,205.057172384681,204.953955793244,202.411535280376,200.226169756516,198.30596010321,197.232963639261,195.46453725359,193.948957886539,NA,NA,NA,NA,NA,NA
NA,NA,NA,NA,NA,NA,NA,171.886953133175,177.223217503304,182.243054000294,183.418029457543,184.260471414543,185.192973483141,187.116520122463,189.947156635735,191.14660381365,194.270125949828,198.160376464645,201.396357636574,203.283731860864,203.99400283215,206.741133396845,207.203576243364,208.775399909011,211.642596488717,212.970177100978,214.393329099125,214.54066142868,214.973393192234,215.453361005201,217.680470268397,218.132047230201,218.408909914105,219.709384459753,218.649809951242,218.947509892247,218.66817714454,221.964011720362,222.707425593399,224.120059653876,226.340272897751,227.591764921586,228.659925635782,228.657609590132,232.233737040986,232.193962107075,231.946368374249,230.087090384532,229.236189080936,227.956016813371,229.81019900588,229.15993399466,227.808076220725,227.161399877096,227.60370202103,228.774297507445,228.474228716116,226.992988948491,226.395881265686,226.962263521169,226.986645854261,224.457601949906,222.26670537721,221.492265019182,219.774378980924,220.004110818354,219.135950435124,217.921884197329,219.010599042789,215.878181174975,214.040351362425,213.40245540213,210.587493341859,210.073565334018,206.521283539427,205.339090710123,203.353712619992,199.968226636993,198.97294504764,198.555072043382,196.721359348688,194.877614077487,NA,NA,NA,NA,NA,NA,NA
NA,NA,NA,NA,NA,NA,NA,NA,177.108251787016,178.657042920247,180.343366981603,182.744553258932,183.328917536398,186.15584388615,189.921058679231,190.663242461148,192.769810838326,197.279880734178,201.95743223974,203.513690327902,203.43479910212,205.193516316816,206.259739502897,207.006394470713,210.499495051324,211.631461774734,213.368887216804,214.655048178954,214.314119577622,213.991980200752,213.142624193766,215.390906670637,217.429099882883,219.030638154839,221.188317531696,220.326141923523,220.389552085901,219.554127207657,221.408619229055,223.773059065729,226.209277798146,228.209800090489,227.686683369031,229.122369971537,230.878171741566,229.13240729161,231.322768973887,230.41036215019,229.902836088965,227.484735139719,228.085754784734,229.175515360269,230.311418685272,228.330812122316,229.661217643828,227.476871910738,228.814746525064,229.753686044784,226.872558774812,227.286312840858,224.877866481502,223.710745909095,221.675443699115,220.492088287911,219.757319660884,219.16069187599,219.55391089115,217.544803382034,217.461215851167,215.557450583818,212.70052728731,212.01988216836,210.384192822577,208.584578559325,207.73289561234,204.401331480784,201.966366345462,200.047319901247,198.471572508607,197.400466722651,195.585938253392,NA,NA,NA,NA,NA,NA,NA,NA
NA,NA,NA,NA,NA,NA,NA,NA,174.08939906487,176.667110924933,179.912811293783,182.353937980269,183.743884262811,185.902260670198,189.354348515207,190.244008176235,192.968278929774,197.940682330856,201.971508787545,200.564291753297,201.432142134031,204.00971819455,204.152784134721,204.784048267734,207.309550207991,211.017706539954,213.026818717,213.183068726493,213.562036259416,213.769829948539,213.27830317235,215.212211472718,215.461735222252,217.265939542562,218.645685074339,221.095227321714,219.928065271038,219.740269757709,221.098402768881,222.930396825545,224.78561475857,226.001062240375,225.630231672266,229.492951124471,229.444217265462,228.583681974659,228.436159623322,228.088201580054,229.310282229117,226.738599736901,227.701880392577,228.364688306027,230.57646141422,228.267309795314,228.518119183436,229.015043519319,229.729792088264,228.224710431172,227.895493236497,226.351685741427,223.824751300776,222.813057785267,222.524231913774,220.361348111307,219.067380847774,218.928335402735,217.970827704324,217.834114948195,216.143797129897,214.083230305492,210.812896361696,211.566952683841,209.864332030644,209.350617453459,207.43054488956,205.056812242066,203.196941039975,200.800498876292,197.781727289618,194.624972347418,192.120995373511,NA,NA,NA,NA,NA,NA,NA,NA
NA,NA,NA,NA,NA,NA,NA,NA,NA,174.259913691426,178.760606878122,181.188482950293,183.665533689818,186.62605207017,188.391675997689,189.239934881771,190.669878269417,197.472283976526,201.912429584132,200.381868556333,203.080313939229,204.073372123823,203.420965339281,205.20463912842,208.518776638272,209.404227645911,209.542236958603,210.598700891397,212.066616718782,214.051958681278,213.682162783394,216.096025697,215.221439683783,215.795020519804,218.678695124209,220.209617073087,219.427014893628,219.673035819169,221.314936726154,222.522824986446,223.349515093753,223.232180784719,224.301302480194,226.02235863293,225.514722789107,226.469991822738,226.090273760637,225.522555686477,225.234696072137,226.104229972823,227.170275202038,228.136978088915,229.527185397793,228.179233856176,229.403043379947,228.540138764799,228.818855096919,229.239508955186,228.163987366189,226.409549195768,225.08020116481,222.325676154533,221.199211784743,219.625453696238,218.726722687972,219.430124789381,219.140005169072,216.902449098018,214.220220763985,212.737897656843,212.512899805728,210.949250507499,210.099191109272,208.641620682817,206.213371588235,204.822029696449,203.559146371847,199.591494003792,196.588937773804,193.758896993359,NA,NA,NA,NA,NA,NA,NA,NA,NA
NA,NA,NA,NA,NA,NA,NA,NA,NA,NA,176.568717290515,179.695898289434,182.560597810906,184.25029158233,189.130547192468,192.468387187438,191.47329873095,197.523245651639,201.137120838601,202.421026598779,204.29571493719,205.356074701002,205.30950119915,207.391792433439,208.152825883243,209.300697575756,212.030151632382,210.429066423043,212.736726447334,214.426901490195,214.914371134557,215.062135284668,215.927127282851,217.307304543078,218.179045750564,219.472509983553,218.901866812109,219.955615602775,219.907364484459,220.48142234405,220.64704299584,223.131640645235,222.285836375255,222.698431555592,224.533407819874,224.730983597222,225.424964399004,222.865480777697,224.064247654773,226.200725525069,225.771196616515,225.961920372177,226.186966892295,228.417174813261,229.108538878077,229.909088092049,227.467120067073,228.984831436945,228.538828253551,225.836362192904,224.779100097921,221.642996280915,219.872979879431,219.3504256301,218.779785682971,218.843732018927,216.990379064628,213.978032118849,213.269177752744,211.299647125096,210.859836749018,209.862786802207,208.726703961696,206.940681888312,204.664182873386,203.351579581145,202.542378780621,198.264196675685,195.110372786805,NA,NA,NA,NA,NA,NA,NA,NA,NA,NA
NA,NA,NA,NA,NA,NA,NA,NA,NA,NA,NA,181.142642280209,183.181836035865,185.454386286975,187.719556506631,193.648511144605,193.742294746821,198.987967709747,202.144668216551,202.952344239593,204.252646644736,204.899665542431,205.030076860745,206.597926761926,208.858406440879,208.799865462601,210.227607148485,212.166007896625,212.907958946367,216.118094827858,215.631162260731,216.361729768878,215.685394350793,218.163412859562,218.186530431595,217.898794327342,219.388159917672,220.375343824638,219.4851394527,219.228668891435,220.119946586103,220.494313160066,220.796740389867,222.806764055881,222.568666054416,224.288750265212,223.950453612864,223.922694744214,224.38802900986,224.047851567357,226.058906968873,225.975627370648,225.465537178427,226.483355862723,227.317435031016,227.053992672236,227.627180041038,227.74941337077,227.596068103439,225.246269831216,223.944016592823,221.609347663521,220.050907750716,217.461632386754,216.436556883935,217.091642178852,214.898345751367,212.54168297378,213.039695291254,211.670643536473,209.500462745179,209.547588079265,208.922441956266,206.254243529652,204.082105946115,201.802050513212,201.04397449345,195.881555297569,NA,NA,NA,NA,NA,NA,NA,NA,NA,NA,NA
NA,NA,NA,NA,NA,NA,NA,NA,NA,NA,NA,180.202941183385,182.156638795512,184.939736050443,188.813501896362,192.877269511744,195.566356492967,201.306849784972,203.104285120863,201.808756221103,206.617211808533,206.581222478344,206.924854249281,207.912463728395,208.905373674439,209.114998357622,209.913167131263,211.845262846189,215.240896239432,217.86737963753,217.819584248309,217.162777410843,218.282765353005,218.647743462476,217.780484098824,219.401385432637,218.94369401851,220.653193604267,221.03577946249,220.032536451786,219.796134142589,220.624754665362,221.414655741253,221.964172297712,222.430763627502,223.501830320897,222.584140238372,224.263042678849,223.225076204937,222.438678103478,224.820017905009,223.47169608194,224.894405537545,225.817919166351,224.136191642121,224.803025562541,226.868018623922,226.156135220021,227.055834042191,225.086927105116,222.464772328579,220.146360804034,217.373897464524,216.075007727851,216.040484492094,215.156885810813,214.198765717435,211.780317401183,209.949187069576,209.621970399232,207.141834623531,206.289837896524,206.22667759021,204.22650185068,201.909450857064,199.273239931599,197.672845760156,196.479152245605,NA,NA,NA,NA,NA,NA,NA,NA,NA,NA,NA
NA,NA,NA,NA,NA,NA,NA,NA,NA,NA,NA,NA,183.039927842902,185.871314521827,190.217585410694,192.103225256386,194.509515141994,198.731241404757,201.482354150276,205.504164790135,206.477570039226,207.523730718829,207.976022949958,209.39631726784,208.883612805575,211.858506817347,213.163976221299,214.739196252825,215.767871520532,216.859827236801,217.909831952823,218.938383412943,219.436926369357,218.827857929549,220.157305784872,219.393717160861,220.173927354313,219.937394423341,219.604646387994,220.170463377505,219.603395291622,222.28665234176,221.868097202224,221.883111159338,221.902758254818,223.041717723294,223.078712704282,222.533748718282,223.308051834823,223.268796021082,223.714135183217,222.403921319772,224.343818155417,223.848788610053,223.623139445937,224.473199281884,225.848674314671,225.134637612517,226.058186611354,223.110568485145,219.679011139142,218.00759304059,215.799222582548,214.144588801524,214.279896921636,213.372631956449,213.103723192305,210.782738173645,208.492277352587,207.208197909826,204.224178763361,202.649714789099,203.602218727036,202.491316924201,200.971452610755,197.637353847096,196.536505073721,NA,NA,NA,NA,NA,NA,NA,NA,NA,NA,NA,NA
NA,NA,NA,NA,NA,NA,NA,NA,NA,NA,NA,NA,NA,186.06170559688,190.433660739458,192.475511837523,194.303810515474,197.264030781789,204.45430230986,206.154594719255,207.327465295202,208.344062654022,210.265247121971,211.304110301155,210.900590836599,211.642855143929,211.721270059747,213.666458620566,216.302515618107,217.809499599703,221.790023320564,219.883592502097,220.589685859067,219.731825386074,218.491178874923,219.303911654084,218.772358965315,219.506149610262,219.976642703775,220.385133471445,220.100873170012,222.462079978524,223.130307107668,221.675616444712,221.933445719673,223.041822656435,222.409886847742,222.444164054913,223.098373555261,223.545884248111,223.498529033665,222.216296036081,222.872379963003,225.120509917466,226.049336191259,225.690547157139,226.399879540776,225.586197912844,225.142049112045,219.122117137368,217.172763939056,216.340220486846,215.552935542859,214.068544536539,213.162105711277,212.998635775117,210.908525083333,209.295742556617,207.101987163168,204.895017003193,204.093405879694,201.759465063174,200.366499001354,199.775004736294,197.372123568583,195.548569030672,NA,NA,NA,NA,NA,NA,NA,NA,NA,NA,NA,NA,NA
NA,NA,NA,NA,NA,NA,NA,NA,NA,NA,NA,NA,NA,NA,188.228213790086,193.377170443788,196.294401801368,201.523576587299,204.29397154803,205.733443592808,207.481332125389,208.43750185417,210.298871408222,209.637440642544,209.152788538925,212.483475931238,212.942015332815,212.580919876638,217.515538865086,219.888429176191,220.956728185539,220.3002598385,220.347912985191,218.954088801855,219.390453152842,219.742657418003,219.357826239739,219.964204058175,219.053628588179,219.313960275074,220.034840431658,222.129771457458,220.893872377214,220.183540157321,220.560598015204,221.678047821217,221.336497106822,221.171270755306,222.730379336331,224.020535849871,223.438220685057,222.581857591398,223.489787347293,223.925123494162,224.671776627503,224.996147242385,224.926995238993,223.87307174732,220.553722877147,217.478093564465,216.086672458833,214.75654485419,215.794850623666,212.961445465478,212.28546473488,210.702692601297,209.377135147368,207.311450146615,205.835384821411,203.364317003807,201.576444394556,199.084292855536,198.29665955094,195.511045280244,193.290229275973,NA,NA,NA,NA,NA,NA,NA,NA,NA,NA,NA,NA,NA,NA
NA,NA,NA,NA,NA,NA,NA,NA,NA,NA,NA,NA,NA,NA,NA,194.426498469644,196.424716994131,199.741540821781,202.986955750481,205.751069785213,206.430884366183,209.571287564059,210.908045419795,210.703378784437,211.75215442043,213.101723741291,216.457536550731,217.147257557602,217.424419934694,219.105671213074,219.650767660382,219.30964749195,218.70774224671,219.395474973995,220.345531282689,219.484831220404,219.115916449906,219.675591895595,218.566450926126,218.326240843701,219.471838684384,217.673990412984,218.973203461907,218.405120363633,219.864892777014,219.030689870493,218.707445271401,219.482374157688,220.652993861147,222.598562097388,222.41813772316,221.382165423117,220.871762031941,220.675824158528,221.813933219883,222.67329185994,221.546328172664,219.454975713355,215.959221625214,215.393537053561,215.197495665295,214.60025142261,213.420326250895,212.754070901764,210.775848982971,208.645598965912,206.250190240286,203.757181533185,202.326954811706,201.00477762243,198.609047001585,196.376563962836,192.865267745241,190.467192697634,NA,NA,NA,NA,NA,NA,NA,NA,NA,NA,NA,NA,NA,NA,NA
NA,NA,NA,NA,NA,NA,NA,NA,NA,NA,NA,NA,NA,NA,NA,NA,NA,202.156595402436,204.312156923783,206.42216304584,208.476896659381,211.127338421209,212.243072048367,214.018765964783,213.392868281867,214.72177659375,216.586993487135,219.426410560621,218.021264028921,219.244378286717,219.426642607428,218.534181943219,220.096066589368,220.590200710639,220.754694391451,220.405439203279,218.984613242289,218.820104251447,216.712958573116,216.213175997977,216.334833430902,216.130668498506,217.148274308161,216.403006434629,217.610766790146,216.712267161722,218.068400591705,218.465371966719,218.447771321572,219.191538184655,218.571142955039,217.881919302598,219.418835881754,221.531540707892,220.504595147525,218.740673386063,217.379800359954,219.027459631264,217.279061321521,215.99048803514,215.825611533969,214.636189865539,212.139705004049,210.842334658057,208.604733608504,205.9179194444,204.32184174895,201.99567636205,200.1830704774,197.496126687789,195.598539942225,193.124687888916,NA,NA,NA,NA,NA,NA,NA,NA,NA,NA,NA,NA,NA,NA,NA,NA,NA
NA,NA,NA,NA,NA,NA,NA,NA,NA,NA,NA,NA,NA,NA,NA,NA,NA,NA,206.408681650646,206.485852533262,209.385559683667,211.004632965921,211.745744512261,213.078340896056,216.390215422255,215.477868716835,216.61179078502,218.561433985899,218.336648175169,217.629329453803,218.24698756471,219.847394125512,220.39445828173,219.233585388831,219.262440556653,218.588115628735,217.437484331938,215.131626971839,213.380469399941,213.032250451014,214.756841198656,216.469745575218,214.889325206704,215.229663075847,216.104138011916,215.169631922011,215.47808449919,217.171248617731,217.88039783486,216.563686515749,216.022527949235,215.350129809432,216.132738203219,217.564682230129,217.933598169414,216.613883459914,216.646584413793,218.199793317691,215.940476314657,215.825635002225,215.201025280662,212.895274759452,211.415833811571,209.597727505409,206.998670226668,203.924736581443,201.897895872248,200.749461090926,197.587232033962,195.857518301129,193.660521308827,NA,NA,NA,NA,NA,NA,NA,NA,NA,NA,NA,NA,NA,NA,NA,NA,NA,NA
NA,NA,NA,NA,NA,NA,NA,NA,NA,NA,NA,NA,NA,NA,NA,NA,NA,NA,NA,209.169732127772,207.865256065924,212.025979488382,212.151474188208,213.894049363648,214.452970846842,215.068317935968,217.524699493613,216.294962030898,217.205117734703,218.124997922235,216.769349342701,218.957196752019,219.338463555576,219.546576383094,218.753866471818,217.13176637129,215.879506666396,215.310327231993,212.902162085595,210.65844758564,212.23818367784,213.887882720835,214.318100285025,214.931960524365,214.942911449292,214.865694070213,213.923565591542,213.288101716464,215.97845028997,216.135929180662,215.355918109075,215.063680761439,215.036280813015,216.490812674831,215.95042946631,215.176761002763,214.869628695543,216.465608071459,216.002265318464,213.428965385183,211.886594762415,211.757998220727,210.503203168498,208.66535398416,204.762075550123,203.541791666597,202.265366780511,199.356656559703,196.016579704606,193.781014654715,NA,NA,NA,NA,NA,NA,NA,NA,NA,NA,NA,NA,NA,NA,NA,NA,NA,NA,NA
NA,NA,NA,NA,NA,NA,NA,NA,NA,NA,NA,NA,NA,NA,NA,NA,NA,NA,NA,NA,NA,211.056783176856,212.695231385102,214.538135794713,214.354062026499,213.832081108393,213.606065094359,214.301839385508,214.090613581829,216.208823005395,215.874412549783,218.488039830304,219.440619447089,218.92942461535,218.782371327788,216.644401877307,214.668482248665,212.057738719368,211.006125793742,209.303765864176,210.558990995744,211.435954205334,211.208072012686,213.017349411396,213.321946316927,212.842963128237,213.709491044229,212.2970371323,213.000313430451,213.701509697045,214.512063089389,215.059070625585,214.919190344053,215.584101637705,214.30278500087,214.097883832107,214.157946970338,214.936943333262,214.993644744959,213.963641482733,212.137241797291,211.248121354319,209.941719230612,208.299105705195,204.828514562147,201.883020284705,199.691089600462,196.402113648863,NA,NA,NA,NA,NA,NA,NA,NA,NA,NA,NA,NA,NA,NA,NA,NA,NA,NA,NA,NA,NA
NA,NA,NA,NA,NA,NA,NA,NA,NA,NA,NA,NA,NA,NA,NA,NA,NA,NA,NA,NA,NA,NA,211.61075006374,212.12633120344,212.972036784345,214.154704597373,213.595464691069,213.017692005703,213.256508739327,214.458308046349,215.634510771983,218.317120778552,217.179850105021,216.01797909585,215.678655937829,216.182357657812,213.702906657447,211.357466853187,210.441017847046,211.770055504731,210.770612223544,211.325820869604,212.9926335332,213.297368166571,212.429774369355,212.673497255838,212.664340721742,210.669195575528,211.146707576544,213.036409293645,213.835732914446,215.361174950223,214.738468816564,214.110011957362,212.826124072923,213.10515507013,213.196955159156,214.196162943167,214.690328355759,212.820440096196,210.96788451479,209.356431199665,208.60092993465,206.597853976904,203.615644122334,201.576538281084,198.280155240187,NA,NA,NA,NA,NA,NA,NA,NA,NA,NA,NA,NA,NA,NA,NA,NA,NA,NA,NA,NA,NA,NA
NA,NA,NA,NA,NA,NA,NA,NA,NA,NA,NA,NA,NA,NA,NA,NA,NA,NA,NA,NA,NA,NA,NA,NA,211.731990389941,211.880445771184,211.718511545743,212.060966757717,211.972077562086,214.399570961075,214.995231051678,215.729780967034,215.176385076219,215.32321943033,215.068280486626,214.5438501326,211.918669497285,211.310653358585,210.61878999735,211.525544008492,211.20552200593,211.388620944905,212.576080759627,213.360699342124,211.311813252865,211.705557815548,210.877057947072,209.188182439963,209.449102249302,211.884781217382,213.995062103534,214.513024561339,212.302552015218,211.448868349895,211.108530787344,212.803190777948,212.238442285833,213.697367315272,213.248480587521,209.902268683299,209.285729120894,207.900632857954,206.148544282045,204.914310960878,202.805408616979,NA,NA,NA,NA,NA,NA,NA,NA,NA,NA,NA,NA,NA,NA,NA,NA,NA,NA,NA,NA,NA,NA,NA,NA
NA,NA,NA,NA,NA,NA,NA,NA,NA,NA,NA,NA,NA,NA,NA,NA,NA,NA,NA,NA,NA,NA,NA,NA,NA,NA,211.319816809588,210.995713251046,210.395490412316,212.682442466726,212.857769469726,213.731657121712,213.117588881923,212.009098128497,213.558012356816,214.342721462803,213.367350791282,212.156109398807,211.53978456792,212.277718437077,211.154958314768,212.59993214714,210.743783547134,210.541387652492,209.882908278319,210.370850532625,208.590755657167,208.986080447717,210.230451003559,212.38309915437,212.940444277165,213.089295815093,210.145552128797,210.48081079019,210.943466395485,210.132849770988,210.060328655587,210.596717150675,209.636489262359,207.962851971665,207.284061697736,207.084746981997,204.370357524383,NA,NA,NA,NA,NA,NA,NA,NA,NA,NA,NA,NA,NA,NA,NA,NA,NA,NA,NA,NA,NA,NA,NA,NA,NA,NA
NA,NA,NA,NA,NA,NA,NA,NA,NA,NA,NA,NA,NA,NA,NA,NA,NA,NA,NA,NA,NA,NA,NA,NA,NA,NA,NA,NA,NA,211.198633858282,210.870916809917,211.327048642631,211.720494204752,210.153385655539,211.977074792558,212.650038632002,213.813932485193,212.263417868246,213.023601550093,212.644642724522,213.080862920172,211.028990407497,209.444503200843,207.583795683008,208.434967841043,208.410351059075,207.166199433373,207.848157699177,209.582607494609,209.355551654974,211.499705091127,209.702256593425,209.142740470914,209.854669569323,209.096094559803,207.477344120766,206.33146602299,208.440605210271,208.158926237941,207.899219825766,NA,NA,NA,NA,NA,NA,NA,NA,NA,NA,NA,NA,NA,NA,NA,NA,NA,NA,NA,NA,NA,NA,NA,NA,NA,NA,NA,NA,NA
NA,NA,NA,NA,NA,NA,NA,NA,NA,NA,NA,NA,NA,NA,NA,NA,NA,NA,NA,NA,NA,NA,NA,NA,NA,NA,NA,NA,NA,NA,NA,208.171165356781,209.707974036112,210.585381424522,209.787268188175,211.36577489732,212.687671771945,212.837130072526,212.984212505553,211.54252005098,212.061294105507,209.602070542219,208.161790514653,205.936662603507,206.624886844739,205.828002007395,206.725303037747,207.412481845222,208.317969104949,207.795262097508,209.235010099144,208.345867990262,207.475595534711,207.989062467319,207.908571548484,206.447872257247,205.554092266532,206.528399575426,NA,NA,NA,NA,NA,NA,NA,NA,NA,NA,NA,NA,NA,NA,NA,NA,NA,NA,NA,NA,NA,NA,NA,NA,NA,NA,NA,NA,NA,NA,NA
NA,NA,NA,NA,NA,NA,NA,NA,NA,NA,NA,NA,NA,NA,NA,NA,NA,NA,NA,NA,NA,NA,NA,NA,NA,NA,NA,NA,NA,NA,NA,NA,NA,NA,NA,210.271129391033,211.166074813872,212.18520041849,212.331983161797,211.41475121883,209.75503949499,208.929298091228,207.376526067324,205.473216384834,204.853830282876,204.748291294499,204.881061380829,204.569274131062,205.193882830811,206.807813521489,207.938040202337,207.590865355869,206.295847213928,206.506829633475,NA,NA,NA,NA,NA,NA,NA,NA,NA,NA,NA,NA,NA,NA,NA,NA,NA,NA,NA,NA,NA,NA,NA,NA,NA,NA,NA,NA,NA,NA,NA,NA,NA,NA,NA
NA,NA,NA,NA,NA,NA,NA,NA,NA,NA,NA,NA,NA,NA,NA,NA,NA,NA,NA,NA,NA,NA,NA,NA,NA,NA,NA,NA,NA,NA,NA,NA,NA,NA,NA,NA,NA,NA,NA,NA,NA,NA,NA,NA,204.11289927594,NA,NA,NA,NA,NA,NA,NA,NA,NA,NA,NA,NA,NA,NA,NA,NA,NA,NA,NA,NA,NA,NA,NA,NA,NA,NA,NA,NA,NA,NA,NA,NA,NA,NA,NA,NA,NA,NA,NA,NA,NA,NA,NA,NA
