"V1","V2","V3","V4","V5","V6","V7","V8","V9","V10","V11","V12","V13","V14","V15","V16","V17","V18","V19","V20","V21","V22","V23","V24","V25","V26","V27","V28","V29","V30","V31","V32","V33","V34","V35","V36","V37","V38","V39","V40","V41","V42","V43","V44","V45","V46","V47","V48","V49","V50","V51","V52","V53","V54","V55","V56","V57","V58","V59","V60","V61","V62","V63","V64","V65","V66","V67","V68","V69","V70","V71","V72","V73","V74","V75","V76","V77","V78","V79","V80","V81","V82","V83","V84","V85","V86","V87","V88","V89"
NA,NA,NA,NA,NA,NA,NA,NA,NA,NA,NA,NA,NA,NA,NA,NA,NA,NA,NA,NA,NA,NA,NA,NA,NA,NA,NA,NA,NA,NA,NA,NA,NA,NA,NA,NA,NA,NA,NA,NA,NA,NA,NA,NA,989.77429985211,NA,NA,NA,NA,NA,NA,NA,NA,NA,NA,NA,NA,NA,NA,NA,NA,NA,NA,NA,NA,NA,NA,NA,NA,NA,NA,NA,NA,NA,NA,NA,NA,NA,NA,NA,NA,NA,NA,NA,NA,NA,NA,NA,NA
NA,NA,NA,NA,NA,NA,NA,NA,NA,NA,NA,NA,NA,NA,NA,NA,NA,NA,NA,NA,NA,NA,NA,NA,NA,NA,NA,NA,NA,NA,NA,NA,NA,NA,NA,1013.00139038623,1030.51073505713,1027.69458922671,1041.65437688863,1053.04876955222,1030.77640640442,1038.39093404017,1051.02578504912,1060.56865871919,1081.54501690117,1089.89654781646,1081.32375977733,1081.42121897261,1060.95475869615,1049.37104906179,1053.77283620445,1041.78290342239,1046.66129222135,1020.08284849132,NA,NA,NA,NA,NA,NA,NA,NA,NA,NA,NA,NA,NA,NA,NA,NA,NA,NA,NA,NA,NA,NA,NA,NA,NA,NA,NA,NA,NA,NA,NA,NA,NA,NA,NA
NA,NA,NA,NA,NA,NA,NA,NA,NA,NA,NA,NA,NA,NA,NA,NA,NA,NA,NA,NA,NA,NA,NA,NA,NA,NA,NA,NA,NA,NA,NA,985.091502070982,1024.88541453995,1030.77640640442,1049.28520628322,1045.34223058346,1051.48704224065,1051.47217392365,1050.11844501428,1051.07808379872,1063.01458127346,1063.60236930913,1079.64114408446,1095.31715633451,1097.72492000501,1095.56586742803,1089.1510455396,1095.73035004056,1077.53686601138,1075.5844183787,1051.45730560664,1084.70720262835,1043.69929477889,1067.87582099241,1030.77640640442,1030.20155170774,1011.43455089028,960.855782727223,NA,NA,NA,NA,NA,NA,NA,NA,NA,NA,NA,NA,NA,NA,NA,NA,NA,NA,NA,NA,NA,NA,NA,NA,NA,NA,NA,NA,NA,NA,NA
NA,NA,NA,NA,NA,NA,NA,NA,NA,NA,NA,NA,NA,NA,NA,NA,NA,NA,NA,NA,NA,NA,NA,NA,NA,NA,NA,NA,NA,982.748586120391,996.101384647298,1015.07717824789,1043.13230225125,1036.50537222131,1044.62912078881,1079.06787751911,1067.7874815861,1083.0981272464,1081.89642276075,1081.13354658443,1085.36061122942,1075.2470301128,1095.5191627001,1099.38771292523,1101.13577727726,1105.19178882826,1106.96635033137,1096.9801936602,1114.49591739699,1096.58560997307,1095.42478802626,1085.20512465768,1067.8905156933,1075.83347297084,1061.00520829958,1046.65381027587,1044.2999880488,1059.79152314618,1037.49693991289,1030.94689416978,NA,NA,NA,NA,NA,NA,NA,NA,NA,NA,NA,NA,NA,NA,NA,NA,NA,NA,NA,NA,NA,NA,NA,NA,NA,NA,NA,NA,NA
NA,NA,NA,NA,NA,NA,NA,NA,NA,NA,NA,NA,NA,NA,NA,NA,NA,NA,NA,NA,NA,NA,NA,NA,NA,NA,977.840381998096,976.281209488332,998.726228004637,995.183441268175,995.301461869719,1025.00587992023,1051.48332673866,1054.78693551267,1078.94323034683,1080.17509646372,1086.36361660256,1102.12537390361,1089.64344759335,1096.14728925765,1086.56569060504,1093.20560684591,1096.57491922391,1095.68392670745,1095.73035004056,1113.73717673564,1110.38411857044,1119.37477110474,1085.39306557636,1109.56578335028,1101.68391376304,1104.55198391143,1080.34337901457,1069.65296338013,1093.51037272956,1077.90383545512,1044.46830290308,1077.01118263882,1062.39640275597,1062.95572103612,1046.72107077292,1025.1001487888,1001.54671767528,NA,NA,NA,NA,NA,NA,NA,NA,NA,NA,NA,NA,NA,NA,NA,NA,NA,NA,NA,NA,NA,NA,NA,NA,NA,NA
NA,NA,NA,NA,NA,NA,NA,NA,NA,NA,NA,NA,NA,NA,NA,NA,NA,NA,NA,NA,NA,NA,NA,NA,984.770915958208,1015.19702521235,1053.83227587174,1036.96475015382,1012.97425745611,1019.91810186543,1012.41125631135,1046.61350023949,1050.28641458263,1079.6339069135,1079.29368985066,1065.67770806724,1085.41466730462,1090.01146782958,1100.44245455712,1100.06305281862,1109.61705105861,1110.02877633379,1096.46036098096,1084.55059817419,1097.72492000501,1107.3617295175,1122.71985771694,1117.95701793237,1118.05377591304,1119.97474917272,1124.88866853877,1105.00265456532,1100.74274952795,1083.10895112172,1079.35165724615,1078.22067394761,1080.6582112531,1064.40258832812,1062.39640275597,1062.87457421982,1057.38100983231,1059.25141931733,1039.83171715427,1024.37149365394,1008.42633406131,NA,NA,NA,NA,NA,NA,NA,NA,NA,NA,NA,NA,NA,NA,NA,NA,NA,NA,NA,NA,NA,NA,NA,NA
NA,NA,NA,NA,NA,NA,NA,NA,NA,NA,NA,NA,NA,NA,NA,NA,NA,NA,NA,NA,NA,NA,1005.50026684767,1035.21408652459,1035.75860641362,1043.10165609073,1051.48637022568,1049.83585879937,1047.2690464688,1039.73386091929,1035.83437659624,1044.41132946296,1063.53617802165,1073.83657974573,1064.44672126397,1078.71441445044,1085.25584905439,1090.01146782958,1096.56422847475,1114.47453589868,1102.51840165293,1109.58180268361,1103.53795066403,1095.56586742803,1107.32640917002,1124.0269361304,1129.7123527695,1127.26252829294,1125.77532043308,1110.4123100897,1095.73035004056,1098.29413182444,1086.55130281378,1113.40227398417,1098.29413182444,1098.2727753013,1084.89138669206,1078.03716653799,1082.56245893967,1085.97691287175,1085.41466730462,1070.04672795163,1067.67664126809,1060.68832915074,1025.84300341917,1000.31245118713,975.657051239174,NA,NA,NA,NA,NA,NA,NA,NA,NA,NA,NA,NA,NA,NA,NA,NA,NA,NA,NA,NA,NA,NA
NA,NA,NA,NA,NA,NA,NA,NA,NA,NA,NA,NA,NA,NA,NA,NA,NA,NA,NA,NA,NA,1027.11694746602,1073.70865211527,1054.63981602129,1067.56904869759,1051.44986618464,1055.04739230046,1051.47961123667,1057.63920684982,1061.24926383956,1043.13230225125,1065.81802755423,1060.82628046132,1081.55411357741,1046.72107077292,1052.6454605381,1065.67770806724,1079.59406163151,1104.52311639387,1101.11448420116,1114.95515604889,1109.40501921407,1119.43065886191,1096.56422847475,1107.07949127423,1129.43569980765,1119.43065886191,1129.82933888554,1122.63606789255,1102.55385356,1091.8802135724,1106.75479666408,1101.05050584546,1098.51164072773,1098.17293818962,1089.1510455396,1113.83347049727,1075.21049910459,1106.28477045188,1100.65623910581,1084.92805762866,1069.78258487837,1054.98808658223,1060.95475869615,1049.69560714772,1049.87767071874,1020.25865205967,997.958322930575,NA,NA,NA,NA,NA,NA,NA,NA,NA,NA,NA,NA,NA,NA,NA,NA,NA,NA,NA,NA,NA
NA,NA,NA,NA,NA,NA,NA,NA,NA,NA,NA,NA,NA,NA,NA,NA,NA,NA,NA,1029.5630140987,1026.13860152781,1047.04617527365,1071.46762925423,1067.85376369338,1075.29065838033,1051.47217392365,1060.87719441545,1059.85599974635,1063.59502195869,1071.43467613833,1060.82628046132,1061.09421705108,1055.02887125425,1039.89001593695,1054.5578660885,1062.86327208426,1073.45805768601,1085.32815688248,1085.41466730462,1101.8270894651,1108.58359295895,1123.28153678755,1119.18531866682,1119.3712636782,1108.73533290037,1119.39574210911,1117.84467942429,1127.94038815396,1110.44050160896,1103.67283836755,1095.62319123072,1114.70882227929,1105.10180526502,1101.13577727726,1112.21937724137,1113.83347049727,1110.18016555873,1114.95515604889,1098.29413182444,1101.13577727726,1085.41466730462,1085.18335468454,1075.29065838033,1063.24963237642,1075.29065838033,1051.47961123667,1027.74023955472,1027.20635582397,1012.00265034136,983.444881760538,NA,NA,NA,NA,NA,NA,NA,NA,NA,NA,NA,NA,NA,NA,NA,NA,NA,NA,NA
NA,NA,NA,NA,NA,NA,NA,NA,NA,NA,NA,NA,NA,NA,NA,NA,NA,NA,1039.83171715427,1045.9755519401,1067.58020151261,1059.95019814727,1077.61310311262,1054.75115548645,1063.56927417647,1073.27041030412,1057.35512645715,1074.77375700666,1077.37278723892,1054.75115548645,1060.57902496352,1062.69664668128,1057.1916747453,1040.64267759517,1054.22424439155,1062.11021367558,1073.42883739525,1085.16156708151,1092.73143491176,1099.14739684903,1106.79718105893,1113.74917412798,1119.43065886191,1122.94583354944,1117.17385453583,1119.31877129158,1130.40335782301,1129.55980026807,1119.2064327835,1102.46869214222,1100.23430617305,1103.55218095951,1105.10180526502,1101.11448420116,1116.45608699063,1123.61025271221,1107.35467356142,1114.6096715796,1104.64725381771,1114.00890436442,1110.10264870161,1104.53610171873,1096.99088440936,1081.6653826392,1068.00046816469,1071.64806133695,1063.45865462741,1051.07516811524,1035.74886559306,1019.94476380547,1010.99352075524,NA,NA,NA,NA,NA,NA,NA,NA,NA,NA,NA,NA,NA,NA,NA,NA,NA,NA
NA,NA,NA,NA,NA,NA,NA,NA,NA,NA,NA,NA,NA,NA,NA,NA,NA,1017.40777888201,1050.290137458,1067.81696075507,1082.06500893403,1080.76120687279,1085.27032922412,1068.86694821964,1085.21962819982,1064.88348830388,1073.67229238651,1074.84374939902,1085.16156708151,1077.01932417025,1064.48344280219,1060.46054657461,1061.24926383956,1058.35894261982,1065.91360932979,1079.49602997599,1084.48568948032,1109.33397807775,1091.68727120237,1116.07571427749,1110.44050160896,1114.89546866776,1129.36288171896,1123.61025271221,1128.35316807226,1129.15065703121,1129.37670928961,1118.22896002682,1123.42888834661,1102.55385356,1105.92830096455,1101.00064159634,1105.10180526502,1114.78241381424,1118.7148654295,1107.35467356142,1107.01590653534,1125.93876471686,1120.16061814361,1105.40978088356,1105.10180526502,1098.64118519818,1096.70270289823,1097.8344810751,1077.61310311262,1079.55416954489,1061.15338972176,1051.01830524715,1039.83171715427,1025.94324352928,1039.76400986628,1009.34888255232,NA,NA,NA,NA,NA,NA,NA,NA,NA,NA,NA,NA,NA,NA,NA,NA,NA
NA,NA,NA,NA,NA,NA,NA,NA,NA,NA,NA,NA,NA,NA,NA,1039.83171715427,1049.40459309077,1049.06253527238,1040.73291482493,1064.3358393118,1084.93579069896,1088.63305264726,1084.21134001023,1076.14037489851,1079.6339069135,1101.11448420116,1076.57752805696,1074.7774021585,1085.41466730462,1082.26391079631,1085.27032922412,1075.29065838033,1060.63069261085,1068.83035276895,1081.80944822118,1079.55416072994,1096.71336081513,1124.54492952647,1117.0056961373,1110.18016555873,1119.2064327835,1110.1097046577,1117.95701793237,1137.08065434609,1148.96611793961,1131.86095620569,1129.16811540761,1123.50576286595,1130.5419054595,1132.63681563081,1114.38029220369,1126.48756591808,1122.99119399306,1130.34250086122,1127.91571390919,1119.29072915279,1103.54497763936,1127.18367656974,1117.19514857522,1109.95405585169,1086.53691502253,1096.42125641948,1117.17416181304,1102.2904193058,1087.09181361367,1104.51132361674,1082.24304109567,1053.07829744798,1062.09548637409,1058.93748937499,1047.30259049777,1037.23785059165,1002.75396222665,957.768897945622,NA,NA,NA,NA,NA,NA,NA,NA,NA,NA,NA,NA,NA,NA,NA
NA,NA,NA,NA,NA,NA,NA,NA,NA,NA,NA,NA,NA,NA,1012.59651652779,1044.07807160699,1055.04739230046,1044.24000336314,1049.40459309077,1074.42147649449,1079.2501322745,1084.37716079765,1095.60140400636,1109.553612064,1086.4576243673,1081.61477667533,1095.36064360429,1076.33172280962,1085.41466730462,1085.2992430533,1084.0855902265,1051.45730560664,1050.290137458,1069.42577578732,1081.78987721278,1084.96092775643,1074.35630658006,1098.23003727984,1128.05141726785,1109.61705105861,1099.14739684903,1121.46821086393,1116.45608699063,1129.7123527695,1131.86787252974,1129.43569980765,1118.03398874989,1130.40335782301,1144.82531418553,1137.04640491358,1138.52975367357,1146.93968165444,1136.33181773635,1133.57840487546,1132.32675992338,1149.18449345612,1140.10271628042,1133.39170882746,1117.02681025398,1109.95612712714,1124.16109994118,1109.95405585169,1119.43065886191,1104.33733942508,1096.50712938453,1097.4171636875,1086.53691502253,1073.54552767919,1061.85872713163,1066.91307593021,1068.86694821964,1057.2140564769,1044.42640393646,1006.47495836943,952.943624009867,NA,NA,NA,NA,NA,NA,NA,NA,NA,NA,NA,NA,NA,NA
NA,NA,NA,NA,NA,NA,NA,NA,NA,NA,NA,NA,NA,1020.05662229066,1020.11028815516,1040.53625338962,1061.24926383956,1055.04739230046,1053.68268653729,1088.76818389475,1089.1510455396,1096.5463696788,1091.24502422438,1097.72492000501,1104.48275431675,1096.22704575113,1085.30285293676,1075.05714892748,1081.78766061815,1077.39472344284,1063.97212300441,1048.98432379858,1050.85511664859,1084.16583350169,1081.57977851403,1085.27032922412,1115.80136655217,1109.54440185196,1126.02718834774,1110.44050160896,1100.25918020316,1130.36861414082,1116.32263436587,1129.36288171896,1128.24056896204,1117.70355584158,1116.35567808831,1122.66156869223,1140.1342833135,1124.96525631781,1133.82647276676,1143.16426582621,1136.31461934317,1132.73008278872,1150.27170703273,1149.18449345612,1152.13636636005,1165.21983443658,1136.04852229294,1144.48446137215,1120.28843819967,1129.82933888554,1123.47084611315,1110.38411857044,1113.6646210167,1103.32360380239,1104.88890038272,1073.42883739525,1073.83657974573,1077.53686601138,1063.56927417647,1076.10367914967,1067.83168805656,1037.12342563458,1002.28105452768,947.528979793949,NA,NA,NA,NA,NA,NA,NA,NA,NA,NA,NA,NA,NA
NA,NA,NA,NA,NA,NA,NA,NA,NA,NA,NA,NA,1037.23785059165,1035.71303705003,1027.72122140515,1029.68752280819,1052.94389853201,1044.03065089106,1054.6695526553,1078.36623516854,1081.46966256686,1100.17021162845,1107.3617295175,1110.10264870161,1107.07949127423,1101.03626447006,1087.23615169417,1083.15053733604,1076.15126870003,1051.80219752506,1043.81650393102,1052.67516357136,1050.29757688,1061.09421705108,1077.38375534088,1077.55504199431,1099.96090396068,1095.70488331735,1102.51840165293,1098.27990152895,1109.61705105861,1096.58560997307,1099.14739684903,1119.37477110474,1109.61705105861,1114.95515604889,1118.03398874989,1130.38918730638,1136.7737614519,1133.57840487546,1133.53702331026,1136.12480772464,1136.26987346906,1152.44305716161,1149.1300554871,1154.31593080027,1159.67382906916,1152.36159306897,1155.69243313262,1142.57530178,1127.44867970546,1127.21868962073,1110.10264870161,1119.19939652933,1131.38308597655,1113.83347049727,1107.24153261857,1095.64822109052,1084.55059817419,1073.83657974573,1063.60236930913,1073.51453319733,1064.44460183027,1035.91746775503,1027.69077881972,976.333033989888,941.076511235936,NA,NA,NA,NA,NA,NA,NA,NA,NA,NA,NA,NA
NA,NA,NA,NA,NA,NA,NA,NA,NA,NA,NA,1039.73386091929,1051.18980208143,1035.91746775503,1027.72122140515,1024.68557091415,1037.12342563458,1042.63231523232,1053.8619454179,1055.04739230046,1075.25430641446,1122.46069331714,1098.13719061363,1117.71068416277,1093.41063885547,1097.69643725421,1078.48273050615,1084.09288210692,1085.16156708151,1069.66433864001,1034.85862351887,1054.6695526553,1046.95607819812,1055.59371785149,1060.66017177982,1075.27426610179,1084.48568948032,1089.08641166623,1088.88433766376,1089.07202387498,1079.35165724615,1096.84014831867,1100.07902511306,1106.79718105893,1116.20832652924,1123.47084611315,1146.983115625,1132.32675992338,1138.41286100785,1137.13592345896,1147.27939055838,1144.90144060106,1154.05083520873,1152.25482340927,1159.87269532645,1163.23901241318,1167.21486422007,1152.44305716161,1155.82423803819,1165.28881091332,1151.0660749149,1133.82991073514,1131.81249441995,1123.61025271221,1112.10539492681,1107.3617295175,1122.5800680794,1084.53257758604,1098.25141877816,1086.53691502253,1088.35396584661,1079.30819339281,1075.29065838033,1047.46201153228,1012.39195117188,996.242942258564,982.232540858449,921.954445729289,NA,NA,NA,NA,NA,NA,NA,NA,NA,NA,NA
NA,NA,NA,NA,NA,NA,NA,NA,NA,NA,NA,1044.62912078881,1040.31972396976,1044.47952474954,1028.51872660164,1035.55290383093,1027.74023955472,1051.21818905526,1049.09756390436,1051.48332673866,1091.78559644567,1127.97513183615,1115.92832555952,1117.0056961373,1099.26421899874,1067.82432542798,1063.5398603581,1064.47242938353,1058.99666204568,1057.35512645715,1054.69548575387,1064.23914888784,1053.6389227777,1044.62912078881,1034.87585064608,1063.38849488392,1076.16216250154,1073.54552767919,1067.91254253063,1073.83294159489,1081.50601453273,1084.28274771348,1085.41466730462,1097.84538770803,1102.49710857683,1106.96635033137,1129.7123527695,1140.07227156374,1133.53702331026,1146.9524331827,1150.19689912088,1147.2725801618,1159.74135047432,1152.44305716161,1152.44305716161,1165.24508079051,1168.8669727561,1176.06334863391,1164.9207030843,1160.01077581202,1152.44305716161,1156.6275891126,1127.40005398632,1134.88012618126,1119.29072915279,1113.67167697278,1115.59567113311,1107.07949127423,1092.01648339208,1086.56569060504,1092.01648339208,1091.14892630809,1067.90152911197,1036.50537222131,1020.11028815516,999.190479881701,982.344135219425,934.07708461347,NA,NA,NA,NA,NA,NA,NA,NA,NA,NA,NA
NA,NA,NA,NA,NA,NA,NA,NA,NA,NA,1030.77640640442,1045.60353641406,1048.8857790278,1061.24926383956,1051.31559420436,1044.62912078881,1032.59382140317,1051.30811333064,1063.32918916569,1077.11931293431,1075.19953100263,1105.00265456532,1109.61705105861,1117.78831693262,1097.4171636875,1079.6339069135,1063.38849488392,1054.64252006584,1053.47857875844,1056.05269184192,1057.33649291475,1049.95314862537,1030.70050223317,1042.26160855934,1050.29757688,1044.32618773753,1060.96511518086,1068.00046816469,1062.97044833762,1075.05714892748,1068.00046816469,1074.5454430801,1076.16216250154,1099.10468376392,1107.07239843249,1106.69815001991,1113.67167697278,1129.38707109509,1144.76383047788,1147.27939055838,1150.08090156198,1145.09824905988,1156.77353012593,1167.12408022144,1184.46313544225,1154.55564734034,1177.35798804922,1171.7974966973,1176.06334863391,1163.17506828539,1168.51495877267,1144.71591815079,1146.97970393907,1131.92314226718,1119.43065886191,1122.44661545464,1117.61153346308,1116.07571427749,1092.01648339208,1085.41466730462,1082.95705137935,1083.10895112172,1060.63069261085,1044.47952474954,1020.11028815516,995.041069827466,982.296371277849,951.971638232989,927.698765763974,NA,NA,NA,NA,NA,NA,NA,NA,NA,NA
NA,NA,NA,NA,NA,NA,NA,NA,NA,1010.79027183438,1037.12342563458,1040.46125435937,1063.44721221879,1059.31085898462,1044.62538088783,1040.73291482493,1051.40868886542,1076.05630600224,1057.41429912783,1067.83168805656,1083.10895112172,1109.80327940868,1110.27808603615,1104.78843067499,1084.47846778582,1068.85598011767,1058.99666204568,1053.59370433873,1052.35407741094,1057.47558569583,1041.29557227027,1030.50975229826,1030.75365864936,1045.18533824306,1063.38108896357,1076.14037489851,1074.84694790804,1054.75115548645,1052.63802953412,1060.94735415894,1067.91254253063,1067.90152911197,1075.2724823974,1083.10895112172,1101.08606776656,1140.2776960977,1131.91623861257,1121.88639253502,1123.59634320093,1142.50241453644,1151.08644332213,1150.1900887243,1156.77353012593,1172.96900610923,1182.31412345135,1187.64468247487,1171.47068942025,1175.26592735432,1162.63129611798,1175.26592735432,1171.8041645258,1158.12348219005,1144.77066853596,1147.27939055838,1129.43569980765,1127.8009815549,1107.07949127423,1119.43065886191,1086.56569060504,1068.00046816469,1075.10840362494,1059.42933737353,1068.00046816469,1067.89397487539,1032.57110371568,1013.00139038623,995.143975879042,976.281209488332,946.050488377193,905.883546599672,NA,NA,NA,NA,NA,NA,NA,NA,NA
NA,NA,NA,NA,NA,NA,NA,NA,1000.12002412815,1028.64063318433,1035.78894122127,1032.59382140317,1073.83657974573,1079.64114408446,1073.83657974573,1085.41466730462,1068.00046816469,1086.47913377353,1077.0329614269,1106.07463690952,1114.55996206889,1124.54492952647,1103.6586740029,1102.32851094782,1079.64114408446,1054.75115548645,1073.47621443526,1054.39319165764,1046.60137648381,1060.71806578476,1050.44342979917,1025,1023.77622359795,1060.13946041418,1053.25371972155,1051.17864926641,1052.6454605381,1050.06220016254,1046.66129222135,1060.78855349005,1052.67516357136,1044.62912078881,1060.71806578476,1085.16156708151,1099.14739684903,1130.9460158735,1130.43793563589,1128.05141726785,1123.61025271221,1135.1093344076,1147.27939055838,1156.77353012593,1170.95042111036,1181.5242536627,1177.39118393166,1179.24764150708,1176.30198993577,1175.06582299528,1171.74405046739,1165.38620208067,1163.0571071571,1147.00697469545,1146.89778753313,1140.68518942655,1131.87824193836,1117.92897579358,1115.84375094702,1099.09296564431,1091.44399764715,1076.75589439789,1064.031892637,1068.00046816469,1054.71035407088,1043.84980543115,1049.06741495737,1050.6529124916,1000.50348974084,983.742127127237,970.82439194738,941.400218989332,912.354363460116,NA,NA,NA,NA,NA,NA,NA,NA
NA,NA,NA,NA,NA,NA,NA,NA,1044.12406215621,1075.72285445917,1044.94884590006,1039.83171715427,1074.79934497764,1093.49328891932,1084.55059817419,1100.07736496224,1096.09679375941,1111.49597559749,1093.41063885547,1106.29139379759,1126.85591805398,1120.54674155075,1109.44047112114,1100.00572901593,1076.16216250154,1084.55059817419,1075.15956011961,1067.58763251659,1060.84767660923,1046.85490513774,1039.79786351027,1017.5604545783,1029.8664962023,1024.87775720388,1049.09756390436,1035.8570643219,1033.03623205361,1025.27034349886,1035.91746775503,1046.56385906195,1050.27488247372,1054.52425399381,1062.06564961812,1079.35165724615,1096.57848373389,1109.38372613797,1130.92688265105,1140.55159117448,1136.88744622688,1144.82531418553,1135.32104982346,1154.33963806152,1155.69243313262,1175.95020120271,1166.7261889578,1175.26592735432,1179.94289653343,1177.33805251723,1176.69003158156,1165.22128015958,1152.40232511529,1144.82531418553,1150.96059753602,1129.43569980765,1142.31625563064,1130.40335782301,1122.68623223345,1131.13216506633,1097.03825031636,1077.37278723892,1062.76347871123,1063.29205512844,1050.90584995825,1062.1322893124,1029.84752185563,1030.50209381227,999.94907833349,988.619899304247,982.079683002836,941.408519188137,937.083240699566,NA,NA,NA,NA,NA,NA,NA,NA
NA,NA,NA,NA,NA,NA,NA,1000.61699596892,1054.71035407088,1075.34975447441,1076.80408017888,1089.98995727233,1095.24114535208,1093.33900290916,1073.54552767919,1101.02202309466,1103.62322209583,1113.58589191676,1100.25563779866,1115.84375094702,1130.03286196198,1130.36861414082,1100.28405423327,1109.553612064,1089.1510455396,1075.2470301128,1085.32093518799,1071.40773142351,1051.48704224065,1051.28257887764,1028.65203057205,1030.50209381227,1035.91746775503,1049.80954761811,1033.43320732909,1039.76400986628,1029.5630140987,1040.40809794318,1034.90618545373,1044.62912078881,1052.47016632792,1052.6454605381,1064.45573232739,1076.40467420439,1085.26309205316,1100.28405423327,1128.8611233249,1144.82531418553,1142.63948820264,1142.63948820264,1156.77353012593,1155.67552319423,1152.44305716161,1155.69243313262,1164.67780360917,1175.1793832836,1171.537451386,1164.25937291194,1171.38367015336,1178.94799429422,1152.27988434358,1152.38877340839,1158.12348219005,1162.9703349613,1150.81709346277,1138.52975367357,1142.60868741385,1109.61705105861,1099.82580913792,1091.44399764715,1083.10895112172,1075.29065838033,1061.67974835187,1051.0334466813,1015.12812081756,1007.78221853732,1011.86887343912,1005.66067840968,986.280845129875,966.183607654676,951.889429728427,908.806722003783,NA,NA,NA,NA,NA,NA,NA
NA,NA,NA,NA,NA,NA,1020.35525839736,1028.03508183698,1051.48704224065,1063.06064255662,1089.11872860292,1119.36069400735,1106.90646241806,1100.60116977898,1100.28405423327,1117.64698537015,1098.25141877816,1143.5471002264,1119.58115776947,1130.07148934246,1131.72189297949,1123.61025271221,1109.46866910099,1105.03810647239,1084.52533384414,1065.91360932979,1087.0048390741,1058.93245816512,1082.70965649054,1063.49543209652,1080.95071477813,1060.51985229284,1047.4633488344,1052.59339930935,1048.99566766141,1043.91518648138,1039.57108183781,1032.59382140317,1030.76503252689,1040.73291482493,1051.45358589564,1052.5337739713,1075.13033982886,1079.06208597506,1085.12521511565,1083.00975188122,1120.98443273647,1142.04270922779,1141.27122105133,1151.0660749149,1154.33963806152,1164.31287870439,1166.66586178935,1150.27170703273,1160.00404017858,1168.8669727561,1158.08973338844,1163.23901241318,1167.26175299288,1182.20115121108,1170.61470880687,1168.46411307484,1170.5398232205,1162.9703349613,1154.29222353902,1147.00697469545,1132.75107592092,1102.40464747032,1084.55059817419,1085.49691455792,1075.29065838033,1073.54552767919,1063.11307634868,1041.81305236938,1027.45339762487,1024.88541453995,1021.29663558897,1015.06966277083,1002.4001166776,983.782105909538,979.729146192711,964.711527639598,916.821931797998,NA,NA,NA,NA,NA,NA
NA,NA,NA,NA,NA,NA,1028.13028527118,1056.98228159721,1084.13684492396,1097.75540561094,1097.31239236403,1119.41320048551,1119.43065886191,1119.43065886191,1113.6646210167,1117.28760698896,1100.69926921722,1140.28114162482,1134.95841790008,1153.98553273746,1143.7050783693,1117.83764317012,1109.553612064,1098.25141877816,1093.22399172502,1080.85518780612,1082.62128657641,1081.50601453273,1075.29065838033,1085.28107452886,1083.78288654224,1051.30811440239,1044.03065089106,1038.44371775043,1024.75492563031,1042.70946438469,1025.89137077331,1027.74023955472,1032.47248185696,1030.75365864936,1039.83171715427,1044.03065089106,1051.30811440239,1064.48344280219,1073.40690119133,1082.95705137935,1106.35602767095,1117.92897579358,1129.41146891478,1149.80914914699,1150.14237058341,1157.96451389134,1152.40914181562,1174.83736622521,1166.93870011959,1162.56377627749,1180.04237212059,1178.94799429422,1171.8041645258,1170.34289634718,1165.3727883324,1169.01230553524,1167.18803672354,1158.51412613365,1150.27170703273,1138.41286100785,1126.11997680309,1119.25908391045,1113.79132231263,1091.29326438859,1082.20584967801,1079.53238194186,1060.69123649931,1030.66246593402,1028.24630072189,1028.83955886647,1024.96847161159,1011.18742080783,1002.80855600658,1004.98756211209,1000.28119141081,965.967768252591,940.950741041778,NA,NA,NA,NA,NA,NA
NA,NA,NA,NA,NA,1015.09678510223,1026.18831789897,1089.42819812289,1085.32093518799,1103.32360380239,1109.92885147099,1098.22641985928,1122.85140435551,1131.92314226718,1131.48492154232,1113.74917412798,1134.77779885925,1146.80183058841,1140.174128471,1163.11112415761,1147.1052170181,1131.88861134699,1109.61705105861,1095.63750337434,1086.56569060504,1085.39306557636,1075.25430641446,1066.07293172188,1084.97931232612,1088.80453586062,1054.63981602129,1043.98567528409,1063.29948613242,1054.95095254498,1022.64262863076,1025.20558467225,1025.91422643416,1017.62587689438,1027.70220325557,1030.63961706232,1025.35389315981,1025.03402049119,1030.77640640442,1039.83171715427,1051.48704224065,1073.08307429473,1088.80453586062,1110.10264870161,1118.03398874989,1131.77782778439,1138.52927722332,1150.27170703273,1151.0660749149,1152.415915285,1150.27170703273,1151.08644332213,1163.23901241318,1172.83327829004,1165.65641463043,1164.3131022195,1155.82761765116,1168.72627374752,1164.83623840182,1162.09654991956,1157.01613367961,1162.16392991695,1152.31709352059,1122.96329192584,1107.21708241782,1106.8811889136,1096.58560997307,1076.06014132233,1039.83171715427,1030.73845431879,1026.01240923835,1007.72789477528,1015.01165504547,1011.18742080783,999.802673762317,995.560353680098,1002.6600749373,1000.84806485096,951.314879522022,905.538513813742,NA,NA,NA,NA,NA
NA,NA,NA,NA,NA,1025.91760154002,1026.93659167313,1067.83168805656,1095.67325095033,1114.84281754081,1117.64698537015,1147.21803864906,1164.92672139604,1144.66792517273,1134.90081696386,1123.61025271221,1132.96173656912,1163.23229547689,1151.40453581747,1152.25261358721,1139.76129578946,1127.94038815396,1108.44345620324,1079.29368985066,1085.40386644049,1089.05763608372,1073.54552767919,1096.58560997307,1106.7441394652,1106.17546709125,1083.95737116662,1074.84374939902,1074.57641869014,1044.2999880488,1025.59237026,1027.69458922671,1027.74023955472,1013.02455089519,1026.05841546694,1025.85698498862,1011.18742080783,1027.34572422552,1025.29721190248,1039.83171715427,1050.29173154966,1063.5288143709,1078.59809303938,1093.82857597998,1107.07949127423,1116.87157625659,1129.57056812655,1128.44223319994,1133.57840487546,1134.95594628162,1138.52975367357,1162.78838741558,1159.04353783076,1171.4621474674,1178.82054871732,1170.32698499485,1170.54946935364,1151.6292806281,1161.92090809806,1154.33963806152,1156.71268282432,1159.74135047432,1146.83618595554,1133.80577442541,1109.46879985045,1110.19296847103,1095.63750337434,1088.83720845021,1068.68351869525,1030.70420132436,1039.56978550002,1019.98745658159,1011.10229075107,986.312078006148,982.980162566875,979.950739483688,985.019958162364,988.907047305606,975.320460156558,925.337776166087,NA,NA,NA,NA,NA
NA,NA,NA,NA,1015.19702521235,1054.90632232022,1076.98940385074,1050.03593038686,1081.18658590666,1099.89325875101,1137.15654155442,1152.32412821339,1156.84374967134,1140.17542509914,1131.55494242488,1137.06708813744,1156.46314322278,1165.54685631473,1158.07618413844,1163.70966029149,1128.96613768652,1133.70898130043,1129.27615411898,1106.7300403381,1095.5191627001,1099.08335217713,1117.52626203127,1086.53691502253,1086.44318290589,1095.70220131973,1069.89343000606,1076.75589439789,1053.77283620445,1049.28520628322,1029.8664962023,1023.27024773151,1027.74023955472,1017.55756353889,1012.86974472792,1005.57039338957,1015.19702521235,1000.53876195352,1019.80390271856,1032.42683152894,1032.59382140317,1049.71305607851,1065.74644250122,1070.70368467801,1096.58560997307,1106.69815001991,1107.01590653534,1117.16716271777,1113.83347049727,1131.92314226718,1142.4198521737,1151.38074881332,1171.8041645258,1182.42335903855,1175.23267137514,1176.60418873886,1155.85446413115,1153.52719950593,1147.00697469545,1152.38877340839,1154.29222353902,1152.30715509996,1151.5681609488,1140.17542509914,1133.85404704486,1128.05141726785,1098.29413182444,1099.14706591222,1055.04739230046,1042.34343815402,1019.80390271856,1035.89483299176,1011.10229075107,1016.36038637232,1000,995.607539444062,1000.41516822383,1000.31245118713,991.241305463673,950.328890437411,930.216891285625,NA,NA,NA,NA
NA,NA,NA,NA,1030.72708044127,1069.78258487837,1096.27746898654,1086.55130281378,1091.08372174165,1104.97774480295,1130.33721285245,1158.05930973764,1154.27526586603,1150.77252608092,1142.63948820264,1138.41969683177,1162.53193575989,1161.52840291846,1163.11112415761,1158.09309407683,1149.92517436739,1143.58659778314,1123.83515467935,1131.70141051702,1137.82805022487,1138.19839858972,1122.90739628977,1117.90058550949,1095.73035004056,1073.22496217716,1069.84886698565,1079.57593951802,1061.20787341791,1053.80257283847,1027.56479855268,1027.74023955472,1021.23904962014,1016.29051996169,1024.66241040518,1006.52168764927,999.671625772607,995.183441268175,1004.76894661575,1007.78221853732,1026.07373243892,1030.66246593402,1050.05846032862,1059.31085898462,1057.41429912783,1073.29694871994,1106.63128013086,1110.18016555873,1105.690996016,1119.31877129158,1129.7123527695,1140.44262160329,1164.3131022195,1164.19880842587,1153.52719950593,1152.44305716161,1142.36596587959,1138.36458838841,1150.16281796793,1147.00697469545,1138.52975367357,1141.00298816154,1132.32675992338,1142.27006057444,1128.05141726785,1122.77557864428,1098.29413182444,1084.23298776089,1085.34249826437,1069.9076458229,1036.00950895979,1045.5437003443,1007.78221853732,1006.50226833868,1004.93308695945,1011.36477054889,999.050324868772,1000.31245118713,995.607539444062,976.281209488332,964.842339319837,NA,NA,NA,NA
NA,NA,NA,NA,1043.81650393102,1068.8779163216,1103.56459714973,1084.55059817419,1091.94484744577,1123.56152539684,1122.99119399306,1149.08233734621,1149.90131529694,1150.19689912088,1146.9368659163,1136.07628636683,1144.98202965327,1144.55103250701,1159.66715496561,1156.92814005441,1154.92374842201,1155.69118834194,1138.38872469813,1144.70906695837,1154.33963806152,1122.55202594061,1138.49542337059,1140.92635881158,1107.18117094913,1067.78006968337,1074.81416306367,1088.82632346365,1076.95305188487,1057.29208849338,1053.99123883158,1030.332995731,1017.96365357512,1029.5402294169,1027.74023955472,1007.78221853732,990.572748506113,986.470982847443,999.122057191542,1003.46238215404,1001.24921972504,1027.70220325557,1029.81333978611,1043.06842065154,1053.63047400723,1053.8619454179,1068.74602764629,1093.09401820182,1085.41466730462,1099.70151732385,1122.92837517304,1130.5419054595,1140.1342833135,1149.92517436739,1162.00890172326,1155.96280216969,1152.44305716161,1142.36596587959,1133.84715599062,1137.12903411351,1141.03751908173,1131.70141051702,1140.01739064778,1137.15654155442,1148.45889588065,1133.77124350522,1110.37706261436,1090.26885969203,1085.27032922412,1060.66017177982,1056.20119285503,1032.59382140317,1030.75365864936,1011.94804613203,1024.7491510395,1025.74657530973,1004.10623516124,1008.82748893539,1007.23787019918,977.840381998096,973.717104707522,NA,NA,NA,NA
NA,NA,NA,1023.02676584222,1039.78955337505,1061.68709526169,1077.0329614269,1101.13577727726,1101.13577727726,1133.13370044492,1146.89778753313,1137.15654155442,1151.33024022056,1140.6615805338,1132.33710909405,1152.27617968404,1159.82158284576,1162.84916364202,1154.29222353902,1160.50239610672,1165.2046340834,1176.55996515788,1146.79844991123,1152.40914181562,1146.84299682247,1134.89047535193,1123.61025271221,1110.2922504008,1132.58841867375,1097.72492000501,1076.16216250154,1085.16156708151,1079.58676301316,1055.03998638011,1040.41758020474,1031.72213777769,1020.94478111787,1005.54680886662,994.949661878164,998.123238883857,996.227253391775,982.980162566875,977.703961559572,958.18839483684,982.980162566875,1007.78221853732,1015.19702521235,1024.87009756796,1027.67554397486,1044.44147840995,1051.26689162981,1061.20505736909,1083.10895112172,1098.80381653386,1102.48290035953,1109.61705105861,1119.43065886191,1124.82915395582,1123.61025271221,1132.75107592092,1139.33201849353,1131.70141051702,1117.0056961373,1129.43569980765,1137.15654155442,1140.1342833135,1132.73037757958,1144.79300769978,1133.50249239006,1144.93403667522,1124.96525631781,1129.38372535371,1082.23943121221,1057.41429912783,1054.75115548645,1029.8664962023,1044.00386819651,1026.21878758869,1015.06971488627,1027.70220325557,1025.89899159132,1025.64629640361,1026.8120218593,1002.80855600658,995.842727351308,990.541172418814,NA,NA,NA
NA,NA,NA,1027.62586866626,1062.24546886998,1075.29065838033,1062.10285104699,1106.93797783979,1098.42959036305,1122.90740416867,1133.57840487546,1135.06196025696,1141.07838822401,1141.25752360193,1155.6179483216,1147.42578504897,1165.14385785697,1154.31932709763,1152.04027617598,1159.44514876966,1159.74135047432,1183.27422556365,1158.09647368979,1155.82052479127,1140.17542509914,1130.5419054595,1123.31815039046,1113.83347049727,1109.61705105861,1076.15126870003,1100.07902511306,1069.9443167595,1064.48344280219,1026.59243613759,1017.55756353889,1026.08521155383,1024.87775720388,997.587552004725,982.980162566875,988.835575067044,961.647047017734,950.809560116159,946.341617713245,961.769203083567,970.82439194738,995.301461869719,1001.24921972504,1012.98975226853,1019.81758122713,1027.58010633562,1035.9061503734,1054.43985077315,1054.95095254498,1067.94921346723,1085.39306557636,1107.030049124,1106.8811889136,1107.3617295175,1119.41320048551,1119.43065886191,1119.43065886191,1110.16608769622,1110.17312662747,1123.0503935906,1130.64832800667,1130.47964325471,1126.08279888163,1122.71985771694,1136.13345402635,1138.44040848877,1130.31636921769,1107.07949127423,1104.53610171873,1068.99801981083,1034.99319288929,1054.89509340363,1044.2999880488,1026.04746515415,1025.89899159132,1025.75038571874,1035.67500075087,1043.13230225125,1028.77678967042,993.897692661198,1006.52834971421,982.980162566875,NA,NA,NA
NA,NA,1054.75115548645,1091.36863101787,1061.69077657598,1053.07037731321,1080.06943622287,1096.58560997307,1085.32093518799,1100.25563779866,1131.92314226718,1130.5419054595,1152.04027617598,1132.75077357132,1140.17542509914,1152.38198073257,1171.26585308847,1154.05423150609,1152.06775037519,1154.10860333648,1155.82052479127,1152.22176073,1165.38620208067,1140.03116438824,1141.08579170117,1126.03414568815,1125,1122.61508113038,1109.42274516761,1107.00166597157,1085.87827161117,1064.48344280219,1050.25287055366,1038.18848926511,1043.09418291437,1034.99319288929,1029.45655956425,1003.92947586949,970.82439194738,963.350531304786,951.955219265214,939.26453699597,950.105881156179,957.209485953832,956.517646063703,965.959679292154,995.847708141009,1003.41192700035,1004.1140440018,996.242942258564,1004.50925574774,1030.04808831328,1033.50133042972,1041.93329920874,1062.31517640156,1076.16216250154,1076.0092766378,1098.89748806629,1107.3617295175,1107.07949127423,1096.58560997307,1105.10180526502,1122.69195564972,1123.05387226081,1124.96525631781,1125.23605622318,1118.82905015079,1123.47084611315,1126.59162086804,1122.65086505793,1110.10264870161,1113.69986849204,1092.35845648382,1081.6653826392,1050.25287055366,1068.80472542022,1065.81802755423,1037.12342563458,1044.32244676479,1042.82340485508,1043.13230225125,1043.57024721316,1025.88780887312,1007.72789477528,1007.78221853732,987.815795221418,954.5250889969,NA,NA
NA,NA,1078.64427573336,1089.08641166623,1068.00046816469,1073.45805768601,1064.31212120568,1091.85143798989,1093.74332096577,1114.25372912971,1119.43065886191,1138.36458838841,1140.01049959355,1151.58175111851,1162.95017483519,1162.96911353189,1151.0660749149,1152.38877340839,1149.88879213956,1150.60736079576,1142.58473781747,1156.97297286276,1179.22112963927,1101.60643075276,1128.05141726785,1131.92314226718,1135.23824628382,1114.70882227929,1113.72806001131,1104.88890038272,1089.33013037895,1073.60275132214,1075.19953100263,1050.29757688,1050.19548728242,1029.32669595011,1007.71235212669,980.114789195633,976.217106868812,952.955927627296,939.717190625883,928.494041325353,910.013736160065,939.389749091631,950.23003471491,951.955219265214,951.901676024294,950.064350837991,976.281209488332,988.966423791664,975.999503083147,990.438266367239,1017.59224089697,1019.6887307809,1030.76123900059,1051.01830524715,1067.945491929,1071.93093717385,1085.41466730462,1085.97579116357,1100.15583556764,1100.28405423327,1104.42980053159,1117.98503188808,1125,1122.77557864428,1120.2099874217,1114.5883785035,1124.5555152599,1107.21708241782,1122.31959172114,1095.67325095033,1095.87219943084,1079.64114408446,1051.18980208143,1050.29757688,1052.6454605381,1037.38374852852,1044.2999880488,1040.36244761516,1043.35792179071,1057.2140564769,1031.01775807146,1025.64629640361,1025.64629640361,1000.18717645419,976.249158178572,NA,NA
NA,NA,1050.14838567576,1075.78934003499,1086.56569060504,1091.17422929002,1095.7792653333,1085.41466730462,1113.70689757234,1109.49002732511,1107.07949127423,1133.17288993692,1151.0660749149,1153.92326330178,1155.55658409372,1152.36159306897,1152.44305716161,1144.93403667522,1139.84905386874,1148.88379465858,1149.18449345612,1131.90933495796,1154.33963806152,1146.7056989851,1122.65703889692,1133.70898130043,1117.19514857522,1123.05387226081,1114.7653203856,1101.06473614094,1078.50008370055,1077.01119145377,1061.9551668871,1054.75115548645,1052.63802953412,1034.83028128249,982.748586120391,941.010003928942,933.723959756029,915.491671180028,910.013736160065,902.945913985355,905.883544957597,910.013736160065,930.076910402366,916.663364095302,922.101660748997,941.408519188137,965.959679292154,961.589826871524,972.002920483544,976.420190999048,995.513167916134,996.125033720915,1007.65787697405,1025.89899159132,1044.23249555087,1063.01458127346,1074.40355519766,1075.67916467356,1079.34441424737,1083.0981272464,1096.57135749472,1114.95515604889,1117.19514857522,1118.02350324771,1110.01783648806,1109.98591336916,1113.6646210167,1104.36582217588,1117.71068416277,1090.86050185549,1095.47245797216,1079.64114408446,1062.97044833762,1050,1039.83171715427,1046.72107077292,1035.85320448815,1054.49062481704,1057.41429912783,1035.91746775503,1035.91746775503,1039.60533438552,1032.1589014984,1007.47019962063,973.684990013305,NA,NA
NA,NA,1064.40258832812,1079.64114408446,1073.22339378171,1101.9642847026,1098.2870166767,1097.14102361364,1104.53610171873,1118.01300986663,1110.45457947147,1113.83347049727,1150.07406350391,1159.5588931415,1159.79849981774,1153.01980776312,1152.41251894709,1152.3853674423,1134.34295030333,1149.65829544341,1150.25811686303,1134.87462279805,1134.87931207994,1120.48118196147,1115.63117471616,1120.4069519132,1122.77557864428,1125.1800533641,1106.79718105893,1114.38029220369,1082.62128657641,1073.43883660238,1060.71806578476,1041.93260853809,1027.69458922671,1008.38651622151,933.926046489722,922.585833776936,911.575527601242,883.808089193444,871.713011918089,865.066175379395,887.684701613722,887.400255593245,872.969543381896,862.046982478333,880.975001585716,896.076316407546,944.953498638394,945.011538687637,945.975037581361,956.864201635128,961.679682877399,980.265665735157,995.532720520189,1016.47132638031,1027.74023955472,1047.0195795686,1046.72107077292,1062.94834510238,1068.00046816469,1079.64114408446,1091.8802135724,1099.08302951374,1098.29413182444,1110.18016555873,1091.72892713052,1098.29413182444,1096.58560997307,1101.06473614094,1100.23430617305,1098.29413182444,1084.37348075065,1075.29065838033,1062.9149914113,1051.89161017774,1040.34987291675,1052.49642197562,1050.14838567576,1057.05724920592,1055.03257421443,1061.74665126192,1061.34803465271,1046.72107077292,1027.62591995074,1022.42799393417,976.281209488332,NA,NA
NA,1041.74870604378,1047.0195795686,1084.81053221799,1085.41466730462,1106.98034009391,1088.97112566159,1095.5191627001,1129.67082938196,1122.67449727332,1112.10187679973,1116.59341045038,1138.30240232692,1145.03671376037,1150.41648392548,1149.92320980032,1146.7056989851,1143.32018923914,1144.73441805005,1131.90587680708,1147.00697469545,1131.92314226718,1127.49722837797,1129.27615411898,1109.95405585169,1113.83347049727,1100.26984601597,1114.67345221597,1099.14739684903,1083.0475511895,1073.7892065983,1050.11844501428,1046.98222757292,1052.02859109598,1008.9908139057,965.247328983039,941.594088621326,901.725774319132,873.091001605272,858.996023732525,800.006164522263,806.835367330965,835.123203837284,862.114084708811,790.420623199137,831.353156095787,850.904671056639,874.955311495716,880.553353998166,885.766413143157,907.566955558052,927.955335815607,933.26501089558,950.328890437411,977.808330688335,1007.78221853732,1026.20736315284,1026.21878758869,1031.96801752465,1051.18980208143,1061.23750958997,1075.67916467356,1085.41466730462,1079.35165724615,1079.3407956619,1089.1510455396,1085.41466730462,1097.8344810751,1092.01648339208,1097.60356972826,1098.29413182444,1083.4098416306,1075.29065838033,1065.95028026639,1069.87092428468,1051.91391580777,1054.69925568857,1037.07064192432,1044.31117560821,1051.38260799079,1059.45517119719,1065.87688779157,1051.30811440239,1063.92632682818,1030.70050223317,1030.20155170774,995.235842336229,942.178938595568,NA
NA,1041.9145404978,1030.66246593402,1051.19565911349,1068.31827166979,1096.56422847475,1105.97636097746,1136.11095300239,1129.29006363027,1120.51883948353,1105.03810647239,1120.54674155075,1124.96525631781,1139.40680708867,1152.14321755246,1148.64915493796,1140.03457564238,1144.77066853596,1136.22160084962,1136.24229919097,1131.89204923643,1124.87471750516,1125.15946844414,1104.53610171873,1104.72454682913,1104.15147531425,1110.35234153924,1098.21217848389,1083.7963304875,1060.95475869615,1051.18980208143,1044.05921375326,1033.50133042972,1029.92711812172,995.457825500191,951.732443308377,909.637074861433,875,818.91696770796,764.161119908105,705.087212092186,707.599573420808,704.204441662574,707.292777382866,703.978605145992,707.990112925315,730.100515715575,760.169649599109,831.038506929733,870.573164566404,873.07784203007,894.322128493374,919.238815542512,929.028378265113,954.049026803612,987.055036033754,1004.89410355241,1026.09669066874,1046.83988300824,1047.0195795686,1074.53816677843,1068.00046816469,1073.83294159489,1063.53617904381,1079.53238194186,1082.24304109567,1098.01884993938,1088.88433766376,1095.86540976391,1085.37141209355,1085.38584585233,1095.06947909044,1075.29065838033,1075.05714892748,1055.04739230046,1065.95028026639,1057.35142349697,1040.61991118628,1044.26624179983,1050.14838567576,1051.43498101191,1054.92864691495,1061.52469196909,1065.61009147024,1053.06342913097,1015.19702521235,996.101384647298,945.05290857179,NA
NA,1059.48100502085,1049.87767071874,1044.03065089106,1075.2724823974,1098.08706522457,1097.72492000501,1117.75306855762,1132.75107592092,1131.37084989848,1124.96525631781,1125,1135.99291175905,1147.1017914219,1152.43288495494,1152.31396549653,1142.27006057444,1131.90933495796,1137.02570657223,1131.81942178107,1129.40109274416,1115.9467861361,1095.68392670745,1095.86936592987,1082.24304109567,1085.32093518799,1088.9783454285,1085.12521511565,1078.05155227088,1049.28520628322,1053.8174243551,1037.05764842364,1027.48814911216,1016.83735081056,976.281209488332,916.714991464807,866.386172558173,818.801839824549,728.815314501457,686.293445249124,667.048031820777,645.174395028197,649.969922973013,656.064731484826,659.917964873067,654.252807017749,682.309861253783,700.446286306095,763.145087127777,801.56097709407,816.212631414966,862.046982478333,885.82376085571,899.834460481507,927.756071698056,965.652302760018,999.425290862265,1025.75787336241,1039.73386091929,1051.23319386006,1051.47961123667,1051.48704224065,1068.85598011767,1064.42097348175,1077.01119145377,1079.64114408446,1081.61477667533,1088.82632346365,1078.42471630603,1081.61477667533,1081.89642276075,1101.13577727726,1079.59044306016,1061.23453653806,1069.81942872025,1079.35012718647,1076.14037489851,1047.0195795686,1033.50133042972,1047.0195795686,1053.02574708844,1070.79431786299,1081.52779332081,1067.40122273285,1051.01456427441,1028.43848701163,980.241583690399,935.906335028969,NA
NA,1085.41466730462,1072.19852447228,1046.24654999246,1070.04672795163,1084.31909967935,1100.11673230779,1125.23605622318,1123.59634320093,1122.96329192584,1110.17312662747,1129.43785204541,1130.47964325471,1140.07933491507,1144.97517846086,1141.14773596846,1130.51077435711,1130.51425031821,1134.59571616335,1133.82647276676,1120.42445843869,1101.13577727726,1097.69643725421,1085.41466730462,1077.51141372678,1076.16216250154,1066.91307593021,1063.29948613242,1053.80257283847,1028.65203057205,1036.07686020686,1035.67500075087,1020.06193180485,995.450053453385,957.209485953832,909.457493886769,825.378700960959,726.722092687432,679.09627118965,624.899677935468,594.243216200236,594.137665446737,591.303778512655,617.391057812699,600.923320460697,604.326563628748,626.996810199223,665.456331034481,681.191693345277,731.789181626233,772.16720046712,814.324873745117,873.07784203007,879.275269753449,906.180963159393,942.299969618604,974.318434117847,1004.05428140116,1030.71189962089,1044.03065089106,1051.27441556089,1051.16748696905,1051.48704224065,1053.80257283847,1070.95529791779,1063.60236930913,1085.27032922412,1077.85816602322,1075.29065838033,1075.95812014312,1079.612183745,1085.41466730462,1082.24304109567,1075.48200718657,1067.98580891792,1060.66017177982,1068.76805448361,1054.5988410549,1056.19385345845,1049.28520628322,1055.04739230046,1061.24926383956,1048.61760325791,1060.20029988885,1040.12669065247,1026.1462600138,984.543018532866,956.677968890239,NA
NA,1086.45040460039,1084.48568948032,1067.83168805656,1068.85598011767,1082.56245893967,1116.04770032177,1116.32066503732,1109.55008318631,1099.14739684903,1110.37911210154,1116.07571427749,1137.01189926302,1150.81366786656,1133.80577442541,1127.94038815396,1124.84330809515,1122.92837517304,1119.19939652933,1106.85274214024,1105.03810647239,1095.53217154856,1076.16216250154,1075.29065838033,1074.39647081802,1065.74644250122,1062.01433955779,1054.19765213489,1030.48630639666,1019.91810186543,1013.03226518147,1017.70911769917,988.123180208941,965.983954318083,932.505157759419,860.232526704263,770.146090037468,692.930330167329,642.699313466364,588.41006419702,561.735423056577,528.815900464734,552.268050859363,562.649233329124,553.285187266292,540.723817022537,548.292804986533,585.755382439074,629.898719693173,659.971455350931,711.506981776992,775.987568114658,848.336777828066,860.831352149755,886.002257333467,930.356090934087,977.703961559572,992.099323109632,1007.78221853732,1035.78894122127,1043.13230225125,1044.32992871027,1047.01584820865,1040.75838217084,1051.18980208143,1066.89104909288,1081.56407565103,1085.32454603523,1082.36876211472,1064.42466396494,1079.48875367433,1079.29003317607,1085.32093518799,1074.96302503752,1064.48344280219,1068.76805448361,1054.95838354896,1061.81373931987,1051.14517185667,1055.04739230046,1050.95838950961,1054.75115548645,1060.81879851584,1057.26611770565,1046.7984659555,1014.97430689302,1012.30682111512,951.971638232989,NA
NA,1116.09905234284,1096.42125641948,1087.82605113564,1078.25361071488,1068.00046816469,1123.51971389956,1117.19514857522,1106.93833616658,1108.86586718824,1109.74331816926,1116.33817156281,1140.44262160329,1136.3704461453,1140.17542509914,1131.7153200283,1130.9374772383,1122.34785521289,1110.32402012097,1109.56102810237,1091.49306053402,1084.49290924723,1077.59859957047,1061.09421705108,1051.18980208143,1052.67516357136,1053.8619454179,1035.73583182546,1025,1013.03997946774,1000.6209003892,999.038159927976,995.607539444062,960.468635614927,924.568843663495,877.384731318172,749.89554236272,656.220237420334,607.945038516939,555.090082779363,525.324566190932,492.973334831622,493.0770730829,485.290877566213,480.884601541784,492.88545115517,484.121196934695,504.546772694929,559.016994374947,625.168289079885,672.376478311872,710.545351702818,778.570341450637,853.256581043864,886.70739254841,916.856041044612,974.895609798685,990.541172418814,1004.05428140116,1023.0345157645,1035.66357631502,1029.54023951053,1045.6414666041,1051.08554651861,1044.57671278734,1065.78854838525,1066.89104909288,1073.49611229855,1075.05714892748,1064.52569555523,1069.65296338013,1085.3678012463,1080.47556996976,1068.67613459272,1068.86694821964,1062.04372809975,1070.70368467801,1054.46068415557,1050.17826533875,1051.45730560664,1059.16946938455,1044.03065089106,1041.57847271739,1054.28031329316,1035.91746775503,1006.23058987491,988.875307504252,964.493916363024,NA
NA,1095.56586742803,1117.87960662622,1106.96635033137,1102.55385356,1095.56586742803,1109.61705105861,1109.5853315613,1110.07085633217,1123.61025271221,1114.95515604889,1106.6588456712,1130.41030141033,1138.52975367357,1129.8317734796,1129.38025356006,1117.98503188808,1113.6646210167,1098.25141877816,1093.44638643145,1085.27032922412,1085.41466730462,1077.01119145377,1052.64174503611,1050.145068729,1043.13230225125,1030.75365864936,1030.6319962443,1015.19702521235,1008.80618496075,996.242942258564,980.086858840442,977.796321321688,945.05290857179,906.228448019593,862.915488817857,723.807470855179,640.257413851679,593.639328608969,531.477860518062,485.34764602174,460.926267137207,445.112345369121,436.606229914325,430.006723247032,426.090957770819,430.061493299582,450.693909432999,491.172067609712,555.090082779363,608.526598936253,679.061608333931,750.04856092738,811.162179081667,879.25748504783,916.856041044612,952.955927627296,976.269200121685,984.88578017961,1013.02455089519,1043.85797025964,1049.86572801972,1051.48704224065,1055.03998638011,1049.76832287062,1059.36275878249,1065.78854838525,1064.47242938353,1064.75798931946,1067.23221524915,1058.32385539749,1070.03211780626,1073.74183345087,1063.60236930913,1054.71405703105,1061.09421705108,1061.09421705108,1051.37162431391,1051.45730560664,1044.03065089106,1051.48704224065,1051.32648236007,1040.57900467345,1044.62912078881,1039.71122615602,995.615387586994,974.895609798685,960.427896244164,NA
NA,1075.29065838033,1095.47245797216,1108.32007964715,1123.19698367626,1093.53359443894,1110.46161572564,1110.18016555873,1112.1594662248,1123.53366493318,1123.1996106431,1117.13914876206,1117.95701793237,1129.43569980765,1124.86076647155,1117.83764317012,1101.08606776656,1114.65924692944,1084.139055414,1095.56586742803,1078.402928703,1067.91254253063,1067.95650534766,1047.37753138582,1048.62948721037,1050.25660191361,1026.21878758869,1011.18742080783,1005.60926805594,995.143975879042,980.056450819423,965.660395791398,961.769203083567,941.076511235936,916.856041044612,809.336700257398,707.901613606689,620.835406828554,554.977027925845,515.077271423868,469.648849766924,431.566912540802,410.030486671418,388.104367406501,368.99269945479,371.588440128534,380.664749147349,395.284707521047,436.44398075027,477.624049261569,552.819188948538,636.604779241296,704.006392016436,796.615911814404,866.737775702741,919.187765563754,946.300247829092,955.084524710224,989.002022242624,1025.89899159132,1044.00819217506,1050.29757688,1051.18980208143,1051.47895602208,1051.47961123667,1061.08681113073,1054.75115548645,1057.41429912783,1060.66017177982,1064.48344280219,1055.04739230046,1073.54397248489,1051.43498101191,1060.88459793049,1061.24926383956,1063.60236930913,1063.59502195869,1051.37535567385,1051.02578504912,1054.95095254498,1051.45729612429,1035.91746775503,1044.62164098685,1039.67345748616,1026.15773912872,998.123238883857,961.8950616379,951.699236623528,NA
NA,1107.3617295175,1086.53691502253,1113.65260212314,1120.59420458302,1104.17092899438,1119.19939652933,1117.0640419512,1101.00064159634,1116.94931309877,1101.11448420116,1107.07243351884,1109.44047112114,1120.29801301216,1118.30593084434,1110.16608769622,1106.65564596439,1098.5388451695,1092.00932732027,1091.7230844478,1079.35165724615,1075.29065838033,1064.40258832812,1035.83437659624,1038.26229451462,1026.19593871698,1024.98278281663,1007.72789477528,990.477896433935,983.9096009542,965.983954318083,965.833825434136,958.18839483684,943.39811320566,919.570149356781,806.441047622082,680.073525436772,603.116013809672,540.672847990628,494.974746830583,450.693909432999,409.953987377195,391.301903409124,364.005494464026,347.129241310799,335.173944715848,335.410196624968,339.944358679847,360.489887522287,414.887211263814,500.174304111111,554.934392209941,636.353019842777,771.594588897088,853.764295817076,895.108227035945,930.38970329642,949.485524339126,980.114789195633,1007.78221853732,1026.21878758869,1040.72540701267,1032.96804892359,1048.18791918117,1057.41429912783,1060.51985229284,1049.34115978601,1061.09421705108,1061.24926383956,1062.96308570903,1046.72107077292,1055.04368934028,1055.04739230046,1053.11909886355,1068.00046816469,1060.7996686159,1054.95838354896,1054.6695526553,1035.71303705003,1049.93807415188,1057.78362229665,1050.21562694722,1041.90328959914,1030.72329700861,1007.72789477528,986.122437016146,950.19699089077,939.479754019187,NA
1051.24819866486,1097.53208370062,1074.99845115355,1113.78076525429,1126.35974237426,1119.66300551394,1106.71942660076,1110.45809759855,1118.03398874989,1103.91958366818,1096.58560997307,1099.12606522342,1113.72806001131,1114.82170342413,1114.95515604889,1110.01783648806,1096.36379641292,1101.43406171578,1099.11537451308,1099.14739684903,1085.41466730462,1081.10360064187,1073.83657974573,1041.81305236938,1032.59382140317,1025.94324352928,1001.24921972504,1000.31245118713,987.853394145538,982.980162566875,982.812688739911,958.18839483684,956.882960450232,939.747306460625,927.639741024026,817.521775612307,672.506080989461,604.604591067822,534.262373650359,498.121471129282,460.977222864644,403.887360535088,380.71629710203,347.749170743007,333.352064569583,313.249102153542,302.050242218113,301.039864469807,325.960120260132,357.945526581909,427.587711072566,509.732284948733,576.99276636873,714.841798069294,831.038506929733,890.136758283497,928.035559663529,948.683298050514,982.344135219425,1002.80855600658,1024.95418638488,1030.70050223317,1040.31972396976,1035.88726603847,1051.43119895725,1051.15633415403,1070.73562008906,1061.09421705108,1067.94921346723,1061.24926383956,1051.26769470268,1055.0177561284,1040.34987291675,1039.46823900198,1051.36789295396,1050.15212557674,1058.42181825068,1027.74023955472,1021.18146365131,1030.65104149817,1054.72892523474,1038.85290266789,1017.95981567858,1007.78221853732,984.88578017961,984.766505405011,950.097580957374,916.770512233556,840.386815698581
NA,1089.55608432923,1075.29065838033,1129.97497506293,1117.82356530761,1116.94931309877,1110.09559094623,1106.8171442417,1095.73035004056,1086.5261141584,1076.95305188487,1096.56422847475,1096.58560997307,1098.80381653386,1106.79576274338,1106.99467906068,1093.39632671184,1089.92532339897,1083.10895112172,1081.6653826392,1079.27191987753,1061.24926383956,1055.04739230046,1049.40459309077,1039.79786351027,1029.77530348696,1003.8513297795,995.230716874575,976.281209488332,977.880360780397,965.012953280939,965.983954318083,951.930569538099,930.053761886914,930.18729414613,821.107255367811,681.902853899469,602.020599941696,530.330085889911,506.134015199278,466.988250772653,403.877679621086,371.524501603012,335.410196624968,316.227766016838,301.039864469807,283.9157700772,279.508497187474,301.039864469807,335.363481749423,381.608438061844,459.448153999646,544.236361715157,656.91594110334,800.194289488949,895.571560463718,930.003306831329,972.432516938836,978.150079595641,1000.31245118713,1026.21878758869,1035.91746775503,1039.83171715427,1044.21747342137,1049.40459309077,1055.04739230046,1061.24926383956,1055.0177561284,1067.8905156933,1068.8779163216,1046.79634565028,1049.77656599002,1051.47961123667,1040.55212521505,1050.49728407073,1027.74023955472,1035.91746775503,1025.68834261526,1021.33491079077,1030.77640640442,1040.73291482493,1030.76857504003,1017.96365357512,984.88578017961,991.336771551475,972.174055771483,939.738991584179,885.260958927902,NA
NA,1054.6695526553,1085.39306557636,1114.15314757496,1114.9271139101,1109.86878441988,1102.43313022112,1109.553612064,1100.28405423327,1091.29326438859,1085.39306557636,1096.39974586223,1083.78288654224,1100.28405423327,1103.57351258513,1089.98995727233,1081.64007965726,1073.83294159489,1079.43481468434,1068.86694821964,1068.00046816469,1063.54354167239,1044.32992871027,1039.76400986628,1025.30483272049,1015.19702521235,1008.38651622151,995.080699894162,982.596056626186,973.523775947786,972.432516938836,961.996428359497,956.608026680256,930.38970329642,908.79306990317,870.653695560301,715.605030339229,617.153959367812,535.008753830442,502.431436529643,477.575157123506,425.73465914816,369.120576505835,335.410196624968,304.58663697627,285.043856274785,275.438246038465,274.885408641495,285.043856274785,319.98353412869,373.284005825018,436.167983300367,499.953036778232,630.834681380039,797.652806677191,894.260612355624,943.306843037034,958.18839483684,975.320460156558,1003.87082148302,1012.40739386885,1024.87775720388,1027.70220325557,1039.46823900198,1043.94431057535,1046.72107077292,1044.03065089106,1044.32244676479,1051.48704224065,1059.48100502085,1051.47961123667,1034.57312218956,1044.23249555087,1035.78894122127,1041.30308333502,1021.33491079077,1012.42283656583,1021.29277007558,1026.18831789897,1029.01849420967,1027.74023955472,1017.740107324,995.301461869719,987.542485753252,986.308717315744,957.098968169543,917.354239958331,871.872294577036,NA
NA,1115.48842070208,1103.9981291008,1114.8567102392,1102.43313022112,1099.12606522342,1109.41209862956,1110.46161572564,1089.05763608372,1082.99329560633,1106.72641351166,1099.12606522342,1099.12606522342,1100.28405423327,1095.73035004056,1086.53691502253,1071.18259714918,1065.93194479809,1077.65253800934,1077.0329614269,1068.00046816469,1054.69925568857,1051.48704224065,1030.77640640442,1026.21878758869,1000.62480480947,990.580637807947,985.147453207026,982.964261883189,977.840381998096,974.947804899342,972.753822917186,937.083240699566,919.850433192292,906.228448019593,880.620544930275,715.891053163818,637.707185805497,557.00445218221,515.388203202208,479.213712050449,426.922255694913,375,347.129241310799,305.138246296382,300.802557726619,269.170625480766,270.387393027222,299.8154374442,304.638186405646,354.413033222342,415.85511418921,485.41219597369,610.199234313156,753.65756856922,873.909742972745,930.003306831329,951.302554658465,980.058928485252,995.301461869719,1015.19702521235,1017.96365357512,1030.75365864936,1027.74023955472,1037.12342563458,1041.81305236938,1046.98222757292,1035.78894122127,1035.91746775503,1044.62912078881,1044.62538088783,1027.74023955472,1034.97430855436,1037.06680558168,1035.78894122127,1025.36772780833,1011.11778556349,998.123238883857,1007.78221853732,1017.96365357512,1006.23058987491,1005.35157290128,997.617262223036,977.792315569731,968.080564099744,928.035559663529,896.128785810575,866.277692806177,NA
NA,1110.10264870161,1101.05404543061,1095.62319123072,1102.93843750227,1110.44050160896,1096.15026881267,1101.8270894651,1099.12606522342,1089.89654781646,1098.80407861042,1092.01648339208,1096.50712938453,1097.14102361364,1092.24344529968,1074.5454430801,1081.88184932015,1073.60275132214,1060.66017177982,1063.60236930913,1057.7762163763,1052.63802953412,1050.25288220261,1035.76619346621,1020.87574619435,1011.18742080783,995.607539444062,982.28840156883,980.433577556379,975,963.192637756212,961.712206619446,945.05290857179,916.856041044612,908.982948134892,878.279719721855,779.046621796453,659.923971579658,577.129154096517,548.292804986533,494.966789461255,445.085955160342,382.426463519459,362.106222232302,315.92552502929,292.617497767991,279.508497187474,279.508497187474,299.788689868557,304.138126514911,357.945526581909,425.135219445411,498.07086340389,601.027760095182,743.884141864228,863.495801958527,928.035559663529,952.914901424664,970.82439194738,990.541172418814,1006.39319940611,1013.03997946774,1012.90853544448,1013.03997946774,1026.80778293629,1027.74023955472,1035.78894122127,1044.24000336314,1030.74607159677,1044.21747342137,1030.77640640442,1031.66239621631,1030.73845431879,1039.67345748616,1017.52577722022,1007.54074404598,997.159586863394,984.77447511403,988.899116191049,995.301461869719,1006.23058987491,995.615387586994,995.615387586994,961.769203083567,964.502079500614,939.747306460625,906.224136751844,874.642784226795,NA
NA,1104.931613429,1109.40501921407,1109.93276277559,1114.94113497949,1109.5853315613,1110.16608769622,1105.20321466649,1091.98066541892,1095.63750337434,1085.40386644049,1077.0329614269,1079.64114408446,1089.82076019073,1093.24559345328,1089.1510455396,1075.26884424656,1072.40380863002,1067.97484081596,1062.1322893124,1056.19385345845,1057.35512645715,1030.77640640442,1029.8664962023,1032.59382140317,1007.68902010891,991.482779438187,988.85147575073,976.281209488332,970.703381006648,970.82439194738,959.93403885712,950.097580957374,926.350365682445,897.566153550812,883.732701903704,798.481981882819,720.957935773072,617.454451761423,566.855717686326,525.594901040716,477.62432936357,409.953987377195,374.725137361601,347.129241310799,333.541601603158,305.163890393343,301.039864469807,304.073623524659,327.344094842776,370.354508317185,431.530646311085,496.188419270203,618.133845792721,747.373406894341,850.330786953066,916.581728683489,941.208499586676,970.82439194738,976.281209488332,989.002022242624,1005.87165075504,1012.33781073995,1004.05428140116,1011.07126296164,1025.20558467225,1026.97951357171,1029.22037089395,1029.85131538192,1031.66239621631,1029.5630140987,1017.96365357512,1017.92907072058,1017.96365357512,1006.38196695383,995.143975879042,995.301461869719,984.174055118951,990.414457680442,983.794031728087,986.098628329349,995.202039729195,973.717104707522,973.717104707522,951.843934822702,917.655611549306,896.172416446746,885.984607874895,NA
NA,1090.01146782958,1105.10180526502,1105.04158337712,1127.94038815396,1117.19514857522,1113.74917412798,1109.42973980857,1089.13300271301,1079.49278207982,1073.83657974573,1073.59994556844,1069.33785015326,1075.95812014312,1085.20512465768,1076.58667697766,1077.57682959734,1068.94676511337,1063.54354167239,1062.39640275597,1060.66017177982,1063.49933520193,1039.76400986628,1032.49527663239,1028.62923579662,1015.0426446703,1007.54074404598,998.123238883857,972.753822917186,965.012953280939,956.882960450232,958.032975921744,941.408519188137,930.38970329642,905.478040803634,879.275269753449,851.46931829632,728.868986855663,656.220237420334,604.604591067822,528.528478567236,506.118477352243,447.213595499958,425.716292669456,381.608438061844,357.912667000745,338.142479928345,333.352064569583,332.03459709111,355.272675851409,390.472389941764,442.921307230531,515.081380495589,645.716679286314,775.795857715153,834.688411938169,905.874920780024,935.199544095022,958.155758977175,981.164947901675,985.083788581764,989.002022242624,1002.73834210641,989.925806875703,998.123238883857,1007.78221853732,1020.08345522291,1028.18473767567,1027.40499354308,1025.12130324186,1025,1017.96365357512,1007.74342782076,1006.98700884783,1006.54110695987,1006.47337388674,995.242451568947,973.620440327654,965.660395791398,986.062799628846,986.003162241547,985.195093647344,973.644786888519,972.39231381405,930.38970329642,902.240724480356,902.578356034901,886.70739254841,NA
NA,1065.95028026639,1081.6653826392,1093.9147204106,1116.04715240547,1119.92934691773,1114.82170342413,1095.67325095033,1082.53160077042,1077.58407255346,1068.00046816469,1075.13033982886,1066.78801498567,1068.00046816469,1082.23582036496,1070.0211497043,1077.55504199431,1068.00046816469,1074.97091449364,1068.00046816469,1061.08681113073,1063.57295549076,1047.32509759376,1029.3190363142,1024.81641554631,1015.19702521235,1008.9908139057,984.88578017961,995.183441268175,970.796000904932,970.82439194738,964.899345339289,941.076511235936,929.011547727124,905.538513813742,883.803783263365,861.883229257069,782.138619224895,726.451316699341,664.496658975002,579.224805975005,527.375577743225,485.41219597369,458.732866658792,425.73465914816,403.740991472562,375.322092578494,360.555127546399,378.246087659767,397.844595178073,419.010706213195,458.938993767145,527.375577743225,687.806716766816,790.569415042095,855.862138431184,905.486689717889,921.954445729289,948.683298050514,970.69529204348,974.770554376369,984.88578017961,988.938746257745,984.88578017961,995.254276105755,995.607539444062,1017.59513193638,1017.65662185238,1021.24295356732,1012.30682111512,1007.74342782076,1006.22282335217,1007.56023083795,995.615387586994,995.615387586994,985.199059204623,984.670665912329,973.717104707522,973.199304902852,986.154146165801,986.419397252093,973.717104707522,977.880360780397,970.82439194738,950.029686912112,901.387818865997,887.764045228235,855.131568824354,NA
NA,1030.77640640442,1044.03065089106,1079.53238194186,1106.05178460585,1114.88842973651,1101.1215800613,1090.97542186861,1086.98305147106,1073.71261316012,1075.29065838033,1055.46570192715,1060.95475869615,1072.66869316598,1074.25765240813,1075.2724823974,1068.70927564637,1060.95475869615,1054.71035407088,1062.10285104699,1055.04368934028,1054.72892523474,1054.74004036059,1041.88075965737,1029.5630140987,1018.85278417499,1006.23058987491,995.301461869719,984.88578017961,977.880360780397,976.193024824053,957.209485953832,950.308320532574,941.076511235936,903.244952873814,885.869594592391,859.142013871979,847.384402469294,778.459367256226,707.97907127858,653.88923698472,570.621656864803,536.714418697627,482.830197895699,474.308616619977,442.841256197923,412.904550783203,397.963900771216,419.076365356005,425.716292669456,452.717373220024,485.41219597369,594.203722784142,731.767731678043,828.02475808396,863.441379607445,892.328414878737,917.196816392207,945.520538789661,975,973.693022662764,972.753822917186,972.665155078114,983.933432707721,980.39767749217,988.875307504252,995.615387586994,1012.00123447558,1007.68902010891,1007.78221853732,1000,1007.78221853732,1003.07166163873,991.526600752597,991.853006777217,983.222354753472,969.563758220192,977.860371389246,976.281209488332,977.860371389246,974.93499109395,965.012953280939,956.882960450232,953.523999568661,936.082261342453,901.257433805516,884.421855464113,851.044299480937,NA
NA,960.468635614927,1017.80197264092,1062.5403310066,1054.84669698216,1085.41466730462,1088.96390396709,1075.25430641446,1084.58001482896,1079.59044306016,1060.66017177982,1057.35512645715,1054.69925568857,1055.0177561284,1054.98808658223,1066.19799266641,1051.47961123667,1050.7325366657,1052.67516357136,1054.70663856889,1057.41429912783,1049.34496775271,1044.27747115783,1040.72540701267,1028.64063318433,1012.42283656583,1006.35413078923,999.038589603141,992.448035531176,979.125053958688,974.935812923471,955.24865872714,941.076511235936,929.045208803102,919.213290553133,903.465549979633,875.825244105603,853.256581043864,832.503720683896,784.724991800094,677.652600771563,650,594.223469492189,533.168729908398,498.121471129282,480.868344448426,466.988250772653,459.448153999646,450.693909432999,456.121241450729,480.884601541784,539.603252003486,640.109291267182,803.429998891402,845.657959475169,863.034029801363,893.378419260282,929.503142437045,942.403841248538,951.971638232989,962.094070244693,972.753822917186,973.717104707522,985.411620827255,977.776279378575,980.337748379181,989.002022242624,999.062060134404,999.050324868772,1004.88629836597,999.98827575168,999.062060134404,999.062060134404,995.536794448918,999.026821160956,983.781656108422,974.967927617688,975.320460156558,976.281209488332,985.171284960547,976.265194369728,976.959270527123,950.328890437411,944.475447000728,915.491671180028,902.945913985355,867.007631843325,843.35638967165,NA
NA,NA,992.47166206396,1028.62884214491,1073.16242338135,1079.53598474701,1085.27032922412,1085.41466730462,1081.95425041912,1071.35308733214,1067.91986458027,1060.76257016051,1060.9977772956,1073.6906769562,1065.83275485572,1074.84694790804,1063.29948613242,1053.79514183449,1052.44784173319,1053.7124581244,1050.14464470302,1050.15586547772,1049.18780113412,1037.12342563458,1040.29708920649,1022.64334073287,1007.78221853732,1006.22282335217,999.882536546743,985.203024761902,976.281209488332,954.594154601839,939.747306460625,935.939947391302,916.7231961318,905.894072245841,873.212459828649,867.827747885489,838.422753358709,835.426242317828,760.697694375668,682.194593225497,656.076746273898,626.498204307083,555.090082779363,539.471615173414,527.331060825662,496.156862083253,499.707303294793,504.004996613132,550.453897465066,605.173007077432,696.385726980798,825.378700960959,849.986204278969,871.885897259438,903.076299045837,922.064384443192,934.060350876377,939.747306460625,951.971638232989,961.866497791699,961.769203083567,973.717104707522,986.003162241547,984.77447511403,977.880360780397,977.880360780397,991.526600752597,1002.78906430306,1001.11621835498,991.526600752597,992.321645083547,991.241305463673,991.514776215789,982.980162566875,970.82439194738,974.915711361078,970.82439194738,976.184992174594,980.058928485252,948.592538313546,960.362423147653,930.053761886914,910.013736160065,891.352846809944,863.133825081603,NA,NA
NA,NA,991.360580238272,1018.70342127464,1043.78938776249,1044.32992871027,1063.24742490367,1063.60236930913,1063.01458127346,1060.21444020065,1063.98708475185,1063.25605300916,1075.54528449502,1075.21049910459,1068.00046816469,1064.48344280219,1055.0177561284,1054.69925568857,1054.92864691495,1044.21743162279,1044.32992871027,1046.66129222135,1037.12342563458,1044.32618773753,1037.84226782681,1029.25832297957,1026.05841546694,1017.65662185238,999.97655150336,985.203024761902,979.23688578224,970.82439194738,956.882960450232,943.072902957929,917.877987534291,905.77115340633,894.374721596887,859.632640434707,838.525491562421,831.996170157319,809.639084098666,784.336764270516,707.040365161391,674.275237555895,646.221261214272,576.785701713893,577.006463818132,534.195370496638,554.733647992869,547.961068961265,600.416167838731,653.086523769007,770.146090037468,835.510678729933,861.933359820165,883.529852353615,897.548731837011,939.51336638152,930.38970329642,941.010003928942,943.340073156417,951.930569538099,956.545839269118,951.971638232989,972.39231381405,977.880360780397,975.267667801075,982.28840156883,985.203024761902,999.882536546743,997.599847351163,990.541172418814,976.281209488332,970.82439194738,973.717104707522,977.703961559572,979.882529264427,973.644786888519,965.012953280939,975.096373461056,965.959679292154,965.012953280939,945.05290857179,929.010597811041,921.878040363344,893.299576047231,857.086660785071,NA,NA
NA,NA,990.446197481796,1020.61119854515,1028.53729642045,1043.0723175656,1060.66017177982,1060.57902496352,1051.30811440239,1052.06625138938,1051.30811440239,1049.73364344687,1054.7794557107,1050.04719535774,1061.67973875757,1076.80408017888,1054.69552344303,1057.41429912783,1060.66017177982,1044.32992871027,1049.40459309077,1039.80912848116,1047.30639846447,1030.77640640442,1030.72328691497,1044.32244676479,1028.62923579662,1017.51419696573,995.615387586994,1000,976.233143059968,964.5998153355,937.058216215638,930.028548059818,916.991469685774,903.119593409422,883.883476483184,860.958767886128,848.720723826673,835.505455227355,816.241385865725,813.844671784148,805.541867991956,701.766727929975,697.646915481459,663.705334912166,640.306181222305,602.386175470364,601.040764008565,624.543277185942,661.910114743686,736.676892069698,820.496902460605,860.913349035775,877.736492467089,896.172416446746,908.982948134892,922.293337284836,922.289101140391,936.082261342453,936.082261342453,947.492309678501,935.931548856064,950.056035961545,961.647047017734,964.939981205033,965.332625983641,978.997574988015,977.840381998096,980.01894970295,988.779841416449,980.114789195633,979.98689839319,965.87858553722,965.012953280939,977.840381998096,980.114789195633,975.800834822445,965.886707216248,974.94384557293,960.468635614927,941.043281116553,927.665055761935,928.035559663529,916.851111404451,884.590300647707,855.862138431184,NA,NA
NA,NA,965.91508386216,1023.22426911978,1042.68661551298,1054.41738138872,1060.66017177982,1054.74004036059,1043.13230225125,1057.17914232959,1050.77779200671,1043.40724775385,1027.94032302618,1051.48704224065,1063.38849488392,1054.75115548645,1052.46653269984,1059.67707190809,1050.7325366657,1044.2999880488,1030.77640640442,1039.73386091929,1034.23292689162,1030.67767706917,1030.77640640442,1029.17472056593,1026.19593871698,1020.41658159793,1010.59449374837,999.906073556464,996.148660253699,973.717104707522,957.037471065922,942.403841248538,919.90148317105,916.684983422499,896.146248273038,880.695747690427,855.825594333699,827.647267862342,817.389136213591,811.162179081667,800.351448072966,784.512628742376,781.143008145216,718.642687433896,715.891053163818,713.199126124285,698.164949602843,701.78344238091,753.688775267431,804.945319912078,831.771113806814,874.642784226795,895.108227035945,905.478040803634,915.491671180028,926.078898319885,928.083942761679,938.207157529441,927.984773267144,944.853666874984,944.857816861228,951.437130235709,951.971638232989,957.201322816242,961.736688896851,965.012953280939,977.880360780397,973.717104707522,973.058753476071,976.281209488332,973.114681545364,965.012953280939,960.37899373581,960.468635614927,972.165934092454,976.108304975979,975.264318923224,957.209485953832,949.776912780898,933.984900080544,938.416218956173,928.035559663529,902.735704704892,878.208403512515,816.241385865725,NA,NA
NA,NA,NA,986.098616795987,1025.91422643416,1043.10232717519,1054.1600366357,1053.83227587174,1054.37816952814,1046.66877202331,1051.18980208143,1044.47578484856,1044.57671278734,1035.88726603847,1041.81305236938,1062.23395004715,1054.6695526553,1043.13230225125,1044.32992871027,1046.90362171744,1039.76400986628,1043.62339060765,1042.95193138885,1042.91038580945,1030.77640640442,1022.88604220167,1028.62884214491,1016.47132638031,1015.19702521235,1002.43143652964,995.489518842518,974.93499109395,956.760177394801,943.39811320566,937.083240699566,928.952522987177,910.013736160065,901.734439843572,855.131568824354,844.148367501168,818.133954067096,819.474670454962,800.322086604058,785.005968853339,772.172260574025,775.403120963541,775.14957777072,750.359115284165,773.6966507505,775.403120963541,794.030268871646,828.02475808396,853.791839584865,890.224690738243,905.883546599672,912.414379544733,927.698765763974,921.894975362575,925.337776166087,921.954445729289,919.238815542512,925.337776166087,933.205986155633,951.699260058062,965.886707216248,962.028952101543,965.720850755461,965.764592608977,965.008904728411,957.201322816242,957.209485953832,971.449089617397,962.053434378949,961.572373097791,958.163922114765,955.24865872714,958.114901434097,977.776279378575,976.269200121685,955.150314247012,940.38669269815,935.931548856064,937.733067599662,933.976501545306,901.387818865997,874.820693697137,NA,NA,NA
NA,NA,NA,972.39231381405,1001.19454073527,1002.80855600658,1029.81333978611,1039.78278903678,1050.80799372327,1044.24374319705,1052.5001618766,1051.12279012506,1050.93963079868,1051.18980208143,1053.80257283847,1057.35512645715,1047.0121168487,1051.37535567385,1049.27772648126,1054.90632232022,1044.03065089106,1051.48704224065,1044.22873839225,1044.2828029292,1049.62313073137,1044.23249555087,1033.50133042972,1030.51741078425,1020.11028815516,995.615387586994,995.917396417918,980.329768354678,980.01894970295,958.176158475802,964.465306289919,951.798669991459,928.355156745549,921.920500351954,905.067735782108,870.631838601452,848.268752256061,831.038506929733,813.873729984346,797.107873298227,782.973037653851,782.91134122047,776.163310054232,773.257182370941,797.475721886313,798.908937201283,817.197076234128,867.791708502306,892.328414878737,915.354722804529,906.224136751844,919.221805192409,922.225469980105,933.332284333891,933.298671971558,926.240467683616,925.329331761935,920.859998372629,944.080278590411,938.416218956173,961.805419758783,961.971955637421,971.608352880715,961.708125050651,961.655210155324,961.736688896851,972.432516938836,973.523775947786,958.18839483684,962.085948565665,956.882960450232,955.24865872714,956.842102907155,972.25512087877,976.281209488332,972.051941164211,944.986681888709,937.083240699566,937.083240699566,925.337776166087,897.513806872181,860.205263883456,NA,NA,NA
NA,NA,NA,NA,977.880360780397,995.132033134527,1008.9908139057,1044.62912078881,1051.33470665905,1061.83542820286,1063.01936797614,1046.57136687422,1051.94710210268,1054.75115548645,1056.04943801162,1051.1674964514,1044.32992871027,1051.43498101191,1055.04739230046,1061.24926383956,1065.95028026639,1051.48704224065,1030.77640640442,1040.73291482493,1050.7325366657,1039.60533438552,1040.73291482493,1039.67345748616,1021.30429522488,1001.23360447848,1004.05428140116,1004.98756211209,995.615387586994,978.905647117229,977.880360780397,974.967927617688,950.328890437411,936.015398187135,924.932333432121,875,851.46931829632,832.541290267336,816.130948304583,797.260935955099,790.330803855809,782.623792124926,782.776444785549,797.19222328381,819.90797475439,827.58108399184,836.237637471745,886.70739254841,905.823096684171,924.625343404002,927.639741024026,939.414711402797,929.935862243893,936.082261342453,937.083240699566,920.894019072835,919.498502617723,919.918474648705,940.976679472526,937.008086797413,955.232296124007,958.18839483684,968.343667662365,972.39231381405,972.39231381405,963.824532269684,956.882960450232,970.82439194738,973.693022662764,965.603675138156,964.854413561063,965.983954318083,961.769203083567,962.085948565665,972.432516938836,965.983954318083,951.314879522022,927.639741024026,936.915902264487,926.325050944536,885.975772572839,NA,NA,NA,NA
NA,NA,NA,NA,975.804416399969,976.225107789545,1000.11643145905,1029.67999593651,1056.07507457129,1052.61572390408,1050.05846032862,1052.0588203854,1054.75115548645,1071.43658209823,1060.66017177982,1060.95475869615,1062.152347216,1073.83657974573,1076.95305188487,1069.82679134883,1063.58767460824,1049.33750503282,1044.61415904137,1040.66145676568,1041.29557227027,1040.57098306879,1044.29622986876,1046.4995597691,1039.63939593584,1030.18841502077,1020.40892426186,1021.18146365131,1012.42283656583,1006.54110695987,996.837965094214,973.717104707522,961.769203083567,939.446092943209,905.960664418516,875.35707000058,844.618929901631,845.807230782285,831.796431038635,801.492634302556,790.569415042095,785.005968853339,796.774849038851,813.682807061482,813.941029804985,855.113288967038,874.99106960567,894.374721596887,917.188297008517,927.486312950267,930.028548059818,930.217533324048,944.940775481423,928.952522987177,927.963892874017,933.73404300305,933.303147333369,919.008188557951,921.886554974619,937.083240699566,951.971638232989,955.24865872714,964.826021390004,973.693022662764,965.012953280939,956.045380817147,970.82439194738,965.971816805119,972.432516938836,958.18839483684,965.983954318083,976.257190755037,961.752945990209,973.219406465246,977.840381998096,976.217106868812,938.416218956173,929.045208803102,922.233965718932,919.884453920499,877.790107721387,NA,NA,NA,NA
NA,NA,NA,NA,943.39811320566,961.768314823181,1019.19166476177,984.670665912329,1034.96431652543,1033.4672688794,1046.4283459342,1039.83171715427,1063.29948613242,1067.94921346723,1054.72892523474,1055.04739230046,1052.20751893424,1073.83657974573,1077.01119145377,1060.95475869615,1061.49196102969,1054.75115548645,1053.19428005427,1051.18980208143,1057.17608076934,1061.0348945893,1044.2999708415,1047.0195795686,1035.73583182546,1029.5174447351,1025.91422643416,1011.1332803759,1019.91423589722,1017.89448786605,1003.99193695605,983.678024507716,984.610547888813,943.659359507892,912.414379544733,883.883476483184,861.892361377155,850.358378395129,840.693379774853,827.362120812427,807.765044801529,817.360442454894,838.525491562421,850,872.13817712562,876.427407147905,885.82376085571,927.631296619874,923.43915343626,935.534070390055,936.857048673665,941.38360392964,948.551168429393,940.951654988599,919.221805192409,915.260090601017,924.452989835235,916.739230845793,921.954445729289,936.894896815702,933.332284333891,943.335839527542,955.24865872714,952.451479312713,957.103146995669,955.166733214786,957.209485953832,957.209485953832,957.201322816242,971.608352880715,974.967906461736,972.428472723552,976.023778109076,965.652302760018,973.717104707522,941.076511235936,941.333711682337,916.856041044612,903.119593409422,900.172936868251,860.017993640329,NA,NA,NA,NA
NA,NA,NA,NA,NA,975.615428990428,975.320460156558,979.934724365084,1000.76131456968,1027.58010633562,1052.46653269984,1044.24000336314,1056.87687834351,1057.63550388964,1067.91254253063,1061.19764546637,1066.07293172188,1078.13274831355,1067.90152911197,1067.8905156933,1067.7874815861,1060.95475869615,1050.50551800391,1050.64297073284,1044.50918569795,1063.4476675546,1060.34303119497,1045.54647640154,1034.90618545373,1031.45303484018,1007.78221853732,1025.46092623674,1027.74023955472,1008.38651622151,1004.81620316112,995.615387586994,986.154146165801,943.340073156417,906.228448019593,897.144393404302,869.47309268161,873.12280724659,863.133825081603,847.384402469294,857.032194747168,840.340282595177,862.598660873749,880.695747690427,908.79306990317,919.038196600259,921.954445729289,950.287750627738,951.831506423238,954.093529638968,942.224883821334,941.366988869949,941.043281116553,922.293337284836,921.844019635138,909.979370062796,919.068204642567,919.841913808603,922.119655362618,925.337776166087,940.964167230562,941.366988869949,951.798669991459,958.667375220595,957.184975613499,951.129729987755,952.451479312713,951.971638232989,960.411629595475,965.012953280939,968.392035619767,976.281209488332,980.114789195633,974.895609798685,952.931320392438,941.076511235936,930.38970329642,906.224136751844,886.70739254841,869.549859679224,NA,NA,NA,NA,NA
NA,NA,NA,NA,NA,922.119655362618,963.517025724863,980.828745776175,1000.84411042791,1004.98756211209,1019.71163939165,1035.67500075087,1047.0195795686,1051.15231048284,1050.21562694722,1064.27316374185,1055.03998638011,1050.27525228527,1043.72235959147,1059.37016470284,1052.95914816129,1071.44448342343,1054.43985077315,1060.90965726268,1051.48704224065,1064.46141596486,1062.84895331081,1045.68955648259,1030.58618262919,1030.20155170774,1025.17496910636,1026.46712308373,1011.48869132221,1011.29479126961,1005.29064375972,1007.72789477528,992.170709951271,952.508742058577,927.819801756615,909.979370062796,904.997137880478,900.780377867124,877.820346111695,879.275269753449,903.119593409422,903.076299045837,901.45267917899,909.901855601407,956.520969343899,951.930569538099,972.169994931969,970.69529204348,972.523815138327,956.882960450232,951.757300107305,942.33742787884,931.881913031905,927.862952790007,925,905.883546599672,916.856041044612,919.221805192409,930.053761886914,933.984900080544,930.381304761182,943.39811320566,941.184338961222,943.373256406732,937.083240699566,943.181008913265,943.562246554899,955.166733214786,957.478502170626,965.959679292154,968.177843917439,976.249179251123,975.204774351256,961.922934956754,954.07363403847,933.407735129724,905.538513813742,890.136758283497,874.624905171818,833.232374623781,NA,NA,NA,NA,NA
NA,NA,NA,NA,NA,NA,948.342928221214,959.803227176881,980.086858840442,1004.0231382663,1010.04451982622,1007.7550566563,1036.58739395794,1043.09855600229,1049.28520628322,1055.04739230046,1061.24926383956,1054.63981602129,1049.95314862537,1057.2140564769,1055.0177561284,1073.29694871994,1073.69105371246,1078.31180132531,1073.26019672002,1057.3477205368,1075.53326188403,1059.37016470284,1045.86361491774,1049.73364344687,1042.86884023005,1026.68992493935,1027.24128902929,1000.60918468924,1002.25382399615,999.062060134404,1003.39612007659,984.405145569905,934.068717744923,933.850157498134,935.931548856064,930.18729414613,923.320212702833,933.252365818305,927.171897748224,930.38970329642,956.681780080619,965.660395791398,973.484590498594,965.004856175884,988.755895915768,982.288338038937,982.724504075633,956.760177394801,959.459774602606,943.306843037034,933.298671971558,935.948245993807,917.860958255739,916.856041044612,910.013736160065,919.179246180064,936.869669287909,950.097580957374,942.195672332662,930.053761886914,941.300387225922,909.987966459435,941.043281116553,950.328890437411,949.253809672933,950.287750627738,953.540441892556,961.971955637421,958.18839483684,964.851011179838,956.719108699911,950.105881156179,939.356424635216,925.337776166087,908.639092269312,878.208403512515,855.012468793363,NA,NA,NA,NA,NA,NA
NA,NA,NA,NA,NA,NA,928.035559663529,956.842102907155,1004.87849317952,1001.19454073527,1011.18742080783,1011.18742080783,1015.11222779921,1035.75098913565,1041.77158604076,1055.04739230046,1061.24926383956,1063.15338255025,1053.07829744798,1044.37835168916,1076.23593014793,1067.8905156933,1075.10840362494,1067.85376369338,1079.59044306016,1076.16216250154,1060.95475869615,1054.78693551267,1049.78679986306,1044.03652602759,1042.82340485508,1037.03287325446,1027.70220325557,1014.81709958204,1012.42283656583,1012.30682111512,995.536794448918,965.951582187099,970.508492019616,951.831713815599,939.479754019187,937.083240699566,950.287750627738,954.032607835838,976.015689145908,986.383712340429,990.580637807947,999.693412563626,999.906073556464,1003.99187863533,988.950569216836,985.199059204623,976.193024824053,961.102662255889,951.129729987755,942.888548827635,939.306335442176,933.984900080544,927.959670671941,924.855970388563,919.204794842306,930.322429858109,948.198914393233,960.333920137927,930.053761886914,924.923861143232,928.99886589514,922.284864995947,937.008086797413,939.414711402797,956.842102907155,951.971638232989,950.328890437411,959.901402997454,951.971638232989,957.519359713703,951.971638232989,950.768420306486,926.299652827475,915.453205034587,895.125689498408,874.816926916232,824.507121329015,NA,NA,NA,NA,NA,NA
NA,NA,NA,NA,NA,NA,NA,935.055756891256,963.351010497261,974.017099593759,999.015052656096,980.369747136979,995.080699894162,1029.44893874623,1051.76541661107,1061.04600971516,1068.00046816469,1075.29065838033,1059.30708904991,1060.48744240368,1050.92837990002,1063.38108896357,1046.60137648381,1056.55745090144,1063.38108896357,1067.81696075507,1054.95466804697,1050.97708247457,1052.53004261135,1062.72639279764,1050.7325366657,1052.06625138938,1027.37273305255,1025.55378117849,1026.18831789897,1012.42283656583,1003.22697054214,984.766505405011,982.764622311547,958.094367449459,946.374661537385,970.82439194738,972.247027847389,972.271302873317,981.145734671851,1001.68938351806,1002.62872679609,1011.16035059187,1007.68902010891,1002.67965463633,992.072999060833,998.249977775892,983.837966619919,972.076413886286,951.844049859943,951.610399666503,933.917626642233,941.300387225922,925.185302150498,925.091623541436,916.856041044612,927.698765763974,950.155621006617,942.378958197028,915.077888439642,922.289101140391,930.003306831329,930.053761886914,939.680704816599,939.743149022402,946.242207779849,942.387249623381,957.062120793037,951.971638232989,948.683298050514,951.971638232989,934.07708461347,930.322429858109,922.199963891175,901.387818865997,880.611301631421,855.825594333699,NA,NA,NA,NA,NA,NA,NA
NA,NA,NA,NA,NA,NA,NA,NA,961.679682877399,973.535657867235,986.078654203674,978.150079595641,985.907322748864,1006.54110695987,1017.54120579276,1035.08091038127,1050.07718770057,1075.25430641446,1078.869630525,1053.79514183449,1060.68832915074,1047.0121168487,1051.48704224065,1053.80257283847,1071.64806133695,1064.24383857947,1060.77743836419,1051.1674964514,1065.95028026639,1062.80799562879,1051.18980208143,1060.60637921796,1052.12769464219,1028.14670137652,1033.43320732909,1026.20355274383,1020.18585257818,995.607539444062,1007.76282317904,986.130368130703,996.061919258165,1000.3342352453,1000.62480480947,991.96366906827,1002.72661785809,1009.41122685476,1029.09613504129,1029.81333978611,1015.19702521235,1019.93353043797,1007.75119074788,1000.49172123598,984.58248124805,973.717104707522,957.991907226854,951.971638232989,933.407735129724,927.639741024026,917.188297008517,916.65061732523,927.883531815173,917.022169026565,938.215556064679,937.011959094847,933.727299058373,930.053761886914,928.867939726257,933.73404300305,933.984900080544,939.747306460625,939.373055777043,950.324779306943,953.569185723887,931.860993815155,948.309775846041,951.699260058062,930.322429858109,921.954445729289,894.374721596887,880.695747690427,863.133825081603,NA,NA,NA,NA,NA,NA,NA,NA
NA,NA,NA,NA,NA,NA,NA,NA,961.769203083567,965.983954318083,973.717104707522,976.281209488332,982.344135219425,1005.7998756841,1012.01833920815,1004.05428140116,1024.70099948669,1039.36929699518,1052.61311189747,1040.73291482493,1051.18980208143,1062.1322893124,1051.47961123667,1053.76070240113,1065.42078247938,1060.9977772956,1055.04739230046,1059.13566300262,1063.58767460824,1057.41429912783,1051.17492955541,1067.47594594979,1051.07808379872,1039.71122615602,1054.86520412784,1032.59382140317,1033.40287252144,1029.862702676,1029.54023951053,1020.11028815516,1005.51971487205,988.899116191049,1009.00630871811,1012.09054315454,1019.93353043797,1025.89137077331,1026.1462600138,1027.70598656029,1015.19702521235,1030.65485190516,1007.78221853732,1001.12406278838,983.75010715174,964.616072428858,959.93403885712,941.076511235936,935.88109380048,927.146583010315,919.179246180064,909.979370062796,927.559281814156,924.830445399184,933.019491439838,933.370009731807,930.343470319842,926.240467683616,922.293337284836,922.284864995947,933.164825343861,933.407735129724,941.03912367833,953.528117028998,956.833872539945,951.971638232989,939.51336638152,928.035559663529,919.238815542512,902.945913985355,880.695747690427,858.813256650735,811.055509404898,NA,NA,NA,NA,NA,NA,NA,NA
NA,NA,NA,NA,NA,NA,NA,NA,NA,965.931269927651,970.82439194738,978.150079595641,982.28840156883,1006.54808925309,1019.51360450774,1027.74023955472,1035.91746775503,1044.62912078881,1053.80257283847,1063.23992734703,1051.18980208143,1062.1322893124,1051.01471171972,1063.38849488392,1075.78197740641,1073.83657974573,1075.29065838033,1073.82930344406,1073.83657974573,1077.55504199431,1079.55416954489,1078.46098982131,1054.67440409152,1050.29757688,1045.10626429755,1055.04739230046,1052.19581774282,1041.827899599,1046.62179763914,1030.72329700861,1026.95288139327,998.076231468224,1034.90618545373,1037.12342563458,1029.55162680462,1037.12342563458,1042.67832361052,1027.69458922671,1020.40126462594,1009.44225464419,1000.19502459712,983.837966619919,963.350531304786,961.606189474657,941.366988869949,929.666988792616,930.356090934087,927.393588399375,916.684983422499,921.754231132236,909.910481421055,924.804920409805,924.928097287677,925,924.821949688357,917.877987534291,926.172576928947,929.019433247429,927.639741024026,925,950.320668176475,951.963428749101,951.971638232989,950.328890437411,928.035559663529,916.856041044612,893.378419260282,883.883476483184,843.319269996987,803.235211690096,NA,NA,NA,NA,NA,NA,NA,NA,NA
NA,NA,NA,NA,NA,NA,NA,NA,NA,NA,950.23003471491,978.197999341982,965.571237652731,982.135588476575,995.95901320659,1004.05428140116,1035.76619346621,1044.59170032537,1049.28146638224,1057.05695713447,1057.27725372029,1052.49990296194,1053.80192204353,1071.44448342343,1076.10402293265,1081.6653826392,1093.27436903579,1085.41466730462,1085.41466730462,1093.20594812567,1079.64114408446,1069.27904584681,1068.9392080041,1077.55504199431,1079.51056780809,1054.95095254498,1057.32549028508,1054.43070907951,1046.92239763566,1046.39057726434,1044.24000336314,1038.78978215558,1046.80382759576,1044.03065089106,1047.7225399576,1042.83551131451,1028.65203057205,1035.83437659624,1013.77525353101,1002.59156776305,984.88578017961,977.880360780397,958.18839483684,942.33742787884,937.733067599662,930.254960714009,935.88950449098,933.273430743069,920.911010550489,925,910.013736160065,903.119593409422,916.684983422499,917.022169026565,925.333553964011,929.019967574613,929.045208803102,922.284864995947,929.700649868594,917.877987534291,939.281270733064,955.24865872714,951.971638232989,951.955219265214,933.407735129724,896.128785810575,873.212459828649,828.02475808396,824.919248926396,NA,NA,NA,NA,NA,NA,NA,NA,NA,NA
NA,NA,NA,NA,NA,NA,NA,NA,NA,NA,NA,958.18839483684,965.012953280939,972.432516938836,980.433577556379,989.002022242624,1012.42283656583,1034.63738545644,1027.70220325557,1063.29948613242,1068.85598011767,1069.81206404734,1063.60236930913,1076.16216250154,1089.1510455396,1101.11448420116,1095.73035004056,1110.18016555873,1105.10180526502,1101.13577727726,1097.72492000501,1079.612183745,1078.09602677533,1075.1739036539,1069.9443167595,1069.67174456036,1055.03998638011,1064.33031997226,1054.59093228298,1056.86905425887,1043.0723175656,1025.91422643416,1049.40459309077,1035.9061503734,1033.4672688794,1050.89337217351,1027.98632925477,1012.51395826625,1007.35217901908,975,963.350531304786,963.517025724863,950.328890437411,935.199544095022,929.045208803102,924.759037890642,937.058216215638,939.749753223594,933.984900080544,919.008188557951,905.874920780024,921.741456801115,915.251468065519,915.796589501314,921.954445729289,919.204794842306,915.423196992278,922.046363341333,914.519673441307,919.865260904352,946.250507978654,962.094070244693,956.882960450232,951.290229794907,910.013736160065,877.852493303972,869.581391329784,816.19347306271,NA,NA,NA,NA,NA,NA,NA,NA,NA,NA,NA
NA,NA,NA,NA,NA,NA,NA,NA,NA,NA,NA,950.578250636122,965.012953280939,982.916497941613,986.320047715166,983.377109788221,997.895208467826,1028.72142036851,1040.73291482493,1051.18980208143,1060.39738719633,1062.82592608384,1073.29694871994,1082.36876211472,1109.38372613797,1102.27610716218,1106.71587597344,1103.57351258513,1104.48654551476,1098.90114248362,1101.75604832877,1075.78934003499,1079.64114408446,1085.18335468454,1074.97030133919,1070.04672795163,1065.91360932979,1054.63981602129,1050.29757688,1063.52406562404,1059.37009817907,1035.51462862912,1014.95733128344,1030.71189962089,1042.67899469497,1036.88884598258,1015.19702521235,1005.95718338912,970.69529204348,982.748586120391,958.427424100898,950.287750627738,952.931320392438,930.38970329642,921.655927990058,930.330849705597,930.028548059818,927.63681920499,929.174784837075,925.337776166087,924.855970388563,930.368697847634,920.911010550489,904.467020589669,895.108227035945,921.986347256716,915.453205034587,933.407735129724,930.38970329642,946.341617713245,942.403841248538,958.18839483684,951.314879522022,923.701138195888,896.172416446746,878.025999530636,842.820925032869,782.623792124926,NA,NA,NA,NA,NA,NA,NA,NA,NA,NA,NA
NA,NA,NA,NA,NA,NA,NA,NA,NA,NA,NA,NA,951.699260058062,972.432516938836,980.433577556379,989.002022242624,983.583187137515,1019.80208641471,1040.68404230392,1050.98460640564,1071.40773142351,1073.13849445373,1085.41466730462,1093.44638643145,1102.46869214222,1102.51840165293,1096.58560997307,1107.29108882254,1102.55385356,1100.98596813054,1097.97214521144,1078.27183044229,1075.69370250566,1098.95481186898,1076.86949604944,1075.29065838033,1079.35012718647,1068.35480218908,1063.52628204615,1041.83934260463,1039.83171715427,1011.8706860027,1008.89761547729,1027.17529445681,1012.90853544448,1012.87750765504,1012.2447080062,986.011131950565,965.473595767534,951.314879522022,941.889635282628,926.350365682445,941.059896176244,927.159240379269,918.973822460682,927.887767959618,926.325050944536,933.858601902286,941.043257582439,936.99135306032,930.330849705597,927.756071698056,922.395718257461,903.076299045837,905.40414274839,909.87594355348,915.260090601017,929.183204684563,941.076511235936,939.747306460625,950.308320532574,951.129729987755,951.881141676849,920.507375587963,877.852493303972,863.133825081603,778.449247042417,NA,NA,NA,NA,NA,NA,NA,NA,NA,NA,NA,NA
NA,NA,NA,NA,NA,NA,NA,NA,NA,NA,NA,NA,NA,948.683298050514,977.740906308528,995.602947568603,1006.33066025797,1012.90853544448,1040.20968952227,1051.18980208143,1062.1322893124,1073.54552767919,1063.57295549076,1075.02047799087,1089.1510455396,1102.55385356,1102.44018727442,1109.71498943995,1104.99200802727,1100.10883343471,1093.37055256708,1085.41466730462,1081.58581633587,1093.6807652989,1076.93827513416,1076.14037489851,1075.12274063317,1075.29065838033,1033.40666604774,1007.78221853732,1007.78221853732,989.463914559164,989.421546774654,995.450053453385,982.232540858449,995.072778977121,978.988857862649,970.598012225785,965.660395791398,941.740176242237,925.337776166087,918.52362479225,925.125732788051,905.77115340633,907.385879028444,921.954445729289,925.231754477069,940.976679472526,921.903546452274,924.032622788301,921.715944074675,906.219825484095,916.65061732523,909.979370062796,910.013736160065,909.979370062796,917.196816392207,938.215556064679,933.332284333891,958.032975921744,944.905128688912,939.414711402797,935.124093299189,897.53131012321,867.492063551646,807.658175228794,NA,NA,NA,NA,NA,NA,NA,NA,NA,NA,NA,NA,NA
NA,NA,NA,NA,NA,NA,NA,NA,NA,NA,NA,NA,NA,NA,965.012953280939,988.418481581343,974.766509894785,1007.75119074788,1063.60236930913,1051.18980208143,1061.86615813561,1053.8619454179,1063.53617904381,1054.89557093328,1082.22134125835,1081.63646107178,1101.27673880023,1096.13975604497,1082.21051738303,1073.30754434137,1079.21378030863,1076.13310843901,1078.03704646696,1085.41466730462,1069.99552235557,1063.2063067113,1066.68516651061,1078.48261275624,1061.09421705108,1015.84499683518,1002.77735469634,988.950569216836,991.241305463673,988.587784610029,980.369747136979,976.281209488332,951.971638232989,946.681768513443,933.407735129724,951.314879522022,926.350365682445,905.883546599672,905.883546599672,909.901855601407,912.658459781667,910.013736160065,921.903546452274,925.831413555312,923.607459586826,930.38970329642,925,901.734439843572,903.318065068912,907.836564094863,905.823096684171,917.528887323973,915.491671180028,933.407735129724,942.403841248538,930.330849705597,928.02713981604,933.407735129724,905.874856739094,854.313326241973,822.344210169926,NA,NA,NA,NA,NA,NA,NA,NA,NA,NA,NA,NA,NA,NA
NA,NA,NA,NA,NA,NA,NA,NA,NA,NA,NA,NA,NA,NA,NA,946.614957393137,976.265194369728,1012.72960010128,1019.75789648997,1050.6263577937,1040.43260233424,1051.48704224065,1063.60236930913,1062.10985608859,1067.82432542798,1088.96390396709,1077.57682959734,1100.28405423327,1085.32815688248,1064.12780942268,1076.49667358289,1076.92061693724,1077.75422739518,1096.58560997307,1075.05714892748,1079.10480321315,1085.0304688208,1065.89158249246,1046.72107077292,1013.16149712104,975.999503083147,965.207110391462,979.844812128725,961.524263962303,970.598012225785,958.163922114765,951.302554658465,925.0885270242,934.636115862596,917.877987534291,903.413606701792,905.216930721356,915.423196992278,900.290631592328,916.856041044612,930.360276501009,922.806403065437,920.663392088273,929.935862243893,942.915173173755,929.612777328359,916.856041044612,921.826985612172,927.698765763974,916.581728683489,919.204794842306,905.714523971028,922.293337284836,927.631296619874,933.323885798653,909.910481421055,885.975772572839,860.958767886128,827.314208009412,NA,NA,NA,NA,NA,NA,NA,NA,NA,NA,NA,NA,NA,NA,NA
NA,NA,NA,NA,NA,NA,NA,NA,NA,NA,NA,NA,NA,NA,NA,NA,NA,977.481642677491,995.056924402294,1006.23058987491,1017.49489182627,1035.75860641362,1028.62884214491,1041.54043641823,1053.5458200299,1066.19799266641,1061.09421705108,1068.76805448361,1065.95028026639,1059.91537232578,1060.34303119497,1055.01403648117,1062.99251480554,1083.72416144725,1067.88860073902,1060.42341253736,1043.05729868858,1032.90091766079,995.489518842518,965.08959420128,964.559055235455,984.534245473805,965.652302760018,952.451479312713,950.883934649309,946.074985961449,919.850433192292,911.149683712822,918.541391188299,903.084964570276,901.387818865997,896.172416446746,900.442886802625,905.73645793468,919.238815542512,910.013736160065,917.473034796093,925.142766811016,921.821137623387,933.407735129724,937.083240699566,939.373086863424,936.048829764794,936.423725560276,912.328593759487,916.581728683489,897.566153550812,921.954445729289,930.38970329642,897.53131012321,883.476670071113,828.02475808396,NA,NA,NA,NA,NA,NA,NA,NA,NA,NA,NA,NA,NA,NA,NA,NA,NA
NA,NA,NA,NA,NA,NA,NA,NA,NA,NA,NA,NA,NA,NA,NA,NA,NA,NA,956.865255143805,970.326592197586,990.541172418814,1007.78221853732,1000.42438726799,1003.92947586949,1026.96049542213,1007.65787697405,1051.37535567385,1049.96822309886,1046.72107077292,1046.66129222135,1053.63112480217,1075.10840362494,1078.01890970933,1080.90956887742,1078.46064825271,1040.58989388491,1026.21878758869,999.062060134404,975.746692043049,965.951582187099,950.23003471491,970.598012225785,973.2749972474,936.336136062847,932.12844809766,903.503406606021,892.271360258106,895.962207166283,893.17634464167,888.918621578668,901.446696115938,901.213803169345,905.77115340633,916.856041044612,901.387818865997,920.834740419054,924.986615569325,925.831413555312,921.920500351954,952.451479312713,961.647047017734,930.38970329642,927.959670671941,923.447625725149,905.883546599672,901.253040201232,896.146248273038,901.387818865997,872.13817712562,862.019777113528,823.58182679141,NA,NA,NA,NA,NA,NA,NA,NA,NA,NA,NA,NA,NA,NA,NA,NA,NA,NA
NA,NA,NA,NA,NA,NA,NA,NA,NA,NA,NA,NA,NA,NA,NA,NA,NA,NA,NA,903.280897592541,930.008615302497,954.787968951683,977.703961559572,991.526600752597,986.963502733985,1017.68195581815,1034.89073666793,1020.98792665347,1027.74023955472,1025.91422643416,1025.30483272049,1042.70185035583,1037.09327668759,1035.71303705003,1015.19702521235,1011.18742080783,1007.65787697405,963.229136081152,943.340073156417,937.083240699566,946.374661537385,950.328890437411,921.945781632311,902.166866425676,904.077128630776,884.528363132064,878.101383975395,883.387918377374,890.163174600493,896.023723304034,896.172416446746,901.340048049558,907.325915726077,893.727052188573,887.764045228235,895.965874000438,921.655927990058,921.757870757918,896.159332359892,923.388254159246,921.954445729289,915.423196992278,924.855970388563,906.540961010468,887.702329960424,884.021818625942,880.633564085979,874.472408318262,851.46931829632,827.362120812427,NA,NA,NA,NA,NA,NA,NA,NA,NA,NA,NA,NA,NA,NA,NA,NA,NA,NA,NA
NA,NA,NA,NA,NA,NA,NA,NA,NA,NA,NA,NA,NA,NA,NA,NA,NA,NA,NA,NA,NA,901.387818865997,936.082261342453,950.328890437411,964.890899599017,980.006940336303,976.281209488332,992.47166206396,1009.02180353053,1007.71235212669,1027.48814911216,990.159049480437,977.060795743214,995.347147401809,990.479260538369,980.270198521497,980.42560784736,945.05290857179,912.319997362848,927.968115076093,921.826985612172,922.293337284836,903.461225522505,886.654465250892,905.874920780024,881.521770534195,867.827747885489,884.590300647707,894.202365643142,891.762133392737,905.77115340633,905.874920780024,892.965676664762,895.696604791226,874.965117505437,886.920895521784,887.764045228235,903.413606701792,900.867487067226,901.725774319132,904.644323331902,909.919103956553,903.119593409422,886.494917822513,851.46931829632,844.770723108864,824.507121329015,806.980886122011,NA,NA,NA,NA,NA,NA,NA,NA,NA,NA,NA,NA,NA,NA,NA,NA,NA,NA,NA,NA,NA
NA,NA,NA,NA,NA,NA,NA,NA,NA,NA,NA,NA,NA,NA,NA,NA,NA,NA,NA,NA,NA,NA,901.283618100468,909.841382591299,947.536630127854,905.883546599672,921.954445729289,924.872961866218,955.059714746576,963.157353482716,955.24865872714,973.616395846071,992.47166206396,960.309477053985,951.569259856831,936.032131924228,915.414738889145,917.354239958331,901.426411532084,915.147740396616,912.319997362848,901.340048049558,887.73762891124,901.003179827684,876.427407147905,875.352606625573,866.665516437749,889.986467162047,874.039098110079,877.852493303972,884.532783433684,883.803783263365,887.667031009609,874.070457128395,866.629295950745,883.589843999245,893.194015212112,895.935790849288,883.883476483184,886.70739254841,900.220624461828,884.421855464113,869.581391329784,853.302408293801,814.324873745117,811.524845680789,785.015923405379,NA,NA,NA,NA,NA,NA,NA,NA,NA,NA,NA,NA,NA,NA,NA,NA,NA,NA,NA,NA,NA,NA
NA,NA,NA,NA,NA,NA,NA,NA,NA,NA,NA,NA,NA,NA,NA,NA,NA,NA,NA,NA,NA,NA,NA,NA,881.065862051443,905.492075203136,921.552673251048,919.918474648705,908.836364266755,926.248939972505,926.189568406602,929.994812065403,925.324996905601,921.655927990058,912.151652421076,876.302207173895,895.1946990831,883.883476483184,839.940311799006,853.610818112066,883.529852353615,873.212459828649,892.108450815609,864.867974983633,862.024301781158,869.245706995941,854.171210427477,853.256581043864,867.827747885489,874.224617365984,873.212459828649,861.264485564171,873.149741792018,861.974358263175,866.561974130457,853.302408293801,851.46931829632,862.951752517071,866.059029333227,883.874635879945,867.088940530239,863.36399887219,832.465946173254,828.462766111041,780.994912684781,NA,NA,NA,NA,NA,NA,NA,NA,NA,NA,NA,NA,NA,NA,NA,NA,NA,NA,NA,NA,NA,NA,NA,NA
NA,NA,NA,NA,NA,NA,NA,NA,NA,NA,NA,NA,NA,NA,NA,NA,NA,NA,NA,NA,NA,NA,NA,NA,NA,NA,867.827747885489,874.784654313954,882.143056963333,874.580169049266,895.88286355177,884.572630043594,890.066160381866,860.105002757265,857.63655003098,866.688043559365,855.113288967038,848.729372392932,852.53837275928,832.541290267336,835.510678729933,853.302408293801,854.529242276988,854.18902056307,840.340282595177,853.229037276074,841.643866385473,849.25518644176,854.984889293073,862.046982478333,867.656023385505,877.62435727677,877.852493303972,872.075381611137,872.030416394617,853.215247525929,851.182957359426,835.53874835342,849.264387573151,844.11853966196,845.946215784432,816.164671178195,794.895445007099,NA,NA,NA,NA,NA,NA,NA,NA,NA,NA,NA,NA,NA,NA,NA,NA,NA,NA,NA,NA,NA,NA,NA,NA,NA,NA
NA,NA,NA,NA,NA,NA,NA,NA,NA,NA,NA,NA,NA,NA,NA,NA,NA,NA,NA,NA,NA,NA,NA,NA,NA,NA,NA,NA,NA,861.974358263175,880.211326696048,867.41878714576,846.40048106972,834.506691023593,825.369231262991,818.91696770796,813.941029804985,824.961981907358,830.972596163716,803.429998891402,805.042682212658,807.774721070176,831.038506929733,825.378700960959,833.12147754946,835.360331551811,831.038506929733,853.190341029265,860.61818814459,854.400374531753,859.142013871979,855.843874191014,849.033149904337,859.091883308884,851.46931829632,850,820.032373201964,830.004766156739,803.26447287547,780.572143409836,NA,NA,NA,NA,NA,NA,NA,NA,NA,NA,NA,NA,NA,NA,NA,NA,NA,NA,NA,NA,NA,NA,NA,NA,NA,NA,NA,NA,NA
NA,NA,NA,NA,NA,NA,NA,NA,NA,NA,NA,NA,NA,NA,NA,NA,NA,NA,NA,NA,NA,NA,NA,NA,NA,NA,NA,NA,NA,NA,NA,828.188691211612,806.913302438973,813.719056794991,816.183876964207,809.503093036557,801.141905020001,790.430577751177,807.735997414168,797.19222328381,804.974581097452,812.498592705002,816.753001357294,826.499574468579,822.344210169926,832.137665306539,838.15273071201,850,849.264387573151,832.541290267336,835.463811901268,843.272851950373,840.386815698581,838.120055932528,838.516172541161,819.474670454962,806.157828809094,776.611228350453,NA,NA,NA,NA,NA,NA,NA,NA,NA,NA,NA,NA,NA,NA,NA,NA,NA,NA,NA,NA,NA,NA,NA,NA,NA,NA,NA,NA,NA,NA,NA
NA,NA,NA,NA,NA,NA,NA,NA,NA,NA,NA,NA,NA,NA,NA,NA,NA,NA,NA,NA,NA,NA,NA,NA,NA,NA,NA,NA,NA,NA,NA,NA,NA,NA,NA,785.015923405379,789.173727627305,781.334792376909,778.570341450637,792.161004665953,803.429998891402,805.062109405231,816.241385865725,818.878771920601,830.735468449189,823.397125289132,819.842930554664,824.507121329015,817.312529651879,818.91696770796,825.359761565023,832.137665306539,835.501280127344,812.061289100911,NA,NA,NA,NA,NA,NA,NA,NA,NA,NA,NA,NA,NA,NA,NA,NA,NA,NA,NA,NA,NA,NA,NA,NA,NA,NA,NA,NA,NA,NA,NA,NA,NA,NA,NA
NA,NA,NA,NA,NA,NA,NA,NA,NA,NA,NA,NA,NA,NA,NA,NA,NA,NA,NA,NA,NA,NA,NA,NA,NA,NA,NA,NA,NA,NA,NA,NA,NA,NA,NA,NA,NA,NA,NA,NA,NA,NA,NA,NA,782.91134122047,NA,NA,NA,NA,NA,NA,NA,NA,NA,NA,NA,NA,NA,NA,NA,NA,NA,NA,NA,NA,NA,NA,NA,NA,NA,NA,NA,NA,NA,NA,NA,NA,NA,NA,NA,NA,NA,NA,NA,NA,NA,NA,NA,NA
