"V1","V2","V3","V4","V5","V6","V7","V8","V9","V10","V11","V12","V13","V14","V15","V16","V17","V18","V19","V20","V21","V22","V23","V24","V25","V26","V27","V28","V29","V30","V31","V32","V33","V34","V35","V36","V37","V38","V39","V40","V41","V42","V43","V44","V45","V46","V47","V48","V49","V50","V51","V52","V53","V54","V55","V56","V57","V58","V59","V60","V61","V62","V63","V64","V65","V66","V67","V68","V69","V70","V71","V72","V73","V74","V75","V76","V77","V78","V79","V80","V81","V82","V83","V84","V85","V86","V87","V88","V89"
NA,NA,NA,NA,NA,NA,NA,NA,NA,NA,NA,NA,NA,NA,NA,NA,NA,NA,NA,NA,NA,NA,NA,NA,NA,NA,NA,NA,NA,NA,NA,NA,NA,NA,NA,NA,NA,NA,NA,NA,NA,NA,NA,NA,350.891721190455,NA,NA,NA,NA,NA,NA,NA,NA,NA,NA,NA,NA,NA,NA,NA,NA,NA,NA,NA,NA,NA,NA,NA,NA,NA,NA,NA,NA,NA,NA,NA,NA,NA,NA,NA,NA,NA,NA,NA,NA,NA,NA,NA,NA
NA,NA,NA,NA,NA,NA,NA,NA,NA,NA,NA,NA,NA,NA,NA,NA,NA,NA,NA,NA,NA,NA,NA,NA,NA,NA,NA,NA,NA,NA,NA,NA,NA,NA,NA,348.198474339686,360.555127546399,360.43433496695,363.896885284336,353.077616755756,353.553390593274,363.788276104645,364.60900211438,357.945526581909,384.415566277936,371.651718682963,355.316760088797,350.891721190455,371.651718682963,366.56303548493,339.944358679847,349.517188881768,357.945526581909,333.541601603158,NA,NA,NA,NA,NA,NA,NA,NA,NA,NA,NA,NA,NA,NA,NA,NA,NA,NA,NA,NA,NA,NA,NA,NA,NA,NA,NA,NA,NA,NA,NA,NA,NA,NA,NA
NA,NA,NA,NA,NA,NA,NA,NA,NA,NA,NA,NA,NA,NA,NA,NA,NA,NA,NA,NA,NA,NA,NA,NA,NA,NA,NA,NA,NA,NA,NA,331.789712853262,371.309063880436,395.284707521047,391.069309612448,400.156786569842,371.651718682963,400.622037032778,350.891721190455,386.368398403947,388.104367406501,373.215978991742,375,364.56370186599,340.036762718386,374.902044570103,381.608438061844,373.284005825018,362.046120592103,388.908729652601,419.076365356005,400.666688210745,348.209706929603,372.098587946272,338.304266297253,375.111979985256,312.906348770689,288.586944949744,NA,NA,NA,NA,NA,NA,NA,NA,NA,NA,NA,NA,NA,NA,NA,NA,NA,NA,NA,NA,NA,NA,NA,NA,NA,NA,NA,NA,NA,NA,NA
NA,NA,NA,NA,NA,NA,NA,NA,NA,NA,NA,NA,NA,NA,NA,NA,NA,NA,NA,NA,NA,NA,NA,NA,NA,NA,NA,NA,NA,347.335691810202,362.17194139463,371.651718682963,367.877423643991,382.756241897666,395.172204131024,427.200187265877,415.85511418921,402.595726817541,403.798126395321,378.710379385582,353.553390593274,364.005494464026,360.522507534343,390.359930837623,371.620079405749,349.056652695172,350.891721190455,360.555127546399,375.832409459323,378.235682541525,397.48112281366,379.585448195965,413.737969943313,403.887360535088,378.318648760539,378.318648760539,328.774292093854,352.935147352171,364.005494464026,336.368722754737,NA,NA,NA,NA,NA,NA,NA,NA,NA,NA,NA,NA,NA,NA,NA,NA,NA,NA,NA,NA,NA,NA,NA,NA,NA,NA,NA,NA,NA
NA,NA,NA,NA,NA,NA,NA,NA,NA,NA,NA,NA,NA,NA,NA,NA,NA,NA,NA,NA,NA,NA,NA,NA,NA,NA,262.669184353431,270.416345659799,353.752570821619,349.699501503252,416.082924427331,403.112887414927,371.651718682963,374.926507206323,395.284707521047,378.105107099572,395.123979471028,412.310562561766,375.81159922284,369.214844138292,350.858196012194,353.553390593274,333.541601603158,381.608438061844,372.39259507066,339.921098566051,353.553390593274,353.486848858203,357.912667000745,362.237181418742,381.608438061844,382.426463519459,391.311896062463,406.571687043173,371.480391281699,364.005494464026,333.541601603158,353.553390593274,350.891721190455,350.527943190115,377.543460034932,357.945526581909,370.861344783848,NA,NA,NA,NA,NA,NA,NA,NA,NA,NA,NA,NA,NA,NA,NA,NA,NA,NA,NA,NA,NA,NA,NA,NA,NA,NA
NA,NA,NA,NA,NA,NA,NA,NA,NA,NA,NA,NA,NA,NA,NA,NA,NA,NA,NA,NA,NA,NA,NA,NA,261.007662722764,237.170824512628,268.173153560289,288.736006502723,368.757028833492,390.512483795333,403.083732429079,388.104367406501,357.922436632314,340.036762718386,347.653467262866,378.139734331833,382.426463519459,388.104367406501,364.005494464026,374.81943909433,357.945526581909,390.512483795333,400.135976333359,369.214844138292,353.553390593274,346.677861603439,357.945526581909,324.939452648396,340.036762718386,355.316760088797,371.651718682963,373.689805436438,369.120576505835,313.249102153542,328.728069425419,337.723479671677,304.099398239347,328.823660949148,325.81502255042,353.397333321848,454.713388045895,350.354216529047,390.987064879915,402.965375023022,392.838942861619,NA,NA,NA,NA,NA,NA,NA,NA,NA,NA,NA,NA,NA,NA,NA,NA,NA,NA,NA,NA,NA,NA,NA,NA
NA,NA,NA,NA,NA,NA,NA,NA,NA,NA,NA,NA,NA,NA,NA,NA,NA,NA,NA,NA,NA,NA,269.051975915876,261.007662722764,269.258240356725,254.904674615244,319.98353412869,325.960120260132,356.409374835292,400.770732440197,402.295088641211,403.05457744323,371.651718682963,350,325.936117253629,355.316760088797,357.945526581909,390.492436868549,385.717258042262,361.675774412841,354.32419845751,371.651718682963,364.005494464026,357.945526581909,357.879807419581,371.460563077489,364.005494464026,325.960120260132,357.835723182193,360.246492030979,371.651718682963,355.260781505471,347.760403332924,332.03459709111,348.424311524838,325.936117253629,311.19080978453,324.780694150421,337.858964898924,403.112887414927,416.082924427331,424.452822185373,437.846954716499,430.116263352131,402.333924541061,395.284707521047,388.104367406501,NA,NA,NA,NA,NA,NA,NA,NA,NA,NA,NA,NA,NA,NA,NA,NA,NA,NA,NA,NA,NA,NA
NA,NA,NA,NA,NA,NA,NA,NA,NA,NA,NA,NA,NA,NA,NA,NA,NA,NA,NA,NA,NA,282.206984742538,284.974664286193,279.508497187474,291.466298011422,339.050869226776,324.426903733497,348.209706929603,375.832409459323,425.461567915497,427.200187265877,390.248760285729,375,357.912667000745,335.410196624968,353.873444208681,356.609101216659,395.235047377815,400.780488547035,395.284707521047,357.587292446952,381.201179240911,381.443227110298,411.142023667963,395.307391498933,371.243344718109,371.651718682963,371.651718682963,357.945526581909,380.56023187794,348.117032937163,340.036762718386,360.522507534343,357.945526581909,355.316760088797,319.685501681112,313.021327762576,301.039864469807,344.021073021354,390.512483795333,395.284707521047,403.112887414927,425.73465914816,446.822428425979,416.533745070095,418.696640235482,425.73465914816,360.555127546399,NA,NA,NA,NA,NA,NA,NA,NA,NA,NA,NA,NA,NA,NA,NA,NA,NA,NA,NA,NA,NA
NA,NA,NA,NA,NA,NA,NA,NA,NA,NA,NA,NA,NA,NA,NA,NA,NA,NA,NA,333.541601603158,309.130508703181,313.046971859537,318.97766485369,325.960120260132,317.898502043537,357.945526581909,374.934926871965,403.309892904041,427.200187265877,411.212148375411,436.606229914325,413.823633931171,360.489887522287,382.093816344118,406.815764243606,391.311896062463,369.120576505835,391.190602837455,425.214931922748,415.943593400013,395.284707521047,371.651718682963,360.555127546399,436.480246979986,412.243811966025,380.788655293195,360.555127546399,384.775203617364,403.887360535088,363.533051543872,382.007660166233,349.932777493406,355.206134116339,368.99269945479,378.180856698099,363.788276104645,353.996159929903,341.211886891716,335.410196624968,371.651718682963,404.468506738251,450.693909432999,427.931069215592,425.716292669456,413.823633931171,430.116263352131,436.488654381219,381.608438061844,371.391216043862,359.217707052098,NA,NA,NA,NA,NA,NA,NA,NA,NA,NA,NA,NA,NA,NA,NA,NA,NA,NA,NA
NA,NA,NA,NA,NA,NA,NA,NA,NA,NA,NA,NA,NA,NA,NA,NA,NA,NA,334.979892997693,392.590705992558,355.316760088797,357.945526581909,347.162338447354,347.013577158463,396.50275762195,381.587943492628,388.020321948167,395.284707521047,432.134274629043,471.649264080294,475.657439761011,490.91964399186,447.213595499958,425,413.78285480015,403.112887414927,381.608438061844,382.426463519459,403.112887414927,431.566912540802,437.303513058421,380.56023187794,390.080273277409,436.44398075027,412.099982511099,391.107997361682,391.200828155676,413.591897351045,391.190602837455,325,392.091857121472,403.112887414927,364.005494464026,427.200187265877,402.610669382503,395.185387234583,392.091857121472,357.945526581909,364.805232014061,403.112887414927,432.626230664495,441.795199692298,402.580915416571,413.003956686781,397.064879346789,429.335651276739,407.596754049011,421.964137244953,387.859724440352,340.036762718386,381.279792087181,NA,NA,NA,NA,NA,NA,NA,NA,NA,NA,NA,NA,NA,NA,NA,NA,NA,NA
NA,NA,NA,NA,NA,NA,NA,NA,NA,NA,NA,NA,NA,NA,NA,NA,NA,381.814988958572,403.003602713277,416.054683296129,401.917532995133,375.832409459323,350.891721190455,408.098961548427,416.082924427331,426.072591292115,425.73465914816,434.55898175664,450.693909432999,480.168787994365,499.976518389116,503.115294937453,480.884601541784,458.938993767145,437.321392113398,449.841517401417,395.284707521047,388.104367406501,415.988615380692,431.034549896665,448.206817788716,479.596475637335,467.038542306735,422.296693453124,381.608438061844,381.536237704312,379.922421044925,402.410065229554,403.015035166254,416.082924427331,431.457744408929,406.970514902493,340.036762718386,418.963291872448,403.672294209737,512.645077280743,418.481573910131,409.992237024307,390.310333288436,416.080482752929,437.24946111874,455.971117301629,403.112887414927,395.284707521047,416.082924427331,395.105199018184,416.082924427331,437.321392113398,433.306613090714,415.967897890286,412.933213915016,406.970514902493,NA,NA,NA,NA,NA,NA,NA,NA,NA,NA,NA,NA,NA,NA,NA,NA,NA
NA,NA,NA,NA,NA,NA,NA,NA,NA,NA,NA,NA,NA,NA,NA,352.122234667808,403.112887414927,412.310562561766,406.970514902493,427.931069215592,410.030486671418,425.3990567335,450.693909432999,428.577882677073,430.061633498718,464.804214875413,469.707355701398,482.830197895699,474.250360191275,498.121471129282,491.172067609712,515.388203202208,514.551812133214,501.48951222109,554.632149805869,430.116263352131,471.462434106631,500.62460986252,502.493781056044,526.846473756717,499.635304899342,491.172067609712,455.002246730904,431.753384153172,395.284707521047,399.478500865392,394.932553499959,446.100612163414,414.476636937008,430.116263352131,433.2801220512,450.436688856988,388.104367406501,432.388856690659,492.597021698235,498.767347735825,500,482.164622692616,459.534102321284,450.669614324343,436.316074166466,448.786595999983,445.112345369121,417.68627075383,430.116263352131,410.030486671418,442.835589981996,450.185616648479,448.914776455381,435.950636389951,424.161804408371,406.874074215303,480.868344448426,430.088948425425,NA,NA,NA,NA,NA,NA,NA,NA,NA,NA,NA,NA,NA,NA,NA
NA,NA,NA,NA,NA,NA,NA,NA,NA,NA,NA,NA,NA,NA,375,368.906440281849,403.867998707084,395.284707521047,425,430.768684779059,414.149588971229,415.969019308271,437.321392113398,454.713388045895,445.112345369121,458.904846217211,477.476197544551,484.08892195872,492.442890089805,503.115294937453,485.41219597369,485.379920997715,506.211418282915,506.134015199278,483.688437763301,517.303253556617,475.171183511295,491.722064572172,514.666659591282,480.884601541784,505.233169334062,498.074330126849,482.830197895699,492.981262119035,468.231451557547,421.766290773889,420.606179950833,430.72623028422,431.034549896665,442.984521111507,437.321392113398,416.082924427331,395.284707521047,504.054856929988,501.518706282008,483.010297022883,496.23583103198,474.341649025257,450.6241398822,461.324614126468,458.790459376841,436.478759775027,450.179468280977,445.112345369121,460.977222864644,427.931069215592,445.112345369121,395.284707521047,416.082924427331,434.335955102725,455.554916611861,425.418584662706,491.100069214262,477.62432936357,425.73465914816,NA,NA,NA,NA,NA,NA,NA,NA,NA,NA,NA,NA,NA,NA
NA,NA,NA,NA,NA,NA,NA,NA,NA,NA,NA,NA,NA,388.234497056939,403.015035166254,386.060460928588,388.908729652601,383.612650795428,425.73465914816,440.752961198538,414.149588971229,437.231328003882,440.341411597832,431.179812837965,469.707355701398,492.442890089805,460.977222864644,514.67438093977,491.172067609712,500,508.010553157642,505.593710403917,503.101352509937,499.752928972593,500.435921443029,460.977222864644,500.129017525046,503.109160133218,502.493781056044,506.19597558594,506.211418282915,506.211418282915,492.442890089805,482.830197895699,503.115294937453,471.582543745428,460.229418108192,406.678369717957,418.172344697512,442.295150323853,424.628558844013,429.328965837403,418.757020661703,469.48910238048,479.213712050449,476.017508975124,471.69905660283,450.693909432999,460.874623290172,458.489606744033,460.977222864644,460.977222864644,424.161804408371,449.921980435828,460.977222864644,480.020936277348,471.69905660283,442.677033459708,427.916278010794,444.007650773198,492.756004201015,465.026880943457,475.756042230854,460.720140028853,425.73465914816,395.284707521047,NA,NA,NA,NA,NA,NA,NA,NA,NA,NA,NA,NA,NA
NA,NA,NA,NA,NA,NA,NA,NA,NA,NA,NA,NA,413.575227096269,416.346513716543,415.931613483433,395.284707521047,388.734870531944,416.352587025326,422.322283579681,447.134674037907,441.477241704888,442.921307230531,465.210480126979,480.169068096366,515.081380495589,525.339733594753,548.048396879706,502.493781056044,491.791593568758,493.0770730829,515.388203202208,534.90603202367,528.815900464734,515.388203202208,480.884601541784,483.091803827338,499.570754947393,486.028334575748,515.388203202208,514.67438093977,506.118477352243,492.772261294373,497.96843305704,474.341649025257,497.644733776379,492.442890089805,480.102730781138,445.378484262032,374.068086991792,406.853484800836,413.785807146936,411.412814545851,413.823633931171,467.038542306735,454.713388045895,480.884601541784,458.938993767145,460.720140028853,445.112345369121,452.769256906871,460.857972037337,443.001128666734,447.213595499958,459.396270312799,450.740725829462,459.619407771256,465.026880943457,447.562622731598,496.23583103198,496.23583103198,492.714036913034,480.868344448426,500,465.026880943457,430.823454831608,450.693909432999,390.904098660902,NA,NA,NA,NA,NA,NA,NA,NA,NA,NA,NA,NA
NA,NA,NA,NA,NA,NA,NA,NA,NA,NA,NA,371.98679545924,380.726702220272,403.112887414927,403.112887414927,416.082924427331,430.116263352131,442.295150323853,431.566912540802,425.73465914816,427.200187265877,432.104804730856,447.213595499958,486.028334575748,503.115294937453,541.606076393686,538.51648071345,522.015325445528,527.203477102681,544.420525774717,530.203663580876,538.273275953215,525.594901040716,531.359480896832,520.053036620141,513.917490004998,480.234317807464,456.138273768124,505.523789023868,498.058416153702,515.158783579225,509.008483161063,476.691879795155,460.977222864644,487.636543992752,503.115294937453,502.990449342248,455.707024730926,443.001128666734,427.200187265877,407.993671523093,430.116263352131,429.888429337021,439.723743056124,437.303513058421,460.977222864644,457.870646046825,436.796928460039,492.023253831585,460.720140028853,477.62432936357,460.94327748731,446.136704807904,458.592206318505,452.700025484199,468.281661565358,455.751061782831,480.053968682628,498.121471129282,493.0770730829,515.158783579225,517.741900960103,498.050488866288,481.532257851581,477.62432936357,477.62432936357,447.187329873322,386.640950090773,NA,NA,NA,NA,NA,NA,NA,NA,NA,NA,NA
NA,NA,NA,NA,NA,NA,NA,NA,NA,NA,NA,343.136689335124,390.318577747891,415.920798964676,442.152927313615,458.659834218985,450.588536074162,427.200187265877,439.728220186018,416.082924427331,413.823633931171,427.135090443081,436.606229914325,496.519950983491,525.467317317735,530.293154538077,558.748889640237,513.096184927349,515.388203202208,528.953527480611,517.610232813101,530.330085889911,543.404642849992,561.467318321867,547.975019576988,530.077241271841,559.016994374947,480.234317807464,480.884601541784,561.345062276655,491.100069214262,515.370851869994,477.426405022016,460.977222864644,497.155080579415,494.974746830583,493.053260514486,473.611284290058,463.948128601975,469.092687282871,437.321392113398,482.284261332335,450.693909432999,443.758973149384,480.234317807464,460.951745000926,452.846473148189,452.769256906871,464.680562333081,494.671133107211,485.106758809827,442.639314766008,437.303513058421,450.693909432999,472.44050641466,459.464335117865,469.707355701398,480.768120731744,480.234317807464,480.234317807464,520.21630116712,515.388203202208,506.211418282915,501.8575907666,496.23583103198,485.41219597369,491.172067609712,409.685436382019,NA,NA,NA,NA,NA,NA,NA,NA,NA,NA,NA
NA,NA,NA,NA,NA,NA,NA,NA,NA,NA,328.823660949148,335.173944715848,347.129241310799,414.925038048049,425.725475908808,442.992303937448,425.697894387254,406.9319754729,432.205208973836,410.030486671418,400.643094021385,410.030486671418,436.371078848113,477.888667808657,585.793154194836,542.704231858797,541.628161245265,515.388203202208,510.68510093107,544.40226394163,518.719536505638,538.51648071345,570.511855886256,553.33476821018,569.815276205031,531.366153268362,540.599556302527,571.166212049399,550.567888638631,536.05342346963,528.528478567236,514.78150704935,503.115294937453,480.884601541784,495.379508690063,480.551331127945,494.735683059161,488.220133396251,530.211706268681,515.273493390716,514.049635481148,487.244111414432,480.802814635327,485.41219597369,437.185937525315,447.161064246687,450.341717445032,447.213595499958,465.026880943457,475,447.108283829127,480.884601541784,458.938993767145,474.341649025257,498.074330126849,514.596738211233,459.619407771256,474.587627073691,447.213595499958,485.106758809827,518.385580758834,492.442890089805,506.211418282915,512.773028146751,495.876370249149,498.375360711868,475.657439761011,416.118035222256,332.488169310149,NA,NA,NA,NA,NA,NA,NA,NA,NA,NA
NA,NA,NA,NA,NA,NA,NA,NA,NA,304.099398239347,318.198051533946,360.555127546399,380.788655293195,386.449426730612,417.68627075383,436.606229914325,428.621774357926,442.134901736857,425,415.123214755171,382.426463519459,390.452280885612,413.652305955454,566.326792501452,580.7122355096,583.871245251942,550.567888638631,484.978217391931,497.620093082978,514.365006151348,480.884601541784,482.830197895699,555.090082779363,555.090082779363,558.475779115693,553.327822982195,561.721188311397,506.211418282915,514.830424949225,498.074330126849,535.023363975817,520.095598717998,505.428304320924,500,480.884601541784,493.0770730829,477.62432936357,520.21630116712,535.023363975817,538.51648071345,529.621989947667,492.308196076124,421.417925970761,412.432897095803,450.693909432999,468.048094870402,436.321447464535,443.001128666734,450.693909432999,463.328975038996,472.682397731205,480.605170395774,492.463097085239,492.981262119035,491.035345737184,503.115294937453,450.588924944134,448.096045390337,450.693909432999,480.884601541784,480.884601541784,504.624655068365,512.95711321708,514.909393897952,480.169068096366,485.41219597369,460.977222864644,411.412814545851,377.809320706073,279.508497187474,NA,NA,NA,NA,NA,NA,NA,NA,NA
NA,NA,NA,NA,NA,NA,NA,NA,382.157094898546,373.17977620292,371.043203209295,382.562335850225,400.240264022754,425.73465914816,442.295150323853,444.899692482751,436.606229914325,424.897719794694,413.737969943313,406.970514902493,395.225054724476,388.694857470233,406.970514902493,490.841412889076,580.605403367667,584.562112200746,520.095598717998,505.638269491699,492.100757777892,515.158783579225,494.29906542857,513.345594149822,569.900242177441,555.090082779363,577.406929718115,570.087712549569,548.839933178678,535.023363975817,544.486766598833,501.927868540868,534.140027238165,525.146771219481,506.19597558594,520.21630116712,514.67438093977,539.675828623073,485.41219597369,554.686827685085,559.446200383461,570.087712549569,537.119630307502,498.121471129282,465.464242673238,463.201138302655,464.872864566617,466.887009320683,456.207189772366,447.213595499958,437.303513058421,446.751359290288,459.533780885451,464.5372823872,474.587627073691,492.981262119035,505.962028601641,492.442890089805,469.707355701398,458.938993767145,471.69905660283,502.280261242515,500,502.672717463359,531.507290636732,496.23583103198,512.95711321708,465.026880943457,436.606229914325,416.082924427331,368.957625959142,301.650342013237,288.736006502723,NA,NA,NA,NA,NA,NA,NA,NA
NA,NA,NA,NA,NA,NA,NA,NA,403.112887414927,382.157094898546,381.188299392911,374.81943909433,409.953697594714,391.984298265343,413.823633931171,439.746099240995,410.030486671418,424.888536555342,403.112887414927,406.874074215303,391.271801954264,388.104367406501,435.998838230511,430.952002599844,500.62460986252,477.575157123506,495.97894745239,501.55710855323,472.66457107783,515.319625054171,534.905508189129,506.134015199278,553.102864429228,582.906390288943,548.292804986533,520.770043908174,520.994907319484,478.34241989623,536.772763839597,536.814149298736,573.074152901822,534.438958160799,527.331060825662,527.075893379699,525.594901040716,538.517048833688,577.732206456991,505.593710403917,548.292804986533,554.629832098303,538.920143073482,529.442046252283,480.803094737328,460.67663610469,462.942426490397,460.977222864644,452.717373220024,427.931069215592,431.419829671656,455.758908417773,469.707355701398,469.707355701398,475.033351502811,493.069145795487,482.830197895699,514.78150704935,469.707355701398,480.876472995105,492.576286946036,502.493781056044,492.756004201015,510.139946875279,542.388783898728,548.159204284514,495.842058277108,444.999157378466,414.196743494549,417.579644891668,357.945526581909,369.120576505835,346.873002311812,NA,NA,NA,NA,NA,NA,NA,NA
NA,NA,NA,NA,NA,NA,NA,414.989671606914,390.289882651996,382.756241897666,374.725137361601,399.100945219314,455.069613156289,434.55898175664,425.73465914816,446.966290415294,450.650081725624,437.321392113398,425.725475908808,445.112345369121,425.604090434419,395.284707521047,397.963900771216,387.962419809325,456.052010028057,450.215734510694,456.164215611548,485.883484156541,547.622787138401,525.398739169698,536.729028843003,515.380619500297,529.740502510427,558.775229803049,548.570511806819,536.320911914884,497.979506603295,513.166512423243,552.350008627007,559.016994374947,574.907652288583,545.578600012627,564.025708633924,538.51648071345,548.862460002504,575.903907844523,600.336208950963,581.972038842241,534.128367342917,539.455072333353,545.849931369215,505.554961287069,497.951740212531,500,492.828247744494,503.942652086731,486.828431418078,471.69905660283,460.951745000926,477.542262355112,480.884601541784,482.700051182396,480.884601541784,498.121471129282,485.41219597369,482.830197895699,492.290282936276,479.862017094353,480.868344448426,505.894833073651,495.632531010863,506.211418282915,531.956705965206,485.355601043291,482.758533413499,450.693909432999,450.185616648479,460.848681446749,424.822064322745,390.512483795333,393.97245052166,324.713451866748,NA,NA,NA,NA,NA,NA,NA
NA,NA,NA,NA,NA,NA,371.043203209295,382.240801931472,390.512483795333,387.859724440352,395.284707521047,410.030486671418,437.321392113398,391.311896062463,393.951955952444,424.257117688026,427.735812882419,409.532221145663,400.643094021385,431.566912540802,423.036728537068,415.988615380692,407.644974392606,412.166436636582,460.132796974675,436.470335279747,460.857972037337,477.054132419483,487.516385340326,534.420469666279,550.567888638631,527.178115330255,480.162190272983,504.434597099649,521.977231112426,526.462980933189,514.78150704935,486.33074695115,492.88545115517,545.950272412587,579.816582067459,557.00445218221,567.655268751248,566.761608000519,570.902454577553,561.805126356106,598.861966017203,554.038434280455,509.901951359278,533.825532990761,571.182982939793,517.969268741325,514.573256600349,492.124570346306,502.553860648982,480.884601541784,504.35259966948,450.693909432999,473.628768392443,479.154159351672,480.486081416847,480.884601541784,485.41219597369,491.172067609712,493.073407220148,480.087001087908,475.941955690184,487.516385340326,492.442890089805,503.115294937453,517.446136585584,537.570513221089,530.773774305386,493.0770730829,493.061218508073,477.125487983104,443.534429936133,462.951431178065,427.558131676066,400.437208984329,410.509683334604,321.612936949417,292.617497767991,NA,NA,NA,NA,NA,NA
NA,NA,NA,NA,NA,NA,371.651718682963,380.71629710203,368.906440281849,360.324097605552,426.436677424288,458.732866658792,429.988356768328,429.076880757172,390.512483795333,388.104367406501,402.767775869577,382.426463519459,392.091857121472,464.891694114152,412.310562561766,436.606229914325,431.034549896665,436.606229914325,427.620841943084,462.863630467905,431.557000840563,442.930131959817,482.765300893493,480.868344448426,515.388203202208,533.473160813134,520.155949942559,509.654402575297,515.273493390716,514.15150599643,485.41219597369,455.717165775915,460.926267137207,467.038542306735,540.832691319598,496.100535593752,553.363206755831,583.265755697577,588.430114796991,604.532541780331,594.243216200236,579.87067523716,564.025708633924,588.430114796991,529.740704671806,574.839215012071,515.388203202208,454.963571022238,500.396401469834,527.331060825662,525.460436043876,499.440608234089,474.964722020695,480.884601541784,502.493781056044,505.593710403917,509.901951359278,512.576499132706,509.75984533554,497.028486493858,498.082137075548,506.133775554378,500.825252541727,525.460436043876,534.303065333495,527.375577743225,514.78150704935,503.115294937453,492.442890089805,493.0770730829,437.031723789267,440.161260390066,406.737310873943,395.518136111788,441.119481825563,453.416501635607,375,NA,NA,NA,NA,NA,NA
NA,NA,NA,NA,NA,371.651718682963,371.651718682963,380.788655293195,351.867266930688,418.48400429982,450.526752966504,442.295150323853,425.716292669456,436.606229914325,419.076365356005,382.426463519459,378.318648760539,375.727892189914,391.374050720402,400.780488547035,400.780488547035,436.606229914325,443.238822613467,431.566912540802,427.672738990532,452.700025484199,439.736683065811,459.396270312799,514.78150704935,515.388203202208,515.660866127343,518.385580758834,480.488158526825,504.306129204144,514.909393897952,508.010553157642,492.442890089805,475.156263048586,492.772261294373,477.426405022016,516.495967342724,531.403997814395,552.500156781849,559.016994374947,594.885857855902,579.83691453458,594.031353937555,577.251331048657,548.199553565696,608.744734828686,607.346096214752,577.149486563639,552.096156232539,533.371950047151,515.227022925381,491.155565861006,530.330085889911,525.527668542296,524.811274391991,504.198044704172,502.493781056044,502.493781056044,504.043745729981,505.593710403917,509.901951359278,515.251046906134,497.581619066822,506.211418282915,491.028070818812,500,515.388203202208,525.527668542296,528.771383547171,509.721902616633,502.543270509203,507.625523453067,427.200187265877,427.558131676066,411.785595899284,450.693909432999,456.207189772366,460.977222864644,395.284707521047,306.297629939725,NA,NA,NA,NA,NA
NA,NA,NA,NA,NA,355.316760088797,348.209706929603,363.393363419823,413.360160770918,435.056172684561,480.803094737328,469.707355701398,469.707355701398,451.705641326511,466.903150400055,405.42893771879,406.922294558898,390.452280885612,425.73465914816,434.804768367447,463.268802143492,427.931069215592,407.616115877015,395.284707521047,400.71179128421,391.311896062463,450.693909432999,451.705641326511,477.575157123506,552.569033295408,506.211418282915,539.544906861516,471.240254815695,476.17700976057,491.845465228987,494.879679850062,450.693909432999,459.610902596204,499.646238207535,496.23583103198,505.593710403917,527.375577743225,548.292804986533,564.025708633924,579.755236928266,577.16981903076,558.918821585058,548.766737544199,559.016994374947,582.906390288943,610.286213010925,600.601440575433,555.090082779363,558.54069006164,540.722682330533,527.375577743225,549.966962293849,539.675828623073,534.438958160799,530.330085889911,527.241571435782,525.594901040716,527.375577743225,530.330085889911,532.61805895679,515.14334088225,501.528023196082,505.593710403917,515.077271423868,518.618925295826,520.363968398481,531.485205785154,506.211418282915,503.21295908473,511.643734818023,515.333844615278,459.962964488844,425.61401246415,406.893139573049,424.264068711929,442.170806368592,455.826525481846,443.001128666734,339.860804687658,NA,NA,NA,NA,NA
NA,NA,NA,NA,362.237181418742,347.220170523522,357.663834957447,398.945472746978,534.924270799133,527.286086786023,501.424602057808,480.234317807464,492.202572784953,439.37957861397,431.566912540802,442.152927313615,422.322283579681,410.030486671418,403.112887414927,450,437.321392113398,421.926719233344,406.970514902493,409.953987377195,409.661842192659,427.921933191221,482.435406505975,469.48910238048,501.953551568188,505.593710403917,522.015325445528,530.256223186243,488.33949066535,528.632294847009,456.164215611548,459.619407771256,477.359684687149,477.214325056583,485.41219597369,485.41219597369,500.62460986252,499.333722671144,527.375577743225,539.675828623073,525.467317317735,553.026537784066,532.907048436044,535.664516995853,550.525252922728,577.666625892852,609.276372811293,602.066741877977,566.793509788174,548.119631901211,574.172685160193,570.545489396019,569.949328572386,563.632386042739,548.24612890335,555.090082779363,521.849647389445,538.406780985913,552.268050859363,554.704726425456,526.448108407171,524.99400840118,497.995361178122,502.493781056044,496.23583103198,527.353319284443,515.373035798386,471.565033681103,512.95711321708,498.082137075548,548.048396879706,506.98952565956,480.884601541784,485.41219597369,480.884601541784,447.213595499958,458.380674670825,458.668773746474,472.987320408763,427.200187265877,360.555127546399,NA,NA,NA,NA
NA,NA,NA,NA,406.970514902493,429.141882852273,424.777073110683,412.080620683095,562.26263712855,536.772763839597,530.211706268681,507.501749061076,433.647575161927,447.213595499958,436.387106607346,427.032980349193,436.606229914325,424.154700396138,440.891323525748,446.015277432926,480.209555332986,464.80638866418,425.716292669456,436.525105332297,418.773719094667,456.770640311285,466.853063943348,480.753922497264,458.938993767145,505.593710403917,515.388203202208,526.207813487226,520.125561317745,486.292758009043,490.073939516425,458.938993767145,467.038542306735,450.501589913842,485.192913188405,474.917476415071,475.657439761011,475.974850458578,506.462491484911,515.077271423868,517.802252184664,512.722223400979,505.531750017255,502.843523348401,526.213303338189,537.855411055911,598.71317034539,605.18592184551,515.388203202208,561.805126356106,554.686827685085,561.534537514266,566.52944042846,571.182982939793,561.285266041244,546.813334000815,545.914594683757,539.675828623073,550.546570780679,550.567888638631,549.274394495314,550.146176882165,525.459733615824,527.375577743225,509.459570909361,520.069771087669,513.852577607206,540.799332162658,550.567888638631,561.805126356106,550.567888638631,535.023363975817,486.828431418078,502.280261242515,491.31194128193,469.707355701398,450.693909432999,459.270695594149,450.454821971846,442.912367703043,406.970514902493,NA,NA,NA,NA
NA,NA,NA,NA,406.874074215303,460.977222864644,514.772515231402,539.234316043634,564.025708633924,566.376831440653,559.016994374947,519.551579181365,430.061493299582,481.100092924881,471.224802833477,427.540556549247,454.719367816234,493.739468701338,437.177530124083,506.211418282915,484.801321645964,480.868344448426,459.282996837838,442.295150323853,451.764474588215,480.234317807464,478.479816599597,495.536217130511,506.211418282915,477.566120595021,457.544509466572,490.417196491086,497.58618576298,490.833374153559,502.990449342248,485.250124163986,460.29831531795,452.769256906871,467.025123432996,485.41219597369,477.62432936357,480.843848139556,506.211418282915,505.883059652914,491.607967612041,480.884601541784,465.745751563228,467.103987360481,471.630548192284,500.118618722234,474.341649025257,543.064427198245,575.643971828471,536.772763839597,545.306031941476,554.934392209941,551.660004232698,591.896689051456,580.267961425088,540.196579116664,548.292804986533,531.894171131174,529.740502510427,550.277984752438,551.346054667934,553.370327037714,516.327218189897,515.380619500297,531.507290636732,547.76987430545,559.008533154028,547.881497464229,549.72567919069,499.977730013724,548.292804986533,529.561098769075,503.028066412921,500.435921443029,540.496263480189,459.619407771256,503.115294937453,522.33863431122,507.02278312325,424.049803593102,412.310562561766,NA,NA,NA,NA
NA,NA,NA,370.386147594399,485.240781731554,509.794245335394,495.627072537629,601.748022598633,533.89812202891,493.471127690554,481.857399718741,477.542262355112,488.839883100689,471.066895596292,452.769256906871,452.743315063447,467.038542306735,484.801321645964,485.299006112892,485.217499308437,499.148307869167,505.593710403917,463.98244310174,459.396270312799,477.505433069876,495.704935256181,455.445376506761,496.147188166459,482.830024370571,465.026880943457,442.639314766008,460.977222864644,515.14334088225,512.341729204314,504.323522477354,493.677170250935,480.86816809398,471.69905660283,458.870698667276,454.062255375415,480.868344448426,480.234317807464,471.431010759376,467.038542306735,473.020352814044,510.368525643084,447.213595499958,424.888536555342,425.188476682833,418.778969633068,465.026880943457,538.51648071345,559.016994374947,564.081228988445,569.433829083933,525.594901040716,561.805126356106,538.51648071345,543.941406709174,561.31750397743,548.747627110261,551.186142159307,527.375577743225,530.330085889911,506.211418282915,520.095598717998,525.505411650836,536.537834187188,480.884601541784,555.090082779363,523.706448497971,530.203663580876,534.4343480337,539.675828623073,541.845674700644,505.666716689167,475,471.69905660283,502.493781056044,515.003498122152,525.594901040716,526.170157713538,515.373035798386,425.716276767707,425,426.805409056033,NA,NA,NA
NA,NA,NA,369.120576505835,406.433452147012,480.884601541784,480.884601541784,485.288740028619,519.374859273884,510.496462666132,492.155326000137,525.514127252153,498.121471129282,473.802339222297,403.112887414927,462.863630467905,475.371337475334,502.379197255487,505.277115273375,521.183999809527,525.148919480709,502.384473307875,471.505408267449,425.538356992201,480.436909176783,441.777320637321,480.884601541784,491.028070818812,480.351315156146,485.56647083606,459.619407771256,456.207189772366,512.880734170635,536.62641195019,525.290014257349,512.633185386653,474.233443811419,473.888287543935,443.001128666734,430.731313813623,456.207189772366,460.977222864644,436.525105332297,443.001128666734,426.99709171813,432.508851628272,437.013357310563,423.334803074383,496.583590098908,468.879827556722,471.69905660283,474.087085784583,570.322727462288,548.862460002504,550.266603440501,562.453459600876,507.998598909082,525.20257729868,536.633040554611,536.375845882006,561.805126356106,561.805126356106,548.862460002504,537.622825815601,520.363968398481,490.412359114827,492.355006413354,547.073917791195,484.62595921421,450.554370331402,514.930196890601,539.440973513359,539.69022888226,521.834479985623,538.51648071345,511.844258226451,498.121471129282,492.100757777892,498.121471129282,502.305805200408,506.211418282915,540.832691319598,536.772763839597,456.207189772366,447.213595499958,380.788655293195,NA,NA,NA
NA,NA,357.945526581909,391.311896062463,465.239689708549,458.575233629838,486.731995078878,521.232048290953,568.840927265008,503.115294937453,427.200187265877,459.195848413467,488.09870815866,498.121471129282,436.480246979986,465.073179711042,500.049602850046,516.249183920135,509.183369275334,514.720512603224,525.467317317735,513.915823024689,486.828431418078,502.431436529643,479.933978707025,460.917597450991,506.024489424425,502.493781056044,512.228974788768,494.822939968897,458.13670463994,488.586629974026,477.49200702536,471.431010759376,513.599247736702,452.769256906871,436.606229914325,430.116263352131,409.953987377195,419.022610854963,446.255442417274,437.195073549687,426.684762372023,428.494654004671,424.264068711929,410.311410428973,403.112887414927,467.747469210425,458.21842550677,461.079969577221,446.519278944656,482.700051182396,472.960016933526,497.690549389594,525.594901040716,492.240631450109,485.033609726688,539.36916206211,536.596957306368,526.953599866297,539.645633383948,524.651845711333,531.507290636732,539.471615173414,537.393744109935,506.203696934427,492.9740271919,485.299006112892,465.233162622562,473.973592993907,450.526752966504,485.41219597369,525.110313971771,496.23583103198,492.411119527803,492.072426071649,480.884601541784,492.756004201015,514.03053283618,510.767440670845,536.726258385413,548.292804986533,509.187792678623,466.853063943348,450,425.73465914816,375.664613635486,NA,NA
NA,NA,418.655281280883,390.512483795333,427.407055357765,436.543238447155,471.69905660283,458.73977045339,500,485.069367489418,452.423701692935,439.297224202375,427.014066957075,406.970514902493,485.41219597369,491.172067609712,501.764187775667,512.918923693857,509.794245335394,534.438958160799,522.77667173132,529.740502510427,502.493781056044,491.223069579402,499.970146311813,525.594901040716,482.740538419016,500,543.24295379608,514.78150704935,529.649716116099,424.264068711929,406.970514902493,474.046052280354,469.310543026081,475.171214131408,436.606229914325,406.970514902493,395.225054724476,424.622835214863,442.170806368592,442.983479208162,418.850218388891,411.135649081188,406.824442310225,395.125308074336,423.915210951546,390.44696247082,379.922421044925,403.887360535088,426.865773432509,433.431385782878,444.860941052007,446.284017779244,520.21630116712,482.830197895699,484.052644641667,502.753572151601,548.603810520277,506.071748072405,599.575120074043,590.021186060297,515.013503111851,549.209587198465,544.747203552515,527.196595828822,520.053036620141,515.388203202208,492.292100970546,513.68605904073,512.67042319218,505.593710403917,547.766787652737,493.0770730829,525.594901040716,500,506.211418282915,519.024333131789,515.319625054171,517.802252184664,525.594901040716,491.172067609712,491.172067609712,480.181717925911,480.884601541784,436.790430421246,400,NA,NA
NA,NA,415.963284563369,410.030486671418,406.970514902493,419.076365356005,429.95897973043,458.938993767145,540.317281565787,447.878647137096,399.780330793993,418.69335923068,407.163579587946,400.293290664775,388.104367406501,391.311896062463,502.041391491809,515.388203202208,497.906010259438,534.438958160799,533.962689286834,509.095010809386,525.594901040716,503.787172226751,509.49994456332,503.084161374016,520.257241808205,515.388203202208,547.812919316192,515.388203202208,538.406172058899,485.41219597369,455.898154881448,412.243811966025,451.705641326511,461.113080822172,419.038947344397,398.475571050352,375.81159922284,406.970514902493,425.358146334728,442.123359122223,449.393366478704,420.833136315797,403.112887414927,375.81159922284,360.555127546399,382.426463519459,406.938347429285,371.309063880436,402.286368273458,424.86029542414,427.200187265877,436.606229914325,445.085955160342,476.31673563691,446.966290415294,506.211418282915,471.69905660283,488.292131791701,524.880407529178,589.313400111327,587.841800122057,575.543221661067,469.707355701398,554.934392209941,564.646089730338,536.772763839597,531.507290636732,515.327425952579,500.307626092663,498.121471129282,527.375577743225,502.431436529643,529.740502510427,527.308574589503,525.594901040716,530.84026479829,534.438958160799,531.997811167917,540.19342627392,539.234316043634,412.690737364719,460.977222864644,428.621774357926,439.082583674991,424.08266122508,NA,NA
NA,NA,334.906113895329,320.019670747263,353.553390593274,419.779146539666,494.927304986891,477.62432936357,497.789776297317,412.310562561766,380.788655293195,419.630258724453,459.549976306405,450.227399617419,423.965231058174,474.114968284596,467.038542306735,460.578925405782,506.19597558594,498.121471129282,537.938273775669,548.292804986533,546.607599900414,530.330085889911,558.763131015636,563.997951355451,561.521351504436,531.044109155171,515.357814577393,502.493781056044,495.454468516811,500,492.124570346306,480.386917074855,442.224038818734,425.73465914816,403.05457744323,395.284707521047,371.651718682963,390.512483795333,406.970514902493,395.235047377815,406.678369717957,403.887360535088,404.899618359154,375.81159922284,363.788276104645,391.301903409124,364.627295231173,344.021073021354,368.575339586595,371.513011293756,418.806508092282,430.116263352131,464.529017554098,458.822721945704,459.619407771256,471.69905660283,509.290392253096,467.038542306735,501.806425139472,552.158343623231,588.311261096134,531.507290636732,555.005116806953,530.330085889911,559.016994374947,561.805126356106,530.211706268681,510.667532200014,524.628448440655,531.305802043801,517.681123710474,516.484644073571,530.256223186243,514.78150704935,553.285187266292,540.781942226098,550.417246039566,553.398590529466,525.505411650836,515.388203202208,467.086598138223,436.606229914325,461.102600559201,426.805409056033,427.863165783271,NA,NA
NA,277.779080411605,340.036762718386,347.129241310799,339.51025179956,406.612366575718,505.080563397458,450.693909432999,450.740725829462,415.758673502021,391.311896062463,395.185387234583,480.507217890424,480.296238819109,502.493781056044,474.536753625334,475.641003766986,468.048094870402,482.781557986851,474.341649025257,561.566699468687,570.667605582264,523.246258326539,574.892845355859,583.58818536523,577.129154096517,581.342699294012,563.575271960477,600.15181042871,527.075893379699,501.246890528022,517.802252184664,496.040378132197,458.938993767145,454.062255375415,440.752961198538,375.40579961142,380.674443585567,380.788655293195,391.311896062463,403.112887414927,416.082924427331,424.980981549591,425,395.917842245353,374.916292967074,360.555127546399,371.087960977472,355.116618579984,375.641443435411,331.380891205049,378.318648760539,430.061493299582,445.04191549299,467.038542306735,467.492380617943,450.693909432999,459.619407771256,469.673995533965,491.028070818812,505.406904422051,539.675828623073,552.772458282238,532.538299852464,595.648235202925,604.008688440688,599.211375516722,570.878833225672,565.596775463546,553.398590529466,521.771306140659,529.740502510427,536.711648240038,530.330085889911,537.850432844623,527.353319284443,536.772763839597,544.506381412349,529.681379391247,530.027924407925,515.388203202208,515.251046906134,484.55264186786,452.846473148189,460.977222864644,418.907220286149,427.098639492003,412.217570508348,NA
NA,316.227766016838,325,357.890624882051,387.594451560622,397.713849961923,465.026880943457,478.929323585517,496.23583103198,427.14518258423,464.083474794471,455.999082445654,501.172420724542,525.460436043876,500.72793355063,500,477.62432936357,504.306129204144,534.078392563838,530.074734208278,561.805126356106,582.574517556533,585.755382439074,600.402097745253,610.199234313156,585.755382439074,574.176400985276,570.087712549569,564.025708633924,536.571141849032,502.166444706098,503.028066412921,485.347472496612,464.931120995318,442.295150323853,431.566912540802,371.651718682963,357.945526581909,382.416238201239,386.469473657396,403.809688735386,406.970514902493,410.139557083296,388.734870531944,388.867007927968,361.664120657843,351.213859158114,357.945526581909,336.210845165384,350.620347228653,350.615870437439,353.553390593274,403.112887414927,439.37957861397,490.383251113751,530.211706268681,436.371078848113,436.606229914325,468.297182511041,485.299006112892,524.628448440655,534.328407446798,558.53198570985,500,515.388203202208,601.778265367632,604.656405311325,584.659468998912,517.955829827526,498.614100217777,520.21630116712,525.550156345776,515.388203202208,534.886135472327,543.355772128113,550.567888638631,514.567254830189,553.327822982195,503.505072459997,529.710940950837,515.057659239805,512.576499132706,483.091803827338,431.566912540802,447.401277283074,459.422212156223,450.693909432999,430.958810776964,NA
NA,324.949318402751,355.370412092381,328.823660949148,366.530180816271,375.832409459323,488.220133396251,491.172067609712,497.962605189837,470.510024627691,429.614118935114,525.594901040716,497.822138490359,497.582319654591,526.706803546207,514.074102912794,510.794815681096,527.375577743225,561.322583782196,553.055521481807,576.484854368278,567.662901669458,617.454451761423,606.987852469903,600.903019284212,605.049138024944,588.430114796991,583.09518948453,579.87067523716,502.946564429704,521.992837642047,520.363968398481,504.827201287648,466.629926484892,450.205579098591,426.439920866195,379.522776945209,403.867998707084,390.452280885612,381.608438061844,415.386580594574,410.030486671418,411.093735539888,388.255124853989,357.890624882051,340.036762718386,350.824670833934,333.541601603158,315.302052453403,320.156211871642,325.468058626815,355.139083759817,393.552311852728,435.957034390033,527.375577743225,458.721445044903,447.108283829127,450.693909432999,472.199113496942,480.753922497264,516.445894956722,500.114573981482,506.211418282915,567.073530176931,585.513088092201,585.768725692999,626.845833744388,617.121897934381,561.577383115368,527.314027816682,485.135432299979,529.740502510427,521.922916707423,515.388203202208,525.594901040716,548.855339314804,569.810944595203,546.596111720583,515.388203202208,498.121471129282,506.211418282915,515.265772042229,480.884601541784,457.870646046825,426.051731457465,478.205681129138,427.172684925053,436.371078848113,NA
NA,330.394878144533,357.835723182193,350.891721190455,371.651718682963,388.104367406501,460.367948040886,472.852898063768,495.688476481812,485.379920997715,478.558989793786,515.081380495589,514.659518157098,521.094631544822,509.716747101698,515.158783579225,526.948193676705,527.6158817572,555.090082779363,653.946208709931,631.032724274361,650,640.800280898815,632.455532033676,605.108267022863,618.440559040618,612.882533606563,600.55031853791,530.330085889911,541.216714152643,537.231740512756,503.115294937453,503.115294937453,482.830197895699,442.921192432329,436.606229914325,403.112887414927,419.076365356005,381.608438061844,413.652305955454,399.478500865392,395.284707521047,387.941969172884,382.017450790651,368.731396858021,340.036762718386,325,324.939452648396,285.043856274785,301.039864469807,316.089467571544,339.68484665693,364.005494464026,410.030486671418,431.095251863196,502.428848558042,459.619407771256,427.578383333482,452.769256906871,492.442890089805,547.766787652737,475.085235189658,621.910096580461,580.319584545278,583.630876496438,583.20983464497,604.303127495839,603.696456271129,583.305964903493,548.632794218018,506.133775554378,528.823916774739,526.172705667719,515.388203202208,534.128367342917,550.431737888436,570.087712549569,548.292804986533,516.758365642798,520.363968398481,480.234317807464,477.945878784237,477.62432936357,480.884601541784,452.769256906871,456.069357763882,445.059564951562,423.090387226216,NA
NA,334.705058584217,325.960120260132,353.553390593274,285.043856274785,378.221613555149,452.769256906871,480.803094737328,515.186914071756,506.0234263995,497.659965409923,491.172067609712,446.621385348295,495.495221919038,497.995361178122,500.252972218579,528.519344710672,555.090082779363,558.946764326879,570.361661537618,675.088540214711,668.595068234161,654.48180243187,656.124435559501,649.037749287358,640.757495377568,632.455532033676,561.222236196686,527.196595828822,598.673091334663,526.548528677447,486.632457069742,482.830197895699,437.321392113398,430.061633498718,447.213595499958,424.682764064044,400.38048816668,412.310562561766,425,411.879645960548,409.953987377195,378.256492778009,381.608438061844,357.835723182193,335.327864929021,313.046971859537,302.050242218113,292.42815673066,279.424135393529,316.099976381561,317.689151890596,371.374303904549,413.823633931171,447.107622326717,487.60655053308,491.791593568758,485.060527425847,460.977222864644,492.442890089805,592.22361362797,572.20489120098,527.375577743225,583.630876496438,594.243216200236,602.079728939615,585.742002578042,594.223469492189,583.09518948453,555.068939126239,527.196595828822,548.292804986533,523.655967932854,502.337332305443,513.599247736702,555.047795473115,555.068939126239,550.510893051848,512.010533945917,503.115294937453,525.460436043876,500.62460986252,455.096973559746,456.164215611548,452.769256906871,450.693909432999,450,413.823633931171,NA
NA,325,303.877877000672,301.039864469807,355.370412092381,394.963251421008,475.591950596634,456.207189772366,515.807221226325,497.732934519,505.414674051473,492.88545115517,490.791933099598,459.465186317042,514.659518157098,520.287671342986,528.901811260081,538.472887791604,545.682363763607,608.121339927567,588.430114796991,680.073525436772,659.455186055832,670.820393249937,678.886332779549,659.923971579658,607.118207676148,625.751135420011,604.80249540011,514.365006151348,561.637250266687,466.887009320683,480.234317807464,465.026880943457,452.769256906871,463.069757576258,425.716292669456,437.24946111874,444.899692482751,447.213595499958,403.500123975008,406.970514902493,412.310562561766,395.185387234583,388.104367406501,371.043203209295,368.906440281849,319.136323053422,285.043856274785,291.547594742265,296.628731016461,340.036762718386,364.378223618767,406.970514902493,426.467423207018,455.156658602127,449.772152545453,425,502.384473307875,506.211418282915,575.165792541636,605.18592184551,585.234995535981,577.16981903076,581.999908307056,612.882533606563,601.027760095182,584.673077979761,570.087712549569,579.208298405355,536.7508963413,525.339733594753,509.82327350444,506.211418282915,524.803029967502,534.342297030142,536.772763839597,515.388203202208,515.380619500297,498.121471129282,485.41219597369,502.493781056044,505.593710403917,450.606901584673,452.769256906871,456.207189772366,460.848681446749,425.188476682833,NA
NA,283.192500640289,301.039864469807,304.138126514911,329.502202981991,404.253875126961,445.112345369121,460.94327748731,467.038542306735,480.802814635327,436.606229914325,469.310543026081,485.135432299979,476.244456844125,485.970627014578,502.864339391089,520.148366240648,527.286086786023,582.259961701972,565.489010053022,604.687148687772,612.711995771674,625.77532298375,673.145600891813,696.712016970136,719.765482902527,690.171753433031,605.147094434187,604.061145627938,548.004803957859,522.935326548199,504.232638142554,485.355601043291,480.884601541784,450,452.743315063447,451.705641326511,437.068111461363,447.152114935257,460.367948040886,455.578646844107,420.075373365391,406.893139573049,425.568201803356,405.390398289198,363.919235291085,320.60244123,388.012921005084,285.043856274785,291.515441484599,297.237205093425,333.482627344983,378.255020541842,410.030486671418,436.606229914325,450.693909432999,460.7720237157,427.098639492003,436.606229914325,482.781557986851,549.005594134446,617.722542453431,561.805126356106,579.586776694055,593.767386781907,605.147094434187,620.488458583457,605.134107372548,604.669331122391,585.768725692999,561.805126356106,541.572353372446,530.330085889911,526.462980933189,498.050488866288,525.594901040716,515.388203202208,491.172067609712,497.962605189837,474.250360191275,477.359684687149,475.982989194413,454.4452491788,467.945661770074,480.169068096366,470.171668097775,459.619407771256,400.780488547035,NA
NA,276.134025429682,279.508497187474,328.787866690535,356.966737357922,408.240426038679,436.796928460039,499.953036778232,496.23583103198,505.523789023868,546.407429095234,478.479816599597,498.121471129282,492.442890089805,508.802573342003,505.593710403917,526.938737083626,548.661715785431,521.849647389445,547.961068961265,621.140809251131,666.765926150356,705.733211049243,659.852435457799,728.685849296348,711.285867030518,696.374483499538,637.377439199098,666.374590648185,561.805126356106,548.501872456461,506.19597558594,504.655193961403,464.673900419307,452.025669568133,425.73465914816,436.606229914325,436.714842053279,436.954871486373,445.112345369121,460.281342629283,430.596981613961,402.985880180405,370.140372093199,394.915820007982,312.569449536646,339.303239355554,344.042045310054,260.88565307033,254.950975679639,303.605741163904,309.028095485037,347.311099736245,407.596754049011,427.861507958244,427.931069215592,427.596628135545,436.606229914325,440.161260390066,490.869065344799,570.624969866361,552.218360285953,602.341822902744,558.98542800685,602.079728939615,620.987117418711,610.121579490508,612.03959358993,584.145041022261,577.16981903076,531.507290636732,477.62432936357,505.57764203581,502.493781056044,497.645687453033,482.830197895699,492.442890089805,475.657439761011,459.619407771256,463.932116092664,465.199217245227,465.689186641831,454.4452491788,456.207189772366,485.299006112892,485.135432299979,445.112345369121,406.970514902493,NA
NA,279.394845293378,300,408.468260673049,381.608438061844,475.473937049807,496.23583103198,452.769256906871,430.345537083233,491.172067609712,497.526975576681,534.964697999744,506.211418282915,506.211418282915,533.227071615422,536.772763839597,541.293830798191,535.023363975817,550.511011547329,566.789202437732,645.015409240765,657.647321898295,759.111322534449,715.93792803224,745.34420446328,740.301807454633,715.759614839162,618.581010403848,654.210755118166,573.487381032841,509.901951359278,484.08892195872,457.681233044347,420.440678008823,466.887009320683,469.707355701398,440.752961198538,446.966290415294,452.769256906871,456.120238221707,441.917776247404,375.832409459323,377.044451118666,357.945526581909,328.775865187283,284.905472297602,291.385001280578,328.334509118666,265.753645318366,259.199208123719,254.339416573456,301.863245676551,309.232921921325,371.651718682963,400,412.282061613137,452.263523227557,432.755847039574,430.079812401053,499.729735123074,570.246972332009,585.715279463085,570.635610525666,589.9346111031,593.103081126644,610.257050165881,590.021186060297,583.630876496438,583.292297397766,537.9170422346,512.865030953564,467.038542306735,505.051938140986,480.884601541784,480.679546446519,469.60615261354,464.5372823872,459.619407771256,450.693909432999,459.256731211203,471.649264080294,458.784750345639,431.566912540802,452.769256906871,477.62432936357,460.977222864644,456.207189772366,431.566912540802,NA
272.459135604556,297.228590409279,284.905472297602,335.410196624968,348.468407283033,440.341133100663,452.769256906871,455.005099314851,394.942800784567,430.561980372635,514.78150704935,514.14226958483,494.911450412064,525,548.292804986533,558.967907980003,570.621913076264,583.09518948453,596.343022093828,627.16690813729,668.184069949012,766.847129929083,749.719121596211,737.462793716042,726.929183409321,734.928376177598,724.828927482444,645.670067535907,638.947999314261,605.18592184551,499.635304899342,485.106758809827,480.169068096366,449.912514108334,447.213595499958,450.501589913842,465.026880943457,469.48910238048,436.606229914325,418.655281280883,406.970514902493,403.882611777833,423.071352758529,379.672384935687,315.92552502929,288.803162723886,285.043856274785,371.651718682963,279.045976325856,268.900558739798,230.488611432322,249.512215285808,313.249102153542,340.036762718386,375,387.797568457821,388.104367406501,418.371941608871,409.953987377195,502.065320366678,548.855339314804,562.805945805555,555.090082779363,561.566699468687,563.685247423194,604.565252259534,564.273509388938,565.685424949238,555.090082779363,529.710940950837,514.411969373116,479.854131885863,474.341649025257,482.758533413499,460.977222864644,458.938993767145,450.606901584673,464.316364667729,450.768992927753,467.038542306735,460.977222864644,456.207189772366,452.769256906871,450.693909432999,466.889239564275,457.538944219821,452.769256906871,456.207189772366,333.541601603158
NA,301.039864469807,299.714673623744,284.821110503657,353.520119725739,416.082924427331,429.778721152916,460.510171051125,441.902447117399,491.172067609712,495.354365827797,499.480066367907,508.369981535366,529.636862473684,561.805126356106,553.320636464303,581.48516748065,592.663479556485,609.665895433791,638.649738365211,651.920240520265,742.398520961441,762.126354199296,740.519907212917,719.512178194355,755.083604636446,682.367203197809,630.951173081849,624.816597259834,514.623462955747,480.386917074855,467.02103224241,467.038542306735,450.693909432999,458.773486688173,431.566912540802,442.295150323853,430.043361449975,450.436688856988,414.440352530154,430.116263352131,400.71179128421,332.980316693359,375.81159922284,334.512795742038,214.889360576458,270.416345659799,299.920296801027,257.390753524675,230.38601185785,233.829717972475,237.170824512628,309.028095485037,298.73386417285,325.960120260132,341.688719224551,380.788655293195,430.803114957162,431.566912540802,465.319025184988,527.081045942702,539.675828623073,539.69022888226,559.016600894953,527.375577743225,569.590742216323,498.097900628066,570.087712549569,547.832243030924,516.411646156047,493.0770730829,442.267493806678,465.026880943457,469.567830383334,450.693909432999,427.200187265877,447.833357850262,448.49324978483,456.138273768124,490.833374153559,478.384212046124,480.884601541784,380.193641711292,426.449104105547,475.657439761011,467.638423766134,450.620876993192,431.566912540802,NA
NA,265.594395654569,272.7081728299,276.134025429682,249.839635306408,325.960120260132,445.112345369121,444.917571537728,427.870691197596,497.424557750674,477.208151701097,471.649264080294,458.593327557195,479.795521306074,537.460154296598,548.862460002504,583.054883056438,596.343022093828,648.410886505029,660.277940677123,664.845827390941,719.809002444398,794.11900871343,750.416550990182,730.467881583594,742.041103982791,657.605638079756,640.714709856322,601.040764008565,512.95711321708,496.23583103198,442.841256197923,482.805877941275,480.009787483441,465.026880943457,439.746099240995,425.73465914816,408.462251139844,425.165507108593,423.393033487554,409.953987377195,397.963900771216,333.541601603158,340.036762718386,314.73843408519,308.445278460369,301.425197473116,308.155504205639,285.043856274785,265.634995753476,230.488611432322,246.221445044903,301.039864469807,320.156211871642,340.036762718386,357.879807419581,373.689805436438,412.310562561766,437.321392113398,469.257961388112,498.653041404495,570.710109637782,522.015325445528,515.388203202208,518.699906539857,524.364514466181,509.176517613841,517.263215547471,500,417.360113105846,471.582543745428,436.606229914325,447.161064246687,460.957808107208,460.977222864644,458.938993767145,460.977222864644,459.424482229738,445.112345369121,473.449868492759,509.809349230488,500.616100331388,403.112887414927,403.887360535088,474.341649025257,491.172067609712,453.261428982216,427.931069215592,NA
NA,250.623445264011,277.779080411605,312.991207098722,319.755759737724,340.036762718386,360.555127546399,371.065668389129,467.150436926172,477.62432936357,465.026880943457,450.588924944134,436.639119477348,506.172716741096,527.375577743225,550.525252922728,555.090082779363,612.569737685946,626.498204307083,672.542904601702,686.098307468962,741.936666991528,816.241385865725,794.11900871343,761.298291596486,738.644372652686,654.31261641512,604.864087790113,515.388203202208,534.402312316748,500.434454688909,446.948411360317,477.62432936357,454.062255375415,450.650405508836,455.045089872899,415.920798964676,390.512483795333,415.969019308271,395.225054724476,394.860195308794,394.95812093404,365.846943554331,322.368264796339,313.150094825055,284.667605553119,223.393081098131,285.043856274785,301.850292115675,206.040310341548,226.343133016279,230.38601185785,292.522827249326,338.142479928345,333.541601603158,366.259582373228,406.564146232124,436.606229914325,425.61401246415,458.938993767145,565.759344902806,555.068939126239,529.376553852328,514.67438093977,527.225735561462,532.362707275157,554.352703235897,536.320988851704,501.146070819243,479.016285821938,400.780488547035,447.213595499958,430.116263352131,460.580600927256,480.160659447686,465.026880943457,471.69905660283,458.938993767145,452.996244842575,480.551331127945,413.760912593611,419.076365356005,429.508286503459,406.970514902493,460.977222864644,445.242503965648,436.525105332297,437.141092902194,NA
NA,265.02981931932,257.390753524675,257.329759078549,309.028095485037,355.316760088797,357.945526581909,371.651718682963,426.308635648737,460.977222864644,452.577834118427,442.762437548993,422.924177153171,454.82068146161,492.442890089805,555.333793179305,580.267961425088,620.887317096583,651.676931664182,682.367203197809,711.615538180787,760.205781799153,782.623792124926,794.000242871059,760.345316287277,676.13872999182,686.131628173959,629.142644477211,539.675828623073,538.347524704532,514.909034248275,465.233162622562,458.592206318505,460.7720237157,466.836053593245,440.090263683149,402.797877324438,391.311896062463,391.231707846064,403.672294209737,410.030486671418,377.023640882183,385.480256115917,353.553390593274,335.410196624968,328.823660949148,285.377557245434,314.833993826588,279.045976325856,237.087296849125,220.579798855033,270.416345659799,316.153299420256,363.796814529929,325.960120260132,353.790390748767,406.920087703402,425,443.001128666734,445.112345369121,485.899741249899,529.634178269064,548.789836892978,515.251046906134,509.537011646275,515.006575937046,529.136832707764,538.377219426323,499.480066367907,481.499809350478,441.936048296147,437.321392113398,436.543238447155,445.112345369121,480.386917074855,474.587627073691,471.69905660283,462.98876803694,480.605170395774,472.820516017279,400,430.588364339317,420.120815888679,423.090387226216,432.160210056224,437.267075836532,434.086571227563,425,NA
NA,261.007662722764,319.64811543809,257.390753524675,295.103873334064,265.450168032503,310.890179824106,388.908729652601,382.426463519459,514.574253069545,425.358146334728,418.963291872448,499.646238207535,443.001128666734,491.172067609712,525.032910888134,604.183472732731,617.070083690878,672.668716843775,660.754312151563,692.025605615863,770.146090037468,794.11900871343,769.652851561286,784.775603344333,680.073525436772,681.263250537523,582.949745642261,570.511855886256,559.016994374947,525.467317317735,502.423325604261,480.884601541784,485.41219597369,480.843848139556,456.207189772366,386.10091197617,395.284707521047,382.416238201239,403.490443061006,395.185387234583,375.292306926308,388.104367406501,292.617497767991,361.008801634056,314.150908191734,300.690769467098,270.416345659799,236.877899649531,225.932694934394,201.556443707464,279.281193399282,302.076149339864,357.945526581909,348.209706929603,371.588440128534,418.696343765224,412.310562561766,480.201692951915,460.977222864644,477.62432936357,534.336236354027,509.901951359278,491.172067609712,500,512.95711321708,527.375577743225,517.741900960103,492.442890089805,460.960250175977,447.213595499958,443.001128666734,450.606901584673,447.213595499958,460.281342629283,480.234317807464,482.723333605513,465.026880943457,470.678309890846,459.619407771256,386.758111884173,418.160117810092,460.612960039112,441.90305541926,450.124838427564,437.321392113398,436.371078848113,403.112887414927,NA
NA,250,296.175076234442,316.227766016838,309.232921921325,300.458915937349,301.039864469807,376.442340825739,374.808764914673,412.080620683095,415.85511418921,496.23583103198,514.299543202836,495.455607279767,477.62432936357,535.794648857408,584.649248806484,601.215517151356,664.233857574116,686.373778195062,728.010988928052,750.112166040719,814.324873745117,805.870966995068,707.07360442375,674.678615222201,593.151333011196,626.032642814167,529.547373083805,550.551812493847,530.270896079296,515.380619500297,505.469482890382,508.010553157642,501.535830819363,452.769256906871,412.12884102669,403.015035166254,388.104367406501,412.310562561766,399.536373884835,391.149480471189,401.917532995133,301.511958036055,353.553390593274,265.694320535921,258.969227920626,247.487373415292,215.021680724987,223.374855622592,285.043856274785,292.069172467306,325.960120260132,369.120576505835,371.651718682963,385.315404764414,446.676622091163,454.474300584743,463.759474852217,477.62432936357,506.105264078871,515.388203202208,515.319625054171,491.028070818812,517.741900960103,526.48523939197,515.388203202208,503.037412564016,482.830197895699,474.283720358709,459.619407771256,447.985026588389,456.791969036495,474.341649025257,477.62432936357,492.442890089805,489.853250739284,474.268625502799,469.707355701398,482.830197895699,474.341649025257,467.038542306735,448.791726389484,442.473370665237,450.099146657773,475.657439761011,413.689749599718,409.661842192659,NA
NA,261.007662722764,302.050242218113,310.038938406538,316.227766016838,301.039864469807,310.557529759797,357.945526581909,413.360160770918,361.937160282544,360.489647953179,477.62432936357,474.341649025257,481.833079764317,487.898025976924,548.119631901211,538.311820842862,593.701363858206,683.208416042458,711.501414425048,738.540223912283,771.513496422395,769.527077733259,741.956684761589,707.91252954351,688.795389898444,692.990595718813,659.117837637191,606.323626689407,558.741672536774,548.185092781989,527.041190644716,506.211418282915,525.20257729868,520.363968398481,509.877927378525,450.693909432999,420.565540424392,418.53449009714,425,431.457744408929,382.385518313802,339.490643374032,304.50700059479,370.861344783848,285.043856274785,260.732471154695,201.556443707464,246.108312288249,275.80735011181,309.131196133125,352.955919010102,364.005494464026,381.443227110298,389.278324146056,395.284707521047,403.112887414927,436.606229914325,464.763414503361,470.209278367015,459.932630452176,530.322716097667,497.803739250392,490.284693597071,474.174593698249,483.148398757737,514.172658209644,502.493781056044,491.172067609712,472.306290068112,443.001128666734,437.303513058421,447.213595499958,476.27936056474,460.977222864644,482.765300893493,497.132881306737,477.558721129481,492.699517789419,501.869952399986,498.121471129282,490.870398543425,495.250684258426,467.038542306735,477.583295859341,486.78797400641,436.167983300367,403.112887414927,NA
NA,270.416345659799,305.163890393343,296.723401535126,305.163890393343,339.68484665693,325,403.887360535088,403.887360535088,368.99269945479,387.350396385886,452.769256906871,485.069367489418,492.137675782747,503.115294937453,523.070493973091,548.23569090427,565.685424949238,659.768465644149,715.638269601589,763.216876123687,755.810822891549,764.222673086018,790.420054543067,704.963857930084,726.859222126846,640.455194131325,632.763203936139,632.800629187123,575,552.268050859363,552.268050859363,527.375577743225,531.477860518062,514.635679397951,466.945803125042,459.619407771256,403.450467162888,412.310562561766,427.540556549247,363.929744865499,357.640477519675,360.224026851145,335.292070670408,347.889719171987,284.291534259906,291.547594742265,276.942384569232,295.781738482917,256.097869101749,348.107545126963,370.354508317185,381.483979069608,388.436325506837,392.595847149065,408.266518404343,427.931069215592,443.668532908421,448.910248542315,483.091803827338,466.93729794999,454.4452491788,529.710940950837,480.884601541784,478.479816599597,480.802814635327,467.038542306735,450.693909432999,500,502.493781056044,443.964838261964,421.623236745132,462.255550942704,486.028334575748,500,515.288160321899,548.004803957859,498.121471129282,499.480066367907,521.992837642047,512.95711321708,479.933978707025,484.682070818657,436.606229914325,449.982568185594,474.250360191275,452.769256906871,425,NA
NA,300.639964264932,316.227766016838,317.975320470949,265.02981931932,274.840263139076,363.610599775665,414.303126597533,371.620079405749,374.33024267324,364.627295231173,355.316760088797,425.285992229136,464.458587677967,473.251465001707,503.115294937453,507.147987268612,550.511011547329,601.040764008565,684.605118828592,691.465834296967,716.438075629313,778.806787435577,766.826635359867,726.679430581597,626.996810199223,634.482617595,608.789783094296,601.040764008565,583.415104584027,575.543221661067,552.268050859363,551.396717721238,541.769923288827,492.981262119035,452.769256906871,456.069357763882,403.809688735386,394.798400069504,353.520119725739,339.68484665693,363.919235291085,381.168364471898,325,315.919263875906,305.654535630594,284.905472297602,265.634995753476,288.736006502723,335.327864929021,375,412.310562561766,403.015035166254,393.248641648523,415.845143492727,406.970514902493,430.698947482005,459.619407771256,477.208151701097,500.530265652774,485.299006112892,465.026880943457,515.084855125779,491.846161791003,478.55562628826,477.359684687149,482.756858317485,513.376766413023,493.0770730829,480.803094737328,486.28962858547,436.44398075027,458.861872056392,501.535830819363,520.130731088269,520.363968398481,525.290014257349,522.015325445528,527.241571435782,492.442890089805,466.767758493376,477.414903776041,460.917597450991,452.743315063447,457.870646046825,473.020352814044,475.845916921453,437.26077673039,NA
NA,NA,310.653713534809,269.822816691974,291.268977812446,279.508497187474,291.547594742265,357.721667033615,381.430604553756,371.651718682963,390.990836835042,396.295960133888,403.112887414927,409.6120377835,458.681960079162,505.691437725184,480.201692951915,579.081228480894,583.469350059796,680.073525436772,740.227137855261,726.722092687432,756.637297521078,750.400666791588,630.971473206198,620.800352700687,624.74586663903,592.570623506229,601.300168206415,573.043778756644,570.073341093754,492.916538641958,559.016994374947,520.080431314176,500,479.993604120678,431.457744408929,389.278324146056,382.426463519459,426.99709171813,378.318648760539,334.861914101435,282.786368184059,281.175604831046,319.781403834685,303.823363220595,285.043856274785,296.216467606095,309.169236978744,324.780694150421,392.5110951685,424.92595456695,418.945047070384,406.970514902493,419.076365356005,433.968995694458,409.573788136388,465.047738658151,450.693909432999,431.566912540802,445.112345369121,525.20257729868,485.24153916086,470.690095665996,463.932116092664,456.076261558481,452.717373220024,458.938993767145,487.828935185497,480.884601541784,471.173927923584,480.843848139556,473.628768392443,480.884601541784,506.211418282915,515.388203202208,525.594901040716,503.371543607381,515.081380495589,505.593710403917,479.154159351672,492.442890089805,480.670772399118,470.781557175811,480.753922497264,477.62432936357,471.69905660283,NA,NA
NA,NA,292.841910269858,277.04791609533,285.043856274785,302.076149339864,309.232921921325,325.642344807468,387.898709297456,380.788655293195,409.87690851801,406.485217052467,388.908729652601,432.364223735581,427.163549062934,477.309393153067,500.698891986198,624.899677935468,657.884053293504,680.033222850488,728.826010850309,716.32743909472,736.825368129412,721.543484483091,660.018939122204,629.966953716104,617.454451761423,626.996810199223,600.001812309487,550.567888638631,562.547666288068,499.635304899342,526.846473756717,480.884601541784,459.619407771256,459.619407771256,442.921192432329,419.760233147548,413.652305955454,403.015035166254,301.039864469807,357.945526581909,301.54505334396,325.960120260132,305.163890393343,325.960120260132,315.661714976489,373.667915284431,333.423653086808,335.386839187196,406.874074215303,425.372353854293,436.606229914325,431.566912540802,426.354850809551,437.321392113398,456.207189772366,467.038542306735,512.612801751537,485.077503633431,480.819262019524,510.490956803062,526.64265847624,469.455157003145,485.299006112892,431.402739727282,485.34764602174,506.071748072405,477.542262355112,436.86287675915,447.213595499958,443.650069673662,480.234317807464,496.994390931986,500.522338365361,485.379920997715,501.4261113486,508.857310085996,493.198402570623,509.901951359278,485.299006112892,502.933946078353,497.866676205704,477.609399828825,499.570754947393,496.451999954987,443.001128666734,NA,NA
NA,NA,303.660769758908,285.043856274785,300.501580287749,292.522827249326,325,364.005494464026,395.284707521047,425.165507108593,425.73465914816,424.549262872562,406.970514902493,424.264068711929,428.577882677073,503.115294937453,536.358852272785,584.874507550674,675.462804305315,701.296499261247,709.899757348507,711.29280310214,718.646613431963,715.786772310573,701.78344238091,679.98692637996,617.3146796149,632.949445058608,625.49980015984,625,547.961068961265,548.079473136208,550.417246039566,493.0770730829,477.125487983104,474.341649025257,436.053470750846,397.064879346789,391.012235862868,419.440891883384,381.608438061844,340.036762718386,333.541601603158,350,388.561011411286,325.936117253629,350.891721190455,392.761954957695,380.56023187794,326.911830474574,409.482333689795,441.1304109869,427.200187265877,453.076294633552,476.291829072307,460.951745000926,500,482.66616236827,474.341649025257,480.234317807464,482.758533413499,495.666557011993,505.593710403917,498.562476952518,481.298017266435,456.207189772366,471.649264080294,467.038542306735,446.671423055883,427.800174316102,426.428896242601,436.606229914325,460.94327748731,493.0770730829,506.131560154592,485.253945910795,498.121471129282,502.848484816261,491.028070818812,492.442890089805,501.590452687677,506.156425606949,493.635073420212,502.493781056044,480.234317807464,452.743315063447,448.606797749979,NA,NA
NA,NA,301.039864469807,328.823660949148,318.472320620432,340.036762718386,395.105199018184,337.605670574388,398.717916116568,395.225054724476,413.048184854351,410.030486671418,425.73465914816,413.555865268265,489.244634528295,480.884601541784,519.866179095015,575.488718677051,695.071938722892,697.316284049068,707.990112925315,697.124769728008,691.238368519488,691.311934935258,686.235831078468,682.367203197809,679.153885360306,676.2260915837,650.480591562884,625.008260993801,546.756701977617,548.091841361153,474.341649025257,514.659518157098,503.115294937453,491.451049260232,427.163549062934,420.605149754692,375,407.682668985041,388.104367406501,389.75235183453,395.235047377815,408.397739237223,406.970514902493,400.780488547035,344.645334007589,401.881739337457,379.522776945209,420.411551426561,431.034549896665,436.606229914325,427.172684925053,479.246336905998,480.884601541784,485.41219597369,515.273493390716,502.065320366678,515.158783579225,490.833374153559,483.148398757737,479.254465452677,524.230126468769,525.861795901926,507.501749061076,479.96812625696,472.331435835153,442.841256197923,426.99709171813,442.403009583966,410.030486671418,458.938993767145,474.275584214696,485.41219597369,491.147602704523,464.925639491487,499.358541225631,456.207189772366,456.207189772366,458.398553725802,477.531338377064,502.12774316428,491.719595173307,492.752054298939,460.281342629283,469.302531156548,420.529494282743,NA,NA
NA,NA,NA,367.250071218955,413.823633931171,292.841910269858,392.230474751466,380.788655293195,403.112887414927,424.888536555342,427.931069215592,410.030486671418,458.938993767145,431.402739727282,505.348609240913,515.966958444254,558.80576673154,575.287557425046,680.073525436772,710.633520177595,711.512473537885,696.651668101439,697.316284049068,679.748767381011,660.492240681145,682.367203197809,679.153885360306,672.284711378019,625.49980015984,536.00873020068,535.013344037204,531.507290636732,522.015325445528,491.172067609712,529.740502510427,465.233162622562,363.280052403453,371.651718682963,360.555127546399,328.823660949148,309.130508703181,304.138126514911,398.245575575002,395.846649910009,378.235682541525,403.112887414927,429.472600087009,368.906440281849,378.318648760539,474.713442107457,450.693909432999,464.668556655695,462.863630467905,450.693909432999,482.700051182396,503.115294937453,540.774786054445,531.485205785154,521.902097792672,517.673322812066,509.901951359278,522.015325445528,516.445894956722,510.799810742561,512.576499132706,500,468.235070053594,443.633846148488,412.310562561766,450.693909432999,443.001128666734,460.951745000926,480.144481976334,488.870835186859,490.688718064606,477.62432936357,474.341649025257,466.995554378691,458.938993767145,456.051795683143,471.966573696779,474.341649025257,459.103060942169,471.649264080294,452.673545512649,403.112887414927,NA,NA,NA
NA,NA,NA,279.508497187474,304.086577085535,333.541601603158,357.581503261499,334.856169263183,424.8519091339,416.082924427331,426.072591292115,427.014066957075,419.076365356005,464.581548807369,450.693909432999,471.431010759376,547.843737009117,576.910303615934,588.430114796991,637.128401856127,660.14279665784,680.073525436772,693.271231193102,682.825014187383,688.248166650404,690.949698270791,691.465834296967,637.803945639726,642.64777396592,583.577233771043,527.375577743225,539.675828623073,529.740502510427,467.038542306735,482.830197895699,453.283909565786,375.727892189914,378.318648760539,348.555128400712,328.787866690535,324.780694150421,395.987324618468,442.8591352529,415.758673502021,400.780488547035,381.608438061844,425.73465914816,425.538356992201,456.207189772366,549.381573796102,505.632497089987,506.203696934427,521.970349838567,529.512424725901,536.50545683163,570.90929673273,570.087712549569,570.087712549569,585.768725692999,540.832691319598,555.019531981363,538.51648071345,540.387084136345,499.480066367907,505.570451559074,480.884601541784,460.926267137207,436.606229914325,443.473973679678,460.7720237157,450.693909432999,452.769256906871,477.575157123506,451.688293590686,479.17267854622,456.164215611548,460.977222864644,437.068361992209,467.038542306735,471.908067762305,477.525367192793,471.135143356794,436.963811013861,412.310562561766,427.556492216363,403.05457744323,NA,NA,NA
NA,NA,NA,NA,285.043856274785,292.617497767991,325.939690456997,375.175437609221,395.284707521047,427.857792485202,418.677278407478,450.421653679437,436.33444064517,442.026944379277,430.116263352131,484.690408536833,496.23583103198,565.378254088744,650,624.899677935468,659.289564597221,682.130858158432,680.943560663506,659.587165809377,676.849318534044,682.367203197809,664.431995369219,631.111183576397,654.31261641512,589.790682235869,536.00873020068,519.71331492573,475.040376314693,471.679904900793,474.174593698249,466.628507102094,400.780488547035,403.77014645841,382.426463519459,388.104367406501,382.017450790651,427.941072160899,456.207189772366,449.272869336092,427.735812882419,431.494009373394,441.862771565757,450.693909432999,495.551816849437,579.127404310205,539.610367742294,554.976559765821,592.522208992707,560.688514657718,580.702058382004,609.665895433791,585.234995535981,576.872678674494,575.543221661067,563.997951355451,551.396717721238,536.426750405216,552.268050859363,548.292804986533,485.34764602174,480.884601541784,469.707355701398,477.174206323762,464.138972283196,452.769256906871,431.566912540802,449.53917281352,458.861872056392,456.207189772366,460.977222864644,490.95726608742,444.943027458767,436.525105332297,421.037996220389,431.074793880061,395.185387234583,402.735982264732,395.284707521047,425,425.73465914816,NA,NA,NA,NA
NA,NA,NA,NA,291.547594742265,320.382032004223,325,325.71681140405,347.311099736245,382.426463519459,414.866538520864,462.288373563171,459.396270312799,413.823633931171,474.341649025257,494.974746830583,512.788470843726,583.630876496438,552.772458282238,637.377439199098,650.308376277985,641.008460167259,635.763016956349,700.26690992827,663.728550125066,656.04067521701,663.807171908544,635.108092202097,635.163442128853,600,583.630876496438,519.972343973383,471.69905660283,489.010441727575,482.700051182396,360.555127546399,412.310562561766,406.970514902493,370.76894074531,310.557529759797,425.73465914816,390.839914744098,413.200907187832,468.00135553922,459.448153999646,357.081340893173,424.223525838143,475.657439761011,503.958267333294,582.947055223186,586.724935592925,555.090082779363,570.14774815808,632.949445058608,626.971850071732,608.276253029822,604.669331122391,566.510535442217,561.805126356106,560.376208715762,548.791104544842,539.646844925332,534.336236354027,525.594901040716,490.914880958014,475.657439761011,477.363465334141,458.446632583215,460.977222864644,450.693909432999,436.606229914325,436.470335279747,455.707024730926,431.566912540802,431.457744408929,444.056737017928,430.061493299582,412.310562561766,357.945526581909,357.746888417361,371.588440128534,381.257749968487,395.284707521047,408.462251139844,385.586568259366,NA,NA,NA,NA
NA,NA,NA,NA,277.547257084605,292.617497767991,302.076149339864,335.149941709344,335.410196624968,381.608438061844,395.284707521047,444.682813465283,460.591460870738,445.112345369121,495.595079514582,485.41219597369,531.477860518062,554.733647992869,575.433796420775,604.152298679729,611.166830179518,625,626.441073261502,670.756092681622,682.825014187383,673.139795910086,650.480591562884,654.02350116997,628.875354466071,618.465843842649,604.565613031162,563.478091040589,496.23583103198,480.234317807464,427.200187265877,419.076365356005,436.44398075027,406.970514902493,348.209706929603,330.294257566175,316.227766016838,438.727268220092,491.028070818812,457.721749487173,450.50560486123,427.931069215592,463.606744164771,500.312520236251,546.008241696039,575,550,579.644855876147,605.042680640905,617.339724277278,610.327780786685,594.243216200236,569.963019452264,570.635610525666,548.862460002504,527.375577743225,539.675828623073,530.330085889911,527.375577743225,515.594305722317,535.002957256492,525.341962211603,490.507855598142,484.902563097934,448.563941280499,431.566912540802,420.862981126952,450.693909432999,466.93729794999,425.585771332948,427.200187265877,442.295150323853,436.606229914325,403.294738563659,393.026505834948,360.555127546399,375.4504774115,359.107903652382,378.235682541525,396.655180559885,380.757780211537,NA,NA,NA,NA
NA,NA,NA,NA,NA,325.648617062753,325.541279660465,319.345318974699,347.311099736245,430.942431609815,419.076365356005,410.030486671418,439.37957861397,479.285838620373,488.035055504415,530.143312356314,548.079473136208,561.805126356106,583.630876496438,589.807785595806,614.675374513269,637.377439199098,645.174395028197,648.556088553642,638.808244164389,670.913717859062,673.083568639434,654.391079331846,637.2476813366,629.483915600709,583.529780810995,572.482452681654,545.625491214866,497.155080579415,486.185996795105,485.168179959053,395.284707521047,431.566912540802,328.752072431922,316.227766016838,348.049713050795,383.089186600445,514.78150704935,545.804894956219,475.657439761011,450.693909432999,526.147036237598,531.507290636732,539.675828623073,570.90929673273,570.470362978373,569.949328572386,602.079728939615,597.121608100118,600.468387655973,585.227036879922,559.016994374947,559.016994374947,544.520866818089,522.822213194225,525.594901040716,534.438958160799,525.594901040716,534.438958160799,539.211053028485,502.493781056044,492.981262119035,488.220133396251,409.857546690006,415.931613483433,410.030486671418,427.931069215592,431.566912540802,424.887797764963,427.098639492003,424.736092006689,437.303513058421,413.823633931171,400.946410558922,347.653467262866,357.33542845744,369.120576505835,355.316760088797,369.045147671056,NA,NA,NA,NA,NA
NA,NA,NA,NA,NA,302.076149339864,315.131848757764,315.624135522795,368.393481161149,413.78285480015,455.707024730926,442.295150323853,430.006723247032,411.526719664912,530.160216604903,539.675828623073,566.594897236162,582.49323460679,585.755382439074,591.279015677839,583.889347385083,640.312423743285,656.91594110334,626.498204307083,604.183472732731,637.377439199098,602.079728939615,633.109553337228,638.112028079065,617.294637753436,579.545775697504,550,521.970349838567,468.317331312828,476.02931197776,436.167983300367,381.608438061844,378.318648760539,395.123979471028,347.865219552207,357.769181447122,402.672180228588,465.026880943457,480.234317807464,557.447465291373,554.097535789934,611.777627069392,578.48648643138,575.543221661067,577.16981903076,579.803153832,604.669331122391,585.768725692999,604.539004685864,600.831331897263,577.16981903076,553.398590529466,538.012201388312,529.688682492056,515.388203202208,508.933408427215,515.388203202208,505.554961287069,527.639909285261,515.251046906134,505.406904422051,506.211418282915,485.355601043291,412.253560664507,400,406.485217052467,436.470335279747,430.116263352131,443.587464185515,436.371078848113,413.823633931171,425.73465914816,420.65359429158,390.944476587189,324.693258599227,327.592529438889,340.036762718386,360.555127546399,346.626118807394,NA,NA,NA,NA,NA
NA,NA,NA,NA,NA,NA,284.974664286193,320.795393501982,364.425052209001,424.875336011793,437.321392113398,433.628763623249,449.677323863959,395.185387234583,493.0770730829,513.20270781122,571.166212049399,590.021186060297,570.832843539859,566.789202437732,583.630876496438,649.037749287358,642.748006609122,618.75484167274,594.243216200236,604.892688745433,626.296074013078,637.377439199098,621.101209553367,594.243216200236,525.313905964425,514.78150704935,499.976518389116,495.77054349027,394.278623384187,403.112887414927,347.311099736245,409.435780458474,402.761476322241,357.945526581909,329.656092414858,463.333680327432,441.714680699657,547.689144924201,594.243216200236,603.904571617741,596.297027812111,583.09518948453,585.762054066036,583.014576628346,604.207824696992,594.243216200236,588.216128807995,587.805267389835,570.635610525666,569.880647894732,527.375577743225,515.388203202208,515.388203202208,487.636543992752,506.164947817579,509.901951359278,521.779075064177,553.824894296483,509.575952832993,529.441434189979,485.34764602174,480.267666247548,412.182311908685,403.112887414927,375.832409459323,430.116263352131,427.558131676066,448.953752466478,443.568945091634,432.215267757922,444.66454141654,430.006723247032,381.296241522943,339.874383690505,334.384009814498,325.960120260132,325.960120260132,NA,NA,NA,NA,NA,NA
NA,NA,NA,NA,NA,NA,274.255240561715,279.508497187474,335.173944715848,350.354216529047,430.116263352131,420.908791787745,399.100945219314,424.86029542414,525.594901040716,540.760074727801,535.450106036883,555.090082779363,570.087712549569,561.785095189398,550.277984752438,672.681202353686,563.900490777449,581.48516748065,583.034209089343,590.650158482932,621.13290652773,630.633547670079,581.444805174563,546.008241696039,550.567888638631,534.431484887733,506.211418282915,527.375577743225,425.358146334728,404.993480815115,427.200187265877,425,431.402739727282,379.846403767518,403.572973923272,426.913714643307,504.199499304546,561.805126356106,593.182104077063,583.09518948453,575.543221661067,584.412884528215,601.027760095182,589.968030305706,604.669331122391,594.243216200236,584.063096535075,575.643971828471,563.997643378234,548.292804986533,535.008361958964,514.674243293193,509.901951359278,495.21119834655,502.431436529643,500.244299515299,514.78150704935,525.594901040716,524.583472833695,515.357814577393,474.22579169216,459.875956640518,390.512483795333,382.291779209003,417.188785130129,397.064879346789,406.764789513653,431.052868998137,458.938993767145,471.69905660283,464.334243722705,395.421020910609,374.926507206323,347.311099736245,316.153299420256,305.163890393343,292.617497767991,NA,NA,NA,NA,NA,NA
NA,NA,NA,NA,NA,NA,NA,302.076149339864,325.936117253629,357.945526581909,374.50791900222,403.112887414927,415.931613483433,421.788372408409,425,499.725534695296,533.996786493766,553.612051291997,575.543221661067,515.388203202208,533.221376389536,548.862460002504,565.518714184881,581.48516748065,589.767423289719,610.327780786685,610.199234313156,592.079425753517,570.635610525666,550,548.170600933119,559.016994374947,492.924667188636,476.203429685025,431.411413595194,427.931069215592,439.723743056124,452.396199352112,418.608016264828,381.608438061844,369.013508393842,474.341649025257,548.862460002504,557.00445218221,570.628761800965,569.984180222151,598.587176995546,606.074680091785,576.882709178722,585.493100150879,583.054938934433,570.635610525666,577.618695155119,526.64265847624,552.268050859363,561.805126356106,545.242740733693,503.418014072717,509.901951359278,499.318978809441,466.962775813709,477.62432936357,523.64609727341,520.363968398481,525.594901040716,494.974746830583,480.884601541784,454.78145285096,419.076365356005,400.780488547035,425.568201803356,412.205272536433,403.88706406483,425,445.085955160342,450.693909432999,485.339727086141,464.847718799576,381.220812688165,369.120576505835,335.219521815552,292.42815673066,NA,NA,NA,NA,NA,NA,NA
NA,NA,NA,NA,NA,NA,NA,NA,339.921098566051,347.311099736245,375.159338717754,392.46941276755,413.575227096269,426.449104105547,437.321392113398,477.62432936357,534.532484956477,548.862460002504,536.358852272785,531.507290636732,530.307869597412,548.855339314804,566.789202437732,570.635610525666,575.543221661067,589.714135402153,620.789602474046,582.717257898262,561.805126356106,536.772763839597,548.264247945402,515.388203202208,496.196346557617,450.359596500009,458.532580904852,452.769256906871,478.205681129138,480.884601541784,456.354242184066,436.606229914325,508.010553157642,510.088203965541,510.389336556552,540.832691319598,533.935920611707,558.911380553244,555.012237494652,543.382846389068,561.770274706341,583.09518948453,570.635610525666,563.973346668107,527.375577743225,520.095598717998,550.502726098902,545.616287800886,512.773028146751,498.121471129282,497.377115906982,497.803739250392,490.898623864656,485.290261521031,507.501749061076,509.901951359278,504.323522477354,514.68196464168,494.927304986891,425,388.104367406501,403.848524635237,417.743272651088,416.082924427331,424.632034355964,437.321392113398,434.299903058852,464.668556655695,445.112345369121,425,402.955382369683,389.977686113095,357.945526581909,NA,NA,NA,NA,NA,NA,NA,NA
NA,NA,NA,NA,NA,NA,NA,NA,281.533859948562,348.209706929603,375,390.512483795333,439.723743056124,437.273944867029,472.11087139334,505.572612464966,535.023363975817,496.100535593752,540.832691319598,534.93546214234,527.196595828822,554.45634327264,545.733619753033,555.154078654494,536.772763839597,525.594901040716,637.080498223117,603.32988343582,555.090082779363,503.115141567347,503.107526013935,492.322731437379,491.067794238287,496.188419270203,492.442890089805,493.739468701338,500.312520236251,474.341649025257,505.531750017255,492.411119527803,485.069367489418,493.0770730829,506.211418282915,520.21630116712,535.023363975817,531.507290636732,527.331060825662,534.872624387964,550.463861267926,546.958567184409,539.062456787815,532.074170791411,514.78150704935,555.090082779363,545.601548216399,527.375577743225,498.121471129282,502.493781056044,502.493781056044,501.535830819363,491.320635073972,491.607967612041,474.341649025257,485.41219597369,492.124570346306,496.23583103198,460.45682380278,424.8519091339,394.963251421008,386.368398403947,409.992237024307,431.566912540802,446.012171313112,460.711466160941,444.917571537728,427.876158963906,427.870691197596,437.303513058421,381.608438061844,388.908729652601,351.732277914221,NA,NA,NA,NA,NA,NA,NA,NA
NA,NA,NA,NA,NA,NA,NA,NA,NA,357.945526581909,353.553390593274,395.284707521047,419.91713148476,451.852836463158,460.169773900055,493.0770730829,520.21630116712,515.388203202208,520.21630116712,549.401908266931,540.155223562043,583.021122353858,570.334610570473,570.046481173171,597.162156778068,571.182982939793,635.163442128853,544.542184676041,530.028602544823,492.826172663768,480.884601541784,460.1861019473,453.38163359844,482.781557986851,480.884601541784,502.493781056044,496.196346557617,494.974746830583,492.772261294373,480.884601541784,469.707355701398,476.283700525628,485.41219597369,496.23583103198,515.388203202208,512.95711321708,496.23583103198,545.12100513747,548.570511806819,535.023363975817,540.832691319598,525.594901040716,515.388203202208,515.158783579225,522.015325445528,525.339733594753,509.901951359278,505.593710403917,495.589525378764,501.83881883655,502.493781056044,509.809688032369,515.109314075716,480.127627042406,500,445.059564951562,478.71910325087,426.908776931742,395.284707521047,406.970514902493,428.577882677073,416.082924427331,430.116263352131,419.86782615652,415.312928717629,425.73465914816,406.970514902493,425.595630083697,402.817862631116,388.104367406501,NA,NA,NA,NA,NA,NA,NA,NA,NA
NA,NA,NA,NA,NA,NA,NA,NA,NA,NA,336.340601176843,368.841200257737,436.606229914325,451.736734337581,471.431010759376,503.029301638634,516.541577188531,534.90603202367,540.809375231899,521.487214644713,512.95711321708,589.699901884559,548.413643167686,565.643932041355,564.965936290015,564.025708633924,570.087712549569,554.187411087566,533.962689286834,485.069367489418,480.335961347418,442.921192432329,452.769256906871,493.222868045189,498.121471129282,506.070959889761,499.9529478879,499.817652449671,471.69905660283,477.62432936357,458.904846217211,460.926267137207,460.977222864644,512.95711321708,506.056132825842,525.352607506243,477.62432936357,536.937836034587,548.292804986533,530.330085889911,525.467317317735,515.373035798386,499.811072252245,525.489575776516,527.375577743225,515.388203202208,505.524223858079,498.07086340389,512.633185386653,514.742315866242,496.23583103198,490.442300770892,493.061218508073,485.34764602174,474.341649025257,464.668556655695,458.835930212969,436.606229914325,383.150936763762,410.030486671418,425.73465914816,441.99067814956,417.328124419102,381.464037346781,390.405074290824,419.008270897738,429.988356768328,414.839374060191,360.467605834485,NA,NA,NA,NA,NA,NA,NA,NA,NA,NA
NA,NA,NA,NA,NA,NA,NA,NA,NA,NA,NA,340.036762718386,459.524811730695,441.99067814956,460.75252168717,511.416457553712,536.772763839597,499.787406853877,515.388203202208,509.71536130267,565.468017199704,573.443979487747,566.454437140025,573.087785845983,548.292804986533,530.330085889911,529.320917778094,512.880734170635,492.322731437379,450.693909432999,427.200187265877,460.096158771732,450.693909432999,476.062418804242,493.67242284007,515.388203202208,515.077271423868,525.20257729868,507.594655484549,480.868344448426,469.59034383245,459.619407771256,460.899302172734,495.485757045571,499.9058957758,500.094045420874,540.789277903315,548.292804986533,530.211706268681,505.593710403917,501.098929816811,499.32715418636,498.121471129282,515.327425952579,530.330085889911,527.375577743225,515.327425952579,500.62460986252,490.327192337833,516.528946019816,515.251046906134,485.41219597369,482.765300893493,506.211418282915,506.754837165745,490.903758710859,441.110542298074,447.108283829127,391.291910755785,403.112887414927,412.310562561766,400.981538619502,380.148218563587,369.252879229924,355.316760088797,375,371.651718682963,351.7632335092,NA,NA,NA,NA,NA,NA,NA,NA,NA,NA,NA
NA,NA,NA,NA,NA,NA,NA,NA,NA,NA,NA,355.116618579984,452.769256906871,425.36732957408,445.112345369121,450.693909432999,415.85511418921,452.588694061909,445.112345369121,533.901912037206,550.567888638631,503.709824080961,545.826979807798,550.223010518655,525.594901040716,609.342524659811,516.100783386749,500.62460986252,515.388203202208,459.186301335071,459.619407771256,496.23583103198,492.153932876105,480.884601541784,494.735683059161,505.829493551391,531.507290636732,512.95711321708,513.842667919199,475.607649830298,459.619407771256,471.565033681103,460.951745000926,471.173927923584,485.41219597369,514.567254830189,534.438958160799,538.51648071345,550.128142570676,517.681846843827,500.62460986252,498.097900628066,491.100069214262,530.330085889911,510.490956803062,515.370851869994,496.220067479463,502.493781056044,499.937184335382,509.901951359278,485.41219597369,477.476197544551,479.423161850982,514.78150704935,531.507290636732,477.62432936357,458.97756063747,425.169114854829,402.817862631116,413.823633931171,392.017018863469,397.537441154497,412.177061370284,390.512483795333,373.284005825018,382.416238201239,369.120576505835,360.555127546399,NA,NA,NA,NA,NA,NA,NA,NA,NA,NA,NA
NA,NA,NA,NA,NA,NA,NA,NA,NA,NA,NA,NA,427.200187265877,438.487479003914,457.073030505141,424.812881083393,390.512483795333,371.651718682963,419.915177570618,479.865062702783,547.881497464229,553.154768451669,525.091073777521,534.832169320003,515.373035798386,499.589569685898,511.665847234985,459.402854553163,478.479816599597,460.960250175977,475.982989194413,502.251759038322,497.645687453033,492.88545115517,498.097900628066,526.831031059742,500.608994615957,506.174501567742,500.049602850046,475.473937049807,477.62432936357,480.884601541784,485.41219597369,469.707355701398,465.026880943457,493.0770730829,553.398590529466,557.746983737135,546.008241696039,515.31763087694,498.121471129282,491.172067609712,492.267122736902,520.21630116712,514.67438093977,517.802252184664,513.958184514501,500.608994615957,494.974746830583,512.95711321708,502.977433711054,485.41219597369,499.779301690243,515.081380495589,502.837411270007,480.605170395774,458.715518922967,424.13437612803,407.596754049011,406.815764243606,382.405990916631,390.512483795333,409.815353467963,400,390.512483795333,378.221613555149,382.187786914651,NA,NA,NA,NA,NA,NA,NA,NA,NA,NA,NA,NA
NA,NA,NA,NA,NA,NA,NA,NA,NA,NA,NA,NA,NA,416.082924427331,412.310562561766,374.75395950111,375,419.280268611507,463.655504432774,519.710893637942,441.758041752106,540.599556302527,520.21630116712,515.388203202208,486.021582742016,475.859996440089,491.172067609712,470.365056649269,427.200187265877,446.590390449776,478.560068480836,486.028334575748,452.743315063447,475.657439761011,497.865256857211,515.388203202208,515.388203202208,516.484644073571,482.685121647651,480.169068096366,506.118477352243,482.830197895699,469.707355701398,450.693909432999,456.138273768124,475.624544992617,497.995361178122,522.015325445528,539.675828623073,515.388203202208,505.562730210586,502.493781056044,485.41219597369,506.211418282915,506.071748072405,515.158783579225,512.280734758188,505.902564343416,485.355601043291,480.234317807464,495.622411671251,523.714410461964,515.459951855544,490.203358290164,480.162190272983,483.840346796298,471.615654407088,431.566912540802,425.716292669456,403.887360535088,374.901847095781,371.651718682963,395.284707521047,371.243344718109,339.367071204265,360.555127546399,NA,NA,NA,NA,NA,NA,NA,NA,NA,NA,NA,NA,NA
NA,NA,NA,NA,NA,NA,NA,NA,NA,NA,NA,NA,NA,NA,369.120576505835,376.505619380167,371.651718682963,388.908729652601,450.693909432999,477.62432936357,445.208701873137,469.684264984357,450.693909432999,446.136704807904,445.112345369121,427.200187265877,440.859287641723,445.085955160342,406.970514902493,426.89909601774,463.759474852217,431.566912540802,450,473.928539419578,464.527435309886,525,485.41219597369,485.069367489418,474.341649025257,485.41219597369,497.970706236995,482.830197895699,459.279200769201,437.321392113398,479.919865261335,476.062418804242,521.527286835791,529.619829464704,525.20257729868,509.901951359278,485.41219597369,492.442890089805,477.591525246525,493.0770730829,513.145924798545,523.706448497971,521.924902715575,512.576499132706,480.884601541784,467.038542306735,450.501589913842,482.830197895699,491.067286852278,505.593710403917,506.118477352243,506.211418282915,465.026880943457,435.181281180879,425.73465914816,410.030486671418,385.400906671379,318.173422964983,388.104367406501,369.120576505835,325.81502255042,NA,NA,NA,NA,NA,NA,NA,NA,NA,NA,NA,NA,NA,NA
NA,NA,NA,NA,NA,NA,NA,NA,NA,NA,NA,NA,NA,NA,NA,343.583002014592,357.945526581909,369.120576505835,395.113754152807,442.295150323853,446.454435880201,424.047899289311,403.112887414927,425,419.253198997608,443.583091043327,446.751359290288,450.341717445032,461.487474132871,436.606229914325,425.73465914816,477.002952552153,469.283903231535,453.38163359844,455.045089872899,450.693909432999,471.69905660283,500.616802239238,505.23209638351,501.518706282008,514.814570374398,497.995361178122,471.674160341562,448.910248542315,430.116263352131,437.141263894366,469.707355701398,509.901951359278,522.672371012463,510.072761268566,482.781557986851,477.62432936357,458.938993767145,485.355601043291,500.049602850046,491.043474283863,503.115294937453,515.388203202208,485.299006112892,460.580600927256,460.977222864644,460.977222864644,476.616298442259,509.817118154006,534.32149676954,499.913463413536,465.09485851555,425.73465914816,400.652138487639,395.284707521047,360.246492030979,318.074327799436,309.10543112644,325.960120260132,NA,NA,NA,NA,NA,NA,NA,NA,NA,NA,NA,NA,NA,NA,NA
NA,NA,NA,NA,NA,NA,NA,NA,NA,NA,NA,NA,NA,NA,NA,NA,NA,381.016865274845,399.198797467987,409.944016680712,425.73465914816,431.170444531242,413.823633931171,416.082924427331,416.082924427331,420.600040410766,437.321392113398,418.615336968647,450.693909432999,474.071994123777,498.121471129282,482.830197895699,467.038542306735,485.299006112892,442.295150323853,459.958108315895,475.877835408919,515.380619500297,522.384949114965,506.211418282915,515.273493390716,486.896859381281,475.456964361139,460.617035357912,445.014958453425,459.530808672923,466.988250772653,496.23583103198,506.211418282915,520.363968398481,500.62460986252,475.657439761011,474.628888866155,469.369851553173,501.838732256451,485.41219597369,500.435921443029,503.047417553715,475.156263048586,459.396270312799,464.976260217472,466.007565858055,491.100069214262,493.061218508073,503.115294937453,458.938993767145,482.805877941275,427.903614089749,391.301903409124,371.447531700536,353.475361957561,325,NA,NA,NA,NA,NA,NA,NA,NA,NA,NA,NA,NA,NA,NA,NA,NA,NA
NA,NA,NA,NA,NA,NA,NA,NA,NA,NA,NA,NA,NA,NA,NA,NA,NA,NA,366.103423114681,388.46678791436,406.874074215303,410.030486671418,414.160410446228,404.964325829267,403.112887414927,424.774631436281,446.676622091163,419.300353520927,425,443.001128666734,450.693909432999,474.159071357294,456.202041353373,441.334955579134,491.622303031842,466.475487416391,459.962964488844,427.200187265877,494.391541969452,498.121471129282,500.62460986252,456.207189772366,460.848681446749,474.007538371242,460.510171051125,442.224038818734,446.200858351337,425.732127988903,487.872900246426,482.650878942332,477.62432936357,483.148398757737,450.693909432999,450.693909432999,436.606229914325,480.884601541784,484.08892195872,483.709361054079,474.341649025257,462.718267586354,458.938993767145,458.593327557195,470.476870820805,469.707355701398,463.285798064584,450.693909432999,447.547608254946,425.342054836241,379.65397509871,339.944358679847,305.163890393343,NA,NA,NA,NA,NA,NA,NA,NA,NA,NA,NA,NA,NA,NA,NA,NA,NA,NA
NA,NA,NA,NA,NA,NA,NA,NA,NA,NA,NA,NA,NA,NA,NA,NA,NA,NA,NA,355.240475750712,403.421613278526,419.076365356005,371.651718682963,395.165401927905,413.048184854351,427.200187265877,427.200187265877,413.823633931171,410.397074416832,409.455142286478,482.830197895699,444.899692482751,460.977222864644,460.805177522586,473.358404903331,424.596314354068,443.001128666734,380.788655293195,449.609393787312,447.212841364993,427.931069215592,443.001128666734,447.213595499958,437.086634040952,403.112887414927,451.310268218995,450.501589913842,458.938993767145,471.69905660283,460.926267137207,478.271020651397,459.619407771256,450.693909432999,406.970514902493,431.566912540802,421.551427162242,436.149073678213,426.770944751015,450.693909432999,425,431.259126575237,413.44118865441,452.567219069464,480.803094737328,458.938993767145,436.606229914325,402.286368273458,375.727892189914,357.945526581909,332.488169310149,NA,NA,NA,NA,NA,NA,NA,NA,NA,NA,NA,NA,NA,NA,NA,NA,NA,NA,NA
NA,NA,NA,NA,NA,NA,NA,NA,NA,NA,NA,NA,NA,NA,NA,NA,NA,NA,NA,NA,NA,324.914975644174,360.324097605552,391.603476033247,413.061271691638,427.014066957075,427.200187265877,424.86029542414,431.484826134042,427.200187265877,437.321392113398,413.591897351045,436.09314727715,468.471989392622,464.369390625373,400.622037032778,406.970514902493,427.200187265877,456.164215611548,451.705641326511,450.693909432999,431.085503791326,436.606229914325,432.515584804481,455.705636455554,467.038542306735,474.174593698249,477.531338377064,492.072426071649,475.366200831628,455.897572153664,452.525053700867,427.931069215592,434.981519578317,425.188476682833,424.838085373898,416.082924427331,425.568201803356,429.374656387597,413.823633931171,421.417925970761,402.870587094646,450.469153910152,500.62460986252,403.887360535088,418.500408653816,403.619099322392,340.6923029498,NA,NA,NA,NA,NA,NA,NA,NA,NA,NA,NA,NA,NA,NA,NA,NA,NA,NA,NA,NA,NA
NA,NA,NA,NA,NA,NA,NA,NA,NA,NA,NA,NA,NA,NA,NA,NA,NA,NA,NA,NA,NA,NA,309.232921921325,374.901847095781,373.284005825018,418.991792821077,419.038947344397,427.14518258423,444.974770013525,403.400503820991,395.284707521047,378.318648760539,388.040722183593,378.221613555149,413.240855177775,424.039729456803,382.198948415009,450.401753686213,437.303513058421,431.476016457671,413.785807146936,387.962419809325,406.579049431492,392.838942861619,388.908729652601,421.843066837032,431.566912540802,480.876472995105,474.983097008937,450.693909432999,427.931069215592,445.354084798673,416.289511819284,436.534044859786,450.341717445032,419.076365356005,427.181868164405,427.163549062934,436.488654381219,412.205272536433,427.200187265877,436.042485259153,360.489887522287,379.755747792986,394.911903736521,388.012921005084,374.916292967074,NA,NA,NA,NA,NA,NA,NA,NA,NA,NA,NA,NA,NA,NA,NA,NA,NA,NA,NA,NA,NA,NA
NA,NA,NA,NA,NA,NA,NA,NA,NA,NA,NA,NA,NA,NA,NA,NA,NA,NA,NA,NA,NA,NA,NA,NA,390.482382340472,412.253560664507,436.44398075027,415.988615380692,402.737674414717,395.235047377815,373.325859341481,354.228099480291,375.385237387387,379.553652026867,382.426463519459,405.42893771879,395.284707521047,445.112345369121,387.962419809325,400.321637921345,403.185986758194,385.194441664392,391.311896062463,402.473274856853,425.265555542018,424.086148936422,427.931069215592,424.726411092687,428.577882677073,456.198363161483,429.748990878197,413.785807146936,419.022610854963,412.310562561766,416.082924427331,430.097945515912,444.056737017928,448.857717289044,436.963811013861,412.310562561766,388.735221122109,385.091746295419,355.272675851409,388.104367406501,375,NA,NA,NA,NA,NA,NA,NA,NA,NA,NA,NA,NA,NA,NA,NA,NA,NA,NA,NA,NA,NA,NA,NA,NA
NA,NA,NA,NA,NA,NA,NA,NA,NA,NA,NA,NA,NA,NA,NA,NA,NA,NA,NA,NA,NA,NA,NA,NA,NA,NA,388.104367406501,382.406012883018,357.945526581909,343.45972776372,392.838942861619,371.374303904549,374.926507206323,364.005494464026,381.814988958572,367.733028770758,418.362268316988,409.992237024307,442.100363322628,378.151975508599,371.19926048072,368.193768502861,400.780488547035,409.857546690006,425.61401246415,378.318648760539,427.931069215592,391.311896062463,418.876821881742,415.608668516834,382.406012883018,409.573788136388,412.080620683095,409.87690851801,395.284707521047,406.862691957336,450.693909432999,468.372949004067,413.688835745072,403.887360535088,399.100945219314,365.964715725474,340.036762718386,NA,NA,NA,NA,NA,NA,NA,NA,NA,NA,NA,NA,NA,NA,NA,NA,NA,NA,NA,NA,NA,NA,NA,NA,NA,NA
NA,NA,NA,NA,NA,NA,NA,NA,NA,NA,NA,NA,NA,NA,NA,NA,NA,NA,NA,NA,NA,NA,NA,NA,NA,NA,NA,NA,NA,328.823660949148,339.990560699117,402.91718291758,378.139734331833,371.651718682963,328.5787767113,349.517188881768,408.500500786955,425.73465914816,474.159071357294,406.874074215303,392.304679011793,325.960120260132,396.655180559885,428.201369863641,406.893139573049,381.875590375751,393.156912027273,406.922294558898,424.953456907774,380.788655293195,380.726905129879,392.733230982075,402.91718291758,399.100945219314,402.410065229554,402.955382369683,431.566912540802,439.027953821578,400.643094021385,360.489647953179,NA,NA,NA,NA,NA,NA,NA,NA,NA,NA,NA,NA,NA,NA,NA,NA,NA,NA,NA,NA,NA,NA,NA,NA,NA,NA,NA,NA,NA
NA,NA,NA,NA,NA,NA,NA,NA,NA,NA,NA,NA,NA,NA,NA,NA,NA,NA,NA,NA,NA,NA,NA,NA,NA,NA,NA,NA,NA,NA,NA,374.8625686808,371.309063880436,380.788655293195,308.52853565955,339.411839547539,395.225054724476,424.888536555342,413.823633931171,350.891721190455,385.186103914674,382.333632725466,406.922294558898,373.689805436438,380.664749147349,351.67439534471,371.162071612282,406.356913617917,381.608438061844,382.323768150486,364.627295231173,382.645099159631,371.620079405749,382.007225472431,395.031148677034,405.289862632672,412.310562561766,406.533437396061,NA,NA,NA,NA,NA,NA,NA,NA,NA,NA,NA,NA,NA,NA,NA,NA,NA,NA,NA,NA,NA,NA,NA,NA,NA,NA,NA,NA,NA,NA,NA
NA,NA,NA,NA,NA,NA,NA,NA,NA,NA,NA,NA,NA,NA,NA,NA,NA,NA,NA,NA,NA,NA,NA,NA,NA,NA,NA,NA,NA,NA,NA,NA,NA,NA,NA,357.663834957447,392.644581831516,421.623236745132,387.950967932161,355.294717970103,339.978930642218,325.468058626815,375.330097882443,300.567012714841,390.165049626736,371.651718682963,380.788655293195,371.254162180578,412.195591622431,388.104367406501,363.970420968378,375.832409459323,364.005494464026,379.672384935687,NA,NA,NA,NA,NA,NA,NA,NA,NA,NA,NA,NA,NA,NA,NA,NA,NA,NA,NA,NA,NA,NA,NA,NA,NA,NA,NA,NA,NA,NA,NA,NA,NA,NA,NA
NA,NA,NA,NA,NA,NA,NA,NA,NA,NA,NA,NA,NA,NA,NA,NA,NA,NA,NA,NA,NA,NA,NA,NA,NA,NA,NA,NA,NA,NA,NA,NA,NA,NA,NA,NA,NA,NA,NA,NA,NA,NA,NA,NA,261.007662722764,NA,NA,NA,NA,NA,NA,NA,NA,NA,NA,NA,NA,NA,NA,NA,NA,NA,NA,NA,NA,NA,NA,NA,NA,NA,NA,NA,NA,NA,NA,NA,NA,NA,NA,NA,NA,NA,NA,NA,NA,NA,NA,NA,NA
