"V1","V2","V3","V4","V5","V6","V7","V8","V9","V10","V11","V12","V13","V14","V15","V16","V17","V18","V19","V20","V21","V22","V23","V24","V25","V26","V27","V28","V29","V30","V31","V32","V33","V34","V35","V36","V37","V38","V39","V40","V41","V42","V43","V44","V45","V46","V47","V48","V49","V50","V51","V52","V53","V54","V55","V56","V57","V58","V59","V60","V61","V62","V63","V64","V65","V66","V67","V68","V69","V70","V71","V72","V73","V74","V75","V76","V77","V78","V79","V80","V81","V82","V83","V84","V85","V86","V87","V88","V89"
NA,NA,NA,NA,NA,NA,NA,NA,NA,NA,NA,NA,NA,NA,NA,NA,NA,NA,NA,NA,NA,NA,NA,NA,NA,NA,NA,NA,NA,NA,NA,NA,NA,NA,NA,NA,NA,NA,NA,NA,NA,NA,NA,NA,225.63215785264,NA,NA,NA,NA,NA,NA,NA,NA,NA,NA,NA,NA,NA,NA,NA,NA,NA,NA,NA,NA,NA,NA,NA,NA,NA,NA,NA,NA,NA,NA,NA,NA,NA,NA,NA,NA,NA,NA,NA,NA,NA,NA,NA,NA
NA,NA,NA,NA,NA,NA,NA,NA,NA,NA,NA,NA,NA,NA,NA,NA,NA,NA,NA,NA,NA,NA,NA,NA,NA,NA,NA,NA,NA,NA,NA,NA,NA,NA,NA,225.133040279638,225.821476668057,225.454829136243,226.250001409956,226.029855269039,226.230608120878,226.133819998613,226.027983506282,227.28432675267,227.526681948485,227.670182833174,229.239807203671,228.843991523119,228.125927856259,227.932258214952,226.386351974233,227.390036504997,225.686042089908,225.697771822903,NA,NA,NA,NA,NA,NA,NA,NA,NA,NA,NA,NA,NA,NA,NA,NA,NA,NA,NA,NA,NA,NA,NA,NA,NA,NA,NA,NA,NA,NA,NA,NA,NA,NA,NA
NA,NA,NA,NA,NA,NA,NA,NA,NA,NA,NA,NA,NA,NA,NA,NA,NA,NA,NA,NA,NA,NA,NA,NA,NA,NA,NA,NA,NA,NA,NA,224.412473399987,224.777081691007,225.460210118924,225.996550426812,227.467378447115,226.986254527754,226.915995373953,226.705347939557,227.56179413497,227.720500569685,227.089731792626,228.520341146047,229.358978112201,229.711814629139,231.5026653427,231.787146576392,231.446970815904,230.813930072981,230.491996671889,229.954206953229,228.134304432934,227.624348876122,227.326610446652,226.245862994605,226.190246672546,226.045280015301,226.618220219244,NA,NA,NA,NA,NA,NA,NA,NA,NA,NA,NA,NA,NA,NA,NA,NA,NA,NA,NA,NA,NA,NA,NA,NA,NA,NA,NA,NA,NA,NA,NA
NA,NA,NA,NA,NA,NA,NA,NA,NA,NA,NA,NA,NA,NA,NA,NA,NA,NA,NA,NA,NA,NA,NA,NA,NA,NA,NA,NA,NA,224.57999130056,225.138296276337,226.434672836722,227.373755066745,228.577125414123,228.09745438179,227.671857409266,228.436130750794,227.149843999781,227.821518141618,227.689946125309,227.591219202224,228.658077937723,230.467793121168,230.593436210165,231.423697726611,232.997450826607,233.425663157939,234.012564907039,234.729655444688,234.423858324023,233.499391887254,231.199868195489,230.479848125789,230.179284851949,230.62164412916,229.914481430751,230.566564723417,231.966811579848,231.911504194916,232.010669272617,NA,NA,NA,NA,NA,NA,NA,NA,NA,NA,NA,NA,NA,NA,NA,NA,NA,NA,NA,NA,NA,NA,NA,NA,NA,NA,NA,NA,NA
NA,NA,NA,NA,NA,NA,NA,NA,NA,NA,NA,NA,NA,NA,NA,NA,NA,NA,NA,NA,NA,NA,NA,NA,NA,NA,224.68944843838,224.464427182082,225.298130876246,226.331511055384,227.118910692576,228.851841651904,230.47762874253,230.909141823905,230.375374896269,229.830556628102,230.667153087624,230.168829088694,230.844536659798,231.238323237161,231.715395499792,232.838463943637,234.708291580918,235.174539149245,235.179267430736,236.517754540115,237.058945187418,236.915089412794,236.866853261688,237.533487213898,236.934607181886,233.550207072979,232.956739953586,233.123565683009,231.951115323547,232.111990364095,232.210662035919,233.631336244774,233.163664657578,232.637094776686,233.147214131133,232.132093836147,232.659785290678,NA,NA,NA,NA,NA,NA,NA,NA,NA,NA,NA,NA,NA,NA,NA,NA,NA,NA,NA,NA,NA,NA,NA,NA,NA,NA
NA,NA,NA,NA,NA,NA,NA,NA,NA,NA,NA,NA,NA,NA,NA,NA,NA,NA,NA,NA,NA,NA,NA,NA,224.630877960495,225.677003520628,225.168789105078,224.568559090314,226.133387219511,228.287532342128,230.024760882442,232.083995723235,233.201564979171,233.237521061577,232.95050579091,233.120480780921,232.826866204963,232.059542451388,232.612244185526,233.4478598182,234.497812413809,234.557621736419,235.217779354604,236.215569448546,236.83613028129,236.449617981868,237.927648715817,238.527882252342,239.715681394148,239.749177752811,240.036355106079,238.225372880775,236.548011967235,236.734688181459,235.566734313525,236.225908728921,233.844851968803,234.278863875547,233.345347742263,234.150830052077,233.854568250339,234.302230655466,233.586122484687,232.397557524422,233.016890314923,NA,NA,NA,NA,NA,NA,NA,NA,NA,NA,NA,NA,NA,NA,NA,NA,NA,NA,NA,NA,NA,NA,NA,NA
NA,NA,NA,NA,NA,NA,NA,NA,NA,NA,NA,NA,NA,NA,NA,NA,NA,NA,NA,NA,NA,NA,224.685864150506,225.453690381412,225.775748163373,225.246388509396,226.358772605408,228.033394351903,229.022819890725,231.506762801813,231.484515615868,233.032309969557,233.490677776713,234.905366846391,234.14309681466,234.89517376157,234.858514636278,236.192367050279,236.828430187475,236.575046231831,236.66350433689,237.807854370924,237.448857680452,236.789996516318,238.002867810873,238.805016767213,238.427001293212,240.16162647334,241.254079480907,242.50229051262,241.163426494639,239.301253022251,238.087644414756,238.182744881114,235.829223078373,235.994908969397,235.401536526738,236.48550150164,235.995802444696,235.410523836919,235.195148990986,234.110156692017,234.060860918618,233.635973352807,232.318316773592,231.061022024167,233.11078882442,NA,NA,NA,NA,NA,NA,NA,NA,NA,NA,NA,NA,NA,NA,NA,NA,NA,NA,NA,NA,NA,NA
NA,NA,NA,NA,NA,NA,NA,NA,NA,NA,NA,NA,NA,NA,NA,NA,NA,NA,NA,NA,NA,225.383559601946,226.170721810077,226.504034015513,226.907624703419,225.753241591701,227.847251810704,229.466411628455,230.840270796561,233.423210145991,233.79697074141,235.876041409629,236.827874649275,236.044082834301,236.434446136726,235.863156438325,236.469699584238,238.784136292494,239.515734617045,241.004598996657,242.024795129538,240.738479683907,240.627219096302,239.540333549254,240.610047492652,239.843078163033,240.408120382961,240.807127737178,242.174854582509,242.779044551444,241.737379511522,241.301492945872,240.034617616473,238.672574685876,236.794813089867,237.940013156383,237.709045267808,238.550897362337,237.269984922819,236.832038792651,235.898570424836,235.195375692964,232.731589371155,234.256491575025,231.835443312186,232.416207201791,234.631453085648,234.341286506775,NA,NA,NA,NA,NA,NA,NA,NA,NA,NA,NA,NA,NA,NA,NA,NA,NA,NA,NA,NA,NA
NA,NA,NA,NA,NA,NA,NA,NA,NA,NA,NA,NA,NA,NA,NA,NA,NA,NA,NA,224.717614104335,225.387290879596,225.574130654366,226.302302562108,227.825844648465,228.643404690195,228.614465432356,231.345156783693,230.560812792544,231.525780800449,233.763892042201,234.634196984823,235.755499363211,237.033792889724,237.317050979395,238.775518555826,237.946700686843,239.927572797154,239.858255429891,240.303756585455,242.651582131668,243.241432616413,242.353441233109,241.767162911617,242.619880892337,243.181110396314,242.757526134694,242.936136993215,242.214167622769,242.05018863868,242.537755860028,242.246009647013,241.525207170328,240.486757524906,238.063752881486,237.458042454221,239.806458664681,239.00917292548,238.733455885826,237.704266301273,237.508821460523,235.796932423251,235.021470115605,232.959456397638,232.216819768671,232.189113470103,232.929179902732,235.182892118814,235.602527033601,233.935049935661,234.289794014488,NA,NA,NA,NA,NA,NA,NA,NA,NA,NA,NA,NA,NA,NA,NA,NA,NA,NA,NA
NA,NA,NA,NA,NA,NA,NA,NA,NA,NA,NA,NA,NA,NA,NA,NA,NA,NA,224.120667534281,224.080539259174,224.297922031295,225.925162955776,228.032289303373,229.379208115996,229.969746690794,229.490038819068,231.981872809306,232.24915449643,232.056424763785,234.082715321162,236.183143067851,236.723061455785,238.006195142936,239.299345568127,238.841447447134,237.849500119921,238.055754982963,239.461263191879,239.828761955681,240.405050797099,240.216439024749,240.62045604481,241.026941574084,241.336965525323,241.566238626502,242.654373917306,242.692620212604,241.591794889007,242.035873367858,240.84645572084,240.941778438551,241.215675424939,240.075096325284,239.33598655781,239.535984675137,240.316770022136,241.162126861729,239.485710169364,238.821683423846,239.511115329244,238.227941657666,236.478161607232,234.893333927099,233.927496843847,233.019815385621,235.994385318045,236.011196071255,237.055840368181,236.237772919101,237.597604953105,236.613251761875,NA,NA,NA,NA,NA,NA,NA,NA,NA,NA,NA,NA,NA,NA,NA,NA,NA,NA
NA,NA,NA,NA,NA,NA,NA,NA,NA,NA,NA,NA,NA,NA,NA,NA,NA,225.329470793812,225.858347997345,225.742515628003,227.142345595629,226.601407940777,228.89341154248,229.241356428231,230.716272344283,232.407361569103,233.771558837795,234.019414178917,234.647062662965,235.201631414247,237.548846612407,238.376858174378,239.663043175713,240.117727115297,240.080941130759,240.569386321768,240.007457814415,239.746388889576,239.154692536341,239.156501881301,239.820303089502,240.691641623317,242.420565147993,241.390384520421,243.326823788011,242.80295124189,243.650912780335,242.828017358315,242.891477324261,241.916427533689,240.826760551051,240.600359157085,240.222129674732,240.704584141336,239.556831576728,241.122730725323,240.500156613372,240.141360433547,240.858034732646,240.433009781284,240.396457287889,238.101079696582,238.176656236897,237.144191672622,237.521694347431,239.370554595277,238.810123089897,239.997056117367,240.507025655703,238.649520345854,237.744870275696,237.874805029728,NA,NA,NA,NA,NA,NA,NA,NA,NA,NA,NA,NA,NA,NA,NA,NA,NA
NA,NA,NA,NA,NA,NA,NA,NA,NA,NA,NA,NA,NA,NA,NA,224.683839109276,225.074667450162,226.141641862639,227.791795678454,227.764469032404,228.225541063888,228.54785621252,230.5900000538,232.029700263924,233.403064868599,234.465918500799,235.063141777637,236.315275872604,238.426848721518,239.100998648072,240.989400899064,241.516357326402,241.822565889006,242.935582186602,242.953459221291,242.264173597053,241.319599515654,239.828291453039,240.350612953427,241.227614336544,242.379331626939,242.747102936004,242.420493733726,244.544162204586,244.030212809475,243.808586519427,244.096564167556,243.978003240638,243.573012794955,243.306341624228,244.211897242777,244.267416896293,242.731092745349,242.050853237225,241.552244237675,241.993128112248,241.453596187551,241.670298389056,241.603359068636,242.586097821702,240.869905052313,240.643909464059,240.322859574237,238.770424300543,239.801262083237,239.98082328597,240.788878675461,239.998984640871,240.155442477707,239.351460759853,237.310842514838,239.206944505635,238.695938916012,238.652887447322,NA,NA,NA,NA,NA,NA,NA,NA,NA,NA,NA,NA,NA,NA,NA
NA,NA,NA,NA,NA,NA,NA,NA,NA,NA,NA,NA,NA,NA,226.138524654022,226.063350141319,227.04525205536,228.50463592784,229.377254691766,230.187358783308,232.053278177268,232.964747318976,233.521401609682,233.557691072024,234.804986259525,236.573539434736,238.464571358973,239.290052925941,240.22772235184,242.695915878187,242.872067701339,243.174147112429,245.31906073857,245.752909232037,245.257039631414,245.042105960495,243.735929400411,244.238753132742,243.913619985848,244.412114624642,245.178014359066,245.113618095027,245.1765939938,246.848319859465,247.146332649589,247.017083302103,245.864561809997,245.53273663635,246.116993500368,247.129265197933,246.61536960105,245.189035150447,244.837950627821,244.626342922024,244.150437437578,244.288419910727,243.503423704588,243.752110484437,243.461156126286,243.605969958395,243.500689761021,241.615371263851,243.800255663642,242.616787357977,242.674593181555,242.589428075117,242.198191563098,241.372060627255,239.768621840393,239.488746313677,239.912913294417,240.774437037689,240.507599620976,239.501315624865,238.861049334537,NA,NA,NA,NA,NA,NA,NA,NA,NA,NA,NA,NA,NA,NA
NA,NA,NA,NA,NA,NA,NA,NA,NA,NA,NA,NA,NA,226.401640038689,227.690926741096,229.043073058507,230.178982902933,230.922066140271,232.520519639401,232.922726073029,234.574934838868,235.272314605434,235.129969270049,236.323338852963,237.342092903541,238.613720079417,238.917971522139,241.086607672534,242.106153061911,242.851983656444,243.368600889778,245.258024136521,246.681013133558,247.96508049546,248.126354200789,247.319183128091,247.426131909293,247.390877484631,247.785242657206,247.747720048998,247.959271804838,247.726994275641,248.372591998889,249.779725741288,249.876696325506,248.807183417347,248.196640385703,247.679477255929,248.46348373445,248.686712751927,246.885279390324,246.285283330895,245.537155990587,245.87300421028,244.599697779028,246.029345576277,245.454766658314,245.439904275019,246.259743545843,246.014177280411,245.571435196498,245.624888722234,245.873755409042,245.678667085107,245.995270834578,246.281301155135,244.828089256944,242.699676316473,241.442980976726,241.858894810973,241.452313227629,242.453882053248,241.58785677405,240.795496268208,240.491843008096,239.861780573966,NA,NA,NA,NA,NA,NA,NA,NA,NA,NA,NA,NA,NA
NA,NA,NA,NA,NA,NA,NA,NA,NA,NA,NA,NA,227.45283835127,227.361148213979,229.079909149399,230.420537367146,232.177683215401,233.770758181874,235.02667790207,236.184158679847,236.787275919732,237.709278008756,238.660292334743,238.940324227465,238.748741559407,240.040892493828,240.351193501956,241.381112145319,242.832837924415,244.094502467415,245.676263497971,246.943093735844,248.243807682732,250.212170428969,249.658112229496,249.965283623945,250.024164640463,249.143268436027,250.248695296576,249.615856826287,250.399057299229,250.459914461749,250.091213825889,250.857367241594,251.60614196797,250.339642972799,250.204413281678,249.754265571275,249.440849780139,248.806815683621,248.565553040341,247.480349633224,246.427176043427,246.63093820321,246.114710095468,246.633445227498,247.042403494138,247.67428871908,247.015216023995,247.771551018497,247.943689558275,246.911592356816,247.795394961409,248.432419581919,247.27360167412,245.333301808749,246.502190382888,245.222948712641,243.388326588373,242.763012809083,242.581487027672,243.013166650512,241.011422240097,242.325279026919,241.837013183767,240.490485888266,239.40758090613,NA,NA,NA,NA,NA,NA,NA,NA,NA,NA,NA,NA
NA,NA,NA,NA,NA,NA,NA,NA,NA,NA,NA,228.126794065307,228.995528211927,229.265584127153,231.008726985444,231.005435909738,233.218766772697,235.037974408238,237.776031046698,240.784123224109,241.241918302754,240.586867840986,241.409682481693,241.518296117496,241.236139873088,241.460081012877,242.332453602952,242.829523395162,244.406779254618,245.750434493046,247.747081727464,249.607908409665,249.85425151209,250.358485481215,250.51653912409,250.797485148272,251.064806633561,251.685427698435,252.517889306629,252.518798089224,252.775779643898,252.137816673902,251.99134807902,252.246676867184,252.274672399583,250.254423711393,249.682361325219,250.663452636457,250.981760349911,249.029627869807,249.708527147102,247.749308005673,247.05664060604,246.279534649965,247.750542916491,247.905615246796,248.579666502145,250.001399330913,249.44797712538,249.533594011154,249.150677592529,248.48311930184,248.544291526819,247.878067529994,246.095852948046,246.565609301548,246.299387411252,246.083951844712,244.423170799315,243.922467998254,245.126379521178,243.260753946834,242.027775649397,241.902159201387,241.43355401613,240.929997828746,238.981307129021,237.744173906917,NA,NA,NA,NA,NA,NA,NA,NA,NA,NA,NA
NA,NA,NA,NA,NA,NA,NA,NA,NA,NA,NA,229.19270596535,230.327304816992,230.923871623744,232.328078946255,233.823969584446,237.098875983612,238.431450564887,240.352789370927,242.137836331695,243.243282406169,244.279850805063,244.527670703516,242.994929987542,243.593843385718,243.880485851996,244.943835117326,245.284103909471,245.9125211147,247.047991115238,248.857956295226,250.162163633378,251.338209864214,251.394566641507,252.022022836163,252.858674376584,253.223117991852,253.367038825375,254.662591787489,254.352134099231,254.002685846859,253.775712450272,253.707465375574,253.150135262587,252.470819641997,251.711877241765,250.713612269544,251.200401627669,250.238886222269,250.298944968912,249.09136256179,247.316114328611,247.332309594416,247.474272076241,248.481984612301,250.595187296776,251.747001221964,250.508235481254,251.040802623665,251.089577281135,250.313769610836,250.15345503051,249.011104763718,247.693385891439,247.868018089559,247.125924941973,248.307920440872,247.011058618665,246.97458221811,246.097528075478,245.985280553705,243.954754564124,243.113086611883,243.246194438865,240.943202176342,239.608540181735,239.179439997906,238.176532497601,NA,NA,NA,NA,NA,NA,NA,NA,NA,NA,NA
NA,NA,NA,NA,NA,NA,NA,NA,NA,NA,230.505586287283,230.052523397127,230.868620050779,232.993546190127,235.06803011143,237.011390155888,238.316940990206,239.730644998375,241.573009579207,242.843903417271,243.548996271566,244.588318355482,245.02337409289,244.137281272821,245.323124701401,245.770545831194,246.294094536879,246.227966743694,245.769133011178,246.635191253907,248.192257121516,250.809500114207,251.439313480562,252.123757840811,253.685020624558,254.898799814132,255.915439005683,256.491606996046,255.346473979203,256.658751528604,256.746592469332,255.540171190093,255.656484855196,253.239178010942,252.877891223208,252.561231160311,251.580869138892,252.079000498271,249.709326158821,248.271536770216,246.886594198696,247.352303372567,249.200926761217,249.401457062184,250.69435574496,252.26112732417,253.42970507872,252.873023222711,252.740964915004,251.840572594182,250.670282518424,250.312783455806,250.891102800822,249.362113679663,248.54652948831,249.04546381041,248.751451101212,248.811109385114,247.674641439121,246.666596623886,246.013721760293,244.796115443135,244.416662618049,242.296642945014,243.023747746658,241.354738781949,239.746281037588,238.791642767024,238.319136424117,NA,NA,NA,NA,NA,NA,NA,NA,NA,NA
NA,NA,NA,NA,NA,NA,NA,NA,NA,231.299733040784,231.872838074896,234.016987299579,234.659171140091,235.056485696881,237.560723277499,238.622125802532,240.23518391779,241.939493181109,242.601737187057,243.591510137264,243.021269770303,244.795232124514,245.30174760135,246.210280256989,246.683440236234,245.203771933244,245.755724093092,246.135527010469,245.329705940134,246.658445609624,247.92531658768,249.617278467458,249.859849556724,251.055429017407,253.440989662734,255.949064151029,256.705342697481,256.7785793088,256.340392041812,257.172045155324,257.70503466215,256.889479184274,255.363892836595,253.136457550556,253.994838220019,253.338273253549,252.939820632856,251.797097945226,250.543857773748,248.996779890469,249.311757427226,250.365346639589,250.043690808473,250.611756165226,252.341656082613,254.436437744021,254.601438962093,254.39596501328,253.862930070513,252.965940578681,250.914857526811,250.513425753421,250.945970456069,250.245198034814,249.515021141765,251.141376029202,250.165000422099,249.692338323657,247.959948902683,247.832042307179,246.475090032542,246.158819313366,244.564414099585,243.435632834628,242.890116196813,241.62763681361,240.537462043285,239.519079232945,237.191280069491,238.125847236964,NA,NA,NA,NA,NA,NA,NA,NA,NA
NA,NA,NA,NA,NA,NA,NA,NA,231.893091804421,233.803844226655,234.161416800005,236.052034068441,237.706310376816,238.077808559793,239.234920360564,241.424811498881,242.50852946897,242.323866478452,243.065648497741,244.019703440294,244.157798088284,245.055937623884,246.560532066035,246.405007437567,245.753280764047,245.827828864597,247.078873308653,245.869300488726,245.908769279992,246.707558011494,247.978465886063,249.737820287996,251.500985340265,252.369398340659,252.788286139605,255.216678393273,256.751281865364,257.980923085447,257.742295246383,258.119607136573,258.628646035496,257.025058787519,255.415940671719,254.116961542074,253.676636603394,252.984348698369,253.125579267392,252.142148046524,251.148712140217,251.036532509435,249.818285348065,250.828040335211,251.421233755014,252.075153820932,254.273300804521,254.943941404768,255.084509375816,254.873643308892,253.382929859347,251.389044668977,251.9634905812,251.687210780106,251.647424553592,250.88498498249,249.600714007836,251.303740246769,249.071126831595,249.425779600746,248.641529520152,248.401161983261,249.047842641924,246.917992801699,245.575283439196,244.941897474681,244.736546519304,244.384494303129,241.261241697722,239.571517984486,238.847734371174,238.620333272081,239.357911492755,NA,NA,NA,NA,NA,NA,NA,NA
NA,NA,NA,NA,NA,NA,NA,NA,233.294739095852,234.941951690794,236.712143741,237.979362885162,240.148111733662,241.066886141374,241.8220952195,242.470822910584,244.16522493135,244.19260056667,244.446698302828,245.916821958977,246.020901784847,245.70951663002,246.795796013587,246.243624195222,245.886148629887,245.91758454965,246.742030036794,246.767845088874,247.008180835993,248.403993790295,249.956411936113,251.005357347359,252.403955794434,253.002464211084,254.053673256231,255.669488898195,256.535528810016,258.390639964151,259.088916220657,259.454737942718,259.19736602836,257.407168348895,255.691843815858,254.194802034782,253.124152539179,253.552635323469,252.563549226634,252.164760469896,251.037086257663,250.601630561893,251.771215383853,254.060589164757,253.854999609568,254.524331182609,256.30848000786,256.511907800058,256.321271043754,256.774910435643,254.699544082231,253.84341417634,254.197634007888,251.828022092074,250.624972362411,248.93788882875,249.708301780906,248.293367697399,248.905020612036,249.026533626241,248.268401735076,249.179252676441,249.788426777883,248.092690161282,247.499560342469,246.57391386226,245.177738845346,244.402292367914,243.064440456434,240.986211177793,239.50519827946,239.276270155324,237.858512727028,NA,NA,NA,NA,NA,NA,NA,NA
NA,NA,NA,NA,NA,NA,NA,233.555381107658,234.701749384114,236.104244231028,239.058393447513,239.675449050893,241.981251146239,243.909107276707,244.309095592677,244.935033926845,246.30904227674,246.950718494311,247.521524865417,247.908217784815,247.536887346376,247.164346330865,247.086165263453,247.368511483375,246.337478632345,247.428420143748,248.047144112837,249.694595050041,249.921346889443,249.986735089746,251.722336857519,252.821993157733,252.950961662604,253.733088058887,255.465394430184,256.67170781983,259.010162638609,260.061517455313,260.303106324469,259.211774373808,259.206280045351,257.456279154692,255.918486158384,255.342808543281,253.980458305437,253.72025903437,253.7025780368,253.875738312538,252.348070476486,253.151574657894,254.784106532361,254.155623923216,254.800619074245,255.991690112043,257.191811211885,256.49084736217,255.404006892474,254.987375620262,254.658996147331,254.653379022198,252.76540488831,251.510876177148,249.613588570667,249.317883062517,248.336964723393,249.367394815077,249.08681478603,249.492129595972,250.039536036512,250.002250990398,249.132629429135,248.73809811005,247.721470973511,246.119317012671,244.633167804797,244.320209020889,242.820536126401,240.808286638162,240.304525248049,239.670893208657,237.855409468356,237.016620971337,NA,NA,NA,NA,NA,NA,NA
NA,NA,NA,NA,NA,NA,234.599681700126,236.431962427065,236.816886219973,237.681765812761,241.178704918434,242.611659679309,243.233355522369,244.927401920834,246.017979721842,247.71287145939,248.467999182997,248.032446007096,248.6943642036,248.966775629419,248.742002664024,248.028368970155,248.793043350936,248.409417146411,249.911676457595,249.377780528471,250.355991970673,251.401266438221,251.838173553879,251.449699383989,252.062393053151,252.782478955548,253.887492135701,255.390431514304,256.448044500449,258.528955483912,259.597198856195,260.289973517718,259.817066124485,260.900598556211,260.259336133591,258.221559021331,256.284933176979,255.1035743305,254.068254157141,254.429012501787,254.121129887095,254.89141163293,255.172337119145,256.021672725055,256.357461071493,255.848045113964,256.828708923255,256.3663662066,258.052701745876,256.689316503588,255.493490237932,255.105369392606,252.672307806721,251.935164735274,251.69876934884,250.627350154769,249.712138323935,249.291784862466,248.714227779727,249.007337014192,251.024596734936,250.570750131247,250.748819628652,251.637892560594,250.815079539533,250.526935438166,247.774058552061,247.261172101908,244.954281202255,244.253084072963,243.29322600602,240.974310006602,240.040959972607,239.800008704606,238.155925732303,237.108765818226,237.311128676373,NA,NA,NA,NA,NA,NA
NA,NA,NA,NA,NA,NA,237.498078151974,239.187404283674,240.114690348272,242.059057512722,243.486269413505,244.564810205284,246.06583786824,246.456987028233,247.384200430413,248.049892079514,249.053655864715,249.091418428747,249.987131607365,249.982320956566,249.330144324727,249.340167589753,248.622050085518,250.603521463244,251.069623679333,251.731622443447,251.56825503509,251.284393765347,251.891613497932,250.873685955563,251.977719987401,253.758871642472,253.857849103692,256.740662966366,257.717438176559,258.667739131351,259.55149533294,260.662466645309,259.830343068367,260.3863230499,259.143479274564,256.430336499591,255.985910780276,254.988404369912,254.130536301015,254.895255198418,255.094730203809,254.7704778545,255.151626268856,255.248370744892,255.603994278036,256.892767384583,256.427876819452,257.239323930021,257.599560595362,257.262779482636,256.243219796209,254.763410347833,252.028918487995,251.338755887865,251.989805856059,251.11048350118,251.628060693615,251.627457219502,251.084158033321,250.617930428817,252.203500638672,251.684830351645,252.217904408034,251.518920728339,250.591428663421,251.069450293238,248.099867383039,247.005432082688,246.053155953661,243.927705794432,243.336554741812,240.648377295368,240.542562246683,239.490496971037,238.636075997734,238.301549241526,237.086011808067,NA,NA,NA,NA,NA,NA
NA,NA,NA,NA,NA,238.610696800824,238.486035149516,240.08561857979,241.942110473187,243.855878734259,245.57676147106,247.101453749639,248.775930526538,248.043507312374,249.461813532244,249.425004988458,250.120858668713,250.8442255467,251.244442521241,251.433681785146,250.300596278616,251.009610016052,251.490410623104,251.960725244439,252.839636712528,253.283738947715,253.150678049503,251.188812508351,251.033199052418,251.335529964709,252.075398255077,252.753901550656,253.939714942158,254.709544970846,256.563483157819,258.986317905837,258.685244158139,260.986634937506,259.486238857406,259.119795945619,258.673429646434,256.848808872023,256.843646670991,255.891890366781,254.886948112505,255.059621722102,254.841705093687,254.712237179359,254.861233168994,255.237224377879,255.368894668887,255.226805257951,255.522461184643,256.184895409291,257.108468235081,256.333881041556,255.288897124008,253.879961404419,253.203057012582,251.804560716594,251.398647720879,253.174744250618,252.000921151581,252.784540290927,251.69834393731,252.657458660335,253.152885846065,252.781106662321,252.78315288581,252.465764417606,250.775423035461,250.435853469423,248.938890496151,247.804799336365,245.180717160874,243.176954320893,242.38138529368,241.785476476178,240.819537081267,240.1290935577,238.544372376249,238.346814068941,238.175259613465,239.492972119326,NA,NA,NA,NA,NA
NA,NA,NA,NA,NA,238.193236114468,239.69388024647,240.182829691644,241.56900643321,244.607664551336,246.515310753859,247.908379396664,249.403680317035,249.435599720302,251.013945126237,251.927830503037,251.372855317363,252.825915699901,253.185725040984,252.967903206749,251.665090898221,251.696552066436,253.682031401489,253.284474022484,253.998887579944,253.71077219928,252.609918289944,250.87108988388,250.950629702168,250.682562809146,250.644761979962,250.945003755652,252.139341829376,253.632693525963,255.116541759974,257.864815222115,258.261522365314,260.21451652568,259.919472081205,259.292728117226,257.88935094457,257.436397768982,255.838965027563,255.389174088108,254.460612311814,255.001110063619,255.038160670997,255.686285077318,254.51761771534,254.564011746071,255.837355963686,256.013219640717,256.347260920419,256.352354618922,256.989283888554,255.3245708456,253.726060882347,253.537680483359,252.678601318887,254.12489666209,253.120749321324,253.092738273621,255.709077005824,254.651843746648,255.468645680542,254.921554854761,253.917965778746,253.856328116146,254.193962601945,253.635162891851,251.389494663723,250.780021046786,249.062157680824,247.760038283299,245.160616835394,243.490344851448,242.331612018873,240.66683510357,240.518998763962,239.570302976815,239.207346232761,238.888156945859,237.621681311351,238.618499924227,NA,NA,NA,NA,NA
NA,NA,NA,NA,237.022926031262,237.761071977506,239.014860603504,242.264261655318,243.87880778745,245.207914325566,247.092824140864,248.397161475284,250.304892330215,250.309580566309,252.417499427838,252.698354734264,252.72332480488,253.222593085299,254.220953054589,253.769937217575,254.268659323605,253.907999307082,253.318557114502,252.314251766792,252.905656593114,253.141563019782,252.501403153316,251.771720410341,252.047762238721,250.644152620614,250.543691699043,252.11891119847,253.009463043471,254.506331929784,255.052158503913,256.276053428703,257.155858818683,258.520998656711,259.307325932361,258.59056683478,259.698770948376,258.371911954401,254.964074506347,254.392946700208,253.94507814637,255.360386498212,255.054324698115,254.10367168096,254.24407646804,254.611367175648,256.800368406363,257.263618376598,257.105118088633,256.37368291218,257.335663420307,256.207566913638,254.468168550697,255.4564709883,256.536857697408,256.092442548549,255.468171058119,255.367663526806,256.439252491539,257.117221769236,256.660789063919,255.918397424699,255.543340012286,254.990049454275,254.510604304844,254.114563139817,252.181946473724,251.222539753416,248.522663281565,246.430538670017,245.4326449256,244.134763368322,242.292482222502,241.72798840782,240.97434708763,240.943520098219,239.337818589667,238.666887670414,238.24787896859,237.658165091852,236.756767482455,NA,NA,NA,NA
NA,NA,NA,NA,238.930674050369,238.868307927481,241.413514860904,244.100778848462,244.876560065925,245.797605894198,247.685724500657,248.489047584188,250.26729382371,250.80683681137,254.332275009045,254.894349592033,254.342212238904,254.444734668916,253.367355998201,254.65842557526,254.199122630036,253.575419789554,253.579060447536,253.317381448843,254.057043276224,253.868586917029,253.655623314245,253.313670833826,252.589993298944,250.286597040151,251.417004553014,252.665278873128,252.601258989036,254.076923892306,255.627786597745,255.161525439294,255.42589397797,257.071931196039,258.97788620587,259.59072065683,258.62571571923,257.63106942781,255.667101070578,255.00158327988,255.317416371016,255.076112352398,255.47902070554,254.734724590473,254.736237690662,255.625543928298,258.892927720716,258.272074216636,259.224864131292,258.834663405968,258.944046543862,258.399570869471,258.349206453994,258.463573574043,258.423049607733,257.463782943132,258.279702689083,259.66097859001,259.507584284797,258.83884358428,257.365966086721,256.178511449769,255.597661444545,254.607712408988,255.458861448388,254.071956337466,251.962510203246,251.301878567138,249.740412933535,249.424243156716,247.748435190823,246.346496771213,243.825143602987,243.212150860613,241.879735495992,241.452033910019,239.858652032298,238.505741602098,240.134568783443,239.524241547518,238.458265161847,NA,NA,NA,NA
NA,NA,NA,NA,239.307466980832,240.214463244086,242.39107673894,244.853860028681,245.987217376025,246.795435593605,247.651938575539,249.181365991109,251.333672667242,252.44429031445,254.798376686459,254.95088034715,255.338418548128,255.858724815606,255.095670240358,253.811829790062,254.362489360568,254.448575426995,254.453818380351,254.745915669924,255.006653337616,254.754540188729,254.529199379723,253.774289523878,253.335440247253,251.621099417807,251.722405522891,252.518641889719,253.160267358975,253.003570564206,253.322935560922,254.42362136498,255.69733124824,256.657293001513,257.262185120485,256.955043445067,256.334713979008,256.286619149947,255.750639684547,255.105062750476,255.763134993939,255.333264875173,256.707634398693,256.133067299127,257.371817724347,259.182248368187,259.904808561011,260.28207290708,260.634861997938,260.003883584925,261.308642261648,260.41440540633,260.282259032372,260.533046835441,260.356818652342,260.359154281441,259.937883639725,259.391648087169,260.061544314495,258.121794665017,256.90911234195,255.728527249768,256.289507795469,255.749038778124,255.088166756792,254.511678251264,254.207599432037,254.00383097115,252.348246795218,251.279564956442,250.040976584381,248.940367908847,245.189236661926,244.530078834843,243.321598136901,242.537675464593,241.743293339106,239.799934992245,240.121844733508,240.157208287147,239.266007834101,NA,NA,NA,NA
NA,NA,NA,239.004307998207,240.040146984298,241.267130870537,243.784911146486,245.675243830728,247.964118521962,248.483629149406,250.485922200036,251.36582865137,253.991759764757,254.857507589575,256.894821690438,256.953281619397,256.422299864432,255.904958371621,256.177453605757,255.659525780369,255.788385815231,256.131304750846,255.734596638002,255.881792278057,255.901360946935,255.782717077901,255.940798730001,255.215082710825,253.721298379162,252.076291435044,252.036659434352,251.325179091802,252.091381898453,252.55210089181,251.024611406825,252.641493401547,253.084156503171,253.564106369508,255.310075212158,254.963766663414,255.500514857548,255.653539278976,256.649545251677,257.121831210863,257.151061268763,257.423697444616,259.185151622917,258.555339579844,260.626912368274,260.793960360214,260.617944007572,260.329871865229,260.122932187924,261.027155686509,260.578606825042,260.811984967778,261.186878696322,261.278444811957,260.683107641335,260.847641565343,260.813631424006,259.05420772586,258.692935578149,257.136909451202,257.020885339045,256.424019966305,256.679522192489,257.421435858974,256.350031503312,256.019329031214,256.106380939004,255.537467388729,254.121055244596,253.091290471868,251.837230352319,249.540581265498,246.550321132638,246.539551349906,245.646436946987,244.199610755816,243.423304063316,241.406828375336,241.817067162402,242.277931203417,240.83238071881,241.077590041807,NA,NA,NA
NA,NA,NA,239.493732711258,241.401431897708,244.238993055767,245.577296975063,247.477994795884,250.012188717202,251.416739677054,253.177439099356,254.454208477824,255.274736468576,257.716708769347,257.908323500667,257.059966665047,258.178586792836,257.087983325449,259.32471814226,259.820199390418,258.661958949037,259.030288928839,257.948504262445,256.901122719949,257.665097043656,255.525713231122,254.984541797413,256.018638381535,254.070585425429,252.343871707849,250.638428331296,250.103294810877,249.477397102114,249.163618481413,249.468776340515,250.927248010706,252.361340563216,254.032056221737,256.273319157283,256.256485552105,257.451055313934,257.185953254441,257.216126687648,257.902702094949,258.980117334219,259.98251155895,260.58637702834,262.220208224889,262.532990172148,262.461406409087,260.84593884277,261.183735077691,260.913697758854,261.565015117703,262.234787560186,261.106145500405,259.93660236254,261.967506479994,261.833968287705,260.591790399726,259.722563222351,258.328358121418,258.049757777644,257.800923628516,257.808810094437,256.90521149616,258.640728985184,259.41183172087,260.179961199728,259.216749812722,258.12965749518,257.542304232396,255.78298106825,254.068232512028,252.36601172226,250.782616200575,249.192310876514,246.770380929984,247.941618395481,247.23877981616,247.50870589154,245.22355822677,244.274008049991,243.840444490345,241.883908798927,242.469064996051,NA,NA,NA
NA,NA,238.435095795889,240.250417145621,244.040524467396,246.947722155841,249.533829898828,250.772232675918,251.729664126019,252.932738912757,254.711496987529,256.98202055032,258.019905724115,258.649189872807,259.826339643451,259.336741832325,260.608013783234,260.28404820062,260.55941286485,260.719055549522,259.856691257653,260.80010830645,259.567519992804,258.02362946488,257.699520305413,254.892999278398,254.030446288402,253.914554432626,252.158591171458,250.648240272489,249.909605969632,250.112642091284,248.537411037603,248.491453418028,249.607478104615,252.830106740935,254.281888038982,256.494460610135,255.988937960487,257.266626305632,256.444355709735,257.122346978503,258.191467204401,259.37845874975,260.181362936735,261.521276363214,261.192293362426,262.719425457915,262.154434234882,262.218930406388,262.212420421816,262.26475530743,263.390446572141,262.853495184196,261.595232863951,261.293875882623,261.295783776744,259.999143385114,259.246990734498,260.515299696817,260.594355035289,259.761224187096,259.441405941532,259.995129676691,259.422671795304,261.996101259893,261.880006684357,261.985763759104,260.354732610261,260.896798978684,258.444118728037,258.064588098837,256.513323797252,255.13431410439,253.140894786395,250.760865360391,249.983970664259,249.633436728909,249.633620399446,249.542944589609,248.369683135371,248.428436725912,247.131617102352,244.839624346194,244.903401199013,243.41435580645,241.941154033388,NA,NA
NA,NA,240.709947077611,243.967231201086,246.728885223576,249.066322531825,250.792448158113,252.403075147181,253.709080843134,254.162391843668,256.718585973619,258.499157152238,258.766746568097,260.476590694868,261.155790514407,262.114292433964,262.438643922186,262.147243763925,261.527403136591,262.518021567404,261.199217554631,261.364398421395,260.875309959513,259.648141947286,257.726308686528,256.128175389088,254.209462062225,253.030666277507,253.065386528399,251.788497028106,250.956301965426,251.424830503717,251.397829608781,251.237782580219,251.48989757553,253.55597336006,255.798685770916,257.176618352041,257.38678529461,256.81412563817,257.657083483308,257.444023535417,259.446892524406,258.968110874994,261.015647181035,261.185800099232,262.165188878026,262.760247164696,262.65350636706,262.871674063852,262.546609315151,263.218800676708,263.84268273945,263.077708007789,263.019351387445,261.745841862038,260.5691465165,262.497305278282,262.160913954466,261.956196552596,262.227376035532,262.643997629058,261.519271219741,262.20834546201,262.1594355769,263.343527140591,263.468402884333,263.380765506213,261.519246634549,259.958065437564,259.678980464393,258.492148064247,256.606722629431,256.032274482093,253.066092045226,251.908393695836,251.338097294246,250.343041790795,250.057936026963,249.106445882606,248.619891492251,248.918521399155,248.73893106867,248.157888591328,245.350924204552,243.769821340048,243.146594828905,NA,NA
NA,NA,242.268662776622,245.294720887594,247.43844390024,249.95517131776,252.154653809257,253.561156015205,255.161175225988,258.636371529908,258.734815321126,259.61743627286,259.759903433956,262.567994572479,262.706113513305,261.345137711804,263.478064491435,263.067993720855,262.739403471568,263.306555183765,262.895120005948,263.406372380618,262.673307001579,262.206998854461,259.94170847554,257.166228701977,255.511793219749,253.648388703905,253.860061210805,253.001312880878,252.236266690266,252.767051662416,254.437497882488,255.265914730481,253.49700588302,255.006000948803,255.62701606492,256.865597688564,258.121825712715,257.182255182473,258.27627304457,258.74111487447,258.403637522488,259.44659417102,261.363359022256,260.567590406567,260.058692275505,261.050028426531,258.721492003291,260.529530483684,261.6212381113,262.473673004993,262.913086895072,260.437841865993,261.108174801822,263.668834556726,263.529485105138,264.516114712238,263.14688683834,261.360441451018,262.021368464232,262.702862424211,261.325854640291,262.508393965886,263.315589997349,264.391018400109,262.784115091029,262.290192605891,261.852373582419,261.732858167362,260.077959832123,258.77466261322,258.237863944032,257.415056965169,254.709064137064,254.219950064946,252.745311222518,251.653055075356,250.002332782893,250.008176852525,249.806076123268,250.492879822465,250.377487506698,249.653197299465,247.22230186848,245.631542949425,244.19057344332,NA,NA
NA,NA,243.172785558152,245.084288199246,247.270374515904,249.212541901093,252.450260847053,255.519905431846,257.629550370499,260.279099602288,260.619019827715,260.000113235677,261.199069820418,262.835055616156,262.957583826908,263.770355315278,264.872611225124,264.877024435631,264.874767467357,265.359683292008,265.043856238118,265.000092880362,264.278357635944,263.293603090438,261.996635494242,258.53056056079,256.743256683324,255.531083192245,255.391174142535,254.074434965038,254.001063283077,255.357912840261,256.589192387713,255.261801827186,254.70086035341,254.558653977489,256.129753745996,258.117522393229,259.071410477648,258.520559572962,259.119093592885,258.420967444699,256.889712966886,258.26891492463,258.803345626991,259.115707473729,260.258948435403,259.773548167344,260.43800716293,259.545911944338,259.307813489802,259.990738528134,261.04500558454,262.399563315412,263.785625939336,262.792469957102,262.74434550977,265.483287369292,265.375917937416,263.110487756237,261.725626102682,261.954414815789,262.109938202616,264.003407368667,265.197447233957,264.830648360521,263.42741607486,264.582787389521,263.674150562247,262.677791432266,261.409084103923,260.277135732528,259.632708881069,259.392113990784,256.857748408565,255.304745624914,254.782644975561,252.389404743876,252.738565547082,250.568228286602,251.425965172497,251.550639120655,250.896802987384,250.424939639517,248.009858097215,247.463207265601,245.735529842942,NA,NA
NA,240.972792574024,243.926845987589,246.697632347967,247.545368203821,250.136398195388,253.978652499149,256.755862008638,258.998802846402,262.286914335979,262.14894728911,264.503735762556,263.484271059672,264.861544578019,263.971736272111,264.516542764459,265.886545741631,266.722490395905,267.148963915735,266.814860643763,265.893550204024,265.681585137636,265.014545028981,264.184489214399,261.889918927143,260.660629680515,259.076744849738,259.071144954273,258.262711971217,256.748119610679,256.122540455216,257.28316955467,257.237243152362,256.92934384542,255.069642446592,257.24762371461,258.054274206574,258.21701760967,259.857051157527,260.099415380513,258.965407662856,258.793652321918,260.792872350187,259.809089985719,260.690079175982,259.022146027628,258.630303698312,261.588696554744,261.170989333217,259.26349801956,262.935188711175,261.379457023142,261.240945005524,262.154483044084,262.356898429948,261.929744391326,262.04302329641,264.61327262824,263.659544672938,263.051725160365,261.405702175085,262.443837904788,262.67252985419,263.614278272389,264.283947717822,265.091870006177,263.902026671748,264.05070427165,264.260528974706,263.303624661177,261.135549639329,261.482133051442,260.083771334038,258.701693014733,256.281429124784,255.999612500061,256.01421849371,254.89055063022,254.376891610976,253.800732546981,254.31659224122,253.358939511337,251.649634956516,251.297096178288,249.794687067538,248.943630934681,247.01190133546,247.546304957251,NA
NA,240.445121645747,244.069057820726,246.475884508519,248.410304790227,251.365914357884,254.463912681808,257.168386742636,262.572276542264,264.465806918691,264.095668199753,265.714684511417,265.093910004433,265.603386872379,264.504474363368,265.52021660171,267.071609052888,268.05153304356,268.594458893749,268.557648682601,267.625385278252,266.813524139823,265.977486286495,265.570727281256,263.658990480105,261.883477076956,261.414686838103,260.801277719029,260.693523880445,259.259654359797,258.095400568633,258.542703901823,258.193389812814,256.613984102868,257.434898813008,258.299305484315,258.958681533626,258.611219508625,259.121328378252,259.576453706893,258.81922339448,260.82919106547,260.55322909859,259.325525300734,258.682975113083,260.579690428554,261.23040236499,262.757478320719,258.618209247764,261.392161764168,262.200225887389,262.55857168294,261.929852234361,261.280718509927,260.077332444964,263.296596560061,265.591034486093,264.384478000024,262.716035780595,262.783604643345,263.114428243177,262.06243344973,261.269978626368,261.670378390901,263.064576959302,263.943578665543,265.060502752469,264.671535279573,264.321682425153,263.198275437851,261.939309578635,261.02987578839,260.379382865234,259.717832198688,257.910493022544,257.265644454629,257.837274227544,257.496657580866,256.888471552163,255.635607523756,253.801338094242,252.843125997073,252.188442682204,253.222790594629,253.358712316441,251.411170155263,248.781263665613,247.253285352536,NA
NA,241.195156653519,243.363087156647,246.281667002976,249.267344545281,250.812366839729,254.934248922939,258.674600011244,262.092791149315,264.691472931614,264.023323851592,265.829807487372,266.553388598127,267.249885911264,266.141294376008,267.096602643416,268.50730764942,269.832507821254,271.355759227419,270.026776426622,268.585383693386,269.129004730804,268.022025628933,267.089355343026,265.984226955036,264.761420485145,263.079839807914,262.3304131912,262.785805182669,261.655032128381,260.283860913364,261.147570901283,260.130772622267,258.529532067306,257.698252648704,257.688310450875,258.606836135343,258.038614629321,258.894751340113,259.403934314966,257.497553881295,259.002230079622,260.16695891823,260.184165172562,259.90718032221,259.110401383923,260.119547333264,262.320363937067,261.048643097925,260.828366283241,261.726972484414,260.886606655623,260.292627116865,262.17229566497,261.143664174908,264.511422958371,263.817661646656,263.393314234734,262.651714683383,261.989876150222,262.369878982737,262.127003020056,262.192630303124,263.078354558042,263.523647009033,263.890501840015,263.497261820338,263.980350374829,262.868309008025,263.372491718506,262.807076403932,262.922795322585,261.404884295184,260.317989503596,259.759766428566,258.814227400824,258.391053977766,258.645089061228,257.760725046283,254.44879091479,254.279226208552,255.105089826388,253.926985219211,256.082862974981,253.07568838269,252.791216052117,250.303229242273,247.627730118044,NA
NA,241.276571187393,243.624181614015,245.830318181169,249.120150472334,251.92675825016,254.900377249542,258.181856705035,261.172305743756,265.5919985661,265.219751809546,265.886991654898,266.014112408071,268.338500160804,266.380809154134,268.684192144903,269.85677489122,271.376243646794,271.033930107289,269.721205917717,269.138516920241,269.452195706923,268.85060201311,269.244996280578,267.87410373654,265.544671816483,265.643621350911,265.710819673378,264.265723962089,262.818613225732,262.626116143146,262.306565379439,261.695782964439,259.892575771221,259.101435903269,258.983463103111,258.94002441621,258.808685138447,259.95387865116,259.096880101476,259.53863589282,259.289917014218,260.719774138119,260.286589033468,262.310643007526,263.537242561304,265.838084497101,261.677066810508,263.057474388173,264.931236773335,261.353241851909,261.124296800564,263.490568657077,261.802950202582,261.040436829735,261.368825934586,262.499346474008,260.122600760685,262.27036588563,260.469093767549,261.036979785034,262.09088545567,262.454378281942,263.962088199375,263.868744728554,263.716655789945,264.293408441428,264.410797639314,263.65543750924,264.071754315492,263.877168350028,262.739961292511,262.148605009623,261.310209863904,261.554204397591,260.659031699905,260.190369938686,259.929118461959,257.343353923079,255.322646072044,256.002629580875,256.956716777936,256.782296444377,257.264195191481,254.841898612863,252.920803123731,250.280430442758,248.23651354366,NA
NA,240.219397934493,242.603715358431,244.870599513975,250.047013411004,252.286893735579,255.227554659221,258.978618951386,261.435325620764,263.329503444006,264.483861080207,266.020043414415,266.877187762209,268.851730049303,268.541789888615,269.314252784334,269.533222755854,270.097329028532,270.311144333781,270.371945739672,270.273186343091,270.209307967241,269.98473841737,268.506423148888,268.506305316382,267.850635097633,267.717628456228,266.676588539777,264.762427285532,263.417079841448,263.887938895332,263.786153632706,261.614221163718,259.476632322288,259.233958602358,259.300071863084,259.202032968957,260.123012001587,260.084539527519,259.983306413088,261.365817236871,261.203782449149,263.39277175739,263.317109548036,266.83684714049,267.789515189488,267.967609417632,267.259645637465,268.662778693001,266.949326222329,265.092501316924,265.188764816204,264.046420923259,264.33246857553,263.101698566676,261.738121452539,260.758080032053,259.759088556763,261.00871538264,260.558911751213,260.326314547318,261.547259359067,262.075926544543,263.03814388011,263.817052142007,263.660988939243,264.890904318004,266.197934801576,265.543154842047,263.915448327677,263.820885829867,263.661765455571,263.560834083377,264.150959414122,263.823342757941,263.102733484961,262.782318634345,261.252665558804,258.119835180182,257.711580400086,257.706073804665,258.724997095468,258.170569265859,257.246011830545,254.242964143588,252.813525507579,250.928241802219,248.228936352776,NA
NA,239.759665492193,242.456094330114,245.167976276465,249.406789169338,252.499396176787,255.488355485721,258.360519427768,260.240978853365,261.43519622256,263.430750114048,265.727860305261,267.405957742913,269.217625819828,269.682877014524,271.867629287937,270.700161902738,271.391347647805,271.406248448951,271.744957635685,270.828997652164,270.699307135427,270.419651376251,269.064118331234,268.771915440076,268.789702701945,268.403886496057,268.506772304669,266.649185871343,265.178706909623,263.780257439695,262.684464831546,261.038795833151,259.425815722734,258.877430040969,258.930141043985,261.022324527357,262.233922461769,262.033162035861,262.112882434984,263.581916850999,265.226445961611,266.037957290357,267.540234230174,269.048679252225,271.550708111366,270.373629942679,272.062848597791,272.222130925619,269.616883222156,267.700021969296,264.143232701703,262.811460922058,261.949953609612,258.073794448825,257.102281252432,256.715306951385,257.694278908758,258.742675716998,259.757231898818,261.408056774435,262.221465951808,264.065950245891,264.796123461539,265.014468818338,264.922512371997,265.393429564892,266.134522369412,266.141750446948,265.080360353485,265.355373656712,265.013152232115,265.121665592891,265.841624904995,264.433803409186,263.660568859743,262.788876776772,261.014734495665,260.189436702402,259.568521033937,260.586879994909,258.781182315152,258.994510643439,257.704316880455,255.38885560457,254.247147164841,251.543056668938,247.416447220336,NA
NA,238.805880843104,241.957178369009,245.491657241946,249.769071778044,252.930622231428,254.124430404419,255.20349064963,258.760085861812,262.010277272289,263.369168925437,266.08393648308,267.739072752516,269.576309314548,271.451821141108,271.945907083082,271.502738848546,272.475533890027,272.171574975666,272.562949485986,271.447186158758,271.33726836039,271.297772127099,270.913875993472,269.40481700677,269.148368081402,268.338272446303,269.087899828999,268.635817916259,265.331963069548,264.211646018124,262.848094713827,262.607425891147,262.359052299275,261.406449288652,260.322350216594,260.61543550474,262.384754767001,262.50246810619,264.429959184443,266.077689195043,269.200077227773,268.120884877637,269.69270059554,271.006496843766,270.438580074634,271.72328580822,269.886538178787,269.315667577789,267.08682502535,266.049138615912,264.204224894923,262.709654787247,259.195840022768,257.807493330288,255.108547689502,256.236260781349,256.814209023864,257.856583363035,258.543488098653,261.601266574398,262.648048805446,264.864848743025,264.123705758703,264.892972413677,264.964035862693,265.340609167386,265.426888011298,266.000873492898,266.573849491883,264.663064749394,264.734575308892,265.730722429692,264.262183099138,262.661291951227,263.794776983835,263.58853326764,262.771388481036,261.141563095494,261.918612375743,260.781211953545,259.887567723734,260.434532798245,260.475904609585,256.402103357289,252.872688179295,250.246730360831,247.489616356843,NA
NA,236.252129219877,239.745152534268,242.527205460888,247.590609794308,250.527091754073,254.329702299843,256.22401443873,258.866769797786,262.985624340147,265.799560837284,268.440595279597,268.952138403838,270.60374333457,272.441854589596,273.973059318673,274.567686210776,274.066217765432,272.918412306511,273.398876193595,275.029019366215,273.478955694369,272.367223807704,271.678141359068,269.759736267776,270.431992096345,269.744963337353,270.563121242507,268.537308224103,267.432122263636,265.993560109829,263.79537803699,262.676547102046,262.821340275947,262.437583352361,261.0285262499,260.686138583198,263.707876494831,265.623149226303,264.797501393995,265.815334535397,269.568128207682,269.729011063503,272.36550467882,270.02534338089,271.548138186016,270.004332933447,269.56401985919,268.679909149818,267.788440951723,266.496126164429,265.644829666584,263.493389081222,260.751822488182,257.990559381568,258.435295805787,258.087682311556,257.766665022026,260.39740537532,260.358317407236,260.463524003926,261.340533961797,262.734650309218,264.548996370095,264.689283221292,264.804847381807,265.229548766972,264.584042281868,266.745494765233,266.557607478439,265.943280232625,266.29637846145,265.073042720913,264.905264906686,263.690468248609,264.157986620711,263.923629066799,263.858771785619,262.84135267925,263.148178440538,261.664194954828,261.230140317691,261.239682840873,260.682157861402,256.897841442799,253.1832727825,251.408002214293,248.608074885498,NA
NA,234.979791618027,237.50728481458,241.585462553789,243.350271407934,248.575723661659,252.424238006063,257.544070797245,261.172280362112,265.371151876498,267.252378232328,268.682474907719,270.406350084679,272.28665982211,273.992299218133,275.47689060288,276.141102336201,276.702231676758,275.99517171714,274.877411556606,275.222961559325,275.431224800179,274.42572452474,271.978619474217,270.478542207639,271.397517881701,271.097532340352,270.780291734376,269.297250847373,268.959698789201,267.480703783529,265.435270661235,264.365233772543,263.545848984656,264.071225766884,264.036146583133,265.209303019125,265.394854326389,265.299562230884,266.110381998966,266.665138531221,270.19331495256,270.007081142073,272.592044961456,271.781943259015,273.209427545099,269.89023747814,269.886245303132,267.948462169661,267.245360963413,266.38427955191,264.935074434715,263.611130796123,263.697811592087,261.258457236607,260.797151590113,260.39969495206,260.004893512045,260.364487085586,260.686510411655,262.167279604576,262.812675469961,263.516710454359,264.011664762844,264.657780007952,265.827065504505,265.516173511787,265.583076563793,265.895797568342,267.254554657269,266.671910837197,267.003758787455,267.211171051934,265.766872405323,264.919499517126,264.034381580773,264.651078901003,263.369681696623,262.93131220726,262.286526406523,262.587781265035,260.171089269327,260.068520955044,259.435988939583,256.73136115576,253.309099807137,251.705596889812,248.576744231736,NA
231.46110627401,233.480109331617,237.276407745971,240.600788928462,242.432360387388,247.406705930364,251.979906571048,256.211474968208,261.345015964366,265.342476034368,269.021609652295,268.782506658579,270.984921290893,273.190360662566,274.110050511325,275.105044311483,277.291851678445,277.521735983367,276.736970078304,276.950376978148,275.985716790224,275.159838564429,274.052781705106,272.708181956629,271.264917609881,270.825795332114,271.989367124084,270.421121009089,270.312204296809,269.32012287266,267.498590063729,266.769540236054,266.333853825989,265.732525863777,265.406633414126,265.769474772253,266.015021114098,264.407755728485,265.221736568273,267.653243792717,270.052947936213,271.416633708862,271.327500925944,272.073919493041,273.359344554719,273.378234221904,271.616536199065,271.625961390666,269.380985908593,269.378631528069,266.887632644023,266.04219605769,265.048094887922,264.831360571886,266.493108860267,264.518329186854,263.530650650274,262.118699989105,262.309390631373,263.42713689971,262.41871117853,263.427218567863,264.140136959593,264.951126110927,265.55149036183,265.135537375952,265.346267731708,267.459742376035,267.180480372406,267.697024190381,268.212941921341,268.85813664361,267.802470789975,266.864534374565,264.935487096227,265.304019464594,264.642655632468,263.344050937408,262.516618974253,262.28028619616,261.867530656425,260.100984984737,259.741897339845,258.189401734861,256.579344905013,253.10241877477,250.785861537325,248.418920078699,245.870713919927
NA,233.134134720785,237.577394929587,241.072800706419,245.229718596091,248.517012264979,251.667104889358,256.685619704326,261.499237745797,266.36398487732,267.698398428043,269.029987922616,271.673742915505,273.372619770064,275.177071932484,274.736933959198,275.378306926241,276.13418253689,277.306986341129,277.550892331719,277.194442359841,276.355790618338,275.027469690782,273.335461239781,273.674546581838,272.380149230659,273.419621577225,271.662674225417,270.336991887823,269.746793276274,269.805037976681,268.339931318161,268.404537647205,268.654563379939,268.298653180882,267.867903713606,265.194144022987,266.99759168197,267.477158488862,268.470452933444,270.288463114871,269.450268432138,269.633113534995,272.311853493184,272.585676440654,273.243657421501,272.55585815221,271.12666552528,271.411228283846,270.145225662105,268.98467059844,267.667793022932,268.016704356338,267.172329460785,267.671908371212,266.636251241177,264.659423556697,263.645273316387,264.111254293587,263.220205016965,263.458825318458,263.719793416742,263.926424326237,266.989764604219,266.791060232201,266.550775990981,266.704254316066,268.444290124172,269.724525596593,269.286178649071,270.133927927046,269.476663959189,270.138074081726,269.120068596284,267.449657935997,266.779141017376,265.005935359285,265.252951471625,265.349805113055,263.979445884041,262.807174263926,260.371350230709,259.211455412692,257.419666287948,255.554205803952,253.314755644184,251.479432992421,249.873891804661,NA
NA,232.365856086587,236.019586362592,240.939644757297,244.355873019558,248.065349733913,250.426052302259,256.981294784124,261.829606335301,266.740452196847,268.707930376317,271.152414168446,273.972388936499,274.888456205735,276.145827519936,275.039926648435,274.297391947124,274.848733852349,275.556474310076,276.342344292464,276.66695536718,275.511413880663,275.172725159556,273.903229072397,273.314039417366,273.445033025614,272.270027616238,270.483384111495,270.287443089008,269.832625068789,269.323887522306,269.737910372101,269.122298880474,268.846291127829,268.031456176317,268.078462546324,267.024446218335,268.271508680669,267.978377629299,269.173462803397,270.085581704418,269.955499194346,271.617159943755,271.658632490065,272.712192189982,274.79349880147,274.098870869619,272.860804648739,272.152723952812,272.082396857613,272.047659149358,269.885832109969,269.458733855243,268.292477462164,268.386174220603,267.250492209228,266.451987621268,265.873907199286,264.405912536155,263.97745651284,264.807627334337,265.480762112105,265.909346301164,267.644298667233,267.669827886685,267.672128946724,268.741837808403,269.812762721193,270.761924907249,270.190610033747,270.008795181607,270.928811597105,270.981483800369,270.7442224458,269.806715239842,268.486294943744,266.315185734705,266.406657435564,266.343319886244,265.954668253849,264.170112195773,262.483481077868,259.572672097877,257.547909545777,255.931342309871,253.922051646274,250.090341394987,248.989764667431,NA
NA,233.207914584686,236.030803874073,241.196045270016,244.460047031686,249.518021700727,252.734322387732,257.036016130036,261.153717063988,266.987131920449,268.634875428989,272.353573098293,275.119263640763,275.7047188587,276.336122623583,275.589051636934,275.255370054515,274.546024847775,274.859688637163,275.04438185129,274.568780019617,275.704169547457,274.763205325343,273.686714005194,273.918819371905,272.736531653213,272.290171770646,271.037693261708,271.37922409102,270.553586442121,269.658067407278,270.763417608225,269.772961290834,269.903116785173,268.590420711725,268.765322334219,269.37587820162,270.263072344842,270.291528745365,270.841146517914,270.500914712744,271.346272339446,271.52867577733,271.969694922914,274.157615872648,275.83812818257,276.054792548405,274.128188232917,273.798403447521,273.251029478554,273.024603595651,270.124912086988,269.553665254128,267.559377103481,268.738965297688,267.96580388073,267.27682446235,267.154483879758,266.560923496647,265.307956975509,266.427002382063,266.844157808907,267.828703872759,269.286474340245,268.05262083497,268.666739806971,271.535068034559,271.089317676393,269.911786173551,269.24784549164,271.518894152028,270.512269792898,270.063420883574,271.854733059924,270.427412420026,269.921000082428,269.256951495577,267.407385000584,267.798764862001,266.789329967243,264.59467135537,263.173506173188,260.35467556755,258.578281413937,256.128503192607,252.778720119362,248.06954153725,246.864289415073,NA
NA,233.361420166217,237.57759505336,241.248519475238,246.347441098371,249.254610098421,253.66451321682,257.340261710184,262.756333446653,267.623342753038,270.495010229098,273.073062246338,274.503930686349,275.424722057475,274.642976493727,274.405258047493,273.835115694255,274.802763795824,273.852015788424,274.024782330494,273.357757301908,274.350328464158,274.228379054508,274.013353532071,273.735117318223,273.97100257449,273.790445360748,272.489030521373,271.444737462222,271.453482305654,271.471531968249,272.520760270866,272.034176918802,272.927261398223,272.271905457475,270.575762703299,270.478758140331,271.638611015855,271.914533984736,272.256227492407,272.865673234848,273.586626251576,273.26793471179,273.92294013695,275.03977590317,276.511940226319,276.070904684955,275.828106525436,275.794569623885,274.782018835346,272.987168055458,270.507838977127,270.079494984392,268.115204076064,267.557941711737,267.136571445074,267.274756938655,267.873145832869,267.411284782024,266.455012695917,267.073999113813,268.671688639802,269.660970953495,270.306045060338,270.831700010197,270.968429211213,271.863311178231,272.216831730655,270.246905369012,270.803030983618,272.476129279902,271.997595723965,271.177813611665,271.089866302345,271.831260075026,271.350446635208,269.434507702682,269.035979640553,269.930409390778,268.398900706185,266.121169892554,264.67865549876,261.42710419144,258.304345828053,256.058590884273,252.87725250019,248.662728570397,245.043645976483,NA
NA,235.568844989107,238.024014917875,241.544226517416,245.705625946676,249.56262208117,252.724106500317,257.878049352172,263.898919797003,267.927891268989,270.453961096007,272.220079649009,273.798114111242,275.068958413341,274.42860237129,275.131762070398,274.946822552945,273.830594839905,272.607124920759,272.969077723093,272.002572074075,271.901532553815,272.707862794551,274.131665090548,272.770284252207,273.45491742385,273.497052718547,273.564732114223,272.410131315976,272.034102531256,272.597558143217,274.118522542127,274.146315417116,274.78257614932,274.801352658314,274.186736870279,273.064532428716,273.963671188079,275.101360610599,274.450140656856,275.221187300624,273.44643583269,275.022565737105,274.880495324486,276.138186225337,275.377771531887,276.560585258497,275.093303648335,275.843554395727,274.089526143773,273.168988067302,270.845096227034,269.269195395009,270.20299219131,268.61149773083,268.032539521757,268.972565209024,269.408723474551,268.454562160647,270.174414779673,268.279538083666,270.218167673303,271.816959457081,271.821693141845,272.718040319223,272.63445282725,273.575190376026,272.694121655232,272.285506410471,271.585043887995,273.554402886581,273.931348246907,273.182158224857,272.586677576798,270.721482062845,271.867240542084,268.884787134573,269.049460510395,270.40957633057,268.451185399261,266.590318161823,265.168274213437,260.910855389684,258.326004785389,254.809834111142,252.535927123127,248.399957341451,244.938390972421,NA
NA,234.766397005729,237.536312531414,242.078918023066,244.396040874889,249.897685325367,253.378660990125,258.658047763874,264.399914170684,267.649573253335,270.821650422912,271.831690904238,272.264350427081,273.891885398574,274.609135123608,274.731565216186,275.521302081182,275.000587998979,272.45103441171,273.068421904183,272.774314634159,271.099455068088,270.152808957527,271.592406417284,271.723126622418,270.751645881001,272.683136640324,274.288206970161,273.309607641919,272.914566687351,273.384363130632,274.090543906897,275.186147554832,275.028393576819,275.074138540788,274.743033031469,275.051897783937,276.485606650401,275.898112761062,275.460171548367,275.683720873324,276.20984655811,277.245545104922,276.743285711809,277.407972370568,275.805261098375,275.792977460326,274.416781213605,275.698264325692,274.41541487391,272.968060631172,271.540389455753,270.756502929238,270.328091156223,269.316038768621,269.750835598802,269.1032244949,271.288919078468,270.83170282491,272.168693181331,271.11060862633,272.81357279723,272.972454037614,273.65143764342,275.137399925607,275.458440661036,275.131184806503,274.304434089655,273.432020025466,274.383912869811,273.742183172608,274.448244317836,274.963684137316,274.743765438022,273.375719459327,271.964629542684,269.647612765953,269.328619487432,268.255927532482,266.840240640551,265.66300484437,263.165636760191,260.591266243255,257.871581120196,253.708906814517,252.423292567843,246.947475365611,243.083195644756,NA
NA,234.462095449089,237.630996512899,241.990605920182,244.105257922522,247.7200222696,253.645875603815,258.534514289276,261.167625513674,266.426655468675,270.016424416235,269.764101159756,272.583759600511,274.444769820019,274.612624116696,275.212918091555,275.029290633487,274.671728109627,274.00041607744,273.705349355147,272.056406431315,270.926308205646,270.56063545622,271.381239560806,271.429091831083,271.397055486061,271.555722971485,272.070679843207,273.417988110871,272.019273404669,272.2486694387,272.927155491039,275.034321466579,275.31725962036,274.307277222039,275.032209237742,276.876511293354,276.960930156007,277.344582855803,277.23910441433,276.933525712708,277.739645435204,277.844798625369,277.484552769509,277.752231479142,278.868316869627,276.808619130264,275.776923070253,275.809742592724,276.083992920013,274.014838333029,272.73734172205,271.198085949198,271.945658434618,271.162927919082,271.49946779672,270.424440997034,271.347993285084,272.513476170887,273.593512931614,274.499275269862,275.74659215633,274.881249377601,275.71547968731,276.49283042846,275.445292952228,275.960482921987,276.025040690471,275.67279957287,276.452631703511,276.556089369383,276.030837206917,276.427413516211,276.410725593131,274.324077194951,272.60377912227,270.919943981404,269.544083669667,268.756886422062,266.790693835041,264.273347072934,261.652644751666,259.47728112489,257.453034747704,254.984445866269,249.806666186714,245.702748585277,241.659801755303,NA
NA,232.917666816143,237.114164272573,241.316882706939,244.14424587919,247.105014595122,252.122574116216,257.964205122836,261.603685481007,266.344014264637,269.499526654136,269.453217153337,270.649421415489,272.493214577621,274.786860840507,275.802340016588,275.164318000738,274.615164607691,273.619975844393,273.648930637952,273.312386861499,271.09894209651,269.552426376655,270.429116651324,270.664162598402,272.028643533163,270.923946449298,272.150995447623,271.397543742227,271.899087780613,271.657994137583,271.507336325781,274.062362396413,275.008460344829,276.692648033947,277.12695813362,277.172036912274,277.722920368534,277.805638826569,278.076460022072,278.19083888849,278.675588074047,277.638792557971,278.101671604725,278.632246662094,278.60228886013,278.603660167782,278.308581238542,277.731043999568,276.721387066399,276.594558553964,274.778042951991,273.999522763404,274.462865646386,273.886726366578,272.223666349678,272.408260960722,273.4050577963,274.310589552238,275.115369961237,276.608989195153,277.198247176468,277.085146713837,276.140829601308,276.825138320595,276.789529857154,276.956883669527,277.372309005776,277.90201613525,278.010003040707,278.194889159116,278.195887752171,277.696102903166,275.807675235926,274.932408345739,273.443995717697,271.22175567309,269.665219067892,269.087477157293,268.343566831544,265.443556197323,262.11191722076,258.303935633149,256.483987173698,255.246822418761,250.357799659729,245.708015116364,241.500974843099,NA
NA,230.941573024774,235.639708226242,238.914631458316,244.321219724261,246.977906364923,251.057107401433,257.829816234868,262.535473364369,266.363399917646,268.050393827172,270.150999448943,271.00747007272,271.484115515413,273.789656846456,275.596860356066,274.745985960042,274.673573911078,272.66536381728,271.496932738513,271.893927680658,272.288078767309,270.971019916058,270.043805447663,269.663907349242,270.868768538939,271.439142693502,271.61708272171,271.122429090711,271.019792314479,273.137014699226,273.694319365019,274.140722750821,275.62684802229,277.414506913877,277.935604742766,278.124434928808,279.116015067806,278.922316148941,278.28328391454,278.042474584959,277.77531788929,277.844127656537,278.770495971492,279.238670424598,278.710477076417,278.341266370149,278.178040370508,278.294692818493,278.401329435826,278.335352399561,278.209238945828,277.889671415911,277.439708609967,276.166515528381,274.968083814976,275.714082856244,275.095678182558,275.238699135824,275.775094244357,277.065850222049,277.990970441708,278.33635657959,278.532419077476,279.48425584348,279.905352092762,280.124551028978,279.254309161726,279.362922911831,279.988882043985,279.09456553405,279.68500255365,279.047977533256,277.694681352471,276.320892620403,275.59939292628,273.138966870033,271.174691304145,269.790160958653,268.37326029213,266.048271744749,263.632497532399,261.256448835668,257.529045394745,253.430386341957,249.529587187331,246.846396279194,242.544017278476,NA
NA,NA,233.723271557502,238.127369327368,243.67730944453,245.951362121092,251.077347069898,255.581686428338,263.280956789931,264.905696358047,266.605633194847,268.547420591064,270.011646906505,271.319472505396,271.60365246411,275.010808566797,275.393480540694,274.073921109625,272.879932245406,273.712225356533,273.317694896119,272.483202161093,271.89520378485,269.684055715475,269.88617368878,270.011130984867,270.941732039105,271.546928914536,271.85781662659,271.267721868585,273.165185148288,275.001964450616,276.225433778774,276.31197000447,276.580104691519,278.55455432434,279.550584500144,279.417653034595,279.335656036802,279.934807588365,278.924994935584,278.924755415384,279.155951407082,279.362342505194,280.017348689774,279.989001288313,279.871730967729,280.714882435383,279.522489773015,279.549910182699,279.334471110425,278.964887075136,279.683312526217,279.318027151919,278.582996854085,278.355262403197,276.831436865986,276.569204502661,276.754995765921,277.14146103451,277.745373716505,278.589249004372,279.589957542888,280.526713281926,280.697775694615,280.972805351865,281.529350695875,280.629030389508,281.4484863937,280.522670245177,280.265444648837,279.425272702292,278.365760913695,277.315259559121,276.882255385938,275.901475493903,273.635760608344,271.312351783781,269.702275035682,267.920539320861,265.870386786226,264.472817764036,261.09940540688,255.771693523841,253.10341565034,249.393261929989,246.573207533934,NA,NA
NA,NA,232.293889500246,237.663031144754,241.734093973267,245.403045010395,250.916413608625,253.508202051429,259.931665110167,263.258951597454,264.711513603824,265.048643997617,267.90632348495,269.066383216999,271.203990011393,273.607363046786,273.970576452138,274.254983535274,273.833912202352,273.389364363792,273.337290060243,272.998472549971,271.199135102628,270.812545889522,270.714746684109,269.961866011702,270.295404002035,271.594144701387,271.154500854821,272.018885092262,273.893387329036,274.520694129845,276.277559350613,276.502047158523,276.885979820129,278.635989726012,278.685331804058,279.955487717167,279.378368778369,280.800715265646,280.118430647382,280.665624535471,279.935472080167,280.659625580268,281.816418691985,281.329453356622,282.012012878704,281.766575567085,280.42064454618,280.358510921865,279.554506304279,279.842522452712,279.754793690207,280.687253905076,281.520934964182,281.229199119285,279.627915124347,279.585736410378,278.611328577124,278.163720029676,279.65846241176,279.457256054545,279.978104069922,280.53208984329,280.908961286095,281.260794122803,282.495049833188,281.490540619198,280.942120789211,281.271099154962,281.296174297942,280.451765530619,279.672031343792,277.74579223081,276.552928508349,275.213506097806,274.046728486758,272.687181671635,271.13081574946,268.584887193711,265.120554355254,263.693012524043,259.988361011551,256.035552767401,251.916887424965,250.325348185882,245.753760750368,NA,NA
NA,NA,231.560869317751,235.012264073104,241.360853787656,245.921517168364,250.225765240475,251.954311510974,256.261611351651,259.527605002012,260.873287550978,263.346884256661,264.281848136675,266.696512109861,269.543299825034,271.641149387369,273.013161899175,273.36867303947,273.177503071063,271.813490036307,271.999201792042,272.371593918981,271.688532948891,271.150943859312,271.859720736512,270.484365839765,271.235241712654,270.525518564903,271.624118155532,272.339938454433,273.243795504344,274.378565406209,276.715958803059,277.042240433636,278.010043847316,278.303261484947,279.588148857457,280.750978294542,280.997755187987,282.731798581495,282.077794040833,282.381748224002,281.859678607679,282.696746919744,282.266736244133,282.1162062274,281.994909057834,281.999669327128,282.333842545268,282.302101350587,281.342314021268,282.399844292084,281.667986983062,281.332398149118,282.568084573988,281.591276201063,280.58634944791,282.267115596664,280.128011191665,279.960398862751,281.230975776218,281.861606283278,281.658356458657,281.113825052344,282.124134562686,283.154219007982,283.952971457605,282.80824688427,281.949326268675,282.869418866662,281.732030671901,280.719518206007,279.760144113904,278.971243086818,277.875695338584,277.046379156632,274.702016692507,271.780467022421,270.752737022931,269.162728980282,265.277167198254,262.424945899775,259.571194150066,254.123575607731,251.516770397514,248.336936555246,243.867460814178,NA,NA
NA,NA,229.577428813243,231.893484640646,238.947140300898,242.627667130002,247.772942181072,250.525607035533,254.846087461566,256.022608317866,258.006004010143,260.789123840715,261.53859046607,263.98961910699,267.542652998383,270.666887846877,272.187337501333,272.327478353957,271.578719708413,271.329749813324,271.609622698626,271.606132958602,271.884681201194,271.915045439998,271.81343311948,271.35704528469,271.496447230529,271.826086282387,272.074120076891,271.203127974566,272.709338605747,275.111546370708,277.1955792348,277.669718200398,278.00615625543,279.281161397532,279.976278279679,281.75464420559,282.085279839387,281.505752022114,282.220229249067,282.623804220285,283.557962403433,284.045905448323,284.773756921498,284.726893933921,283.466913802529,284.133452354746,282.453523146541,283.379793417607,283.290282072118,283.734615883901,282.800299632263,282.791536237333,282.970364722382,281.986653066523,283.169347534299,283.652773003159,281.059607953962,281.745727108619,280.199056112858,281.124659714988,281.663846681076,281.746992506575,283.741577434492,284.755861959826,283.986793040747,283.300991175272,284.885144305635,283.380273230899,283.158480138765,280.231646358242,279.575303100259,280.061477131503,278.256589643732,276.212340439077,274.754841286219,271.961550573931,271.577512707149,267.971571469215,263.742476943553,260.07745495605,257.062604426593,251.285836331605,248.248396715299,244.71337217555,241.90328193835,NA,NA
NA,NA,NA,230.641922659774,234.927915984729,240.686415373047,243.959757005442,247.579559943004,251.033813836429,253.837548806517,255.589162766698,258.114520662522,260.093093736764,263.362004733332,265.583507969773,267.978272463131,269.549554292987,270.365046077405,271.092277598308,271.920356859691,271.770716501265,271.730955051794,271.658335686646,272.695332852667,271.966142791376,272.262859895011,273.387842750727,272.668025246349,271.920054830042,272.541273000849,273.628199073241,275.102355474839,276.350243779337,277.641808655236,279.378864990588,281.035791546462,280.312888671413,281.29389708868,282.04388825753,282.920584453378,282.366201387089,283.059495893505,284.247548266977,285.688418942043,286.268811625971,286.540323784905,285.312709262175,286.082863816914,284.176624541218,283.5225961061,284.00264036375,283.810487625388,283.667203159183,283.102422248121,283.028838364056,283.592883738797,285.185579893072,284.207561902487,283.678577146575,283.583670909587,282.750854757155,283.004936559589,283.055416609021,283.890391506526,285.70670438189,284.930476314593,285.588906271919,285.038651307651,285.441586808358,283.972683827289,282.254519691071,280.723133729902,280.180163639514,279.472265856015,277.77297129857,276.127097268847,274.481894859909,272.306461060323,269.993943342433,266.422908998285,262.629000822833,258.753756568496,256.129160399834,251.3369492787,246.702614850927,243.959674394945,NA,NA,NA
NA,NA,NA,230.045345374812,232.035525429991,237.34564112197,241.817461864054,244.450196811353,247.340037315228,249.843455938982,254.009917154447,253.917192809802,256.382541240435,260.879697748475,263.502637963673,265.285381674132,267.644258520465,268.770418634302,270.369302465672,272.352715388705,271.808985286774,272.183328412638,271.701174755428,274.073112505001,273.040366759953,273.161454554091,273.837254847271,272.759399965377,271.981497845063,272.274932651046,273.427456257094,274.840490604251,277.80051823807,279.22167394849,279.951044948445,280.963893000122,281.85620479896,281.239129261898,282.42406886008,283.824125825267,283.294181220693,284.424748341962,285.252667360252,286.258895193272,286.639101358372,288.125241508794,287.103799297652,286.766369467442,283.797689485618,284.867236852163,284.872367204394,285.110517770835,284.996013426502,284.020843562617,283.633757939193,285.91770900046,286.468113848118,286.049437443412,285.344366319659,285.819650993019,284.442282249828,284.527639544021,284.073811119683,284.933896922798,284.920467305517,285.415661419693,285.490564407184,285.043414047597,285.486605956073,283.884872655261,281.476175164427,280.727767118689,279.660292907772,279.257743309627,277.704842442472,275.407656376134,273.696287038447,270.564277435407,268.705380180981,264.800472985187,261.547023507985,256.459574167714,253.557784504728,249.562500603385,246.636785325318,243.691514406527,NA,NA,NA
NA,NA,NA,NA,230.516210301589,234.537822985341,238.84127105373,242.813961939724,247.723328740351,248.306191499088,251.498771579082,252.85706637831,255.770074080786,259.195922237077,262.624110036885,264.031603049957,266.795865746141,268.507611059524,268.721176255554,270.689533133968,271.832382652846,272.637974980758,271.711657523892,273.720315950564,274.208012825416,274.232794768288,273.826555757039,273.16986732247,272.513308851063,273.43888036743,275.173836868264,277.458575234804,277.834798921711,278.757077653496,280.622819923107,281.169193119703,280.851494790282,281.704569275831,282.803532817733,284.617264766417,284.16805862438,284.865422157187,285.22979256286,286.059813837814,288.033084942207,287.288725322332,287.575889978226,286.847189114504,285.982328827793,285.956016658931,285.755031882086,285.194463039479,286.629402960348,285.271156488731,285.651018279224,286.902737295312,287.464912924348,287.513676915002,287.488205489069,287.928609427879,287.675082716667,286.484541884385,285.216781267787,285.527003778726,285.442062844494,285.419868251485,284.742166568087,284.043779856762,282.586733049573,281.732395958426,280.798258241518,279.645546050801,278.638078470539,277.760583871625,276.78697213332,274.140776649965,272.405316520861,268.518878817352,264.941626723301,262.083891245527,258.973118165418,254.142507682597,252.36267736568,248.729323839977,245.939974935963,NA,NA,NA,NA
NA,NA,NA,NA,229.17679199859,232.085653243448,236.631925824718,240.892466701616,244.806179537692,246.478746343566,248.958564795926,252.656161937551,253.97329020416,257.697947693581,261.210930226418,263.322979934437,265.07250465422,267.022800778658,269.486217859994,270.239277589255,270.253851418911,272.023496295149,272.067904515048,273.42708490901,273.880214823352,273.811630846151,273.389269906228,273.383973992129,273.614078421001,274.842158440897,276.584983817576,278.299314139945,278.844548282483,278.836747134453,279.021037333709,279.805789683429,281.054863754649,281.361485595351,283.278356252308,284.174106711613,284.954570872036,285.784835198556,286.899859771874,287.224962901631,287.386390831942,287.051419191,288.40619011231,286.554638630757,287.803246092493,286.993499119378,286.549918746934,286.769667868782,287.215118830201,286.181616064537,286.793018688485,288.419111159124,289.162434383976,289.997964473609,289.35580844531,288.647581788271,287.572770616687,287.139983658234,286.243376480216,286.327034659838,285.545552883493,285.946611698921,285.333672528052,284.004261565944,281.445628005832,280.808320253304,281.454997897173,278.728942265204,277.105432204924,275.50110815887,273.747508343694,271.659193252757,268.826262501745,266.388477212625,263.044691021169,260.30387551351,256.111347551267,253.789461763995,251.280443923175,248.488391791227,247.093407367853,NA,NA,NA,NA
NA,NA,NA,NA,226.80692896805,230.658779599921,234.340746505344,238.581747615962,244.965681753069,247.889697028376,249.423722540952,252.468396951445,255.892073175648,257.073844873558,260.421076722819,262.285257851236,264.042194567184,266.574018091157,268.261983797638,268.370687756803,269.539231696229,271.400182052289,272.012605452471,273.358700296607,273.30646295538,273.094287732755,273.127606366349,272.966042024728,274.69721885674,276.421546536626,277.980164873226,277.757837346953,278.509113807521,278.065594404077,278.240886623171,280.269017235892,280.535950164488,282.039774065511,283.01400234879,284.58987272073,285.340177296191,286.069191903912,287.055332485765,287.655091498126,287.425465290587,288.505555337077,288.832464817986,287.542353296664,288.182599394055,287.58135646221,286.963098723032,287.86028443399,288.406301069539,288.852469067768,288.439189084652,288.544492910249,291.556853462648,290.436165186124,290.696727711382,289.873417959183,287.298478555752,286.560023190744,286.03942696411,286.702823145732,285.70598624045,284.607330649182,283.368857935971,281.916282662223,279.98521231613,279.861655662144,279.74058465877,278.750759548861,276.831909746179,274.918915043594,272.65732245763,270.220004665029,268.005613796023,264.576504596883,260.934121748764,258.732460095943,254.349521148985,252.51529847992,250.599634407742,248.124037871556,245.797530340926,NA,NA,NA,NA
NA,NA,NA,NA,NA,229.163933952616,232.638834659873,237.23247027576,241.732965196434,247.26637378301,250.080032431347,253.839467864449,256.212572965506,257.306515195089,259.971343293109,262.913243468708,263.49446965117,265.265802844613,266.605111747485,268.023659230525,269.260340335879,270.314339975084,271.64813729759,272.73249527748,272.248362344359,272.523851289992,272.780033405378,273.446032001229,274.807745260307,276.185191685735,277.689760502087,276.69937559731,278.04585355469,278.181878346382,278.863276646222,280.162440489715,281.236977573638,283.394503391591,282.854458687059,285.003363066146,286.020242197612,286.842950725854,287.491065654276,288.341527526147,288.903797767453,288.273600896297,288.74322063536,286.759094014604,288.677616266551,287.284697786864,286.599599124654,289.018797181398,288.505407793797,288.923220207507,286.78932252891,288.302008598676,291.306931827886,291.098387688307,291.401396207963,290.137219805734,287.286535855396,287.100862626274,286.037396964094,286.032744235159,285.026602475121,283.917112616097,282.264335867967,280.792682603093,279.942319576508,277.440445024246,276.994546480294,277.031645231624,275.645198856827,273.443876313635,270.417899963788,269.076181723252,266.297216103218,262.777393228184,260.194847448559,255.866344379734,252.569690872496,249.880665393271,249.208404201602,247.108213678335,NA,NA,NA,NA,NA
NA,NA,NA,NA,NA,228.473586073982,230.862986704281,235.159346270438,240.358516092868,246.008136320435,248.705033967184,250.473800256134,252.725516012999,255.151072676458,258.283114370027,259.768437722266,263.329973860202,264.249567228712,265.9172612165,267.165797547746,267.475258699277,270.783965973271,272.115636079531,272.743902049057,272.182106034917,272.251624852951,273.307020225097,274.346801266441,273.946794554438,275.815982868584,275.703695360818,276.074106939863,277.669885039881,277.636090264573,278.940735112255,279.756884532435,280.67723806575,282.235726125922,282.477017128864,284.654171955936,285.959996033985,287.551778092923,287.994855079273,288.869248820748,288.831003943377,289.693956041324,289.205919495878,287.52635027843,287.076577928374,287.257599325314,287.71709944908,288.614713460061,288.08956575218,288.055650526543,287.070183483814,287.557881794212,289.315346146367,289.767082897744,288.790209771706,289.314860358193,287.783936263936,287.531277962948,287.24848326205,286.048055154744,284.764626026131,282.577660812284,280.644081290225,280.463101501623,279.483953543799,278.390760838347,275.96792656557,273.518940306564,273.022127305117,270.988236931434,268.796067534434,267.571199006883,264.349434485322,259.60047933177,256.73872253962,254.198100921334,250.862833127332,248.634888599507,247.155962094983,244.66139871721,NA,NA,NA,NA,NA
NA,NA,NA,NA,NA,NA,229.860470684032,232.813482764197,236.64737963595,244.020509146676,246.619344733998,248.669343479301,251.862183401584,254.134889703159,256.490323674751,259.313325337417,262.124458844105,265.0548377891,265.580484718371,265.837438031496,266.769251262643,270.151466626881,270.980664404005,270.162799056052,270.948753657099,271.246401155827,271.886297776464,273.033738752283,273.111694213857,275.148426419746,275.115326994128,276.7687074128,276.868493086192,277.393567963688,279.277813243167,280.541831531555,280.432850967552,282.26948911553,283.604175706057,285.52408689145,285.22514285816,288.686471907067,288.962616066866,288.44230644538,289.20956600565,288.805719695005,288.335304940254,287.04304025856,287.206563713327,288.200942031091,287.955795727884,288.261197155163,288.973601915314,288.554530349829,289.107575458573,287.594504213219,287.760749531732,288.295658293811,287.456718485176,288.92157582179,287.535250699604,287.494947806136,286.718648402187,285.863433687674,284.244757418117,282.032320303865,279.512900490432,279.309199061173,277.239517725615,277.348099592752,274.776747829328,272.267150249704,270.551045897928,269.317066843341,267.410342309896,265.566882285227,261.342557917757,258.017092390155,254.443046532731,252.413120923348,249.607589806268,247.138549079807,244.924754137977,NA,NA,NA,NA,NA,NA
NA,NA,NA,NA,NA,NA,227.692117587235,232.514217882637,235.950732669637,240.174326344087,245.810233186703,247.973188724079,250.668430146821,253.956697446566,254.950207358022,256.258986542296,259.278674841861,261.597815714867,262.59033620457,265.014780106908,264.328722303345,266.342576108214,267.167944713766,268.937717448417,270.979265680075,272.404091725214,272.38669350394,271.442446835592,272.668052635106,273.000071540525,274.136015226752,275.33018223284,275.722497219536,276.734222061243,277.722143798913,278.779855675761,279.64456904968,282.302714030731,283.712350034799,286.549174287635,287.490345316958,288.520172425405,287.570530120533,287.716724305881,288.731409513247,287.165818946803,286.957164348187,287.50569807359,287.49334528121,289.158880866448,287.340950795232,287.384888056371,288.400610645664,288.687235533783,289.369664803641,289.008419203452,287.995451277995,287.822590688352,287.688028572053,286.901487947469,286.454491310119,285.684980305217,284.957221644012,283.050192836141,281.68123095462,280.242981753012,277.774008061616,276.634761979526,276.157196096565,274.956548627678,273.836150561803,271.548699381224,270.998369007127,268.083590342509,266.917821400556,265.246612879731,261.357817168099,258.030509970416,255.076387063439,251.522921639088,247.878250852499,245.724483012469,242.77338123993,NA,NA,NA,NA,NA,NA
NA,NA,NA,NA,NA,NA,NA,229.90245222037,232.920697191542,238.505095406843,243.526646862722,247.709162420736,248.198090897314,252.819851870982,255.503224521508,256.337115605972,258.272867153794,259.304644483538,261.301575648387,261.839225648827,263.057346361666,263.28323535777,264.500452808316,268.398679571419,269.416868819888,271.045732382102,271.528323366237,271.250373070657,271.956658477396,271.589289665978,272.587209930542,274.096502820476,276.697103569132,277.58894208813,278.937343395464,279.676473547829,281.011282569924,283.408712065126,283.727024010251,285.222131713713,286.940218739022,285.563831044661,286.198970006875,286.789131839648,287.338473149902,284.628485244397,285.183234516565,286.494076639886,286.835678713063,287.746270710411,286.321669651012,287.516492613534,288.715984295049,289.671698673803,290.350744931604,289.240399869382,287.890692546783,287.655935278239,286.724075852384,286.160179995279,284.19855956213,284.562004097546,283.548673843508,280.686885707136,279.746722784004,278.531231961018,275.374035247511,275.289600697336,273.956533084314,272.630706630373,272.361096290894,270.536169124087,269.268641790546,267.644891812791,267.225963378364,263.897240905447,261.558174737937,257.331095598469,254.319533661406,250.108537558748,247.111888071367,244.620877596851,NA,NA,NA,NA,NA,NA,NA
NA,NA,NA,NA,NA,NA,NA,NA,233.514784273257,237.82032723442,241.623632321061,245.897872308328,248.99966535262,252.334159663606,254.091754109027,254.628337814552,257.684540202664,258.453944714281,259.403854751818,259.874338720716,262.443761151086,262.901860075672,264.246534487889,265.671678812066,266.819789773888,269.032425332151,269.791042612363,269.464041295571,270.395977651189,271.79499725119,273.523139664307,275.789810831148,275.859819053854,278.008497902629,279.325828191687,280.306084705564,281.433264403456,282.225686642591,283.774082150669,284.114792344108,284.895059423048,285.028890034201,285.093607781888,284.529648723276,284.161197422565,283.725744985606,284.471866336696,285.540849545768,285.544094209502,285.916411668403,287.252035222688,287.64407485766,287.709301413544,288.448142037372,288.358483152307,287.972704676812,287.269903062807,286.682533032735,286.7916547362,284.635728140446,283.66699193509,282.846732537201,281.962602051912,279.728337889021,278.299556121372,277.402212321504,274.602145534322,273.54118400313,273.340370595082,271.994232635535,271.347331988869,269.094478118264,268.293612866627,267.136042303733,266.133240366669,261.983122798637,259.638095257501,255.932359468558,252.879656173715,249.116393448711,246.596381662535,NA,NA,NA,NA,NA,NA,NA,NA
NA,NA,NA,NA,NA,NA,NA,NA,234.997331579133,237.153463511192,240.596181046108,244.391748134651,249.6584347438,251.865733786329,254.166326329436,254.662612981724,256.295483312959,257.985548320144,259.737528956198,259.923515270002,261.215962313586,262.373027645903,262.113009748213,263.07166503635,264.087557845278,266.51152591331,268.528391784833,270.116509053593,271.015117860856,273.165159920549,275.416607006982,275.553176904515,277.12585113144,278.92453893356,278.425232724715,279.623210363172,281.862903161726,283.100779011157,282.626125912027,283.148827969454,284.114864809004,285.036051214236,283.794600332839,282.592461189984,282.994575730399,282.164519700385,283.805176723008,284.76559342812,285.283288276706,284.232159209329,285.387471277495,285.271612103659,286.579463147066,287.145826117618,286.253162834031,286.326866516537,285.300707986757,284.67913682107,285.313382283243,282.996258905739,283.037857573771,280.470281672163,279.130031493602,278.276937775923,276.93032327596,275.744572862333,273.768917892151,273.369897218938,272.021547939955,270.857744552767,269.877781902931,269.00295006745,267.656915304891,265.650965854688,262.480700154359,260.748239091396,257.286386216799,253.685462714173,250.046855646747,246.778245811228,243.628357248328,NA,NA,NA,NA,NA,NA,NA,NA
NA,NA,NA,NA,NA,NA,NA,NA,NA,236.609708352321,239.394124744097,242.64920142129,249.664205735597,251.4916549588,252.722298589939,254.657627271005,256.209723056569,257.413448797442,259.02417381711,259.924993234244,260.434194650192,261.488961500303,262.211013612299,262.885387217858,263.600443665046,266.597270394599,269.465634520873,271.043470757113,271.456879370957,273.781750314083,276.406782199707,276.164832583811,276.360744509886,277.587065656533,278.782745080017,280.112448048948,280.998042754087,281.738089080719,282.35523218062,282.742836464843,282.47096240065,282.831748650713,282.134843353363,282.738532455824,281.795095854587,280.661110224559,283.271314373446,283.271120204723,283.575527414363,284.459022801847,285.003333710636,283.962175142057,284.651748479854,284.438824166844,284.893732452652,285.368155862817,284.768484351304,283.269425140344,282.97615775654,280.967257952942,280.628549558872,279.530108772245,277.680090285251,276.09498581712,274.957486022013,274.998021651854,272.520123947184,272.030577974885,271.151869572077,269.886808604214,268.73905532074,267.353600768098,265.331512939568,263.337143752059,261.410780337765,258.05115388331,254.817537547369,251.447581064182,247.760015898428,244.165068240391,NA,NA,NA,NA,NA,NA,NA,NA,NA
NA,NA,NA,NA,NA,NA,NA,NA,NA,NA,238.622197261893,242.842759218247,247.503354423689,250.520185230949,252.124966680522,253.895683015753,257.044430357405,258.84947888962,260.066852219219,260.614063569486,261.30259550468,262.054143790776,262.977679442467,264.427530233336,266.039166136161,266.832707740308,267.932079374133,270.446319991465,271.832691069955,274.704334825952,277.118275104492,275.388151923005,276.266403020903,277.204113246392,277.614824254147,279.53068625988,280.952237144019,281.709547459915,282.603041107704,282.488208761296,281.166321319527,281.678085258533,281.122071977819,281.877483855904,280.784057086991,280.582120320176,282.484229982431,283.454431671662,284.238410316187,284.098559871316,283.494330981148,284.020797169978,285.295695473604,284.730355586309,283.120665395629,283.970028026956,283.879404884189,282.672915604954,281.372417947198,280.730153238419,278.206754371396,276.781293418181,275.765168822862,274.73562373276,272.577656968968,272.270805363005,271.258437460831,270.049984548791,269.189010052044,268.658364548333,268.691422023638,267.437961696479,262.657514132916,262.455976644838,259.088588993902,256.613311322264,252.286570824936,248.093053130356,245.569051456343,NA,NA,NA,NA,NA,NA,NA,NA,NA,NA
NA,NA,NA,NA,NA,NA,NA,NA,NA,NA,NA,243.040877741406,247.157315124187,250.316061602901,252.096856166125,252.562495297652,256.138510127818,258.451480814916,260.546447858118,261.466530936348,262.500427713094,263.303510440392,264.796969633653,266.044158262655,267.109743956778,267.687603910507,268.651033849595,271.906519351788,273.473811116175,274.135118968192,275.434688667596,275.921394095033,274.611912862347,276.942549870782,277.820858487872,279.987078933158,279.991833896341,280.98061727718,281.50526189317,280.748306982782,280.452505463441,280.726323345371,280.71268304444,280.850744075112,280.877470187938,281.550089581649,282.412531325187,282.414438741316,283.707117848088,283.980108394851,283.729834615898,282.868463765635,283.498216826607,283.160960781503,282.868391379576,283.786771378014,281.650107712228,281.792624217384,279.741972804044,278.335143241014,277.230427838521,275.643203215499,275.497156119896,273.743681098427,271.829915716218,271.987935414777,270.793427725931,269.666157882832,268.436242973228,268.219080703148,268.091010091181,265.659235049926,262.789015386182,259.920870083578,256.37068452617,253.27158711065,249.348593390782,246.390368809511,NA,NA,NA,NA,NA,NA,NA,NA,NA,NA,NA
NA,NA,NA,NA,NA,NA,NA,NA,NA,NA,NA,241.973542662883,246.068917654077,249.721901312674,251.773528901451,253.548483121202,256.674141925464,258.425407915684,259.531458450142,261.101870799517,262.306103280617,262.976135045372,264.697620505413,265.629778925724,267.489920488189,268.12254310359,269.871942325989,271.850213833103,274.961116497458,275.977005242416,275.119874396803,276.504078372831,275.597988652952,275.927214181019,276.669080824197,278.014796158182,278.659376290594,278.486609683102,278.622989417086,278.718293918632,280.227253251132,280.882385536948,281.73231178204,281.166967133747,280.976949405564,282.021182425704,282.033600845931,282.426726405587,282.793033616383,282.108162108401,283.082489340006,283.152187947061,282.28504507709,281.769063590253,282.445798779701,282.069754298925,281.181433853209,280.054822176401,278.56964932536,277.632424382919,276.30029263441,275.416774190343,275.511961611394,273.295615312483,272.882242340457,271.797224162903,269.129652702343,268.996312817658,268.532064681719,267.518536905996,267.083298115045,265.024174387889,260.817664797902,257.873127173454,254.149952344215,251.545861469673,247.593103370834,243.958697184904,NA,NA,NA,NA,NA,NA,NA,NA,NA,NA,NA
NA,NA,NA,NA,NA,NA,NA,NA,NA,NA,NA,NA,244.483595193879,247.904145165065,251.378917848536,254.308380909065,256.519873713748,256.966569337687,257.046495261165,258.790843472118,260.906080733542,263.801498424716,264.106086828187,265.552235248522,268.003015105197,269.62694650451,271.659946562184,272.860562298993,273.760576921361,274.451198649714,275.64421510991,275.323400293338,277.200189071168,277.374656898496,277.392124518593,278.027568932045,278.228973724127,278.335750907909,277.151502154273,277.64042562725,278.867537156965,280.690781794958,280.140496018107,280.483301118521,282.144474015713,282.543501689186,282.101600305465,282.981944266014,282.42418257008,281.023317551413,282.417806766761,281.923644244302,282.162419762828,281.121746558764,281.008096578924,281.759848871642,280.27518159034,279.623776346214,278.133935063395,276.66142143027,276.30567926183,275.025360480181,274.66982528458,273.610052301573,273.54554328116,271.173668720355,268.921737714278,268.209530286809,268.316173991167,265.786348926229,264.18746707858,262.766851250984,259.880728418145,255.887014470383,251.119447771117,248.697063974958,244.620032359355,NA,NA,NA,NA,NA,NA,NA,NA,NA,NA,NA,NA
NA,NA,NA,NA,NA,NA,NA,NA,NA,NA,NA,NA,NA,246.882437027615,249.620466327145,252.10048061624,256.722749237106,256.965927320259,258.557215204723,260.696761746009,263.050392705695,264.929208071234,266.944940380636,266.669367895633,269.24951967209,269.627299784901,271.647526121781,271.359140223482,271.36859906652,272.344398406645,273.483804855577,274.913090227221,276.165732771626,276.688973083969,276.565861139385,276.504500826982,277.132158692225,277.694577631401,276.652748047605,277.380505714758,278.203442390432,278.77185532222,278.004023004685,280.356689779585,282.412228873647,282.019965750236,281.099042953947,281.748297624951,281.23877439078,283.462136029651,281.86867306744,280.779659797677,281.637716836533,280.892548770226,279.538607294808,280.510219082802,280.276841376886,279.012010157196,277.245373730478,276.287103362622,275.647817424571,275.01860283755,274.080289623823,273.380072744646,272.869050475619,271.18191710043,268.204019885499,266.247288198957,266.389922511067,263.438280018903,261.171161287804,258.274058730585,255.894836187028,250.93104035812,248.580894812287,246.690257839143,NA,NA,NA,NA,NA,NA,NA,NA,NA,NA,NA,NA,NA
NA,NA,NA,NA,NA,NA,NA,NA,NA,NA,NA,NA,NA,NA,251.306105644431,252.442662407183,254.798010681549,257.00207154163,258.533951450502,263.24190295758,263.526750317573,265.115030503966,266.323060486247,268.244447494249,269.215467199431,269.947527564711,271.076414762558,270.61345874089,270.713180351841,271.764617062303,273.167695377091,274.415350828436,274.458669199746,275.062725459316,274.842964123681,276.703366326643,276.867497264985,277.092482531771,277.083151475583,277.148613409443,277.440517632781,278.271464226749,278.833065992018,280.713413088661,280.88461662878,280.201043602884,280.573095104639,280.900043161592,282.059551557271,282.898916285576,280.471238756937,279.944872506088,281.81068901831,279.942094993015,278.09211633413,278.728428444839,278.477451506326,277.407390351479,276.229464310275,275.736193078063,274.438678451342,272.649389046131,271.847268802106,272.173214587649,271.14953776213,269.522885834273,267.149652309497,265.089847706183,263.98603710233,261.548143164934,258.831887929093,254.673777087924,252.172978074579,249.439893825052,246.858734549156,NA,NA,NA,NA,NA,NA,NA,NA,NA,NA,NA,NA,NA,NA
NA,NA,NA,NA,NA,NA,NA,NA,NA,NA,NA,NA,NA,NA,NA,252.426475307993,253.481250215198,257.02396632151,259.590427273371,261.547055233021,262.906273813112,264.137804181368,264.369534181695,266.414386598298,268.387194867457,269.081470718186,268.048313671718,268.995622121566,270.274428171878,272.805213531887,274.884819991558,275.642323657089,275.754630440535,275.104192514143,275.688761066074,276.240034566441,277.673539233862,277.066390757603,277.773121823598,277.211369375402,278.237998967381,279.109885928931,279.095620896633,279.409443642118,279.279113691651,279.680517039123,280.208014361485,280.610029996278,280.531155431898,281.205191033883,280.593129768449,280.192812268829,281.337898654263,279.317042410547,276.5371745539,276.794293900005,276.35309071876,276.753329702276,275.719886958475,275.328501933876,274.306630538883,273.042426505365,271.78387555935,270.838524318366,270.186760865769,269.018838829292,265.829282258565,263.365964857843,261.658437189657,258.883439959897,255.926381017933,251.957976593373,248.864873334307,246.6652504927,NA,NA,NA,NA,NA,NA,NA,NA,NA,NA,NA,NA,NA,NA,NA
NA,NA,NA,NA,NA,NA,NA,NA,NA,NA,NA,NA,NA,NA,NA,NA,NA,254.910793905468,259.410634305051,261.331090166951,261.868384775936,262.614736777983,262.158545577776,265.452298039662,266.645598361614,267.285860987915,267.021662959516,267.911455329603,271.146941992962,272.802461467765,275.715093494427,275.949567840913,276.43547868606,276.33811980628,277.054011217887,277.743347053545,277.763714089592,278.892837831055,277.28497859888,277.313190446369,278.26040132138,278.70819229603,279.014721112132,279.463256736031,278.242183176035,277.80564670456,278.655426951016,279.911483663171,279.871193149799,279.476095386111,279.870728880747,279.711917318605,277.794018168718,277.472494412747,276.11819416419,275.301262439344,275.718809332011,275.862838619261,274.834500090134,272.698925915672,273.069773552829,271.635090495598,270.892488454272,270.202999703107,268.258766017991,265.821818873877,264.753749195977,263.084316631728,259.4802926726,256.76128029436,252.746596915467,249.665103888458,NA,NA,NA,NA,NA,NA,NA,NA,NA,NA,NA,NA,NA,NA,NA,NA,NA
NA,NA,NA,NA,NA,NA,NA,NA,NA,NA,NA,NA,NA,NA,NA,NA,NA,NA,259.330919389373,260.773083567424,259.933148119067,260.518579425838,261.203590381969,262.904269564586,265.172940497526,264.900189829068,266.614610842781,268.070634935024,272.377607602812,273.550778248174,275.870721939925,276.05807622316,276.657174093574,277.109581087044,277.965516409236,278.157517338993,278.131782956711,278.400259436677,277.463525938143,279.331831247026,278.930851539458,277.84391006778,277.044260146368,277.289632725863,276.823204258302,277.247196225303,277.359198569206,278.934483857142,278.288775753125,278.362406394828,278.607297071752,278.483090079928,278.913474706721,277.224047513435,275.111695272157,275.09691168569,274.940161106055,275.030076211473,273.126299176772,272.210495448251,272.036510716897,270.179309340501,270.445199861813,268.303973547851,266.43035779459,264.799913562177,262.935915475117,260.179248304387,256.762534949018,254.189303463795,251.184622147903,NA,NA,NA,NA,NA,NA,NA,NA,NA,NA,NA,NA,NA,NA,NA,NA,NA,NA
NA,NA,NA,NA,NA,NA,NA,NA,NA,NA,NA,NA,NA,NA,NA,NA,NA,NA,NA,262.667203800633,259.667733002952,260.945462931771,261.002940051573,262.350543361463,264.761775396774,265.776952056525,266.987172274923,268.825927603261,270.799086867472,271.522804936198,274.650442587321,275.597993695954,276.656388408508,278.734607078033,280.124334973773,280.027684543332,279.138288203582,278.838380216151,279.062172606024,278.795748167675,280.021412452773,277.8662585381,275.304634113915,275.031122540481,276.06558898056,277.147834571759,276.261480367877,276.027968553757,276.869549990777,277.094428228162,278.141756434948,279.03580393879,278.167527358088,276.044129518959,274.420458632181,274.947203124409,274.314244440473,273.20286927953,272.453779033684,271.903206555298,271.102407673896,269.384080232361,268.368196754626,266.10934639218,264.335522291961,262.807406112305,260.957828758305,258.222880119938,255.67151764339,251.557684618595,NA,NA,NA,NA,NA,NA,NA,NA,NA,NA,NA,NA,NA,NA,NA,NA,NA,NA,NA
NA,NA,NA,NA,NA,NA,NA,NA,NA,NA,NA,NA,NA,NA,NA,NA,NA,NA,NA,NA,NA,261.969519038127,262.57389812403,263.361040595078,264.197008330888,266.760093043611,268.056904924373,268.564452117628,270.255270202582,271.379158808003,273.760377092116,275.650990618351,275.570810093881,276.0324904928,279.338160063215,279.944201906329,281.005363826478,278.141652432182,277.925272449293,277.16159586878,276.506231861211,275.550575151145,273.922188937436,274.159990166546,274.253204616188,274.198658508434,274.824114073009,276.234649961567,277.28113011564,277.505062794363,277.17505684684,277.137334270277,276.564850569223,276.479413182267,274.305212422432,274.126109292446,272.993992445668,272.401211856223,270.904315187723,270.446234384061,269.279999672058,267.546586181376,266.581113513351,264.344188540375,262.386097066019,260.086681369811,258.650426316406,255.584189266002,NA,NA,NA,NA,NA,NA,NA,NA,NA,NA,NA,NA,NA,NA,NA,NA,NA,NA,NA,NA,NA
NA,NA,NA,NA,NA,NA,NA,NA,NA,NA,NA,NA,NA,NA,NA,NA,NA,NA,NA,NA,NA,NA,261.756980451847,263.148496659184,263.430264972471,265.190154157605,268.149742548905,269.038512954937,269.941626406955,271.943609475841,273.908484356996,274.269712730197,276.021684539933,277.602742023013,277.798967778206,277.997875070692,279.026033677148,276.284240327162,275.67249575206,274.909928111784,274.12176051933,273.735305010016,273.159971157301,273.686317543604,272.720495157024,272.591975571119,273.437981897299,274.501826131236,275.810675223388,276.525805523264,276.979727247333,277.837371814603,277.043483173381,276.163831004232,275.380779215669,275.290160200713,272.31594088645,271.389645010325,269.867268545135,268.715481985145,266.72636045304,266.475181437091,265.510381705597,263.191115631958,260.318377561465,258.561251112149,255.046902382717,NA,NA,NA,NA,NA,NA,NA,NA,NA,NA,NA,NA,NA,NA,NA,NA,NA,NA,NA,NA,NA,NA
NA,NA,NA,NA,NA,NA,NA,NA,NA,NA,NA,NA,NA,NA,NA,NA,NA,NA,NA,NA,NA,NA,NA,NA,262.89931718225,265.407433859519,268.061695787415,268.913297004036,269.074755763369,270.754211579501,271.996571668007,273.970725182199,276.494294279102,276.077241122573,276.124009880558,276.22694269635,275.965452714929,275.630767941053,276.135212988203,273.948550446917,272.832451977716,273.515647200304,272.189632442894,272.796845664113,273.144591976798,271.648588221137,271.674590210647,272.733135264323,273.952455953587,275.064127529578,275.915152637373,276.240244792223,276.061957758022,274.646297121038,273.383786583053,273.358097591192,270.397977826164,268.81665824594,269.224454321793,268.730931407987,267.214955139054,266.003471083777,265.106750848436,262.47679698243,258.303932015487,NA,NA,NA,NA,NA,NA,NA,NA,NA,NA,NA,NA,NA,NA,NA,NA,NA,NA,NA,NA,NA,NA,NA,NA
NA,NA,NA,NA,NA,NA,NA,NA,NA,NA,NA,NA,NA,NA,NA,NA,NA,NA,NA,NA,NA,NA,NA,NA,NA,NA,266.047984192534,267.684639155815,269.428685838017,269.225955148384,270.794143669589,272.879166497228,274.494807129939,274.695372623938,274.877484027607,274.914096577928,274.813392061528,275.490480165207,273.958139491911,274.231809419485,271.942127654684,272.636287853038,271.900790168229,272.459747304678,271.499517057461,270.701376535996,270.330007546244,271.682161899896,272.428944144111,273.301299527262,274.686746896293,273.782948118294,273.954732563401,273.50212448142,272.221092453259,271.83377813935,269.120090612187,269.398821136151,268.148786103749,266.436169968213,265.304692846424,264.33399580825,262.129371299373,NA,NA,NA,NA,NA,NA,NA,NA,NA,NA,NA,NA,NA,NA,NA,NA,NA,NA,NA,NA,NA,NA,NA,NA,NA,NA
NA,NA,NA,NA,NA,NA,NA,NA,NA,NA,NA,NA,NA,NA,NA,NA,NA,NA,NA,NA,NA,NA,NA,NA,NA,NA,NA,NA,NA,268.041617215295,270.272664682032,272.507620387688,273.840779697131,274.693506064246,273.815820319292,275.280789891757,275.665702391519,274.772558962464,274.336491272478,273.708633138981,272.714065285091,274.530947755236,273.471295695173,271.727484852365,270.96027881994,270.803948592107,269.142757131874,272.34108294229,270.913112256294,272.057025236318,272.058535450439,272.616422198109,272.013357859606,271.762595559855,271.418979466476,270.120028506003,269.534918341339,268.938889773306,266.768970621528,265.58108463133,NA,NA,NA,NA,NA,NA,NA,NA,NA,NA,NA,NA,NA,NA,NA,NA,NA,NA,NA,NA,NA,NA,NA,NA,NA,NA,NA,NA,NA
NA,NA,NA,NA,NA,NA,NA,NA,NA,NA,NA,NA,NA,NA,NA,NA,NA,NA,NA,NA,NA,NA,NA,NA,NA,NA,NA,NA,NA,NA,NA,271.342317258347,273.814028409479,275.323408241723,273.470977044103,275.553316329083,273.705837038008,274.808884831494,274.905749387098,273.4652868696,273.028428256019,273.544439232806,272.564723139155,271.416477990825,270.664587849442,270.591599124391,269.629083727776,270.692841771648,270.659053601107,269.904439756121,269.790153132394,268.84921561643,269.239143778055,269.954255787184,269.52691320191,269.282229195374,268.703381163043,268.249480633752,NA,NA,NA,NA,NA,NA,NA,NA,NA,NA,NA,NA,NA,NA,NA,NA,NA,NA,NA,NA,NA,NA,NA,NA,NA,NA,NA,NA,NA,NA,NA
NA,NA,NA,NA,NA,NA,NA,NA,NA,NA,NA,NA,NA,NA,NA,NA,NA,NA,NA,NA,NA,NA,NA,NA,NA,NA,NA,NA,NA,NA,NA,NA,NA,NA,NA,274.268700779375,272.965655512848,274.230862968544,272.406525634894,271.249942231853,271.325434784372,272.249657787382,271.594752257567,270.653866034715,269.854753237755,268.840523326456,268.357700715487,268.22055496223,268.006826201686,268.709551650233,269.322920813865,268.592036903045,269.588143027235,268.864512918722,NA,NA,NA,NA,NA,NA,NA,NA,NA,NA,NA,NA,NA,NA,NA,NA,NA,NA,NA,NA,NA,NA,NA,NA,NA,NA,NA,NA,NA,NA,NA,NA,NA,NA,NA
NA,NA,NA,NA,NA,NA,NA,NA,NA,NA,NA,NA,NA,NA,NA,NA,NA,NA,NA,NA,NA,NA,NA,NA,NA,NA,NA,NA,NA,NA,NA,NA,NA,NA,NA,NA,NA,NA,NA,NA,NA,NA,NA,NA,268.945495014868,NA,NA,NA,NA,NA,NA,NA,NA,NA,NA,NA,NA,NA,NA,NA,NA,NA,NA,NA,NA,NA,NA,NA,NA,NA,NA,NA,NA,NA,NA,NA,NA,NA,NA,NA,NA,NA,NA,NA,NA,NA,NA,NA,NA
