"V1","V2","V3","V4","V5","V6","V7","V8","V9","V10","V11","V12","V13","V14","V15","V16","V17","V18","V19","V20","V21","V22","V23","V24","V25","V26","V27","V28","V29","V30","V31","V32","V33","V34","V35","V36","V37","V38","V39","V40","V41","V42","V43","V44","V45","V46","V47","V48","V49","V50","V51","V52","V53","V54","V55","V56","V57","V58","V59","V60","V61","V62","V63","V64","V65","V66","V67","V68","V69","V70","V71","V72","V73","V74","V75","V76","V77","V78","V79","V80","V81","V82","V83","V84","V85","V86","V87","V88","V89"
NA,NA,NA,NA,NA,NA,NA,NA,NA,NA,NA,NA,NA,NA,NA,NA,NA,NA,NA,NA,NA,NA,NA,NA,NA,NA,NA,NA,NA,NA,NA,NA,NA,NA,NA,NA,NA,NA,NA,NA,NA,NA,NA,NA,167.197054603877,NA,NA,NA,NA,NA,NA,NA,NA,NA,NA,NA,NA,NA,NA,NA,NA,NA,NA,NA,NA,NA,NA,NA,NA,NA,NA,NA,NA,NA,NA,NA,NA,NA,NA,NA,NA,NA,NA,NA,NA,NA,NA,NA,NA
NA,NA,NA,NA,NA,NA,NA,NA,NA,NA,NA,NA,NA,NA,NA,NA,NA,NA,NA,NA,NA,NA,NA,NA,NA,NA,NA,NA,NA,NA,NA,NA,NA,NA,NA,158.527079999499,159.853516072039,161.197273460686,162.438968010951,163.51417593856,164.103380325144,164.181403474885,167.2996408672,168.166380990028,170.490280183799,170.495010364626,172.161767250332,172.552121543329,174.511534634867,175.489501176097,176.053023219004,175.775146525172,176.668996414382,176.932010416441,NA,NA,NA,NA,NA,NA,NA,NA,NA,NA,NA,NA,NA,NA,NA,NA,NA,NA,NA,NA,NA,NA,NA,NA,NA,NA,NA,NA,NA,NA,NA,NA,NA,NA,NA
NA,NA,NA,NA,NA,NA,NA,NA,NA,NA,NA,NA,NA,NA,NA,NA,NA,NA,NA,NA,NA,NA,NA,NA,NA,NA,NA,NA,NA,NA,NA,159.946919968459,159.663037599872,158.909149907264,160.065857408982,162.030091634261,162.815136844486,164.010250631045,164.358348728184,165.462489167741,165.646986174614,167.281463098196,168.789116425125,169.942268739447,172.43291695387,174.068557743472,175.114684947627,176.519971252139,176.971661020739,177.842842413938,178.952934522469,179.157234442988,178.168814886618,177.872672721749,179.203984955114,178.711556034949,178.766355166033,179.207698502797,NA,NA,NA,NA,NA,NA,NA,NA,NA,NA,NA,NA,NA,NA,NA,NA,NA,NA,NA,NA,NA,NA,NA,NA,NA,NA,NA,NA,NA,NA,NA
NA,NA,NA,NA,NA,NA,NA,NA,NA,NA,NA,NA,NA,NA,NA,NA,NA,NA,NA,NA,NA,NA,NA,NA,NA,NA,NA,NA,NA,161.080572320749,161.247122432252,161.108097895541,161.332286469278,161.726868271349,162.854158763629,163.278448390751,165.258601487738,166.62852316365,166.854174894134,167.37211978033,168.014351561275,169.465017758516,170.230621586466,172.78755849494,174.962094909281,175.270521378384,175.073247985714,176.227965672562,177.573084837626,178.729187271591,179.476826135904,180.957619396143,181.840398512237,182.70283796402,183.593569260772,182.115601763308,182.88940488667,181.103463802568,180.024290835396,179.097028420704,NA,NA,NA,NA,NA,NA,NA,NA,NA,NA,NA,NA,NA,NA,NA,NA,NA,NA,NA,NA,NA,NA,NA,NA,NA,NA,NA,NA,NA
NA,NA,NA,NA,NA,NA,NA,NA,NA,NA,NA,NA,NA,NA,NA,NA,NA,NA,NA,NA,NA,NA,NA,NA,NA,NA,158.641364785851,159.357769706234,160.077369280384,161.955990551636,161.392426182488,162.057068935778,163.491023603197,164.555865746665,165.55767982912,166.394136691168,168.834466468945,169.927061472385,171.440712872246,172.217205168156,172.545989606867,173.503355916375,175.856989603162,177.761268541198,177.631047743143,178.690809969848,178.440009885032,179.936285846976,180.059581110912,181.328761814831,181.867908379933,182.723925489662,183.490977479643,184.032438362878,184.373554627884,184.360380727975,183.288030508605,182.59753832742,181.950430444539,182.040815873631,182.105265125899,181.163840946438,181.65796331299,NA,NA,NA,NA,NA,NA,NA,NA,NA,NA,NA,NA,NA,NA,NA,NA,NA,NA,NA,NA,NA,NA,NA,NA,NA,NA
NA,NA,NA,NA,NA,NA,NA,NA,NA,NA,NA,NA,NA,NA,NA,NA,NA,NA,NA,NA,NA,NA,NA,NA,157.872301810952,158.101742899459,158.972296333356,160.467586595609,161.916851212643,164.120803982628,165.488258783524,166.26240433833,167.280684487528,168.470038335777,169.890106601581,173.13006028983,173.762124579507,175.461825270608,175.466940441632,175.616064210442,177.690405908014,178.963658188286,181.286799183849,181.745036318287,181.508846040311,182.581934996029,183.203182232739,184.275579865774,184.878008358721,185.211264746904,185.63152803191,185.942169364378,185.823822943094,186.034068247327,186.277070958505,184.772474807067,184.206998623021,183.273125756344,183.742170002081,182.973906504238,182.665704520699,184.176790114517,184.357131254067,184.646276756051,184.231709100197,NA,NA,NA,NA,NA,NA,NA,NA,NA,NA,NA,NA,NA,NA,NA,NA,NA,NA,NA,NA,NA,NA,NA,NA
NA,NA,NA,NA,NA,NA,NA,NA,NA,NA,NA,NA,NA,NA,NA,NA,NA,NA,NA,NA,NA,NA,158.669807095808,159.729961515206,160.680937818096,161.387679853344,161.318115487544,162.937087041531,165.006253965816,167.391311997585,168.503661856531,169.526506457353,171.000610557242,173.947182076229,175.432018994378,178.353371998882,179.656014598619,180.352085883844,181.305598119812,184.348410709185,183.90597958853,184.650001334584,186.241458249338,186.35271442591,186.733411128287,187.422604486308,188.278833250541,188.122775730735,189.060055920091,187.122089397088,187.679736925618,188.08826844543,187.815520480858,187.901593775965,187.871871834612,186.900210865704,185.33142378101,185.233458749409,185.008533639189,185.323513652809,185.811202038544,185.574697603828,186.480362822853,186.570842254201,186.132355172331,184.955103301437,184.2079197314,NA,NA,NA,NA,NA,NA,NA,NA,NA,NA,NA,NA,NA,NA,NA,NA,NA,NA,NA,NA,NA,NA
NA,NA,NA,NA,NA,NA,NA,NA,NA,NA,NA,NA,NA,NA,NA,NA,NA,NA,NA,NA,NA,161.612140082605,162.051453865201,163.280493113248,163.840888713069,164.052607454569,164.463031913936,166.239313787452,168.276675910012,171.501774327583,173.564503244287,174.909603206092,177.479773439923,179.850628024293,182.447068521284,182.482976223972,183.338509974498,184.065301272053,187.155860426567,189.293414721414,189.814571170775,191.313142081294,192.012162429039,192.404543492941,191.974506607402,191.319840435048,191.315240946952,191.512183402379,191.635692564938,189.446671102355,189.425230235149,188.906467953393,188.744990657317,188.898804077023,187.637678058187,187.728325811802,187.581705714845,186.86274130887,186.315877075984,186.067825705444,186.541635705761,186.895662660424,187.301726294014,187.464762588051,187.052509652063,185.628026810313,186.516679960748,185.92496220398,NA,NA,NA,NA,NA,NA,NA,NA,NA,NA,NA,NA,NA,NA,NA,NA,NA,NA,NA,NA,NA
NA,NA,NA,NA,NA,NA,NA,NA,NA,NA,NA,NA,NA,NA,NA,NA,NA,NA,NA,162.844738577354,163.894258163369,164.744906831478,164.496317945492,166.178165802876,168.563013017366,169.256920373515,170.230078305697,171.920550548074,174.507385509596,177.557679685343,179.818397433764,180.860257030957,182.695285752137,183.329034354297,184.229153780995,186.912461509142,188.171895028085,190.673621158205,191.759346624165,193.290710470612,194.002400042239,194.27633703224,194.815487084331,195.492942749772,194.811250727789,194.786956842057,194.537838087813,193.384836903148,192.976577060396,191.164442784467,190.979921453155,189.873203958475,189.650366437912,188.626577212412,187.800623683959,187.679316843922,187.701578266867,185.314632887019,185.145398737647,187.203241853035,186.462657700498,186.100570165193,185.704182209094,185.272085269165,186.513947728538,186.06693231735,187.144650048783,187.114295359696,185.972729042848,185.618478496678,NA,NA,NA,NA,NA,NA,NA,NA,NA,NA,NA,NA,NA,NA,NA,NA,NA,NA,NA
NA,NA,NA,NA,NA,NA,NA,NA,NA,NA,NA,NA,NA,NA,NA,NA,NA,NA,165.774912535944,166.262283310795,167.239900026247,168.492658108249,169.577054449112,171.834597913754,174.061085217699,175.651658364491,177.720545872177,179.270613042178,181.355720054162,183.74263809942,184.141314601384,185.291935380513,187.526621223771,188.660022784291,189.142340100798,190.916349093815,191.669941622039,193.601789259388,194.121803527039,195.218730968866,196.355272409742,197.249832978834,197.764261280511,197.198113462169,197.519039753763,198.272826459613,197.207054260331,196.193190322603,193.606522644565,191.363424659254,189.858677687413,188.013940297789,188.035477691146,186.675097373714,185.402004903889,185.770317177844,184.565624298352,185.224121850184,186.85668257264,186.820853693332,187.637532888124,187.201512643129,186.673593130184,187.255636171726,187.394885969087,186.678323617768,186.530454769815,185.165295499077,184.063971179168,184.301484334908,184.529305845222,NA,NA,NA,NA,NA,NA,NA,NA,NA,NA,NA,NA,NA,NA,NA,NA,NA,NA
NA,NA,NA,NA,NA,NA,NA,NA,NA,NA,NA,NA,NA,NA,NA,NA,NA,167.015742583244,167.867970398838,169.701991798216,171.03826263255,172.530745782035,174.782076353956,177.093399081234,179.904503960247,181.998295325406,183.657978174791,185.115920628098,187.115182860544,188.481741389641,189.375459528172,191.492104116084,192.470478669899,192.90956283138,193.754218008699,194.733552472588,195.549193904135,196.044617668109,196.688455372154,198.055161945782,198.924369581624,199.736624587221,199.642946016528,200.804636244386,200.034969753955,199.337948207022,198.13907765091,196.196230470471,193.999891658398,192.255788232289,189.569410450325,188.445722403343,186.922285224502,186.299979130354,186.665578158915,186.324470643627,187.154580831609,187.48821197073,187.242671792158,187.860992376953,187.661234953945,187.87000780113,187.73904722836,187.556458902676,187.569713163427,188.260860865688,187.558753066407,185.199028549248,185.234279609573,184.442708378332,184.983407104535,184.573200632754,NA,NA,NA,NA,NA,NA,NA,NA,NA,NA,NA,NA,NA,NA,NA,NA,NA
NA,NA,NA,NA,NA,NA,NA,NA,NA,NA,NA,NA,NA,NA,NA,167.348213838953,167.660468044689,169.737867505026,171.926322577988,174.761823074324,176.424840576012,178.140625122441,180.894556852154,183.281450130408,185.58218799029,187.540963090165,188.219795526363,189.729463726334,191.118576730489,192.673642401152,195.203864764584,196.727541616853,198.123477972705,199.988712259635,199.403446113821,200.666628699295,199.766762113185,199.59772809477,200.28680440985,201.32945458541,201.913779026775,201.67099872483,201.166013068279,201.134503529781,201.660157944114,200.20525354215,198.671022131938,196.055320069627,194.318484691664,191.986684267943,191.683909801144,190.132668252473,189.015946804838,186.622658639987,185.282024427892,184.951892659576,185.180323009985,186.935026106264,187.456572558844,186.978063688026,187.166601040632,188.396810484474,188.390546039421,188.653350376674,188.994139338647,189.106310160632,189.387841154195,187.800155695899,185.607514864779,184.086686553202,182.398517172643,181.673460771686,181.275899187395,180.887197225867,NA,NA,NA,NA,NA,NA,NA,NA,NA,NA,NA,NA,NA,NA,NA
NA,NA,NA,NA,NA,NA,NA,NA,NA,NA,NA,NA,NA,NA,173.504541240585,173.880139325141,173.900228544448,174.662425027131,177.535490340779,180.067547199707,181.290556492213,184.976951479891,187.054688769148,187.174482732286,190.081801618365,191.775288096858,193.873829773047,195.268787281744,196.494519698149,197.076153985605,198.447070244388,200.166103850897,201.368699499541,203.199453967982,202.771040534074,203.747298946794,204.632070987792,204.691571196584,205.755381571951,204.754896939998,204.109488465154,203.664512397318,202.945596637186,202.85588840054,202.24016454322,202.040228856347,200.475271927796,198.235613729279,196.206668638692,194.00107138105,192.016261778533,191.287496848629,189.427005502286,187.801628470671,184.978278259662,184.360906762688,185.001172665869,185.500440708418,185.86197768053,186.151741607534,187.11876063047,187.528761716,187.748937740141,187.338260797866,188.361094679537,188.486425981795,188.438871207632,188.176277586578,184.86030917181,182.876819708552,181.633578293276,181.245779870447,180.341779366068,180.258747941104,180.570697070036,NA,NA,NA,NA,NA,NA,NA,NA,NA,NA,NA,NA,NA,NA
NA,NA,NA,NA,NA,NA,NA,NA,NA,NA,NA,NA,NA,174.243683038146,177.494566886595,178.974516630948,179.49152388575,180.637336430916,182.351994440068,183.339742896311,187.277071791429,190.308516902589,192.896007228174,194.871192737987,196.709815326796,196.874221111529,197.6296167485,198.705679807054,199.601609837789,201.593584931383,203.060378598949,203.895507110028,204.386728913262,205.648709728075,205.460587040434,205.875977192666,206.44758727242,206.431166880521,206.09595027747,205.020010045648,205.196035380011,205.237965813874,205.143308474902,204.290093762038,203.766176070926,201.634897585045,199.906774333908,198.570662271608,196.942768836366,196.829188798599,194.235584746059,191.786646081525,190.450340494922,188.443471014075,187.449222713532,187.193172670178,187.450199581816,188.336795640172,188.414063177981,187.980581221257,188.848739210562,188.901788089602,189.192288122292,189.439912145341,188.722158940898,189.388733466395,188.888455069895,187.007216607989,184.864215312075,183.721520992755,183.529480642445,182.287466453081,181.578794302468,181.045950467552,180.688459491393,180.043660003961,NA,NA,NA,NA,NA,NA,NA,NA,NA,NA,NA,NA,NA
NA,NA,NA,NA,NA,NA,NA,NA,NA,NA,NA,NA,174.306348456039,177.87968703164,180.442905954428,181.953625480841,183.706607357715,184.799258804602,187.333500598131,189.350787149931,193.250315074441,195.294583011934,197.464003508512,199.404848259032,200.731071476949,201.061791452497,202.598338370466,202.634526027928,203.830511962481,205.162066091941,206.412648167312,206.899020687497,208.530116514409,208.198097330785,207.785008508136,208.344777267618,209.592325847256,208.913794195969,208.030373639413,206.354821724837,206.643503297234,206.068599088892,206.051363646393,205.94408036054,203.81133153612,203.004358288376,202.152115117261,201.569313166179,200.122033951101,198.854258187874,196.923685986168,195.765955630966,193.221022272932,191.157064892708,190.524792469019,190.33069043324,189.349046163849,190.297888017488,190.526806082635,189.070279690727,190.425303387904,189.744798593507,189.050001624741,188.566063989707,189.031507586614,189.006539897585,189.13730447037,187.983147689872,187.109893469328,186.022907241327,185.483774338639,183.722924224433,183.087728683598,181.12686007285,180.968681165005,180.938054639811,181.402068885816,NA,NA,NA,NA,NA,NA,NA,NA,NA,NA,NA,NA
NA,NA,NA,NA,NA,NA,NA,NA,NA,NA,NA,173.263399851711,176.149429049343,179.173855485791,182.398509343789,184.014261691731,185.52975173076,186.802736875742,190.209275082879,192.078339709013,195.954291633538,199.21451617133,200.818717904199,202.259807179138,203.909236052929,205.284157944985,204.814185506842,205.278748006467,207.754392153057,209.253201738595,209.806714680025,211.020840905502,210.461121847179,209.442668958725,209.366676396309,209.545133813102,209.728047236931,208.946996530524,209.616955383566,209.14092357673,208.254854065369,207.467353771494,207.081537821466,205.491224136751,205.199309636743,204.45288173329,204.207203425828,203.579415111375,202.667177812933,201.767640598204,200.414689107313,198.488571572762,197.729600274656,196.363565587125,194.927849520188,193.784983430363,192.866923597883,193.174445360224,192.289325743992,192.02362559003,191.562525222375,190.58079636324,190.394485562759,189.867031680044,190.706691151816,190.894150143555,190.800294084576,189.026097627136,187.731398736047,187.018160533451,186.672388266274,186.254202621287,185.503170822452,184.288395084147,184.671734207224,184.399899744256,183.257967155433,182.826747972562,NA,NA,NA,NA,NA,NA,NA,NA,NA,NA,NA
NA,NA,NA,NA,NA,NA,NA,NA,NA,NA,NA,177.051075267555,178.969214507505,182.125476574167,183.208149492969,185.856594253614,187.812932178895,190.823695635368,193.453151106013,194.433015519567,198.655218436326,201.218122060666,203.644890175949,205.334237803084,207.231523032894,207.552018543977,208.320636520004,209.073348323674,208.35840244922,210.115491924094,210.794233090171,211.088048820892,210.879981448149,209.661482887525,208.906826477432,209.455644449908,209.369898440663,209.742341383093,210.496621988866,210.012440636357,209.051981171909,208.359832447605,206.241011780377,205.674417636154,205.252254521209,204.241972186946,202.717743713721,203.14096083568,202.566921645131,201.428998467862,200.409266625223,199.601862177129,199.342827944395,198.928278067955,198.211283670618,197.606670280255,196.728501162416,196.90080233357,196.272603816979,197.103528078077,196.051705082396,194.983833437945,194.566770909625,193.160305728481,191.769557316722,192.027055525432,190.727615482958,188.80280431414,188.407262697654,187.734159915731,187.061740986394,187.651350231319,187.352278542868,186.812964676597,185.942015354383,186.165980717937,185.256239218153,185.053971978467,NA,NA,NA,NA,NA,NA,NA,NA,NA,NA,NA
NA,NA,NA,NA,NA,NA,NA,NA,NA,NA,175.499670049233,179.094521423442,181.428008791077,183.738171584858,185.501277407535,188.301260880472,191.458869491594,194.624762115161,196.741909708651,200.058268584176,202.519408399224,204.184649364671,206.818574370591,208.409037601194,210.978961098506,212.214191710659,212.742622300231,212.73501120311,212.354253059897,211.459007580187,212.094325020373,211.371546040095,210.532268870281,210.54916760529,210.666336283294,210.769670261471,210.533471501934,211.378728284747,211.702018243041,211.827651088276,211.315433119166,209.927169457411,208.165848156187,206.890293032054,205.871217009075,204.755710736448,204.523127705291,204.343989620009,205.277515820208,203.263069591913,201.337015962336,200.438261241962,199.94084725861,199.609042525199,199.857783964668,199.812157742454,198.968806665833,197.223980746247,196.879098513814,197.601932880258,197.274712101669,196.748961542521,197.463848677382,195.8472179996,195.28692682214,193.455807128117,192.012836130534,190.427552062019,190.046640056013,189.054770672411,188.226233083555,187.913901590459,187.28190798239,187.034582747649,186.970587373266,187.216675219128,186.478698580543,186.365423038711,184.258564588045,NA,NA,NA,NA,NA,NA,NA,NA,NA,NA
NA,NA,NA,NA,NA,NA,NA,NA,NA,174.097449312873,177.490358864085,180.479432057023,184.280580972446,186.417092740943,188.196142163684,192.231645354669,194.371041457208,197.981798710155,200.379843235196,202.939204920034,205.490386276609,207.957741389116,209.521779385145,211.86923343379,214.09939882192,215.477128200165,215.133738251503,215.435062407165,215.083588788301,214.880780598275,215.016362403534,213.439051067639,212.405726895464,212.056998673884,211.494167776348,212.19144198808,212.465064585638,213.303613884622,213.108760008537,212.948932741525,211.349812032558,209.309266124408,207.602820080842,206.533101416867,206.077574308531,206.402337587734,205.168908174179,204.486421638233,203.715280625205,201.757146064023,200.993726162146,200.640043623692,199.979237360213,200.235589956938,201.024733549739,200.602655362861,199.503774116468,198.732876807104,198.042807841812,198.408788692637,198.443887300214,198.477362013333,199.188022977579,199.097305753805,198.441600590552,197.362306898308,195.775082926099,193.540235065026,191.30217845293,189.960737103371,189.136690300492,189.4281875558,188.450206374755,189.086458000885,188.917913306406,189.037571158815,187.709730973335,186.939334583588,186.098630542052,185.590683006474,NA,NA,NA,NA,NA,NA,NA,NA,NA
NA,NA,NA,NA,NA,NA,NA,NA,172.632860285618,176.036983112607,179.094294100444,182.958957161405,186.644616865915,189.450998769449,192.28906033801,194.645301035063,198.138140493222,200.54924611852,202.320448452509,205.225475101607,207.707672635568,210.302247337589,212.302038969398,213.530291551173,215.007736413562,216.037807658553,216.10487179635,216.266450403689,216.535010758679,215.752062242673,216.338038915259,214.977829261656,214.681454632748,214.034365430053,213.664446691036,213.460174490805,213.803953013458,213.90666752153,213.969784340705,213.643661987583,212.417765127437,210.813191655625,209.335055360051,207.784013691243,206.674666429849,206.298610761413,205.293311483399,204.418464525587,203.48717969781,203.211874734421,201.891426389052,201.221356020406,200.958077930933,201.045959389477,200.883831327814,199.068365146838,198.711223119849,198.214453964266,197.258699866222,197.936614690342,198.932619528794,199.321980639122,198.994369172886,199.668111745386,199.201494946107,197.979379966956,196.487413435839,195.151241795059,192.810609940287,191.580987116265,190.659108843966,190.658611594499,190.544027179121,189.770840211099,190.085444648267,189.818430723256,189.990666611268,188.437240215056,187.558495447207,186.619834989893,185.267380196101,NA,NA,NA,NA,NA,NA,NA,NA
NA,NA,NA,NA,NA,NA,NA,NA,174.089912584728,178.972929892937,182.208154754866,185.179808559313,188.519936085196,191.704148430863,195.039939263485,197.591362709579,201.002480166606,203.485137548531,205.868907264071,207.536140973561,210.373492534221,212.407967216475,213.891360206914,215.052937491125,216.702683340043,216.371992723456,216.785904219078,217.762459218657,217.098799557634,217.214611236645,216.529730203802,215.53599725417,215.430143351821,214.241829706825,214.050583829484,214.939801090411,214.745893954771,214.227025151521,213.506334550095,211.886511786017,211.20566602963,209.747931875693,207.949024188713,207.110666770202,205.786913663137,206.106610825824,205.659923849388,205.037716910465,203.418258673028,203.496636922753,202.200198336818,201.823132303108,201.413328023965,201.980381532904,200.933910786224,199.968610310718,199.209689377406,198.051726346242,197.556544980618,198.012165401892,198.204777869843,199.253807383689,199.463805603416,199.841593131979,199.785919890891,198.870459582899,197.257927118032,196.444923156012,194.68667292126,193.997624814967,193.120410198082,193.963198593567,193.535653020694,192.450388587222,192.189519612409,192.025042681647,191.260241945135,191.173709010677,189.129699069405,188.097356771663,186.305683636887,NA,NA,NA,NA,NA,NA,NA,NA
NA,NA,NA,NA,NA,NA,NA,170.320983201715,175.119609635692,178.615280230087,182.097403069101,186.901946192122,191.542481618239,193.904390352289,198.28557633288,199.235412629074,203.84907363341,206.054206805383,208.121192699961,210.0967425866,212.808773282223,214.27080051889,214.932852138966,216.29950058523,217.168975947136,217.433101668341,217.325783110798,217.613130341855,216.871174971365,215.730145709017,214.826171085497,215.930726291686,215.701975570728,214.775728562775,215.243425052241,214.95943985638,215.043334035513,213.647951396176,213.447555195563,212.724309649547,211.886539384477,210.371728138901,209.670157709297,209.021046433694,208.364265863593,207.780232711065,207.230979382071,206.403576586075,204.525219296053,203.911083853241,201.969647186033,200.645870262852,201.587497969417,201.295559258497,200.173381736126,199.90890778384,199.630947703363,198.09149314798,198.111161344326,198.251627300777,198.527081363652,198.639993304944,199.126273329277,200.22115220419,199.153736478512,199.609752822901,199.069694040647,197.511493179223,196.866309081492,195.800624974479,195.511648564575,194.787282859316,194.647068055848,194.307071143743,193.861244429099,193.331332623185,192.227864061683,191.005152850872,189.665341503278,187.408960870938,186.716494008585,185.758649057373,NA,NA,NA,NA,NA,NA,NA
NA,NA,NA,NA,NA,NA,168.734711976829,169.594196509722,173.390283256589,177.214831442978,182.808325197097,188.748175687475,192.7364992432,197.046909638655,198.910800410662,202.08811025568,205.365675433627,208.367166562459,211.473219878422,213.109228077631,213.70710526173,214.573602534406,215.520652473273,215.957893454546,216.208229212141,217.47637903208,216.904013139249,216.976648976956,216.712142124488,214.895587664542,214.934896555558,215.002755196202,215.328172363842,215.055480688589,215.536958929447,215.279899756018,214.523203276457,213.8582302028,213.16020915031,212.675224219807,212.557866321301,210.437483279046,210.011706616098,209.855453719033,208.440086221493,208.613247655489,208.102038902808,206.938952188301,205.648313651279,204.313952731947,203.339573640242,201.944654813484,201.38407724284,201.213058961417,200.793685359204,199.162303828494,198.026120615789,197.81567470604,197.921322302044,198.384598246095,199.897249686478,199.642239376765,198.737288608895,200.19186783481,200.658629521587,199.969445377572,199.076972608032,199.01475480828,197.973444422993,197.850645689711,197.214953539889,197.408438808713,197.275831322178,197.118043329459,196.801013514437,194.557318704541,194.778851299625,194.629211010573,192.972183011005,191.441714127361,189.496818470347,187.636229856552,186.650387253743,NA,NA,NA,NA,NA,NA
NA,NA,NA,NA,NA,NA,169.64259438508,172.240329424003,173.154606320964,177.725427400803,183.592378541351,188.18443797943,194.618735481822,197.130520924964,199.699739550657,203.400452311678,206.335220838349,208.929945641531,212.491433440028,213.892297740997,215.141933033458,215.595851928529,216.105579783872,217.175823126338,217.638021841691,217.801468453472,217.063957363432,217.126796178888,216.083038371946,215.193628811716,215.576685108728,215.791372699625,215.602449351922,215.399930223888,216.140821277731,214.250250164341,213.741901598853,213.820319136117,213.472296024172,211.952359025621,210.940606601151,210.442175909333,209.950339595653,209.366570878801,209.008314261531,209.394806918825,207.421581462037,207.360796859101,205.684298412586,204.689959991321,203.266085700384,202.168782161154,201.370263662062,200.449620742068,199.311318366184,198.814765059985,199.033850012993,199.063063789255,199.697480956781,200.311570922265,199.501647936002,199.211143656429,199.379779315535,200.535579272037,199.835733614543,198.703723210637,198.691384054803,198.741500850925,198.066683883713,196.442934105018,198.322624351872,197.639380208683,196.655555851662,197.385662622272,197.144212681568,196.479748756953,196.167350857605,195.658556109372,193.768976531897,191.805586249684,189.279925426106,187.371837250706,185.847547254108,NA,NA,NA,NA,NA,NA
NA,NA,NA,NA,NA,169.519419261287,172.501148363378,174.641189406757,177.148747727192,179.725147119285,184.22312362041,189.524387376441,193.419251104135,196.913892403715,200.406552188584,202.928816356791,205.294992743894,208.621301735384,211.827563902965,213.433169899554,214.27462367995,215.74936615786,217.066524018524,217.05180905172,217.944811179574,218.276750034473,217.579610210892,217.055594263681,215.840730429343,215.848848188879,215.374231427935,215.441286624255,215.582480952082,214.731701344028,214.593903626,214.021811731219,213.743188853133,213.009168109644,212.565369245497,211.425732186761,210.658054967654,210.458109037139,209.362765022885,209.693994583752,208.740260309503,208.349298838059,206.930734920057,206.008654340046,204.425693497173,203.009126148195,201.447508264876,200.801066156009,199.890853783047,199.424221303642,199.713089595759,199.25929019529,199.763397954007,199.27200271721,199.998133435965,199.261196719044,199.704392312018,199.912453160412,200.113469964224,200.182117583121,199.100546280877,198.240779885329,197.204975959267,198.648865269251,197.964101701592,198.81716241131,198.069976853642,198.123806330043,198.059292672862,197.719145010246,197.554918832491,197.402896439986,196.554006504226,196.291588879025,194.63786940206,192.440655048706,191.157548360827,188.26714089414,186.924519829624,184.301096559934,NA,NA,NA,NA,NA
NA,NA,NA,NA,NA,171.183396460174,173.793990266387,175.538310041057,179.050194379919,181.975479687516,186.020906468756,190.537097976065,193.500079356051,196.794287139267,198.728898777382,202.162043340605,203.953117857803,206.780550766771,211.240295939448,213.482808893697,214.602113123373,216.198088142551,216.246747104886,215.92190540253,216.741738275273,217.900382630982,217.946073791635,217.292209287223,216.628502780669,215.894701142633,216.137744063918,215.926813381368,216.169025614602,215.870048597627,214.378360587317,213.849918108275,213.86063270547,213.050916084406,211.881016737355,210.811167934794,210.36171773614,209.015092473586,209.136054497117,208.521556550487,206.910845856994,206.412163174193,206.021696712049,204.963392566661,204.027743847298,201.535490834604,199.503740075459,197.888531447467,197.435333610434,197.702234386135,198.051634612467,199.378885822091,198.957648380515,198.823781147452,198.940454825421,199.313876062041,198.602937003228,198.581326371119,197.725212575035,197.927927051844,198.242634855245,197.871927302031,198.520020852951,199.18734645432,198.845894992382,199.485673112553,199.587849093006,200.011950483719,199.944252051661,199.234514548953,197.736037811191,197.958136900842,197.036932145126,195.363104652505,194.782383836097,193.327147587092,190.989081655774,187.70259418397,186.812021520859,184.807397354573,NA,NA,NA,NA,NA
NA,NA,NA,NA,171.78694140767,173.494520788098,175.062311055156,177.366913471588,179.301097210085,183.868779684392,188.163277858584,191.073334984034,194.044730777025,197.218072234823,199.18804052996,200.930373252148,203.576474853586,207.50985216628,210.107440102528,212.627705983043,213.933252416678,214.787447179479,215.596579129112,215.42661094641,215.772827356408,216.560140182627,216.851248244081,216.723284615256,216.675946665525,216.955695428354,216.729359920242,217.132796496908,217.201691290589,215.659727861012,214.213614602072,214.122445734741,214.153486683692,212.683210110348,211.413386366535,210.751968250544,209.688992442036,209.609547912243,209.392417330703,207.456360622115,207.262450016999,206.665629741102,204.819477844178,204.594456737406,203.857627081213,200.187173584995,199.188637880203,198.37907451494,197.763837781326,196.849769671448,197.332197547183,197.822095981447,197.338640767077,196.967650348489,196.792046727511,197.866568350212,197.250321011575,197.700130431341,196.531661753974,196.151307790004,196.870422335532,197.606772239563,197.798607621409,198.899676580393,198.812029447455,199.286219087145,199.717966047664,198.893715890285,198.674659606027,199.404303650853,198.263555697396,197.434314471144,196.283958055488,195.708364897677,193.344845811326,192.287820329837,189.320384076115,187.380439221201,185.212809176867,185.025860409379,184.572628477405,NA,NA,NA,NA
NA,NA,NA,NA,174.111352114778,176.23575910279,177.207447350605,179.023780510336,181.056193269364,186.089199961774,189.966100815721,192.736394522509,195.56041275268,198.304110919598,200.045660155502,203.001616081885,205.151707748194,207.981417130842,211.183437481038,212.360674094825,214.105541404521,214.576977142753,214.998900490609,214.049278825987,214.689843819372,215.265737389839,216.548725639961,216.494397647512,216.548809380493,216.648931875421,216.564335577872,216.936958474079,216.269333535138,214.652746889273,214.523596995959,213.842298464179,213.082726917236,212.095375765623,210.396176972607,210.032331376261,208.722560495716,208.514459744621,206.008015171095,204.6684555214,203.799521316701,202.305748425671,202.626684018845,200.840392478749,200.854946173071,198.076906095675,197.313622261186,196.403286339055,195.505217169573,194.756116596826,194.342329860153,195.468383820781,194.609680232591,194.005892463881,194.628367115518,195.904160512441,196.009381770694,195.766291486463,196.001959806174,196.099707207649,196.674936483225,196.222846617105,195.669444115386,197.836320112561,198.667637364655,198.777116293511,199.919774400377,199.635367067606,198.63021725253,197.911878279232,196.7850900882,195.861273569558,195.005782822393,193.774329912487,192.290280053318,191.318854238067,189.888827328414,188.078328661112,187.146315745787,185.441733322874,184.859923309881,NA,NA,NA,NA
NA,NA,NA,NA,177.03646176756,178.276244581741,179.348198762489,181.079770718673,183.324754489779,186.800726158965,191.420869687737,194.862825773543,197.160854040134,199.009082400278,202.729728113907,204.588774255779,207.05593502166,208.392044398436,211.00734486626,212.444641420209,214.583737357773,214.5834921754,214.756730458224,214.238300972431,215.431874480067,216.206240386284,215.724437152486,215.641431082372,216.622253798756,216.302061836317,214.895007309124,214.367915143411,213.142150390916,212.42028061628,212.739089874332,213.027672477765,212.098532381789,211.037518118897,209.925648345654,208.388568386477,205.891594269373,204.571494732461,201.556606700213,200.014296728248,198.849824114169,198.068177016497,196.815886593986,195.931972243874,195.449682776732,194.348363420486,193.184322270712,192.428624218393,191.906460567035,192.246854801389,192.524365430216,192.864796634114,193.212770076014,193.131530707191,193.013983483146,194.238413284081,195.007603962297,196.320087414479,197.557103702618,197.013793295741,196.541683882924,197.523357604927,196.646128548435,197.191543854766,197.43628617388,197.389674465437,196.894012203203,197.418252584542,197.56325952676,197.414605457784,196.222098294112,197.127685538473,194.647014215233,192.896514347431,190.466069899287,190.634177075986,191.691080201366,190.505488089928,188.794883019142,186.921827568474,184.827103031896,NA,NA,NA,NA
NA,NA,NA,177.72545631317,179.051395881474,180.555140424105,181.87163419627,184.334146863963,185.223265509897,188.835389170706,192.859080527581,196.332348829283,199.273530845367,201.074912144519,203.788165242439,206.049695785292,206.984052820639,209.145862176178,211.445191523573,212.973675292864,214.021403451321,214.331783117383,214.76139122951,214.320605429938,215.571788265928,216.179557581132,215.747623705297,214.555561175393,214.225030494453,212.660683918011,212.600651923447,213.957563926473,211.917001357797,212.2554495845,211.398344988354,210.384545902223,210.584897509556,208.25115134626,206.31454793283,203.75850884768,200.401090081428,198.219613609455,195.325867136579,193.465708518219,193.723376751921,192.581113774148,191.15536722692,190.779670341117,188.52967098591,187.162007401659,186.651758793564,186.848946485251,188.167921184172,189.313811411705,189.558489436711,190.800042486096,192.103930385482,191.907683946212,191.979667505232,192.106476351571,192.308224738518,194.224245977131,196.427037619742,196.709896254091,196.481535697355,196.271471055259,197.029928881822,198.284118609144,197.862048522414,197.486108292753,198.13823270354,198.36749880158,198.39161874183,197.533487249155,195.847478851889,195.92797642007,195.197892490231,195.005912968215,194.139054428722,193.419735892931,191.616931767218,190.717143660453,190.617987414705,188.276904642103,186.664839700762,186.591075778982,NA,NA,NA
NA,NA,NA,179.577907395937,179.62544496448,181.678141274826,182.874601291683,186.60420667337,189.003849326185,192.970267751445,195.158005066981,198.360987626134,201.404947126836,202.910393671789,204.237299306976,205.676933875222,207.449276724308,209.480647120433,210.72809716716,212.328730755914,212.828270787839,213.824896693618,213.90161133344,214.529170761954,214.660574866965,215.617978101462,214.093854607281,212.726686526589,212.104301530773,211.209081581987,210.832835359035,211.694412191858,210.425459648041,209.463824224585,209.132954728074,208.49229345665,207.167983058546,204.496637779555,202.1777226569,199.2259968568,196.190065474169,193.073403579666,189.775746865604,187.517027987024,187.437644255565,187.046102909782,185.694564216491,184.638995551647,182.748323149777,182.166021053587,182.357293183359,183.852850163381,185.106941157045,186.233812021015,186.997358783254,188.264988622401,189.503415835493,189.371035034037,189.670279707545,190.60853002938,192.001897983487,192.986133929178,194.338317136904,194.580585857065,195.47290570106,196.005610341539,196.641172752981,197.227691567334,197.83638202753,198.0774089312,198.970564954387,199.282477691429,200.686662023823,199.956376403227,198.997446178989,197.148854722167,196.232885218315,195.395102583629,195.195967233446,194.677640229892,192.459263216824,192.174328795728,190.957316850366,188.864965989989,188.706382093456,189.2237581166,NA,NA,NA
NA,NA,178.507620527043,181.258479215375,182.160293582195,182.69445886165,185.42449108111,189.353595534525,191.414362062195,194.893588240472,195.562721259143,199.234533984685,202.61205806313,204.754901138764,204.451047441691,206.583263069037,207.77129873929,210.302522345789,211.55301594033,211.724993839988,211.868218351932,211.635422135101,212.453642538194,213.654825757619,214.417532563628,214.300767116269,212.73747232999,211.897443075852,211.311684341691,210.545072084314,209.905499169246,209.363644290019,207.613824140164,207.161979245632,206.980437120185,204.528654808029,202.016050042737,198.767258456521,195.788957490991,192.027449814553,189.709492695639,186.381349830811,185.789397186653,183.422513671639,181.716871065986,181.326031477433,180.538064526024,178.926289282361,177.765689689219,178.110741940569,180.783428020705,182.924460451407,182.760471159144,183.536850433416,183.734629602383,184.02965202521,186.144131599617,185.563945139085,186.470403302364,187.778547459996,190.084892810112,191.723400512427,192.578805399421,193.702665106754,193.960214680472,194.683621172997,194.603628076737,195.807321510925,198.159504305625,199.654333668885,200.428077597764,200.733543552784,199.319800615621,199.335680491454,199.570532373292,199.000341902416,197.788155404125,197.073051268092,195.964141821328,195.073790376961,193.378429522138,191.863297481282,190.30553075717,188.153858536422,187.58167843891,187.948174809616,188.147710054658,NA,NA
NA,NA,180.565940963552,182.498290224581,183.581335164303,185.5558151573,188.017846270432,189.7502233493,193.579948615347,196.980251238023,197.57959664563,200.847361075332,203.438887915751,204.106038249952,205.46922063687,206.508330796363,208.471091418836,210.458678075564,210.964566536177,211.670295382006,211.065256283382,210.859292928159,211.046599238934,211.308630849956,210.946012610098,211.23225788879,211.025500757969,211.101820472822,211.287888106093,210.269801931548,209.544902127833,208.894801880019,206.298771705411,204.678030534089,203.055582194996,200.610679169097,197.943936028796,193.767374779393,189.711163886922,186.155858395808,183.36759947144,180.998294123316,179.06428631143,178.66997346491,176.895294278242,175.03739712041,173.67636117412,173.120153640235,175.715262683893,177.041797907837,179.313326151721,179.426685518152,179.483765434408,179.459114270661,180.576890967421,181.108936908489,182.65324988774,183.152510457462,185.141982248702,186.146721074271,187.482964513184,190.542239881133,191.60159139931,193.261463283877,193.097348009634,193.915450785907,195.975319023701,197.02307525527,198.182809335181,200.413162837259,201.877745316242,200.59296346179,200.220747420347,200.958465572935,200.788335420662,200.603050857447,199.311672681951,198.019075256549,197.55242204942,196.127713266326,194.254100606714,191.404648632831,189.304329860748,188.276637997392,188.76684171259,188.687358533494,186.96552520595,NA,NA
NA,NA,183.237725615927,184.1060492458,185.189515679352,187.583669020009,189.07163888403,191.701918621132,194.490654829304,197.317911681509,199.154000074797,202.192714476401,203.256583049346,203.7863409747,205.184288486599,207.668279764763,209.14791514161,210.820955313484,211.145797885026,211.368841404174,210.795068735324,209.539207512242,209.668929966865,209.490970293554,208.985945215492,208.066936331835,208.36009244594,208.409085398726,209.00094320565,207.510958922954,207.204609702212,204.913892068135,203.162540406498,200.17694320952,199.264896741334,196.660743506797,192.676614160156,189.231650713937,184.416760014115,180.545032267504,176.662497824407,174.457522430409,173.264416249948,171.994984390464,172.151482657619,170.242431746502,172.084015717597,173.463888743632,174.609822757944,176.298581436242,176.447705767001,177.197976480556,177.522175033388,178.699579487541,178.723400559246,180.869077062779,182.303160876828,185.065633633852,184.224949647278,185.579698474414,187.880177044975,190.181852104644,191.31980951196,192.825661333185,193.786931312142,194.398642406101,195.279302612776,195.604000776057,197.876613450682,199.19956475476,199.957403835039,199.037839427337,200.265192974416,201.807050754159,202.433066664698,202.87787699287,200.66671301227,199.070277018678,198.440018836165,197.454369822722,195.494958955559,192.666829670669,190.531389610404,189.135101228916,189.293853709509,189.428264945153,188.792938028763,NA,NA
NA,NA,186.958983881326,187.731070964086,187.955958517866,188.935265697961,190.996297788729,192.756681096159,196.666441942276,198.684287181022,200.147976296386,203.836915893833,204.084684226299,204.637916004353,205.648242929629,207.103894347469,208.810941500053,210.885037966443,211.367373499179,211.384209710497,210.16414768341,209.195559093599,208.121274579068,208.386696730162,207.515720444881,208.187347119571,207.264868658342,207.03585811556,207.386356003441,205.625190359159,204.79888577006,202.536751788918,199.972119296405,197.140048390152,196.941409796335,194.652737092465,189.632337954365,184.97890391325,180.401236704212,175.714179353865,173.261707507383,170.686226168802,170.459826172231,168.276221008053,166.776292790794,166.631275230298,167.880290157701,169.882060492585,173.165801845033,174.145610828087,175.2766322881,176.361824470172,177.886625654552,180.348185547348,181.210254526964,182.96448827549,183.494295582613,185.836010878887,186.640924793971,187.929827696893,190.365117222079,191.600719453752,192.78849923315,193.222967961568,193.731066409004,194.129242279644,194.590907415294,196.203563837722,197.089829479525,197.451051546894,197.811021824891,199.904309258321,200.42963328344,202.074739201991,203.551788251409,204.543008769689,203.957204601749,203.199245564261,199.622436689624,196.693796562097,195.119111826211,193.297699468604,192.530573428982,191.016077353475,190.865396313795,190.676261929994,189.802020342437,NA,NA
NA,187.323935891895,189.421476974699,191.047049461422,192.794308117092,192.746343671328,193.510770339706,193.3783337093,196.699382758997,199.682012406737,201.22197856077,205.117990440827,205.559774432356,205.570116363117,205.347735697748,206.654971788433,209.407073326027,209.940262308219,210.711871604963,210.786728183171,209.811156172594,209.470644089966,207.649044109381,208.181538356759,207.881300522251,207.400394035201,205.958826691184,206.125720394191,205.113176967475,204.999442516671,202.694413910995,200.289561990955,197.131590087364,195.135614142917,194.132265145762,190.623249168129,186.919797822846,181.71030676949,177.331455600342,172.985349425425,172.058574259759,168.942184907496,166.606320199631,163.323222980911,162.843086230828,161.992992021929,164.454744251328,167.538210052235,172.178085992068,173.091569050671,175.738588237256,178.726060294531,181.357966035632,182.991672477555,185.276030313964,185.94032741538,186.37998298023,187.427273628786,188.364478713524,190.301759342366,190.798964977279,192.413452214799,193.02673581355,193.561351270564,193.903757241358,195.090702555994,195.469486662225,196.418553451881,197.294591583468,197.779807131276,199.932619013352,200.746487537256,202.357876566709,204.268069097324,204.916418730335,205.931278502572,207.096490527615,205.47682428434,203.107053099285,199.975817286894,197.612729722819,196.007758632439,194.137255107891,192.119594998684,191.63987387848,191.778896702091,190.065088288113,189.104680433616,NA
NA,187.757618568805,190.058486556988,193.218375768422,195.295140132463,195.553382387067,196.147449198461,195.6769163621,198.529592854599,200.656339695668,203.301599427887,206.515533908258,207.405341637618,207.089179571211,207.217328950506,208.164862504519,208.702025732975,209.157660639739,209.760395401271,210.578546616447,209.665341413562,208.9399830855,207.66337069472,207.456847476358,206.870182355977,206.915806665062,206.147581286244,204.884563486497,203.420641758995,201.757604449347,199.928351928129,198.184948818443,194.824325781685,193.924728602613,191.406461165846,187.530225794227,184.366112092362,178.506202346325,175.339449127595,170.979568537815,170.670832949693,167.121419966403,163.317592963523,160.00019790028,158.760920335433,159.74328703613,164.825460068876,168.177919523686,170.410453817491,174.584245639003,177.815371937769,181.358685787835,182.744394263848,184.07579219398,186.779086709833,187.946372893851,189.671621423979,190.440188131316,192.241379226444,193.786161546255,193.937736253133,194.884828273876,195.138586851759,194.995993818987,195.7932880265,197.842391183721,198.220078770965,199.169851596172,199.891013897395,200.369886357178,201.230520702651,201.983013039884,203.899968034176,205.078340382687,206.465284537102,206.221275947612,208.315543884829,207.582015641065,205.422864534957,201.946315401402,199.403946509085,198.283513086643,194.816402591555,194.015355440812,192.702064492663,191.924136483172,191.369290938775,189.540427965428,NA
NA,186.401310223991,189.47087699817,192.183867815781,194.237899661171,195.529807513728,197.238862119952,199.030152140397,202.087047717324,202.58597959851,204.760656350728,207.529285926899,209.300113593889,209.555056658908,207.66529866422,207.971119426128,209.272159545224,209.987052408247,210.546596173437,209.83256789716,208.66182765426,207.63269819929,207.101781879222,206.894551593867,207.158632945495,206.881066232806,205.05045022084,203.257168406033,201.282115459078,199.836016916511,197.675693220222,195.526232501343,193.280847465327,193.160008937608,188.896886281006,186.947327956945,182.359494377579,176.937495637076,173.876493767717,171.281566571247,168.530934180714,166.242781400055,164.188540564188,160.464220825463,159.351103586665,163.180200682116,167.347259658678,171.267578155794,175.306003560445,176.942320899149,181.711828431382,182.233611189211,183.926761863964,185.794824611014,188.261094354302,189.68453101648,192.261185698585,193.322062308043,193.728865000607,194.76951389166,194.819769193819,195.433890927584,196.434254203957,195.905112461107,195.699459462593,197.583050825476,199.863582508602,201.013657348191,200.887353932213,201.998211673807,203.099136155016,202.979669921637,204.514294091235,206.722627581415,208.027321397774,209.525708238818,209.2609405491,208.008531710987,205.451806334261,202.557817869323,200.51007627386,198.144224540981,195.374526852865,192.953916567037,192.768989270541,190.883746409979,191.234213319885,189.126232170103,NA
NA,185.957669921369,188.805861447265,190.707757112641,192.342786329582,194.672219995977,197.182207514868,200.739367157153,203.568910603387,206.263377164293,208.14548171512,208.884468316912,209.920791931269,210.248858742978,209.569243137775,210.354604669188,209.931526618372,210.32271048883,211.669541655858,210.99436749497,209.254504627373,207.636951854655,206.965179993708,206.589604784848,206.229695918769,206.563686917492,204.627644327412,201.709935434075,198.931154078735,197.730249607368,194.89919688684,194.384134659438,194.619418377704,191.397742574105,188.154293727845,187.469634015726,181.253868290005,176.062062505171,172.112985139963,170.381802515798,168.362718061741,167.423675268488,163.125612362166,160.9041696131,162.484534056286,165.250900133292,172.661346982206,175.741905697095,177.497417363532,180.979327453008,183.546125822947,183.616976702472,185.357639744789,187.108645452817,188.550105359173,188.954651550991,191.357490976321,193.786779022687,194.834667740585,195.56567923919,195.045965575409,195.676366116423,196.526522368515,196.540528877471,196.563505052001,196.940254846904,198.831432133349,200.941126746328,201.638962024058,201.966150582846,202.743096894359,203.949450222559,205.608062115679,206.772483406842,206.331112229412,207.844258035375,208.498950109696,208.022860304784,206.611683970678,203.592750538864,201.244327462236,199.620063526417,196.357954357743,193.197203929873,191.986198330655,189.046217617007,189.154855296752,189.654368501504,NA
NA,186.301863697136,188.481662268338,189.637109641696,191.436276880525,193.590100776825,196.724701653819,199.353874865431,202.659026034821,206.257221316975,209.002490834927,211.130153701066,211.141884962622,211.708584107883,210.28751331455,211.161343764562,211.808443068288,211.735912223944,212.303356667089,212.686433029647,210.519821286222,210.250643524792,209.114082865564,207.996503670164,206.462043878063,206.002055273657,202.757801888624,200.286378547823,197.314629667518,196.583367984275,195.971119527681,195.112828739589,195.853661019071,192.877957991896,190.870317818174,185.770127593216,181.3053755393,175.852258820971,172.857197005739,173.60994524565,170.767926743094,168.250049373712,163.067776095708,164.545363175344,171.686967601783,175.468193046217,175.122550826661,176.716934198259,180.370161008528,181.04722874576,182.043164627299,183.626431172766,185.979585048029,187.343406138745,189.612599267249,190.833729293142,193.379959049087,196.977132762925,197.16065675865,197.309234268353,196.861092112107,197.158761994945,197.297871697897,197.879770098141,198.111333196466,198.578035879629,198.363410250537,199.242380632944,201.024307889058,201.797305959806,202.917596545278,204.369010078149,206.364311386807,206.405147993144,207.133235348442,208.227533293787,208.621696765715,207.729284533155,206.611034800316,204.979792597785,202.024197466507,198.712267092996,195.399557545861,193.267802295777,192.126474207747,189.093473025945,187.974014148236,188.170552930378,NA
NA,187.80626971934,189.642874065999,190.265626249449,192.056743303492,193.857755428466,195.385711994616,197.94120374057,201.860304919634,205.149301824671,209.095315829386,211.194137179287,212.920684551963,212.129520675026,210.827897821807,210.817462241071,210.108935853651,212.795681334982,213.555535812939,214.932392902561,212.56995094777,211.979994935843,211.225831796442,209.719871341485,208.467029059793,207.23672668746,202.668521071612,200.949110007288,198.890590819057,198.068949506044,196.982069927905,195.880143592787,194.64347292802,193.329839022642,190.599237274477,185.19851803692,179.868741188785,177.833494010444,176.892939335232,175.604497794786,171.95624008316,168.69730688012,166.854684740898,168.873423075277,172.690140445073,175.257327774049,178.161662311057,180.065030196274,180.696677806108,181.07890965305,183.074700736098,185.15149892569,185.318154434784,186.7746324407,189.529798251459,191.601861973201,193.875115371472,196.592251553686,198.612474288642,199.255721603673,200.025667872249,200.381233274077,199.602946613231,200.01267461114,199.693387694104,199.468820671333,198.630481994459,198.450173212569,199.259839991774,200.762467968444,201.517490184434,203.961868440946,204.827532793032,205.186505745658,207.034892504637,208.016820379748,207.673792285133,207.190133258906,206.270669584087,205.089880866409,201.798948913957,199.37553576233,195.994450791217,194.249622563326,192.660053329081,190.541282238834,188.249808348458,187.23887480987,NA
NA,188.647625111275,189.655913511361,191.167514464328,191.856209337832,194.313953816623,196.955645269008,200.128140528491,202.429127256819,205.570547593173,208.951020510344,211.607943151801,212.37879265156,213.105253116316,212.816319558936,212.008927500704,212.212383930837,214.235397459153,213.64367926518,215.193754510951,213.659725150921,212.996267221935,213.652172950035,213.152876398411,210.622120149286,208.049688308917,205.186101952885,202.960680466374,201.736203552536,200.144121272462,199.088102083915,197.299412460131,197.273132989554,193.572744653972,189.951599631963,184.88983213942,180.89744996353,177.765455357719,179.267535676202,175.764766412815,174.588123486863,169.766564413523,167.468603869394,170.690938345281,172.933856405279,175.60736722586,179.650796102173,181.061031305737,183.027452923504,184.624494565644,183.618444448837,185.178194379613,186.43606943685,187.861349923336,189.952773573283,192.116355814373,194.341248283732,196.824408924227,201.156509323852,201.939255107981,203.10644976022,202.447855144968,201.148128656931,200.842076582922,200.31767803338,200.587158248793,200.451653548785,200.019927045006,199.807141963343,201.512734313832,202.248629955843,203.68692681177,204.563973415869,205.202029625537,207.576106128857,208.435430903086,207.608352909456,206.971895377467,206.847432020014,204.835836818958,203.44810012976,200.516330509005,196.288363392843,193.830037302297,192.822550416488,191.79020152904,189.092105909905,186.80680272248,NA
NA,186.973088732728,188.82921433672,190.573804173014,192.954965294043,195.706067003353,197.855786123318,200.513641843683,203.569737823017,205.101625055892,208.184604520247,210.300150873452,212.895389801551,213.441793118552,213.33674151165,212.907713094249,212.89321122957,215.349808790426,215.598423177693,215.973700094872,215.251639555304,215.383538419011,213.986980306094,214.571053105072,212.946378260563,210.514937876564,207.369295684229,205.345936928303,204.018538506565,202.292070049048,200.130125386402,198.675806643428,198.086998581926,194.183524405141,190.297034739072,186.030747765277,180.192897161752,180.456958344764,179.136620827306,177.796934046004,175.851554024417,173.10198263584,169.34784865802,169.976706337354,171.277808140264,175.214717430809,178.505068793641,181.91781101098,182.461126533619,186.204644997116,184.945764997293,184.605745772922,185.961465969079,188.053910773059,190.208382460481,193.540415534328,195.911162228912,198.358921923434,201.689395972246,203.570842791542,203.933122396519,204.632074660818,201.9979643916,201.249261807122,201.251512423431,202.116976016468,202.023808069997,202.211709007259,202.002574937715,202.8525289377,202.936684649735,203.007420997745,204.035618053049,205.45585759889,207.105657178641,207.85691833218,206.68473612342,206.812773658318,207.145037671723,206.131172968832,203.621425967515,200.582520604323,197.546048599973,196.345159616554,194.462005159032,192.098282401121,190.154211490245,187.48355151158,NA
NA,185.344616363514,186.624940825963,189.026685931799,193.008888346634,195.493301247802,199.307758056825,201.547089792136,203.334041483302,206.375032716404,208.247914974715,211.929525904033,213.33419339411,213.509712336953,213.971594830095,213.350579248264,212.922547040668,215.213928144675,216.743009314047,217.980101350257,217.988818198214,217.736651834452,216.980286902163,216.291490589964,213.910519454633,211.696555226666,208.803835384773,206.965850936923,205.141105128567,202.518526847313,201.429196366186,198.257544729665,196.808906823463,194.511520811533,191.316470416713,186.491760169204,181.758079748848,182.92893939785,180.413153731766,179.864953979762,178.188702566822,176.012517847125,173.201835858755,172.680398476392,172.363268516213,175.006697929017,176.497920125627,178.679624091027,180.786849783373,184.203374662417,184.740273758077,185.642769067669,187.8932349464,188.810391624475,191.533301966912,194.48232724032,197.232664596316,199.361794344353,200.991461162717,203.599070179503,204.468354146847,204.770935994173,203.558440597592,203.373953140554,201.947458393987,202.771853577895,204.02304351436,203.749290255139,204.7726885648,204.125717057336,204.814819576504,205.762614648398,206.55734456445,207.218733451226,206.973462311229,208.181413604757,206.69586576619,205.484888109244,205.04591497893,204.516707656801,203.792484804822,201.18219309805,199.585709088778,198.050419838508,196.481268127584,194.327147957763,191.646547353774,187.412324861768,NA
182.719675008992,183.553473143917,185.631949038576,189.361056631197,193.546554367867,197.70774222354,200.923131746878,202.369981356244,204.950239177582,207.386219637522,209.506732269015,212.45086905135,213.610825660263,214.704535512277,214.381117475269,215.004491844136,215.238653056018,216.740235253396,216.702822828927,217.855669808041,218.410584693531,219.180379659538,220.05724600933,219.06392522148,214.866858445928,213.397201263326,209.804295128975,208.435607581599,205.511988418981,203.108949366558,201.709130893711,198.158561471904,196.021535861678,191.925279502268,190.887198470226,187.185532974908,183.355306364174,183.313905435906,181.974411459001,179.057482012629,180.857050861851,178.190321433977,175.251878857275,176.125886413283,176.434119786539,177.393790247579,175.743863469876,177.312745041325,179.551591979578,182.724043827757,185.404417062004,186.561747723288,187.770471341255,190.56288584319,193.745941322253,196.057800899642,198.835847169431,200.017622079123,201.531413560789,203.490846184034,203.739153141666,205.311552007299,205.355724073794,204.639528835583,204.227760201719,204.486905212223,205.45061939871,206.016976726446,206.135262231934,207.1449346069,207.889866260593,208.983783060629,209.393798960323,208.202161541599,208.827882500339,209.051005024189,207.55468386316,205.753470827067,204.154174788036,203.549834104567,203.611871167471,202.288737290497,200.973456213096,198.911287243883,198.631940919941,196.306861375536,192.604287128476,188.710142344485,185.708583020923
NA,182.914618257528,184.749306253118,188.534911053917,193.214787651151,197.555669809219,200.718178597484,203.123626584751,205.294897172736,208.075387263305,210.39502477345,211.792714342622,213.081977491205,214.392343295999,215.124240206829,215.608186172626,216.233776898967,217.592104628813,218.404413941634,218.747792431953,218.797549784512,219.557786654964,219.237373944045,218.676958374743,216.416382197845,213.918371696555,211.761145357467,209.846577526856,205.51307423805,203.719864727987,200.847643414971,198.399315353603,196.035490690248,194.472375622873,191.252924853507,188.910500602685,184.881630840809,185.939872556384,184.659311635094,182.080555822907,180.682693255799,178.176005215542,175.580176398244,178.328732546224,176.740413698221,175.028562089201,175.268235065083,178.096816728009,179.497322479684,182.809198682655,184.317442819389,185.873210185169,188.003831186089,191.027670394863,195.434282362876,198.031361662725,200.518113208986,201.792700749814,203.519706206818,204.020614836476,205.518860534551,206.292795864437,206.979390796123,205.845094568397,205.632233146675,205.189966301502,205.821871264675,207.192166033644,207.650195425397,207.929139391845,208.659247991421,210.038312343881,210.835616903729,209.801964155316,209.569272685211,210.28954409807,208.469126192258,205.916978673872,204.561908207374,203.554747994855,204.093270035998,202.787264291055,203.231690194664,200.618999771664,198.925462101649,195.830083132872,193.942515013152,190.873353272933,NA
NA,183.081298957061,185.254193714159,188.465520665789,192.456693607292,196.407078303797,199.897481980006,202.314758093094,204.961745173435,207.810968681434,209.737681112902,211.598654960427,212.456289293307,214.524646187697,215.932271535862,217.067676580545,217.360292180006,218.185312848535,218.894509174708,218.526099416152,218.822051187696,219.524770220683,220.24559291699,218.900025214324,218.374922334251,215.462315386367,213.438915160846,210.513758610796,207.849751250176,205.333177688073,204.410406130547,201.029725058862,198.943784328956,197.37155625847,194.612859462225,192.896750749941,187.546834132637,186.83820685924,187.581575800893,184.631671845764,183.754247273315,181.040235658778,178.548122082928,178.294997428069,177.004006250806,175.047709649927,173.486909419904,176.958405090103,178.484492792273,181.414274000797,184.422214174038,186.351729591121,188.389496531781,193.140961360426,197.142318842274,199.943255140044,202.263229334855,202.049509935905,203.944538289552,205.21659994636,206.43682847006,206.986940386374,208.685690097839,208.634590839667,207.909300229758,208.406258715376,207.982382189863,208.714266079209,208.685602132365,210.032881966725,210.855753007157,212.079964900334,212.511716400257,210.968854835838,211.403899274018,211.724653233772,209.662883639047,208.58495733086,206.94462573188,206.494319690565,205.15401449261,204.706375609936,203.369445663589,202.359449442289,200.337807722352,197.851356383558,195.694557524346,193.129206442991,NA
NA,184.220800512566,186.170796517968,189.06992508326,192.0948423131,195.14552918784,199.433559352409,202.53619344598,204.541816890457,207.901161357079,210.22478877355,211.309073762917,212.389338461661,214.448416786363,216.372077800686,217.277839230543,217.277325398168,219.200885697508,218.859012683551,218.705980593916,219.179301139447,219.837565290974,220.305930984955,218.886615176677,217.844824324861,216.275265493902,215.074908038301,212.729936290355,210.410707718326,208.386460591647,206.362468350632,204.219059947796,203.420948506325,199.919383285036,196.972049800588,194.819279016617,192.141260997434,190.293334745404,188.858360613042,187.247896720212,185.32003744683,183.116624818638,181.52950146151,178.053403997049,176.257672179613,175.488414212703,174.59900640819,176.480805501126,178.878140948535,181.443072506286,185.236799305274,187.40597898927,190.179216187327,195.164441341618,198.156718507034,200.399386464794,201.859158780999,203.74289042135,204.342966735721,206.361281467204,207.224080033478,208.385333693682,210.934089283173,211.365963446019,210.645588983841,210.01809918207,210.566867726718,211.32810344522,211.56436901955,211.936205212872,213.296528497132,214.248089520481,213.53333663332,212.214942752508,212.163260219921,212.132981217011,211.059965459215,209.733946336617,207.335963128656,207.726971131183,207.170052675318,204.729112768843,203.16626156612,202.066238316649,201.480919885274,199.886806406104,197.399858933271,196.386841441138,NA
NA,183.726696173762,186.466256453099,189.343950237715,192.147203226791,195.291447629511,198.630631677498,201.324150632677,203.911080917411,207.191051379625,209.456660392695,210.729725248355,212.750949873752,214.551453907766,216.755808543234,217.504731727161,217.820804447976,219.312679634648,219.27662547781,220.590132517942,219.159954807485,217.989188858655,218.937456621654,218.501466315364,217.30023917368,216.354131454636,215.606607426357,215.700624595767,213.418504703497,210.548339579029,209.017673841888,206.374697578,204.715244968889,202.769495439698,198.545567146996,196.94238697779,193.43401486678,190.074250938325,189.434343269106,188.871283912336,188.029883384614,185.832861657605,184.613024772016,185.609376067008,182.813091414991,179.259456340253,176.982623774489,177.649927109937,179.570314728086,183.49855212305,185.84981575327,188.904086000026,194.339017859199,197.615039841495,200.23543163993,202.399237262097,203.437883137513,204.320560417654,205.110301562725,206.958610599721,208.203763114018,209.803715330273,212.457078068693,213.836984038998,213.253950482183,213.644850712768,212.778485805513,213.816702106107,215.334590930371,214.966116893388,215.417542022077,215.910683939602,213.512339587172,212.777874664371,213.113762086093,212.10502217892,211.689083019667,210.64098980086,208.974980370628,208.418194949626,207.353431602042,205.534283224248,204.742328335389,203.634857125752,202.779812238579,202.960106987031,202.000156553599,199.844197779522,NA
NA,184.503601881508,186.926752744835,188.720120092572,192.376019184494,193.647651137581,197.237516103313,200.347485528923,203.718298793221,206.687682014669,208.989282493465,209.962204509307,212.298158797876,215.603365252779,217.003962927064,217.601834382378,218.936640100331,220.029032861557,220.060689932813,220.378806104662,218.785186931432,218.268517676803,218.03031873232,218.376637849104,217.60207027483,217.020970737799,215.612862344019,214.776451293116,213.578652077283,211.887449981185,211.201723186243,208.06751743046,206.059480463727,204.190325585271,199.956801095886,199.375832552371,195.398627751925,193.437270476209,190.869485349075,190.518626519791,187.604344767008,186.422170494458,187.225582243507,186.290640953462,186.302224089581,185.017975730983,184.158761628507,184.008226962918,183.841531566773,185.997315993217,188.335829968588,190.666483811747,196.860865197165,199.297961922152,201.56612066098,204.203174418065,204.199847428053,205.654832929465,206.708067730263,207.958819138042,208.843914412554,211.544460517926,214.282540398982,215.145303317802,214.707861347795,215.465712028033,217.076043693903,216.835202294751,218.71968741163,217.758559437163,217.31285566938,217.044113843068,215.21958876267,214.129778000462,212.77092237316,211.561224067963,210.619051574233,210.277566459194,209.071747109367,209.477158102343,207.553626961243,206.885035923043,204.774291768987,204.721275387103,202.199647147179,202.292161140335,202.097723459655,200.468139028531,NA
NA,184.747403442817,186.84989064668,189.655954603813,191.984964708313,193.349908753335,195.900289974717,199.299556424785,202.960401132557,205.347631139245,207.854655954529,209.73110738073,210.911689495935,214.308737033293,215.974372398643,216.719250947009,218.331869032046,219.010167335391,218.142986199274,219.574271088655,219.091017553359,218.52256378804,218.074573191474,218.606216928562,218.843148380064,217.583558838144,217.521312256745,216.822431344974,215.44976382041,213.81961601446,211.602375422932,208.879397897295,207.178302615205,204.845382783869,201.930317921349,200.308044448511,199.023251645948,194.375558307174,191.554256974923,191.237975040605,187.662412213146,185.705900184768,186.593059560586,187.521150282483,186.724563944354,185.125424199212,185.907188544059,185.050415706658,185.868223003839,187.403989699334,191.149981032668,196.318605337748,199.898790815978,203.941998345523,205.025510461196,207.978453616822,206.827476384503,208.140382235947,208.787438390716,209.516913956789,211.754106355956,213.314676182749,215.957011518192,216.624370596489,217.203211385803,217.273339727071,217.976767553705,217.62865545719,219.771973497016,220.465439993947,218.864426268743,218.17436798432,215.390536637662,214.510287450693,213.534769559262,211.82239723841,210.577195184502,209.803532029496,209.651269965583,208.456525819504,207.16347980339,206.042444431037,205.403840309458,203.676025258978,203.337784566429,203.565192864323,202.815846943255,200.42267691584,NA
NA,183.823428716311,186.566102552191,189.411523413579,190.600369621972,192.407511933627,194.932218248448,198.308131495355,201.009229641917,204.066710463318,206.241059835409,208.820342601208,210.793879999964,212.406677057853,214.670568939851,215.538892880483,217.29396334407,217.736820977855,217.506587876623,217.194645750089,217.467543014109,219.963618846238,220.410245101589,219.5962620153,218.298073561161,218.000707167979,218.003664240064,218.46506934651,216.082505205214,215.204919628333,213.561033571099,209.946476900509,208.190641983307,206.601112699055,203.479194981665,201.571937395252,198.649780710613,196.679028411652,195.029470374529,192.956442634265,190.316839454185,188.121738500626,187.992012850443,189.387589176887,189.865649398139,190.694965900243,189.954177542291,190.019249969703,191.162559763697,193.302474518102,194.70296162401,198.89254563218,201.670867670243,205.167365436879,207.763769859117,209.532469276296,209.64582808276,210.504473642443,210.466750758657,212.571410135605,213.516308808294,215.530617386432,217.175891785739,218.464067906871,218.883196718424,219.113706139927,219.412653514709,219.871917168077,221.529233183249,220.478641727517,220.046835675992,218.264627189412,216.03833030997,214.353998851362,213.157691954101,211.433759365106,211.145443757313,210.671269879394,209.978467229009,209.550712392718,208.054609735356,206.474203235199,205.503247828814,204.593768782467,204.122261696752,202.805096888451,203.462186137684,201.126643544454,NA
NA,184.900021352692,185.604567612849,188.869674949338,190.523309581054,191.631381365578,194.138834201862,198.878117246317,200.93889888882,202.732204686794,205.047723387511,208.80186855763,210.755306682958,212.261949192965,213.866672463592,214.276669731683,214.779711477109,216.619623109946,217.434914407064,216.418030599344,217.779664655109,219.787237365125,220.980729623842,219.833923856706,219.580549470365,218.603779544571,219.322642025219,218.233840734786,216.042656780526,214.454843352521,213.029288787633,210.234320743712,207.600669714569,207.493179930167,207.005620223953,207.919140421955,203.794383086531,201.292000010645,197.703009305495,196.175602487007,194.890713885005,193.466862637447,193.887669927233,195.524440609548,194.711969234857,194.602544076511,194.243806533721,195.121933506503,197.654970202974,199.9997766605,200.8024882768,204.16789625344,208.193366315695,210.910650155211,213.000168918418,213.493324964509,214.280275147936,215.884448610238,217.528041163836,218.338400859389,219.505332185998,220.513779193357,220.962318153194,221.215402614776,221.542610588929,221.632058409802,222.159856737933,223.534428876452,224.868742338354,224.148690676002,222.443655657217,220.188056324906,217.359039679511,216.81275569067,215.420831996211,213.622265309654,211.961240557983,212.49628138891,210.985056140103,209.834997315733,207.925357856456,205.754267229852,202.749622593224,202.896440866979,201.983352102993,200.908027165127,200.288210916196,198.642977712967,NA
NA,184.114661562744,185.64823336885,188.346242434327,188.894545128541,191.659159708961,194.15987718324,197.271292044405,199.713091789528,201.813296713422,204.464128356353,206.290463320965,208.563494018159,211.024939644731,213.065352515511,213.636227874571,214.625924644759,217.280822591582,218.272537201228,219.120971122639,219.657263950688,220.163472967063,219.359739183109,219.517149871775,218.850394544371,218.308054080639,218.79278078903,217.852718815592,215.517429766395,212.133693699076,210.81483894893,210.043900204706,209.795799242676,207.626065684263,208.270376177787,207.65108676222,205.287850020938,204.267620848689,202.188603527301,200.057840002629,199.884130046364,198.632380132206,198.516576519114,198.208672079167,197.94801491609,196.634572979594,198.65366174132,201.220036408551,202.532556514055,204.256661710983,206.090418838741,209.814231603365,213.181339055715,214.031080667598,215.375720757095,216.51009523403,218.684889078635,218.653230378753,220.898275251809,221.621469377478,222.074269370766,222.135578932981,223.394205046034,224.913947489238,225.056818650524,224.249194387689,224.09626948398,223.88856169087,224.06902186217,223.322098164151,220.214028245314,219.491274677822,217.289785216049,217.588796037314,215.404063468776,215.035419915839,213.477260454285,213.317916906808,211.210621203847,210.431409946909,208.649297649633,206.24607120915,203.194148013361,201.962742781337,202.442511355628,200.65996361555,198.44382173434,196.897091260109,NA
NA,NA,186.10787006797,187.834187986754,188.834284686742,190.868144207271,193.494640487117,195.280080292747,197.778677581048,200.331472735526,202.986650214855,205.932393981073,207.618557495826,210.164505111161,213.186890841184,214.705528196852,215.0552056536,216.764864094974,219.210917941469,220.243085389257,221.613224707256,220.396929614379,220.103019565579,219.736932352292,218.350789484133,218.627351944068,218.302372534045,217.094495009851,213.817272385488,211.905493217169,209.31011605218,210.230324596706,210.949152779442,208.786204260872,209.151905987406,208.226304363771,206.600588225085,205.398323952913,205.183656460655,203.792772084972,202.353111102805,203.370263012529,200.490956751696,200.478017294699,199.92549843327,201.236863566307,203.503798069035,207.064133920363,208.554104653764,208.828397110372,211.776370187726,214.258224601175,216.093744037978,217.172720653884,218.560080635658,220.194659200759,220.451980780985,221.154192961566,222.74168582185,223.466665707206,223.599977183254,224.679905889433,226.541085636123,226.543370493116,226.752597373756,224.580637630159,224.037494383741,223.72667223363,223.349527472447,221.848935095956,219.693951836408,218.428990955557,217.23064555308,217.694933577505,216.37059706472,215.441366114884,214.370559342429,212.958141894152,211.522538358718,210.653362890073,208.624430944442,205.571155584007,204.080565156758,202.514468562903,201.017457288169,198.848964792563,197.124207733074,NA,NA
NA,NA,185.473917495037,186.433580357202,188.441320475903,191.347785687071,193.911188341275,195.151686697885,197.8135765349,198.868533005645,200.637811138555,203.345931929504,205.12614514215,207.713478870865,211.289561721902,213.000097226763,214.734661602768,216.851184375159,219.56610546342,220.748487969262,220.626477953204,220.899190175254,221.238902417532,220.422181244867,219.135973540037,218.28776326091,217.530225075946,214.868990707375,214.20994242092,212.244492545614,211.029150842026,210.196079807047,210.43815747641,210.519321094995,209.411932572873,208.352962371528,206.983305534264,208.2107131424,206.687304086064,205.292882268617,205.462023291044,205.35060659938,204.767549860248,204.456530323365,204.715139852984,204.576132306264,207.909669476273,211.142614005927,213.948838682824,214.901279284281,217.29359344561,217.300654311651,217.919587248477,219.279281392039,219.939475077235,220.449344914092,220.595469103112,221.257999805555,223.319071958222,225.044729517636,225.643325565325,227.280002013102,228.732697490627,227.865421144483,226.575647097177,224.663240625641,222.98624397495,222.663502332348,221.783094527374,220.264873867539,219.353954447512,217.264496409436,217.019845640796,217.168413799627,216.760964804885,214.822224636399,214.547239632996,213.008581587792,211.868348694859,211.02279200958,208.032985564821,205.509598923316,202.099854937537,200.66040374385,199.06731644025,196.478452444112,195.567834392518,NA,NA
NA,NA,181.849962987548,185.605559255343,187.390694289301,190.795325578155,194.473326136107,195.828957120732,197.573214330338,197.960016220089,199.8656001767,202.269262774423,204.089939551691,205.784710207069,208.821023907883,211.188967603904,212.955363646258,214.859144467565,217.461690221767,218.525643342813,219.643423947202,220.274684356686,220.718439909575,220.395616391123,219.598913001193,217.889035708605,217.793228926704,215.834047238054,213.968291523549,212.757659014798,211.397444845429,211.239333436489,211.173271111318,211.153924401689,212.257229037922,208.878062578513,207.987013018405,209.286665133723,209.745579856819,210.078751535425,208.222431257548,207.466855168542,206.901626979683,206.53238933856,206.009278688021,207.749524117589,212.53555421316,214.774427568664,216.746743782148,217.495546165385,218.804146097897,219.280235943171,220.336406700207,220.206203955079,221.291162748982,222.470115581598,223.686317872463,224.968258936057,226.884183944725,227.709827357036,228.814166756754,228.963474543469,229.102305139896,227.988717995893,225.504951735446,225.126931514097,222.701713940722,221.731146069929,221.553808795473,219.32571142369,218.437760163866,218.227940619738,217.944757014547,216.661611211856,215.786382556988,214.18223016787,213.879079830663,212.453282430296,210.988491188335,210.7374227089,207.986396343501,205.714772148972,201.784374974787,199.665206047802,197.861951930793,195.761932482507,193.326260134162,NA,NA
NA,NA,180.305668702058,184.462437911102,187.559302617688,190.719517859844,194.354004579439,196.213326910996,196.560059707361,196.862679729087,199.338971249921,200.993648220028,202.3434136934,204.685726839458,207.149523052266,209.919548655858,211.483162288206,213.924486699396,215.601716013578,217.065624069371,219.0144888808,220.659785014455,220.518341783575,220.354621253207,220.057088832099,219.386823010767,218.90114382747,215.898207355214,214.136457968477,213.357476643836,212.351422238447,212.633204910721,212.654743449351,212.708129859923,214.442172925898,211.919833988457,211.31497696328,211.323136357377,212.251704724763,213.072572481184,210.415726899158,210.488647134062,211.297456929565,210.57573249345,210.332703494993,212.299688365277,215.480368199245,217.013812521089,219.159239675661,220.425503059399,220.839187030483,220.539098783679,221.198377761414,221.71531397373,222.744753943277,224.150227937299,226.599036258919,228.197861939058,229.019491123175,230.182504638021,230.597282270799,230.232533666422,229.611410828688,228.121097874799,226.422642242956,225.774955984041,223.357839627361,222.43293992337,222.667955881125,220.932577677263,219.809140958545,218.585216562017,217.343036846127,215.96605657808,215.167942579871,214.442803644801,214.048761408667,212.317043624244,210.580470820538,210.732541680078,207.667765728185,204.15907682655,201.587268773375,198.525481719478,196.04662248548,194.823984572744,191.83605710727,NA,NA
NA,NA,NA,180.881776743671,186.904139545583,190.683484271372,193.652357117759,196.047286597224,195.924496122803,196.472724868833,198.299307949171,199.809604854366,201.707763806895,203.653608729957,205.651991965153,207.876742663848,210.368007323829,213.430503271025,215.42895646946,216.762049500593,217.944749849776,219.224702201891,219.174750943149,219.468354125985,220.869168017793,220.350727382108,219.030306396455,217.586859746421,216.188891768122,214.454194132924,213.21942532138,214.34984751041,213.878330496618,215.641455502293,216.116837280378,215.701916127922,214.434973100297,213.867292878666,213.884997122076,213.627691635596,212.308667945094,212.930629772825,214.001450879097,213.377196828627,214.493232165578,215.792015746997,217.985974620418,219.670936599806,222.088108239061,222.023877729118,222.863224845056,222.76713881737,222.968941878497,223.114733551624,224.870502364571,227.169657547164,228.952841667857,230.255447629111,230.410762190618,231.013766274401,230.875007936323,229.870364654718,229.240515001545,228.144511530479,227.395489307433,225.732376117085,224.43397138331,223.621436767766,223.748732858611,221.723906712323,219.760284995956,218.534983845734,217.266728949126,215.348928605452,215.377865338473,214.74007587756,213.810739191841,211.668657521952,211.090524555092,209.932395758544,206.612304601056,202.882842981761,199.258316932767,197.377551058623,195.279006117082,193.030708355247,NA,NA,NA
NA,NA,NA,179.906774718135,185.623783347164,188.619462384268,191.259719416885,193.406507573517,195.035749867121,195.872776238863,197.588081747704,198.860281398074,199.824061286918,202.430102657648,204.411794078713,206.777099391449,207.795462348115,210.860163812254,214.936165530754,215.682316444812,216.670785432515,217.863059450557,218.87594836449,219.0091475591,219.969694309096,220.031176607707,220.382484022297,218.269382321304,217.298677958249,216.601459459782,214.834375264513,215.006168372335,215.604456735589,215.879871508155,215.923627326975,216.338420702675,216.400822608174,214.432108762559,214.924538084059,216.01339999834,215.372485426565,215.020484899166,215.975553801191,215.543631536593,216.451759053257,218.068024266343,219.874292818327,222.767199134053,224.24049370144,224.863866531862,224.608989809891,223.888883222897,224.626874566544,225.346677827463,227.501531501701,229.475306239132,229.704731748653,230.966993721594,230.453111793059,231.244170751299,230.753357586743,229.872681719648,228.715420309465,227.168253400843,227.091899890841,225.999671529834,224.57307023593,224.761443197399,224.160564315001,222.267231729796,220.458852037061,218.604422633293,217.043583504877,215.793434762974,215.687118977683,214.294031758519,213.678436585018,211.816098402019,209.436206834509,208.081783482713,205.84836677398,201.329830961601,197.511619617366,195.110561754612,192.690032789816,190.250354436591,NA,NA,NA
NA,NA,NA,NA,182.901785586434,187.146225414147,189.593945566682,190.499790157856,192.420968794723,194.334344200866,196.478635391789,197.516175460015,198.713969120907,201.896640276401,203.028648828805,204.91765031636,207.168510254881,211.007804004889,212.92472842357,214.91309202505,215.777077182727,216.437567510045,218.069380345781,217.851342144726,218.784298747636,219.187856729611,219.118763433046,217.764221092237,217.774290828702,217.57909936413,215.582717160941,216.111259298517,215.727156724324,215.865523789915,217.290497893337,218.513208767788,218.120244259667,217.419910555436,217.6434414137,217.961095750479,217.231086711975,216.673735069203,218.622364601431,219.207973238113,219.156825450312,220.506474350937,222.301361137936,224.742472832073,226.282935930831,226.24076468064,226.561639156834,224.875885016816,226.023253114457,227.091633737596,228.155278773034,229.178302097928,230.106412929415,231.008453120219,230.805655568628,230.819262934855,230.052285377807,229.368332981371,228.916192791933,226.956843465255,227.057056836163,226.300679491983,225.145581347981,224.966478171631,224.652703758145,223.915205239803,222.08054374082,219.654282728929,217.882876648945,215.784302523909,214.878100542197,213.680201706953,213.091622082972,212.562227134684,208.11332289257,207.156563690447,203.911087734032,199.728595077046,195.432793906723,192.402742165212,189.584277241085,NA,NA,NA,NA
NA,NA,NA,NA,180.346460390842,184.595911199419,187.092097849394,189.633104460432,191.295447825545,194.487260678966,194.586216187989,197.289097854393,198.540774615783,201.259571574036,203.490060767724,205.477553448338,207.202085415379,209.753941538692,211.362302947235,213.630285350918,214.876507447645,214.652825485582,216.069277109845,216.874796110674,217.128552447283,217.242957905796,218.616806144262,218.5946907301,219.072019843923,218.545378864446,217.203649469031,217.576027767939,218.481071395482,217.885711981527,217.849861514789,218.59014397387,219.126183802163,219.457493699112,220.185833436919,220.140845007787,219.648928740809,218.736272095887,219.954575841516,220.049961104803,220.919251729015,222.677350694447,224.152856415591,225.721110071914,227.178136266019,226.879249946607,227.415349721336,227.017892967835,228.17507719333,228.523923736053,229.580884834866,230.385465336154,230.716213688975,231.092030261579,230.94651555886,231.200656882478,230.047710808783,229.539300851785,229.025763356308,227.569335414615,227.362466974806,226.255729204954,225.824424835616,225.629721594524,225.080696044908,224.967791314493,223.112379401218,220.891792996334,218.860036519354,216.084277569221,215.074560264884,214.263578634805,212.675007250759,211.591279917714,209.173057979356,207.337555772196,203.957379782266,199.152062340265,193.944686096576,190.875900115716,189.486678230361,NA,NA,NA,NA
NA,NA,NA,NA,178.635292969682,183.187182368302,186.2381712891,189.24460392747,192.635121302178,194.395660752234,195.33503722813,195.252280276157,196.949581566618,199.807068251922,201.965051208675,203.884758382448,206.018952537204,208.142386089725,210.057730683201,211.057943048149,212.695918111775,212.353644720979,214.073947132357,215.20275386673,216.329202102958,216.996011025035,218.359878487427,219.677698922708,218.859893157254,218.201856718541,217.905219543454,218.432067479379,219.688997065078,219.995810774825,219.838927806019,220.751978096325,221.348003037854,222.029810206544,221.862231371361,223.139820908721,222.176457437766,221.323592578992,220.457624434503,221.778387792643,223.439667999183,225.795350506922,226.376908654898,227.400121837401,227.714175590918,227.178573282071,228.81192084899,229.021175721635,229.808274167322,231.130431979262,230.654431939217,231.255574472004,231.319318120353,231.769032861291,231.212526896362,230.240435347152,230.547746658825,229.959730849475,228.915357563381,227.731873232485,227.342791292671,226.321546317416,225.880671092488,224.842640819519,224.068600694358,223.709151530019,222.98838232779,221.031754281411,217.875576838247,216.667404085271,215.162489155917,215.175943108467,212.795737161995,212.226315250946,209.35465453239,207.058362363484,204.878067571635,200.320744482045,195.774882283154,192.184588381593,189.888256223463,NA,NA,NA,NA
NA,NA,NA,NA,NA,185.074148584543,188.255998533523,190.932640958976,193.449588751397,194.348008296965,195.964686143935,195.980594376189,196.094790148222,197.815426427097,199.23773809627,201.798745406531,204.405876590166,206.077984624297,208.055388332794,209.903736847421,212.624041573722,212.555052440872,213.996620285128,215.001444408826,216.878952603184,217.46735689109,218.683697424554,218.833747652275,218.746030773492,219.263726352024,219.625532204209,219.429491389162,219.14023418743,220.305185019917,220.659030880582,221.123467145896,222.191498436801,221.081822277529,222.244842174854,224.454546128794,223.102823171352,222.313500446334,222.468231698121,224.032426618195,226.088913564025,226.866493467348,227.667114583897,228.464193558845,227.901732965429,228.462720170777,229.079814825626,229.086424939992,230.602132847434,230.92518436234,231.322486018313,230.693357011223,230.977787624992,232.241605597079,231.358988691461,229.924439954342,228.899436010226,229.471252433703,230.083157076366,228.082389077248,227.367409034275,225.616502654538,224.51253766982,224.930646967763,222.356177499599,222.451358564137,222.551092238504,220.707702126817,218.081603679708,216.845619771138,214.593762605726,214.332321429992,213.208733326083,211.452039020681,209.046444261862,206.203533223373,204.482776215835,200.244387570503,196.367314134427,192.203306937768,NA,NA,NA,NA,NA
NA,NA,NA,NA,NA,183.64220126987,187.078337891562,190.782398200359,194.796480049653,196.511198978365,196.354069755959,195.348218854923,195.261155039893,196.580637300711,199.485871239551,199.959246097235,201.668229089722,204.539363220447,206.832622452698,208.253503939808,210.280315361654,211.864916335894,212.364441074179,214.562608538282,216.537431133413,217.368553104262,219.647222166514,220.000088151436,220.285737440527,220.898783368098,221.43165186602,222.273642394764,221.681806447722,222.539093105375,221.896126745569,221.363486196265,222.538387762039,223.782957615514,224.207765099708,224.242350939012,224.058669207357,224.484013457367,224.646575509774,225.666449821839,226.563802299464,227.353610124846,228.928014714165,228.141932953882,228.028680129537,228.344822189865,228.325834238444,229.609867133508,228.944773989405,229.434894351471,230.042765810881,230.500575496943,231.676259007351,232.447885457093,230.094580381629,229.765367733326,228.792834868247,229.606667813394,229.201300246718,228.979541292698,226.649355147657,225.128795707022,222.60098569435,223.491122415138,221.725209423159,221.559477666574,220.008212787699,220.014326137016,217.980274754683,217.660074448898,214.561709580292,213.503639723367,212.630410792336,209.766255541424,208.079097494503,205.272337515685,202.819692198915,198.22379050814,195.74596873963,191.503033885469,NA,NA,NA,NA,NA
NA,NA,NA,NA,NA,NA,188.633935441858,192.288166372995,196.562655900644,196.818918141208,196.483453318156,197.033369392639,195.841624310781,197.178897292956,199.281170634951,200.670793466062,202.578811982318,204.46885843393,206.264925093068,206.733197055543,207.76698750158,208.280887854819,210.124901481986,212.325495037505,215.189692903633,216.567092252738,218.801027100201,219.95904672875,220.086821959494,220.53096885562,220.592436802861,222.164217269731,223.522889740384,223.040419326431,222.235757750584,222.538479547553,223.157342164836,224.21090840611,225.668459812585,225.250459373434,225.809647938067,225.452463813093,226.361217704649,227.466698419598,226.685797949975,227.488707323969,226.737303433951,226.412054315189,225.746902225543,226.357198032275,227.87216291913,228.872368573394,229.649093632089,230.161219948704,230.925122135196,231.657375462735,230.969777340211,231.414972321464,229.741941786851,229.107231775349,229.573787582947,228.869640441531,228.401205642319,228.570266047527,227.178454670776,224.492917485194,221.864689738867,222.765508938774,221.868860917732,221.322155114855,220.157857044485,219.817927901053,217.75223399111,216.765125110625,215.611358113895,213.409556189616,212.334961509851,210.585060604571,207.448026627836,205.310395485007,201.125966213713,197.297303404733,194.739332108963,NA,NA,NA,NA,NA,NA
NA,NA,NA,NA,NA,NA,189.170501131498,192.495837096814,194.71220915435,196.433779070224,195.611607991408,197.605330013714,197.518131568694,198.330726399405,199.048933666808,199.487193874865,201.080425635739,203.353548583485,204.630952162063,206.223641061179,207.01214471837,208.296330760417,209.51675848206,211.584219379085,213.055873570503,216.056581270202,217.011639872952,218.50409846703,220.061868020115,221.442724835933,222.30754444864,222.767677205124,223.01580531988,222.813018546607,222.270585636872,222.474004673792,224.848081758276,225.790252848893,225.851255439381,225.538118706888,225.376530855869,226.424680773541,226.522441575751,227.739542017283,228.074005188926,227.673061978206,227.32635414913,226.846441179707,226.9142063001,227.004268788578,228.329708029634,229.797696801842,230.607325018117,229.603982564975,230.224188867405,229.777695714798,229.885627087154,229.243974122248,229.037376061191,228.656004362501,228.32704561136,227.510616694336,227.877576723244,227.115922362412,226.199873944705,223.896715761201,222.109071330878,222.006991322359,221.58760947671,220.805058912034,219.238856161076,220.072362501827,217.586759186868,216.255994588959,214.559020481977,212.931338800516,211.725745735572,209.837157132373,207.565198958261,204.633132608458,200.375442255462,196.136297472915,192.266353651502,NA,NA,NA,NA,NA,NA
NA,NA,NA,NA,NA,NA,NA,191.336471935493,194.211856375225,195.909511537862,196.725667136983,197.903965379258,197.883219523058,199.135540434137,199.114046525449,199.842806474209,200.525768267734,202.512596212215,203.803851248652,204.213161040898,205.390102943108,207.550344100302,208.915042238149,210.772962892331,211.256272387201,213.91728353092,214.552852740315,215.401246434688,217.303470023467,219.567419668806,221.521255685704,222.837805339407,222.931818011851,221.354358191931,221.478718494906,221.893034118085,223.686979044811,224.226470821262,225.010178143838,225.154430486822,226.100765619852,225.847643027114,226.224422685699,227.982385261862,227.331439540517,227.381069396494,226.560261364025,227.366092082307,226.930658887073,227.894513033159,228.923920502159,229.838791763589,229.622555025252,228.232790197398,227.845797933311,227.970966736755,228.193130630874,227.704050372175,227.864676905202,228.174585736265,227.70873655522,226.377088228066,226.55842504201,225.901262812144,224.088222115426,222.762993883565,221.340242237047,221.844249117671,221.741004330682,221.021604725546,219.295786158411,218.58623800542,217.137395641761,215.87570288069,213.920122326465,211.180296578383,210.370034689079,208.710777820345,206.862644062893,203.829209089303,198.499386384773,194.102917477567,NA,NA,NA,NA,NA,NA,NA
NA,NA,NA,NA,NA,NA,NA,NA,192.314619906569,195.447578845601,196.225116566648,197.119355247174,197.298334727955,198.034029107674,198.295769604145,199.135471684753,198.768173324858,201.197027916514,203.366983325964,204.506657366574,206.196436697625,207.849088950665,208.22071159975,209.764398544406,211.09307480467,212.100058558887,212.954393659738,213.471735587179,215.933987609702,216.900577591881,219.940736661238,220.787072463931,220.478591747395,219.86385090288,219.585595635147,220.452243994792,223.18571539575,223.552236770638,223.505826500634,224.898922011219,225.469333638597,225.996432264918,227.238460442772,227.847495550686,226.849591565487,226.825271295907,227.703659184143,227.624603592556,227.826330833912,227.488754010286,228.765142325434,228.979121943637,227.95973166243,227.659752115033,227.245412756354,226.281267139131,226.187393944188,227.103077875401,227.547361717732,227.563888397404,227.402207551757,225.516812522749,225.901115029551,225.21264215494,224.302847715023,222.518499859519,223.331240107325,222.106668612612,220.531921250411,220.906581183945,218.919636215592,216.991696454729,215.476430111237,213.74206019234,213.219346255797,210.642064168029,209.071148776888,207.901661593839,205.720832327639,201.850365069779,196.993928678798,NA,NA,NA,NA,NA,NA,NA,NA
NA,NA,NA,NA,NA,NA,NA,NA,192.643781851169,193.734316596386,194.992577194161,196.010532655256,196.574090401233,196.415564001564,198.086885309209,198.039096415611,198.609509259401,200.832512289999,202.279542120689,203.775314814623,206.034835020514,207.976985101583,209.480568841519,209.882973686075,210.522183703212,211.184523543249,212.186263997714,210.918238049128,213.768804713038,215.415581953643,217.028208118223,217.913232342213,218.509497762568,219.512034974431,219.189917931675,219.744333296094,221.336276752748,221.69555099192,221.916067869899,223.278769199967,223.902192002497,224.795517197299,225.607207864404,226.165406444942,224.89281976469,226.259697456059,226.559592347236,226.195814701844,227.245892465906,227.251874582657,226.810305712988,226.497467304238,226.682508453136,227.020706415968,226.742602048217,226.119649177557,226.019523144535,226.803058138549,226.69688187846,227.013428616571,226.14558939934,224.358369199144,224.729709888179,224.771043159198,225.474147839048,223.615295923621,222.593169273023,221.177537605896,220.265873712934,218.572539282752,217.55348831508,214.733068405674,213.687024366005,212.402230382454,211.868613330478,209.639354891258,207.584401748955,206.588781602021,203.47845596119,199.440968271921,195.855503483156,NA,NA,NA,NA,NA,NA,NA,NA
NA,NA,NA,NA,NA,NA,NA,NA,NA,192.376838625268,194.49819540713,195.409965155027,196.604789589987,197.625788970782,197.603724479975,198.370260343796,199.115542162721,199.300468363929,201.501348291071,203.818142870722,205.789398672606,207.74059607383,209.34013766795,208.870048619401,209.344222774319,209.875899180153,211.086882015057,211.376331570928,212.146300699292,213.146030984656,215.191986436739,216.826354012902,218.148418751133,218.662280659804,219.178753403991,219.704188858035,220.401496566748,220.859549797175,221.020531400645,221.457353976325,223.055196901398,223.927787696911,224.477544269918,224.725671200559,225.118454894821,224.685018761751,225.143433242623,226.037136056505,225.266941675507,225.077965216998,224.801040007938,226.412629491577,226.466116853017,226.977991953823,227.400293069647,226.741941884477,226.708764465408,225.767055340341,225.129955776845,225.643115429326,224.863932291362,223.292392584465,223.422343280872,224.435392117085,224.139024958632,223.099667083975,221.568383404353,219.335114048161,218.415451505956,217.135921620935,213.959891267768,212.73615751752,212.154577089382,212.414635520905,211.186463533606,208.796319637299,206.976879516019,204.463425806348,203.060471150566,198.77420581722,NA,NA,NA,NA,NA,NA,NA,NA,NA
NA,NA,NA,NA,NA,NA,NA,NA,NA,NA,191.218219014643,193.30049809249,194.628648562991,195.296737777273,195.665305585112,197.862647594021,198.375646639017,199.335674910113,201.494324416893,203.900732669501,205.836129064715,207.64367808947,208.563182391889,208.630510747564,208.788137728907,208.974516098781,210.036704659106,210.812770937163,211.296666680684,212.894728410883,214.685640664093,216.213948898089,217.451138568401,218.39931157449,218.705962095731,219.729828108542,219.650661511678,220.868237376168,221.564697267309,222.084593882291,223.399198589817,223.316747182954,223.887752408858,223.457838013378,224.342357481203,223.309334991755,222.93376435101,223.223737139883,222.987048839406,223.697041584041,224.374678789149,225.247195914498,226.395794628106,226.843771784012,226.625655917464,226.768523566674,226.530190677643,225.376690911961,224.066917496762,224.577284162327,223.641959814025,222.939531280055,222.441112539762,222.486534419843,223.335144270932,222.410047911299,220.674563673865,218.163669190124,215.483147254676,214.39572617629,212.185404579696,210.424700791915,210.60596331822,211.408054100505,209.282590728708,207.608452747147,206.18562790153,203.711208797691,201.827108853186,NA,NA,NA,NA,NA,NA,NA,NA,NA,NA
NA,NA,NA,NA,NA,NA,NA,NA,NA,NA,NA,190.741606179593,192.506839096479,192.706062418625,193.83516015746,195.425646507053,196.571016035554,198.713878216463,200.637423050674,202.655484544679,204.678654740036,206.348575200242,207.762036421545,207.161999171591,207.644201994651,208.422689181052,209.400607602425,210.081190432425,211.255583782654,212.74424233034,214.03758590208,215.301052282058,217.37716605031,217.095447281245,217.248267883028,218.326133852437,219.0308414025,219.448621226481,220.061618344165,220.973950715572,221.540170975561,221.868730893675,221.73445427802,221.961676689967,222.133172289043,222.180601851622,221.64948798856,222.110898275907,222.547945432972,224.374184660888,224.834100688925,226.664633837468,226.246852051243,226.087203378971,225.578794658401,225.488815185583,225.13168920675,223.645643036254,222.125168460183,223.037034941621,222.110898450153,222.257879117482,221.982488926118,221.312027827592,221.992974590894,221.225747885715,218.48387171488,216.998520259539,214.643644876385,212.667738133066,209.519338645499,208.197605592889,208.535539055881,208.769809417627,206.880390047702,205.60633208466,204.069258182016,202.900515127937,NA,NA,NA,NA,NA,NA,NA,NA,NA,NA,NA
NA,NA,NA,NA,NA,NA,NA,NA,NA,NA,NA,189.604688153425,189.609227651531,191.224794042526,191.985812829485,193.312675906343,195.484365156301,196.261954306163,198.725365668858,201.436556549583,203.444717076268,204.936414630913,206.598328882416,207.038915951626,206.953509981524,207.208800031409,208.00212961342,209.171562392983,209.504929377448,210.847123696161,212.579432235096,214.501134832832,216.453885251045,216.716514741886,215.96784621416,216.593355160566,217.685622000083,217.224452872184,219.003584698578,219.884366117709,218.972664259541,219.813703991794,220.535609864161,221.020137599474,220.507501170749,219.864330404737,219.688581658913,220.061878722138,221.409475562096,221.4902094255,222.458512615093,223.691379674402,224.42391741715,224.681113059374,223.514677279701,222.890691412896,222.475769911876,221.893263341324,221.694316723622,222.256999500448,221.499735341619,221.800861573956,220.376601076425,220.665474357801,219.562067887639,218.083226013181,216.67068622251,215.95165395394,213.529235539059,211.109752134979,207.881951085648,207.050102548504,206.530137773997,207.078806581778,205.429328205427,205.407760300004,204.201708582649,202.434982466031,NA,NA,NA,NA,NA,NA,NA,NA,NA,NA,NA
NA,NA,NA,NA,NA,NA,NA,NA,NA,NA,NA,NA,189.396347486211,189.915580201709,190.324528838302,191.776533662223,193.190271024071,195.000833196254,197.480511877405,200.759485811069,203.005510256374,204.346057630405,205.852128508896,207.435810684688,207.071442213044,205.693195131987,206.660762464657,207.583131693786,208.19623918434,209.874246368529,211.466542863515,214.115897754041,215.233022867576,215.159029372158,214.523415470853,215.720603303488,216.830417330481,217.440955852155,217.197393330941,217.453967894068,217.038628490433,217.521109208746,218.234194497439,218.711313348596,218.993193154924,218.012050277375,217.956721924162,219.236676579404,218.803968936403,219.828657984253,219.931322149847,221.101915671946,221.353629683143,222.162693013665,220.389533542803,220.328062307063,220.514544095139,220.418772707174,221.000477954589,219.973688087918,220.373806052911,220.222566090923,219.705437041818,218.777076965041,217.706676144662,216.232001528719,215.445162245753,213.335080293185,211.170733170899,208.044200269382,206.782424859367,205.064736519914,203.820108102383,203.388147456192,203.711166185115,204.528102368039,202.884073359526,NA,NA,NA,NA,NA,NA,NA,NA,NA,NA,NA,NA
NA,NA,NA,NA,NA,NA,NA,NA,NA,NA,NA,NA,NA,189.1501134871,189.381533465864,189.458345627219,191.570246519401,193.503179324267,196.468247402723,199.521414347942,201.64231163285,202.964718669595,203.806642724655,204.445313328659,205.72448464005,205.721364648556,205.890824334994,207.027889610749,207.803899604057,209.501297251425,211.351463848792,212.526544103191,214.319381802707,213.994626973508,213.660755959347,214.128926019212,213.864097557412,213.720434459054,214.283950689118,213.631775150311,213.165445638702,214.480866421183,214.476925860171,215.63080648336,215.698196027003,216.255695091393,216.796468817419,216.408936625812,217.415108165839,217.439275128715,216.950648773131,217.7122821091,218.659808305544,219.103405244634,218.164207027593,218.191399955052,218.632578853915,219.272309344841,219.200282743966,219.017431654324,220.472077064697,219.363348178758,218.061358531632,217.369548822754,216.444789258108,215.214240807922,213.516319371444,210.13053180496,208.049397840454,205.524160499851,204.471710697517,202.819831112915,201.651632436273,201.404232659044,202.727267961442,202.052098582341,NA,NA,NA,NA,NA,NA,NA,NA,NA,NA,NA,NA,NA
NA,NA,NA,NA,NA,NA,NA,NA,NA,NA,NA,NA,NA,NA,188.320485084997,189.291720428796,191.604426093529,193.473623871719,194.975517480557,198.182806655907,200.791051504164,202.863166653307,203.252070106558,203.224775142795,204.692346976469,205.36429280222,205.684525991669,206.868882989598,207.529726936524,209.178139732402,209.583472882866,209.831142379851,210.866655895435,212.399202753688,211.561586953135,211.645537565516,211.606206742092,211.212073288606,211.053424297685,211.478242746435,211.821418160975,212.846469305023,212.773226258218,212.949137101431,214.273959131724,214.795475302594,214.836276686165,215.384699816431,215.161846636954,215.888270802658,215.742412338476,216.018657462824,216.696508959756,217.248148409006,216.0935111965,216.728239214694,216.520392486938,217.511155004428,217.658161517951,218.062087613258,218.429706339005,217.219057110779,215.538696461339,214.535469115218,213.294678436553,211.637973059466,209.841911159345,206.555525641127,204.514155038988,203.506900174545,201.836273649663,200.882425585326,199.220001558553,199.841035872052,200.935681804024,NA,NA,NA,NA,NA,NA,NA,NA,NA,NA,NA,NA,NA,NA
NA,NA,NA,NA,NA,NA,NA,NA,NA,NA,NA,NA,NA,NA,NA,189.432241370385,190.775750460718,192.596922578549,195.386049935717,197.201390990732,198.570220594655,200.896339324716,201.76195015519,202.107019414391,203.064376627464,204.049035724943,203.999317978211,205.667708373735,206.094098451283,206.34309404997,207.014906760107,208.341250200568,208.942233771031,208.338519680467,207.504614506628,208.72569744617,209.023660909711,208.877499874212,209.085603280568,210.14864175441,209.691337855407,210.122629480273,210.564801720178,211.078445011983,211.155893850746,211.314667845523,212.462846632189,213.092840764244,213.643627951948,213.690222172998,214.170092107552,214.060627150631,214.84797367341,215.295797429097,215.644020871588,215.11829773599,215.605058111289,216.223023711266,216.382274102093,215.947156041521,215.280477941137,213.979046342805,212.922554966732,211.940334944116,210.39176348786,207.707876796061,205.481455358446,203.285056245193,201.809337243134,200.065617083801,198.966952782493,198.221610733532,197.556734624534,198.353419246298,NA,NA,NA,NA,NA,NA,NA,NA,NA,NA,NA,NA,NA,NA,NA
NA,NA,NA,NA,NA,NA,NA,NA,NA,NA,NA,NA,NA,NA,NA,NA,NA,193.386152150196,195.00123160072,196.609682390575,196.966922640408,198.714839741894,200.660567825729,202.41699802178,203.366673827127,202.945373775817,203.146755575843,203.634573276207,204.521808099556,203.903775269399,204.916434485245,206.461341347237,206.964857157074,206.200607782992,205.737439477543,206.516599801805,208.391772058369,209.193749252804,208.796337682782,209.806773910753,209.368309088656,210.015099296331,209.010675760826,208.69244495361,209.505170848232,209.737859880702,211.285430350418,211.684351629028,211.955191830858,211.92967081097,212.896200647806,213.583574290811,213.669016658868,213.858114881562,212.681126560349,212.935243646299,214.450907549056,213.827784691996,214.052798271259,214.371689052044,214.183340460585,212.306178863919,211.030049863119,208.513661239693,206.947106219661,203.977021538777,201.871644865482,200.298356634418,198.225727936456,197.206252049576,196.304753528306,196.918602623671,NA,NA,NA,NA,NA,NA,NA,NA,NA,NA,NA,NA,NA,NA,NA,NA,NA
NA,NA,NA,NA,NA,NA,NA,NA,NA,NA,NA,NA,NA,NA,NA,NA,NA,NA,193.699557490032,194.158907958574,194.471716010636,196.576588922279,198.581642110388,200.495029180651,201.852855401865,202.539128178538,201.637168771224,202.234818681748,202.433803900308,202.304446380129,202.869398780443,204.196317189434,204.416270444171,203.967094540132,204.361199043183,205.517039856936,206.543924985739,207.520608967779,208.097731843531,207.893817862201,208.423979370182,208.399961046111,208.385230435785,208.654976780567,210.108791394002,210.632935489924,211.181666861909,209.362987146851,210.219832987625,210.633273218709,211.601166825362,211.089680948414,212.097312903547,211.967587050038,212.176188995781,212.777161158113,213.101849342015,214.286350753898,213.555619344017,212.551940754193,211.251075021261,210.10140783279,208.262552225098,205.353193838137,204.139327114287,200.875322926445,198.086526856729,196.535802470551,196.008340161314,196.041996034767,195.823374920497,NA,NA,NA,NA,NA,NA,NA,NA,NA,NA,NA,NA,NA,NA,NA,NA,NA,NA
NA,NA,NA,NA,NA,NA,NA,NA,NA,NA,NA,NA,NA,NA,NA,NA,NA,NA,NA,192.586962098479,193.443476323516,194.503137980723,196.390926747683,198.27709623866,199.80918131812,200.590629584624,200.250498148874,201.121714838081,200.612953211273,200.835994733585,202.062431651529,203.234064128613,202.805594893169,202.427667545072,202.267395395563,203.069270413797,204.713804435838,205.848505463251,206.369386665722,206.46837252049,207.276095251532,206.765036637268,206.959383050362,208.192656175771,209.127598874385,209.149382687019,208.445235099646,208.563234368055,208.869980591202,208.529999730366,209.010378528876,210.049395121083,209.864111521062,210.954853295383,211.330955888589,212.017558019961,212.62264151859,212.287429630761,211.883639826071,210.389832203147,208.601991960317,208.116160768915,205.849284808352,202.536828111609,200.042548140581,198.079560480888,195.958917091823,194.751620803878,193.863371614683,194.138590104435,NA,NA,NA,NA,NA,NA,NA,NA,NA,NA,NA,NA,NA,NA,NA,NA,NA,NA,NA
NA,NA,NA,NA,NA,NA,NA,NA,NA,NA,NA,NA,NA,NA,NA,NA,NA,NA,NA,NA,NA,194.054397133383,194.820076972746,196.458581403005,197.786489532759,198.172820862339,197.5672265989,197.541495931917,197.993754827007,198.958529605271,199.108092970708,200.571128208684,200.6179703682,200.70659615745,201.597751749314,201.812062804027,202.42247487704,204.166175723277,204.381633429419,204.557897038284,205.108088163779,206.198616428156,206.118127272969,207.872014851085,207.887448980418,208.195723423464,207.689639913392,208.380401040503,207.56737334635,207.726354315438,209.201883165404,208.628314732274,208.78513949702,210.548299511988,210.808399886714,210.760627718484,210.537000741038,209.973362489297,209.440298417267,208.283066583491,207.156048450964,205.445111950515,202.714830017474,199.994749191627,196.894670031894,195.375737808032,192.945321967215,193.444602179509,NA,NA,NA,NA,NA,NA,NA,NA,NA,NA,NA,NA,NA,NA,NA,NA,NA,NA,NA,NA,NA
NA,NA,NA,NA,NA,NA,NA,NA,NA,NA,NA,NA,NA,NA,NA,NA,NA,NA,NA,NA,NA,NA,193.765072401396,194.854554940756,195.176619336636,195.294717206145,195.350799060104,196.185089245608,196.024177938219,196.704598844592,196.950929447918,198.756154136797,199.146967179229,199.82594150272,200.438971581033,200.200197158867,201.64534734075,201.814591568809,203.194749245689,203.235454753986,203.600011349871,203.673262919898,205.58530092525,206.410986309164,206.488525992449,206.505244416987,205.951586263028,205.823145260512,205.779057134333,206.832863747846,207.786356760181,208.830248252009,209.566921779327,210.344334988569,209.860851891514,209.244866682047,208.384409799954,207.599265396651,206.319223882226,205.583912565199,205.207959718858,202.164969644985,200.775731431798,197.798875831649,194.757200067177,193.104461758759,191.919431481123,NA,NA,NA,NA,NA,NA,NA,NA,NA,NA,NA,NA,NA,NA,NA,NA,NA,NA,NA,NA,NA,NA
NA,NA,NA,NA,NA,NA,NA,NA,NA,NA,NA,NA,NA,NA,NA,NA,NA,NA,NA,NA,NA,NA,NA,NA,192.920416881384,193.375233917363,192.63128496761,192.8447289492,193.845526399769,195.246248837937,196.274401206631,197.820745302891,198.420826922257,198.212793556477,199.050996175764,199.501304500978,199.867617426698,199.294940363745,200.06901197913,201.754334351345,202.727305160649,203.85743547928,203.997638119346,204.142061155752,204.352581589564,203.724794212569,203.544138068863,203.39716586262,203.866734726833,205.958991898624,206.823270069828,207.285804005907,207.44849294516,207.60447798642,206.704928887708,206.096618995541,205.41001686271,203.986677497936,203.251368758599,203.044302359274,202.300334844714,200.482216001334,198.799761277622,196.029560958354,192.975854438899,NA,NA,NA,NA,NA,NA,NA,NA,NA,NA,NA,NA,NA,NA,NA,NA,NA,NA,NA,NA,NA,NA,NA,NA
NA,NA,NA,NA,NA,NA,NA,NA,NA,NA,NA,NA,NA,NA,NA,NA,NA,NA,NA,NA,NA,NA,NA,NA,NA,NA,189.602522823136,189.36590564596,191.865596895778,192.957150113669,194.509173355222,196.433132715371,197.360957328364,196.777847169699,197.095609939163,196.502889707163,196.606179702741,196.847542000078,197.959638073461,200.192277585525,202.798433780319,202.907556277731,202.872259527797,202.920330809399,204.586271521746,204.330962420245,203.582298466126,203.698455054,204.169962038586,205.819528830586,206.005779191789,206.171194745098,205.563176113423,203.284211380556,202.900800737937,202.84342700601,202.020518469505,201.278075856638,200.795540334289,201.497778671829,201.724853860667,200.636727769793,198.440179918013,NA,NA,NA,NA,NA,NA,NA,NA,NA,NA,NA,NA,NA,NA,NA,NA,NA,NA,NA,NA,NA,NA,NA,NA,NA,NA
NA,NA,NA,NA,NA,NA,NA,NA,NA,NA,NA,NA,NA,NA,NA,NA,NA,NA,NA,NA,NA,NA,NA,NA,NA,NA,NA,NA,NA,191.460837305059,192.945930427838,194.376862154619,195.034870614573,194.678776577376,196.395334898771,195.972655902477,195.756283366704,195.671636636958,196.06719972026,198.017536620957,200.233338588334,201.082929458631,201.501491322481,200.865664129129,202.560360987231,203.046975207691,201.976992268731,202.099975197926,204.191858962656,205.535551901909,205.862190354543,204.530530864919,203.932943338103,201.679234676419,201.142459670257,200.147920384701,200.232566279534,200.374177258299,200.646371173417,200.851465136393,NA,NA,NA,NA,NA,NA,NA,NA,NA,NA,NA,NA,NA,NA,NA,NA,NA,NA,NA,NA,NA,NA,NA,NA,NA,NA,NA,NA,NA
NA,NA,NA,NA,NA,NA,NA,NA,NA,NA,NA,NA,NA,NA,NA,NA,NA,NA,NA,NA,NA,NA,NA,NA,NA,NA,NA,NA,NA,NA,NA,191.468564437577,192.758094009632,193.390438163317,195.205308113245,195.08528854849,196.088210443215,195.927864640437,195.601188005725,196.771512079791,198.085971566956,199.648257017432,200.640207787704,200.799790454094,200.796791904002,200.780676873384,200.935133809269,201.030041204279,203.546320700603,204.611829444047,204.714970532446,202.547636973485,201.440754446997,200.618076930973,199.215110798087,199.278998334136,199.110643486931,198.781278922111,NA,NA,NA,NA,NA,NA,NA,NA,NA,NA,NA,NA,NA,NA,NA,NA,NA,NA,NA,NA,NA,NA,NA,NA,NA,NA,NA,NA,NA,NA,NA
NA,NA,NA,NA,NA,NA,NA,NA,NA,NA,NA,NA,NA,NA,NA,NA,NA,NA,NA,NA,NA,NA,NA,NA,NA,NA,NA,NA,NA,NA,NA,NA,NA,NA,NA,193.480559666122,194.365641407319,195.108546169685,196.57633239879,196.575004682372,197.981620237497,198.938704867977,199.32824704479,199.915736951046,199.545437704355,198.960493004739,199.792803054199,199.912097149631,200.969134707118,200.537546318512,201.405293888352,201.080040108809,200.073817433477,199.148625815443,NA,NA,NA,NA,NA,NA,NA,NA,NA,NA,NA,NA,NA,NA,NA,NA,NA,NA,NA,NA,NA,NA,NA,NA,NA,NA,NA,NA,NA,NA,NA,NA,NA,NA,NA
NA,NA,NA,NA,NA,NA,NA,NA,NA,NA,NA,NA,NA,NA,NA,NA,NA,NA,NA,NA,NA,NA,NA,NA,NA,NA,NA,NA,NA,NA,NA,NA,NA,NA,NA,NA,NA,NA,NA,NA,NA,NA,NA,NA,196.506755943928,NA,NA,NA,NA,NA,NA,NA,NA,NA,NA,NA,NA,NA,NA,NA,NA,NA,NA,NA,NA,NA,NA,NA,NA,NA,NA,NA,NA,NA,NA,NA,NA,NA,NA,NA,NA,NA,NA,NA,NA,NA,NA,NA,NA
