track_id,time,phase,east_km,north_km,fwd_km,left_km,wind_speed_ms,exceed_15_6,exceed_20_0,exceed_25_0,exceed_q90,exceed_q95,exceed_q99
20100003,2010-01-03 01:00:00,intensification,-841.4166181283493,702.2717935200005,-1095.9534559404133,7.322543862054886,15.42354965209961,False,False,False,False,False,False
20100003,2010-01-03 02:00:00,intensification,-835.3843772681158,716.4738878000003,-1100.4326838137672,-15.805001654994271,15.003694534301758,False,False,False,False,False,False
20100003,2010-01-03 03:00:00,intensification,-765.4653553880178,261.5398834399996,-762.7722584274547,269.29315383535675,13.926691055297852,False,False,False,False,False,False
20100003,2010-01-03 04:00:00,intensification,-772.6915734020021,330.7487519600001,-823.6588481561317,167.43090032509963,13.20415210723877,False,False,False,False,False,False
20100003,2010-01-03 05:00:00,intensification,48.172254657826784,275.70958360000037,-89.43698694515614,-265.21192653022996,12.641568183898926,False,False,False,False,False,False
20100003,2010-01-03 06:00:00,intensification,2.8247803324458505,295.9357596799996,-117.17049938120397,-271.7664941012124,12.641568183898926,False,False,False,False,False,False
20100003,2010-01-03 07:00:00,intensification,-43.8428009566322,314.40730991999936,-153.97406307372856,-277.60788106143684,12.641568183898926,False,False,False,False,False,False
20100003,2010-01-03 08:00:00,intensification,-95.52474802107402,331.93776088000067,-200.17006436655058,-281.49529288073217,12.641568183898926,False,False,False,False,False,False
20100003,2010-01-03 09:00:00,intensification,286.6925787058666,267.9283155999999,200.4089929344526,-337.36397634642503,13.683309555053711,False,False,False,False,False,False
20100003,2010-01-03 10:00:00,intensification,204.46098322925891,287.3960685199998,149.05501281705023,-319.6613786774009,13.683309555053711,False,False,False,False,False,False
20100003,2010-01-03 11:00:00,intensification,136.29783897030774,294.0996476000002,116.2480988747011,-302.58566247335307,13.683309555053711,False,False,False,False,False,False
20100003,2010-01-03 12:00:00,intensification,62.1530201940325,296.4725447200001,69.37812691438323,-294.86546626867647,13.683309555053711,False,False,False,False,False,False
20100003,2010-01-03 15:00:00,decay,183.39739956509814,436.04377959999965,276.9574729732924,-383.48838582066776,15.08354377746582,False,False,False,True,False,False
20100003,2010-01-03 16:00:00,decay,106.6292679416514,416.2023254400004,215.6894616155529,-371.58072155512775,15.08354377746582,False,False,False,True,False,False
20100003,2010-01-03 17:00:00,decay,24.99050589557547,394.22742347999946,155.7134932986054,-363.03318693108594,15.08354377746582,False,False,False,True,False,False
20100003,2010-01-03 18:00:00,decay,-47.92040468152404,364.67597100000006,101.9393011810153,-353.4024729460168,15.08354377746582,False,False,False,True,False,False
20100003,2010-01-03 19:00:00,decay,-115.38781188336351,336.8263786800005,43.49987072878113,-353.3753213687862,15.08354377746582,False,False,False,True,False,False
20100003,2010-01-03 20:00:00,decay,-179.67311586762185,304.6360856000004,-1.7642918880321474,-353.6699881095432,15.08354377746582,False,False,False,True,False,False
20100003,2010-01-03 21:00:00,decay,27.048291990766806,545.4936035999992,311.38141957005274,-448.7053523356609,14.791879653930664,False,False,False,False,False,False
20100003,2010-01-03 22:00:00,decay,-19.50902202166878,519.4403821199998,300.7521884716687,-423.9658401884699,14.791879653930664,False,False,False,False,False,False
20100003,2010-01-03 23:00:00,decay,-79.94933636336961,469.9455063600007,239.19996066417013,-412.33973147292045,14.791879653930664,False,False,False,False,False,False
20100003,2010-01-04 00:00:00,decay,-142.1424539797177,425.5286037199996,139.08867604306948,-426.5365283347426,14.791879653930664,False,False,False,False,False,False
20100003,2010-01-04 01:00:00,decay,-204.7788201975865,384.6341998400003,54.93959351354832,-432.2724533817056,14.791879653930664,False,False,False,False,False,False
20100003,2010-01-04 02:00:00,decay,-261.90783443721,347.22400063999993,-21.553669390827537,-434.39113676020895,14.791879653930664,False,False,False,False,False,False
20100003,2010-01-04 03:00:00,decay,-1.991802246150265,117.89021772000014,65.00916379125805,-98.36604766594105,15.58314323425293,False,False,False,True,False,False
20100003,2010-01-04 04:00:00,decay,-50.754785634641586,83.17106820000001,8.258245967718338,-97.08386180969592,15.58314323425293,False,False,False,True,False,False
20100003,2010-01-04 05:00:00,decay,-94.24075146838932,51.44152860000012,-42.97219882129967,-98.39176911964762,15.58314323425293,False,False,False,True,False,False
20100003,2010-01-04 06:00:00,decay,-136.69365111405975,17.761885239999945,-93.95129663491666,-100.86522038239501,15.58314323425293,False,False,False,True,False,False
20100009,2010-01-05 15:00:00,mature,438.262853442087,530.0201235999997,671.8239107679758,-147.13358912424468,13.928521156311035,False,False,False,False,False,False
20100009,2010-01-05 16:00:00,mature,353.6883104117794,465.0866110000002,555.0834514188136,-182.43721828174859,13.928521156311035,False,False,False,False,False,False
20100009,2010-01-05 17:00:00,mature,274.61558067465614,419.8794476800002,436.0099985292763,-248.20908306474422,13.928521156311035,False,False,False,False,False,False
20100009,2010-01-05 18:00:00,mature,1102.5093959811898,25.971735240000385,1039.8622960122013,367.2708872078175,14.652169227600098,False,False,False,False,False,False
20100009,2010-01-05 21:00:00,decay,438.525906102259,413.0123395199998,538.6654190969634,-269.6733750070324,15.71612548828125,True,False,False,True,False,False
20100009,2010-01-05 22:00:00,decay,362.55930792363404,386.73324976000026,443.44107762002824,-290.4683612911797,15.71612548828125,True,False,False,True,False,False
20100009,2010-01-05 23:00:00,decay,300.0280958210322,380.3732042000002,361.5222302495838,-322.49389109056995,15.71612548828125,True,False,False,True,False,False
20100009,2010-01-06 00:00:00,decay,236.29396319475686,365.1039963999999,303.6726241004929,-311.3176875820855,15.71612548828125,True,False,False,True,False,False
20100009,2010-01-06 01:00:00,decay,170.13401441658692,354.9734311200001,219.49283092625413,-326.7638548471781,15.71612548828125,True,False,False,True,False,False
20100009,2010-01-06 02:00:00,decay,103.19918890484352,346.29024848000034,149.8530514388907,-328.80248137356125,15.71612548828125,True,False,False,True,False,False
20100009,2010-01-06 03:00:00,decay,453.53122357960626,448.16675023999966,504.6891803870394,-389.6573340546222,16.56294059753418,True,False,False,True,True,False
20100009,2010-01-06 04:00:00,decay,390.9508012800913,442.17617576000015,430.6487799903363,-403.61358714012454,16.56294059753418,True,False,False,True,True,False
20100009,2010-01-06 05:00:00,decay,325.3205704504558,436.52579519999995,368.29935691076093,-400.9287057973303,16.56294059753418,True,False,False,True,True,False
20100009,2010-01-06 06:00:00,decay,258.0151652660545,428.9678351199997,297.7240487147301,-402.4246760472295,16.56294059753418,True,False,False,True,True,False
20100009,2010-01-06 07:00:00,decay,1094.5093093024109,90.50015435999994,1098.2444632227773,-0.07133959999593742,17.217792510986328,True,False,False,True,True,False
20100009,2010-01-06 08:00:00,decay,1050.1863074020255,84.77162716000008,1053.3137434463958,-24.650900449995397,17.379247665405273,True,False,False,True,True,False
20100009,2010-01-06 09:00:00,decay,434.4430593237706,556.6135810399996,321.9640489440378,-628.4095810698075,15.600942611694336,True,False,False,True,False,False
20100009,2010-01-06 10:00:00,decay,397.6656564995616,575.84433368,320.2888919290194,-622.2135458968017,15.600942611694336,True,False,False,True,False,False
20100009,2010-01-06 11:00:00,decay,1102.2307133096965,-15.244160800000303,1097.5996831454831,102.07774174928242,15.976482391357422,True,False,False,True,False,False
20100009,2010-01-06 12:00:00,decay,1099.4621141744865,9.50839779999973,1098.1792465564138,53.941566222553284,16.62535285949707,True,False,False,True,False,False
20100009,2010-01-06 13:00:00,decay,1097.3850716564045,88.77436039999967,1100.5340978772067,-30.977120078600223,16.936477661132812,True,False,False,True,True,False
20100009,2010-01-06 14:00:00,decay,1091.3348203831144,-25.39509764000007,1088.5930516288797,81.37425336132394,17.26921844482422,True,False,False,True,True,False
20100009,2010-01-06 15:00:00,decay,601.193124821676,470.90775644000036,630.6915996684199,-430.5988789069189,15.397040367126465,False,False,False,True,False,False
20100011,2010-01-06 21:00:00,intensification,837.4983416763563,-703.6937951999998,-1027.035926210689,376.54433468872946,14.45953369140625,False,False,False,True,True,False
20100011,2010-01-06 22:00:00,intensification,871.1762614576927,-672.6502094399999,-1006.0084762413162,446.4900094265305,13.668258666992188,False,False,False,True,True,False
20100011,2010-01-06 23:00:00,intensification,854.4012116319609,-694.98055616,-869.5708081497495,675.9038492954581,13.402276039123535,False,False,False,True,False,False
20100011,2010-01-07 00:00:00,intensification,862.7196256717294,-668.3868760799998,-882.0022579691336,642.7271470635886,13.29055404663086,False,False,False,True,False,False
20100011,2010-01-07 01:00:00,intensification,874.3284198398213,-663.7369283600001,-771.3853690991099,781.0003253188804,12.896649360656738,False,False,False,True,False,False
20100011,2010-01-07 02:00:00,intensification,848.0398481524977,-692.40672644,157.94229115831217,1083.3526164354482,12.735307693481445,False,False,False,True,False,False
20100011,2010-01-07 03:00:00,intensification,855.4046155478342,-628.5693818799998,915.7209130891206,536.9094276214287,12.198430061340332,False,False,False,True,False,False
20100011,2010-01-07 04:00:00,intensification,849.372318555928,-634.08517656,1059.6707124326629,-24.399341684809826,12.198430061340332,False,False,False,True,False,False
20100011,2010-01-07 05:00:00,intensification,843.7707140355369,-619.4929056799999,933.1736944411903,-474.2439604832821,12.198430061340332,False,False,False,True,False,False
20100011,2010-01-07 06:00:00,intensification,835.4146888688032,-607.6729480800001,861.3592351285971,-570.3020096972092,12.198430061340332,False,False,False,True,False,False
20100011,2010-01-07 07:00:00,intensification,-64.11836426942148,-1096.9456102000001,1085.250389777535,172.14072110150306,12.441462516784668,False,False,False,False,False,False
20100011,2010-01-07 08:00:00,intensification,-66.64778891862498,-1074.7158967599999,1000.36209510722,398.4116780279987,12.441462516784668,False,False,False,False,False,False
20100011,2010-01-07 09:00:00,intensification,18.440802740995025,-1084.9714744,895.3838227404846,613.0179226108148,12.56352424621582,False,False,False,False,False,False
20100011,2010-01-07 10:00:00,intensification,32.98093399387718,-1053.93746216,960.1696818598141,435.8280603501719,13.287712097167969,False,False,False,True,False,False
20100011,2010-01-07 11:00:00,intensification,344.9765704407631,-1035.0364393599998,1090.9722187378752,9.42777270913541,13.493496894836426,False,False,False,False,False,False
20100011,2010-01-07 12:00:00,intensification,455.5372940815432,-997.3512797599999,1096.4371594155907,-7.025453061158203,15.682206153869629,True,False,False,True,True,False
20100011,2010-01-07 13:00:00,intensification,468.32291662828914,-994.9297357999999,1086.6348732585516,168.63032241164865,16.760208129882812,True,False,False,True,True,False
20100011,2010-01-07 14:00:00,intensification,511.56714186153476,-968.2480016000001,1036.2318213354658,354.15920951820067,17.2255859375,True,False,False,True,True,False
20100011,2010-01-07 15:00:00,intensification,166.78855535002216,-1085.5583534399998,669.0442519926622,870.9966416667115,13.972311019897461,False,False,False,False,False,False
20100011,2010-01-07 16:00:00,intensification,186.187177377071,-1078.24518604,631.7473657008447,893.4056257759507,14.175080299377441,False,False,False,True,False,False
20100011,2010-01-07 17:00:00,intensification,161.04819551644118,-1076.7718658399997,614.2546376081264,898.9245866704089,14.396418571472168,False,False,False,True,False,False
20100011,2010-01-07 18:00:00,intensification,117.84422158867939,-1087.8132513599996,506.1844398326543,970.0527012835734,14.630831718444824,False,False,False,True,False,False
20100011,2010-01-07 19:00:00,intensification,438.99879896877076,-1006.11862032,775.2328719146345,777.179913503708,15.09124755859375,False,False,False,True,False,False
20100011,2010-01-07 20:00:00,intensification,390.0321645763021,-1015.1888625999998,725.3924863590189,810.271100857631,15.346419334411621,False,False,False,True,False,False
20100011,2010-01-07 21:00:00,intensification,1036.3103949712902,-302.6385595199996,1058.5972700683453,-211.89891985977363,13.562738418579102,False,False,False,True,False,False
20100011,2010-01-07 22:00:00,intensification,1009.2729595208816,-299.7720695200001,1045.4294675727556,-124.78953808267613,13.772231101989746,False,False,False,True,False,False
20100011,2010-01-07 23:00:00,intensification,1036.8530743580695,-338.6731774799998,1089.966223293434,41.682742587644384,14.150214195251465,False,False,False,True,False,False
20100011,2010-01-08 00:00:00,intensification,973.630099617887,-319.7438794000001,1023.6270901609265,48.77806458207385,14.150214195251465,False,False,False,True,False,False
20100011,2010-01-08 03:00:00,mature,111.14142510105921,-1094.0613089999997,223.83982321963845,1076.670004116994,14.913878440856934,False,False,False,True,False,False
20100011,2010-01-08 04:00:00,mature,115.16336500394031,-1088.33367236,176.92123073086094,1080.0146578395647,15.312284469604492,False,False,False,True,False,False
20100011,2010-01-08 05:00:00,mature,76.50741357263634,-1087.9709917999996,-33.746639380486485,1090.135508852167,15.312284469604492,False,False,False,True,False,False
20100011,2010-01-08 06:00:00,mature,42.2309177015555,-1096.2049982400001,-357.8693976227193,1037.0045047257156,15.312284469604492,False,False,False,True,False,False
20100011,2010-01-08 07:00:00,mature,439.889556194554,-1000.4922848799996,153.80822486742744,1082.049288949711,15.159997940063477,False,False,False,True,False,False
20100011,2010-01-08 08:00:00,mature,410.28093056933506,-1000.59547852,213.1179454353106,1060.236999428401,15.159997940063477,False,False,False,True,False,False
20100011,2010-01-08 09:00:00,mature,14.0688293626748,-1094.0240167999998,-460.8441592474443,992.325119193482,14.505433082580566,False,False,False,False,False,False
20100015,2010-01-10 11:00:00,intensification,699.501897625886,840.04509908,691.5067998256516,-846.6386590898319,10.825654029846191,False,False,False,True,False,False
20100015,2010-01-10 12:00:00,intensification,595.288918537338,868.83267372,569.6278008130528,-885.8686584351444,10.984395980834961,False,False,False,True,False,False
20100015,2010-01-10 13:00:00,intensification,539.3021707122896,872.4027061200001,464.1162326501908,-914.6198311708973,10.984395980834961,False,False,False,True,False,False
20100015,2010-01-10 14:00:00,intensification,466.02755574998656,879.2935254399999,410.6559553271437,-906.4769566587789,10.984395980834961,False,False,False,True,False,False
20100015,2010-01-10 15:00:00,intensification,-155.68850509618088,-1068.58416852,-134.94299373975562,1071.401616701793,12.66087532043457,False,False,False,False,False,False
20100015,2010-01-10 16:00:00,intensification,-182.43661197051716,-1067.3993897599998,16.403289923258995,1082.7536685354592,12.66087532043457,False,False,False,False,False,False
20100015,2010-01-10 17:00:00,intensification,-217.38224761210688,-1056.3811587999999,51.44510662229962,1077.288074402173,12.66087532043457,False,False,False,False,False,False
20100015,2010-01-10 18:00:00,intensification,-259.3651276123331,-1046.4903768,-20.336539158592956,1077.960483195659,12.66087532043457,False,False,False,False,False,False
20100015,2010-01-10 21:00:00,mature,381.8456697335112,-1028.8428172,848.3195821523882,696.1878658344053,11.565727233886719,False,False,False,False,False,False
20100015,2010-01-10 22:00:00,mature,349.3449750211694,-991.8263568399997,862.8849802212164,600.991634387434,12.03554916381836,False,False,False,False,False,False
20100015,2010-01-10 23:00:00,mature,335.8800061629123,-989.4988782799999,430.99180742845317,951.9293411734566,12.03554916381836,False,False,False,False,False,False
20100015,2010-01-11 00:00:00,mature,300.01265000172003,-986.7198858000002,368.7272107720574,963.1531379954481,12.03554916381836,False,False,False,False,False,False
20100015,2010-01-11 01:00:00,mature,355.1926702640335,-1040.09738052,122.50126388555302,1092.2260912101954,12.157191276550293,False,False,False,False,False,False
20100015,2010-01-11 02:00:00,mature,272.20139488126625,-993.2332190000001,290.0803665884849,988.1595051510153,12.03554916381836,False,False,False,False,False,False
20100015,2010-01-11 03:00:00,mature,834.1471554747253,101.60009420000036,771.7390039637979,-332.48002329311413,12.562576293945312,False,False,False,True,False,False
20100015,2010-01-11 04:00:00,mature,778.1273686260345,120.4322099200002,689.5075225597539,-380.21769464952837,12.562576293945312,False,False,False,True,False,False
20100015,2010-01-11 05:00:00,mature,700.1069409032054,149.60795739999978,603.6589561635817,-384.874179780535,12.562576293945312,False,False,False,True,False,False
20100015,2010-01-11 06:00:00,mature,574.275116711831,194.93189539999992,485.91386437919243,-362.87473034465125,12.562576293945312,False,False,False,True,False,False
20100015,2010-01-11 07:00:00,mature,509.1548395970618,-975.1982657999998,728.3480044011885,824.4752833100838,12.622468948364258,False,False,False,False,False,False
20100015,2010-01-11 08:00:00,mature,528.2219376232185,-965.5162088000003,690.6829399271139,856.8529870027833,12.734342575073242,False,False,False,False,False,False
20100015,2010-01-11 09:00:00,mature,593.7980721700393,77.88837760000008,513.4759147516248,308.22919207628195,14.844022750854492,False,False,False,True,True,False
20100015,2010-01-11 12:00:00,decay,446.66787250687145,103.54040180000007,405.11151265591025,-214.7497740356447,14.844022750854492,False,False,False,True,True,False
20100015,2010-01-11 13:00:00,decay,390.36638446129535,118.71654607999966,349.6678548718559,-210.26631613233548,14.844022750854492,False,False,False,True,True,False
20100015,2010-01-11 14:00:00,decay,303.9271719661406,138.99838215999995,258.76172681146386,-211.50566148446887,14.844022750854492,False,False,False,True,True,False
20100015,2010-01-11 15:00:00,decay,545.0518699414137,-12.101263240000284,535.6495121957952,-101.5262605587445,17.52151870727539,True,False,False,True,True,True
20100015,2010-01-11 16:00:00,decay,498.134313449468,-6.856866720000171,498.1277273602282,7.319705726513794,17.52151870727539,True,False,False,True,True,True
20100015,2010-01-11 17:00:00,decay,468.30775041771665,-12.172619359999677,467.775513087492,25.424223077989765,17.52151870727539,True,False,False,True,True,True
20100015,2010-01-11 18:00:00,decay,399.3677251432433,-9.657010000000234,398.9418544644516,20.814285591717084,17.52151870727539,True,False,False,True,True,True
20100015,2010-01-11 19:00:00,decay,351.46645832363,-15.44375756000022,350.50178375176546,30.260214159166587,17.52151870727539,True,False,False,True,True,True
20100015,2010-01-11 20:00:00,decay,289.47501774336376,-14.304842639999716,289.7452244660011,6.93680903748587,17.52151870727539,True,False,False,True,True,True
20100015,2010-01-11 21:00:00,decay,317.33974239155026,126.95823359999962,320.36136998061255,-119.12807311508332,16.834640502929688,True,False,False,True,True,True
20100015,2010-01-11 22:00:00,decay,236.62003916307762,121.25731375999966,237.8210254401097,-118.8845613712818,16.834640502929688,True,False,False,True,True,True
20100015,2010-01-11 23:00:00,decay,167.96887467388643,125.4741153599998,171.77780515495422,-120.20683067418784,16.834640502929688,True,False,False,True,True,True
20100015,2010-01-12 00:00:00,decay,117.10660175687856,117.57340100000035,127.86139279210282,-105.77771519093533,16.834640502929688,True,False,False,True,True,True
20100015,2010-01-12 01:00:00,decay,58.7901575942441,114.99745619999979,62.70665050071721,-112.9095812825813,16.834640502929688,True,False,False,True,True,True
20100015,2010-01-12 02:00:00,decay,2.8948271752961983,113.67085576000014,-9.312687779672478,-113.3257134100815,16.834640502929688,True,False,False,True,True,True
20100015,2010-01-12 03:00:00,decay,419.1675735541701,-36.83133520000014,419.67224591863726,-30.548452947935253,19.540176391601562,True,False,False,True,True,True
20100015,2010-01-12 04:00:00,decay,345.6888106626719,-27.696638639999748,346.03270537041834,-23.004878251287888,19.540176391601562,True,False,False,True,True,True
20100015,2010-01-12 05:00:00,decay,263.50694621412913,-13.920566000000184,262.4534452053439,-27.347430605120167,19.540176391601562,True,False,False,True,True,True
20100015,2010-01-12 06:00:00,decay,186.06840177567204,-2.53052623999975,183.24003468724646,-32.41825705094206,19.540176391601562,True,False,False,True,True,True
20100015,2010-01-12 07:00:00,decay,90.52425849425889,19.048633119999757,86.04536144848042,-33.96597669545385,19.540176391601562,True,False,False,True,True,True
20100015,2010-01-12 08:00:00,decay,3.692319724777475,28.456731599999607,0.5717170997727004,-28.6895789070217,19.540176391601562,True,False,False,True,True,True
20100015,2010-01-12 09:00:00,decay,391.9335400154526,-73.41765508000034,398.41845758315054,16.27220094374261,19.334442138671875,True,False,False,True,True,True
20100015,2010-01-12 10:00:00,decay,273.5825990891835,-53.239903199999866,278.3652925662531,13.95312551518694,19.334442138671875,True,False,False,True,True,True
20100015,2010-01-12 11:00:00,decay,172.69365120420954,-42.0180679600003,177.533665319288,8.391238265680876,19.334442138671875,True,False,False,True,True,True
20100015,2010-01-12 12:00:00,decay,73.3715479488536,-14.435643640000103,74.70192673528172,-3.3754996294773267,19.334442138671875,True,False,False,True,True,True
20100015,2010-01-12 13:00:00,decay,-20.623527623967437,5.17103664000024,-21.214062618631857,-1.42585370972597,19.334442138671875,True,False,False,True,True,True
20100015,2010-01-12 14:00:00,decay,-88.78800377887285,14.83305603999969,-89.89709922817048,4.673405277031227,19.334442138671875,True,False,False,True,True,True
20100015,2010-01-12 15:00:00,decay,340.92523599176536,-1046.68552076,548.5949391902049,954.3710958529542,16.596078872680664,True,False,False,True,True,False
20100015,2010-01-12 16:00:00,decay,245.49809372362,-1064.2681808,375.0815047019632,1025.7923471715822,17.261240005493164,True,False,False,True,True,False
20100015,2010-01-12 17:00:00,decay,149.8621819017393,-1082.6195054400002,340.15525371901066,1038.6616727745643,17.824832916259766,True,False,False,True,True,False
20100015,2010-01-12 18:00:00,decay,28.745711599960796,-1090.16766936,296.9818118269359,1049.3301037791648,18.298498153686523,True,False,False,True,True,False
20100015,2010-01-12 19:00:00,decay,-50.19570819646241,-1095.02957036,355.6906951566451,1036.867155648752,18.66431427001953,True,False,False,True,True,False
20100015,2010-01-12 20:00:00,decay,-125.80362746126305,-1052.3918952800004,469.1660474975193,950.3885909505643,18.66431427001953,True,False,False,True,True,False
20100015,2010-01-12 21:00:00,decay,29.696159797660084,-992.73383748,625.1231778856439,771.7663807491546,17.314455032348633,True,False,False,True,True,False
20100015,2010-01-12 22:00:00,decay,-81.19167008525694,-904.5676182400002,620.7260099641474,662.9735166758993,17.314455032348633,True,False,False,True,True,False
20100015,2010-01-12 23:00:00,decay,-147.80624492535745,-780.3852601600003,589.3435855019853,532.4678192544504,17.314455032348633,True,False,False,True,True,False
20100015,2010-01-13 00:00:00,decay,-207.31804649458084,-681.7882456000001,458.7764197745339,545.2890801212839,17.314455032348633,True,False,False,True,True,False
20110008,2011-01-04 15:00:00,intensification,269.9534267065544,534.3494697199997,340.9247934275227,-492.11227743987126,18.237503051757812,True,False,False,True,True,True
20110008,2011-01-04 16:00:00,intensification,180.12866635894525,522.4103997199996,280.13975732735736,-476.3199329698804,18.237503051757812,True,False,False,True,True,True
20110008,2011-01-04 17:00:00,intensification,80.38800673635356,497.60652260000023,-26.360013950028588,-503.3682872665528,18.237503051757812,True,False,False,True,True,True
20110008,2011-01-04 18:00:00,intensification,26.525041580297874,553.9416784000001,-305.26966854819307,-462.9961018884738,18.237503051757812,True,False,False,True,True,True
20110008,2011-01-04 21:00:00,mature,385.24148063610363,415.3904686799999,221.4412830567569,-521.4633237640636,17.56962776184082,True,False,False,True,True,False
20110008,2011-01-04 22:00:00,mature,278.79760941120134,438.86351520000005,95.35761593300845,-511.1127244264951,17.56962776184082,True,False,False,True,True,False
20110008,2011-01-04 23:00:00,mature,214.38681976394216,480.41270332000005,-58.118452800275406,-522.8578386558142,17.56962776184082,True,False,False,True,True,False
20110008,2011-01-05 00:00:00,mature,143.16472749090005,514.0804354400003,-106.04003984431796,-523.0012841758034,17.56962776184082,True,False,False,True,True,False
20110008,2011-01-05 01:00:00,mature,77.3390490976513,546.5259852799998,-210.9582707695308,-510.0672397787695,17.56962776184082,True,False,False,True,True,False
20110008,2011-01-05 02:00:00,mature,22.283020035462535,581.3916319200002,-275.73009926959054,-512.3335583438621,17.56962776184082,True,False,False,True,True,False
20110010,2011-01-04 22:00:00,intensification,-149.6240032258815,-1040.60299596,-995.2843985440674,-338.60139331822086,18.83386993408203,True,False,False,True,True,True
20110010,2011-01-04 23:00:00,intensification,-142.01743569601015,-1084.50159268,-1005.7079619934989,-429.95831396777237,18.83386993408203,True,False,False,True,True,True
20110010,2011-01-05 00:00:00,intensification,-59.51631773814554,-994.6919562799999,-470.5437244709422,-878.3751381535426,18.146406173706055,True,False,False,True,True,True
20110010,2011-01-05 01:00:00,intensification,-47.22665665859465,-987.26791416,550.2710728097036,-821.0542234577713,18.146406173706055,True,False,False,True,True,True
20110010,2011-01-05 02:00:00,intensification,-114.00271379580659,-1094.46584588,958.9432085300872,-539.7036495750738,18.83386993408203,True,False,False,True,True,True
20110008,2011-01-05 03:00:00,mature,262.4796732769032,-83.5375336400002,265.1819897394812,-74.51584212779004,18.889129638671875,True,False,False,True,True,False
20110008,2011-01-05 06:00:00,decay,90.44632372498674,24.18137568000018,69.05344827893138,-63.22102249988806,18.889129638671875,True,False,False,True,True,False
20110008,2011-01-05 07:00:00,decay,15.074159450793827,59.33456187999998,-12.373679075389616,-59.955921999238484,18.889129638671875,True,False,False,True,True,False
20110008,2011-01-05 08:00:00,decay,-54.738148563763474,94.21712915999962,-91.39713774648504,-59.32702206491344,18.889129638671875,True,False,False,True,True,False
20110010,2011-01-05 03:00:00,intensification,163.18937838058937,-828.18729268,723.0689284911241,-435.5413753291057,16.573932647705078,True,False,False,True,True,True
20110010,2011-01-05 04:00:00,intensification,169.27198739311308,-804.9033788400002,773.6012085885153,-279.39868477580853,16.573932647705078,True,False,False,True,True,True
20110010,2011-01-05 05:00:00,intensification,168.89955593036265,-783.9426020799999,790.286267591327,-136.1641605049006,16.573932647705078,True,False,False,True,True,True
20110010,2011-01-05 06:00:00,intensification,167.45842292576108,-766.62087612,783.722948288338,-39.092600809035574,16.573932647705078,True,False,False,True,True,True
20110010,2011-01-05 07:00:00,intensification,161.48628157211073,-740.0201828800001,757.3418964463004,11.871903506058032,16.573932647705078,True,False,False,True,True,True
20110010,2011-01-05 08:00:00,intensification,153.1183261509295,-705.5373657200001,719.7509266146171,-56.45174813749851,16.573932647705078,True,False,False,True,True,True
20110008,2011-01-05 09:00:00,decay,154.79103765262485,-115.91050284000026,188.83591356774292,41.6714261003142,20.8087215423584,True,True,False,True,True,True
20110008,2011-01-05 10:00:00,decay,58.69254065369825,-76.4815154399998,86.30738523409428,42.95662680470373,20.8087215423584,True,True,False,True,True,True
20110008,2011-01-05 11:00:00,decay,-14.428532024997299,-32.86845452000039,6.85706516477871,35.23490451605744,20.8087215423584,True,True,False,True,True,True
20110008,2011-01-05 12:00:00,decay,-71.92943549726814,14.382098720000034,-66.22098535567338,31.551062629825598,20.8087215423584,True,True,False,True,True,True
20110008,2011-01-05 13:00:00,decay,-129.719225673941,53.76177136000004,-138.27872240136648,24.42131241881934,20.8087215423584,True,True,False,True,True,True
20110008,2011-01-05 14:00:00,decay,-189.70634977383,89.76555367999978,-209.13113233133163,17.62167023305976,20.8087215423584,True,True,False,True,True,True
20110010,2011-01-05 09:00:00,intensification,130.32212044702266,-172.08302011999993,116.85902291792878,-181.49487500779625,18.388456344604492,True,False,False,True,True,True
20110010,2011-01-05 10:00:00,intensification,142.73065844830242,-172.49768711999985,102.15837845423653,-199.22640044541362,18.388456344604492,True,False,False,True,True,True
20110010,2011-01-05 11:00:00,intensification,144.7157766145052,-137.95097228000017,93.80867128602435,-176.55894184573987,18.388456344604492,True,False,False,True,True,True
20110010,2011-01-05 12:00:00,intensification,159.47679874396712,-111.08745251999981,39.26930235755184,-190.3449325234538,18.388456344604492,True,False,False,True,True,True
20110010,2011-01-05 13:00:00,intensification,173.6622720928958,-69.14797648000003,-6.15705682764046,-186.82108567013205,18.388456344604492,True,False,False,True,True,True
20110010,2011-01-05 14:00:00,intensification,189.62735354934586,-40.75703500000002,-47.33672648466952,-188.09280539626025,18.388456344604492,True,False,False,True,True,True
20110008,2011-01-05 15:00:00,decay,1.2349367519886407,-17.808639639999754,9.620475866605153,15.03725901581969,22.767404556274414,True,True,False,True,True,True
20110008,2011-01-05 16:00:00,decay,-53.854633659792015,11.488557960000065,-52.75689011880281,15.780338260736052,22.767404556274414,True,True,False,True,True,True
20110008,2011-01-05 17:00:00,decay,-115.03543844038192,45.96647704000019,-121.77836584581294,22.717806244510143,22.767404556274414,True,True,False,True,True,True
20110008,2011-01-05 18:00:00,decay,-171.50248351500258,86.20398160000008,-189.61741898194632,29.823861489282677,22.767404556274414,True,True,False,True,True,True
20110008,2011-01-05 19:00:00,decay,-224.07021613147958,124.43872803999973,-255.0298277757684,25.539102139325294,22.767404556274414,True,True,False,True,True,True
20110008,2011-01-05 20:00:00,decay,-285.3701627120583,165.53829467999986,-329.32597846465785,19.582049947970432,22.767404556274414,True,True,False,True,True,True
20110010,2011-01-05 15:00:00,intensification,300.70423435027516,-174.5529882799999,64.93314942155699,-341.57790967780795,16.463449478149414,True,False,False,True,True,True
20110010,2011-01-05 18:00:00,mature,316.5965630923607,-101.67401068000001,2.9919700223862833,-332.50870112680815,16.463449478149414,True,False,False,True,True,True
20110010,2011-01-05 19:00:00,mature,322.60412985517974,-86.70202727999988,-161.66643094285024,-292.32624110791033,16.463449478149414,True,False,False,True,True,True
20110010,2011-01-05 20:00:00,mature,340.2636503723981,-76.70727240000011,-293.7516547623927,-188.07796981080332,16.463449478149414,True,False,False,True,True,True
20110008,2011-01-05 21:00:00,decay,29.777196496092724,145.559249,-49.03787453098967,-140.24786366320816,22.794660568237305,True,True,False,True,True,True
20110010,2011-01-05 21:00:00,mature,55.068119439020094,-271.50636303999994,-275.4513854506914,29.575956502758252,16.252567291259766,True,False,False,True,True,True
20110010,2011-01-05 22:00:00,mature,47.77968181760908,-296.3094609200001,-284.95436177580945,-94.25076302202629,16.252567291259766,True,False,False,True,True,True
20110010,2011-01-05 23:00:00,mature,62.942770818480255,-286.76187848000006,88.00995411081715,-280.0864425942425,16.252567291259766,True,False,False,True,True,True
20110010,2011-01-06 00:00:00,mature,77.10482948354168,-279.2662575999998,70.06476740071611,-281.1151467507203,16.252567291259766,True,False,False,True,True,True
20110010,2011-01-06 01:00:00,mature,97.07527092228344,-267.23969007999995,110.97825191805289,-261.77182388466167,16.252567291259766,True,False,False,True,True,True
20110010,2011-01-06 02:00:00,mature,109.06717761656574,-249.07415851999994,193.80710071276877,-190.71547758113456,16.252567291259766,True,False,False,True,True,True
20110010,2011-01-06 03:00:00,mature,185.23504523671207,-171.7778919999999,124.15620396447032,-220.01114331084062,17.658084869384766,True,False,False,True,True,True
20110010,2011-01-06 04:00:00,mature,193.27664080583816,-145.96267267999983,111.19138016845362,-215.16839608388628,17.658084869384766,True,False,False,True,True,True
20110010,2011-01-06 05:00:00,mature,193.86359353678841,-118.5697149999998,123.0563279725195,-191.04714172187454,17.658084869384766,True,False,False,True,True,True
20110010,2011-01-06 06:00:00,mature,191.37260806557964,-85.77506564000014,95.89761865287306,-186.5059884831488,17.658084869384766,True,False,False,True,True,True
20110010,2011-01-06 09:00:00,decay,209.47599821964346,-117.77900904000012,158.27161407821694,-180.83745457630306,18.667057037353516,True,False,False,True,True,True
20110010,2011-01-06 10:00:00,decay,203.4262672532629,-121.16447287999993,100.72520462561752,-214.28371111685473,18.667057037353516,True,False,False,True,True,True
20110010,2011-01-06 11:00:00,decay,211.94148680591798,-89.72703696000013,39.044671347494294,-226.81633237156996,18.667057037353516,True,False,False,True,True,True
20110010,2011-01-06 12:00:00,decay,217.51389112652933,-58.112824880000154,27.040416127936993,-223.51333102113895,18.667057037353516,True,False,False,True,True,True
20110010,2011-01-06 13:00:00,decay,219.98498615138692,-28.40029236000012,22.21916806417085,-220.6949915804514,18.667057037353516,True,False,False,True,True,True
20110010,2011-01-06 14:00:00,decay,218.38163043373703,-9.389062760000055,39.08557478312831,-215.06047720183503,18.667057037353516,True,False,False,True,True,True
20110010,2011-01-06 15:00:00,decay,234.42232671500776,-174.58571635999994,236.52174509414556,-171.73078849476065,20.598066329956055,True,True,False,True,True,True
20110010,2011-01-06 16:00:00,decay,222.14637286142477,-148.56500031999983,225.19425712216656,-143.90315095495396,20.598066329956055,True,True,False,True,True,True
20110010,2011-01-06 17:00:00,decay,217.0660763150398,-135.64197283999997,180.93517106490572,-181.04941357112227,20.598066329956055,True,True,False,True,True,True
20110010,2011-01-06 18:00:00,decay,214.63010665882496,-117.22051659999987,154.57227265032188,-189.51027603817153,20.598066329956055,True,True,False,True,True,True
20110010,2011-01-06 19:00:00,decay,212.66186167627518,-113.16145544000013,157.37737034915665,-182.3813195228687,20.598066329956055,True,True,False,True,True,True
20110010,2011-01-06 20:00:00,decay,209.78093417011678,-96.67418420000017,167.78130527813022,-158.75569857863155,20.598066329956055,True,True,False,True,True,True
20110010,2011-01-06 21:00:00,decay,173.34877653612614,-216.63239355999997,273.1439920529814,48.700635226528206,19.168901443481445,True,False,False,True,True,True
20110010,2011-01-06 22:00:00,decay,159.03550542735252,-213.02629348000036,255.64867260792855,72.91261820950388,19.168901443481445,True,False,False,True,True,True
20110010,2011-01-06 23:00:00,decay,152.34297668329032,-200.54275736000025,237.51664655818627,-83.73543265566316,19.168901443481445,True,False,False,True,True,True
20110010,2011-01-07 00:00:00,decay,144.88146353203484,-169.58355215999967,191.69897305880716,-114.02071463811477,19.168901443481445,True,False,False,True,True,True
20110010,2011-01-07 01:00:00,decay,141.80563285648643,-141.39933192000018,151.61763144530167,-130.823172305856,19.168901443481445,True,False,False,True,True,True
20110010,2011-01-07 02:00:00,decay,139.53408798783647,-104.28390807999989,110.76195030060094,-134.44956511882944,19.168901443481445,True,False,False,True,True,True
20110010,2011-01-07 03:00:00,decay,181.53996134238767,-250.57107856000027,252.34398256634353,-179.06741031654636,18.237943649291992,True,False,False,True,True,True
20110010,2011-01-07 06:00:00,intensification,180.6791996662029,-137.9652212399998,164.32074656198765,-157.0925450590598,18.237943649291992,True,False,False,True,True,True
20110010,2011-01-07 07:00:00,intensification,173.42465773463016,-110.73189644000016,166.09993363873218,-121.44330712221775,18.237943649291992,True,False,False,True,True,True
20110010,2011-01-07 08:00:00,intensification,158.6800220746045,-82.45683907999984,150.58662264574963,-96.44764795892416,18.237943649291992,True,False,False,True,True,True
20110010,2011-01-07 09:00:00,intensification,208.0258090563697,-166.8950628400001,254.88455375674448,78.50199672715338,17.770883560180664,True,False,False,True,True,True
20110010,2011-01-07 10:00:00,intensification,165.45140246107283,-169.90370847999972,221.32382372858714,85.18921165118215,17.770883560180664,True,False,False,True,True,True
20110010,2011-01-07 11:00:00,intensification,146.9836464990532,-138.69737287999982,188.74405575987652,-72.2276608875365,17.770883560180664,True,False,False,True,True,True
20110010,2011-01-07 12:00:00,intensification,133.4153494763968,-104.05970960000039,149.07079905547218,-80.0373382047938,17.770883560180664,True,False,False,True,True,True
20110010,2011-01-07 13:00:00,intensification,114.24472794589215,-65.34461736000013,106.46067049521383,-77.38153861913867,17.770883560180664,True,False,False,True,True,True
20110010,2011-01-07 14:00:00,intensification,98.16437157594123,-26.559393519999773,62.362242987757824,-80.32805164191096,17.770883560180664,True,False,False,True,True,True
20110010,2011-01-07 15:00:00,intensification,236.45501754892658,-43.02239699999969,138.94652724750642,-196.1014138999174,17.245058059692383,True,False,False,True,True,True
20110010,2011-01-07 16:00:00,intensification,214.50255806410559,-0.47900996000001866,117.13628274049506,-179.6960437303102,17.245058059692383,True,False,False,True,True,True
20110010,2011-01-07 17:00:00,intensification,190.45663404101992,26.55983880000023,109.22120724628206,-158.2715463214462,17.245058059692383,True,False,False,True,True,True
20110010,2011-01-07 18:00:00,intensification,165.89852070146043,51.74598880000026,74.08676138649076,-157.19770454775676,17.245058059692383,True,False,False,True,True,True
20110010,2011-01-07 19:00:00,intensification,143.44450940896803,77.0510285599999,44.76839081639253,-156.55343964743852,17.245058059692383,True,False,False,True,True,True
20110010,2011-01-07 20:00:00,intensification,114.10761902807332,104.29581931999986,-0.8277294746164756,-154.58810274986504,17.245058059692383,True,False,False,True,True,True
20110013,2011-01-07 15:00:00,decay,-999.1247528769711,437.5925747599999,-809.3886002703985,-731.1823486989274,14.950139045715332,False,False,False,False,False,False
20110013,2011-01-07 16:00:00,decay,880.4248035034318,-663.2326487599998,613.1260809365447,916.0249941353431,14.982234954833984,False,False,False,True,False,False
20110013,2011-01-07 17:00:00,decay,857.7468709324846,-678.9643911599999,819.7100516443846,724.4292721107411,15.005151748657227,False,False,False,True,False,False
20110013,2011-01-07 18:00:00,decay,806.0967099415841,-668.5178997199996,824.9582478942623,645.0984244717349,15.005151748657227,False,False,False,True,False,False
20110013,2011-01-07 19:00:00,decay,754.9054950083926,-675.7998975199997,786.943203135113,638.2070219931435,15.005151748657227,False,False,False,True,False,False
20110013,2011-01-07 20:00:00,decay,698.0356554297421,-662.8844398000002,795.5124559562571,542.0604110231936,15.005151748657227,False,False,False,True,False,False
20110010,2011-01-07 21:00:00,intensification,263.09264269044445,-31.700262440000245,189.11399047803656,-185.63012654760502,16.780628204345703,True,False,False,True,True,False
20110010,2011-01-07 22:00:00,intensification,246.63075062161593,-12.826179080000365,123.49874600265792,-213.8674770921117,16.780628204345703,True,False,False,True,True,False
20110010,2011-01-07 23:00:00,intensification,226.1258781218266,38.627594719999685,54.712190593607914,-222.78146249333327,16.780628204345703,True,False,False,True,True,False
20110010,2011-01-08 00:00:00,intensification,199.73819626644203,91.41353496000036,17.67938090808562,-218.95027040942824,16.780628204345703,True,False,False,True,True,False
20110013,2011-01-07 21:00:00,decay,-1047.581474234754,344.17583639999964,-1065.0299653188622,285.64860317250486,14.220552444458008,False,False,False,False,False,False
20110013,2011-01-07 22:00:00,decay,-754.3408691389237,-799.5120399199997,-93.62389579803681,1095.209667125845,13.943811416625977,False,False,False,False,False,False
20110013,2011-01-07 23:00:00,decay,790.5687479045922,-769.7536435599999,1037.915470501057,374.50112554156584,14.244694709777832,False,False,False,True,False,False
20110013,2011-01-08 00:00:00,decay,776.019008837694,-780.5836324,1055.981035972483,310.51628123932085,14.314352989196777,False,False,False,True,False,False
20110013,2011-01-08 01:00:00,decay,740.6559645085563,-744.7497244000002,1021.6623191380193,243.78169621507772,14.346396446228027,False,False,False,True,False,False
20110013,2011-01-08 02:00:00,decay,697.3704807583285,-720.9522913999996,943.3294613870498,340.9212829778015,14.346396446228027,False,False,False,True,False,False
20110010,2011-01-08 03:00:00,mature,313.7187509117549,126.19045956000016,161.72757310688849,-296.96410364647073,16.248781204223633,True,False,False,True,True,False
20110010,2011-01-08 04:00:00,mature,273.85051664879023,155.1347727600003,127.39406670121853,-287.8048904334875,16.248781204223633,True,False,False,True,True,False
20110010,2011-01-08 05:00:00,mature,235.11404690105195,183.18852596000013,95.12726689142889,-282.46673111599273,16.248781204223633,True,False,False,True,True,False
20110010,2011-01-08 06:00:00,mature,187.70627685453735,210.81770468000013,46.860383917709285,-278.3556275634119,16.248781204223633,True,False,False,True,True,False
20110010,2011-01-08 07:00:00,mature,146.49964197362675,237.61109284,-15.234163499580532,-278.72763910579084,16.248781204223633,True,False,False,True,True,False
20110010,2011-01-08 08:00:00,mature,102.2791055990364,268.80562851999963,-77.83259279774254,-276.87464467616326,16.248781204223633,True,False,False,True,True,False
20110013,2011-01-08 03:00:00,decay,-878.312949243409,-645.1314601599998,-578.4236802622731,923.6093783676497,15.517951011657715,False,False,False,True,True,False
20110013,2011-01-08 04:00:00,decay,-904.3807897007953,-629.0867972399997,-699.7135965936216,850.9146220294566,15.488232612609863,False,False,False,True,True,False
20110013,2011-01-08 05:00:00,decay,-929.0566422050622,-592.8479070800004,-636.1957797465124,899.927672197721,15.391712188720703,False,False,False,True,False,False
20110013,2011-01-08 06:00:00,decay,-933.7227764170493,-568.2771340400001,-356.82995060141064,1033.1744821793045,15.113100051879883,False,False,False,True,False,False
20110010,2011-01-08 09:00:00,mature,395.0496920965224,187.99944239999996,266.547485928584,-346.93008995101496,15.51030445098877,False,False,False,True,True,False
20110010,2011-01-08 10:00:00,mature,354.60009120548295,198.1728658799999,239.25161921390173,-328.2870270929929,15.51030445098877,False,False,False,True,True,False
20110010,2011-01-08 11:00:00,mature,308.79380890525465,226.7009535999997,140.60199094280733,-356.33975209662316,15.51030445098877,False,False,False,True,True,False
20110010,2011-01-08 12:00:00,mature,260.68055794209585,255.5793653600001,92.72669000661497,-353.0961997065955,15.51030445098877,False,False,False,True,True,False
20110013,2011-01-08 09:00:00,intensification,-973.8277409041834,-258.1039916399997,-753.1635070475575,669.1060238160094,16.1787052154541,True,False,False,True,True,False
20110013,2011-01-08 10:00:00,intensification,-960.6179234424573,-212.2959229599998,-824.4108046166787,536.8455820583952,15.198491096496582,False,False,False,True,False,False
20110013,2011-01-08 11:00:00,intensification,-954.9222771823806,-265.6343443600001,-779.9765938866859,611.6164430030266,14.630483627319336,False,False,False,True,False,False
20110013,2011-01-08 12:00:00,intensification,-955.0029534389895,-108.06466923999989,-903.5180402035729,327.66410368216685,13.392468452453613,False,False,False,False,False,False
20110013,2011-01-08 13:00:00,intensification,-940.6902840661218,-208.1266549999999,-908.7877810173534,319.87448183849403,13.233214378356934,False,False,False,False,False,False
20110013,2011-01-08 14:00:00,intensification,588.1813071654129,-149.1994129999998,560.0324824091291,233.62648305581035,12.815777778625488,False,False,False,False,False,False
20110010,2011-01-08 15:00:00,decay,-918.690752154636,-596.3547097199998,-581.5667804890629,928.1226846334822,15.643841743469238,True,False,False,True,True,False
20110010,2011-01-08 16:00:00,decay,-962.5047988932741,-520.9037948399996,-644.8545732087102,884.2617433673734,15.573149681091309,False,False,False,True,False,False
20110010,2011-01-08 17:00:00,decay,308.2814046325693,280.7166458800001,126.01554035790056,-397.44099348790587,15.56080150604248,False,False,False,True,False,False
20110010,2011-01-08 18:00:00,decay,264.10500541467553,309.4575774399996,46.0646628148296,-404.21960981609396,15.56080150604248,False,False,False,True,False,False
20110013,2011-01-08 15:00:00,intensification,498.72404894755215,-197.8773112800002,406.522551870412,350.1721321561879,12.656579971313477,False,False,False,False,False,False
20110017,2011-01-08 17:00:00,decay,353.6247677748717,536.4115613999995,341.6497323115099,-544.1169910955649,19.352815628051758,True,False,False,True,True,False
20110017,2011-01-08 18:00:00,decay,261.1231801636677,538.3348370399996,242.93425364561293,-546.7839247777125,19.352815628051758,True,False,False,True,True,False
20120005,2012-01-01 02:00:00,incipient,139.93235673954646,-406.5029025200001,-130.18405501834053,409.72891774788127,14.056564331054688,False,False,False,True,True,True
20120005,2012-01-01 03:00:00,incipient,199.89492568682422,-456.9707150799998,1.9664738938805613,498.774847738428,14.209452629089355,False,False,False,True,True,True
20120005,2012-01-01 06:00:00,intensification,77.83716797191175,-415.5283941600001,282.1562534258675,314.81791518869073,14.209452629089355,False,False,False,True,True,True
20120005,2012-01-01 07:00:00,intensification,40.50775860126937,-402.00112172,240.81830184279517,324.4261485586348,14.209452629089355,False,False,False,True,True,True
20120005,2012-01-01 08:00:00,intensification,5.935123210406799,-372.0614963999999,310.2508638007138,205.4492256053568,14.209452629089355,False,False,False,True,True,True
20120005,2012-01-01 09:00:00,intensification,-62.65242101461817,-351.87272383999994,305.2390605060334,185.92701681834166,15.387956619262695,False,False,False,True,True,True
20120005,2012-01-01 10:00:00,intensification,-75.85791637570972,-317.84130928,246.34879808990326,214.6853302891207,15.387956619262695,False,False,False,True,True,True
20120005,2012-01-01 11:00:00,intensification,-101.63899844081797,-276.15809187999986,162.45306705252924,245.36254547114862,15.387956619262695,False,False,False,True,True,True
20120005,2012-01-01 12:00:00,intensification,-126.30683669746007,-248.0552465599998,87.05392671775421,264.3982529924905,15.387956619262695,False,False,False,True,True,True
20120005,2012-01-01 13:00:00,intensification,-151.6335443724844,-225.08536644,32.2233193557596,269.4769223033542,15.387956619262695,False,False,False,True,True,True
20120005,2012-01-01 14:00:00,intensification,-174.6953712092287,-205.74752395999997,42.02570270601784,266.6164973321538,15.387956619262695,False,False,False,True,True,True
20120005,2012-01-01 15:00:00,intensification,281.6688624822835,-175.39979951999993,303.25883441459564,-134.67188687035076,16.015600204467773,True,False,False,True,True,True
20120005,2012-01-01 16:00:00,intensification,259.41091035005303,-144.59889135999993,281.8292691563294,-93.67562563438545,16.015600204467773,True,False,False,True,True,True
20120005,2012-01-01 17:00:00,intensification,233.2468421088265,-122.78774112000002,251.06138090159686,-80.3062995217391,16.015600204467773,True,False,False,True,True,True
20120005,2012-01-01 18:00:00,intensification,215.73048170281757,-100.35375548000016,205.4123215278138,-120.06787721627892,16.015600204467773,True,False,False,True,True,True
20120005,2012-01-01 21:00:00,mature,68.91456365325897,-321.18090928000015,286.4392022866724,160.80726651125426,19.395679473876953,True,False,False,True,True,True
20120005,2012-01-01 22:00:00,mature,53.25858269724172,-299.2043375199999,295.75377832673513,69.92435074536895,19.395679473876953,True,False,False,True,True,True
20120005,2012-01-01 23:00:00,mature,44.090275898574056,-263.4365535999999,266.9215893306682,9.779332832463894,19.395679473876953,True,False,False,True,True,True
20120005,2012-01-02 00:00:00,mature,40.98214099172618,-239.31673788000012,242.70112120066585,-6.942814827583369,19.395679473876953,True,False,False,True,True,True
20120005,2012-01-02 01:00:00,mature,33.070593307285854,-185.97464292,188.77714619001816,-6.589463352195196,19.395679473876953,True,False,False,True,True,True
20120005,2012-01-02 02:00:00,mature,28.99572551736843,-155.11651628000013,157.17152195614696,14.10667952108249,19.395679473876953,True,False,False,True,True,True
20120005,2012-01-02 03:00:00,mature,261.6645826666089,-303.91629048000004,371.4245226503238,-151.25240300634397,19.168289184570312,True,False,False,True,True,True
20120005,2012-01-02 06:00:00,decay,252.65214158286568,-199.38113316000013,189.92521212044397,-259.8352453143693,19.168289184570312,True,False,False,True,True,True
20120005,2012-01-02 07:00:00,decay,252.31955289753031,-184.89840115999985,138.40547188864528,-280.5289661999546,19.168289184570312,True,False,False,True,True,True
20120005,2012-01-02 08:00:00,decay,261.4719876126533,-145.2311889600001,120.03794629659839,-273.9536274659304,19.168289184570312,True,False,False,True,True,True
20120005,2012-01-02 09:00:00,decay,382.7847379658944,138.6457204000001,156.063035922906,-376.0201061424498,18.480703353881836,True,False,False,True,True,True
20120005,2012-01-02 10:00:00,decay,368.25583422359,124.34243624000001,3.5440112737033047,-388.66546138537,18.480703353881836,True,False,False,True,True,True
20120005,2012-01-02 11:00:00,decay,373.14321813365564,164.93549687999996,-154.13549384779682,-377.73248325566226,18.480703353881836,True,False,False,True,True,True
20120005,2012-01-02 12:00:00,decay,364.9830258234584,196.98229848000008,-142.03621683980128,-389.66697083477334,18.480703353881836,True,False,False,True,True,True
20120005,2012-01-02 13:00:00,decay,363.4258371587664,224.21272895999994,-228.45761979412887,-360.77250851505005,18.480703353881836,True,False,False,True,True,True
20120005,2012-01-02 14:00:00,decay,364.6805915750884,266.3373301599998,-224.68547895553868,-391.7192143038599,18.480703353881836,True,False,False,True,True,True
20120005,2012-01-02 15:00:00,decay,423.09438038667815,35.56095136000014,134.02560552342248,-402.877863676444,17.51670265197754,True,False,False,True,True,True
20120005,2012-01-02 16:00:00,decay,414.9214319721116,54.38137847999984,17.113228352814666,-418.11991874403327,17.51670265197754,True,False,False,True,True,True
20120005,2012-01-02 17:00:00,decay,413.4289846535921,85.60541396000015,63.464541435353865,-417.40156232501494,17.51670265197754,True,False,False,True,True,True
20120005,2012-01-02 18:00:00,decay,399.7041070993052,93.26723560000002,192.60631278978946,-362.4430420659784,17.51670265197754,True,False,False,True,True,True
20120005,2012-01-02 19:00:00,decay,392.5109766383466,108.94621232,165.05197771669253,-372.4137331144914,17.51670265197754,True,False,False,True,True,True
20120005,2012-01-02 20:00:00,decay,377.6342749540097,119.39982824000006,257.5573607717423,-300.87899646880754,17.51670265197754,True,False,False,True,True,True
20120005,2012-01-02 21:00:00,decay,468.32656165552066,402.73750352,434.84380163189047,-438.67771002859183,17.626331329345703,True,False,False,True,True,True
20120005,2012-01-02 22:00:00,decay,453.3375609840405,399.69802223999994,412.0743204849872,-442.1178661605548,17.626331329345703,True,False,False,True,True,True
20120005,2012-01-02 23:00:00,decay,439.64158103270296,405.49779423999985,164.81022780935496,-574.9354483034322,17.626331329345703,True,False,False,True,True,True
20120005,2012-01-03 00:00:00,decay,428.38426882280254,414.41653000000014,282.87639062833887,-524.628525470329,17.626331329345703,True,False,False,True,True,True
20120005,2012-01-03 01:00:00,decay,405.5641132587904,416.0478132800001,305.21850334697945,-494.38820587984173,17.626331329345703,True,False,False,True,True,True
20120005,2012-01-03 02:00:00,decay,387.22165316157145,423.3853597599997,160.82144791191362,-550.7560561880372,17.626331329345703,True,False,False,True,True,True
20120005,2012-01-03 03:00:00,decay,568.8572995055238,18.558157200000213,496.00186768588173,-279.1508188264798,16.330257415771484,True,False,False,True,True,True
20120005,2012-01-03 04:00:00,decay,542.224828141528,31.45736219999971,443.3979294015905,-313.6807391155435,16.330257415771484,True,False,False,True,True,True
20120005,2012-01-03 05:00:00,decay,511.181628024898,53.887896920000365,378.3711592108865,-347.9164097050552,16.330257415771484,True,False,False,True,True,True
20120005,2012-01-03 06:00:00,decay,483.15551119591703,74.37567500000037,343.7901442464116,-347.53320093154423,16.330257415771484,True,False,False,True,True,True
20130004,2013-01-04 03:00:00,intensification,17.58831771572229,251.69429736000006,252.11125687931488,9.964055316257252,13.269466400146484,False,False,False,True,True,True
20130004,2013-01-04 04:00:00,intensification,16.96278163744207,230.76680528000009,-71.7858716965542,-219.97236873021774,13.269466400146484,False,False,False,True,True,True
20130004,2013-01-04 05:00:00,intensification,16.372775826302004,252.18711100000004,-252.53840177162127,-9.52692885561122,13.269466400146484,False,False,False,True,True,True
20130004,2013-01-04 06:00:00,intensification,18.46437785541556,286.9650374800001,-8.908550399813528,287.42043023288966,13.269466400146484,False,False,False,True,True,True
20130004,2013-01-04 07:00:00,intensification,38.170255424343,251.4689856799998,216.08015956989254,134.17519814905177,13.269466400146484,False,False,False,True,True,True
20130004,2013-01-04 08:00:00,intensification,65.99260220915363,177.55528868000013,81.9725218805982,170.76712137032888,13.269466400146484,False,False,False,True,True,True
20130004,2013-01-04 09:00:00,intensification,158.65217537995366,36.57251619999985,7.925824254029372,-162.61993421436702,14.137782096862793,False,False,False,True,True,True
20130004,2013-01-04 10:00:00,intensification,135.27240992788455,26.699545399999884,117.25282435797368,72.5483686401181,14.137782096862793,False,False,False,True,True,True
20130004,2013-01-04 11:00:00,intensification,142.68386890549314,21.661313520000114,-52.63928590567471,134.37635405305628,14.137782096862793,False,False,False,True,True,True
20130004,2013-01-04 12:00:00,intensification,141.907208680244,15.337780920000041,84.8233834741997,114.79502173420717,14.137782096862793,False,False,False,True,True,True
20130004,2013-01-04 15:00:00,mature,125.30607862823146,31.920008119999913,-111.12935008471274,66.11178268141572,12.935717582702637,False,False,False,True,True,True
20130004,2013-01-04 16:00:00,mature,141.84739014823654,27.47266280000008,-104.8584636905453,99.39885253687356,12.935717582702637,False,False,False,True,True,True
20130004,2013-01-04 17:00:00,mature,158.2002621242761,11.050513759999841,-78.47817088446875,137.80643484677245,12.935717582702637,False,False,False,True,True,True
20130004,2013-01-04 18:00:00,mature,169.85050933838352,-14.188847199999914,-62.594287341377935,158.53224939928867,12.935717582702637,False,False,False,True,True,True
20130004,2013-01-04 19:00:00,mature,176.21629081286918,-47.495234600000025,-77.50849240471705,165.22836337234187,12.935717582702637,False,False,False,True,True,True
20130004,2013-01-04 20:00:00,mature,180.31464311432788,-71.14093844000007,-40.50358773568901,189.56229325503702,12.935717582702637,False,False,False,True,True,True
20130004,2013-01-04 21:00:00,mature,167.8979527132818,-99.60490584,15.869502460412988,194.57394143195438,12.564727783203125,False,False,False,True,True,True
20130004,2013-01-04 22:00:00,mature,144.81694472061443,-121.83818151999998,-38.725202250062324,185.24807330983424,12.564727783203125,False,False,False,True,True,True
20130004,2013-01-04 23:00:00,mature,145.7761304154047,-141.4079035599999,-197.9245764426204,45.52732616937456,12.564727783203125,False,False,False,True,True,True
20130004,2013-01-05 00:00:00,mature,161.52423030472067,-147.54363931999993,-208.78873609200122,-65.31819165000927,12.564727783203125,False,False,False,True,True,True
20130004,2013-01-05 03:00:00,decay,147.3513545798997,-239.8082156799999,-193.78003102149944,-204.13157908923205,11.99146556854248,False,False,False,True,True,False
20130004,2013-01-05 04:00:00,decay,168.38531786808244,-246.66697484000005,-255.73608069868502,-154.2636340137495,11.99146556854248,False,False,False,True,True,False
20130004,2013-01-05 05:00:00,decay,188.40808757080887,-258.7112422399999,-300.2406422667744,-110.83623529644204,11.99146556854248,False,False,False,True,True,False
20130004,2013-01-05 06:00:00,decay,211.20863360756928,-275.33911064,-335.210752197074,-89.74666773688278,11.99146556854248,False,False,False,True,True,False
20130004,2013-01-05 07:00:00,decay,256.3091295413568,-311.06359108000015,-395.60737162484736,-77.13452597840669,11.99146556854248,False,False,False,True,True,False
20130004,2013-01-05 08:00:00,decay,293.79358950065165,-343.60409688,-441.8340928235648,-95.71354681117703,11.99146556854248,False,False,False,True,True,False
20130004,2013-01-05 09:00:00,decay,272.862428091107,-455.0161585200001,-513.8922232602608,-131.940865734232,9.85949420928955,False,False,False,True,False,False
20130004,2013-01-05 10:00:00,decay,355.40220574808524,-542.1907392,-625.97628878743,-168.62743371338735,9.85949420928955,False,False,False,True,False,False
20130004,2013-01-05 11:00:00,decay,419.43061486171644,-586.42674684,-681.371152905928,-235.69412822611747,9.85949420928955,False,False,False,True,False,False
20130004,2013-01-05 12:00:00,decay,468.3531847473177,-623.07295688,-747.9399378814294,-219.45492607837502,9.85949420928955,False,False,False,True,False,False
20130004,2013-01-05 13:00:00,decay,501.0166331804338,-647.8082608800001,-803.9649424751667,-155.9281272212607,9.85949420928955,False,False,False,True,False,False
20130004,2013-01-05 14:00:00,decay,534.2842827590936,-681.3615560400001,-864.9626186589583,-39.40727312675892,9.85949420928955,False,False,False,True,False,False
20130004,2013-01-05 15:00:00,decay,535.5539293873396,-660.2887913599999,-848.8847140122064,46.840597714842204,10.42846965789795,False,False,False,True,False,False
20130004,2013-01-05 16:00:00,decay,557.6981470157599,-691.0319244399999,-887.0518273138114,41.12662688927992,10.42846965789795,False,False,False,True,False,False
20130004,2013-01-05 17:00:00,decay,573.5767736853929,-711.90887724,-912.203088707142,-60.74610899153822,10.42846965789795,False,False,False,True,False,False
20130004,2013-01-05 18:00:00,decay,618.558127843949,-757.1190462,-975.2282436208461,-69.08893170985425,10.42846965789795,False,False,False,True,False,False
20130004,2013-01-05 19:00:00,decay,652.0738069492124,-795.31694572,-1027.7900771834277,-37.10594429349521,10.42846965789795,False,False,False,True,False,False
20130004,2013-01-05 20:00:00,decay,690.615731030949,-838.7534531199999,-1086.2736173919109,21.611830705144143,10.42846965789795,False,False,False,True,False,False
20130004,2013-01-05 21:00:00,decay,337.20348964284426,-652.9802993999998,21.713506084079768,734.5869509359405,10.254154205322266,False,False,False,True,True,False
20130004,2013-01-05 22:00:00,decay,282.40110385621927,-630.8236118799998,118.8804139860163,680.8496603032518,10.254154205322266,False,False,False,True,True,False
20130004,2013-01-05 23:00:00,decay,314.9632188919252,-658.7450056,-650.3080523285735,-332.033505439322,10.254154205322266,False,False,False,True,True,False
20130004,2013-01-06 00:00:00,decay,347.0977099177895,-680.8914516799998,-664.2895557583926,-377.9012772026432,10.254154205322266,False,False,False,True,True,False
20130004,2013-01-06 01:00:00,decay,359.7934865814407,-688.6476726799998,-648.2433286999469,-428.33112993339864,10.254154205322266,False,False,False,True,True,False
20130004,2013-01-06 02:00:00,decay,367.504799241127,-692.34828344,-758.4530151648247,197.87608959892498,10.254154205322266,False,False,False,True,True,False
20130004,2013-01-06 03:00:00,decay,797.2278879414197,-725.6493274799998,-835.6680551227834,681.0272780373906,10.956047058105469,False,False,False,True,True,False
20130004,2013-01-06 04:00:00,decay,804.8836625369382,-733.27719652,-986.5783083695369,460.6478032182608,10.956047058105469,False,False,False,True,True,False
20130004,2013-01-06 05:00:00,decay,804.7786344386568,-743.0335039599998,607.2762408232388,911.5826927863537,10.956047058105469,False,False,False,True,True,False
20130004,2013-01-06 06:00:00,decay,793.6467039345713,-736.0787869599999,1073.9863724653796,135.05681410935506,10.956047058105469,False,False,False,True,True,False
20130004,2013-01-06 07:00:00,decay,784.835001242219,-728.6671013600002,1067.5994183110888,-84.57662680128448,10.956047058105469,False,False,False,True,True,False
20130004,2013-01-06 08:00:00,decay,806.0759399326375,-750.4657837599999,1098.0457937727444,85.16306893706553,11.014864921569824,False,False,False,True,True,False
20130004,2013-01-06 09:00:00,decay,825.5454472672191,-720.28281292,1012.2937256490603,419.039412350587,12.495970726013184,False,False,False,True,True,True
20130009,2013-01-06 22:00:00,mature,385.8754745735729,612.6009731599996,351.11138062907213,-633.1671442729047,15.104350090026855,False,False,False,False,False,False
20130009,2013-01-06 23:00:00,mature,320.81142990330466,616.0125971999998,329.8939693630664,-611.1967461002818,15.104350090026855,False,False,False,False,False,False
20130009,2013-01-07 00:00:00,mature,245.59670922397837,610.6467505600003,275.98036333782795,-597.5299461977241,15.104350090026855,False,False,False,False,False,False
20130009,2013-01-07 01:00:00,mature,172.5732615887664,608.9871919999997,158.61174636135925,-612.7717719931534,15.104350090026855,False,False,False,False,False,False
20130009,2013-01-07 02:00:00,mature,98.3049016483197,613.8125800400002,62.80903901573724,-618.4535243018404,15.104350090026855,False,False,False,False,False,False
20130009,2013-01-07 03:00:00,mature,348.29476725768546,700.3646592800002,344.2706376796007,-702.3514995350669,14.710009574890137,False,False,False,False,False,False
20130009,2013-01-07 04:00:00,mature,280.64587915458526,698.04953724,289.3286320301087,-694.4956505371464,14.710009574890137,False,False,False,False,False,False
20130009,2013-01-07 05:00:00,mature,215.72701843881384,698.8219867200003,228.91179103440953,-694.614790753269,14.710009574890137,False,False,False,False,False,False
20130009,2013-01-07 06:00:00,mature,156.4435143456909,695.8553087199998,147.39661594875497,-697.8276445236976,14.710009574890137,False,False,False,False,False,False
20130009,2013-01-07 09:00:00,decay,692.7189139108326,435.3622785599999,733.8065839229367,-361.83933544338214,14.417468070983887,False,False,False,False,False,False
20130009,2013-01-07 10:00:00,decay,653.2861318468716,420.5520431200003,621.1581599956322,-466.7004727945915,14.417468070983887,False,False,False,False,False,False
20130009,2013-01-07 11:00:00,decay,622.4757556718777,440.21182304000024,234.24953576507858,-725.5271673323618,14.417468070983887,False,False,False,False,False,False
20130009,2013-01-07 12:00:00,decay,588.6342609936847,464.9023764000002,150.58387107633598,-734.8122281029448,14.417468070983887,False,False,False,False,False,False
20130009,2013-01-07 13:00:00,decay,558.8339669380038,489.0472391200001,117.9406534765655,-733.1797916964714,14.417468070983887,False,False,False,False,False,False
20130009,2013-01-07 14:00:00,decay,533.0463919112555,506.90764255999966,36.35913766888859,-734.6916544532944,14.417468070983887,False,False,False,False,False,False
20130009,2013-01-07 15:00:00,decay,-958.6116264274162,354.75134772,-772.8870372685913,668.9023820058887,13.227400779724121,False,False,False,False,False,False
20130009,2013-01-07 16:00:00,decay,-960.9715301173094,365.44329975999983,-922.3047896880771,454.27850703495926,13.227400779724121,False,False,False,False,False,False
20130009,2013-01-07 17:00:00,decay,-971.1143040563674,369.1488086,-1032.7259911018634,-113.18507735720175,13.227400779724121,False,False,False,False,False,False
20130009,2013-01-07 18:00:00,decay,-993.3371340786031,373.7341907199998,-1019.6629818420075,-294.4202960288093,13.227400779724121,False,False,False,False,False,False
20130009,2013-01-07 19:00:00,decay,-1030.207400589907,373.6679553200001,-1026.7923699530068,-382.9522921586057,13.227400779724121,False,False,False,False,False,False
20130009,2013-01-07 20:00:00,decay,-1035.5442680266908,372.9294584400003,-1009.7066834421962,-438.08757734892185,12.801959037780762,False,False,False,False,False,False
20130009,2013-01-07 21:00:00,decay,472.31998548999604,726.1716409199996,560.0756437594928,-660.8530048634906,13.940608978271484,False,False,False,False,False,False
20130009,2013-01-07 22:00:00,decay,287.48285341268274,701.1036014399996,397.15170071519117,-645.3395831478704,13.940608978271484,False,False,False,False,False,False
20130009,2013-01-07 23:00:00,decay,185.88900793535785,682.2489990799996,310.8752933970684,-635.1180771889109,13.940608978271484,False,False,False,False,False,False
20130009,2013-01-08 00:00:00,decay,115.09124543925348,670.21230144,253.08101561338322,-631.1739247737968,13.940608978271484,False,False,False,False,False,False
20130009,2013-01-08 01:00:00,decay,65.15978612862635,657.9971578400001,192.57569042720553,-632.550915666345,13.940608978271484,False,False,False,False,False,False
20130009,2013-01-08 02:00:00,decay,23.397886732962313,653.0907288400002,86.34361559820736,-647.7806274085078,13.940608978271484,False,False,False,False,False,False
20130009,2013-01-08 03:00:00,decay,485.09570973749123,566.5457740799997,469.5270178834374,-579.5138835361175,14.366254806518555,False,False,False,False,False,False
20130009,2013-01-08 04:00:00,decay,444.5556582454365,571.8013026000001,332.9617499979663,-643.2129787025306,14.366254806518555,False,False,False,False,False,False
20130009,2013-01-08 05:00:00,decay,386.1892313346111,583.7004087199998,234.3354704604404,-659.4961537589105,14.366254806518555,False,False,False,False,False,False
20130009,2013-01-08 06:00:00,decay,317.24596365060984,601.2844045999997,156.833101404418,-661.5068517949392,14.366254806518555,False,False,False,False,False,False
20130009,2013-01-08 07:00:00,decay,247.66855618789666,617.0873918000001,108.55335014881717,-656.0127536978168,14.366254806518555,False,False,False,False,False,False
20130009,2013-01-08 08:00:00,decay,177.35727842343476,630.1837445200002,73.52496527027019,-650.5238162811737,14.366254806518555,False,False,False,False,False,False
20130009,2013-01-08 09:00:00,decay,583.9702814125476,305.63696371999976,618.8220606113573,-226.9239971130071,15.360816955566406,False,False,False,False,False,False
20130009,2013-01-08 10:00:00,decay,451.4525993894588,269.5364443199999,483.86009258768695,-205.76383334590798,15.360816955566406,False,False,False,False,False,False
20130009,2013-01-08 11:00:00,decay,379.2203155341139,278.2579210400002,338.23706113703486,-326.85043798146825,15.360816955566406,False,False,False,False,False,False
20130009,2013-01-08 12:00:00,decay,304.14361419948494,288.9010036000001,252.13728858136795,-335.25201810913586,15.360816955566406,False,False,False,False,False,False
20130009,2013-01-08 13:00:00,decay,226.71031787171916,302.95025551999964,159.22589212088386,-343.2543383956533,15.360816955566406,False,False,False,False,False,False
20130009,2013-01-08 14:00:00,decay,151.47042416534293,319.96562884000025,58.82074130785021,-349.0865414589922,15.360816955566406,False,False,False,False,False,False
20130009,2013-01-08 15:00:00,decay,598.9645528041953,149.0656063599999,504.28899232813046,-355.9096833918443,15.196111679077148,False,False,False,False,False,False
20130009,2013-01-08 16:00:00,decay,528.3236692726192,179.57140519999987,407.61788029245594,-381.0767019184872,15.196111679077148,False,False,False,False,False,False
20130016,2013-01-09 23:00:00,decay,-214.0286131315115,674.2438665599996,-182.47554377855425,-683.4586415837448,13.248584747314453,False,False,False,False,False,False
20130016,2013-01-10 00:00:00,decay,-294.104742968308,670.80975588,-265.3647297349453,-682.6894525572658,13.248584747314453,False,False,False,False,False,False
20130016,2013-01-10 01:00:00,decay,-338.7968712139307,669.3549147999998,-203.74563289438873,-722.0159548013663,13.248584747314453,False,False,False,False,False,False
20130016,2013-01-10 02:00:00,decay,-385.7195921191663,654.3234865200003,-160.30312974957147,-742.4430855956281,13.248584747314453,False,False,False,False,False,False
20130016,2013-01-10 03:00:00,decay,-267.24003522735916,338.4001095200003,-146.5048285325924,-405.54679849322457,14.734038352966309,False,False,False,False,False,False
20140006,2014-01-03 22:00:00,decay,-344.73581692582087,-747.2008794800003,-676.5025622875407,468.50423795905107,20.99320411682129,True,True,False,True,True,True
20140006,2014-01-03 23:00:00,decay,-404.1427584823462,-783.5845969600001,-628.5101293209981,618.3131950456726,20.99320411682129,True,True,False,True,True,True
20140006,2014-01-04 00:00:00,decay,-460.0798497960219,-786.8379239599998,-415.9982322243056,811.0073104209761,20.99320411682129,True,True,False,True,True,True
20140006,2014-01-04 01:00:00,decay,-516.7650548602703,-776.9902228000001,-514.0077211607284,778.8170458064504,20.99320411682129,True,True,False,True,True,True
20140006,2014-01-04 02:00:00,decay,-566.8075781486415,-786.4373946000002,-671.1070385550705,699.5498188648238,20.99320411682129,True,True,False,True,True,True
20140006,2014-01-04 03:00:00,decay,-357.0701535940101,-875.4517609199997,-570.5061856472416,753.9479905297272,22.190044403076172,True,True,False,True,True,True
20140006,2014-01-04 04:00:00,decay,-407.1645942484097,-898.27937408,-585.769630088489,793.4499235446578,22.190044403076172,True,True,False,True,True,True
20140006,2014-01-04 05:00:00,decay,-461.39072432239504,-899.0381312000001,-441.612870700913,908.9164066478455,22.190044403076172,True,True,False,True,True,True
20140006,2014-01-04 06:00:00,decay,-513.2862319860893,-895.79938712,-382.3839862863331,959.0108367181355,22.190044403076172,True,True,False,True,True,True
20140006,2014-01-04 07:00:00,decay,-568.6218165266453,-882.7128305599998,-393.91981627644975,973.313870141609,22.190044403076172,True,True,False,True,True,True
20140006,2014-01-04 08:00:00,decay,-621.7250389891909,-873.63802416,-485.6635129338101,955.9897350751685,22.190044403076172,True,True,False,True,True,True
20140006,2014-01-04 09:00:00,decay,-374.2940942100716,-1032.5802748800002,222.70007820019032,1075.510468661939,22.143617630004883,True,True,False,True,True,True
20140006,2014-01-04 10:00:00,decay,-424.55011778268243,-1012.0028842000002,126.01529034470826,1090.1893352705974,22.662370681762695,True,True,False,True,True,True
20140006,2014-01-04 11:00:00,decay,-496.5521316486095,-984.0552189599998,-435.184386390045,1012.6910897452941,22.500024795532227,True,True,False,True,True,True
20140006,2014-01-04 12:00:00,decay,-553.3905711092314,-949.2133948000002,-381.87123047801424,1030.2531516057352,22.143617630004883,True,True,False,True,True,True
20140006,2014-01-04 13:00:00,decay,-530.3767938508333,-963.0319916799999,-317.52988876152153,1052.5706295530636,21.918161392211914,True,True,False,True,True,True
20140006,2014-01-04 14:00:00,decay,-543.4321519171674,-952.2169197200001,-496.86930859734605,977.3210609172215,21.617473602294922,True,True,False,True,True,True
20140006,2014-01-04 15:00:00,decay,-298.20701494035245,-1041.4524788799997,-403.52766871814515,1005.3437770752006,20.8486270904541,True,True,False,True,True,True
20140018,2014-01-10 12:00:00,decay,-707.4484931751311,552.2093165599998,889.5796061002794,-118.60280014357772,9.728422164916992,False,False,False,True,False,False
20140018,2014-01-10 13:00:00,decay,-678.1217816271661,522.1613768799999,844.7148663439359,-137.68968298302428,9.728422164916992,False,False,False,True,False,False
20140018,2014-01-10 14:00:00,decay,-651.7974273873782,492.49893835999995,795.5958067381014,-185.5327543461832,9.728422164916992,False,False,False,True,False,False
20140018,2014-01-10 15:00:00,decay,1003.9956754863407,183.32533823999998,-515.5742324565641,880.7943612801507,9.275604248046875,False,False,False,True,False,False
20140018,2014-01-10 16:00:00,decay,1031.0991490739002,156.16414880000013,-678.5711243705694,791.8926226211549,9.275604248046875,False,False,False,True,False,False
20140018,2014-01-10 17:00:00,decay,1057.6510786364033,138.66074860000012,-806.9896283617107,697.5817852120911,9.275604248046875,False,False,False,True,False,False
20140018,2014-01-10 18:00:00,decay,1084.3309827462026,122.09254772000004,-752.9604943514436,789.7662719426144,9.275604248046875,False,False,False,True,False,False
20140018,2014-01-10 19:00:00,decay,1056.740091627589,69.52635315999981,-857.1988298429118,621.8872093496994,9.262676239013672,False,False,False,True,False,False
20140018,2014-01-10 20:00:00,decay,1093.7471636311889,56.61245391999985,-967.2646677543162,513.6992217282865,9.262676239013672,False,False,False,True,False,False
20140018,2014-01-10 21:00:00,decay,-805.0550094141806,734.4075398,1034.9647861719286,341.0511605053547,9.578825950622559,False,False,False,True,False,False
20140018,2014-01-10 22:00:00,decay,-828.2668501897477,726.3136852400002,1069.3542209192087,264.649002817748,9.689568519592285,False,False,False,True,False,False
20140018,2014-01-10 23:00:00,decay,-816.4580859521467,700.2220583599999,1071.6519775945806,92.06940886191626,9.75654411315918,False,False,False,True,False,False
20140018,2014-01-11 00:00:00,decay,-782.8440731669547,675.1997713999998,1007.110638770984,233.38323732766463,9.75654411315918,False,False,False,True,False,False
20140018,2014-01-11 01:00:00,decay,-741.8301879819118,661.36926328,960.0530469460327,256.9425563476141,9.75654411315918,False,False,False,True,False,False
20140018,2014-01-11 02:00:00,decay,-708.9898939342969,638.3608664399998,940.3873595232722,160.7572068426203,9.75654411315918,False,False,False,True,False,False
20140018,2014-01-11 03:00:00,decay,-301.4869036022449,476.3804702799998,488.114266220174,282.09425485146676,10.789328575134277,False,False,False,True,True,False
20140018,2014-01-11 04:00:00,decay,-268.5938527712194,461.2846990399998,416.35227517502904,334.0314570088984,10.789328575134277,False,False,False,True,True,False
20140018,2014-01-11 05:00:00,decay,-230.6217844273645,449.4169851599999,369.60838613877854,344.31333825260526,10.789328575134277,False,False,False,True,True,False
20140018,2014-01-11 06:00:00,decay,-195.5805290163007,435.2055400000001,330.4608904722071,344.16740874943946,10.789328575134277,False,False,False,True,True,False
20150005,2015-01-04 09:00:00,intensification,-934.25147470312,335.48619720000033,-930.8409145494791,-344.8361905272728,19.07783317565918,True,False,False,True,True,True
20150005,2015-01-04 10:00:00,intensification,-974.4527525702287,335.09513003999973,-975.6607941564803,-331.5613486433026,19.07783317565918,True,False,False,True,True,True
20150005,2015-01-04 11:00:00,intensification,-1018.3448976563658,335.7821970799997,-1029.4115293494795,-300.14649373429614,19.07783317565918,True,False,False,True,True,True
20150005,2015-01-04 12:00:00,intensification,-1049.762434609143,337.64814291999966,-1075.9546326822608,-241.51411127182863,19.07783317565918,True,False,False,True,True,True
20150005,2015-01-04 13:00:00,intensification,-1042.454203038455,341.25257320000037,-1077.5157519766235,-205.24104947698308,18.95948028564453,True,False,False,True,True,True
20150005,2015-01-04 14:00:00,intensification,-1027.830712489172,374.27353612000013,-1064.8739752302506,-250.12011165256467,18.732179641723633,True,False,False,True,True,False
20150005,2015-01-04 15:00:00,intensification,-809.9223586383918,406.57848880000023,-841.6764310408556,-335.94803170668433,17.75739288330078,True,False,False,True,True,False
20150005,2015-01-04 16:00:00,intensification,-852.6587913289626,409.30393635999985,-856.3193210330112,-401.58927671928825,17.75739288330078,True,False,False,True,True,False
20150005,2015-01-04 17:00:00,intensification,-879.635381615757,407.18618467999966,-781.3754702889407,-573.5951255156289,17.75739288330078,True,False,False,True,True,False
20150005,2015-01-04 18:00:00,intensification,-896.3293072631976,400.89582544000007,-584.6983509451452,-788.8292136553833,17.75739288330078,True,False,False,True,True,False
20150005,2015-01-04 19:00:00,intensification,-907.9535832492692,392.41591311999963,-496.704697958153,-855.3679917037407,17.75739288330078,True,False,False,True,True,False
20150005,2015-01-04 20:00:00,intensification,-921.2453476636078,384.0222737999997,-636.1246229296482,-769.0978880929115,17.75739288330078,True,False,False,True,True,False
20150005,2015-01-04 21:00:00,intensification,-261.08969601747566,516.4312911999996,-175.2258307802733,-551.5115738806936,17.236230850219727,True,False,False,True,True,False
20150005,2015-01-04 22:00:00,intensification,-303.59551108043956,513.9304874,-264.4423406125644,-535.1308519593532,17.236230850219727,True,False,False,True,True,False
20150005,2015-01-04 23:00:00,intensification,-345.10524675667796,510.43392619999986,-287.76659138230286,-544.8218178809888,17.236230850219727,True,False,False,True,True,False
20150005,2015-01-05 00:00:00,intensification,-374.8038288070766,506.52459044000017,-316.8029844154607,-544.6842570465129,17.236230850219727,True,False,False,True,True,False
20150005,2015-01-05 01:00:00,intensification,-407.6136043182766,503.83231623999984,-371.5305428907839,-530.9999143242671,17.236230850219727,True,False,False,True,True,False
20150005,2015-01-05 02:00:00,intensification,-446.4394054511865,501.74595680000033,-397.1296266392327,-541.6135223110114,17.236230850219727,True,False,False,True,True,False
20150005,2015-01-05 03:00:00,intensification,-42.72900675794246,190.73880496000004,-16.508927877035095,-194.767849083056,17.201004028320312,True,False,False,True,True,False
20150005,2015-01-05 04:00:00,intensification,-83.88268668673335,185.11558648000008,-52.24816621349767,-196.40319399374795,17.201004028320312,True,False,False,True,True,False
20150005,2015-01-05 05:00:00,intensification,-126.76537504446851,176.94748148000022,-75.99727031845046,-203.97128821582746,17.201004028320312,True,False,False,True,True,False
20150005,2015-01-05 06:00:00,intensification,-166.770638801492,163.0260249199999,-89.2895395654009,-215.44676579534178,17.201004028320312,True,False,False,True,True,False
20150005,2015-01-05 07:00:00,intensification,-204.5754291699158,144.35454396000026,-127.57311491326122,-215.4401098525591,17.201004028320312,True,False,False,True,True,False
20150005,2015-01-05 08:00:00,intensification,-248.38558330191134,127.15783036000032,-184.41109842532504,-209.42076924617203,17.201004028320312,True,False,False,True,True,False
20150005,2015-01-05 09:00:00,intensification,124.47802012784445,388.81359791999995,263.41452305557596,-311.90315879427527,16.758434295654297,True,False,False,True,True,False
20150005,2015-01-05 10:00:00,intensification,67.97873065669388,365.10232660000014,199.3090357922367,-313.36356674316403,16.758434295654297,True,False,False,True,True,False
20150005,2015-01-05 11:00:00,intensification,17.016796638282703,346.8121166399997,131.45113452288632,-321.3857726297035,16.758434295654297,True,False,False,True,True,False
20150005,2015-01-05 12:00:00,intensification,-41.56601038219423,327.5367246799998,60.38075852358998,-324.5954454907071,16.758434295654297,True,False,False,True,True,False
20150005,2015-01-05 13:00:00,intensification,-112.98721439170002,306.31301007999986,-13.714820935970067,-326.1988265566882,16.758434295654297,True,False,False,True,True,False
20150005,2015-01-05 14:00:00,intensification,-180.06659022820193,284.19973736000026,-76.38281617383073,-327.6570356718425,16.758434295654297,True,False,False,True,True,False
20150005,2015-01-05 15:00:00,intensification,1009.7517622400873,427.4463133600002,1095.753030747858,-40.42607770858325,17.0174617767334,True,False,False,True,True,False
20150005,2015-01-05 16:00:00,intensification,976.3836844642847,486.9553136800003,1089.517505635743,-58.32822406440897,17.13107681274414,True,False,False,True,True,False
20150005,2015-01-05 17:00:00,intensification,946.436430237643,463.7302881199996,1051.7597498877421,67.7430816903435,17.153295516967773,True,False,False,True,True,False
20150005,2015-01-05 18:00:00,intensification,920.0463728180471,443.1380918799999,950.8827543324323,372.395870175622,17.153295516967773,True,False,False,True,True,False
20150005,2015-01-05 19:00:00,intensification,912.7737201559058,425.9659800000003,991.0013073133634,180.3310545297649,17.153295516967773,True,False,False,True,True,False
20150005,2015-01-05 20:00:00,intensification,866.1082538476563,404.35119823999975,944.9301001089841,144.05035511648447,17.153295516967773,True,False,False,True,True,False
20150005,2015-01-05 21:00:00,intensification,952.4382866656639,531.1760704799999,799.8051404732619,741.3490709711216,17.174848556518555,True,False,False,True,True,False
20150005,2015-01-05 22:00:00,intensification,968.464295225997,514.3874560000003,1073.5773413274185,223.4932621044553,17.265975952148438,True,False,False,True,True,False
20150005,2015-01-05 23:00:00,intensification,948.9874333922944,520.148266,1082.1560812082987,8.341658300315146,17.291847229003906,True,False,False,True,True,False
20150005,2015-01-06 00:00:00,intensification,908.28969292392,496.2658958399996,1034.5419998411344,31.50962091826392,17.291847229003906,True,False,False,True,True,False
20150010,2015-01-06 12:00:00,intensification,420.81175265594663,191.37032331999941,67.239917721163,457.36629224924513,15.975996017456055,True,False,False,True,True,False
20150010,2015-01-06 13:00:00,intensification,-250.35002993448296,1067.0191206399993,1093.8608728953077,-68.36177329669832,16.48754119873047,True,False,False,True,False,False
20150010,2015-01-06 14:00:00,intensification,-250.48202488104076,1054.9207517200005,1060.7144670301082,-224.6861291469302,16.48754119873047,True,False,False,True,False,False
20150010,2015-01-06 15:00:00,intensification,248.74082759857114,-125.02182220000036,-96.7606916287203,261.03605861290947,17.434154510498047,True,False,False,True,True,True
20150010,2015-01-06 16:00:00,intensification,246.4078867253899,-138.68201071999982,-93.39372448525415,266.8841676918793,17.434154510498047,True,False,False,True,True,True
20150010,2015-01-06 17:00:00,intensification,244.90164312050447,-155.43366695999947,-100.75165875454127,272.0028361726462,17.434154510498047,True,False,False,True,True,True
20150010,2015-01-06 18:00:00,intensification,240.83115326320873,-173.1884277199992,-68.8892647072797,288.5275464947894,17.434154510498047,True,False,False,True,True,True
20150010,2015-01-06 19:00:00,intensification,232.5557390151209,-190.51672155999995,-53.07190148819126,295.9090505801864,17.434154510498047,True,False,False,True,True,True
20150010,2015-01-06 20:00:00,intensification,224.94722845169127,-205.28365352000046,-64.30045852779094,297.6711020971515,17.434154510498047,True,False,False,True,True,True
20150010,2015-01-06 21:00:00,intensification,216.46068579446808,-247.22223900000054,27.315409152025012,327.4567641287049,16.348283767700195,True,False,False,True,True,False
20150010,2015-01-06 22:00:00,intensification,191.77856276963647,-258.5910166400001,-71.21252383332417,313.96991491890503,16.348283767700195,True,False,False,True,True,False
20150010,2015-01-06 23:00:00,intensification,192.2307938431864,-278.27116812,-270.18697501558455,203.4367706202073,16.348283767700195,True,False,False,True,True,False
20150010,2015-01-07 00:00:00,intensification,191.6570983396183,-298.7164219599998,-279.33997636609905,218.9363416528513,16.348283767700195,True,False,False,True,True,False
20150010,2015-01-07 01:00:00,intensification,189.79238407070187,-323.36834728,-282.46885961110246,246.575709314285,16.348283767700195,True,False,False,True,True,False
20150010,2015-01-07 02:00:00,intensification,184.5089519823238,-348.47200916000025,-276.91312783054207,280.70520865265166,16.348283767700195,True,False,False,True,True,False
20150010,2015-01-07 03:00:00,intensification,496.1709676964461,42.80743808000059,225.2299848862881,444.1728940940941,15.361990928649902,False,False,False,True,True,False
20150010,2015-01-07 04:00:00,intensification,487.1142100821486,17.631529519999223,235.3590629731465,426.8456816855158,15.361990928649902,False,False,False,True,True,False
20150010,2015-01-07 05:00:00,intensification,475.36373745823477,-6.080187080000268,216.0620947783403,423.46761713876646,15.361990928649902,False,False,False,True,True,False
20150010,2015-01-07 06:00:00,intensification,465.3554016499128,-31.067519559999994,167.9673211617977,435.09518457240154,15.361990928649902,False,False,False,True,True,False
20150010,2015-01-07 07:00:00,intensification,455.97795119776157,-56.369998959999776,134.18436231330475,439.4178258466882,15.361990928649902,False,False,False,True,True,False
20150010,2015-01-07 08:00:00,intensification,447.0328423007222,-81.02281483999931,100.15950069359425,443.1378262356635,15.361990928649902,False,False,False,True,True,False
20150010,2015-01-07 09:00:00,intensification,-168.36574123142205,4.920010039999658,-50.77376139195249,-160.60278476201134,14.789381980895996,False,False,False,True,False,False
20150010,2015-01-07 10:00:00,intensification,-174.40828559516012,-15.205978040000206,-80.71513019574292,-155.35295172567587,14.789381980895996,False,False,False,True,False,False
20150010,2015-01-07 11:00:00,intensification,-192.640880868972,-50.16079200000016,-127.36738007292075,-152.98419699237203,14.789381980895996,False,False,False,True,False,False
20150010,2015-01-07 12:00:00,intensification,-209.84175773969875,-86.54116987999984,-172.96377976087058,-146.99138840870393,14.789381980895996,False,False,False,True,False,False
20150010,2015-01-07 13:00:00,intensification,-231.19670177295436,-121.44455399999993,-212.7489311822772,-151.4549005075437,14.789381980895996,False,False,False,True,False,False
20150010,2015-01-07 14:00:00,intensification,-248.4602307560979,-159.11457408000004,-244.45065627925663,-165.20838537033757,14.789381980895996,False,False,False,True,False,False
20150010,2015-01-07 15:00:00,intensification,290.1399645876564,697.1692186799999,754.5087822958891,-30.70205146537421,14.62386703491211,False,False,False,False,False,False
20150010,2015-01-07 16:00:00,intensification,274.3296386964206,666.4693890800002,711.8690272645989,-112.60854882881304,14.62386703491211,False,False,False,False,False,False
20150010,2015-01-07 17:00:00,intensification,250.00985537222166,633.7588976399996,657.6867706677453,-177.773394549745,14.62386703491211,False,False,False,False,False,False
20150010,2015-01-07 18:00:00,intensification,144.69652995607538,1074.8658447999996,909.6888369345486,-590.5420307273772,15.221220970153809,False,False,False,True,True,False
20150010,2015-01-07 19:00:00,intensification,125.50622262928161,1069.5831541999999,863.3507824357822,-643.7277080681042,15.320928573608398,False,False,False,True,True,False
20150010,2015-01-07 20:00:00,intensification,85.1105111619534,1032.0783330000002,794.5692228555029,-664.1454920791907,15.320928573608398,False,False,False,True,True,False
20150010,2015-01-07 21:00:00,intensification,-225.08827789843076,908.7224146000003,462.4985007933635,-813.9633262055651,13.357040405273438,False,False,False,False,False,False
20150010,2015-01-08 00:00:00,mature,-406.22312863608556,765.8332871199996,133.83354227576422,-856.508281840774,13.357040405273438,False,False,False,False,False,False
20150010,2015-01-08 01:00:00,mature,-499.96035086096026,710.1431193999998,-49.93688937435354,-867.0466593810224,13.357040405273438,False,False,False,False,False,False
20150010,2015-01-08 02:00:00,mature,-643.2658250082038,634.8098697599999,-279.13238161266145,-859.5694305310285,13.357040405273438,False,False,False,False,False,False
20150010,2015-01-08 03:00:00,mature,-76.38803894552639,549.4611597199998,158.72967348752394,-531.5520569890916,14.512492179870605,False,False,False,True,False,False
20150010,2015-01-08 04:00:00,mature,-146.6344537698498,518.1502946399996,113.12927605810151,-526.4818684118861,14.512492179870605,False,False,False,True,False,False
20150010,2015-01-08 05:00:00,mature,-190.7705307515789,492.77601384,124.01495749750916,-513.6554151726331,14.512492179870605,False,False,False,True,False,False
20150010,2015-01-08 06:00:00,mature,-228.32469103809947,465.3175999999999,132.17160847778334,-501.18190242645335,14.512492179870605,False,False,False,True,False,False
20150010,2015-01-08 07:00:00,mature,-260.2397362858804,436.8068781999998,153.42621473398114,-484.75289149975816,14.512492179870605,False,False,False,True,False,False
20150010,2015-01-08 08:00:00,mature,-285.18708885449155,406.2188138800003,140.9471627178495,-475.8984111353621,14.512492179870605,False,False,False,True,False,False
20150010,2015-01-08 09:00:00,mature,215.9606160147904,624.88235216,578.0864142805998,-320.83179289886584,15.165660858154297,False,False,False,True,True,False
20150010,2015-01-08 10:00:00,mature,163.9417923125355,588.58012092,485.94630280938765,-370.35072673715007,15.165660858154297,False,False,False,True,True,False
20150010,2015-01-08 11:00:00,mature,136.94152712380088,568.0698561999998,468.55607407684266,-349.158343477259,15.165660858154297,False,False,False,True,True,False
20150010,2015-01-08 12:00:00,mature,106.76923211515847,543.33254844,427.76918263542154,-351.6012706293721,15.165660858154297,False,False,False,True,True,False
20150010,2015-01-08 13:00:00,mature,75.17823178674492,519.6786069200002,373.3239598512215,-369.2517325970146,15.165660858154297,False,False,False,True,True,False
20150010,2015-01-08 14:00:00,mature,42.74602500397308,497.2888153200003,339.5433921062848,-365.83284895286187,15.165660858154297,False,False,False,True,True,False
20150010,2015-01-08 15:00:00,mature,454.2569938048172,498.0816363599998,672.0496487220125,-52.76364801891873,16.430889129638672,True,False,False,True,True,False
20150010,2015-01-08 16:00:00,mature,421.28916215416524,463.91029255999996,624.4222603171046,-52.859800530661516,16.430889129638672,True,False,False,True,True,False
20150010,2015-01-08 17:00:00,mature,381.84416318355625,431.45205224000006,571.6118629822506,-72.21991717953506,16.430889129638672,True,False,False,True,True,False
20150010,2015-01-08 18:00:00,mature,341.8328443110856,394.9485544399996,516.4233962928686,-78.36408530309694,16.430889129638672,True,False,False,True,True,False
20150010,2015-01-08 19:00:00,mature,298.6830206339672,361.3173352799998,455.2755621632882,-111.74044069079267,16.430889129638672,True,False,False,True,True,False
20150010,2015-01-08 20:00:00,mature,256.9405010278056,332.79982296000014,403.3833088394766,-118.55821093598951,16.430889129638672,True,False,False,True,True,False
20150010,2015-01-08 21:00:00,mature,430.1710480034445,440.53743404,612.3889638624862,-64.03216590401763,17.91333770751953,True,False,False,True,True,False
20150010,2015-01-09 00:00:00,decay,265.6483699460574,351.7639641999997,341.2206268983275,-279.06168985335194,17.91333770751953,True,False,False,True,True,False
20150010,2015-01-09 01:00:00,decay,186.06277916173394,336.3831024399996,249.2620324006195,-292.6454998800766,17.91333770751953,True,False,False,True,True,False
20150010,2015-01-09 02:00:00,decay,92.5677608067247,317.6283541199998,151.15705344655242,-294.29255321041865,17.91333770751953,True,False,False,True,True,False
20150010,2015-01-09 03:00:00,decay,250.8264136327704,408.8274867599997,324.4185686332982,-353.2794871377297,18.500450134277344,True,False,False,True,True,True
20150010,2015-01-09 04:00:00,decay,150.6472674794175,388.5545562799999,239.28268129435682,-341.1935533352675,18.500450134277344,True,False,False,True,True,True
20150010,2015-01-09 05:00:00,decay,70.06082951520443,365.6984452000003,158.7427717467021,-336.81538722604495,18.500450134277344,True,False,False,True,True,True
20150010,2015-01-09 06:00:00,decay,-14.585038598789003,347.53191176000007,60.30682355905438,-342.5700513394388,18.500450134277344,True,False,False,True,True,True
20150010,2015-01-09 07:00:00,decay,-89.35776530376002,331.80785043999964,-32.4714404822298,-342.0918961137549,18.500450134277344,True,False,False,True,True,True
20150010,2015-01-09 08:00:00,decay,-172.22438057552964,321.58099336000015,-136.7627518161685,-338.1885897996832,18.500450134277344,True,False,False,True,True,True
20150010,2015-01-09 09:00:00,decay,164.2161893260206,369.92504296000027,213.49047053371453,-343.85071359095747,17.885509490966797,True,False,False,True,True,False
20150010,2015-01-09 10:00:00,decay,81.94738600431783,354.72975163999996,123.96506259198904,-342.31744628061386,17.885509490966797,True,False,False,True,True,False
20150010,2015-01-09 11:00:00,decay,2.6544723633425678,350.9945203599997,14.324885341795468,-350.71212868422214,17.885509490966797,True,False,False,True,True,False
20150010,2015-01-09 12:00:00,decay,-82.66259759167532,349.4262441999996,-76.12044736687612,-350.9095078064822,17.885509490966797,True,False,False,True,True,False
20150010,2015-01-09 13:00:00,decay,-168.3806030555316,347.89960172000036,-167.49456986463605,-348.32704377946294,17.885509490966797,True,False,False,True,True,False
20150010,2015-01-09 14:00:00,decay,-254.38847030776085,349.0028942399998,-257.2828081514515,-346.87471894492745,17.885509490966797,True,False,False,True,True,False
20150010,2015-01-09 15:00:00,decay,278.47533172817464,15.315071640000031,278.28362891967276,-18.473864667500607,17.922954559326172,True,False,False,True,True,False
20150010,2015-01-09 16:00:00,decay,193.47592400163273,16.936002160000086,193.61805150055807,-15.2253561723968,17.922954559326172,True,False,False,True,True,False
20150010,2015-01-09 17:00:00,decay,115.0751568001909,13.872587080000299,115.61025796725956,-8.307143770539255,17.922954559326172,True,False,False,True,True,False
20150010,2015-01-09 18:00:00,decay,36.843606787506225,9.379266599999873,37.198978269713,-7.852262015220079,17.922954559326172,True,False,False,True,True,False
20150010,2015-01-09 19:00:00,decay,-44.883600050023986,7.277656320000061,-44.85017828236782,-7.4808651239259785,17.922954559326172,True,False,False,True,True,False
20150010,2015-01-09 20:00:00,decay,-127.08848623055006,8.637430119999799,-127.36601507766996,-1.9966809172579287,17.922954559326172,True,False,False,True,True,False
20150010,2015-01-09 21:00:00,decay,147.7163714256422,99.42289763999997,137.74909914736122,-112.82829718817277,22.04598045349121,True,True,False,True,True,True
20150010,2015-01-09 22:00:00,decay,60.40513070416236,108.1270084399999,54.908770030184606,-111.01917286371325,22.04598045349121,True,True,False,True,True,True
20150010,2015-01-09 23:00:00,decay,-12.83677828688431,107.40175863999987,-16.590658105135084,-106.8862512177779,22.04598045349121,True,True,False,True,True,True
20150010,2015-01-10 00:00:00,decay,-89.1476017926135,113.31463176000018,-102.82084241927308,-101.07113851377079,22.04598045349121,True,True,False,True,True,True
20150010,2015-01-10 01:00:00,decay,-166.36880483079665,126.87207191999963,-188.52063493829743,-90.74729779206895,22.04598045349121,True,True,False,True,True,True
20150010,2015-01-10 02:00:00,decay,-241.7748928528185,144.43224532000025,-267.37437034175576,-88.4687424264539,22.04598045349121,True,True,False,True,True,True
20150010,2015-01-10 03:00:00,decay,-29.507250488675105,76.4271912800001,-46.012004638950984,-67.78413403928896,21.52875328063965,True,True,False,True,True,True
20150010,2015-01-10 04:00:00,decay,-102.95154768554535,94.95562604000021,-119.4351147232789,-73.14947339888846,21.52875328063965,True,True,False,True,True,True
20150010,2015-01-10 05:00:00,decay,-176.6213718789725,105.36170831999966,-190.49458384924614,-77.51136760902571,21.52875328063965,True,True,False,True,True,True
20150010,2015-01-10 06:00:00,decay,-251.16675612199313,117.40185688,-270.0027191935855,-62.979893678749455,21.52875328063965,True,True,False,True,True,True
20150010,2015-01-10 07:00:00,decay,-321.7942109586925,135.8121811200001,-345.1412944426374,-53.609230712255766,21.52875328063965,True,True,False,True,True,True
20150010,2015-01-10 08:00:00,decay,-390.13864650360904,152.00078079999994,-413.82632302157015,-63.71950434462546,21.52875328063965,True,True,False,True,True,True
20150010,2015-01-10 09:00:00,decay,18.689037523948947,137.78944695999985,-7.965816499787945,-138.82275600421528,20.965717315673828,True,True,False,True,True,True
20150010,2015-01-10 10:00:00,decay,-45.73971661726595,149.39900975999973,-74.79879466015365,-137.17625928302775,20.965717315673828,True,True,False,True,True,True
20150010,2015-01-10 11:00:00,decay,-112.12199516871809,164.22527527999995,-148.6943497702261,-132.02754707944652,20.965717315673828,True,True,False,True,True,True
20150010,2015-01-10 12:00:00,decay,-175.89115618032,181.59052735999992,-218.1017872262284,-127.84533178046668,20.965717315673828,True,True,False,True,True,True
20150010,2015-01-10 13:00:00,decay,-238.40214775712974,198.86972907999962,-285.1827891046074,-122.70097798339576,20.965717315673828,True,True,False,True,True,True
20150010,2015-01-10 14:00:00,decay,-296.9923196261391,217.12253552000035,-348.75461687560323,-117.1189589925552,20.965717315673828,True,True,False,True,True,True
20150015,2015-01-10 11:00:00,decay,-747.3327132532373,-524.5621040000003,-632.6932331610561,658.309089990076,20.549274444580078,True,True,False,True,True,True
20150015,2015-01-10 12:00:00,decay,-751.4071199970217,-483.73015064,-640.5672128336062,623.1221103949059,19.613704681396484,True,False,False,True,True,True
20150015,2015-01-10 13:00:00,decay,-750.4788160969517,-470.2185743200002,-665.8485278387086,583.9261075006327,18.461530685424805,True,False,False,True,True,True
20150015,2015-01-10 14:00:00,decay,-748.4253062367884,-490.4120223199998,-710.7068162316501,543.6361025663159,17.220869064331055,True,False,False,True,True,False
20150010,2015-01-10 15:00:00,decay,27.980817108255607,68.21400168000018,5.4487368829600875,-73.52814031121002,21.363040924072266,True,True,False,True,True,True
20150010,2015-01-10 16:00:00,decay,-26.076794725945415,86.09822759999973,-52.408184819895254,-73.11830265346804,21.363040924072266,True,True,False,True,True,True
20150010,2015-01-10 17:00:00,decay,-76.79784898859137,103.56544880000011,-109.18068444527162,-68.58053614898292,21.363040924072266,True,True,False,True,True,True
20150010,2015-01-10 18:00:00,decay,-124.23819208590804,124.08717947999982,-163.9325173225197,-62.919680930361096,21.363040924072266,True,True,False,True,True,True
20150010,2015-01-10 19:00:00,decay,-168.15723509867394,143.8878905199999,-212.15171675986616,-63.025628359959114,21.363040924072266,True,True,False,True,True,True
20150010,2015-01-10 20:00:00,decay,-207.82666966917185,161.0476458799998,-256.3996531906689,-58.20211948867136,21.363040924072266,True,True,False,True,True,True
20150015,2015-01-10 15:00:00,decay,-755.9644906870182,-432.8516785999997,-746.034449651373,449.75047168390284,19.517995834350586,True,False,False,True,True,True
20150015,2015-01-10 16:00:00,decay,-744.0027331723638,-487.6539580000003,-713.1433981366212,531.7639922138076,18.211048126220703,True,False,False,True,True,True
20150015,2015-01-10 17:00:00,decay,-757.0427489040218,-398.20689084,-673.6192339232823,527.180784237464,17.23198699951172,True,False,False,True,True,False
20150015,2015-01-10 18:00:00,decay,-747.6093010087011,-384.31103787999996,-588.219358367047,600.5103056845744,16.303424835205078,True,False,False,True,True,False
20150015,2015-01-10 19:00:00,decay,-749.1325668214971,-361.6987176000003,-548.5134550715136,625.4266980162903,15.512126922607422,False,False,False,True,True,False
20150015,2015-01-10 20:00:00,decay,-753.5405501189981,-310.31284899999963,-567.9998614616809,584.3745222951202,14.706135749816895,False,False,False,True,False,False
20150010,2015-01-10 21:00:00,decay,-110.8822760655706,207.70029939999984,-202.12884673125612,-120.74031155924413,21.578716278076172,True,True,False,True,True,True
20150010,2015-01-10 22:00:00,decay,-145.58290049827613,232.26517247999993,-234.40717720789866,-142.10829158806985,21.578716278076172,True,True,False,True,True,True
20150010,2015-01-10 23:00:00,decay,-187.49877806650744,245.6106593599998,-250.9024251905347,-180.3562053304388,21.578716278076172,True,True,False,True,True,True
20150010,2015-01-11 00:00:00,decay,-227.21490541104686,256.6278884400002,-285.92190130897905,-189.03214731357895,21.578716278076172,True,True,False,True,True,True
20150010,2015-01-11 01:00:00,decay,-260.83186310441255,264.86868540000006,-316.86967702927546,-194.37666808391867,21.578716278076172,True,True,False,True,True,True
20150010,2015-01-11 02:00:00,decay,-290.4680404461105,271.96678256000024,-336.91006477242956,-211.729123154277,21.578716278076172,True,True,False,True,True,True
20150015,2015-01-10 21:00:00,decay,-737.1541199408814,-368.33684051999984,-617.7266604623178,545.4191026945641,16.994789123535156,True,False,False,True,True,False
20150010,2015-01-11 03:00:00,decay,84.36204792302068,276.0811697600003,41.739726512585776,-285.649370131409,23.260610580444336,True,True,False,True,True,True
20150010,2015-01-11 04:00:00,decay,52.745976282888485,281.0483794800002,22.48538313868018,-285.06970580452077,23.260610580444336,True,True,False,True,True,True
20150010,2015-01-11 05:00:00,decay,19.096363811956593,282.87135580000034,8.677648456519599,-283.382380292484,23.260610580444336,True,True,False,True,True,True
20150010,2015-01-11 06:00:00,decay,-19.542975848022678,283.63111480000026,-28.59267846079417,-282.86215004154406,23.260610580444336,True,True,False,True,True,True
20150010,2015-01-11 07:00:00,decay,-59.79757926870767,285.31828071999996,-61.3208450152837,-284.9947819978914,23.260610580444336,True,True,False,True,True,True
20150010,2015-01-11 08:00:00,decay,-100.9667797522707,284.0532402399999,-91.49008609128309,-287.24571024019883,23.260610580444336,True,True,False,True,True,True
20150010,2015-01-11 09:00:00,decay,-37.06106435296315,282.7978846,-52.20000809140965,-280.39851137348455,22.715913772583008,True,True,False,True,True,True
20150010,2015-01-11 10:00:00,decay,-58.41140187606205,287.10518936000017,-66.26594164438582,-285.3946506235729,22.715913772583008,True,True,False,True,True,True
20150010,2015-01-11 11:00:00,decay,-89.21979822313007,284.1873808399998,-79.03814878163865,-287.18567314691495,22.715913772583008,True,True,False,True,True,True
20150010,2015-01-11 12:00:00,decay,-116.9687610078671,285.08038988000027,-118.77077166357898,-284.3343516782425,22.715913772583008,True,True,False,True,True,True
20150010,2015-01-11 13:00:00,decay,-145.3457656858802,284.5321388800002,-120.0145734422338,-296.10881753153046,22.715913772583008,True,True,False,True,True,True
20150010,2015-01-11 14:00:00,decay,-176.24617364767667,280.0571862000001,-135.72935647924524,-301.7818467990388,22.715913772583008,True,True,False,True,True,True
20150010,2015-01-11 15:00:00,decay,-42.7580617837908,359.13802364,1.9065738696751566,-361.6693750480279,21.51297950744629,True,True,False,True,True,True
20150010,2015-01-11 16:00:00,decay,-84.02510627927704,354.4299668799999,-30.318740187299127,-362.9897986187169,21.51297950744629,True,True,False,True,True,True
20150010,2015-01-11 17:00:00,decay,-124.34016115440214,347.3145038,-12.88451408366953,-368.67577832367925,21.51297950744629,True,True,False,True,True,True
20150010,2015-01-11 18:00:00,decay,-161.23245435208207,330.7508670400003,-23.846445049041378,-367.1830435118583,21.51297950744629,True,True,False,True,True,True
20150010,2015-01-11 19:00:00,decay,-195.24986206456225,319.4407550399998,-47.572370356890275,-371.35128139725407,21.51297950744629,True,True,False,True,True,True
20150010,2015-01-11 20:00:00,decay,-228.84433901713643,301.68265467999976,-102.00040282291394,-364.6615875835091,21.51297950744629,True,True,False,True,True,True
20150010,2015-01-11 21:00:00,decay,115.81932826589895,433.22281947999994,251.28608513094866,-371.4181357146233,19.120906829833984,True,False,False,True,True,False
20150010,2015-01-11 22:00:00,decay,96.17918486961315,423.15604055999967,139.39827714643627,-410.9496205050014,19.120906829833984,True,False,False,True,True,False
20150010,2015-01-11 23:00:00,decay,49.69002233517985,426.6403565599998,25.910868222948704,-428.74201925312553,19.120906829833984,True,False,False,True,True,False
20150010,2015-01-12 00:00:00,decay,4.0590222964199425,428.06336011999974,7.245494350913184,-428.0212830582591,19.120906829833984,True,False,False,True,True,False
20150010,2015-01-12 01:00:00,decay,-42.180058108703285,425.98546100000016,-17.970679101972404,-427.69127297391765,19.120906829833984,True,False,False,True,True,False
20150010,2015-01-12 02:00:00,decay,-89.44857865613795,422.9814907999998,-17.68559487016053,-431.97408431187415,19.120906829833984,True,False,False,True,True,False
20150010,2015-01-12 03:00:00,decay,39.12795738609546,494.45338359999994,137.30192973710479,-476.6165394666491,17.03820037841797,True,False,False,True,True,False
20150010,2015-01-12 04:00:00,decay,-10.801980291465032,487.8695848400001,-21.579111339248865,-487.5118014407237,17.03820037841797,True,False,False,True,True,False
20150010,2015-01-12 05:00:00,decay,-66.04089590706576,496.66464407999973,-159.43152049154608,-474.9934303599098,17.03820037841797,True,False,False,True,True,False
20150010,2015-01-12 06:00:00,decay,-124.76991898254734,508.92431568000035,-294.6355102536021,-433.31444456753064,17.03820037841797,True,False,False,True,True,False
20150010,2015-01-12 07:00:00,decay,-202.6884514751228,545.1951546799997,-466.5732559532515,-347.3179550168891,17.03820037841797,True,False,False,True,True,False
20150010,2015-01-12 08:00:00,decay,-301.1291505565443,618.1894598000003,-616.3293723827071,-304.91815010107325,17.03820037841797,True,False,False,True,True,False
20160006,2016-01-02 22:00:00,intensification,-66.24373681607416,53.394081400000154,25.21811676935217,-81.26012049286206,15.254258155822754,False,False,False,True,True,True
20160006,2016-01-02 23:00:00,intensification,-72.07650317848383,38.82173679999993,48.799693782503816,-65.73233181121994,15.254258155822754,False,False,False,True,True,True
20160006,2016-01-03 00:00:00,intensification,-59.51244682717384,6.344126799999887,-26.469073470911212,-53.67837014853538,15.254258155822754,False,False,False,True,True,True
20160006,2016-01-03 03:00:00,mature,508.25264182132287,-66.92513872000018,447.88267715850134,249.4009414825429,17.40093421936035,True,False,False,True,True,True
20160006,2016-01-03 04:00:00,mature,479.9916716095631,-67.01029851999992,484.6251114662446,-4.57014864223585,17.40093421936035,True,False,False,True,True,True
20160006,2016-01-03 05:00:00,mature,419.58752698140694,-53.6985415999999,419.66312453506106,-53.10450144582537,17.40093421936035,True,False,False,True,True,True
20160006,2016-01-03 06:00:00,mature,343.87988646523013,-31.882715919999942,345.1256576481509,-12.576339797664652,17.40093421936035,True,False,False,True,True,True
20160006,2016-01-03 09:00:00,decay,536.3764579314335,-220.1749299199999,577.6537576689562,49.92835506285331,17.188396453857422,True,False,False,True,True,True
20160006,2016-01-03 10:00:00,decay,443.2171922852132,-204.06592404000003,-305.45226511863706,380.5040008007544,17.188396453857422,True,False,False,True,True,True
20160006,2016-01-03 11:00:00,decay,556.7044295247993,-295.1082068,-581.1016538132367,243.5765660090582,17.188396453857422,True,False,False,True,True,True
20160006,2016-01-03 12:00:00,decay,526.3327012867101,-303.98530888000016,-135.88040066420174,592.4269551379058,17.188396453857422,True,False,False,True,True,True
20160012,2016-01-04 05:00:00,incipient,-524.6114638590095,-672.4110940800005,-676.5049423229802,519.3216060080085,20.74725914001465,True,True,False,True,True,True
20160012,2016-01-04 06:00:00,incipient,-578.468910269506,-687.8421611599995,-653.6906797433408,616.7994925697797,20.74725914001465,True,True,False,True,True,True
20160012,2016-01-04 07:00:00,incipient,-609.8438364040662,-684.7591537600001,-509.45493693556784,762.4042698530207,20.407886505126953,True,True,False,True,True,True
20160012,2016-01-04 08:00:00,incipient,-603.0548243019559,-676.0606089599996,-289.45533272318846,858.4571500426431,19.203262329101562,True,False,False,True,True,True
20160012,2016-01-04 09:00:00,incipient,-390.8068083968214,-548.69383096,-381.3546904509183,555.3048547365269,17.91042709350586,True,False,False,True,True,True
20160012,2016-01-04 10:00:00,incipient,-420.5084305925266,-563.8378037599994,-335.448788344182,618.2350034951995,17.91042709350586,True,False,False,True,True,True
20160012,2016-01-04 11:00:00,incipient,-437.0731174827416,-541.13420108,161.7584138169226,676.5303756403,17.91042709350586,True,False,False,True,True,True
20160012,2016-01-04 12:00:00,incipient,-453.29838031926363,-509.28098495999996,218.74834284505917,645.7520466436292,17.91042709350586,True,False,False,True,True,True
20160012,2016-01-04 15:00:00,intensification,-511.1450783612959,-253.69393851999948,153.1984342191946,549.6909543803241,17.3850154876709,True,False,False,True,True,True
20160012,2016-01-04 16:00:00,intensification,-511.477103610394,-239.6906617599993,13.257170698896005,564.6987588774075,17.3850154876709,True,False,False,True,True,True
20160012,2016-01-04 17:00:00,intensification,-518.8143471988707,-229.0938883199996,-173.81896260428476,539.8511876101941,17.3850154876709,True,False,False,True,True,True
20160012,2016-01-04 18:00:00,intensification,-523.1083556230088,-223.99042291999962,-317.68570455052463,472.11212058866414,17.3850154876709,True,False,False,True,True,True
20160012,2016-01-04 21:00:00,decay,0.05642058871687429,1022.4034004800002,-556.1516944522042,-857.9067602334724,14.75656509399414,False,False,False,True,False,False
20160012,2016-01-04 22:00:00,decay,-16.59363304857717,1031.12665832,-626.3693171232732,-819.2429509751338,14.75656509399414,False,False,False,True,False,False
20160012,2016-01-04 23:00:00,decay,-36.86868603705541,1045.0968730399998,-687.5249824741253,-787.969652031116,14.75656509399414,False,False,False,True,False,False
20160012,2016-01-05 00:00:00,decay,-54.336366791514,1056.5981214800004,-468.27413431629844,-948.7209105956761,14.75656509399414,False,False,False,True,False,False
20160012,2016-01-05 01:00:00,decay,-59.77705201510366,1053.2850156399998,997.8921918166135,-342.33579075347376,14.75656509399414,False,False,False,True,False,False
20160012,2016-01-05 02:00:00,decay,-59.94375267845566,1040.5300813600006,1015.7541120275,-233.53733662832178,14.75656509399414,False,False,False,True,False,False
20160012,2016-01-05 03:00:00,decay,332.7205920023257,972.75735216,990.6342913297925,-274.96101426426327,15.044370651245117,False,False,False,True,True,False
20160012,2016-01-05 04:00:00,decay,321.6235515229643,964.6185243200006,709.6839443598799,-728.2027914484695,15.044370651245117,False,False,False,True,True,False
20160012,2016-01-05 05:00:00,decay,306.38294074050015,961.8276205999994,408.3167916974909,-923.1794385403743,15.044370651245117,False,False,False,True,True,False
20160012,2016-01-05 06:00:00,decay,292.059258206035,961.9117785200004,233.43964739607688,-977.7928262075587,15.044370651245117,False,False,False,True,True,False
20160012,2016-01-05 09:00:00,intensification,155.2042619559954,456.60380436000077,449.44324960536323,174.86040852492098,15.548744201660156,False,False,False,True,True,False
20160012,2016-01-05 10:00:00,intensification,162.36215494277297,436.0276381999993,416.55824168534133,207.26987701049862,15.548744201660156,False,False,False,True,True,False
20160012,2016-01-05 11:00:00,intensification,159.67900796985185,425.3519388799995,450.543016222633,58.58880463214051,15.548744201660156,False,False,False,True,True,False
20160012,2016-01-05 12:00:00,intensification,157.49186215524088,414.35430211999943,442.4445072114288,27.129916492925233,15.548744201660156,False,False,False,True,True,False
20160037,2016-01-18 21:00:00,decay,262.89919322836977,242.35365879999995,291.39241106616373,-207.22389945882787,14.372411727905273,False,False,False,False,False,False
20160037,2016-01-18 22:00:00,decay,153.55403036190404,228.787647,193.1979892568053,-196.46161102695993,14.372411727905273,False,False,False,False,False,False
20160037,2016-01-18 23:00:00,decay,87.95184150873344,210.21379367999987,135.33191920923082,-183.332040629185,14.372411727905273,False,False,False,False,False,False
20160037,2016-01-19 00:00:00,decay,22.453818321931198,197.4903629600003,60.824457527958,-189.2273838157062,14.372411727905273,False,False,False,False,False,False
20160037,2016-01-19 01:00:00,decay,990.8937127432929,462.8240320000002,1062.6695538558415,-258.47602182552953,14.476578712463379,False,False,False,False,False,False
20160037,2016-01-19 02:00:00,decay,948.7393985535264,533.3664027999996,1040.1066021200684,-320.5689040280798,14.863788604736328,False,False,False,False,False,False
20160037,2016-01-19 03:00:00,decay,150.6102375300081,267.66971924000023,221.19952835198868,-213.07578676077617,14.194981575012207,False,False,False,False,False,False
20160037,2016-01-19 04:00:00,decay,86.16514718633395,244.3834676799999,175.98170826607762,-190.2055472921263,14.194981575012207,False,False,False,False,False,False
20160037,2016-01-19 05:00:00,decay,27.526080793744498,215.7810181999996,129.8889250600402,-174.49355313603874,14.194981575012207,False,False,False,False,False,False
20160037,2016-01-19 06:00:00,decay,-34.203192342732926,178.10843775999965,66.88358638382542,-168.57953565062107,14.194981575012207,False,False,False,False,False,False
20160037,2016-01-19 07:00:00,decay,-90.31337527532514,142.3684838399998,-5.632746569650763,-168.50389642558443,14.194981575012207,False,False,False,False,False,False
20160037,2016-01-19 08:00:00,decay,-152.10125428280588,110.27158824000037,-88.35744160050209,-165.79377925962365,14.194981575012207,False,False,False,False,False,False
20160037,2016-01-19 09:00:00,decay,141.96641290403196,306.05352316000005,252.43691444177426,-223.82766955540401,15.992048263549805,True,False,False,True,False,False
20160037,2016-01-19 10:00:00,decay,68.80780662732059,275.5457205599996,159.59368579443975,-234.92512387213452,15.992048263549805,True,False,False,True,False,False
20160037,2016-01-19 11:00:00,decay,9.88975688543834,258.88111656000007,89.75465126148828,-243.02539451574611,15.992048263549805,True,False,False,True,False,False
20160037,2016-01-19 12:00:00,decay,-51.087833523249195,237.46415044000003,35.80692628875691,-240.24373770827353,15.992048263549805,True,False,False,True,False,False
20160037,2016-01-19 13:00:00,decay,-119.41738919528562,211.5531959199996,-39.19514665134567,-239.74780087659525,15.992048263549805,True,False,False,True,False,False
20160037,2016-01-19 14:00:00,decay,-189.5354340405422,188.0139139999998,-111.02764949108827,-242.78750722189162,15.992048263549805,True,False,False,True,False,False
20160037,2016-01-19 15:00:00,decay,6.338822792925098,410.2839976399996,203.21135170335484,-356.4804145149558,15.549148559570312,False,False,False,True,False,False
20160037,2016-01-19 16:00:00,decay,-52.40209762006121,369.5382059600001,178.70931017038924,-327.66972389517696,15.549148559570312,False,False,False,True,False,False
20160037,2016-01-19 17:00:00,decay,-112.39185674651797,325.4627217599999,102.66947454130874,-328.6592334253953,15.549148559570312,False,False,False,True,False,False
20160037,2016-01-19 18:00:00,decay,-169.25900976755187,286.8698588800003,4.825591306130178,-333.0460058158178,15.549148559570312,False,False,False,True,False,False
20160037,2016-01-19 19:00:00,decay,-232.5730117280429,255.01374843999966,-69.58142715327506,-338.05420079180396,15.549148559570312,False,False,False,True,False,False
20160037,2016-01-19 20:00:00,decay,-287.5694576696322,219.16637071999972,-142.16114145202124,-332.44593680783817,15.549148559570312,False,False,False,True,False,False
20160037,2016-01-19 21:00:00,decay,129.4694626003328,416.3696394000003,269.9978704601087,-342.3845328094007,15.356476783752441,False,False,False,True,False,False
20160037,2016-01-19 22:00:00,decay,60.30612140104805,394.9939729999996,210.67393653134064,-339.519600982257,15.356476783752441,False,False,False,True,False,False
20160037,2016-01-19 23:00:00,decay,13.225484002399593,368.40652684000025,176.5971978460015,-323.5918913668106,15.356476783752441,False,False,False,True,False,False
20160037,2016-01-20 00:00:00,decay,-43.748015363505026,344.75714944,106.18540366126243,-330.9018600545103,15.356476783752441,False,False,False,True,False,False
20160037,2016-01-20 01:00:00,decay,-96.91052378390192,318.73832583999985,44.46613933735547,-330.1644021268602,15.356476783752441,False,False,False,True,False,False
20160037,2016-01-20 02:00:00,decay,-157.11704372758007,294.6499023599999,-28.87121021055401,-332.67218641093183,15.356476783752441,False,False,False,True,False,False
20160037,2016-01-20 03:00:00,decay,73.47437344677373,-35.60670388000011,52.388377639198275,62.624107202631905,14.557087898254395,False,False,False,False,False,False
20160037,2016-01-20 04:00:00,decay,18.394777405266165,-61.08829716000011,-7.855016734479875,63.31229420735605,14.557087898254395,False,False,False,False,False,False
20160037,2016-01-20 05:00:00,decay,-33.64786406664742,-83.23095835999987,-66.1192980818919,60.72733821706286,14.557087898254395,False,False,False,False,False,False
20160037,2016-01-20 06:00:00,decay,-84.83322685927213,-110.47920003999982,-125.74438396039834,59.92228236019506,14.557087898254395,False,False,False,False,False,False
20160037,2016-01-20 07:00:00,decay,-133.57174618668475,-134.46264875999984,-179.00665853898363,62.275448530082336,14.557087898254395,False,False,False,False,False,False
20160037,2016-01-20 08:00:00,decay,-183.18177188902501,-158.77059528,-231.02010250321692,73.4396059178663,14.557087898254395,False,False,False,False,False,False
20160037,2016-01-20 09:00:00,decay,33.43691176337615,-177.88123363999983,-39.4941357504263,176.63514257046052,15.378610610961914,False,False,False,True,False,False
20160037,2016-01-20 10:00:00,decay,-7.032988589531626,-198.39750963999987,-87.31522954788917,178.28933072075216,15.378610610961914,False,False,False,True,False,False
20160037,2016-01-20 11:00:00,decay,-53.27508584671091,-217.29786451999985,-119.36529773916656,189.23139906624044,15.378610610961914,False,False,False,True,False,False
20160037,2016-01-20 12:00:00,decay,-101.68787684585446,-230.5835725599996,-140.45502160613202,209.24051982723432,15.378610610961914,False,False,False,True,False,False
20160037,2016-01-20 13:00:00,decay,-156.81462551236254,-236.04626759999988,-176.8894445417912,221.4018781134655,15.378610610961914,False,False,False,True,False,False
20160037,2016-01-20 14:00:00,decay,-204.6227358189531,-239.82057220000036,-221.51476814506267,224.31134246401308,15.378610610961914,False,False,False,True,False,False
20160037,2016-01-20 15:00:00,decay,21.53745615974907,-103.64827087999983,16.15927929963154,104.62171747186828,15.630366325378418,True,False,False,True,False,False
20160037,2016-01-20 16:00:00,decay,-20.461015714729584,-105.1272683999999,-20.682219750214266,105.0839736188534,15.630366325378418,True,False,False,True,False,False
20160037,2016-01-20 17:00:00,decay,-69.79696920053483,-103.84230164000034,-78.48081983064492,97.44537668962587,15.630366325378418,True,False,False,True,False,False
20160037,2016-01-20 18:00:00,decay,-113.73028612230196,-113.26531699999971,-133.25666173863965,89.47777444061103,15.630366325378418,True,False,False,True,False,False
20160037,2016-01-20 19:00:00,decay,-154.21244189162536,-120.38846115999992,-166.2448661995302,103.13827260988543,15.630366325378418,True,False,False,True,False,False
20160037,2016-01-20 20:00:00,decay,-195.47606814732933,-122.17203019999987,-201.85568721013613,111.31567599602809,15.630366325378418,True,False,False,True,False,False
20160037,2016-01-20 21:00:00,decay,-35.67199453619368,-180.56248716000027,-13.804721222699598,183.53400947933068,17.252487182617188,True,False,False,True,True,False
20160037,2016-01-20 22:00:00,decay,-84.66570283023495,-166.9056382400003,-70.00907860651573,173.5641156020052,17.252487182617188,True,False,False,True,True,False
20160037,2016-01-20 23:00:00,decay,-119.1928886388595,-173.23763115999995,-146.51692339397547,150.8343883574554,17.252487182617188,True,False,False,True,True,False
20160037,2016-01-21 00:00:00,decay,-154.86409291085624,-178.9929864800001,-170.41851249908416,164.25257099884712,17.252487182617188,True,False,False,True,True,False
20160037,2016-01-21 01:00:00,decay,-189.4822445779791,-179.7153419600003,-185.06935980419,184.25649841396694,17.252487182617188,True,False,False,True,True,False
20160037,2016-01-21 02:00:00,decay,-226.06425997292436,-177.23747007999972,-210.20879566543317,195.78159428902623,17.252487182617188,True,False,False,True,True,False
20160037,2016-01-21 03:00:00,decay,-140.01398793663168,-117.43113403999965,-133.73110172969436,124.53907214204607,19.009052276611328,True,False,False,True,True,True
20160037,2016-01-21 04:00:00,decay,-177.63585155258022,-117.49313927999971,-174.78715811793006,121.69052096090905,19.009052276611328,True,False,False,True,True,True
20160037,2016-01-21 05:00:00,decay,-215.35440263246176,-115.61661804000032,-204.13318304029335,134.44093380377078,19.009052276611328,True,False,False,True,True,True
20160037,2016-01-21 06:00:00,decay,-254.59615661828713,-110.48810564000028,-246.09941765600507,128.30394024383833,19.009052276611328,True,False,False,True,True,True
20160037,2016-01-21 07:00:00,decay,-290.1164249162458,-110.22605835999984,-290.287177921063,109.77558144865782,19.009052276611328,True,False,False,True,True,True
20160037,2016-01-21 08:00:00,decay,-326.6661096138446,-110.60109543999977,-320.46048127705114,127.46932737899343,19.009052276611328,True,False,False,True,True,True
20160037,2016-01-21 09:00:00,decay,-202.5044533085409,4.987136000000241,-194.80670591908415,55.52722273109818,19.665437698364258,True,False,False,True,True,True
20160037,2016-01-21 10:00:00,decay,-237.2961108657034,23.42172799999999,-232.6524882121415,52.25745213071111,19.665437698364258,True,False,False,True,True,True
20160037,2016-01-21 11:00:00,decay,-271.8918694286384,28.057983360000225,-273.2780749327527,5.615412066679287,19.665437698364258,True,False,False,True,True,True
20160037,2016-01-21 12:00:00,decay,-303.2254304977982,31.60174423999982,-304.76244368112316,8.011545487334391,19.665437698364258,True,False,False,True,True,True
20160037,2016-01-21 13:00:00,decay,-339.1444537625607,36.864842520000174,-340.9801525889715,10.512500764889218,19.665437698364258,True,False,False,True,True,True
20160037,2016-01-21 14:00:00,decay,-376.9904674229147,41.93869679999978,-378.7674063433009,20.394085147385674,19.665437698364258,True,False,False,True,True,True
20160037,2016-01-21 15:00:00,decay,-201.83797843422133,189.22707936000032,-238.4455610450006,-140.31810830916993,20.26829719543457,True,True,False,True,True,True
20160037,2016-01-21 16:00:00,decay,-246.42047075131327,200.36742835999996,-288.5504144320474,-132.6982030171933,20.26829719543457,True,True,False,True,True,True
20160037,2016-01-21 17:00:00,decay,-290.829933013123,211.82281295999994,-336.8468601653752,-126.43238043884524,20.26829719543457,True,True,False,True,True,True
20160037,2016-01-21 18:00:00,decay,-335.2562023114965,224.69786152000032,-391.3496104079729,-98.6475169151063,20.26829719543457,True,True,False,True,True,True
20160037,2016-01-21 19:00:00,decay,-382.483501605943,244.2807193199999,-447.5292508251269,-75.39408788585874,20.26829719543457,True,True,False,True,True,True
20160037,2016-01-21 20:00:00,decay,-429.64423461447524,264.45079011999997,-497.08303658664244,-86.23713510056535,20.26829719543457,True,True,False,True,True,True
20160037,2016-01-21 21:00:00,decay,-87.82430176496278,30.474295279999634,-92.82768152805687,4.981184140493415,20.638397216796875,True,True,False,True,True,True
20160037,2016-01-21 22:00:00,decay,-134.6258665831265,51.465239760000365,-144.11697612422125,1.7584224813009115,20.638397216796875,True,True,False,True,True,True
20160037,2016-01-21 23:00:00,decay,-180.5981972201338,67.25765155999989,-192.59525989695544,6.8092876097928965,20.638397216796875,True,True,False,True,True,True
20160037,2016-01-22 00:00:00,decay,-226.88337673622632,89.59990952000037,-243.68363063174164,11.067907993724987,20.638397216796875,True,True,False,True,True,True
20160037,2016-01-22 01:00:00,decay,-272.7907078069107,108.64431247999973,-293.62569736648186,1.51879758175005,20.638397216796875,True,True,False,True,True,True
20160037,2016-01-22 02:00:00,decay,-318.5673636413435,126.66779971999965,-341.69336310279624,-27.848559654003168,20.638397216796875,True,True,False,True,True,True
20160037,2016-01-22 03:00:00,decay,-118.89343625796639,137.54398636000025,-149.67855499844197,-103.20042413965862,20.444185256958008,True,True,False,True,True,True
20170002,2017-01-02 00:00:00,decay,-1096.3484704740824,-7.188488999999758,-1066.0062050521638,256.2467831510228,20.450719833374023,True,True,False,True,True,True
20170002,2017-01-02 01:00:00,decay,-1088.0249570067635,-27.916606959999648,-1064.8054418510003,225.3153679140087,20.143911361694336,True,True,False,True,True,True
20170002,2017-01-02 02:00:00,decay,-1087.18552370239,-104.77571984000001,-1072.567770899209,206.27334108975813,19.338193893432617,True,False,False,True,True,True
20170002,2017-01-02 03:00:00,decay,-1044.1380613294634,342.9838218400003,-1051.8472927343562,-318.5584183917117,20.277446746826172,True,True,False,True,True,True
20170002,2017-01-02 04:00:00,decay,-977.0245464806923,510.13158107999993,-981.3759136433014,-501.70958787106946,19.4472599029541,True,False,False,True,True,True
20170002,2017-01-02 05:00:00,decay,-872.5932070695088,650.1958522399997,-865.2458574451998,-659.941783392953,18.397680282592773,True,False,False,True,True,True
20170002,2017-01-02 06:00:00,decay,-907.4551438023041,619.9389649200001,-844.1830465871994,-703.671899463163,17.935386657714844,True,False,False,True,True,False
20170002,2017-01-02 09:00:00,intensification,329.16764314498994,739.2505164000004,599.7819444503274,-543.2350158105414,18.120155334472656,True,False,False,True,True,False
20170002,2017-01-02 10:00:00,intensification,248.6386579786984,694.2849174800003,444.686597482891,-588.3082176042999,18.120155334472656,True,False,False,True,True,False
20170002,2017-01-02 11:00:00,intensification,186.00574702356113,696.9632766800001,127.67630047721241,-709.9681043981963,18.120155334472656,True,False,False,True,True,False
20170002,2017-01-02 12:00:00,intensification,122.00985757124046,704.1538807600001,101.43136052371638,-707.4113175771438,18.120155334472656,True,False,False,True,True,False
20170002,2017-01-02 15:00:00,decay,-355.79489259967204,1041.2065729999995,-538.2859810268534,-959.6610526057486,18.2763671875,True,False,False,True,True,False
20170002,2017-01-02 16:00:00,decay,-382.96457364534086,1032.8222845599998,-729.6632685537193,-825.2122458341233,17.885007858276367,True,False,False,True,True,False
20170002,2017-01-02 17:00:00,decay,109.07351708843845,810.3453683600001,-228.19934072001342,-785.163491922222,17.093292236328125,True,False,False,True,True,False
20170002,2017-01-02 18:00:00,decay,41.06206116831373,837.3077402799996,-326.49058721364503,-772.1232034209819,17.093292236328125,True,False,False,True,True,False
20170002,2017-01-02 19:00:00,decay,-18.011653640260768,867.0006804800001,-350.27105299203845,-793.2999363768338,17.093292236328125,True,False,False,True,True,False
20170002,2017-01-02 20:00:00,decay,-87.36877548543912,886.8425799199998,-300.13998578086773,-839.070350700373,17.093292236328125,True,False,False,True,True,False
20170002,2017-01-02 21:00:00,decay,-176.97830874462673,927.1552254799998,-26.954462430268393,-943.5102494705995,18.014509201049805,True,False,False,True,True,False
20170027,2017-01-17 10:00:00,mature,244.58370805979143,-52.756663080000244,242.34052295432244,-62.25372825654274,15.377153396606445,False,False,False,True,False,False
20170027,2017-01-17 11:00:00,mature,135.27241709672825,1.647647319999834,121.01034888368363,-60.48005482745104,15.377153396606445,False,False,False,True,False,False
20170027,2017-01-17 12:00:00,mature,37.77523526275704,46.98305128000031,13.575685572802637,-58.737349854791546,15.377153396606445,False,False,False,True,False,False
20170027,2017-01-17 13:00:00,mature,-65.61746587354546,98.20884172000014,-100.22079813918242,-62.50136030515807,15.377153396606445,False,False,False,True,False,False
20170027,2017-01-17 14:00:00,mature,-151.51030431340908,132.0362067199999,-192.3910630260309,-58.091402684581304,15.377153396606445,False,False,False,True,False,False
20170027,2017-01-17 15:00:00,mature,173.75858818652955,120.85132972000035,102.27624873014358,-185.30153752561802,15.793683052062988,True,False,False,True,False,False
20170027,2017-01-17 16:00:00,mature,93.48031047912858,159.01772568000015,9.887722642580798,-184.19402397650543,15.793683052062988,True,False,False,True,False,False
20170027,2017-01-17 17:00:00,mature,10.751479147180008,203.8648801200002,-89.28359645429713,-183.58900581020782,15.793683052062988,True,False,False,True,False,False
20170027,2017-01-17 18:00:00,mature,-80.11617128958164,253.44636283999967,-196.70543616358538,-178.77536497688936,15.793683052062988,True,False,False,True,False,False
20170027,2017-01-17 19:00:00,mature,-172.34843967254372,308.5755890799998,-304.08599791925167,-180.15156036815853,15.793683052062988,True,False,False,True,False,False
20170027,2017-01-17 20:00:00,mature,-263.81521279149973,358.39741167999995,-406.67885734106915,-180.7193354096622,15.793683052062988,True,False,False,True,False,False
20170027,2017-01-17 21:00:00,mature,195.28185071416567,105.63989699999969,115.83828206820951,-189.41035205079518,16.129192352294922,True,False,False,True,False,False
20170027,2017-01-17 22:00:00,mature,110.58777899767676,153.5007064800002,22.07097504995896,-187.89623682725062,16.129192352294922,True,False,False,True,False,False
20170027,2017-01-17 23:00:00,mature,22.98772960656459,199.65954448000036,-75.62539516189854,-186.20732805406038,16.129192352294922,True,False,False,True,False,False
20170027,2017-01-18 00:00:00,mature,-64.59129564262719,247.50343332000008,-181.0529768402272,-180.69256917558386,16.129192352294922,True,False,False,True,False,False
20170027,2017-01-18 01:00:00,mature,-146.77155889332292,297.48366427999974,-278.39930372784704,-180.36698339020282,16.129192352294922,True,False,False,True,False,False
20170027,2017-01-18 02:00:00,mature,-229.81814118582218,344.1240725999998,-370.87452463788895,-183.54792925973413,16.129192352294922,True,False,False,True,False,False
20170027,2017-01-18 03:00:00,mature,232.92012902501475,110.6219122800002,148.46921889051444,-210.82192728355864,15.990234375,True,False,False,True,False,False
20170027,2017-01-18 04:00:00,mature,148.2746448123048,156.23249928000038,58.04208016951421,-207.4248805112013,15.990234375,True,False,False,True,False,False
20170027,2017-01-18 05:00:00,mature,65.66036535318963,197.13536347999963,-31.354933666972208,-205.40326980709358,15.990234375,True,False,False,True,False,False
20170027,2017-01-18 06:00:00,mature,-12.520176952487502,236.70316692000003,-121.74573998371716,-203.3792488350179,15.990234375,True,False,False,True,False,False
20170027,2017-01-18 09:00:00,decay,228.98618451725088,255.05326704000032,78.91887393543232,-333.55457284275013,15.509566307067871,False,False,False,False,False,False
20170027,2017-01-18 10:00:00,decay,141.00478699464233,293.0714960800001,-0.8985252277043401,-325.22675846613413,15.509566307067871,False,False,False,False,False,False
20170027,2017-01-18 11:00:00,decay,57.53200401906071,335.0998054799998,-96.50425710331416,-326.01953849442884,15.509566307067871,False,False,False,False,False,False
20170027,2017-01-18 12:00:00,decay,-18.951778742411786,368.99930584000015,-165.35698353879803,-330.41901522589916,15.509566307067871,False,False,False,False,False,False
20170027,2017-01-18 13:00:00,decay,-93.92638360841228,398.95941404,-236.0752442489176,-335.0511283993962,15.509566307067871,False,False,False,False,False,False
20170027,2017-01-18 14:00:00,decay,-160.06265883566292,423.64907683999985,-306.47765139681917,-333.42172133083307,15.509566307067871,False,False,False,False,False,False
20170027,2017-01-18 15:00:00,decay,180.53081735537262,364.99312167999983,22.85993684705275,-406.5572262007636,13.938061714172363,False,False,False,False,False,False
20170027,2017-01-18 16:00:00,decay,117.28519534988814,391.3198564000001,-43.35838483798918,-406.21065658771056,13.938061714172363,False,False,False,False,False,False
20170027,2017-01-18 17:00:00,decay,59.0953561733212,413.6293862800001,-94.16394601123028,-407.08068191356773,13.938061714172363,False,False,False,False,False,False
20170027,2017-01-18 18:00:00,decay,4.858954566420137,432.8160562000002,-137.78586871976336,-410.32718935642123,13.938061714172363,False,False,False,False,False,False
20170027,2017-01-18 19:00:00,decay,-44.89541867712805,448.17443132000005,-174.89341843247587,-415.0761516832821,13.938061714172363,False,False,False,False,False,False
20170027,2017-01-18 20:00:00,decay,-91.8156930652337,461.21757308,-213.09308623888228,-419.2172560952646,13.938061714172363,False,False,False,False,False,False
20170027,2017-01-18 21:00:00,decay,188.40292836317394,250.20973383999979,124.98727979348453,-287.1911457791274,13.1499662399292,False,False,False,False,False,False
20170027,2017-01-18 22:00:00,decay,127.93703744897226,262.9149080800004,52.77283719873347,-287.5885291452542,13.1499662399292,False,False,False,False,False,False
20170027,2017-01-18 23:00:00,decay,79.82071860277057,279.41509243999974,-30.581830204823262,-288.9790522907147,13.1499662399292,False,False,False,False,False,False
20170027,2017-01-19 00:00:00,decay,38.49662797360336,297.76474728000034,-109.7887498363392,-279.44993379393424,13.1499662399292,False,False,False,False,False,False
20170027,2017-01-19 01:00:00,decay,4.927079988128314,319.1311741199999,-183.41404074616574,-261.20542121017127,13.1499662399292,False,False,False,False,False,False
20170027,2017-01-19 02:00:00,decay,-22.75917173120174,340.58120228000035,-245.98078474908718,-236.6579573532319,13.1499662399292,False,False,False,False,False,False
20170027,2017-01-19 03:00:00,decay,-406.69087539120807,1003.5913223599996,-1000.7754480836177,-413.57165395587043,13.258234977722168,False,False,False,False,False,False
20170027,2017-01-19 04:00:00,decay,-203.09372349610135,828.7289757999996,-684.9801168638287,-508.7642040820509,13.142906188964844,False,False,False,False,False,False
20170027,2017-01-19 05:00:00,decay,-228.82883987254405,845.0394708800002,-613.2202881483393,-624.8321562674514,13.142906188964844,False,False,False,False,False,False
20170027,2017-01-19 06:00:00,decay,-259.98693666541874,858.1357122799998,-551.9500858436694,-706.6407932352455,13.142906188964844,False,False,False,False,False,False
20170027,2017-01-19 07:00:00,decay,-299.13741134037866,869.95032652,-506.60446580183316,-767.8858487466198,13.142906188964844,False,False,False,False,False,False
20170027,2017-01-19 08:00:00,decay,-342.59675920092985,877.5537051600003,-479.4024301906045,-810.9539782147734,13.142906188964844,False,False,False,False,False,False
20170027,2017-01-19 09:00:00,decay,-187.7601865775348,855.1792757199996,146.8658992805606,-863.143029232772,13.156155586242676,False,False,False,False,False,False
20170027,2017-01-19 10:00:00,decay,-261.7889621849696,806.3815971200003,44.922181287010176,-846.6207760999625,13.156155586242676,False,False,False,False,False,False
20170027,2017-01-19 11:00:00,decay,-307.6419521977847,813.6542440400003,-475.5336531558686,-728.3848874822997,13.156155586242676,False,False,False,False,False,False
20170027,2017-01-19 12:00:00,decay,-356.560270827898,825.5504558400002,-563.4297380697378,-700.8678278599772,13.156155586242676,False,False,False,False,False,False
20170027,2017-01-19 13:00:00,decay,-410.26017228471517,839.7023448000001,-635.4211984952739,-685.3125836642226,13.156155586242676,False,False,False,False,False,False
20170027,2017-01-19 14:00:00,decay,-463.39036587617693,855.2115585200004,-715.7249802478811,-658.6768507107529,13.156155586242676,False,False,False,False,False,False
20170027,2017-01-19 15:00:00,decay,-486.1164178481527,983.5927956799999,-802.3356686483872,-748.3457985648502,12.59304141998291,False,False,False,False,False,False
20170027,2017-01-19 16:00:00,decay,-513.2143724982201,971.67621232,-829.0652768318287,-721.2450488419638,12.498031616210938,False,False,False,False,False,False
20170027,2017-01-19 17:00:00,decay,398.70097727908114,621.8936327999999,148.79979241116143,-723.5832927720697,12.420822143554688,False,False,False,False,False,False
20170027,2017-01-19 18:00:00,decay,372.6956382454211,630.9786806399999,154.9123454564038,-716.2669191122486,12.420822143554688,False,False,False,False,False,False
20170027,2017-01-19 19:00:00,decay,348.78175810564295,637.07834872,207.97783668798232,-695.8899026725795,12.420822143554688,False,False,False,False,False,False
20170027,2017-01-19 20:00:00,decay,319.7232510387741,641.3927779599996,223.55136270567294,-680.905603668001,12.420822143554688,False,False,False,False,False,False
20170027,2017-01-19 21:00:00,decay,-544.6328195953055,951.8899728799997,-331.1122657503709,-1045.5066217482674,13.39503002166748,False,False,False,False,False,False
20170027,2017-01-19 22:00:00,decay,-629.5817922911045,896.10551712,-440.591093105504,-1002.625463307949,13.311128616333008,False,False,False,False,False,False
20170027,2017-01-19 23:00:00,decay,-668.2044905316616,873.4915270399997,-826.9616331772748,-724.9959629060859,13.209983825683594,False,False,False,False,False,False
20170027,2017-01-20 00:00:00,decay,-661.513242624691,853.03436196,-992.5697578175852,-424.34970097583147,13.154027938842773,False,False,False,False,False,False
20170027,2017-01-20 01:00:00,decay,-672.4173039668455,865.9445876400001,-948.1666394995925,550.4408081502506,13.154027938842773,False,False,False,False,False,False
20170027,2017-01-20 02:00:00,decay,-647.7040851542549,884.7430847200002,-394.9427187423528,1022.8935217302779,13.080180168151855,False,False,False,False,False,False
20170027,2017-01-20 03:00:00,decay,-532.2878806070812,959.5057080399997,-221.29798182282315,1074.7133547340263,14.307554244995117,False,False,False,False,False,False
20170027,2017-01-20 04:00:00,decay,-509.8407166030963,972.4367505600003,-253.37678011575764,1068.3496606655622,14.307554244995117,False,False,False,False,False,False
20170027,2017-01-20 05:00:00,decay,-481.09118039202855,985.4545113600002,-385.0411761621924,1026.7972586983312,14.193687438964844,False,False,False,False,False,False
20170027,2017-01-20 06:00:00,decay,-468.06767023108245,995.26770332,-366.79794303436796,1036.8724194293036,14.193687438964844,False,False,False,False,False,False
20170027,2017-01-20 07:00:00,decay,-377.25311306766156,917.9984875599997,-173.30811978873373,977.2437925599645,14.188895225524902,False,False,False,False,False,False
20170027,2017-01-20 08:00:00,decay,-456.0043235693806,1001.8804452799995,1032.4344056553705,381.81614393246923,14.193687438964844,False,False,False,False,False,False
20170027,2017-01-20 09:00:00,decay,-429.45872067496515,1012.8436841600003,1099.3420639508286,41.64309948733853,13.985172271728516,False,False,False,False,False,False
20170027,2017-01-20 10:00:00,decay,-443.34804187578317,947.0951978400003,1002.759339843323,-296.6825009394108,14.309882164001465,False,False,False,False,False,False
20170027,2017-01-20 11:00:00,decay,-484.2142881699222,953.4365416400001,-731.7324236226823,-779.7899563482617,14.309882164001465,False,False,False,False,False,False
20170027,2017-01-20 12:00:00,decay,-523.9329221176479,945.4190525999996,-834.2132834966781,-687.321678354109,14.277802467346191,False,False,False,False,False,False
20170027,2017-01-20 13:00:00,decay,-577.6681868090294,938.6128364799997,-884.4756969841327,-657.5692604590752,14.077400207519531,False,False,False,False,False,False
20170027,2017-01-20 14:00:00,decay,-588.6656050143312,926.7246397200001,-868.5371682556474,-671.5571008853335,13.918116569519043,False,False,False,False,False,False
20170027,2017-01-20 15:00:00,decay,-468.3933313435855,912.8847807200002,-680.6970129255055,-767.725544912789,13.987601280212402,False,False,False,False,False,False
20170027,2017-01-20 16:00:00,decay,-509.5193443992168,918.9946902399998,-629.8603143644501,-841.092853016263,13.987601280212402,False,False,False,False,False,False
20170027,2017-01-20 17:00:00,decay,-554.032516851893,923.5227425599995,-602.6305083207425,-892.5708690047362,13.987601280212402,False,False,False,False,False,False
20170027,2017-01-20 18:00:00,decay,-604.6825909139872,895.8410208000001,-578.5003093286647,-912.9674487127556,13.940149307250977,False,False,False,False,False,False
20170027,2017-01-20 19:00:00,decay,-647.779072743631,892.78684528,-552.2935040880434,-954.807814972083,13.875306129455566,False,False,False,False,False,False
20170027,2017-01-20 20:00:00,decay,-695.3413498252811,856.3916618399996,-555.7982083896915,-952.8875184389444,13.694782257080078,False,False,False,False,False,False
20170027,2017-01-20 21:00:00,decay,-662.1361003442295,872.7619357599996,-389.455758505322,-1023.9442485104595,13.565868377685547,False,False,False,False,False,False
20170027,2017-01-20 22:00:00,decay,-756.8062051431365,802.1287278400002,-520.0817622377635,-972.4613559196245,13.284180641174316,False,False,False,False,False,False
20170027,2017-01-20 23:00:00,decay,-801.5570461696343,758.5649816799996,-684.1868893755578,-865.9115602080651,12.898436546325684,False,False,False,False,False,False
20170027,2017-01-21 00:00:00,decay,-850.3711877714741,692.5061352000001,-753.5271279056078,-796.8015887232116,12.6018705368042,False,False,False,False,False,False
20170027,2017-01-21 01:00:00,decay,-880.9864604278378,489.95972916000034,-812.3557226664126,-596.8884816335808,12.461296081542969,False,False,False,False,False,False
20170027,2017-01-21 02:00:00,decay,-937.3002501705405,483.38194168000035,-865.4256463855834,-602.6842548882294,12.461296081542969,False,False,False,False,False,False
20170027,2017-01-21 03:00:00,decay,-942.0082834363718,559.0807661999996,-840.7354236176136,-702.2213729815048,14.044533729553223,False,False,False,False,False,False
20170027,2017-01-21 04:00:00,decay,-982.3103174177436,492.9357580400001,-885.2934188048578,-651.2870211209683,13.931571006774902,False,False,False,False,False,False
20170027,2017-01-21 05:00:00,decay,-1010.0363162955639,427.4594491200002,-923.1571951305076,-592.1788023533605,13.587406158447266,False,False,False,False,False,False
20170027,2017-01-21 06:00:00,decay,-1003.823353328079,304.17956227999974,-904.1316399376947,-531.725971210036,13.332183837890625,False,False,False,False,False,False
20170027,2017-01-21 07:00:00,decay,-1006.5712000109278,281.83485527999994,-886.594220223917,-553.68506843483,13.095465660095215,False,False,False,False,False,False
20180010,2018-01-05 08:00:00,intensification,304.29988276201226,-127.51305248000004,329.5134565531719,16.69967521009255,15.929950714111328,True,False,False,True,True,True
20180010,2018-01-05 09:00:00,intensification,242.88149820851046,-189.05642580000008,145.07703847693892,-271.45240322207945,17.01028823852539,True,False,False,True,True,True
20180010,2018-01-05 10:00:00,intensification,309.4278567334256,-174.7609340400001,342.9167674118612,-93.2473764616148,17.01028823852539,True,False,False,True,True,True
20180010,2018-01-05 11:00:00,intensification,199.78418573954627,-146.52339152,233.44803203589694,82.97494484905414,17.01028823852539,True,False,False,True,True,True
20180010,2018-01-05 12:00:00,intensification,173.90347406497256,-134.03106111999992,214.42516297612164,47.2079772865075,17.01028823852539,True,False,False,True,True,True
20180010,2018-01-05 13:00:00,intensification,115.66263497645036,-106.86731131999981,154.64077666024215,29.74386579411739,17.01028823852539,True,False,False,True,True,True
20180010,2018-01-05 14:00:00,intensification,89.57673004878988,-81.60668823999994,118.65329782705078,24.597500818162636,17.01028823852539,True,False,False,True,True,True
20180010,2018-01-05 15:00:00,intensification,59.70492396563666,164.51593180000015,-42.30544339697974,-169.82467200247936,17.9499454498291,True,False,False,True,True,True
20180010,2018-01-05 16:00:00,intensification,34.725482894297365,195.5399252400001,-99.39621992231626,-171.93636319947416,17.9499454498291,True,False,False,True,True,True
20180010,2018-01-05 17:00:00,intensification,-53.16105421774124,258.9492444000001,-197.03559517128664,-176.23218518865806,17.9499454498291,True,False,False,True,True,True
20180010,2018-01-05 18:00:00,intensification,-106.33818611673478,299.54853896000014,-266.6330515259772,-173.04321094343356,17.9499454498291,True,False,False,True,True,True
20180010,2018-01-05 19:00:00,intensification,-159.38502088283954,339.81387352000013,-329.43707952464973,-179.85623189859024,17.9499454498291,True,False,False,True,True,True
20180010,2018-01-05 20:00:00,intensification,-274.7613430174913,422.0988345200001,-475.4077234005853,-166.27903731676616,17.9499454498291,True,False,False,True,True,True
20180010,2018-01-05 21:00:00,intensification,393.7272971600904,-280.2722564400001,396.9531816538482,-275.6844098490996,18.074779510498047,True,False,False,True,True,True
20180010,2018-01-05 22:00:00,intensification,390.92442297687705,-240.7404093599999,412.93171849219596,-200.66201693819983,18.074779510498047,True,False,False,True,True,True
20180010,2018-01-05 23:00:00,intensification,339.54541534374385,-196.1518512799999,363.7828860344142,-146.38527818738854,18.074779510498047,True,False,False,True,True,True
20180010,2018-01-06 00:00:00,intensification,357.5543433783857,-198.54144639999993,203.9186796322987,-354.5151428421253,18.074779510498047,True,False,False,True,True,True
20180010,2018-01-06 01:00:00,intensification,339.02247003596955,-177.23001163999996,367.82948279951086,-105.1103410642776,18.074779510498047,True,False,False,True,True,True
20180010,2018-01-06 02:00:00,intensification,327.2674946316754,-169.90816127999994,351.09820902389686,-112.70689389853746,18.074779510498047,True,False,False,True,True,True
20180010,2018-01-06 03:00:00,intensification,188.42737679318446,-208.1699584800001,279.93509265665125,-21.816320451390425,19.435203552246094,True,False,False,True,True,True
20180010,2018-01-06 04:00:00,intensification,177.59374877615917,-195.01616463999994,263.4059847756715,13.716094911592265,19.435203552246094,True,False,False,True,True,True
20180010,2018-01-06 05:00:00,intensification,157.89627926259666,-177.94090115999987,235.78665009370303,31.604666557241146,19.435203552246094,True,False,False,True,True,True
20180010,2018-01-06 06:00:00,intensification,137.27719310234647,-160.1881441599998,208.5082332717083,32.08716150416976,19.435203552246094,True,False,False,True,True,True
20180010,2018-01-06 07:00:00,intensification,111.51459747674531,-138.04848859999996,173.46363812661184,37.460070782430535,19.435203552246094,True,False,False,True,True,True
20180010,2018-01-06 08:00:00,intensification,60.19776158151077,-97.91673804000004,107.42081678602045,40.89286256601061,19.435203552246094,True,False,False,True,True,True
20180010,2018-01-06 09:00:00,intensification,201.60618275937298,-269.0126837200001,301.3004001034868,149.10045548730307,20.187137603759766,True,True,False,True,True,True
20180010,2018-01-06 10:00:00,intensification,205.15853622260326,-278.5414530799998,335.047512621817,86.13089082815947,20.187137603759766,True,True,False,True,True,True
20180010,2018-01-06 11:00:00,intensification,148.1119194562497,-225.19512796000012,262.4868349200593,61.24253289654932,20.187137603759766,True,True,False,True,True,True
20180010,2018-01-06 12:00:00,intensification,113.9911574304749,-191.65096104,218.54575217801744,44.29253938124894,20.187137603759766,True,True,False,True,True,True
20180010,2018-01-06 15:00:00,mature,191.32784477905287,-269.1893485599998,329.8284561141647,-16.80592464879524,18.032167434692383,True,False,False,True,True,True
20180010,2018-01-06 16:00:00,mature,174.7639642106881,-244.75060104000002,300.5794726171012,9.863089642767306,18.032167434692383,True,False,False,True,True,True
20180010,2018-01-06 17:00:00,mature,149.46103047558262,-214.4162349999999,256.8679339462339,48.28856979235806,18.032167434692383,True,False,False,True,True,True
20180010,2018-01-06 18:00:00,mature,134.9513219771315,-205.5469253199998,231.63358166447802,82.50625223076484,18.032167434692383,True,False,False,True,True,True
20180010,2018-01-06 19:00:00,mature,105.755363191431,-181.21226199999984,198.5630803215635,67.7848351485816,18.032167434692383,True,False,False,True,True,True
20180010,2018-01-06 20:00:00,mature,70.18313174589755,-149.26564839999986,150.97704709968056,66.42166079672529,18.032167434692383,True,False,False,True,True,True
20180010,2018-01-06 21:00:00,mature,106.18293514555657,-229.78262516000007,218.37240533120183,128.01704234754004,20.095996856689453,True,True,False,True,True,True
20180010,2018-01-06 22:00:00,mature,85.5825994619145,-220.88637603999996,206.1333253292751,116.72285397229614,20.095996856689453,True,True,False,True,True,True
20180010,2018-01-06 23:00:00,mature,68.46721413743741,-198.71833387999982,198.91774375385344,67.88568959406022,20.095996856689453,True,True,False,True,True,True
20180010,2018-01-07 00:00:00,mature,46.83759704798931,-170.79226471999993,159.9373357132697,76.05134338298839,20.095996856689453,True,True,False,True,True,True
20180010,2018-01-07 01:00:00,mature,19.681898041352472,-141.83270067999996,118.7929360743229,79.95080006813247,20.095996856689453,True,True,False,True,True,True
20180010,2018-01-07 02:00:00,mature,6.873115419610635,-125.92162175999987,104.52285561779213,70.55825391647626,20.095996856689453,True,True,False,True,True,True
20180010,2018-01-07 03:00:00,mature,156.26344184734083,-269.04051371999986,309.1972397013908,34.61398910468672,19.310026168823242,True,False,False,True,True,True
20180010,2018-01-07 04:00:00,mature,140.991664784171,-248.94736504000014,283.95612326035575,34.962267688477525,19.310026168823242,True,False,False,True,True,True
20180010,2018-01-07 05:00:00,mature,130.3106318724169,-233.93808944000003,267.04708252975513,19.843038632532014,19.310026168823242,True,False,False,True,True,True
20180010,2018-01-07 06:00:00,mature,120.56674441841507,-217.89153407999987,248.01550069634038,22.391335327191968,19.310026168823242,True,False,False,True,True,True
20180010,2018-01-07 07:00:00,mature,104.3763266782575,-195.58901735999993,219.10586274977933,33.79500246148167,19.310026168823242,True,False,False,True,True,True
20180010,2018-01-07 08:00:00,mature,88.824647538503,-175.43753699999996,192.74791602364712,38.94083033920465,19.310026168823242,True,False,False,True,True,True
20180010,2018-01-07 09:00:00,mature,101.08040139109933,-273.3507127999999,282.1553671019079,72.98087796978959,18.758140563964844,True,False,False,True,True,True
20180010,2018-01-07 10:00:00,mature,94.17828351405541,-261.1222108000001,265.5054785238595,81.00122796939492,18.758140563964844,True,False,False,True,True,True
20180010,2018-01-07 11:00:00,mature,76.13855931161665,-239.79062712,224.81136773037358,112.9445616568155,18.758140563964844,True,False,False,True,True,True
20180010,2018-01-07 12:00:00,mature,59.30511671071719,-225.09126640000014,190.5853986204115,133.6427360926379,18.758140563964844,True,False,False,True,True,True
20180010,2018-01-07 15:00:00,decay,-98.23405607217623,-172.93639923999996,28.16157408761633,196.8853821374147,18.65218734741211,True,False,False,True,True,True
20180010,2018-01-07 16:00:00,decay,-119.22048954400424,-156.51658791999975,3.8607281427618716,196.7131469918539,18.65218734741211,True,False,False,True,True,True
20180010,2018-01-07 17:00:00,decay,-132.20547106054767,-145.64886159999995,-12.41139019265492,196.3105571720556,18.65218734741211,True,False,False,True,True,True
20180010,2018-01-07 18:00:00,decay,-147.74887897870101,-133.44139907999966,-31.338915848634173,196.60674093561187,18.65218734741211,True,False,False,True,True,True
20180010,2018-01-07 19:00:00,decay,-167.62593911113905,-116.74618207999991,-39.10456070882735,200.4967825799642,18.65218734741211,True,False,False,True,True,True
20180010,2018-01-07 20:00:00,decay,-178.6291964595132,-103.08387848000022,-36.619399522653524,202.96230046205898,18.65218734741211,True,False,False,True,True,True
20180010,2018-01-07 21:00:00,decay,-172.05133245647474,-0.7983870399996738,-66.79756021865371,158.55719589709378,17.607006072998047,True,False,False,True,True,True
20180010,2018-01-07 22:00:00,decay,-182.24814782899904,43.23468424,-94.29307618795735,161.8407893315071,17.607006072998047,True,False,False,True,True,True
20180010,2018-01-07 23:00:00,decay,-190.47510294432215,61.71090991999983,-145.60843498500375,137.43065489919772,17.607006072998047,True,False,False,True,True,True
20180010,2018-01-08 00:00:00,decay,-202.66594048095095,81.08047860000005,-187.12273725349297,112.39487819199616,17.607006072998047,True,False,False,True,True,True
20180010,2018-01-08 01:00:00,decay,-218.22238421956058,98.61649555999996,-226.92255542376608,76.50082359656547,17.607006072998047,True,False,False,True,True,True
20180010,2018-01-08 02:00:00,decay,-239.59037814239463,115.63999523999982,-263.55633290926176,36.25213346749722,17.607006072998047,True,False,False,True,True,True
20180010,2018-01-08 03:00:00,decay,-6.934764388513026,-233.4532908399996,90.9748309728094,215.10953045046233,18.791950225830078,True,False,False,True,True,True
20180010,2018-01-08 04:00:00,decay,-31.164937072615835,-224.2260873600002,43.95778777744074,222.07274584970583,18.791950225830078,True,False,False,True,True,True
20180010,2018-01-08 05:00:00,decay,-54.19245523109178,-216.87072968000018,25.979456456639227,222.02433073455524,18.791950225830078,True,False,False,True,True,True
20180010,2018-01-08 06:00:00,decay,-73.6731278664224,-207.95388636000027,13.246133974352517,220.22054526447715,18.791950225830078,True,False,False,True,True,True
20180010,2018-01-08 07:00:00,decay,-86.84270868078339,-202.864002,3.9388095813448984,220.63532160004053,18.791950225830078,True,False,False,True,True,True
20180010,2018-01-08 08:00:00,decay,-100.72943153773188,-195.63510384000023,-10.713505418917421,219.78337751986868,18.791950225830078,True,False,False,True,True,True
20180010,2018-01-08 09:00:00,decay,158.69863315712126,145.07344851999972,111.81406659950868,-183.655046600697,18.36627197265625,True,False,False,True,True,True
20180010,2018-01-08 10:00:00,decay,143.70792503923684,147.50289619999995,98.69266088969064,-180.74520959899158,18.36627197265625,True,False,False,True,True,True
20180010,2018-01-08 11:00:00,decay,114.03435080804257,157.43464396000024,59.16778399959081,-185.17201089689968,18.36627197265625,True,False,False,True,True,True
20180010,2018-01-08 12:00:00,decay,81.62319944556081,167.7028007599999,38.287085526486536,-182.53951668711497,18.36627197265625,True,False,False,True,True,True
20180010,2018-01-08 13:00:00,decay,43.49178092203653,174.98891739999993,13.816995014374722,-179.7824987849684,18.36627197265625,True,False,False,True,True,True
20180010,2018-01-08 14:00:00,decay,6.352539659393995,180.26181184000006,-12.96299368505324,-179.90729935910056,18.36627197265625,True,False,False,True,True,True
20180010,2018-01-08 15:00:00,decay,110.02507619269078,154.83320687999998,106.3447967079222,-157.38368262657653,18.77240562438965,True,False,False,True,True,True
20180010,2018-01-08 16:00:00,decay,77.61313472649957,154.00476344000023,76.49801016890441,-154.5617038094573,18.77240562438965,True,False,False,True,True,True
20180010,2018-01-08 17:00:00,decay,43.602531228302304,155.30932252000017,51.349910320452466,-152.92270302743805,18.77240562438965,True,False,False,True,True,True
20180010,2018-01-08 18:00:00,decay,19.369312118859586,151.09842088000016,26.440523545302987,-150.02267081690604,18.77240562438965,True,False,False,True,True,True
20180010,2018-01-08 19:00:00,decay,-6.427567142949467,152.97750248000023,-22.198645996676376,-151.4947193809403,18.77240562438965,True,False,False,True,True,True
20180010,2018-01-08 20:00:00,decay,-31.84757430329603,156.37521151999997,-42.00256999916283,-153.95862717104916,18.77240562438965,True,False,False,True,True,True
20180010,2018-01-08 21:00:00,decay,154.7368133121669,239.53993448000017,137.936295612453,-249.59254788034266,17.99608612060547,True,False,False,True,True,True
20180010,2018-01-08 22:00:00,decay,125.30966875552261,243.35197656000028,91.67090413939098,-257.91305301117336,17.99608612060547,True,False,False,True,True,True
20180010,2018-01-08 23:00:00,decay,90.44209662727313,248.08942179999974,76.83292493796003,-252.6357767555359,17.99608612060547,True,False,False,True,True,True
20180010,2018-01-09 00:00:00,decay,54.523084208047706,247.1517734399997,58.49626389247183,-246.24165556769046,17.99608612060547,True,False,False,True,True,True
20180010,2018-01-09 01:00:00,decay,15.988496863664288,246.90586755999962,25.240795998621174,-246.1321630443113,17.99608612060547,True,False,False,True,True,True
20180010,2018-01-09 02:00:00,decay,-20.877515106730463,244.35753011999975,5.8439747352732745,-245.17814160865123,17.99608612060547,True,False,False,True,True,True
20180010,2018-01-09 03:00:00,decay,173.91424250256827,238.91353683999972,208.51023207917478,-209.4023040678605,16.69732666015625,True,False,False,True,True,True
20180010,2018-01-09 04:00:00,decay,135.61827040950007,232.79550096000008,160.71042317604125,-216.2364918755838,16.69732666015625,True,False,False,True,True,True
20180010,2018-01-09 05:00:00,decay,96.8176734793711,230.37039475999995,94.4262464278553,-231.36089701023872,16.69732666015625,True,False,False,True,True,True
20180010,2018-01-09 06:00:00,decay,56.46138988789376,233.6053539600001,39.71037684730118,-237.02834412258593,16.69732666015625,True,False,False,True,True,True
20180010,2018-01-09 07:00:00,decay,17.527758745701302,235.95120032000023,2.228790359677726,-236.590836155226,16.69732666015625,True,False,False,True,True,True
20180010,2018-01-09 08:00:00,decay,-22.56639078361784,238.66384607999973,-27.251336219930476,-238.1743858875783,16.69732666015625,True,False,False,True,True,True
20180010,2018-01-09 09:00:00,decay,-34.96082867327615,-13.041026679999746,-32.162198592990016,18.918797531970785,17.59012222290039,True,False,False,True,True,True
20180010,2018-01-09 10:00:00,decay,-90.86224344774725,4.34838184000014,-89.09165921093785,18.3720431097426,17.59012222290039,True,False,False,True,True,True
20180010,2018-01-09 11:00:00,decay,-140.99458885082333,14.200313160000231,-140.7464288749271,16.4792517430215,17.59012222290039,True,False,False,True,True,True
20180010,2018-01-09 12:00:00,decay,-195.2718903214011,27.379821919999955,-196.94465081237036,9.673174993647116,17.59012222290039,True,False,False,True,True,True
20180010,2018-01-09 13:00:00,decay,-253.8297480929241,35.72637288000013,-255.91754802963192,14.564454901544934,17.59012222290039,True,False,False,True,True,True
20180010,2018-01-09 14:00:00,decay,-309.1896678006538,50.09277548000024,-307.4622235029784,59.78727246306624,17.59012222290039,True,False,False,True,True,True
20180010,2018-01-09 15:00:00,decay,93.28428236882591,215.12957355999993,20.171303130618355,-233.61465982935871,18.059101104736328,True,False,False,True,True,True
20180010,2018-01-09 16:00:00,decay,39.79039462281791,224.99809156000006,-3.291176162625959,-228.46571924327796,18.059101104736328,True,False,False,True,True,True
20180010,2018-01-09 17:00:00,decay,-13.79882190103771,235.40116819999997,-61.69114074993375,-227.59244413809762,18.059101104736328,True,False,False,True,True,True
20180010,2018-01-09 18:00:00,decay,-61.60769919852094,245.93170623999998,-107.61316568482785,-229.5589669473682,18.059101104736328,True,False,False,True,True,True
20180010,2018-01-09 19:00:00,decay,-106.61496702877223,253.29986572000016,-144.08576598596903,-234.02321510600794,18.059101104736328,True,False,False,True,True,True
20180010,2018-01-09 20:00:00,decay,-141.32693804058806,258.10354636000005,-168.3445175868483,-241.35216480899487,18.059101104736328,True,False,False,True,True,True
20180010,2018-01-09 21:00:00,decay,181.92254494467505,233.75441144000027,109.11552118497035,-275.37381913199476,17.95975685119629,True,False,False,True,True,True
20180010,2018-01-09 22:00:00,decay,965.9116820903994,-427.77370548000016,1052.8862056153855,86.06020406454422,18.646366119384766,True,False,False,True,True,True
20180010,2018-01-09 23:00:00,decay,913.1579049443645,-413.08035603999974,990.7198106642554,151.54866104949977,18.646366119384766,True,False,False,True,True,True
20180010,2018-01-10 00:00:00,decay,861.5775410660698,-398.30629959999976,945.443241528279,84.26650947440686,18.646366119384766,True,False,False,True,True,True
20180010,2018-01-10 01:00:00,decay,807.5138197811665,-375.0553364799997,890.2725972729119,-12.640296857269902,18.646366119384766,True,False,False,True,True,True
20180010,2018-01-10 02:00:00,decay,743.0245981794934,-341.29498612000003,817.3233087657418,-23.461244610385563,18.646366119384766,True,False,False,True,True,True
20180010,2018-01-10 03:00:00,decay,983.6462501484958,-369.06264692,1050.3722144932076,22.03165457765175,15.999964714050293,True,False,False,True,True,False
20180010,2018-01-10 04:00:00,decay,944.0195947497884,-361.6294765600003,1008.4170250259327,71.02096328875058,15.999964714050293,True,False,False,True,True,False
20180010,2018-01-10 05:00:00,decay,902.5798850484185,-344.29606199999984,956.3217022848182,136.52482903044208,15.999964714050293,True,False,False,True,True,False
20180010,2018-01-10 06:00:00,decay,866.5518278862762,-343.94273231999966,905.0667485057927,223.7473000461588,15.999964714050293,True,False,False,True,True,False
20180010,2018-01-10 07:00:00,decay,966.239742511525,-528.6731516000001,1089.2870409261664,162.99780275123697,16.922927856445312,True,False,False,True,True,True
20180010,2018-01-10 08:00:00,decay,974.1523016517951,-474.97249492,1083.2694850263765,33.14816065347492,17.40940284729004,True,False,False,True,True,True
20180010,2018-01-10 09:00:00,decay,1025.7723657121228,-277.9569117600001,1013.3584710159603,-320.2711355617249,14.479694366455078,False,False,False,True,True,False
20180010,2018-01-10 10:00:00,decay,1004.9969190299639,-449.39739284000035,1088.5791147309924,-164.23256352684274,16.06499671936035,True,False,False,True,True,False
20180010,2018-01-10 11:00:00,decay,945.6308529487493,-423.62703548000013,1031.1690332953294,101.82337654452368,16.06499671936035,True,False,False,True,True,False
20180010,2018-01-10 12:00:00,decay,895.512957912424,-412.54735588,963.1340758893823,210.97755921742933,16.06499671936035,True,False,False,True,True,False
20180010,2018-01-10 13:00:00,decay,841.1764620969718,-400.38709303999997,920.5979653059501,142.78323057538822,16.06499671936035,True,False,False,True,True,False
20180010,2018-01-10 14:00:00,decay,775.5244867697759,-376.3742558399998,859.6209519635877,64.40208835009236,16.06499671936035,True,False,False,True,True,False
20180010,2018-01-10 15:00:00,decay,381.75727447907747,-97.44407332000021,387.35345346044784,-72.05044160275459,16.335914611816406,True,False,False,True,True,False
20180010,2018-01-10 16:00:00,decay,303.26201871186476,-58.955294639999664,294.9205276194022,-92.00794067893256,16.335914611816406,True,False,False,True,True,False
20180010,2018-01-10 17:00:00,decay,214.11262461827408,-7.721043879999845,189.7033798710776,-99.58141495787483,16.335914611816406,True,False,False,True,True,False
20180010,2018-01-10 18:00:00,decay,127.87818084728671,40.568236280000136,88.4417577348023,-100.87946481053427,16.335914611816406,True,False,False,True,True,False
20190004,2019-01-01 06:00:00,incipient,-748.2908032862409,-806.8007169199996,-780.725005207495,775.4579223588794,15.440054893493652,False,False,False,True,True,False
20190004,2019-01-01 07:00:00,incipient,-604.7138070225278,916.4863166800003,-576.0634584005603,-934.7603163169363,15.429201126098633,False,False,False,False,False,False
20190004,2019-01-01 08:00:00,incipient,186.85945185216156,498.09911359999995,165.00612797373714,-505.75899344125423,15.259167671203613,False,False,False,False,False,False
20190004,2019-01-01 09:00:00,incipient,-683.5246158606143,864.6884527599997,-552.0204116592599,-954.0259356723085,16.147869110107422,True,False,False,True,False,False
20190004,2019-01-01 10:00:00,incipient,-731.2938727399215,817.6382755199996,-626.0095951300048,-900.7969053607139,16.027450561523438,True,False,False,True,False,False
20190004,2019-01-01 11:00:00,incipient,-751.6221261887653,797.5875397599996,-1008.5074163276929,-428.9457953739268,15.442468643188477,False,False,False,False,False,False
20190004,2019-01-01 12:00:00,incipient,-18.944083526783484,-404.82764783999994,261.6332024317018,309.5034250887523,15.254453659057617,False,False,False,True,True,False
20190004,2019-01-01 13:00:00,incipient,-44.360527138469564,-371.3103090399997,239.2619580511035,287.38983523593,15.254453659057617,False,False,False,True,True,False
20190004,2019-01-01 14:00:00,incipient,-73.7248542784126,-343.3434967600002,149.5411556245624,317.73818417091115,15.254453659057617,False,False,False,True,True,False
20190004,2019-01-01 15:00:00,incipient,-374.6641953003139,905.2186176000002,-696.1925130388134,-689.2822278852027,16.015642166137695,True,False,False,True,False,False
20190004,2019-01-01 16:00:00,incipient,-424.7015752069575,915.7045163199999,-650.3924774574782,-771.9299284642615,16.015642166137695,True,False,False,True,False,False
20190004,2019-01-01 17:00:00,incipient,-468.1784238527944,928.1471979999995,-629.9174934385887,-826.9535713548752,16.015642166137695,True,False,False,True,False,False
20190004,2019-01-01 18:00:00,incipient,-521.970758010961,931.9186082800002,-494.76634210299585,-946.6425045385882,16.015642166137695,True,False,False,True,False,False
20190004,2019-01-01 19:00:00,incipient,-595.9552494953418,924.8651504399996,-750.4991145774483,-804.5429043363223,16.015642166137695,True,False,False,True,False,False
20190004,2019-01-01 20:00:00,incipient,-642.087056761809,893.85573992,-707.0384500708816,-843.4159723234667,15.756897926330566,True,False,False,True,False,False
20190004,2019-01-01 21:00:00,incipient,-723.8366746940262,821.7085800000002,-323.4519527612043,-1046.1947028792897,16.532312393188477,True,False,False,True,False,False
20190004,2019-01-01 22:00:00,incipient,92.79169512485139,774.1009121999997,360.16427294966184,-691.4652684290487,16.26065444946289,True,False,False,True,False,False
20190004,2019-01-01 23:00:00,incipient,25.108659078425514,778.335525,-86.41413430993119,-773.9310251108992,16.26065444946289,True,False,False,True,False,False
20190004,2019-01-02 00:00:00,incipient,-34.24429174211287,790.7072958399999,-238.44038096484005,-754.6766750979295,16.26065444946289,True,False,False,True,False,False
20190004,2019-01-02 01:00:00,incipient,-90.68419405189859,806.5184093999997,-292.27928088978405,-757.1448934744911,16.26065444946289,True,False,False,True,False,False
20190004,2019-01-02 02:00:00,incipient,295.7045663237361,901.7984219199996,75.18846592564796,-946.0593421735542,16.11663246154785,True,False,False,True,False,False
20190004,2019-01-02 03:00:00,incipient,148.93196361236699,-364.7247291600004,222.8760051663395,324.8555743209047,16.902664184570312,True,False,False,True,True,False
20190004,2019-01-02 04:00:00,incipient,101.59975436585712,-356.53580732000006,146.04182655918856,340.75222212596435,16.902664184570312,True,False,False,True,True,False
20190004,2019-01-02 05:00:00,incipient,48.1019099252823,-351.16606448000005,169.95817404479828,311.0395757073199,16.902664184570312,True,False,False,True,True,False
20190004,2019-01-02 06:00:00,incipient,17.894488891487047,-323.16708072000034,103.60554873955641,306.6318070001059,16.902664184570312,True,False,False,True,True,False
20190004,2019-01-02 07:00:00,incipient,-37.73888852671689,-326.1743905200002,-136.339347682858,298.70644286948067,16.902664184570312,True,False,False,True,True,False
20190004,2019-01-02 08:00:00,incipient,-133.95162001881613,-374.68920500000024,-245.09546836257996,313.4696926934485,16.902664184570312,True,False,False,True,True,False
20190004,2019-01-02 09:00:00,incipient,304.35912760577855,315.61290552,403.920693115337,-170.56980495079654,18.32816505432129,True,False,False,True,True,False
20190004,2019-01-02 10:00:00,incipient,147.70822855981223,228.41483631999998,224.37831143899007,-153.77071109661193,18.32816505432129,True,False,False,True,True,False
20190004,2019-01-02 11:00:00,incipient,68.47845157073428,219.49120247999983,88.34207913098717,-212.27661988654353,18.32816505432129,True,False,False,True,True,False
20190004,2019-01-02 12:00:00,incipient,-10.7799079714066,214.20595152000004,-5.8705958822202575,-214.39667018507598,18.32816505432129,True,False,False,True,True,False
20190004,2019-01-02 13:00:00,incipient,-87.29044658982639,216.02224863999962,-105.68625367007517,-207.64308261658437,18.32816505432129,True,False,False,True,True,False
20190004,2019-01-02 14:00:00,incipient,-157.18995788276524,226.59475431999968,-195.77650458843533,-194.2303421086955,18.32816505432129,True,False,False,True,True,False
20190004,2019-01-02 15:00:00,incipient,389.4448184517299,-204.44786296000032,425.781991181252,110.34442112558396,18.500324249267578,True,False,False,True,True,False
20190004,2019-01-02 16:00:00,incipient,326.2377051201998,-188.22275032000013,362.2827179145319,103.00522453050272,18.500324249267578,True,False,False,True,True,False
20190004,2019-01-02 17:00:00,incipient,266.0238404190889,-172.97903480000028,300.20653349677303,102.7933237010628,18.500324249267578,True,False,False,True,True,False
20190004,2019-01-02 18:00:00,incipient,205.87790285321395,-157.48440400000038,237.64081810501568,103.50792219367355,18.500324249267578,True,False,False,True,True,False
20190004,2019-01-02 19:00:00,incipient,144.92398468358482,-142.6210689199996,177.7532143568693,98.72955698397556,18.500324249267578,True,False,False,True,True,False
20190004,2019-01-02 20:00:00,incipient,87.42124605435134,-124.1967183600001,120.85398035930837,91.98703465380615,18.500324249267578,True,False,False,True,True,False
20190004,2019-01-02 21:00:00,incipient,669.1680883618826,394.55871179999986,509.1068496811632,-586.7475804354825,18.512453079223633,True,False,False,True,True,False
20190004,2019-01-02 22:00:00,incipient,607.7569355154546,414.50591996000026,425.7921536583983,-599.9039024976963,18.512453079223633,True,False,False,True,True,False
20190004,2019-01-02 23:00:00,incipient,552.1789834658869,434.4620337200003,369.42967641896064,-597.6458840371286,18.512453079223633,True,False,False,True,True,False
20190004,2019-01-03 00:00:00,incipient,495.15123631825855,452.38956311999965,311.8471225395938,-593.7865237702686,18.512453079223633,True,False,False,True,True,False
20190004,2019-01-03 01:00:00,incipient,443.089387595146,470.74300284000026,258.34543994963605,-592.6084827096985,18.512453079223633,True,False,False,True,True,False
20190004,2019-01-03 02:00:00,incipient,390.3499779716694,486.92993272000035,244.9628040887422,-573.9922380086401,18.512453079223633,True,False,False,True,True,False
20190004,2019-01-03 03:00:00,incipient,-154.10368539375995,81.1641912399999,-167.6702339994909,-47.140899674679346,18.844982147216797,True,False,False,True,True,False
20190004,2019-01-03 06:00:00,decay,-308.02269124910214,110.12420055999993,-322.6340705411895,-53.96827215449421,18.844982147216797,True,False,False,True,True,False
20190004,2019-01-03 07:00:00,decay,-357.5470959950026,119.01889119999962,-373.72205596050526,-48.345084606296396,18.844982147216797,True,False,False,True,True,False
20190004,2019-01-03 08:00:00,decay,-402.4046487565316,128.4024992800004,-420.2765056893714,-42.2417083905209,18.844982147216797,True,False,False,True,True,False
20190004,2019-01-03 09:00:00,decay,-150.8064367480089,109.54789692000037,-178.89435717833265,-52.346270678792145,18.98707389831543,True,False,False,True,True,False
20190004,2019-01-03 10:00:00,decay,-170.11778537732056,122.52190896000003,-196.28338757726095,-73.65127859094767,18.98707389831543,True,False,False,True,True,False
20190004,2019-01-03 11:00:00,decay,-219.0052592273635,127.88230091999995,-229.54918169959603,-107.81632361977461,18.98707389831543,True,False,False,True,True,False
20190004,2019-01-03 12:00:00,decay,-275.5968654024965,131.8298194399997,-286.06494863822036,-107.23608848646536,18.98707389831543,True,False,False,True,True,False
20190004,2019-01-03 13:00:00,decay,-325.06172922784907,137.03992940000018,-337.004360053268,-104.27430826260048,18.98707389831543,True,False,False,True,True,False
20190004,2019-01-03 14:00:00,decay,-373.2605118108772,141.37139060000032,-381.44539265844674,-117.51039178361732,18.98707389831543,True,False,False,True,True,False
20190004,2019-01-03 15:00:00,decay,12.845495143877327,143.15529360000022,9.586261894861458,-143.4104194752835,17.386554718017578,True,False,False,True,True,False
20190004,2019-01-03 16:00:00,decay,-43.38964452689854,143.74261791999967,-45.73237786067226,-143.01451350780567,17.386554718017578,True,False,False,True,True,False
20190004,2019-01-03 17:00:00,decay,-95.15412002506203,144.88320263999992,-99.87041334348537,-141.6733902451994,17.386554718017578,True,False,False,True,True,False
20190004,2019-01-03 18:00:00,decay,-140.37621418525444,146.86970804000003,-145.34460100716115,-141.95470970280775,17.386554718017578,True,False,False,True,True,False
20190004,2019-01-03 19:00:00,decay,-184.52578346966027,147.89529920000032,-185.51259271904598,-146.65559052830864,17.386554718017578,True,False,False,True,True,False
20190004,2019-01-03 20:00:00,decay,807.9877968215048,731.9010586799997,817.4705883063782,-721.2941679809961,17.67264747619629,True,False,False,True,True,False
20190008,2019-01-03 20:00:00,intensification,381.7692004339261,-1025.13819892,-1056.054357314682,-285.31604175295615,20.472352981567383,True,True,False,True,True,True
20190004,2019-01-03 21:00:00,decay,-248.68262872192795,703.23660396,-203.25814956875632,-717.6843983333671,16.999048233032227,True,False,False,True,False,False
20190004,2019-01-03 22:00:00,decay,-296.89549441591083,698.08682944,-197.55565702390004,-732.4233191399048,16.999048233032227,True,False,False,True,False,False
20190004,2019-01-03 23:00:00,decay,-349.51065919754296,690.5344353599999,-251.7014145736993,-731.8756077450959,16.999048233032227,True,False,False,True,False,False
20190004,2019-01-04 00:00:00,decay,-414.8201883497619,683.3756688000002,-345.37786124314334,-720.9661755821082,16.999048233032227,True,False,False,True,False,False
20190004,2019-01-04 01:00:00,decay,-489.0366489462433,678.02162208,-434.6002630627411,-714.1377845810722,16.999048233032227,True,False,False,True,False,False
20190004,2019-01-04 02:00:00,decay,-555.4364152318544,673.3988364399999,-490.0101835152413,-722.4026746460164,16.999048233032227,True,False,False,True,False,False
20190008,2019-01-03 21:00:00,intensification,629.2496955183217,-897.5123792800002,-664.3766973514421,871.8298310376503,17.703815460205078,True,False,False,True,True,False
20190008,2019-01-03 22:00:00,intensification,616.1836373862533,-912.08349936,1032.9307629594086,380.30596066776394,18.057498931884766,True,False,False,True,True,False
20190008,2019-01-03 23:00:00,intensification,615.0213624837837,-908.7792991199999,872.8719518604164,665.0004860718785,18.213802337646484,True,False,False,True,True,False
20190008,2019-01-04 00:00:00,intensification,405.7457081186401,-1024.2201428800001,797.0528969407387,760.501913354727,19.51714515686035,True,False,False,True,True,True
20190008,2019-01-04 01:00:00,intensification,398.361680609864,-1025.94204064,849.5840914089168,699.6112999057176,20.621471405029297,True,True,False,True,True,True
20190008,2019-01-04 02:00:00,intensification,339.2969694650693,-1044.64881004,820.4863789230665,730.2161815571347,22.177570343017578,True,True,False,True,True,True
20190004,2019-01-04 03:00:00,decay,280.0767686414648,138.4250841599999,297.1329243517239,-96.52215042952788,15.688095092773438,True,False,False,True,False,False
20190004,2019-01-04 04:00:00,decay,223.15608724809343,128.38802767999974,243.1986465663444,-84.47806363629181,15.688095092773438,True,False,False,True,False,False
20190004,2019-01-04 05:00:00,decay,160.26196899079704,115.94445543999997,178.93636258113958,-84.31366199090317,15.688095092773438,True,False,False,True,False,False
20190004,2019-01-04 06:00:00,decay,89.61897962340612,103.5794751200003,107.2070701975237,-85.24619214098931,15.688095092773438,True,False,False,True,False,False
20190004,2019-01-04 07:00:00,decay,896.9182932323556,506.3373501999999,970.8339114250193,-343.97885599204653,15.77935791015625,True,False,False,False,False,False
20190004,2019-01-04 08:00:00,decay,895.4846604133792,436.6596018399999,946.9003133174278,-309.7485779694389,16.111831665039062,True,False,False,True,False,False
20190008,2019-01-04 03:00:00,intensification,714.1849952397546,-831.6309768799996,1038.9399496539752,349.677094109674,17.772357940673828,True,False,False,True,True,False
20190008,2019-01-04 06:00:00,mature,683.4724092926948,-842.169196,956.4254901184506,511.50148661301955,21.246685028076172,True,True,False,True,True,True
20190008,2019-01-04 07:00:00,mature,720.3032331814912,-828.3573896399997,921.1034270562832,597.1441947872175,22.00492286682129,True,True,False,True,True,True
20190008,2019-01-04 08:00:00,mature,670.2958867513323,-863.1873025600001,830.6698455835005,710.1946935417411,23.7037296295166,True,True,False,True,True,True
20190004,2019-01-04 09:00:00,decay,183.28190267459826,648.4420056399998,293.4501163811739,-606.594032053005,16.42821502685547,True,False,False,True,False,False
20190004,2019-01-04 10:00:00,decay,82.05990470942774,626.8540520000004,191.21408730183902,-602.591904432066,16.42821502685547,True,False,False,True,False,False
20190004,2019-01-04 11:00:00,decay,-22.66550927808368,614.5275883999999,64.21256433805983,-611.5837054702203,16.42821502685547,True,False,False,True,False,False
20190004,2019-01-04 12:00:00,decay,-118.69641204433779,600.5243116399997,-13.834504814566003,-611.9860240066192,16.42821502685547,True,False,False,True,False,False
20190004,2019-01-04 13:00:00,decay,-205.91726490381288,585.1162878000002,-77.10663476578097,-615.4815652068031,16.42821502685547,True,False,False,True,False,False
20190004,2019-01-04 14:00:00,decay,-290.15349016591495,566.2570100000002,-137.8032309229424,-621.1652910271147,16.42821502685547,True,False,False,True,False,False
20190008,2019-01-04 09:00:00,mature,678.517228378054,-52.085737439999896,-116.59942123625692,670.449944602783,15.293442726135254,False,False,False,True,True,False
20190008,2019-01-04 10:00:00,mature,741.1416716245153,-150.3226317999996,-262.37304161807026,709.2589499482833,15.293442726135254,False,False,False,True,True,False
20190008,2019-01-04 11:00:00,mature,697.744414366262,-150.38753136000025,713.7317963603364,-7.113384013279074,15.293442726135254,False,False,False,True,True,False
20190008,2019-01-04 12:00:00,mature,634.7695494131649,-126.31146439999998,645.8149769477276,-42.54388852785961,15.293442726135254,False,False,False,True,True,False
20190008,2019-01-04 13:00:00,mature,611.4986795174074,-127.29408604000038,614.3412810596437,112.77947410006679,15.293442726135254,False,False,False,True,True,False
20190008,2019-01-04 14:00:00,mature,580.2108719746619,-125.0108015199997,585.2143653048104,-98.97728575364312,15.293442726135254,False,False,False,True,True,False
20190004,2019-01-04 15:00:00,decay,288.3930258412558,626.98607752,447.3027887980617,-525.5495161174323,17.228591918945312,True,False,False,True,True,False
20190004,2019-01-04 16:00:00,decay,200.8048083318114,603.7882140399996,346.3869159404428,-533.7591993849442,17.228591918945312,True,False,False,True,True,False
20190004,2019-01-04 17:00:00,decay,116.89035330288448,585.4835324800001,252.68064869389025,-540.9314293662065,17.228591918945312,True,False,False,True,True,False
20190004,2019-01-04 18:00:00,decay,37.05039357432782,566.5134912799997,181.59382575432824,-537.8977132449752,17.228591918945312,True,False,False,True,True,False
20190004,2019-01-04 19:00:00,decay,-45.359986788864404,545.2528184399997,109.71232724383388,-536.0236652135716,17.228591918945312,True,False,False,True,True,False
20190004,2019-01-04 20:00:00,decay,-128.7716541886148,521.2752696799998,34.70650770442417,-535.8222690644645,17.228591918945312,True,False,False,True,True,False
20190008,2019-01-04 15:00:00,mature,-753.2740535794331,-577.2474109600004,-430.4168679782872,845.8000313406094,15.302372932434082,False,False,False,True,True,False
20190008,2019-01-04 16:00:00,mature,-853.2088234318741,-529.0919374400003,-574.0512457332229,823.631435727262,15.302372932434082,False,False,False,True,True,False
20190008,2019-01-04 17:00:00,mature,-941.1572741559736,-491.36915167999973,-679.6182193670577,815.683599089607,15.302372932434082,False,False,False,True,True,False
20190008,2019-01-04 18:00:00,mature,314.42492243904695,23.665407480000137,280.43982111496246,-144.14086892690426,15.292205810546875,False,False,False,True,True,False
20190004,2019-01-04 21:00:00,decay,-173.15302462567286,134.41812075999994,-121.55171896594172,-182.41540708529402,18.106821060180664,True,False,False,True,True,False
20190004,2019-01-04 22:00:00,decay,-281.5992080004712,98.29633923999991,-233.20255245038337,-185.94852455748065,18.106821060180664,True,False,False,True,True,False
20190004,2019-01-04 23:00:00,decay,-362.4332243892454,69.67095783999976,-314.68907636932727,-192.82808333162433,18.106821060180664,True,False,False,True,True,False
20190004,2019-01-05 00:00:00,decay,-440.8956996480073,39.891855960000115,-388.650461184737,-211.96980247415075,18.106821060180664,True,False,False,True,True,False
20190004,2019-01-05 01:00:00,decay,-513.7934173409278,5.88693556000015,-459.7583045951376,-229.43546602249876,18.106821060180664,True,False,False,True,True,False
20190004,2019-01-05 02:00:00,decay,-588.6039785914992,-29.499688680000343,-540.5388884012264,-234.82458425796364,18.106821060180664,True,False,False,True,True,False
20190008,2019-01-04 21:00:00,decay,-622.5711773401855,-867.7960618800003,-564.4192269585877,906.6949939801434,16.699432373046875,True,False,False,True,True,False
20190008,2019-01-04 22:00:00,decay,-664.3958129510756,-871.5848380799998,-554.4695311437712,945.3282315000788,16.699432373046875,True,False,False,True,True,False
20190008,2019-01-04 23:00:00,decay,-718.0740597790071,-827.7773011200002,-565.6207955649024,938.5727095976866,16.355710983276367,True,False,False,True,True,False
20190008,2019-01-05 00:00:00,decay,-708.9764263457138,-828.1289609999998,-700.2800704029961,835.4956446069922,15.924108505249023,True,False,False,True,False,False
20190008,2019-01-05 01:00:00,decay,-753.88701141614,-799.3417203200001,-728.8105312474072,822.2700416341147,15.868513107299805,True,False,False,True,False,False
20190008,2019-01-05 02:00:00,decay,-759.7294549707301,-798.6852662799997,-998.546700672913,466.89558350675884,15.739092826843262,True,False,False,True,False,False
20190004,2019-01-05 03:00:00,decay,-339.62038153738615,187.93576736000017,-229.39166970619084,-313.1155027752502,17.769113540649414,True,False,False,True,True,False
20190004,2019-01-05 04:00:00,decay,-409.7480573149602,159.45643779999986,-317.39208474168214,-304.27305265596226,17.769113540649414,True,False,False,True,True,False
20190004,2019-01-05 05:00:00,decay,-477.7222044940242,132.8299183200003,-387.92753110676915,-308.8276582123675,17.769113540649414,True,False,False,True,True,False
20190004,2019-01-05 06:00:00,decay,-548.7560026371918,102.74335060000018,-463.7510051819384,-310.8445780701443,17.769113540649414,True,False,False,True,True,False
20190004,2019-01-05 07:00:00,decay,-629.8934935464117,70.02384224000025,-558.1705551984893,-300.1912440487998,17.769113540649414,True,False,False,True,True,False
20190004,2019-01-05 08:00:00,decay,-715.7096336082765,37.987282080000355,-655.2443476014647,-290.4103272541281,17.769113540649414,True,False,False,True,True,False
20190008,2019-01-05 03:00:00,decay,-255.10233892372972,-1065.4347030800004,-585.2704967496519,926.1137918668213,17.120712280273438,True,False,False,True,True,False
20190008,2019-01-05 04:00:00,decay,-290.88041158874233,-1038.3325132400003,-168.13757345121678,1065.1176358934576,16.97037124633789,True,False,False,True,True,False
20190008,2019-01-05 05:00:00,decay,-341.2726204789277,-1026.8062177999998,-32.670178969670076,1081.54087754804,16.97037124633789,True,False,False,True,True,False
20190008,2019-01-05 06:00:00,decay,-426.9800404040219,-994.2719459199996,-106.15861228513592,1076.8560750558345,16.97037124633789,True,False,False,True,True,False
20190008,2019-01-05 07:00:00,decay,-482.6731683061381,-978.1767437199996,-112.16457516710284,1084.9987269277926,16.97037124633789,True,False,False,True,True,False
20190008,2019-01-05 08:00:00,decay,-552.047862753182,-943.8597933599997,-116.21181030310277,1087.2547849690122,16.97037124633789,True,False,False,True,True,False
20190012,2019-01-05 06:00:00,intensification,-981.5142362224166,-490.47491812,-998.2325667011537,455.4860963732276,15.963346481323242,True,False,False,False,False,False
20190012,2019-01-05 07:00:00,intensification,-984.3289412489738,-492.41633892000004,-989.2497908675141,482.45431564478906,15.605541229248047,True,False,False,False,False,False
20190012,2019-01-05 08:00:00,intensification,1088.7142760685356,148.22436112000005,1095.5105962269897,-84.41427426243217,16.0726318359375,True,False,False,True,True,False
20190004,2019-01-05 09:00:00,decay,814.1975941762338,396.6535315600002,900.3068811640863,-98.48485259156826,17.946598052978516,True,False,False,True,False,False
20190004,2019-01-05 10:00:00,decay,737.5291381215839,370.94718319999976,821.2098564647496,-84.64876813944676,17.946598052978516,True,False,False,True,False,False
20190004,2019-01-05 11:00:00,decay,679.7839297135371,346.1347344399999,762.3778711321464,-26.37095164465262,17.946598052978516,True,False,False,True,False,False
20190004,2019-01-05 12:00:00,decay,631.7295502409017,321.8361387999998,708.8562326950896,-13.548662464970846,17.946598052978516,True,False,False,True,False,False
20190004,2019-01-05 13:00:00,decay,585.0214354573783,300.2676661600002,657.5439663379611,6.832541132478866,17.946598052978516,True,False,False,True,False,False
20190004,2019-01-05 14:00:00,decay,541.6126374348644,274.40168492000015,607.1523465431386,-2.5616016953175347,17.946598052978516,True,False,False,True,False,False
20190008,2019-01-05 09:00:00,decay,-151.28443413842191,-1081.4232607199997,248.201173386006,1063.3717253945906,16.20315170288086,True,False,False,True,False,False
20190008,2019-01-05 10:00:00,decay,-226.16533881578312,-1073.3417626799996,124.94554146934107,1089.7714951592372,16.360248565673828,True,False,False,True,False,False
20190008,2019-01-05 11:00:00,decay,-295.5387922440894,-1049.6677835599996,15.098055323832341,1090.3750191059478,16.360248565673828,True,False,False,True,False,False
20190008,2019-01-05 12:00:00,decay,-371.7346709554995,-1026.3777471200003,-69.81959913609376,1089.3866021527876,16.360248565673828,True,False,False,True,False,False
20190008,2019-01-05 13:00:00,decay,-443.8738745574834,-1002.6388684399997,-140.70249702251368,1087.4334574367963,16.360248565673828,True,False,False,True,False,False
20190008,2019-01-05 14:00:00,decay,-486.1985036844918,-983.14907416,-186.88373173255388,1080.7615638152658,16.25166893005371,True,False,False,True,False,False
20190012,2019-01-05 09:00:00,intensification,-795.4457363099141,750.6770691200003,-588.7556373053916,-921.7465926475331,14.532997131347656,False,False,False,True,True,False
20190012,2019-01-05 12:00:00,mature,235.10967819594643,467.7645249200004,200.31974537747476,-483.68606674881465,14.182748794555664,False,False,False,False,False,False
20190012,2019-01-05 13:00:00,mature,1052.7757174324552,283.3091773599999,1017.1030645293592,-392.55847630232967,14.42062759399414,False,False,False,False,False,False
20190012,2019-01-05 14:00:00,mature,1021.6326760135994,284.0647062000003,1027.3767954973573,-262.5319067861695,14.455507278442383,False,False,False,False,False,False
20190004,2019-01-05 15:00:00,decay,497.8041877790904,283.72451228000017,568.4644586196576,-71.81063657414069,17.012269973754883,True,False,False,False,False,False
20190004,2019-01-05 16:00:00,decay,454.748545635887,265.9629610000002,504.03662989541317,-153.2305847587754,17.012269973754883,True,False,False,False,False,False
20190004,2019-01-05 17:00:00,decay,403.6126131267256,261.6702391600003,407.30282600569103,-255.8883808710615,17.012269973754883,True,False,False,False,False,False
20190004,2019-01-05 18:00:00,decay,351.6923904000047,264.5336121999997,301.3528278425626,-320.70553877371685,17.012269973754883,True,False,False,False,False,False
20190004,2019-01-05 19:00:00,decay,292.27882570569983,280.29886191999975,217.511127329824,-341.5893344899092,17.012269973754883,True,False,False,False,False,False
20190004,2019-01-05 20:00:00,decay,236.02193341881656,291.7257485999997,152.51283411431314,-342.85580187800014,17.012269973754883,True,False,False,False,False,False
20190008,2019-01-05 15:00:00,decay,-689.6161841615464,-851.6142527199999,-373.86148724674547,1030.0703399511253,17.698787689208984,True,False,False,True,True,False
20190008,2019-01-05 16:00:00,decay,-759.5187089205391,-795.3020288399998,-415.5820846546587,1018.1677254713147,17.317245483398438,True,False,False,True,True,False
20190008,2019-01-05 17:00:00,decay,-791.6063690968159,-764.0196616799997,-463.44531740508836,997.7901206183403,16.84000015258789,True,False,False,True,True,False
20190008,2019-01-05 18:00:00,decay,-845.4826302424832,-707.5621652000001,-522.6549312039077,970.730095625194,16.139501571655273,True,False,False,True,False,False
20190008,2019-01-05 19:00:00,decay,-878.9305330882851,-646.6869345199999,-579.958980355929,924.3216184739176,15.237019538879395,False,False,False,True,False,False
20190008,2019-01-05 20:00:00,decay,797.836461726584,-758.4099129199997,1004.161865183187,450.9851041747824,16.035015106201172,True,False,False,True,False,False
20190012,2019-01-05 15:00:00,mature,512.7445065989276,364.8606508799997,498.30741066398593,-384.3435287412922,15.320172309875488,False,False,False,True,False,False
20190012,2019-01-05 16:00:00,mature,456.89430289831944,371.3365805599998,433.1110890703835,-398.8208176702927,15.320172309875488,False,False,False,True,False,False
20190012,2019-01-05 17:00:00,mature,401.89120300344615,371.46359668000025,407.05681484658066,-365.7956973461492,15.320172309875488,False,False,False,True,False,False
20190012,2019-01-05 18:00:00,mature,346.9667145366687,369.8482321599996,340.0514503956058,-376.216197035816,15.320172309875488,False,False,False,True,False,False
20190004,2019-01-05 21:00:00,decay,-373.20556508171524,141.1178036399999,-394.9512488814043,-56.658091382952634,16.031044006347656,True,False,False,True,False,False
20190004,2019-01-05 22:00:00,decay,-419.9371284783838,146.08156243999983,-444.3865552083946,-14.4084804750062,16.031044006347656,True,False,False,True,False,False
20190004,2019-01-05 23:00:00,decay,-477.53526558861336,173.56168367999967,-504.0977676657765,63.63197747205885,16.031044006347656,True,False,False,True,False,False
20190004,2019-01-06 00:00:00,decay,-546.0354169269439,211.2602016799998,-584.1108704690834,40.00050440063771,16.031044006347656,True,False,False,True,False,False
20190004,2019-01-06 01:00:00,decay,-624.1472002915689,242.47299384000002,-668.2585824668539,-42.229697286713474,16.031044006347656,True,False,False,True,False,False
20190004,2019-01-06 02:00:00,decay,-703.2678525356072,260.9317422799997,-744.2617676715884,-93.51720548478477,16.031044006347656,True,False,False,True,False,False
20190008,2019-01-05 21:00:00,decay,-785.597154095384,-763.7737558000003,-603.6572176602826,914.3911647310746,17.674219131469727,True,False,False,True,True,False
20190008,2019-01-05 22:00:00,decay,-801.0168201861412,-695.3512517599997,-675.4764471024696,817.8464886243262,17.063156127929688,True,False,False,True,True,False
20190008,2019-01-05 23:00:00,decay,-858.4666382967757,-681.9882876399997,-680.4044336940784,859.7225134635864,17.063156127929688,True,False,False,True,True,False
20190008,2019-01-06 00:00:00,decay,-897.8588075544634,-638.87850444,-722.2611955676394,832.258942346562,16.793935775756836,True,False,False,True,True,False
20190008,2019-01-06 01:00:00,decay,-890.3405495085358,-626.4017588400001,-716.8444457296114,819.2798656159036,16.421606063842773,True,False,False,True,False,False
20190008,2019-01-06 02:00:00,decay,826.3169271671401,-724.9851923599997,982.3999455056621,493.2479501576084,16.79645538330078,True,False,False,True,False,False
20190012,2019-01-05 21:00:00,decay,105.4402973216392,431.6732450800001,96.99639088418411,-433.6486446106064,15.972082138061523,True,False,False,True,True,False
20190012,2019-01-05 22:00:00,decay,36.68828427562708,432.3773440799997,20.49440096788029,-433.4468564953857,15.972082138061523,True,False,False,True,True,False
20190012,2019-01-05 23:00:00,decay,-21.192961369735492,436.2217802800003,-39.240814278069195,-434.9698169954624,15.972082138061523,True,False,False,True,True,False
20190012,2019-01-06 00:00:00,decay,-79.53516320729545,437.00224480000014,-85.97392895811326,-435.7812383365714,15.972082138061523,True,False,False,True,True,False
20190012,2019-01-06 01:00:00,decay,-138.06765461251757,437.87699736,-147.05179164989516,-434.94219459574936,15.972082138061523,True,False,False,True,True,False
20190012,2019-01-06 02:00:00,decay,-197.35705313426791,439.3306139200001,-218.2924157713641,-429.31295806889915,15.972082138061523,True,False,False,True,True,False
20190013,2019-01-05 22:00:00,intensification,713.6243975248373,-428.9563691600002,350.80756030139673,755.1141655544538,14.873878479003906,False,False,False,True,False,False
20190013,2019-01-05 23:00:00,intensification,628.4514091896757,-495.3549642800001,261.95458762851854,756.113422953,14.873878479003906,False,False,False,True,False,False
20190013,2019-01-06 00:00:00,intensification,547.0014874806462,-551.3610581600003,179.78150645449716,755.5714749104193,14.873878479003906,False,False,False,True,False,False
20190013,2019-01-06 01:00:00,intensification,474.84000515923,-602.3329276799998,100.48215674108377,760.382352796169,14.873878479003906,False,False,False,True,False,False
20190013,2019-01-06 02:00:00,intensification,406.77390261362905,-646.1744172399998,51.33469782433531,761.8209331215965,14.873878479003906,False,False,False,True,False,False
20190014,2019-01-05 22:00:00,intensification,504.06315049770615,-36.64275912000008,486.65608296698,-136.33858000153668,13.363324165344238,False,False,False,True,True,False
20190014,2019-01-05 23:00:00,intensification,479.8164775121964,-27.97015188000011,451.3721114841924,-165.1344859885547,13.363324165344238,False,False,False,True,True,False
20190014,2019-01-06 00:00:00,intensification,466.7839716286633,-20.627039399999997,440.806843943328,-154.92603801995455,13.363324165344238,False,False,False,True,True,False
20190014,2019-01-06 01:00:00,intensification,417.26631162887253,-3.0305756800000396,398.30493245045693,-124.39268465208286,13.363324165344238,False,False,False,True,True,False
20190014,2019-01-06 02:00:00,intensification,369.27741861292554,10.410089800000002,355.80123092336095,-99.3965086936716,13.363324165344238,False,False,False,True,True,False
20190004,2019-01-06 03:00:00,decay,632.9131743102605,892.6356727199995,468.5274025568905,-988.8678392389296,15.27540111541748,False,False,False,True,True,False
20190004,2019-01-06 04:00:00,decay,532.0098044865545,957.33608124,481.1336809639223,-983.8888075163212,15.751583099365234,True,False,False,True,True,False
20190004,2019-01-06 05:00:00,decay,419.68023787809676,1011.8613964799998,607.5701293870044,-911.5116705937066,16.35879898071289,True,False,False,True,True,False
20190004,2019-01-06 06:00:00,decay,336.7662735692781,983.7842660799997,676.805107157038,-789.4161463552996,16.35879898071289,True,False,False,True,True,False
20190004,2019-01-06 07:00:00,decay,257.82620387263233,953.1192796399998,728.9791226677193,-665.9580702562635,16.35879898071289,True,False,False,True,True,False
20190004,2019-01-06 08:00:00,decay,181.46778961353417,893.0128248799997,777.563662696593,-475.18124386515706,16.35879898071289,True,False,False,True,True,False
20190008,2019-01-06 03:00:00,decay,-737.2969776705892,-681.4320216000002,-527.5608525510974,854.1873214931298,16.719453811645508,True,False,False,True,False,False
20190008,2019-01-06 04:00:00,decay,-805.7209367168767,-660.10722844,-579.276783404764,865.6593955539844,16.719453811645508,True,False,False,True,False,False
20190008,2019-01-06 05:00:00,decay,-872.1694203260053,-637.35308648,-644.782549475506,866.6913628791099,16.719453811645508,True,False,False,True,False,False
20190008,2019-01-06 06:00:00,decay,-928.6696993590675,-585.6636482400002,-729.1393618828359,820.8441449693955,16.665897369384766,True,False,False,True,False,False
20190008,2019-01-06 07:00:00,decay,-955.0638759836854,-452.17850040000025,-808.1572622356216,680.8041149470223,16.643644332885742,True,False,False,True,False,False
20190008,2019-01-06 08:00:00,decay,-1007.785337051456,-433.19142724000005,-866.4323871581418,672.7414188925706,16.611953735351562,True,False,False,True,False,False
20190012,2019-01-06 03:00:00,decay,65.8102588739041,220.87724779999968,54.609099250629384,-223.90979221058564,18.3566951751709,True,False,False,True,True,True
20190012,2019-01-06 04:00:00,decay,3.884016413772257,222.77247080000012,-1.1614205937162683,-222.80329986794146,18.3566951751709,True,False,False,True,True,True
20190012,2019-01-06 05:00:00,decay,-61.32695598412351,223.69609283999998,-63.16178267221725,-223.18496072053802,18.3566951751709,True,False,False,True,True,True
20190012,2019-01-06 06:00:00,decay,-130.2022914437359,223.85027103999988,-130.21268219407622,-223.84422694745885,18.3566951751709,True,False,False,True,True,True
20190012,2019-01-06 07:00:00,decay,-193.637960346718,223.70210411999983,-195.21306937043167,-222.32891989556242,18.3566951751709,True,False,False,True,True,True
20190012,2019-01-06 08:00:00,decay,-258.52146897608503,224.73738012000018,-262.0317509421418,-220.63454272382128,18.3566951751709,True,False,False,True,True,True
20190013,2019-01-06 03:00:00,intensification,-264.8453466945247,98.7893755200001,-187.02683631024502,-211.95131724326558,16.08319664001465,True,False,False,True,False,False
20190013,2019-01-06 04:00:00,intensification,-339.5279917043198,58.17950555999989,-267.94447386930267,-216.49450556740987,16.08319664001465,True,False,False,True,False,False
20190013,2019-01-06 05:00:00,intensification,-413.9560225866996,17.903372960000244,-342.11182452560746,-233.75119019783625,16.08319664001465,True,False,False,True,False,False
20190013,2019-01-06 06:00:00,intensification,-487.1405000056986,-30.620013160000326,-420.16257730753176,-248.40865641521637,16.08319664001465,True,False,False,True,False,False
20190014,2019-01-06 03:00:00,intensification,674.8380778537555,-97.03742135999983,681.2820155244582,-26.02897978180198,14.336508750915527,False,False,False,True,True,False
20190014,2019-01-06 04:00:00,intensification,653.7997487936258,-93.08645192000007,659.6304433105713,-31.731330125946826,14.336508750915527,False,False,False,True,True,False
20190014,2019-01-06 05:00:00,intensification,630.3337226043901,-88.51576404,634.6268654877406,-49.03451781243837,14.336508750915527,False,False,False,True,True,False
20190014,2019-01-06 06:00:00,intensification,599.4498636108125,-81.1557309199999,602.1258030437699,-58.05952939075756,14.336508750915527,False,False,False,True,True,False
20190014,2019-01-06 07:00:00,intensification,557.2946813153621,-71.4120026400003,559.8493524326635,-47.38922371355909,14.336508750915527,False,False,False,True,True,False
20190014,2019-01-06 08:00:00,intensification,530.978224911278,-66.46149092000013,534.0395406013115,-34.01138308833019,14.336508750915527,False,False,False,True,True,False
20190004,2019-01-06 09:00:00,decay,-606.3585920210182,-99.15706548000038,-429.8837379277538,-438.9793134278413,15.307173728942871,False,False,False,False,False,False
20190004,2019-01-06 10:00:00,decay,-710.373174763015,-246.54875300000032,-645.2186169143444,-386.14669675640187,15.307173728942871,False,False,False,False,False,False
20190004,2019-01-06 11:00:00,decay,-745.2437742512166,-254.23161412000007,-154.20324963887188,772.1679574283503,15.307173728942871,False,False,False,False,False,False
20190004,2019-01-06 12:00:00,decay,-748.6609032842846,-168.2178783999998,45.3695306705532,765.9843395308887,15.307173728942871,False,False,False,False,False,False
20190004,2019-01-06 13:00:00,decay,-757.5342597954293,-97.70823568000006,-281.0851082968208,710.2085721654393,15.307173728942871,False,False,False,False,False,False
20190004,2019-01-06 14:00:00,decay,-790.283657399257,-77.97465059999978,-711.8319119133927,352.0278887677256,15.307173728942871,False,False,False,False,False,False
20190008,2019-01-06 09:00:00,decay,-852.349517503579,-690.0320482000003,-708.9619133636899,836.6701458348848,16.695627212524414,True,False,False,True,False,False
20190008,2019-01-06 10:00:00,decay,-903.3223593321255,-623.7413221600001,-810.9663894166451,739.8500098505056,16.440635681152344,True,False,False,True,False,False
20190008,2019-01-06 11:00:00,decay,-921.375639350656,-583.8995602000001,-815.4089038353071,724.5550943418218,15.949922561645508,True,False,False,True,False,False
20190008,2019-01-06 12:00:00,decay,940.4803819176092,-571.6042662000001,1023.187158707275,405.3675174042269,15.765645980834961,True,False,False,True,False,False
20190008,2019-01-06 13:00:00,decay,890.2706374150754,-587.6258858799998,976.465375254561,429.4197952221908,15.925308227539062,True,False,False,True,False,False
20190008,2019-01-06 14:00:00,decay,944.3063053393762,-549.1851974399997,1026.9037809691129,372.54181513255037,16.2121524810791,True,False,False,True,False,False
20190012,2019-01-06 09:00:00,decay,120.01575147743084,225.72556776,110.21016809303282,-230.67191288098397,17.13064956665039,True,False,False,True,True,False
20190012,2019-01-06 10:00:00,decay,54.207877285811776,230.28968775999965,41.741630058333186,-232.8722194004794,17.13064956665039,True,False,False,True,True,False
20190012,2019-01-06 11:00:00,decay,-10.29141807585126,232.5904495199997,-19.254823579802384,-232.0204350113114,17.13064956665039,True,False,False,True,True,False
20190012,2019-01-06 12:00:00,decay,-71.63719872018633,235.03982348000028,-73.15306417000401,-234.5724537632764,17.13064956665039,True,False,False,True,True,False
20190012,2019-01-06 13:00:00,decay,-130.8321480361327,233.3514330399997,-119.42820827293988,-239.3884820334623,17.13064956665039,True,False,False,True,True,False
20190012,2019-01-06 14:00:00,decay,-195.40459720769215,229.20042156000034,-174.36419288840202,-245.58688501538188,17.13064956665039,True,False,False,True,True,False
20190013,2019-01-06 09:00:00,decay,-383.96866266500064,-434.7320960400003,-573.0819301484032,-89.4484799952566,16.16203498840332,True,False,False,True,False,False
20190013,2019-01-06 10:00:00,decay,-469.72209903855315,-605.0918825600002,-765.400073996155,-30.62292265395149,16.16203498840332,True,False,False,True,False,False
20190013,2019-01-06 11:00:00,decay,-550.0889433608642,-663.3762515600002,-824.0659371742788,252.15318346343838,16.16203498840332,True,False,False,True,False,False
20190013,2019-01-06 12:00:00,decay,-621.3312464379507,-707.68907,-898.5471826961366,281.93846503525873,16.16203498840332,True,False,False,True,False,False
20190013,2019-01-06 13:00:00,decay,-689.8204062404528,-751.0571156000003,-983.6535211779526,269.0069404928998,16.16203498840332,True,False,False,True,False,False
20190013,2019-01-06 14:00:00,decay,-753.9463263723853,-793.4607960399999,-1044.5402514939622,327.0332718727186,16.16203498840332,True,False,False,True,False,False
20190014,2019-01-06 09:00:00,intensification,340.62744629639616,73.65376479999982,-323.6665431394573,129.19714815649667,11.289115905761719,False,False,False,False,False,False
20190014,2019-01-06 12:00:00,mature,281.8590160682591,97.18803731999962,244.99413734296417,-169.90553906408581,11.289115905761719,False,False,False,False,False,False
20190014,2019-01-06 13:00:00,mature,235.82954681984535,110.63671784,200.84156357473316,-165.8876873927593,11.289115905761719,False,False,False,False,False,False
20190014,2019-01-06 14:00:00,mature,189.01765981350476,120.86613528000015,160.59653389072867,-156.66860464426543,11.289115905761719,False,False,False,False,False,False
20190004,2019-01-06 15:00:00,decay,-485.8358216900937,377.3950602400003,-576.8899561111311,-213.68541285950965,14.375249862670898,False,False,False,True,False,False
20190004,2019-01-06 16:00:00,decay,-532.4013211544019,395.6313913199999,-625.6921515414781,-220.1924069175582,14.375249862670898,False,False,False,True,False,False
20190004,2019-01-06 17:00:00,decay,-585.2367138477347,407.45068100000026,-674.6130671870641,-231.11745555695464,14.375249862670898,False,False,False,True,False,False
20190004,2019-01-06 18:00:00,decay,-636.4188968335881,424.53318027999984,-729.7493932412431,-229.61545346419862,14.375249862670898,False,False,False,True,False,False
20190004,2019-01-06 19:00:00,decay,-684.607018595019,435.6314503199997,-764.8650896925888,-271.0035516132863,14.375249862670898,False,False,False,True,False,False
20190004,2019-01-06 20:00:00,decay,-733.534085265064,446.1968315199996,-798.047363540023,-316.67692093197996,14.375249862670898,False,False,False,True,False,False
20190008,2019-01-06 15:00:00,decay,-817.2760441168327,-399.76837647999986,-725.5863188243795,548.8892247581471,16.329374313354492,True,False,False,True,False,False
20190008,2019-01-06 16:00:00,decay,-864.5297173241216,-389.9801201999996,-773.6355302776226,548.6202626405568,16.329374313354492,True,False,False,True,False,False
20190008,2019-01-06 17:00:00,decay,-909.6641938908857,-380.83607275999987,-822.2632355442364,544.4338632329352,16.329374313354492,True,False,False,True,False,False
20190008,2019-01-06 18:00:00,decay,-949.7169182632596,-372.96519216000024,-878.9703121302673,518.1471314134905,16.329374313354492,True,False,False,True,False,False
20190008,2019-01-06 19:00:00,decay,-998.6413837310165,-365.97451880000017,-947.4011842451134,483.37662107516917,16.329374313354492,True,False,False,True,False,False
20190008,2019-01-06 20:00:00,decay,-1030.1607961984937,-360.4383525600003,-994.2652030753127,450.0930770119545,16.104652404785156,True,False,False,True,False,False
20190012,2019-01-06 15:00:00,decay,98.35936010407997,250.1659850800003,129.2781853913586,-235.67930454973876,16.98348045349121,True,False,False,True,True,False
20190012,2019-01-06 16:00:00,decay,35.536120515073804,241.39307852000005,69.5380751836008,-233.87580105343224,16.98348045349121,True,False,False,True,True,False
20190012,2019-01-06 17:00:00,decay,-28.894753955179556,232.2728535600003,4.657171026433499,-234.01687132569367,16.98348045349121,True,False,False,True,True,False
20190012,2019-01-06 18:00:00,decay,-94.6839898380934,222.97507320000034,-62.38271158856189,-234.0754974256468,16.98348045349121,True,False,False,True,True,False
20190012,2019-01-06 19:00:00,decay,-162.12465378389538,213.76690544000036,-130.75532900868407,-234.27278365566235,16.98348045349121,True,False,False,True,True,False
20190012,2019-01-06 20:00:00,decay,-232.89860436415566,203.95571724000024,-202.7911650525387,-233.91331275985226,16.98348045349121,True,False,False,True,True,False
20190013,2019-01-06 15:00:00,decay,-817.3501030926049,-686.8853657600004,-1037.302466631819,252.73759008165973,15.936673164367676,True,False,False,True,False,False
20190013,2019-01-06 16:00:00,decay,-891.2966535883401,-579.9096287599998,-1057.5796725789714,110.58995602716266,15.790241241455078,True,False,False,False,False,False
20190013,2019-01-06 17:00:00,decay,-742.826466751701,-446.3552398799999,-865.0176789365212,52.617250046176366,15.772643089294434,True,False,False,False,False,False
20190013,2019-01-06 18:00:00,decay,-799.993283731258,-477.4852099599996,-930.6858857419204,42.48719602943078,15.772643089294434,True,False,False,False,False,False
20190013,2019-01-06 19:00:00,decay,-847.7144924164692,-502.75151035999977,-984.356247210011,49.21097845802956,15.772643089294434,True,False,False,False,False,False
20190013,2019-01-06 20:00:00,decay,-884.6892380509012,-522.2698025600002,-1025.0508391792316,-68.64088932333954,15.772643089294434,True,False,False,False,False,False
20190014,2019-01-06 15:00:00,mature,292.09885958770116,49.23416431999996,278.408985263329,-101.16414203346847,10.954992294311523,False,False,False,False,False,False
20190014,2019-01-06 16:00:00,mature,243.99137540588143,57.228610120000056,232.85981472504366,-92.64562469398689,10.954992294311523,False,False,False,False,False,False
20190014,2019-01-06 17:00:00,mature,204.08208309345164,62.32027559999978,200.80684179290557,-72.17981490542499,10.954992294311523,False,False,False,False,False,False
20190014,2019-01-06 18:00:00,mature,190.01930781660508,59.8496395199999,196.3165787028915,33.898637438207565,10.954992294311523,False,False,False,False,False,False
20190004,2019-01-06 21:00:00,decay,-183.078777257272,452.2353849199998,-272.7641783985243,-404.5174718579363,14.540538787841797,False,False,False,True,True,False
20190004,2019-01-06 22:00:00,decay,-254.91381758815058,471.3289913199999,-350.0938143476152,-405.6678365505836,14.540538787841797,False,False,False,True,True,False
20190004,2019-01-06 23:00:00,decay,-313.3506718817398,479.58682024000024,-359.10705438345883,-446.3566793593299,14.540538787841797,False,False,False,True,True,False
20190004,2019-01-07 00:00:00,decay,-366.188967823198,481.82858239999973,-406.873098466313,-448.0038222129745,14.540538787841797,False,False,False,True,True,False
20190004,2019-01-07 01:00:00,decay,-423.0127590908593,488.73676764000004,-529.4577966311952,-370.7800749545432,14.540538787841797,False,False,False,True,True,False
20190004,2019-01-07 02:00:00,decay,-465.87282673164106,505.83618755999964,-655.9609290125854,-206.45338200453537,14.540538787841797,False,False,False,True,True,False
20190008,2019-01-06 21:00:00,decay,-726.1882239394956,-384.02950959999964,-711.8912772618504,409.92537148913675,15.837148666381836,True,False,False,True,False,False
20190008,2019-01-06 22:00:00,decay,-808.2407460945252,-383.13338359999995,-788.5958442698784,422.0910893118893,15.837148666381836,True,False,False,True,False,False
20190008,2019-01-06 23:00:00,decay,-868.6281194972042,-376.82688296,-824.8702850307335,464.86807007571014,15.837148666381836,True,False,False,True,False,False
20190008,2019-01-07 00:00:00,decay,-927.5779342152132,-370.19176567999995,-875.0515169810654,481.3809406793898,15.837148666381836,True,False,False,True,False,False
20190008,2019-01-07 01:00:00,decay,-980.2834225480206,-362.4214070399996,-910.7792170642949,512.6266502700222,15.837148666381836,True,False,False,True,False,False
20190008,2019-01-07 02:00:00,decay,-1038.878315631627,-351.59498044,-958.6246072893383,532.8471143391623,15.837148666381836,True,False,False,True,False,False
20190012,2019-01-06 21:00:00,decay,7.89172405889864,306.8523554800002,79.54561494463078,-296.4677765210357,17.003074645996094,True,False,False,True,True,False
20190012,2019-01-06 22:00:00,decay,-51.434769213320344,286.24179144000016,33.62573443972239,-288.87576678253464,17.003074645996094,True,False,False,True,True,False
20190012,2019-01-06 23:00:00,decay,-116.80766627864408,270.19557003999995,-44.17288127173764,-291.02995297882416,17.003074645996094,True,False,False,True,True,False
20190012,2019-01-07 00:00:00,decay,-182.4347434825274,252.6989603600002,-117.57072712472373,-288.6456726159675,17.003074645996094,True,False,False,True,True,False
20190012,2019-01-07 01:00:00,decay,-252.07219552082438,238.1996416800003,-204.7786024555316,-279.90209900522115,17.003074645996094,True,False,False,True,True,False
20190012,2019-01-07 02:00:00,decay,-322.5092793123712,227.57915708000036,-287.3084807946603,-270.6627880653209,17.003074645996094,True,False,False,True,True,False
20190013,2019-01-06 21:00:00,decay,-536.0775502737565,-246.50711932000024,-575.9024390036091,128.37943968039127,16.141456604003906,True,False,False,True,False,False
20190013,2019-01-06 22:00:00,decay,-533.0288291026961,-223.4133400399996,-180.43874087565433,549.0674948980574,16.141456604003906,True,False,False,True,False,False
20190013,2019-01-06 23:00:00,decay,-558.3482528663426,-218.43933980000023,-500.93200960297247,329.44747442693307,16.141456604003906,True,False,False,True,False,False
20190013,2019-01-07 00:00:00,decay,-574.6748927338273,-214.28799436000014,-383.9485551001831,478.28243110316,16.141456604003906,True,False,False,True,False,False
20190013,2019-01-07 01:00:00,decay,-586.6974080235536,-200.57337035999967,-521.2394059991295,335.78714554431696,16.141456604003906,True,False,False,True,False,False
20190013,2019-01-07 02:00:00,decay,-607.274453838039,-205.91806619999966,-628.6406957103796,-126.47287443798385,16.141456604003906,True,False,False,True,False,False
20190014,2019-01-06 21:00:00,decay,212.72231499723142,184.82982804000017,-160.76557647989958,231.44605861876965,12.05789852142334,False,False,False,True,False,False
20190014,2019-01-06 22:00:00,decay,296.1812453129941,165.5073477199997,-271.5686887142881,203.38746159600635,12.05789852142334,False,False,False,True,False,False
20190014,2019-01-06 23:00:00,decay,285.3257328006914,175.19998012000016,157.98266531986863,-295.2071887517822,12.05789852142334,False,False,False,True,False,False
20190014,2019-01-07 00:00:00,decay,260.8915123868603,185.7878479600002,173.33043635470452,-269.32891697364977,12.05789852142334,False,False,False,True,False,False
20190014,2019-01-07 01:00:00,decay,228.44324092636782,197.60925271999992,155.1483701415209,-259.1615602822475,12.05789852142334,False,False,False,True,False,False
20190014,2019-01-07 02:00:00,decay,196.1173757852532,206.84168824000034,138.8209584012953,-248.94628052536464,12.05789852142334,False,False,False,True,False,False
20190004,2019-01-07 03:00:00,decay,497.50323780278245,224.62227523999974,218.92804727572235,-500.0351470389709,14.073586463928223,False,False,False,False,False,False
20190004,2019-01-07 04:00:00,decay,464.98473398750286,255.48852824000008,162.83226676160595,-504.9463771579585,14.073586463928223,False,False,False,False,False,False
20190004,2019-01-07 05:00:00,decay,433.6303303909052,280.52862640000023,180.89117049121074,-483.7457577107176,14.073586463928223,False,False,False,False,False,False
20190004,2019-01-07 06:00:00,decay,401.5533376052123,299.57970856000014,229.8960106749094,-445.1302157779701,14.073586463928223,False,False,False,False,False,False
20190004,2019-01-07 07:00:00,decay,361.11112458030186,313.94655643999994,224.23198335526985,-422.7099504822975,14.073586463928223,False,False,False,False,False,False
20190004,2019-01-07 08:00:00,decay,320.923248657203,329.06203132,212.18619530370228,-407.73836035830226,14.073586463928223,False,False,False,False,False,False
20190008,2019-01-07 03:00:00,decay,-1027.731702244939,-311.61440244000005,-942.7607898563626,514.3326556973858,14.015669822692871,False,False,False,False,False,False
20190008,2019-01-07 04:00:00,decay,-1020.7119312667143,-295.6054732399998,-929.8975231632021,514.320949266712,13.996904373168945,False,False,False,False,False,False
20190008,2019-01-07 05:00:00,decay,-1055.023994761678,-278.39083712,-963.4784442212497,512.1390194432211,13.76955509185791,False,False,False,False,False,False
20190008,2019-01-07 06:00:00,decay,1013.4230092777076,-372.0219778,1070.7874775086834,137.2615230510688,13.787413597106934,False,False,False,False,False,False
20190008,2019-01-07 07:00:00,decay,1063.4273957695361,-245.1592567599997,1090.427528532089,44.14399469569324,14.459851264953613,False,False,False,False,False,False
20190008,2019-01-07 08:00:00,decay,1065.9812802623808,-233.49414528000005,1089.9790746349918,52.73729806986094,15.618008613586426,True,False,False,True,False,False
20190012,2019-01-07 03:00:00,decay,-68.18165552804133,190.27894203999992,-43.06352334433334,-197.4850548562554,15.576044082641602,False,False,False,False,False,False
20190012,2019-01-07 04:00:00,decay,-136.7251340817657,181.52006179999987,-107.52867656295199,-200.20209499945958,15.576044082641602,False,False,False,False,False,False
20190012,2019-01-07 05:00:00,decay,-205.86791051386805,169.47824343999977,-167.5940657700967,-207.4046785815168,15.576044082641602,False,False,False,False,False,False
20190012,2019-01-07 06:00:00,decay,-275.0124892423241,153.67603547999968,-224.9193939965608,-220.58889211456088,15.576044082641602,False,False,False,False,False,False
20190012,2019-01-07 07:00:00,decay,-338.3263192003447,134.10219460000027,-281.79988988488446,-230.2974574784899,15.576044082641602,False,False,False,False,False,False
20190012,2019-01-07 08:00:00,decay,-407.015205787965,112.6109780400002,-353.6944415291511,-230.74412700895954,15.576044082641602,False,False,False,False,False,False
20190013,2019-01-07 03:00:00,decay,-363.67035883548914,298.33893583999975,-97.58706736568095,-460.151078252179,15.464473724365234,False,False,False,True,False,False
20190014,2019-01-07 03:00:00,decay,244.39655424982888,-117.6005630799998,264.93686524927693,58.034693053457794,12.468611717224121,False,False,False,True,False,False
20190014,2019-01-07 04:00:00,decay,206.3571914567598,-108.23320771999991,227.1503392122605,51.96576868513981,12.468611717224121,False,False,False,True,False,False
20190014,2019-01-07 05:00:00,decay,180.82346258659163,-100.76953567999965,201.44059695315667,47.679239110152544,12.468611717224121,False,False,False,True,False,False
20190014,2019-01-07 06:00:00,decay,149.781612744022,-92.16861852000021,167.63609033722634,53.176376075610754,12.468611717224121,False,False,False,True,False,False
20190014,2019-01-07 07:00:00,decay,128.85202582313084,-87.76836155999975,150.77593394767666,39.65788183775663,12.468611717224121,False,False,False,True,False,False
20190014,2019-01-07 08:00:00,decay,111.52203165087803,-78.5746653999996,136.3798716250772,3.4164604181522336,12.468611717224121,False,False,False,True,False,False
20190004,2019-01-07 09:00:00,decay,909.0728189658723,367.36869048000005,832.0782472979326,-518.6703532120844,13.751983642578125,False,False,False,False,False,False
20190004,2019-01-07 10:00:00,decay,862.0837398388817,372.85131179999985,818.2035945179244,-461.2476050057292,13.751983642578125,False,False,False,False,False,False
20190004,2019-01-07 11:00:00,decay,811.0524291075814,377.1764277600002,797.0814203657833,-405.8685867701123,13.751983642578125,False,False,False,False,False,False
20190004,2019-01-07 12:00:00,decay,743.5853309388133,376.8881089599996,718.508253795076,-422.7406773557279,13.751983642578125,False,False,False,False,False,False
20190004,2019-01-07 13:00:00,decay,690.2545565227381,384.39463920000003,605.4020496499384,-507.64057139451893,13.751983642578125,False,False,False,False,False,False
20190004,2019-01-07 14:00:00,decay,645.9587011634277,394.551476,506.9630842961576,-562.0693391241406,13.751983642578125,False,False,False,False,False,False
20190008,2019-01-07 09:00:00,decay,-589.9329459390668,-82.5719439600003,-562.7876499571001,195.21543916771472,13.28369140625,False,False,False,False,False,False
20190012,2019-01-07 09:00:00,decay,436.0542056468329,314.78401679999985,505.6539618836274,-183.15654049589392,14.531254768371582,False,False,False,False,False,False
20190012,2019-01-07 10:00:00,decay,369.91307871094347,298.3193435200002,427.7256054273202,-207.07709429447976,14.531254768371582,False,False,False,False,False,False
20190012,2019-01-07 11:00:00,decay,297.6238574700353,283.3023868399997,345.5389016889835,-222.35797791884087,14.531254768371582,False,False,False,False,False,False
20190012,2019-01-07 12:00:00,decay,225.40730195989676,271.2371912800001,265.2925968068745,-232.37449040238596,14.531254768371582,False,False,False,False,False,False
20190014,2019-01-07 09:00:00,decay,-10.730248479521501,-1101.1607419999998,515.98128180725,-972.8481046797438,10.873064994812012,False,False,False,False,False,False
20190014,2019-01-07 10:00:00,decay,181.55984111909768,-1074.6143729200003,-1089.4501454539397,29.29858296619318,10.57101821899414,False,False,False,False,False,False
20190014,2019-01-07 11:00:00,decay,164.471632386047,-1074.7753416399996,233.03640505533605,1062.0202384022605,10.57101821899414,False,False,False,False,False,False
20190014,2019-01-07 12:00:00,decay,-22.47259640963797,-1100.46176372,271.74766170318975,1066.6181694298914,10.873064994812012,False,False,False,False,False,False
20190014,2019-01-07 13:00:00,decay,112.22043321241688,-1093.75606956,449.110047197222,1003.5915159247967,10.908310890197754,False,False,False,False,False,False
20190014,2019-01-07 14:00:00,decay,132.917639855859,-1086.0702027999998,472.3897608604658,986.9465528735974,11.005266189575195,False,False,False,False,False,False
20190004,2019-01-07 15:00:00,decay,367.0339979354073,239.24137424000017,279.6332312681226,-337.2768102897693,15.97611141204834,True,False,False,True,False,False
20190004,2019-01-07 16:00:00,decay,329.0659427438764,248.81934703999983,231.31069942552148,-341.6003841722138,15.97611141204834,True,False,False,True,False,False
20190004,2019-01-07 17:00:00,decay,300.086662619666,261.0838054000002,193.09885120390044,-347.7493237780461,15.97611141204834,True,False,False,True,False,False
20190004,2019-01-07 18:00:00,decay,263.63589508023335,271.54376655999965,235.47144331930085,-296.29900727723117,15.97611141204834,True,False,False,True,False,False
20190004,2019-01-07 19:00:00,decay,193.71479918106624,271.30131160000036,194.6853411912352,-270.6056965824881,15.97611141204834,True,False,False,True,False,False
20190014,2019-01-07 15:00:00,decay,30.252954335730507,-105.41781360000039,73.55723632129344,81.34795421531885,10.736076354980469,False,False,False,False,False,False
20190014,2019-01-07 16:00:00,decay,18.484538630521673,-97.35702108000011,57.015066677760665,81.05152616505958,10.736076354980469,False,False,False,False,False,False
20190014,2019-01-07 17:00:00,decay,2.2115358080186946,-92.65185863999983,41.882769059861765,82.67461191898603,10.736076354980469,False,False,False,False,False,False
20190014,2019-01-07 18:00:00,decay,-6.938501300980065,-85.17460555999985,51.941363558547984,67.85978915590589,10.736076354980469,False,False,False,False,False,False
20190014,2019-01-07 19:00:00,decay,-9.982508202938993,-81.58542612000024,58.105746515686505,58.13393541691933,10.736076354980469,False,False,False,False,False,False
20190014,2019-01-07 20:00:00,decay,-9.698545683497398,-81.62917487999972,-81.9398052878846,-6.576647272586828,10.736076354980469,False,False,False,False,False,False
20190014,2019-01-07 21:00:00,decay,77.44556363064709,-1086.4248683199999,-6.600664618609358,1089.1617148324624,10.016573905944824,False,False,False,False,False,False
20190014,2019-01-07 22:00:00,decay,39.623100727370165,-1086.6545214799999,-715.5091951725221,818.8007271538957,10.016573905944824,False,False,False,False,False,False
20190014,2019-01-07 23:00:00,decay,61.02293661900097,-1075.2136084799997,-802.0294448747511,-718.7189104288875,9.659734725952148,False,False,False,False,False,False
20190014,2019-01-08 00:00:00,decay,66.45095482606348,-1087.0622866400001,-1013.3900373702029,-398.949591541463,9.659734725952148,False,False,False,False,False,False
20190014,2019-01-08 01:00:00,decay,69.06975967572711,-1093.4116454800003,-794.2918019237474,-754.5993583151732,9.659734725952148,False,False,False,False,False,False
20190014,2019-01-08 02:00:00,decay,75.25977056288268,-1095.7196430400004,-378.30497204403173,-1031.0920993469247,9.659734725952148,False,False,False,False,False,False
20190014,2019-01-08 03:00:00,decay,475.82857328333455,-985.3440819199998,810.3570480373901,735.2803857194531,10.342269897460938,False,False,False,False,False,False
20190014,2019-01-08 04:00:00,decay,489.33263041447066,-982.67384908,801.0610990637516,750.5967175659789,10.585708618164062,False,False,False,False,False,False
20190014,2019-01-08 05:00:00,decay,482.7272863527804,-979.4872027599997,1010.9346574299077,412.8340244786072,10.585708618164062,False,False,False,False,False,False
20190014,2019-01-08 06:00:00,decay,481.0406239427395,-975.1175588000002,1069.6666335297234,195.10927316885858,10.585708618164062,False,False,False,False,False,False
20190021,2019-01-09 10:00:00,decay,210.58342622133526,-935.2855930000001,811.8752912246189,509.86569934779743,13.976424217224121,False,False,False,True,False,False
20190021,2019-01-09 11:00:00,decay,165.56854388791936,-888.03203412,576.2780303747343,695.6417670438482,13.976424217224121,False,False,False,True,False,False
20190021,2019-01-09 12:00:00,decay,108.34369720293623,-875.5931373200003,23.350179857496116,881.9617156918463,13.976424217224121,False,False,False,True,False,False
20190021,2019-01-09 13:00:00,decay,23.53357511535965,-902.5793317199998,-289.15781581270136,855.3309515972514,13.976424217224121,False,False,False,True,False,False
20190021,2019-01-09 14:00:00,decay,-86.0790407611226,-951.0929216799998,-349.1072559856281,888.8821467136903,13.976424217224121,False,False,False,True,False,False
20190021,2019-01-09 15:00:00,decay,-198.5950082140546,-510.85182147999996,-54.80974859497698,545.3489270695685,16.073759078979492,True,False,False,True,True,True
20190021,2019-01-09 16:00:00,decay,-226.89961605087257,-478.83429704000025,269.7224042193958,456.0872114496673,16.073759078979492,True,False,False,True,True,True
20190021,2019-01-09 17:00:00,decay,-244.94799104812668,-438.8626246399999,337.6393306978316,372.28967752321967,16.073759078979492,True,False,False,True,True,True
20190021,2019-01-09 18:00:00,decay,-255.6498878606857,-387.2469915599996,277.6287947333634,371.80552708418895,16.073759078979492,True,False,False,True,True,True
20190021,2019-01-09 19:00:00,decay,-279.7164706124385,-335.4263070399997,160.4784314272566,406.200423969521,16.073759078979492,True,False,False,True,True,True
20190021,2019-01-09 20:00:00,decay,-306.7900817564975,-288.38035995999996,2.6446432776422455,421.0420313184322,16.073759078979492,True,False,False,True,True,True
20190021,2019-01-09 21:00:00,decay,598.5365697082382,104.88859831999977,485.69305177668303,-365.1710596302659,14.570250511169434,False,False,False,True,True,False
20190021,2019-01-09 22:00:00,decay,507.34280674348895,141.55952139999994,377.6039817847379,-367.2207164549266,14.570250511169434,False,False,False,True,True,False
20190021,2019-01-09 23:00:00,decay,465.8754988662301,175.43987472000038,295.57387001356386,-400.56861765599297,14.570250511169434,False,False,False,True,True,False
20190021,2019-01-10 00:00:00,decay,413.98446778533275,200.39292063999966,241.9020090711699,-391.1826686056861,14.570250511169434,False,False,False,True,True,False
20190021,2019-01-10 01:00:00,decay,369.5602447377867,234.9565561200001,131.14648914204463,-417.82766320594317,14.570250511169434,False,False,False,True,True,False
20190021,2019-01-10 02:00:00,decay,325.95814409899697,272.1896452,59.36973283308362,-420.48917879285864,14.570250511169434,False,False,False,True,True,False
20190021,2019-01-10 03:00:00,decay,427.368209613532,5.354046720000114,312.30130268202896,-291.7878488691116,18.21662712097168,True,False,False,True,True,True
20190021,2019-01-10 04:00:00,decay,376.9000545949898,49.684342400000006,259.9871155739097,-277.3605681581022,18.21662712097168,True,False,False,True,True,True
20190021,2019-01-10 05:00:00,decay,323.3907683413113,88.67884784000036,216.6849333077467,-255.91632769331258,18.21662712097168,True,False,False,True,True,True
20190021,2019-01-10 06:00:00,decay,266.356294094183,123.92198060000007,161.46226072116679,-245.4226375912044,18.21662712097168,True,False,False,True,True,True
20190021,2019-01-10 07:00:00,decay,211.24599377055375,156.68011699999977,114.42958175615351,-236.8108945263166,18.21662712097168,True,False,False,True,True,True
20190021,2019-01-10 08:00:00,decay,152.56432082131076,182.50524380000013,72.84731576966493,-226.44492616819673,18.21662712097168,True,False,False,True,True,True
20190021,2019-01-10 09:00:00,decay,444.40074772312164,-45.6199378800003,416.98735826570305,-160.29580891475277,16.84268569946289,True,False,False,True,True,False
20190021,2019-01-10 12:00:00,intensification,243.0752012371063,81.97615932000008,160.50483188060872,-200.10957772254505,16.84268569946289,True,False,False,True,True,False
20190021,2019-01-10 13:00:00,intensification,170.20370556279337,124.86341384000006,75.75812910081996,-197.03014839924543,16.84268569946289,True,False,False,True,True,False
20190021,2019-01-10 14:00:00,intensification,97.42572356226853,173.94095091999998,-35.06929889926563,-196.25842731791005,16.84268569946289,True,False,False,True,True,False
20190021,2019-01-10 15:00:00,intensification,496.7083589083002,69.74654412000034,297.34279394287097,-403.94434903375895,16.567489624023438,True,False,False,True,True,False
20190021,2019-01-10 16:00:00,intensification,425.3206901099621,143.12479191999972,179.7599294872996,-411.17972134880233,16.567489624023438,True,False,False,True,True,False
20190021,2019-01-10 17:00:00,intensification,354.4735838776408,219.63903543999993,97.45903024763115,-405.4559963538136,16.567489624023438,True,False,False,True,True,False
20190021,2019-01-10 18:00:00,intensification,284.65312963247305,276.6247453200003,74.1642016604072,-389.93374453231286,16.567489624023438,True,False,False,True,True,False
20190021,2019-01-10 19:00:00,intensification,211.13084662677022,316.6839152400003,65.95967152805076,-374.8523153202927,16.567489624023438,True,False,False,True,True,False
20190021,2019-01-10 20:00:00,intensification,132.85955841948922,341.25045812000013,17.52860002691905,-365.78174586989434,16.567489624023438,True,False,False,True,True,False
20190021,2019-01-10 21:00:00,intensification,519.5411906030926,229.87691320000008,446.65697743634786,-351.08971568968695,16.894222259521484,True,False,False,True,True,False
20190021,2019-01-10 22:00:00,intensification,403.8244666015107,251.31848103999974,350.0063845922756,-322.0725220860846,16.894222259521484,True,False,False,True,True,False
20190021,2019-01-10 23:00:00,intensification,306.30315808273826,269.2141729199996,229.92565494583164,-336.79680632421207,16.894222259521484,True,False,False,True,True,False
20190021,2019-01-11 00:00:00,intensification,205.8038522403494,300.61075440000013,80.28584431356106,-355.35367517554033,16.894222259521484,True,False,False,True,True,False
20190021,2019-01-11 01:00:00,intensification,99.69546462863187,348.7310507999996,-77.68459714339878,-354.2846804848588,16.894222259521484,True,False,False,True,True,False
20190021,2019-01-11 02:00:00,intensification,-17.64574552241514,417.0385612800002,-221.90608628052294,-353.5395632757321,16.894222259521484,True,False,False,True,True,False
20190028,2019-01-10 22:00:00,intensification,401.94212915895645,-219.99080664000007,457.61726797637095,23.23502203130886,14.41590690612793,False,False,False,True,True,True
20190028,2019-01-10 23:00:00,intensification,326.1159107880492,-183.33079292000005,371.9554955245569,40.13572287720899,14.41590690612793,False,False,False,True,True,True
20190028,2019-01-11 00:00:00,intensification,217.93496192783402,-141.06180968000007,256.2176824049582,41.79211652590692,14.41590690612793,False,False,False,True,True,True
20190028,2019-01-11 01:00:00,intensification,232.03302711317156,-142.07560092000008,268.7938731542916,42.126663798543774,14.41590690612793,False,False,False,True,True,True
20190028,2019-01-11 02:00:00,intensification,109.69305884110297,-95.98811904000009,135.98453066775824,52.483269465844295,14.41590690612793,False,False,False,True,True,True
20190021,2019-01-11 03:00:00,intensification,465.9062204213931,314.71644556000035,267.2340152161726,-494.6726477628521,18.09406089782715,True,False,False,True,True,False
20190021,2019-01-11 04:00:00,intensification,340.5158701139166,375.11645115999966,139.4879499926927,-487.0385216152273,18.09406089782715,True,False,False,True,True,False
20190021,2019-01-11 05:00:00,intensification,211.11888487792837,434.64415324000004,34.617458032335065,-481.9630225413523,18.09406089782715,True,False,False,True,True,False
20190021,2019-01-11 06:00:00,intensification,87.14741765993107,472.01995456000026,-59.769029027309074,-476.2616645046627,18.09406089782715,True,False,False,True,True,False
20190021,2019-01-11 07:00:00,intensification,-31.561047307696022,508.3166198000001,-160.47914620162595,-483.35114493135706,18.09406089782715,True,False,False,True,True,False
20190021,2019-01-11 08:00:00,intensification,-140.2030476904876,529.5148421199996,-208.4649217713893,-506.54243553518563,18.09406089782715,True,False,False,True,True,False
20190028,2019-01-11 03:00:00,intensification,31.78220035192533,-291.4245166800001,7.397886298546577,293.05908697683367,13.80288028717041,False,False,False,True,True,True
20190028,2019-01-11 04:00:00,intensification,7.6392422831754745,-292.9846664799998,3.1394256061180803,293.0674270913119,13.80288028717041,False,False,False,True,True,True
20190028,2019-01-11 05:00:00,intensification,-16.825752782189234,-292.17893232000006,6.335950471803862,292.5944124209506,13.80288028717041,False,False,False,True,True,True
20190028,2019-01-11 06:00:00,intensification,-47.05935885985241,-288.59865848000015,-45.581294614134386,288.8357916084078,13.80288028717041,False,False,False,True,True,True
20190028,2019-01-11 07:00:00,intensification,-76.46725776374282,-291.8703532800001,-116.98469631917627,278.1189052560233,13.80288028717041,False,False,False,True,True,True
20190028,2019-01-11 08:00:00,intensification,-79.78172034794544,-293.32230004,-204.2088718929428,-225.1706713642903,13.80288028717041,False,False,False,True,True,True
20190021,2019-01-11 09:00:00,intensification,-411.28875254437565,-300.1763837599997,-417.7155218918913,291.16669127378594,19.482879638671875,True,False,False,True,True,True
20190021,2019-01-11 10:00:00,intensification,-502.37594623984074,-309.49665075999985,-520.7423418679564,277.483660019665,19.482879638671875,True,False,False,True,True,True
20190021,2019-01-11 11:00:00,intensification,-581.6798732606065,-311.1375075600002,-585.8709947469296,303.1719002172987,19.482879638671875,True,False,False,True,True,True
20190021,2019-01-11 12:00:00,intensification,-661.8014468190877,-311.73707708000035,-657.9569037781476,319.7715950626214,19.482879638671875,True,False,False,True,True,True
20190021,2019-01-11 13:00:00,intensification,-737.9808667555214,-309.1743793600004,-727.2959470825231,333.5343489165819,19.482879638671875,True,False,False,True,True,True
20190021,2019-01-11 14:00:00,intensification,-817.1534330010946,-306.3988377999999,-814.5085075935756,313.3622056476357,19.482879638671875,True,False,False,True,True,True
20190028,2019-01-11 09:00:00,intensification,54.53696167397873,-188.62873435999984,-59.745190474644026,-187.0443579208764,14.11221694946289,False,False,False,True,True,True
20190028,2019-01-11 10:00:00,intensification,149.79673673134104,-184.89751060000015,-120.49303741420775,-205.20131504484615,14.11221694946289,False,False,False,True,True,True
20190028,2019-01-11 11:00:00,intensification,144.320507167117,-174.96732131999988,216.78581602588278,-66.677449627757,14.11221694946289,False,False,False,True,True,True
20190028,2019-01-11 12:00:00,intensification,138.78813604484785,-158.39188463999986,170.09476272550046,-124.16886695130111,14.11221694946289,False,False,False,True,True,True
20190028,2019-01-11 13:00:00,intensification,141.0432933993385,-140.0689465999998,127.41671580269832,-152.5696593317947,14.11221694946289,False,False,False,True,True,True
20190028,2019-01-11 14:00:00,intensification,141.15248220235043,-129.1136114400001,145.17727778120468,-124.57088707640766,14.11221694946289,False,False,False,True,True,True
20190021,2019-01-11 15:00:00,intensification,-639.0333907829009,-29.475977520000093,-639.7103699006186,-1.774944468194068,21.722543716430664,True,True,False,True,True,True
20190021,2019-01-11 16:00:00,intensification,-722.1019970768325,-36.165084999999856,-722.592121276751,-24.491505143051768,21.722543716430664,True,True,False,True,True,True
20190021,2019-01-11 17:00:00,intensification,-803.0567150192833,-43.24147476000026,-803.5832303564198,-31.998508823430477,21.722543716430664,True,True,False,True,True,True
20190021,2019-01-11 18:00:00,intensification,-879.4201067063295,-50.887377639999976,-880.6030661861803,-22.52751885906774,21.722543716430664,True,True,False,True,True,True
20190021,2019-01-11 19:00:00,intensification,-952.4004599132398,-55.69350732000003,-954.0184938317319,-4.137176281876904,21.722543716430664,True,True,False,True,True,True
20190021,2019-01-11 20:00:00,intensification,-1016.5167560372058,-59.497200399999876,-1017.7210214354843,33.01749063991166,21.722543716430664,True,True,False,True,True,True
20190028,2019-01-11 15:00:00,intensification,62.57715651457896,-145.0912597199998,156.80518062183708,19.48100343256472,13.45511245727539,False,False,False,True,True,True
20190028,2019-01-11 16:00:00,intensification,53.570725838875866,-136.5498987599999,131.7673725746962,64.44421652120087,13.45511245727539,False,False,False,True,True,True
20190028,2019-01-11 17:00:00,intensification,36.62642115476923,-121.2215800400001,90.33418610744525,88.74627324178815,13.45511245727539,False,False,False,True,True,True
20190028,2019-01-11 18:00:00,intensification,18.815890304065874,-117.45028107999995,52.8067209056136,106.5835657167758,13.45511245727539,False,False,False,True,True,True
20190021,2019-01-11 21:00:00,intensification,75.80095880152714,163.69917696000016,51.82450919200443,-172.79301530912673,22.664491653442383,True,True,False,True,True,True
20190021,2019-01-11 22:00:00,intensification,5.805813189369399,181.66911928000002,-16.202792941835362,-181.03824421277605,22.664491653442383,True,True,False,True,True,True
20190021,2019-01-11 23:00:00,intensification,-56.95610617828217,179.61170304000015,-51.30265186032585,-181.30747312788617,22.664491653442383,True,True,False,True,True,True
20190021,2019-01-12 00:00:00,intensification,-118.77908586249899,177.83069436000008,-118.50074462972165,-178.0162931225459,22.664491653442383,True,True,False,True,True,True
20190021,2019-01-12 01:00:00,intensification,-173.16919053647388,179.43292311999988,-179.48595013753496,-173.11422862858993,22.664491653442383,True,True,False,True,True,True
20190021,2019-01-12 02:00:00,intensification,-227.6083959889347,181.66911928000002,-232.98523656347933,-174.72014871813195,22.664491653442383,True,True,False,True,True,True
20190028,2019-01-11 21:00:00,mature,114.4443025629741,-155.1107276400001,115.479214408493,-154.3417871405316,13.615673065185547,False,False,False,True,True,True
20190028,2019-01-11 22:00:00,mature,147.834788964823,-130.92957460000014,118.45330677538482,-158.00788729423394,13.615673065185547,False,False,False,True,True,True
20190028,2019-01-11 23:00:00,mature,117.68652403945802,-112.91644012000019,160.51133750888388,28.91973238072373,13.615673065185547,False,False,False,True,True,True
20190028,2019-01-12 00:00:00,mature,90.20876804931687,-92.59452883999982,128.62715159563498,12.90056109130704,13.615673065185547,False,False,False,True,True,True
20190028,2019-01-12 01:00:00,mature,72.84007923176611,-75.23940687999999,103.2750142079237,17.346957384432322,13.615673065185547,False,False,False,True,True,True
20190028,2019-01-12 02:00:00,mature,49.95227964345473,-62.8926830400001,78.64107324345125,16.31874445740098,13.615673065185547,False,False,False,True,True,True
20190021,2019-01-12 03:00:00,intensification,-83.74839104465212,377.4392542800002,-103.6577272622562,-372.46376904718437,22.618194580078125,True,True,False,True,True,True
20190021,2019-01-12 04:00:00,intensification,-129.92128862144864,381.63011832000024,-174.19762793029668,-363.56055186097,22.618194580078125,True,True,False,True,True,True
20190021,2019-01-12 05:00:00,intensification,-175.01986422037947,387.96088671999985,-192.01399392430818,-379.8371080259594,22.618194580078125,True,True,False,True,True,True
20190021,2019-01-12 06:00:00,intensification,-215.05967051714933,385.2723974000002,-198.34527785209076,-394.1378348180562,22.618194580078125,True,True,False,True,True,True
20190021,2019-01-12 07:00:00,intensification,-257.9254669500993,384.53056092000014,-235.8362918942253,-398.46021408474206,22.618194580078125,True,True,False,True,True,True
20190021,2019-01-12 08:00:00,intensification,-286.9435375809646,381.35883148000016,-241.1171311159203,-411.86609618867357,22.618194580078125,True,True,False,True,True,True
20190028,2019-01-12 03:00:00,mature,67.59931743265386,-105.87956896000007,124.56455224274808,16.242634179214633,13.366194725036621,False,False,False,True,True,True
20190028,2019-01-12 04:00:00,mature,51.61230224719076,-90.99063027999988,99.50095983380928,32.29061061915172,13.366194725036621,False,False,False,True,True,True
20190028,2019-01-12 05:00:00,mature,36.715615804657006,-77.5737872799998,77.86347323724488,36.09720837281867,13.366194725036621,False,False,False,True,True,True
20190028,2019-01-12 06:00:00,mature,25.834054284203162,-69.47291955999987,74.01764183085629,-3.9081467153166045,13.366194725036621,False,False,False,True,True,True
20190021,2019-01-12 09:00:00,intensification,-58.302131235519695,183.182626,-25.027665072006023,-190.6007055493319,21.531055450439453,True,True,False,True,True,True
20190021,2019-01-12 10:00:00,intensification,-99.54666531695047,174.17193991999974,-91.01886210958943,-178.7763126689229,21.531055450439453,True,True,False,True,True,True
20190021,2019-01-12 11:00:00,intensification,-121.01837204933943,180.20236695999986,-137.66081969651518,-167.83276840933752,21.531055450439453,True,True,False,True,True,True
20190021,2019-01-12 12:00:00,intensification,-145.34803544486851,178.49527475999983,-130.4426147402951,-189.66111562216838,21.531055450439453,True,True,False,True,True,True
20190021,2019-01-12 13:00:00,intensification,-161.6632965914644,176.9636228799998,-89.69844622197579,-222.27310685955214,21.531055450439453,True,True,False,True,True,True
20190021,2019-01-12 14:00:00,intensification,-187.9604256079382,162.95466879999972,-111.22246977470294,-222.51496106026258,21.531055450439453,True,True,False,True,True,True
20190028,2019-01-12 09:00:00,decay,179.14557880529705,-172.3467372000001,248.5681694103201,3.22511782315118,13.99710464477539,False,False,False,True,True,True
20190028,2019-01-12 10:00:00,decay,105.08343211978136,-104.05970959999999,147.08105859926212,-15.430912786658439,13.99710464477539,False,False,False,True,True,True
20190028,2019-01-12 11:00:00,decay,113.80022047458611,-92.64529075999981,33.65653660222208,-142.8316408363798,13.99710464477539,False,False,False,True,True,True
20190028,2019-01-12 12:00:00,decay,115.50503485765768,-82.29698356000003,75.61048591130228,-119.98858696059551,13.99710464477539,False,False,False,True,True,True
20190028,2019-01-12 13:00:00,decay,115.12173106270102,-67.15557112000015,64.77251458330254,-116.47920436662554,13.99710464477539,False,False,False,True,True,True
20190028,2019-01-12 14:00:00,decay,116.05197223141717,-47.36465623999987,67.77142957528935,-105.4443182578207,13.99710464477539,False,False,False,True,True,True
20190021,2019-01-12 15:00:00,intensification,-184.7398922588205,152.93675936000025,-129.57545473394094,-201.81348241837475,22.458457946777344,True,True,False,True,True,True
20190021,2019-01-12 18:00:00,mature,-288.89985374842047,110.08000652,-214.82103755886106,-222.3345568134571,22.458457946777344,True,True,False,True,True,True
20190021,2019-01-12 19:00:00,mature,-323.25805213168843,94.18273128000025,-252.27080198923218,-222.9923711767821,22.458457946777344,True,True,False,True,True,True
20190021,2019-01-12 20:00:00,mature,-359.7803129889744,77.41326383999971,-297.04721954568015,-217.25017006434376,22.458457946777344,True,True,False,True,True,True
20190028,2019-01-12 15:00:00,decay,205.88203070911456,-87.50998783999991,194.98488572296674,-109.66450145907443,16.15740966796875,True,False,False,True,True,True
20190028,2019-01-12 16:00:00,decay,186.4540329251449,-68.09255155999992,170.98942939702448,-100.81823746962769,16.15740966796875,True,False,False,True,True,True
20190028,2019-01-12 17:00:00,decay,178.6185196264961,-54.56583572000001,129.57920746503007,-134.5036615639801,16.15740966796875,True,False,False,True,True,True
20190028,2019-01-12 18:00:00,decay,167.94122777438946,-32.13429911999991,87.94611569737343,-146.6367958598632,16.15740966796875,True,False,False,True,True,True
20190028,2019-01-12 19:00:00,decay,164.3687920504737,-16.384522879999924,98.06294017839456,-132.92558878449896,16.15740966796875,True,False,False,True,True,True
20190028,2019-01-12 20:00:00,decay,146.65437438252752,3.2974097199998647,102.98596057053761,-104.46181293542517,16.15740966796875,True,False,False,True,True,True
20190021,2019-01-12 21:00:00,mature,-13.803885856700143,312.59234864000035,35.84646967014614,-310.836861239467,22.972105026245117,True,True,False,True,True,True
20190021,2019-01-12 22:00:00,mature,-44.38472534065436,317.32678824000027,-11.599963364956245,-320.2057701357222,22.972105026245117,True,True,False,True,True,True
20190021,2019-01-12 23:00:00,mature,-77.35925678539702,306.2187220399998,39.14483969976189,-313.4039595523318,22.972105026245117,True,True,False,True,True,True
20190021,2019-01-13 00:00:00,mature,-115.85106596098659,290.27947916000005,5.378014266214706,-312.4975559396428,22.972105026245117,True,True,False,True,True,True
20190021,2019-01-13 01:00:00,mature,-151.88211209474514,275.8964898799999,-28.420886666507982,-313.6547501689638,22.972105026245117,True,True,False,True,True,True
20190021,2019-01-13 02:00:00,mature,-192.40000093166648,257.73285076000025,-72.6195216839724,-313.3215405773642,22.972105026245117,True,True,False,True,True,True
20190028,2019-01-12 21:00:00,decay,191.3021795190831,-168.46122391999998,-179.3669847813636,181.1165167062848,13.543828010559082,False,False,False,True,True,True
20190028,2019-01-12 22:00:00,decay,219.4473067008746,-216.06443891999987,-237.8414415060173,195.63335831708716,13.543828010559082,False,False,False,True,True,True
20190028,2019-01-12 23:00:00,decay,193.5071242833022,-187.96036908000013,266.67752928808056,-40.70875662419802,13.543828010559082,False,False,False,True,True,True
20190028,2019-01-13 00:00:00,decay,180.8548979982336,-165.31264904000008,238.59537444406328,-55.75852720858897,13.543828010559082,False,False,False,True,True,True
20190028,2019-01-13 01:00:00,decay,165.18025052702438,-146.79801795999992,219.45679789230806,-25.940067463475287,13.543828010559082,False,False,False,True,True,True
20190028,2019-01-13 02:00:00,decay,145.78131503796234,-125.92362551999994,191.96057859679087,-16.12722986393119,13.543828010559082,False,False,False,True,True,True
20190021,2019-01-13 03:00:00,mature,48.43444892999962,324.62782175999985,171.29037213001834,-279.9798687751582,22.612688064575195,True,True,False,True,True,True
20190021,2019-01-13 04:00:00,mature,2.668637204798771,305.4123199599998,122.37372676694403,-279.83651978440815,22.612688064575195,True,True,False,True,True,True
20190021,2019-01-13 05:00:00,mature,-43.089954204076044,286.56840431999973,71.32956470836035,-280.87414923117444,22.612688064575195,True,True,False,True,True,True
20190021,2019-01-13 06:00:00,mature,-99.62674621628582,263.5199322800002,5.76595074902022,-281.6646890940716,22.612688064575195,True,True,False,True,True,True
20190021,2019-01-13 07:00:00,mature,-152.87658485548133,243.60211259999994,-68.29465310364286,-279.37265402632255,22.612688064575195,True,True,False,True,True,True
20190021,2019-01-13 08:00:00,mature,-229.9802963773931,221.2968128800003,-177.70587552462257,-265.11099169349205,22.612688064575195,True,True,False,True,True,True
20190028,2019-01-13 03:00:00,decay,314.95906260152725,-46.9688023199999,259.54272804232176,-184.5070508857518,13.858211517333984,False,False,False,True,True,True
20190028,2019-01-13 04:00:00,decay,292.9651799273284,-26.40087384000016,228.1344476163188,-185.6886550119974,13.858211517333984,False,False,False,True,True,True
20190028,2019-01-13 05:00:00,decay,275.2236677152412,-8.655463960000143,202.51014568961799,-186.5814171340814,13.858211517333984,False,False,False,True,True,True
20190028,2019-01-13 06:00:00,decay,255.10048750441783,10.315690439999857,182.48759724018493,-178.55237060243581,13.858211517333984,False,False,False,True,True,True
20190028,2019-01-13 07:00:00,decay,240.37088466247124,22.451128920000073,159.3115614241231,-181.38919973308597,13.858211517333984,False,False,False,True,True,True
20190028,2019-01-13 08:00:00,decay,225.3187173601447,38.13010564000005,118.61704659875043,-195.32645905029918,13.858211517333984,False,False,False,True,True,True
20190021,2019-01-13 09:00:00,mature,179.80815157471014,347.54504752000014,183.80804572336496,-345.446282011763,21.65472412109375,True,True,False,True,True,True
20190021,2019-01-13 10:00:00,mature,102.79075631887194,358.58554248000036,51.314139891840185,-369.4812443243128,21.65472412109375,True,True,False,True,True,True
20190021,2019-01-13 11:00:00,mature,-37.92965342438179,377.53821776000035,-89.53302296430888,-368.72429032701893,21.65472412109375,True,True,False,True,True,True
20190028,2019-01-13 09:00:00,decay,349.8242597242307,-108.4538439600001,135.3582512900136,-340.31954508816506,15.347664833068848,False,False,False,True,True,True
20190036,2019-01-18 12:00:00,decay,955.9402867591594,-182.9252541599996,603.841612425028,763.3208942264232,15.539360046386719,False,False,False,True,True,False
20190036,2019-01-18 13:00:00,decay,964.6153632906721,-194.24093216000034,604.7645290750313,776.1908291106234,15.606215476989746,True,False,False,True,True,False
20190036,2019-01-18 14:00:00,decay,969.8584871160351,-223.90248012000018,577.9310092067867,810.403328122557,15.889915466308594,True,False,False,True,True,False
20190036,2019-01-18 15:00:00,decay,979.3832575733588,-245.31721984000032,581.1475614981821,825.6146893858827,16.36028289794922,True,False,False,True,True,False
20190036,2019-01-18 16:00:00,decay,534.9968388140571,871.7814292000002,964.5466778709739,-340.40297302916895,16.918546676635742,True,False,False,True,True,False
20190036,2019-01-18 17:00:00,decay,427.74971452464723,790.3717773599999,825.4893790216577,-355.2810856850678,16.918546676635742,True,False,False,True,True,False
20190036,2019-01-18 18:00:00,decay,1077.2537804797544,223.91650644000035,993.8575160356911,472.08214034591845,17.016502380371094,True,False,False,True,True,False
20190036,2019-01-18 19:00:00,decay,1032.495703571308,-336.1724849999999,639.3917684958082,877.6317473428638,17.47468376159668,True,False,False,True,True,False
20190036,2019-01-18 20:00:00,decay,1045.432588832176,-353.07108364000027,678.1115400269174,870.4902223330207,17.932050704956055,True,False,False,True,True,False
20190036,2019-01-18 21:00:00,decay,1018.0650685020397,-420.08327459999975,666.830363120826,876.5065362693359,18.71839714050293,True,False,False,True,True,True
20190036,2019-01-18 22:00:00,decay,991.3906581123155,-483.2672820800003,647.1718531693907,893.0684718355346,18.84722328186035,True,False,False,True,True,True
20190036,2019-01-18 23:00:00,decay,974.5996528409165,-511.3647840399997,671.3643611933334,872.1286144791823,18.938980102539062,True,False,False,True,True,True
20190036,2019-01-19 00:00:00,decay,918.2006018817348,-537.4906974799999,662.0487220849697,832.8745912555954,18.938980102539062,True,False,False,True,True,True
20190036,2019-01-19 01:00:00,decay,854.2477264931093,-562.5994800799999,669.7453082250311,773.1096787102657,18.938980102539062,True,False,False,True,True,True
20190036,2019-01-19 02:00:00,decay,944.1599594488896,-553.6393332800002,806.2020902914719,740.2653105413714,19.506988525390625,True,False,False,True,True,True
20190036,2019-01-19 03:00:00,decay,872.0177268729162,-574.0761268,758.4662773032695,717.4309872984421,17.67028045654297,True,False,False,True,True,False
20190036,2019-01-19 04:00:00,decay,772.0451997086801,-589.6663814799997,667.9254135344801,705.4331107877813,17.67028045654297,True,False,False,True,True,False
20190036,2019-01-19 05:00:00,decay,863.3349662094631,-604.8667935199998,716.0649036736975,773.6033580006227,17.732194900512695,True,False,False,True,True,False
20190036,2019-01-19 06:00:00,decay,964.8496809902717,-456.2411237999997,817.8011800851017,685.7784626282244,17.975400924682617,True,False,False,True,True,False
20190036,2019-01-19 07:00:00,decay,904.8871154673647,-473.68496779999975,784.6739792423705,653.8232840443038,17.975400924682617,True,False,False,True,True,False
20190036,2019-01-19 08:00:00,decay,852.2019107674921,-677.0504664,682.2815523819073,848.0196424892274,18.106718063354492,True,False,False,True,True,False
20190036,2019-01-19 09:00:00,decay,569.6434936558444,-916.1121701599998,-610.1514235006705,889.6462547438762,17.88544464111328,True,False,False,True,True,False
20190036,2019-01-19 10:00:00,decay,323.39040861679024,-1036.57198744,-799.8059116022174,734.4204145425098,17.52956199645996,True,False,False,True,True,False
20190036,2019-01-19 11:00:00,decay,475.8639525183489,-989.7123900400003,274.8503582073047,1063.2188847544005,17.59376335144043,True,False,False,True,True,False
20190036,2019-01-19 12:00:00,decay,1028.423228001879,-388.48275488,923.3070070832196,596.722177737669,17.64488983154297,True,False,False,True,True,False
20190036,2019-01-19 13:00:00,decay,1025.0697628340317,-369.02134719999987,728.2259037524187,810.3282091041222,17.787158966064453,True,False,False,True,True,False
20190036,2019-01-19 14:00:00,decay,1016.8172909562787,-389.97121459999994,490.34588225362904,972.3969699465208,17.787158966064453,True,False,False,True,True,False
20190036,2019-01-19 15:00:00,decay,369.7789175414025,397.8616875199999,499.48329872492513,-213.41697343280964,16.921493530273438,True,False,False,True,True,False
20190036,2019-01-19 16:00:00,decay,327.7068274423303,383.90583308000026,436.9392102786504,-252.70453091750352,16.921493530273438,True,False,False,True,True,False
20190036,2019-01-19 17:00:00,decay,279.0637897231566,366.52533016,314.4497663835317,-336.6582255120014,16.921493530273438,True,False,False,True,True,False
20190036,2019-01-19 18:00:00,decay,206.27351420319667,372.01474200000007,220.6530403369137,-363.67013448610174,16.921493530273438,True,False,False,True,True,False
20190036,2019-01-19 19:00:00,decay,135.11991863709633,361.06341436000014,179.4598266691877,-341.20133677003935,16.921493530273438,True,False,False,True,True,False
20190036,2019-01-19 20:00:00,decay,43.53949773439606,351.98014763999964,85.82720302687237,-344.1212045431427,16.921493530273438,True,False,False,True,True,False
20190036,2019-01-19 21:00:00,decay,-338.3505699192871,-1048.6945128000002,-217.2564881359434,1080.2966757814138,16.259552001953125,True,False,False,True,True,False
20190036,2019-01-19 22:00:00,decay,-168.67817780758648,-1073.25048028,86.3474963853227,1082.9880105327688,16.447704315185547,True,False,False,True,True,False
20190036,2019-01-19 23:00:00,decay,-265.90007388251263,-1046.8030746799998,15.403724173706394,1079.9362257706734,16.447704315185547,True,False,False,True,True,False
20190036,2019-01-20 00:00:00,decay,-351.93111752452296,-1018.2584002799999,24.81993598386606,1077.0745805191955,16.447704315185547,True,False,False,True,True,False
20190036,2019-01-20 01:00:00,decay,-442.8982999920704,-973.1518702399998,-27.2491424342212,1068.8502939720206,16.447704315185547,True,False,False,True,True,False
20190036,2019-01-20 02:00:00,decay,-530.5042591054087,-932.9925123200003,-138.85620771326154,1064.2503232574825,16.447704315185547,True,False,False,True,True,False
