"V1","V2","V3","V4","V5","V6","V7","V8","V9","V10","V11","V12","V13","V14","V15","V16","V17","V18","V19","V20","V21","V22","V23","V24","V25","V26","V27","V28","V29","V30","V31","V32","V33","V34","V35","V36","V37","V38","V39","V40","V41","V42","V43","V44","V45","V46","V47","V48","V49","V50","V51","V52","V53","V54","V55","V56","V57","V58","V59","V60","V61","V62","V63","V64","V65","V66","V67","V68","V69","V70","V71","V72","V73","V74","V75","V76","V77","V78","V79","V80","V81","V82","V83","V84","V85","V86","V87","V88","V89"
NA,NA,NA,NA,NA,NA,NA,NA,NA,NA,NA,NA,NA,NA,NA,NA,NA,NA,NA,NA,NA,NA,NA,NA,NA,NA,NA,NA,NA,NA,NA,NA,NA,NA,NA,NA,NA,NA,NA,NA,NA,NA,NA,NA,124.933211467266,NA,NA,NA,NA,NA,NA,NA,NA,NA,NA,NA,NA,NA,NA,NA,NA,NA,NA,NA,NA,NA,NA,NA,NA,NA,NA,NA,NA,NA,NA,NA,NA,NA,NA,NA,NA,NA,NA,NA,NA,NA,NA,NA,NA
NA,NA,NA,NA,NA,NA,NA,NA,NA,NA,NA,NA,NA,NA,NA,NA,NA,NA,NA,NA,NA,NA,NA,NA,NA,NA,NA,NA,NA,NA,NA,NA,NA,NA,NA,126.751141491077,127.482387949051,124.149503328799,128.981080980513,129.669883945297,126.372290201261,128.473080715788,125.358699837696,126.402283045836,126.197212522242,126.67524479678,124.893854170878,124.672856391116,125.599724902712,125.288749874606,124.048681624164,121.978967010116,120.420544921537,117.147952016638,NA,NA,NA,NA,NA,NA,NA,NA,NA,NA,NA,NA,NA,NA,NA,NA,NA,NA,NA,NA,NA,NA,NA,NA,NA,NA,NA,NA,NA,NA,NA,NA,NA,NA,NA
NA,NA,NA,NA,NA,NA,NA,NA,NA,NA,NA,NA,NA,NA,NA,NA,NA,NA,NA,NA,NA,NA,NA,NA,NA,NA,NA,NA,NA,NA,NA,130.095258275993,129.488672548133,131.990033691982,133.015455029628,131.553568191117,130.646044949454,129.693991876354,129.003165208398,131.471512299407,130.857590306371,129.212358411596,128.281670306746,126.932375399133,126.548958882792,127.552004221456,129.825200313277,125.554658503523,126.286590867231,124.248621494293,123.823442296645,122.220281288961,119.50769337747,117.821465710755,114.747768766713,114.876437095858,114.523266076484,115.753447583694,NA,NA,NA,NA,NA,NA,NA,NA,NA,NA,NA,NA,NA,NA,NA,NA,NA,NA,NA,NA,NA,NA,NA,NA,NA,NA,NA,NA,NA,NA,NA
NA,NA,NA,NA,NA,NA,NA,NA,NA,NA,NA,NA,NA,NA,NA,NA,NA,NA,NA,NA,NA,NA,NA,NA,NA,NA,NA,NA,NA,130.916927352767,134.586106928864,130.20113159025,131.110305481,135.068700615359,134.887200471417,132.975140290342,131.79118932162,132.668166485608,132.890013865322,133.828670562211,133.87380416349,132.789588410693,130.419810711717,129.37659787066,129.322088919317,127.366193917376,127.085192514212,126.911096537082,123.955718824641,124.742744699366,122.2256885602,122.953673787857,119.705579985237,117.334596051884,119.451743144751,117.828159172205,116.523417132521,114.800679373244,113.154486775986,110.095909404433,NA,NA,NA,NA,NA,NA,NA,NA,NA,NA,NA,NA,NA,NA,NA,NA,NA,NA,NA,NA,NA,NA,NA,NA,NA,NA,NA,NA,NA
NA,NA,NA,NA,NA,NA,NA,NA,NA,NA,NA,NA,NA,NA,NA,NA,NA,NA,NA,NA,NA,NA,NA,NA,NA,NA,130.394983489959,132.058228823492,129.238821955042,133.546723648384,133.281265933453,134.100730562647,133.094485731081,135.242510068743,135.601969162995,135.944299831539,134.912388720339,136.672298244984,134.239991584254,138.338624303611,134.621060619514,135.206700373214,132.233616235348,132.775330995285,129.314929567415,128.001545875179,128.186427925936,125.891998907079,122.750313516513,123.249271202429,124.392688899047,124.042155857678,124.551277957427,119.637612311949,121.346637402588,120.958998879261,121.162850259438,117.744804767618,116.432100767563,111.346357237591,111.858218907063,109.024483505926,106.307924370593,NA,NA,NA,NA,NA,NA,NA,NA,NA,NA,NA,NA,NA,NA,NA,NA,NA,NA,NA,NA,NA,NA,NA,NA,NA,NA
NA,NA,NA,NA,NA,NA,NA,NA,NA,NA,NA,NA,NA,NA,NA,NA,NA,NA,NA,NA,NA,NA,NA,NA,127.559050372616,133.665887210341,135.613873659492,132.346253941194,130.822029396168,133.183353553031,136.824315476958,136.20720136039,135.634054112596,136.916972495757,138.104940106742,138.099259823914,138.392944325386,137.486125082149,141.333634316544,139.742009150769,139.309236774895,135.471035220561,133.727738339903,131.511077426779,129.093878055215,127.971953346674,127.287339032566,126.425442663862,124.504687799476,123.671002689109,125.380900220841,126.682005665503,126.710540744371,122.80791084649,124.072854262332,124.126818513025,124.799650978932,121.512293521532,119.178818892401,116.692351894794,114.998919649851,109.852610512868,107.491383669849,106.515958491168,100.260250777745,NA,NA,NA,NA,NA,NA,NA,NA,NA,NA,NA,NA,NA,NA,NA,NA,NA,NA,NA,NA,NA,NA,NA,NA
NA,NA,NA,NA,NA,NA,NA,NA,NA,NA,NA,NA,NA,NA,NA,NA,NA,NA,NA,NA,NA,NA,122.098938172925,126.792928047242,128.894638734944,133.268635563931,135.886678109448,137.969247835871,135.831561482797,135.206428490126,138.134453798434,138.81086405347,140.900740519657,138.760524287868,137.40365230272,137.856045445306,139.938330922672,140.038940801625,139.41073530069,140.640257370088,140.605204265554,136.210380497411,133.774855116818,135.040735411772,130.191548167576,127.53101186509,126.494630309913,125.05991322815,124.10898817973,123.297835897425,127.063886986185,127.562919664811,124.590779729214,123.634527956332,124.88597411686,125.897723051039,124.841492904201,123.871058449679,122.192504908482,118.413152123729,113.136072491321,111.145528592514,107.557688774934,105.300690599844,103.715694800648,101.569324525579,101.90826895234,NA,NA,NA,NA,NA,NA,NA,NA,NA,NA,NA,NA,NA,NA,NA,NA,NA,NA,NA,NA,NA,NA
NA,NA,NA,NA,NA,NA,NA,NA,NA,NA,NA,NA,NA,NA,NA,NA,NA,NA,NA,NA,NA,119.308083502752,122.777658201772,128.617498952088,129.74712887908,134.206964517845,138.241037399701,138.168220168183,137.466158528495,136.789578468136,140.434989555375,142.062401018904,141.54868875559,141.199968465361,139.821799532678,140.411592762881,140.399247933259,141.57572221328,140.94854668487,141.130488877407,140.460674740508,135.157141706507,135.099856575389,133.781244622215,131.540162707446,130.223224932171,128.204420013462,126.923418251739,125.900384503692,122.493911426202,124.179800815401,124.806401470282,125.439203935081,124.794830952391,123.933665290331,122.717994361384,122.353604848875,123.745809067494,122.413865537306,119.904286466745,117.316190185809,111.179600410633,109.972407935424,108.242380805846,108.167892956004,104.44902831186,102.834836620674,100.29634600364,NA,NA,NA,NA,NA,NA,NA,NA,NA,NA,NA,NA,NA,NA,NA,NA,NA,NA,NA,NA,NA
NA,NA,NA,NA,NA,NA,NA,NA,NA,NA,NA,NA,NA,NA,NA,NA,NA,NA,NA,120.641364966472,123.350361736753,125.378700839195,126.631493529667,131.994341763051,132.056909464496,136.958578412687,139.637348563244,139.398585945241,138.479686329035,140.789402441208,141.290351733301,142.030600482133,142.686008387814,141.566151173819,142.888214307627,140.104197784891,141.016232283128,141.970782350907,143.250028075162,141.164821034778,139.894598551094,138.323210471754,134.494545292394,133.01939753299,131.648479993042,130.402516752836,127.375113885062,124.920909193206,126.371477608451,123.819672990547,122.756963053245,125.811235339971,124.926169541031,123.788261761941,123.345558654028,121.998403927411,121.73595621065,122.778187676927,121.178214947685,119.537387222817,116.676821086364,115.110267322579,111.748756065416,110.478022442784,107.10636118146,106.178432913576,104.616793222463,102.152820811968,98.627168092957,98.6534315599055,NA,NA,NA,NA,NA,NA,NA,NA,NA,NA,NA,NA,NA,NA,NA,NA,NA,NA,NA
NA,NA,NA,NA,NA,NA,NA,NA,NA,NA,NA,NA,NA,NA,NA,NA,NA,NA,117.957247647173,121.383764809464,123.740069475922,128.836425088716,130.381607868145,130.958680654122,135.996839338983,139.558045547961,140.599740265127,140.015064586724,141.859028565257,144.866591372894,144.563552191083,145.016858040329,144.021344173334,146.2946843995,143.198569948123,141.771244100372,142.1939006886,142.572642593995,143.227374428806,141.291395139185,141.042772360688,137.188793791192,136.153036202031,132.78793006285,133.856447356041,131.417397498745,128.141768678254,126.570011765841,127.304440981591,123.453622093057,122.96392569977,123.356442407475,124.660058413148,125.439588579629,123.279482949643,121.495324556042,121.886969454741,121.337923093043,119.682502372469,115.899194238219,115.406434266201,115.757700924758,112.279178193785,110.158352174284,108.417132309173,107.387416879219,104.391359983553,103.302451192806,99.8894621551898,97.3796957610014,93.1727191444349,NA,NA,NA,NA,NA,NA,NA,NA,NA,NA,NA,NA,NA,NA,NA,NA,NA,NA
NA,NA,NA,NA,NA,NA,NA,NA,NA,NA,NA,NA,NA,NA,NA,NA,NA,123.563075979384,120.274871997638,122.598512317284,128.516512109518,129.35700425688,130.912293529511,134.024427667973,137.46623550395,137.778879389116,140.847345554874,143.558320529355,142.793313138749,144.95284394695,145.281686662894,146.419712271768,145.393455171658,145.286207178931,141.946957829144,143.011604722672,142.790593683739,144.734271805995,142.461641594132,142.202481913125,139.829198510058,139.315759685687,138.20669212384,134.799059778016,135.63454838172,133.87474668095,129.670562154826,126.253036264909,128.240767917746,127.521325334667,124.634746642382,123.915738821254,125.165899981196,124.859107409473,121.008040563268,124.220677055893,119.217988719388,120.453342103354,118.715518795461,118.206363673773,115.703756321557,113.854567437495,114.211903830329,110.44568400255,109.33654840836,107.737931163857,106.679243830129,104.70365624122,103.874947215531,99.6961850194537,92.8963356995092,93.3193717344449,NA,NA,NA,NA,NA,NA,NA,NA,NA,NA,NA,NA,NA,NA,NA,NA,NA
NA,NA,NA,NA,NA,NA,NA,NA,NA,NA,NA,NA,NA,NA,NA,121.158028934486,123.724494620817,124.969820493854,124.392756833663,124.589976176549,127.411865755779,130.763713643115,133.526787258742,136.323645740602,137.610733382371,141.415602160281,142.858532617063,143.784609518657,144.401467988306,141.277715246301,148.217937717345,148.682803168728,145.387522373192,145.763196531581,142.104387935921,142.860601013474,143.656835517973,142.088478259189,143.834187280624,141.705663398325,140.770269271645,141.310495100211,140.657962551395,138.58591969862,135.572287796641,131.363732636701,130.870940631194,128.032245373386,127.450562756871,125.743622650068,125.461039420407,123.050996248515,123.467590633073,123.804759565538,120.054415998711,120.860211266068,119.932455296281,120.50101335555,119.325161098342,118.832286679121,115.77566495644,115.216893937,112.72526434564,112.864621097523,114.178094742914,108.852752578279,110.251229717322,107.542069137657,101.960881125494,99.6691741747375,98.1030883118315,94.5799905252712,93.6281220246714,93.8240391496859,NA,NA,NA,NA,NA,NA,NA,NA,NA,NA,NA,NA,NA,NA,NA
NA,NA,NA,NA,NA,NA,NA,NA,NA,NA,NA,NA,NA,NA,119.629194430304,123.341390019641,123.447234635493,124.452938250996,126.469301731531,128.316308811347,129.898685260716,134.594607369293,136.032991843316,138.903956780691,138.2772650713,142.10152427397,141.731144424422,144.915726172055,146.111551639577,144.855845064325,146.505658632839,144.815061698664,146.626678099284,143.632617185822,143.66422224679,143.79734003641,145.416536363453,144.191861518504,142.307290498805,143.070752790925,142.559276762089,143.110721596676,141.950354611995,139.151106823257,133.353688239862,130.59753512839,129.131462290291,127.594056977967,129.650471238696,126.426396601573,127.292669493442,122.161777270727,123.803333253542,123.922941741643,123.285087083113,121.448509811563,120.78787107746,120.753862952842,119.222724661648,117.707772926767,115.732755346426,113.488313656845,112.377609804107,113.713773572296,113.365683034928,112.103888796962,111.054297539814,111.014771661046,107.173108009503,105.2148077384,103.79941557569,101.011006446061,98.2960105123225,97.4774811389426,96.2348229251484,NA,NA,NA,NA,NA,NA,NA,NA,NA,NA,NA,NA,NA,NA
NA,NA,NA,NA,NA,NA,NA,NA,NA,NA,NA,NA,NA,116.860997144975,119.556422455356,121.925152377195,124.514922041011,125.468776988359,128.634238285786,130.022603144375,132.661048743996,135.217678945708,138.462104731361,139.358914951874,143.816258301734,142.461735294468,146.096540287604,146.542842984733,146.176681889103,143.293828204192,144.498582804049,150.483717634571,145.438546111347,145.166210416349,145.697080694446,141.422676434575,145.052783004267,143.247024293975,143.195279633641,145.242928287416,144.569826958618,143.626094274069,140.521373260522,138.281249933793,135.967317558175,130.866460702255,130.670217714148,131.106532500491,132.188968256538,131.939409104198,129.915779176754,128.262490200228,127.651409621391,126.326781254443,123.555952335309,122.578191569951,121.188913444985,121.151293357877,117.932239118562,117.238056896026,114.685197239202,114.636394257279,115.318177151202,113.786146420392,113.438417278606,113.366990452246,110.426231620028,108.97507055598,106.641849932859,105.69882112309,106.083822820591,103.730219519091,99.9116645827608,98.57644544844,97.2962741811517,99.223080426052,NA,NA,NA,NA,NA,NA,NA,NA,NA,NA,NA,NA,NA
NA,NA,NA,NA,NA,NA,NA,NA,NA,NA,NA,NA,115.810477544641,119.938037331863,122.698086783044,123.900864823611,127.247328797834,125.121133099507,128.068640007221,132.284798750772,133.102797487291,135.004206173099,140.04496889974,142.422265303264,144.952217324057,145.823643504846,146.094599247946,145.79578350302,147.162529729127,145.447278513276,147.625884408365,143.842262069722,147.512814370596,143.896729000174,142.294608084218,143.258766821096,144.826410227847,144.666464805497,143.52563466973,144.68644488019,144.496162343611,142.99906375343,142.668790074189,138.86874008989,136.404428126996,132.33353491847,133.31226380516,129.674914147418,131.973954981486,131.145158231967,131.785514624136,129.72086159977,129.071659234274,124.751718005189,124.583451118869,121.214529966205,121.225537431742,120.342950570858,119.588577179944,117.46185298999,116.139710860121,113.334065145839,115.39603024253,115.416753161596,112.791986305689,111.232746066826,111.845683113835,110.033029511649,108.710137581233,107.583384857263,107.647715241462,105.699591409013,98.4270749721285,98.9615588423809,99.7246204683216,97.8754978377178,97.2955992281401,NA,NA,NA,NA,NA,NA,NA,NA,NA,NA,NA,NA
NA,NA,NA,NA,NA,NA,NA,NA,NA,NA,NA,113.507885142264,117.185817218405,119.931069518152,123.663621350502,123.229740871165,125.021824209697,126.943100793325,132.429580120658,132.637575837128,135.193348082486,139.091479079493,140.254137561212,143.685035355935,144.654132245436,145.523246910369,148.10946111471,145.442881619256,147.003458471309,148.013859877353,146.370319425985,144.062998499139,144.072989447568,147.881757273998,145.036382005451,143.115291869561,142.688598496399,143.984256888974,143.514179709164,142.862000207907,144.801642759247,143.19269239464,144.423494557408,139.817576924796,136.738648860707,139.877969425711,136.561523586994,132.095166606917,130.627392472773,132.802263500521,130.976287124815,133.231331441752,132.051579001792,128.500405236474,128.398408174571,123.023642531967,119.875477765103,121.13292235418,118.295628624883,119.127588494905,116.613521042427,115.588346609093,115.293331614127,114.919013673404,112.835543376178,112.579752495705,111.553342863428,109.858013037773,110.340091391644,109.241800799806,109.409901883214,105.869274649771,101.049428462335,100.757113663036,100.705916770023,99.2277415021524,96.7864489610438,95.5920392996478,NA,NA,NA,NA,NA,NA,NA,NA,NA,NA,NA
NA,NA,NA,NA,NA,NA,NA,NA,NA,NA,NA,116.226862000031,117.962480197318,118.779796812677,123.569899506462,125.102398349156,125.214340724904,129.610418484677,133.524043251621,135.125065403038,138.594167448904,141.739760831918,142.875911644797,144.572158968466,144.584594949197,146.743055424745,146.335040264538,148.248658230733,148.078069741037,145.85105996015,142.794573723519,142.556422035683,143.249863674067,143.248681462267,146.083464659865,143.54034873135,144.067764730051,143.81878343425,145.143788303293,143.139488876977,143.549693458103,143.361259671798,141.307103794519,141.021638074215,140.537507085139,140.005979353927,138.438261743472,135.857985073476,133.331623704369,133.7242245831,134.003777220214,134.031980963884,132.944856912555,131.519936069215,130.710293523494,127.919098225908,124.555773357131,122.387220579059,121.257121912407,121.212816284547,120.833566203624,117.737832046719,115.355846965949,115.573119689158,113.441261429888,113.465832924891,113.003589158647,110.362293010703,112.278753176304,111.679886146679,109.606186829719,106.93047793367,105.676018156884,102.055406871684,99.9007238203529,101.439096578886,97.6699773706607,96.2321663600132,NA,NA,NA,NA,NA,NA,NA,NA,NA,NA,NA
NA,NA,NA,NA,NA,NA,NA,NA,NA,NA,115.183554170859,116.840458612713,118.783221498967,121.859025394764,122.462454157146,127.812814501759,129.965067974541,133.868740469897,134.974815475544,138.498564730368,140.025467206656,144.663574471233,144.355810430032,146.837936633447,143.957265779508,146.78675898935,146.403863003808,146.748091697011,142.951912400656,143.996584364015,142.527659890982,143.992941652472,143.05599893764,141.40021342687,147.61635015005,146.641072736085,144.533224698646,145.237648849624,143.626298067676,143.404460977261,142.785612052607,143.107260770972,143.050349365194,140.72249219429,141.412901413386,139.926496286206,139.206540169112,139.209341523714,136.849296431981,135.2124738339,138.217041448788,137.571518320945,132.724366311554,132.636776516412,129.807704495143,131.628992483726,128.842331677014,126.819236433862,124.388453260424,124.078596380024,120.994450720726,120.589026363121,117.754808259166,115.434566144584,115.418726147738,114.29778578034,114.924216133082,112.235059056131,113.75190568884,111.206573996519,109.786143594083,106.447251351203,104.896371252757,104.871446166518,102.237107754663,101.448656096301,98.1426105578202,96.5300288508002,96.0822885057665,NA,NA,NA,NA,NA,NA,NA,NA,NA,NA
NA,NA,NA,NA,NA,NA,NA,NA,NA,115.816454795839,117.413194385391,116.655602590658,119.620981164206,121.266435039913,126.431661457354,128.687320089692,131.030944605678,134.80420590682,135.008531017482,140.160041760781,142.97211336342,144.406426813166,147.027320943637,147.262338883114,144.600424835692,144.869036983007,144.4770598723,148.899132452995,147.63332606316,144.528052623583,147.024488130396,146.151033129218,148.68411823171,149.513659394816,150.908603436827,148.384552419788,145.664827306294,145.526277160328,143.88368720375,142.204887260325,142.428389300851,141.885808859256,142.085423026655,142.355423325611,141.691038057958,141.198816422244,140.342284520112,139.88899560178,137.122335922745,136.435273346544,139.0457700921,137.68798445621,138.140449399812,134.727890418522,135.111204898828,131.73852728509,130.453720261381,128.576138410961,129.062066017424,124.539206763553,123.715614199101,121.481310056082,118.033255402443,115.073050184319,116.335856052049,115.236485502852,116.430537764336,112.615134101049,113.49163171948,113.820031404436,109.442233658759,108.958296701559,106.608079940891,106.117861676326,103.887525167204,104.919248698797,101.57731107428,100.398552936536,97.7082285955767,96.5590391921209,NA,NA,NA,NA,NA,NA,NA,NA,NA
NA,NA,NA,NA,NA,NA,NA,NA,115.912228886814,115.667047844578,116.697497452373,116.101549946917,118.723400833961,122.009601373349,126.774289713164,128.222554878855,133.809293531911,134.195102525027,137.55022277858,139.095343945727,142.385590302061,144.360735853752,147.248510268012,146.283367318583,145.843649744356,146.346957410249,146.682016637238,144.758665634851,147.994786292642,145.386656148005,148.178868834525,148.524970911937,149.317303269094,148.818819793616,150.968246261294,148.058110897873,147.265680951496,141.501673198223,141.089114903095,142.666220298273,141.933808280653,141.812051146585,141.617642740927,141.970857360741,142.508399837581,142.135594158807,141.048515782047,141.242682311287,139.756433927512,139.485222107138,140.278709249872,137.99686033611,137.306010138361,137.550431306497,134.868392496376,133.572306089989,131.372471083037,131.032640773433,128.388099623714,126.873411825668,126.619227109739,123.387983452343,120.790917233966,120.376321639823,121.763045114975,121.696922173848,116.484473869767,116.125705447281,115.324205390845,114.570276623546,111.340102260195,109.026569092004,108.570710656028,105.641070548217,103.870662707632,104.879511981005,104.953373020909,103.224906926691,99.0416334294294,99.2035096240961,96.4235595456176,NA,NA,NA,NA,NA,NA,NA,NA
NA,NA,NA,NA,NA,NA,NA,NA,119.233626371532,117.809153146768,117.307960610718,118.925291063772,121.027888075239,123.780031413189,127.917812005997,129.298152689892,131.524637235644,136.955188214087,136.261033823081,138.76644135336,141.129983349698,144.110483851084,147.686334506436,145.65206296462,146.677526737459,146.942468975725,144.8947734924,144.930877983986,145.588870920638,147.031090720831,143.810190846255,145.188413598577,147.880664933151,148.4493517855,150.555950230733,148.46254679159,147.020108216744,143.637335844731,139.17591500412,143.89331512205,142.96336718901,142.404189850439,143.356285572083,141.823230187151,143.873826162085,140.564216150932,141.058192231628,142.629610956799,140.803656780917,139.251672658308,138.143129460894,138.572422429767,138.879853367319,138.075876225696,137.735231505313,135.247104243351,131.84045138003,131.795271555173,129.761493936471,126.821356761194,125.18499410804,125.697961292896,124.664600105973,123.934783971746,121.634857296249,122.245065314721,119.695558492332,118.722720449176,117.88445574962,118.8380984632,114.902423764639,113.191271554144,111.381570291487,107.858186543141,105.650324251965,106.915210964633,104.347121955231,102.510620419858,100.007465180885,101.211917223813,95.6279696511611,NA,NA,NA,NA,NA,NA,NA,NA
NA,NA,NA,NA,NA,NA,NA,120.840782802153,120.985216780434,119.124641432328,119.406193980552,118.906537446583,122.153524656199,125.532302484557,129.741827503624,130.553400590687,132.537867866799,136.405132023237,134.836167424678,137.712107098837,140.416908319442,143.703445698728,145.995970835977,148.032581483129,147.417439554269,147.543481083313,147.909245610289,147.714799799931,145.517841190162,145.538787483571,146.413878389114,146.969944346166,148.273414031802,148.606939443452,150.678087812246,149.543275263912,146.318239060248,146.100203276092,142.52573505465,144.078427757181,144.97140893365,144.753130850635,144.34595004645,142.524092855402,143.216078694513,142.264703691917,139.990541780946,141.245161982062,138.727646869577,138.815545567417,138.839412745733,140.288195199876,139.637034923995,138.63147709198,138.11193400226,135.459654579216,134.315939592403,130.468079504139,130.417644270855,128.480681679242,129.473592058747,127.041982004667,126.292323789001,123.360883019892,123.872312394751,121.489327027347,122.439019103885,121.880628124045,122.60594198859,118.665767119516,116.563967341945,114.097980827231,112.158318062215,112.550012749087,109.229832616133,110.016323379704,106.81207014398,103.893866078811,100.44949944901,99.9213438102692,100.546571820153,95.6116052853232,NA,NA,NA,NA,NA,NA,NA
NA,NA,NA,NA,NA,NA,123.578832924907,119.476730679206,120.924760013381,119.836910654106,121.582446987787,121.503472397159,125.721357245493,127.391559753176,129.375646565696,130.324362302373,131.339391175288,135.664395704673,138.524656095858,138.829395461796,138.668920255565,143.796335928808,146.995515629455,153.471054379604,148.356908981817,150.631100024857,150.143291607598,147.878033089281,146.157869163123,145.847697106457,146.416620920188,147.1046349996,144.38660622523,148.167830394619,149.731280234361,146.308953519115,145.953449847469,144.671901399994,143.077197979513,142.284087208021,142.082837748805,141.659479368465,144.253241186609,143.800468217515,144.486314739724,143.664976939738,142.017737960087,141.015755591855,140.542992204267,138.137307842991,139.375898500453,139.479905246587,139.837272980243,137.44565983525,138.454572472684,137.220537806239,134.197719672369,132.248811486731,132.454686703259,130.208927730154,130.279808202958,128.707545938167,125.699172540196,124.478309940828,124.88649765633,122.965516430084,120.104170754285,121.743291152893,122.441260777375,121.211519064473,118.45165635278,115.844284366445,114.161503577871,113.333644046956,113.106065430105,109.909695932134,109.200705283563,105.507434151201,100.775126766059,103.414610160992,103.105836583756,100.667472711265,97.8759717416888,NA,NA,NA,NA,NA,NA
NA,NA,NA,NA,NA,NA,124.901277754701,123.212437450853,120.890993560634,122.776803166335,120.592626596308,123.507508316045,126.845136357716,129.003502184005,131.524912481038,131.350888214815,133.435381706823,134.394365526591,138.901618208834,139.76524924334,140.486062213032,144.240590215128,147.115173953665,150.67801481917,149.893101866777,150.116986300635,148.358314447225,146.541015568377,147.51714958795,148.27139441548,148.779907437974,145.340230228867,147.158549471257,144.672534998057,145.37430925694,144.138593848696,146.037048640317,147.800193090668,146.173143750346,142.950245604633,143.587088901932,142.902574818542,141.293471562111,139.775089778132,140.117109200668,140.691947639831,140.232764115375,139.765774702188,139.854754184592,140.693787149897,138.201119086642,136.33677538245,137.032471205674,137.843646932384,137.14296412656,135.372348817659,136.45119886163,134.009265400817,133.223931392033,131.58647303463,130.676037706841,129.522272656897,128.597616557631,128.447197164547,125.205187984583,124.672623011734,124.31566608235,124.635848740137,125.856545396314,123.710992356156,119.314344897171,117.582758909415,113.099031550419,114.784697477251,111.115865242149,108.988627730942,108.791386713796,108.66344268334,104.725744998754,105.238181374395,104.432810372095,101.262079719907,100.964719053802,NA,NA,NA,NA,NA,NA
NA,NA,NA,NA,NA,128.323523810416,128.865011046069,128.110209813576,124.547851207434,123.577885130051,122.171056392435,125.672463931206,126.845424072845,130.136984634101,132.060077629313,132.309366335485,135.005936056672,136.087511262039,137.284098161612,139.005262304362,142.909102558286,142.550536244534,146.109885171167,148.185039575883,150.164883938065,147.392214993114,148.142110853843,146.188994516049,145.957267605529,146.690153153059,144.604119147052,147.253418518881,144.840625232823,146.345869702012,144.006921930524,143.065426025276,142.520828824647,144.292324207552,144.187619110202,143.636842780739,142.059897181097,141.922338943717,140.359255402585,140.168602786531,140.342380758336,138.255691585254,140.291680760986,141.560288285898,138.605318853554,139.456367500287,135.026358477605,137.293565242214,135.886615868264,134.791739854198,135.293803049631,133.502927627697,134.24477164101,135.217964952614,131.626380368839,131.644542172535,132.684659988675,133.123450524158,135.260398572362,133.063318469413,130.589638888111,127.6963714778,126.225650983098,127.468246322867,126.429759580126,124.846825204851,123.110516486491,118.833824004297,116.49632595809,114.662475637191,112.461365758758,110.433500939659,108.913103663245,109.901579625369,106.995255176359,106.266123917126,105.75550534306,105.084911336718,103.153899870775,101.084253480362,NA,NA,NA,NA,NA
NA,NA,NA,NA,NA,126.684400588255,126.710740598128,128.761634400448,127.975170315952,126.519724566077,125.542624700503,127.77160079703,127.629907939108,129.746655947883,132.880089008699,135.10098740314,136.822859084375,138.540706081077,142.039168572192,143.40219034395,141.274110480616,144.232664328069,144.948486865284,147.503610292578,148.233649947169,147.196181759687,146.62717848553,145.415020511712,145.329222794893,144.582801835104,144.529462884297,145.000350094608,144.667446694441,144.466343926552,143.257936522086,143.256493285544,142.46434493228,142.490888245197,142.510812198033,142.307313806164,140.404391656825,144.868268198643,142.353071491719,142.076180061794,138.422841793802,138.621772646592,136.20087113518,137.662939840819,135.71833465104,136.49737890343,134.312943743583,135.787644631885,133.850013270525,132.58848444923,131.553736994956,133.613581865522,135.183176614673,134.283671595873,134.680419434789,133.987060241319,135.90766691663,136.301897050518,137.722418416501,136.917678037265,134.449904306774,130.153038458675,128.447762505015,130.279850837031,129.514598787847,128.794379165816,126.284534966121,122.227950776587,119.389277758047,118.594414431148,116.898522485382,112.311439320417,110.207503953609,109.958176877667,108.600094658412,108.566110439053,106.182547203745,106.147694450674,103.541624740904,99.9322286390089,NA,NA,NA,NA,NA
NA,NA,NA,NA,128.820283396271,126.126458620054,127.175562820799,130.548513253416,125.550843237805,127.237752315021,125.359489518595,127.969190186208,128.521842696592,131.758010031326,135.921426413136,137.390471358981,138.207836548139,142.45975832567,143.00544332921,142.900280825484,141.656351483378,142.232833003744,143.441829522607,145.862944950342,145.422113694454,146.66516871832,147.15571239065,146.699684872198,144.958710576397,143.103464481484,143.635012527274,143.117910426503,141.931543597269,145.661770368716,144.901464895144,142.356205430603,138.997594721828,141.759593020451,141.935463822332,139.635671473734,139.003522184346,140.204912741599,140.450374969562,139.256645676458,138.633648839256,135.170498280406,135.041088769051,133.609443224838,129.413510568775,133.077035274833,130.004004394121,133.571983626628,133.781716471726,133.307150582827,132.156958141948,132.349762591501,131.961846066087,134.729501545778,135.093766964465,136.204517743333,136.64116593222,138.411619459321,138.6273067581,138.096887549094,137.203293710359,132.685574131243,129.464437961376,130.393424379097,134.118764075987,132.179405108645,130.49448276715,126.97373973556,121.367919398074,119.784515305108,115.686034308625,113.021287893824,113.888516471256,112.301954786857,113.037733327237,112.140800524468,111.136700977728,108.180190246638,105.343101883116,100.976791303812,98.1938194398317,NA,NA,NA,NA
NA,NA,NA,NA,130.434255839288,129.26375580442,128.012574094723,128.06014959783,128.852381024435,127.742697958565,128.440526912742,126.355116443817,128.339988935263,133.444164679374,136.541830755041,137.288331642419,139.501222794215,143.922543341026,142.356235413278,143.258717695038,142.970180228993,143.191710522681,143.580896164005,143.915479708189,143.204698865653,144.930597205728,146.336898118943,144.282403995303,144.525664501292,143.48670848137,143.671228367899,142.568373018436,143.75403282591,143.767098920563,143.001358709666,140.054767217082,140.22532433136,140.605814653531,139.63410783883,137.52296151025,135.529633623642,134.878770473666,136.973325594729,139.145415486474,135.772709989628,135.052926780214,130.315075698346,129.53287955408,127.430465394012,128.779286348716,129.561766105871,129.782442437422,131.004216402336,132.635737691281,131.993879482144,130.78573329919,132.382790758494,131.584105182579,134.095832858991,136.583345741807,140.846517646266,139.605750211286,138.894270467682,139.405954951255,135.961926580208,134.109417896943,133.915788308511,136.040251143541,137.476622838164,134.232606994692,133.518240243741,128.106672253931,126.145551400696,121.62330697132,120.770289532879,116.443823507486,115.659636545978,114.908293840739,114.268404054508,116.385235527257,111.541968318432,109.697950128145,107.293390074173,101.801290531052,100.727266533614,NA,NA,NA,NA
NA,NA,NA,NA,131.836941567452,133.279875264658,129.71966007909,128.223870868331,130.141812909133,131.48916320316,131.252404724443,128.332081043495,130.701669958639,132.226258935304,136.839632667144,138.330471448912,143.239474260684,141.885335677699,146.054512065022,143.890848173099,145.422590353675,146.05754732273,145.499173110375,143.930866690057,144.736659394037,148.324198775866,145.912118543264,144.350310762531,143.973129131264,144.323541113874,143.579308058374,143.790053548683,143.014233969128,143.948737310244,142.128567811598,140.627921446102,138.649677422079,137.25161540354,138.164775618374,137.174065905769,133.81279835957,133.241982273516,133.623513053765,134.496675449091,132.551178122566,128.964761415991,126.632322531486,125.468432858767,126.154812602244,122.372194201975,125.184987592839,125.99834026741,126.822106707344,127.599087171622,128.555656852351,129.294439728284,130.609020875023,133.633469739177,137.18724192444,139.049367835951,138.317263630896,137.217808045444,137.941673185168,139.594718434537,137.904570955664,136.275402589713,136.041908263712,137.181320639899,137.908437016904,137.643074947503,134.156304066569,131.684651043196,129.458211626904,126.837238659285,123.454965670566,120.722401346245,120.479072955576,119.824914144024,117.410245440656,118.229594453534,116.59433878961,114.200989090964,108.48030032245,105.811538773238,104.251658502885,NA,NA,NA,NA
NA,NA,NA,131.994446238985,134.375068976366,132.609252235128,132.248270196124,126.778487157873,126.978814517677,128.496410789693,129.779512374243,132.636066813132,130.481631445735,134.183193760916,136.064924818617,137.308784044022,139.488365635789,144.577045993503,143.153276506927,147.268756592127,148.249333396021,148.275416491291,145.406422757575,145.749323435408,151.439985585444,147.205892050744,146.763228895772,147.607096011665,146.333818060052,146.135446412216,144.000147877371,144.562513100297,145.870650052942,144.847943660233,141.949211711402,141.160412131118,140.116970861667,137.860597806131,137.271687874645,135.571199882834,133.245503589043,129.725143345365,129.572453493148,128.217084385359,128.625382833139,124.907010119516,126.424192769717,122.42391061683,122.598216994346,123.520327879508,121.720898333626,122.877944506663,123.983300892566,126.951062238574,129.330635961388,130.272324065916,131.834315469347,135.589030387738,136.499886906966,138.297945738638,139.292431522896,137.682405408304,141.429281072447,139.091507955515,139.977310219148,138.769330188923,140.258762371334,139.180032316696,141.228250775831,138.304934456764,138.028602657163,134.661555334434,131.532057858381,128.414469562309,124.566633762014,123.576335725687,121.985500550035,122.16379171807,122.505697683905,120.589809209205,119.263117354783,117.211662395855,109.561766050393,108.10763184141,104.50825950485,100.249485550882,NA,NA,NA
NA,NA,NA,134.548977448197,134.319542619024,132.42492121728,133.997301486456,130.311234449953,130.380504336069,129.906437641854,131.846805103125,133.660415898642,134.586237846332,136.626159213336,136.843349702825,138.075841074741,142.056752386412,143.350673935783,146.991511737687,146.8378999753,148.268761997352,148.044367292112,146.549879492826,145.283871780657,149.684810946767,149.746948339377,148.278382044517,147.505326268462,148.186806910031,144.746955039368,146.047803280568,146.129414223608,146.23801994109,143.682852046752,143.378389916116,138.713506586099,135.991295779928,137.722307352421,134.537011402378,133.072879471173,131.385360808175,129.125631154605,125.195428833146,125.367788520791,124.449802559472,125.047096566784,121.616765360278,124.231451616363,121.480780370721,118.568669362304,121.535037788893,120.925699720914,122.101126129468,121.364579604487,123.194505491262,128.358318709749,132.000384476844,135.74128417788,138.413677225193,139.712834663104,138.686944417047,140.241347665057,141.041608322473,139.984957742438,141.784351309326,141.316277761601,140.460908921958,139.473213485424,141.06338036972,140.826707197215,139.237768674365,135.87760487252,135.811006851524,133.484172494104,127.794307774426,125.566764706062,123.538772310927,125.429592107836,125.392926259958,123.968879483971,122.505715564731,119.418508723567,115.491858494014,111.58683606177,106.830229190505,103.815280434507,NA,NA,NA
NA,NA,133.488471840072,133.664995999615,134.789651837092,134.400842704807,136.022304864156,133.277530501015,133.557467226428,132.665215955615,131.363617806698,133.958058675786,134.201455166977,137.0064948786,139.107843850808,138.644327520505,141.320422785705,145.312414005426,145.642537134494,147.463157461846,147.352786889934,149.052708066078,151.240568489975,147.386564748675,148.28455551093,151.82807731045,151.68821481159,148.452180319669,149.442987401639,148.454213213765,146.069748995407,143.470999679536,144.131226704663,146.474029392649,141.763396208738,138.788184681235,137.229743805388,133.713882292977,134.923356550696,132.125160379643,128.786490751977,126.605178080813,124.919684707682,123.35538693064,122.115011606321,119.623477960223,119.392433293807,118.834131531921,119.749907196854,117.562367124119,116.233297178365,118.242760475971,118.526637519472,117.79622871087,121.301043950635,121.921405967621,129.562719698642,133.375410629105,138.15000562299,139.822539499486,139.629512480597,140.51624932839,139.460806935933,141.055134033769,142.849088535966,142.142198603493,140.040630921611,140.156738683954,138.175565296284,139.270229316894,139.574688697758,136.427175769978,135.760281193535,133.970735301024,130.321315671895,129.283618859098,126.209436901877,125.521577996278,125.818876386812,126.197361095718,121.63332556983,119.450091630051,116.051930354141,114.957678164036,112.279091817999,106.373869775191,99.1612292361321,NA,NA
NA,NA,135.503906684224,133.461013155755,135.956750617366,135.677628386584,134.343354833891,138.621098376331,137.070516967884,135.393328177985,133.440267879385,133.806923616144,136.593810963788,138.934601935409,140.381622813606,139.692106319598,140.482443225349,145.330802949378,144.114788906049,146.116088112804,145.335880138811,149.241424186103,151.160964751413,149.362500862654,148.101477193254,151.731584239006,150.38876296454,147.915831998838,147.81787507975,146.332906654867,144.97240759982,145.106534083825,144.773625173799,140.605883188697,139.624638619505,136.796185282024,135.077221657765,133.875970572831,129.565239632689,129.055657506222,127.900738168642,124.986943804976,123.557556926463,123.245761493376,121.852493416301,118.531281864541,119.12708616174,117.468735422411,114.314510731202,114.576894922787,113.331689113831,114.199063675108,116.527408951997,119.195739200228,121.59656456494,121.414578042583,127.622717563192,128.196826459268,136.298525440194,138.538022011256,139.460031079669,140.772653878381,139.795268024515,140.085636844834,139.289161735815,141.71517860804,142.784355922329,143.307414999556,141.018423064448,138.656996230416,138.709297936937,136.092863011198,136.818317321657,134.87192561531,131.719608571257,130.905641838978,127.869903064732,127.742697339082,127.723376819007,126.118355871389,123.074900254414,120.375461853808,116.508340768613,116.615969853305,112.02775902842,107.911358485366,105.812084390489,NA,NA
NA,NA,136.260826410758,135.735153505648,137.808540319576,138.674418136331,135.56312599213,139.863673293051,140.097034743313,139.053708381892,137.380763864198,136.71853709115,137.996988991827,139.64254440389,138.319165969959,139.285861564679,141.476853707964,142.671912142217,145.783007903847,145.219999579119,145.866175736894,146.597499936419,146.530433814918,147.059897128355,146.208964237038,146.910701526536,149.703357214852,148.325673061174,145.921674745627,148.095676718389,146.339619110408,144.569675420891,143.416881582398,141.758853582598,138.73500165322,137.678352622261,133.212836310353,133.373133534844,127.860582849765,126.795642010507,126.550125922199,124.162469153175,121.746382688997,120.516462700046,119.997673921409,118.750909857918,115.09215430725,111.26197675672,108.876337240735,111.568296845735,113.783327315709,112.610483599825,116.590901821663,117.88008488059,118.683900566346,122.938803940619,127.122580709285,129.631455266371,134.479703205961,138.455750020619,138.435396246653,139.390835393694,139.02552249211,137.494513004999,136.776712255546,140.31112966578,142.108918442336,143.081010158277,141.289648299834,141.159797113214,136.284661154847,136.919969675046,134.488667326349,135.231807333828,133.717802075638,130.944457807424,130.211248126646,128.189467394566,126.666792284113,125.040764553009,123.21526537976,120.846655056643,119.438981301886,115.375642031809,114.523252941982,112.44871497686,106.179610239658,NA,NA
NA,NA,136.351366213407,138.517966765475,138.893488708537,138.656124263083,140.032019944204,138.980355557504,141.797893585726,141.755747114513,139.856719154937,138.801822125615,140.033307722327,139.511381270618,139.186777612828,138.414510788475,139.050355879362,142.897137095542,145.971548722773,147.75793352592,147.238324524149,147.40728429619,146.737001172495,146.879949968297,146.615931910703,146.5551531512,148.740347024273,149.75347058096,148.74061671453,147.321246442846,147.816940038985,147.792713255025,145.839760110042,141.699719756791,137.552455229571,136.780755416565,134.488221447086,132.205053477711,130.348359749295,126.105195269567,122.162648622403,121.167634539739,122.942536837119,119.444895015177,118.426228226298,116.866407565969,111.573710894982,109.069495242069,110.108519477967,111.14169907205,114.168732166353,115.173952593515,114.022775762287,116.771651386877,118.016495999565,122.527573358754,126.219102926421,128.936634212252,132.16092975414,137.457593530103,136.768530208408,139.749608615164,140.646551462815,140.908450679708,139.76131095701,139.937583044719,141.103617252755,143.421282410476,141.391193317323,140.400795944498,140.487209761717,137.268502713303,136.990729855274,131.392345440911,131.504479048932,130.484310435391,130.242279711412,128.585549652703,127.178300861782,126.807459993672,124.798309541955,121.757274588855,119.634244583925,116.608199812137,115.802284134054,114.285509500226,109.498818181413,NA,NA
NA,135.647670945053,136.116808894629,138.297272834294,139.758004222269,138.336798805154,138.711916919302,140.377622386231,142.622226209538,142.094320681052,142.987519619784,140.654524880072,138.378379747718,140.841727940963,140.383150095077,139.513823491486,139.717409533476,142.714357853113,145.033740478425,146.122440983178,149.329561323343,147.699203761184,146.596164820612,145.607714790604,145.158140949332,147.804185898074,146.684349428901,147.148609013257,149.981787102049,148.34639842643,147.27475355235,144.582143226009,143.113519024046,142.172919232223,138.443861548592,137.034018846315,133.849604279374,132.175715433679,129.357269659869,125.623919757701,124.283028295989,123.76202895187,123.76079090495,118.917692583414,115.854642958179,114.271404526717,112.431090955466,112.208119462914,108.77480320266,109.653756594231,111.024087208371,113.258011802853,114.402277332961,115.768837753985,117.031735669385,122.864651534475,125.106762600499,129.096148305602,132.355376227044,137.101668406775,138.271294779529,138.634030819724,139.364628898389,139.403867048327,138.418415776946,139.561691116045,140.006311540405,144.459409808208,144.098355169058,141.247077076413,139.048427380011,137.851231680404,134.93367735396,131.321720708497,129.228093463827,129.77906992041,128.263424350561,129.630713185428,128.964710677486,127.89549539851,123.46402067824,121.874979786361,121.047432645862,120.023248946393,116.289790549973,112.768593309722,111.851229741878,108.018811269725,NA
NA,131.624555412171,132.94450453112,137.735207580244,138.018604351163,138.938058311282,136.943864140327,138.606706421946,140.057165048373,141.165475499157,141.66284421289,144.783528447292,142.678655952954,143.200601840544,142.934825109204,141.560318786619,143.509964929728,144.141535982833,145.584539943963,147.589844263675,149.420943608658,149.059778532576,145.468729269958,144.85407208101,145.606459205738,147.851632111655,145.972583545499,146.142136852569,148.073447100892,147.2176824004,145.397646916858,144.471834310223,142.585521335811,140.899942494872,137.922138070592,135.15072879311,131.373519100354,129.075396762208,127.3369026641,123.376565436264,121.676965237763,124.984174926693,118.565518057572,116.471228903671,115.094549616566,113.683745016145,113.771669910794,111.076904402305,110.361195079608,109.652011599648,108.352160059912,110.46073080378,113.024440131269,114.058904158828,120.090925895175,120.643660103379,124.764268512913,126.633289590566,132.51267942207,135.746727799667,135.266344540675,138.426956989214,137.399874236675,138.079768638932,136.897799481493,140.363517948219,140.590884122235,144.534046434839,142.740477279389,140.841208942218,139.167489372866,137.27166992111,136.169801289127,131.2754698234,131.66921635679,130.83638712759,127.92663525726,131.871309336724,129.99876912768,128.318975528254,124.142924794196,122.808557541051,122.703026225052,121.00329552387,118.026524449979,115.208612154555,113.061723056359,110.110031601337,NA
NA,132.243657004416,134.73863810715,137.368040397653,138.26793966116,138.428413500734,139.036609459142,141.425232892753,140.637998027622,144.775581584684,142.363973792997,141.888727440072,145.871759308449,146.665370815249,144.043903746015,145.316836241431,146.865015940273,147.618714605045,146.828654480737,151.451315931749,151.856392410501,148.524302088806,147.147360647289,145.876436568058,143.961831567316,144.418312580388,147.595541071934,145.71629452323,145.512342447071,145.396000593141,141.765549628015,141.86702618907,138.998892585859,137.318690192164,137.688552142206,133.308282188821,130.0893100725,128.101523128872,127.355263134792,124.451793578846,119.570693444512,118.543451285856,115.462506026023,113.933341337966,112.407970053456,110.398983596341,110.217103960452,110.271070636223,108.808175962248,105.140854757471,107.764788059627,109.748978792827,112.864882778677,112.307065239908,116.607132166235,119.944439401535,125.071923428305,125.999366538202,127.820127672225,133.507802121742,134.282292329919,134.731357640738,136.14380328894,136.081160663906,138.241101359267,137.747786236124,139.885477466413,142.376520748768,141.653505730256,141.493219185118,136.938869304568,135.618538579593,135.221335676584,132.707354387272,130.614539838918,131.371131701986,130.682331010759,132.124916431599,130.519591634479,129.634142836144,124.609479178418,122.869070267513,122.431211226896,121.271144577223,118.630643692363,115.289511971854,115.504423527206,113.876440941329,NA
NA,126.728437367057,131.547746421391,129.311782866003,137.869658241685,136.823640927074,138.410951033141,141.057563651717,143.560659263121,143.197935026269,144.582262157723,141.688658088858,145.647687613466,145.941250729881,146.113873483395,143.740981877983,147.685822066559,149.78795734244,148.076074027534,152.235982958266,150.399515564338,150.401237153643,145.627966339228,145.988010339983,145.070136737302,146.593057451662,145.968160685758,147.731741105718,145.565448267972,143.021413086588,141.362885371547,137.47380112512,139.204993019075,139.310290182509,134.437315556412,131.028337234847,130.883919842891,127.326325986821,122.425258787978,122.110439990666,121.343717988726,118.16932911595,115.645769812831,111.908355612442,111.117933337707,109.061897690253,107.617509374695,107.82400679742,103.673366442485,104.133345023346,108.36187231223,108.98334895928,111.518813222706,113.130011452914,117.051442415012,119.148854249824,124.614575836938,128.793069364675,129.124300411086,130.721436296743,132.037880128834,134.738937846611,135.533556790171,135.957969305949,137.010025852389,138.27641615658,139.630217768272,141.685498579948,141.113514917927,140.078305320959,137.608975026751,136.583709524893,135.963219599937,134.182176993349,133.127343565076,131.469989244055,132.40717909468,131.700809643891,131.002174686347,128.104280247911,126.248426164294,124.092139959177,122.043386088839,121.20574811824,119.069546565897,119.381725521898,117.303104012952,115.978932362859,NA
NA,128.704527629872,130.768624961806,131.182329057082,130.544321393925,136.145323407378,139.341998178851,140.897985868891,143.662219515186,144.689748482686,145.108719814285,145.878096323248,145.297123574255,145.715984164621,146.718911818956,147.813927882792,147.807072229845,153.012631806202,150.871175238725,153.826154706816,150.976738081646,148.201105505563,144.118025790627,144.50455445381,144.357045204128,147.26629748947,145.372858976001,144.112728777499,141.259876150068,138.402867586289,139.604067148906,137.032517151049,139.371289706171,137.132395789547,134.278053864112,132.557248307247,128.533013222526,127.216702893869,123.583847857804,122.106757133742,120.089198076903,118.58971930362,117.765083022764,114.616340527494,112.960964831696,108.361974304006,106.912410791499,104.191615568879,100.825113378602,104.296823028589,99.8712111653742,110.241320076035,111.718062082668,111.905572142225,114.86505370583,118.337750358462,124.201056241673,126.686756804915,128.094791723687,131.740005632382,131.435342268974,131.751125395648,135.041801261775,134.057077586188,137.58635350419,139.412640348501,139.654860218229,142.939788563276,141.683172430412,140.696602092725,138.477334089764,138.108683450787,137.938918025046,135.387028295936,133.329659461035,131.821870988395,133.665587525672,133.110755783314,131.120163929096,128.727936079622,127.084890828773,124.645056359139,124.664865696697,122.796684344395,121.581062467855,122.161822433881,120.152729328721,116.323034609798,NA
NA,128.207627714835,130.594646745985,131.392527464641,131.293636230777,133.832392135807,137.379944109411,139.250343467625,142.689972930649,146.027870991191,145.76484821166,144.232339451178,144.612886196961,146.481643696496,148.320169677122,147.912514729786,148.646832428285,150.062240252745,153.069474808915,152.262244764608,151.381037345633,150.244569680195,143.959579871233,142.154249874802,145.144703743614,146.218698507837,145.567960656839,146.245791484723,140.90658824249,140.984812012145,139.937862529018,140.13441277951,140.398922072113,138.22255351697,133.179054609044,131.778960996109,128.879312388901,123.402744150477,122.120610548316,117.087771703382,116.920396752955,117.251802873648,116.685039055909,114.784068543414,110.28395097956,106.87941419846,103.894588994842,102.559365020701,99.567440451647,99.2228726234146,98.0421244148725,107.191529701217,109.867977979979,111.681973694604,114.5472342351,117.232626370518,121.396714357118,127.831108524944,128.868740328773,129.332384459022,131.577313216688,131.329137290973,132.671361246098,134.757713078388,139.46691134105,138.740614716028,141.881818065569,145.776414082208,143.021861117795,143.282750422192,140.435694740622,139.797272358913,138.278804738517,136.79623448898,135.3137992833,133.445883201788,131.652768100572,134.685415873184,131.374179522211,129.440310666799,127.717521739129,126.952778179573,125.843359201141,126.139828438298,124.57834412356,123.085272262488,126.687116984355,120.870438035998,NA
NA,126.304777980738,130.634450222226,132.527334602496,129.227333804258,132.126732344048,135.151728423353,136.147168432654,141.095005509613,142.899926982919,144.830530327385,145.911104910492,145.099734852128,147.299510318588,146.508644930369,149.004911238287,152.183038289921,151.177628126027,152.353975233386,153.574900614987,151.357266271092,149.142589079703,145.795982691061,142.487721489515,142.126051789577,148.245102616229,147.136373315818,145.764310001138,143.819095965266,143.092810289447,141.752409523332,138.820824230707,138.523471351196,137.119992883964,134.871807640676,131.753372956101,128.470027600712,122.261339095941,119.467019755973,116.62551721253,117.272094745226,116.27497788203,111.867450452195,110.824314768457,108.293328875472,104.548411216037,103.405195042032,100.170765437434,99.9306129648679,100.641095076272,101.451983628197,100.34425917012,105.232468407165,110.879142415031,112.510164071785,115.537055765941,118.545773234498,125.182698560459,130.281512653803,128.969647341457,130.660862826832,132.496523333158,132.169633136842,137.766438040082,139.264845303329,139.144919368307,143.476128175125,145.841480538869,144.830795519902,143.915375169825,141.692943879461,140.048276480761,138.341755331472,138.487103533998,137.05303459634,132.712548322365,133.394732932558,134.34517500008,132.946822626265,129.422819362889,129.898096911096,129.712189714398,129.479901573494,127.76500637815,126.386501529807,125.88860246964,123.800678766595,123.363649353197,NA
NA,127.414860924822,128.677902442537,128.433551693196,128.21137150158,130.066129737646,131.846743644785,135.331494786481,137.762738336618,136.934431591776,142.672251337124,143.235406492586,144.348682555799,146.379347139025,146.124328258771,150.66321977957,151.385246328972,150.859762970938,152.41692831306,157.17121867555,153.008460202918,151.975784470149,147.151467418438,145.797321917723,142.059434822333,145.963101248937,145.739717487907,145.277143046578,143.474160820646,141.003603145912,139.21848224267,139.952710105159,140.345286896139,136.462333677225,134.079955479633,128.469749873241,125.090719759181,122.332397522248,117.576858677218,114.439193918147,115.966439514339,113.395913588707,110.106325308787,107.53156987982,105.68228268426,104.54057517666,103.186946294942,102.694727459833,100.765831179614,99.4473409148395,101.067091096582,97.9217996076188,103.79091062648,109.31802176485,111.25410684736,115.851302857631,119.828422451522,125.995284689912,128.361836528701,126.880383736515,129.462391732801,133.12711895415,134.085173586575,137.257057130509,139.697588098061,141.315779568631,145.219864330922,146.618428413196,145.892808420578,143.997231234537,142.32553114798,142.136695506137,141.092110427128,142.531831502358,137.886663435858,134.519228104281,134.85638035376,134.405138946877,133.870208897809,132.631648079443,132.588057762662,132.709162555747,128.593907760145,127.461082963661,125.509280937487,127.671108648439,124.812484704859,126.994544985086,NA
NA,127.765561947159,128.853708137674,129.032490508372,129.467743226766,131.958622318251,133.573600883869,136.152385779436,140.667825555613,140.179506342929,138.53827001873,141.712042725277,142.638019767882,143.726236438977,147.258329057555,145.170449342826,148.982138091959,150.990185582181,153.318876311799,157.195016858747,154.952898291462,151.283208241236,149.276203480801,147.526872624072,146.647786866772,144.676008369042,142.631546324171,143.062462572229,141.883357950468,141.15352339502,140.346246874873,140.312701916944,136.891169531834,136.409228347226,133.798840751716,131.234403950679,128.046691981627,123.873402707279,118.4845940808,115.238398424752,111.712139538394,109.899591662649,108.22340629567,106.906443562234,104.293813350742,103.689487573181,104.19968750325,101.866355040171,102.9695080285,99.4522757892745,96.7384595109889,97.6755496569112,100.734082245109,104.170960263696,108.263664647592,113.741290871495,118.362120714831,125.446526064047,128.027120738533,129.654679948145,129.437844485201,130.23267151755,132.45849400888,136.694618164664,142.931584022364,141.947014938671,145.267011059033,146.88180132332,146.332105692821,145.456191942899,144.086255231092,141.613298541841,142.965377744172,141.484714786458,139.349309132782,136.11867063541,133.46223653704,136.233747269755,133.979731412484,134.01330747174,134.749744639305,131.740303150078,127.15663635093,124.244540149245,125.308388792945,126.712767199998,128.564668684439,128.012449838126,NA
129.599066312524,128.699921514216,129.120862550652,131.681579246638,130.877337714713,129.795849986298,131.567866505041,136.420123370541,138.531588559611,135.88162620014,137.735317643068,137.602335022023,140.818087462374,145.223913025318,144.679884116637,148.120567692782,148.124362108033,151.717510427978,154.827513775258,156.794774531057,156.806171292598,149.705464584877,148.489724930609,147.859949321801,144.989057973932,143.508431704983,145.03451038892,142.093762306897,141.445732634537,140.328762743309,135.610253879863,137.82990736787,136.372282746983,134.117022116138,133.746904813517,131.504314181377,128.113948399354,120.411826825275,114.010288988932,113.756073186578,110.42954621793,108.72182996548,109.678214744949,105.542658719534,104.407204043585,103.097957380193,103.28983227331,103.292744654017,102.635892561241,102.365178151858,100.034441103402,97.4813699596107,96.4178126523297,106.924825626649,107.923016100639,112.614929734874,118.35658121071,124.886766177005,131.193190497448,128.897976288038,130.334763996337,129.933741295322,132.303805283409,134.456820574918,141.383045504864,140.914779771954,142.936005915873,148.103882973928,146.620197524197,144.805896698069,143.265517433642,141.312173271757,143.749809986295,141.789181618678,140.603730954184,137.337126816646,136.366246859311,139.19707541674,135.245541290165,131.218268174974,130.961025313773,130.202361184392,128.743602638835,128.573324766087,126.306370146526,128.642953725399,128.229055935119,128.508497693657,125.324166669836
NA,129.624665931664,129.09823654592,131.050173442895,129.999257287035,131.803684979909,131.15567529189,134.567957055997,139.648492627237,141.070668391155,137.898316147853,137.12263923566,139.735897148211,143.404101439296,145.96576879367,146.33308044639,149.689123914638,150.647892545744,153.988361732051,155.953992493237,157.215631457254,149.808501909167,148.488386921535,148.345728921148,147.470265034019,145.8444157558,142.79882404505,144.863418676609,140.085981669964,140.671010522749,135.976765227652,137.666336561114,136.896844925811,134.216469609535,132.667778039204,129.458321638312,123.591774483703,120.284088928553,114.030963028423,111.985730695677,111.176801463819,104.757882414181,100.878629032356,103.434354091222,102.599264975337,102.758006508095,102.374335058254,103.145655829052,107.253536800331,106.474392685605,102.602760697503,100.267913459478,96.5173937714239,100.368854423243,110.988515537852,112.131951143511,118.291836711742,120.942574429933,127.677609184766,129.760624134542,129.812150180745,130.637795399796,131.097183000035,134.403897821727,139.699659505257,141.912928714541,143.126198590104,146.704143565471,146.313558455803,144.092529778298,144.102601114873,140.484203869817,144.608765977208,142.731781991852,143.804949323505,140.306977780722,136.670370821054,138.00838902851,135.237538500331,133.738531388147,131.578135592033,128.676371935135,127.769197815241,126.097926128026,124.252604898453,124.618920038415,125.199833311663,125.977576807758,NA
NA,131.699568777453,131.461669420036,130.096617516598,128.381553930861,130.538026105807,134.265934948215,135.396328301791,140.050536983112,139.517304707947,137.952567742758,140.878042533443,143.002140966196,145.514557736411,146.171896313152,146.355300226478,147.287324944119,149.543141108843,151.873667975103,154.237425679692,157.859716990726,153.331351746701,149.44987006407,147.784827899092,149.844327142216,147.890630165309,145.495184130842,142.551889364659,142.375732861429,142.778062347074,139.356146919799,137.614190652551,137.40331510789,134.061855622927,132.449943833224,129.497895050166,123.948644207187,121.529184117238,111.605690192655,106.597709423703,104.905604229703,103.566442270516,99.592855548186,99.59377805296,104.06480268153,100.017792203767,100.934815360955,103.206245007502,105.434170363063,107.006403406037,105.488688753885,104.339817212031,103.35239675625,102.711460346494,108.698602838723,109.272179806121,114.713391400095,119.645390584211,125.558705565724,127.386175084578,130.466307027985,133.077497786263,133.561716509564,134.576001458515,139.495651244969,141.557744710736,145.248793533895,147.521752270586,147.503500014962,146.385392065698,141.500641944309,142.877255874014,144.788430528771,142.181075299218,141.560951608395,139.907522785878,138.75686537788,137.92408779093,137.004214081769,133.748256394058,130.104151788419,128.439093599155,128.790138089135,126.757566015819,124.463708543672,123.898768533209,123.847313332998,123.704589551902,NA
NA,131.884913455541,132.271994761842,132.687187391147,129.195464993089,128.171414094715,132.083020225973,135.574058519841,139.513905451155,142.481917418522,142.957604994577,142.587875964253,144.312195688194,144.279254170558,144.578967124402,145.876277259081,150.065575072248,150.95179393835,150.343300198179,154.171980393232,154.167446633253,153.11449740358,151.301914147307,147.893329177172,147.834990565272,147.152465990751,146.346878310776,143.755660936893,141.683498709828,141.543632751973,139.927380598938,140.484315959901,137.408714242712,135.226648776889,130.087248876218,125.572531055756,123.077850485168,112.427385244288,112.768363943208,106.219293428581,101.189906444796,100.88505942512,98.467036103174,96.7107291741514,99.024493531632,99.9881786684364,103.335257316574,101.510942562279,104.190869892079,106.549364899494,101.248778292183,98.5349755379722,101.010929916161,103.699790758033,106.956789890525,111.321780828779,114.985705195368,116.3391287796,124.411646837617,127.523633240316,129.682147638119,134.918975235059,135.879326525875,133.949891199026,137.961282921386,141.048373513375,143.122687460841,147.415617707636,146.733292669727,144.444538504908,142.398200889175,141.908707872864,143.795357955056,142.098626654565,141.856830278038,140.4790091303,136.127096279801,136.720495392952,134.970475944738,132.647927150944,127.331033698763,127.745476214091,127.464129967147,124.958298219072,123.109777308813,124.649132581954,126.344143881092,124.154214533492,NA
NA,130.871127086572,133.454354345408,135.014542935425,133.487800869441,134.041486131026,133.168167993598,136.650539293938,139.784610881995,143.931184080794,143.536987629756,145.092346787562,145.599390556797,145.403736257358,145.104400887035,145.884613861226,149.248198846913,150.545731831323,151.747806388477,152.659548924064,152.819951135655,151.884758757528,149.042236340672,146.807495626669,145.592212667165,147.081251456572,146.952909548901,146.425092950538,143.642458667694,141.9726445496,139.470792110435,138.014722104328,141.574465447222,136.973359668996,130.688580267002,124.498618761264,121.828555635606,114.895309270515,108.453515340478,101.572790807306,97.811689090542,97.7929588017863,98.8894512288155,99.5629880325371,95.8811544501201,98.889395638838,102.291429228664,101.723277224081,103.976421468474,102.273529990396,100.66320276866,98.1197656870155,98.4195251565612,104.988996387171,104.949716723172,112.508244403719,115.222351502287,118.055075398196,121.800360096158,124.868283263933,129.677651784215,133.795345153291,135.870437289105,134.689388290299,137.477302833144,141.771226580232,143.471609922719,143.476708835579,144.067049139053,142.403819494052,142.014829081018,142.760972225944,143.036386270259,141.201178762902,142.119475744954,137.125861201617,136.668103335976,137.660133187103,133.367576454497,129.739763191224,127.875856010731,127.410474307301,126.758217992292,126.885514347248,125.120346925188,125.53131789226,128.623295835359,123.53775209497,NA
NA,131.878490128555,133.944052948943,134.893012997799,136.180249617092,137.32728656814,136.549259945761,138.741095964872,145.043033155065,146.790849228896,145.592010175556,146.343722024053,146.389213089775,147.095238817652,147.053216415815,147.005824255422,148.887541254167,154.281585187762,152.000392363982,155.910559650918,152.613534739726,147.600990328202,148.911564641716,148.050484928921,146.458479147482,147.28876968882,149.428649070022,148.44684432001,146.17638018079,143.329012324581,138.707800327428,141.161730640293,139.631821248755,136.905383901294,130.779193786854,125.701318844723,118.146872898762,114.45940249509,108.470793530679,104.197398918804,97.5232400337322,93.5342756493853,95.7744781921149,94.0603316739057,97.5238990031791,98.1324770480034,99.760870675351,104.837789398592,101.563266547475,100.78294337395,100.668268163138,98.2426436787906,97.3447970372407,101.498358910806,106.581468666822,114.472498161137,117.687259509314,117.334376780205,121.792020327901,126.326644222024,130.108254676968,131.746866740576,136.563471788398,136.527041248521,136.818499656025,140.0639434455,141.977078664727,144.424576810812,143.399916612639,141.101625479516,141.739486088883,142.069561632038,141.002755858521,143.152989898946,142.223058325184,142.20176031013,136.562733951749,138.132770549033,133.109608219975,128.788887804072,125.472986868256,125.050715074838,126.513276417939,125.460606623734,126.452323393472,128.40057827686,126.657697081334,124.192279840185,NA
NA,133.832634206271,135.851586315705,135.743393672973,136.868252964738,136.850608396781,140.048100413278,139.37272983848,143.64044615027,144.187952912905,145.14856411672,145.146910450821,147.4504302355,147.804096677266,146.496126924089,146.697086635417,147.533244418252,146.614775495409,151.888737539831,153.195566957869,154.82107533197,148.154263938251,147.356222064426,147.028130148711,146.369615614795,148.126242827136,148.458587915771,149.395009052628,147.085775288172,142.135717393788,141.330708126097,141.688846742327,137.476212649091,135.407933127318,129.789515670124,124.569799876944,117.640944748124,113.013681544012,104.718248904088,101.979987706802,98.6316597569851,96.0807002643576,96.4067454176027,95.0591599771607,95.934811265802,98.947328762509,95.2844035152865,95.7074995850366,101.297115920823,100.462233924948,94.5947973073656,96.1645771932587,99.0807421783665,101.475702721203,105.780761044669,113.962320819031,117.379120604119,118.701069342396,120.793128784299,121.763695519403,129.118549637792,130.544043779564,133.803530460937,136.811793868364,138.656627184581,139.403496937265,143.660723402957,143.616799648488,140.915774725927,142.780687921055,142.892113817026,139.592359177236,139.44625877741,142.163281617583,140.201025110293,140.600374433384,137.877689399042,136.815139960616,132.982996806864,126.03302958292,122.769069616645,124.316148648205,124.83220711951,124.820277628546,127.158901259335,129.193270190973,125.879142133378,121.203392648849,NA
NA,134.229487735198,137.617326398694,134.874983558949,138.159883502839,135.626671067812,138.198766772673,141.140901701054,143.315274318796,149.571630541288,146.982363558566,147.180461497181,145.686060372821,146.338614396,147.465854088796,147.045043994393,147.857644090956,150.780472314161,151.401915625106,152.665268536007,151.195891978104,149.79115638997,150.537780548628,146.475146921877,146.746994512941,146.685509754352,150.562315218636,148.948238815495,145.712037969075,143.129897692952,138.582650017142,139.687823528897,140.4227275697,136.65236065546,130.240123745123,125.070688325507,119.363931813635,113.438858473186,102.686279358814,100.660849248853,99.2436475038969,97.7343712111297,95.3968868693227,94.9012348380581,93.0829937774782,95.4564919811133,95.3886487023681,98.4261316820593,95.1667326040246,101.219304200236,93.5856793245702,94.9607926065713,96.0967530910836,100.505251119562,108.521725494104,113.990731949321,120.087792612934,120.588299307792,122.698575943616,123.308678136457,126.571827528171,130.660728650811,133.690077841894,136.942789897694,138.371523625239,139.05966868558,140.963896866285,141.731320633391,142.490908174018,141.796783580117,142.625698062128,139.456041724516,138.441071244744,139.209342730535,139.182132865924,138.058543208527,137.017131897894,137.133020748144,132.083452704568,126.66754739254,125.841815699904,124.904702255616,126.563319386904,123.909285228888,125.04710109737,126.505259073345,124.301484008397,119.904653904433,NA
NA,135.736352134821,136.331950438322,138.684276425884,136.498479306924,141.201258704157,141.925092018412,143.801540625825,144.644672217667,147.192325276365,150.491844739899,148.350896376974,149.7788399765,147.3213893782,149.553740082253,147.530536585421,147.019683417845,147.639597843944,149.13943379548,151.509210865887,151.789388445607,151.975530814987,150.30167339271,149.218672905775,148.559924422201,148.150139536036,148.172170565299,152.259350439902,146.856508369767,143.346002566786,142.623964245701,139.117776734325,136.824427457782,134.629527202915,130.772706323649,124.324747145744,118.970151269992,114.187325729869,108.499732187123,102.484842107999,98.469317162037,97.0511994156125,95.4151357340252,94.1771521666851,92.4539961290514,96.2942670097551,94.9893027352793,96.495478804901,96.9060466840529,98.0312077459227,88.7123428176009,89.6795875136342,97.2832711485352,104.579595849937,110.582581004241,116.266277877836,120.497128578309,123.78404707053,125.47139096796,123.838855605473,125.891782411692,128.988742471639,131.633122638081,134.659978913828,137.531565992458,140.23987597734,138.82557812214,140.874293662367,140.067327083669,139.987231597344,141.217400073678,140.401947974372,137.648430916529,135.882449134905,137.072978047237,137.601268193354,135.993427541824,133.201523536837,130.712869195958,126.856603414649,125.219933012155,126.771198867463,123.949974997613,124.870418073372,125.07853292471,122.571698328675,120.974946999376,117.538308352361,NA
NA,136.413710099263,135.451501307044,139.481148957465,140.431155523368,138.08343782244,142.679613411201,145.74856602306,147.593618825682,146.475827930796,148.554586965961,149.388527639352,148.661146452813,146.804719687811,150.370630312368,149.978169813759,149.45962014245,146.506440929171,148.023258092124,147.57464483369,151.756109407407,150.199166354715,152.051517960396,151.012411521028,147.955143559588,149.455464582725,148.610490317852,151.558925535946,148.473265704329,144.666295554814,145.630473800895,143.984724474823,140.457197040802,135.627290062323,131.813863645369,124.554780008079,120.92769195729,115.335009916424,109.101777053182,106.365141189254,100.70641707708,100.387684227517,97.6027222252547,97.2790249898921,96.2404677123801,97.0951351100824,96.8731574123198,92.9406487989889,95.6110796192242,92.3927403209646,93.5703173209474,91.1360307879425,94.1325733112273,104.459185492653,111.246864329524,117.701708641157,120.484805637773,122.697074009856,126.925734385962,122.483449915956,126.59945926989,131.249673987222,132.676657875856,133.180575950627,139.361341638094,140.793146269958,138.839828519417,137.364245995247,139.555153229318,139.448036067854,139.723971593384,138.024668319202,135.139665802764,134.245708581753,133.593315539623,131.574358443417,132.891644725609,132.935142859699,133.195977572174,130.563671609362,126.073331530616,125.723533508322,128.121595905528,125.161986447561,125.239874153748,122.978506718511,119.664877941822,116.439112582194,NA
NA,NA,136.883186417412,140.150953406552,139.849854759916,141.836916356225,145.836998313832,147.818527469422,147.641011068315,147.923239235388,150.491823347459,151.017175259453,150.071250659838,148.842063972692,150.4581890568,151.445392388544,150.471206240088,149.976195112542,150.377075606175,151.28693791062,151.172336622295,149.84516807846,149.265322178615,150.596520095123,150.724343978686,151.206230658547,148.581014194627,152.016972388801,149.948141604609,147.090482635969,147.463294568592,141.496991131587,143.663528046963,138.150448993908,131.686326611264,127.21011874888,122.237970427125,115.655772384402,110.621479524633,104.795843196458,101.982189099264,100.072746937955,98.814972932756,98.2175979156082,96.5514277191328,98.4460410788405,93.8225573132527,96.7900911441067,94.658995245609,94.6657315315334,88.4592270101763,88.5751971246358,93.0440904045152,103.701628021343,114.508762567244,115.855722147025,121.139433005804,122.626797225471,123.702968509269,123.848715827921,127.849004044042,132.148135360136,131.860844999086,134.039983688037,135.502469026648,141.773120053611,136.585054072299,136.598221823146,138.547237465405,139.892705698162,139.375446761296,138.863838023773,133.060388257561,132.326198688503,133.456207489434,133.255029834159,132.98894664853,130.486585511132,131.853071951874,128.081973672478,125.820461753353,125.412314895073,127.974903969747,123.678183179273,123.988002591698,118.601257642985,117.110951425034,NA,NA
NA,NA,139.568137399173,143.130757767035,140.552485575135,143.98718854454,147.290963282572,148.158564136267,150.072384170602,149.272391640524,151.060080195683,152.479613705951,153.655467885999,153.508397845765,151.425318552777,152.662572890336,150.480953734279,151.689505194165,151.219920357946,152.136942118556,149.778999595151,150.787837068747,149.15460751225,148.345491745003,148.556349843249,147.830158965576,153.592612483751,150.057372370383,148.172775934007,145.230058627197,143.734349490948,144.578088411765,140.109687660211,137.566739898887,135.124639838732,126.103695041544,121.621357827045,116.333422149107,114.081009553886,104.798384503541,101.526728694217,103.243882990642,100.214167965896,100.461113080806,99.1525350892061,97.6648051545386,97.6185917096207,96.4040293521483,94.9402170555132,94.8077636787518,92.4296386732678,87.646089511118,95.2602314087616,103.43233057666,114.273764679977,118.526376416825,120.895818059473,122.611183195117,125.969932939087,125.175063095121,128.097850767738,130.795965492112,135.420935790745,136.628102404311,139.989066127617,138.866547142908,137.097289869747,139.694460463882,140.622068248619,140.051247371362,139.583580461242,136.680190583836,135.234485965522,131.969345532669,132.165930145073,133.423431083724,131.844139009534,128.585805435041,129.316028404221,128.338287591578,126.565927939656,124.902436716926,124.55877473937,122.949406496264,120.350475513245,117.427756405831,115.439598367966,NA,NA
NA,NA,141.126608782366,143.990138168406,142.462919218516,144.531384793589,143.746926355188,150.227472766344,150.390878081999,151.853547307045,152.72576987879,156.888605640085,154.533461571396,155.925926774981,152.256136281613,154.123285519251,150.530748077323,150.050783611112,150.891825800118,152.710276602817,152.864154189039,151.555481736222,150.48795565427,148.708010240395,146.771969385258,148.374643387891,148.313815077145,148.085732349765,148.97146664271,145.56435014264,142.391246764958,143.641585333624,139.630620923822,136.197448350878,132.629887069357,129.326784857439,122.47920363798,119.046055989238,111.790584253366,109.247631863947,106.813309317014,104.124610126351,105.713507501061,103.556599450842,102.035319788128,100.392946310349,97.5486418058657,97.5720560097874,92.7623172345287,93.3845122304343,93.7543147771016,90.5657814843465,95.9538655125962,105.573935569925,114.431172052081,118.122493343909,120.550687625469,124.561995022519,125.2550205028,127.309209509661,129.085693511615,131.260200057038,135.498734496518,136.218932309357,136.706226107724,136.703809187941,135.869927165284,137.126288134678,137.333888076168,140.130447079938,137.292560398701,137.175183134487,131.296046922856,128.311108955945,129.936799135183,131.615589983105,128.111963596526,128.287168153921,126.213161916713,127.542407213674,123.661503608797,123.889895992274,121.617742459141,121.757259720879,116.945101757953,115.245878215588,112.262634262667,NA,NA
NA,NA,144.306451354483,144.412167883954,144.654338071545,146.576141904531,148.393817043502,151.2392773357,151.064893058947,154.162429244086,156.237822760736,156.198521757106,157.287846039353,157.400923945961,151.975012382037,151.113386959612,152.909072695889,152.926211963583,149.714561385538,150.055134395371,152.056415133485,150.370626964052,149.532052053119,150.79321537041,147.193869241926,143.478860372494,145.999288801499,146.6814521057,148.69509966112,147.599307861022,146.211059855029,145.156533434655,141.0722705071,139.513144604353,137.143521945974,133.381436069415,127.759233991696,120.599366116361,116.980510277501,111.932195424696,108.787211346353,106.441916850023,106.890269647249,107.79229185676,104.199487654068,101.878364210023,97.8713137525173,94.5575037203429,93.8791416277684,95.2397535207429,90.4864873714382,96.7264334619618,95.6680463905525,101.811136652977,112.403848677353,118.841622833403,123.592521787368,126.531868781882,127.182134136131,126.552742552637,131.287352925481,132.576727375628,133.91488468428,137.135385981647,138.781187627864,137.431763657656,137.227273751969,134.991920959265,137.496126221251,134.863294137916,136.637769507373,131.223383460897,131.802684651148,128.489043402459,128.191814927085,129.7873033487,129.639788878952,126.509520172425,126.317548269615,125.611135809456,124.044381194584,121.329614173284,120.858569573027,121.085024906125,117.008522450469,114.714167569988,111.328874781379,NA,NA
NA,NA,NA,144.896422318473,144.802329152981,143.175533079781,145.169400607449,147.386217641161,151.321765310121,154.831284856324,156.667657679753,157.924896661832,156.789866337468,157.247426106961,154.429767203584,150.872700955574,150.344362788192,151.277747990273,152.414671911185,150.298397003154,151.78787989768,150.120299238934,150.665616675843,150.927679474151,150.484970856148,148.134833288941,145.626842797014,145.245161368564,149.32401814743,149.069117923608,148.666326094745,147.885675235664,141.255411897282,138.459940568707,134.950080471976,133.525055559533,131.470219357659,123.827772694823,120.337817554397,115.631154602642,113.679902825404,109.809911093601,109.446945097347,108.755791392516,106.125191230441,104.495384139117,100.809680153319,98.6710853535965,96.5013914082843,98.3454194143106,94.9986252708221,96.9840470718327,100.333806493216,101.807531849009,111.280468322361,116.460996303161,125.318144402363,128.090090678186,129.669699123483,129.385239133805,132.993745196735,135.633011359418,137.177581820033,139.339636597398,139.363272187088,137.005756251284,134.770489166043,133.225407873409,133.293693396561,132.233975341542,135.104583475435,131.47409997947,129.397049648236,127.735986264191,127.900575424128,129.189230218152,128.265162290349,126.664503675425,125.13747661697,121.541018346311,121.15075562811,120.079294016746,120.532138039935,117.677917644589,116.075392762952,112.661808003443,NA,NA,NA
NA,NA,NA,142.145241991395,141.729192327798,142.493334551415,145.487384050199,148.155763120521,149.495519169328,154.609989762468,152.840784287576,157.466240153764,158.261315269116,158.004738693166,155.492204379086,155.455436301526,152.231934189198,150.924623324933,150.889645413116,152.750518810907,150.517412234671,151.194388215236,150.655026259582,151.158911549412,148.394408052172,145.478923774537,148.83666341628,149.382381709825,151.969713973412,150.379920529348,153.105899941824,149.070173288267,146.075927701402,139.639979454605,131.605238824249,129.783768831676,129.251903544042,129.134490767066,122.022611352544,119.135392599789,114.51986443354,114.744038268943,109.739105870289,109.50663529615,108.364048019869,106.514985882375,106.858389602547,101.671418477687,97.1652488790896,101.178885503389,99.2532542309675,96.5037606992373,97.5645903577126,105.591468236464,115.551695929468,121.154106350188,124.61759107707,128.080056855418,128.646409267583,129.216163445479,133.04368927311,134.21258199394,136.650790176042,138.659566791406,141.402617779017,136.914394455345,136.276730585685,132.303138099319,134.493083488622,131.678234632381,132.814626320401,130.773164568676,130.074105445571,126.368480857321,125.79079606753,126.215899983626,128.879714275854,126.764626205448,124.977012021037,120.572092933845,120.899456335473,120.194195914804,118.566880250542,116.773236240563,113.801350438548,112.968104683501,NA,NA,NA
NA,NA,NA,NA,143.610042903314,140.127831744425,143.297974583865,148.259255935723,148.906145628171,151.549469102733,154.809293785288,156.836245629752,157.918759098779,156.59757658389,156.503664924941,155.7492932974,152.566102497051,153.743208057759,152.109398385902,153.149802247666,151.572487404327,148.259627647975,149.668177910755,151.831078254739,150.35606908949,147.916947806832,149.331002859363,151.054935685079,152.428682932257,153.818509885611,151.238169132801,147.573717329141,148.599012210713,144.829513666087,138.335262584986,133.496459332013,131.341030395024,128.800870124606,125.413287925961,120.459520188756,116.492997680606,115.484183360042,113.223965760518,110.635254726437,110.315771477876,109.464489568908,107.632348613281,105.48304451295,99.9371616653854,102.509757122649,98.6141677828007,100.665571220636,100.037780699543,106.885331834347,116.399944531439,120.923989446051,122.808105171105,127.143366877934,131.155661061423,129.891807211044,132.766853951794,134.790333713427,133.659838704846,136.736308749851,140.273443088417,137.116445190576,134.691146987387,134.453453509398,134.19644403958,133.438797747702,134.57326013135,130.419719143894,128.412160905762,125.616607546008,127.30986568331,125.479385502808,126.081774692722,123.114943607198,122.014166967761,118.681027441728,119.745230158217,116.689489299135,114.037794047424,114.243104619139,112.494388958809,NA,NA,NA,NA
NA,NA,NA,NA,143.579894111944,139.365721570279,142.502261484016,144.62404505669,148.548317007151,151.110862766455,154.228942021842,156.069447533956,159.847131271581,159.140065467635,155.846410878331,157.948025706105,156.645804239249,155.514093924004,152.79576765121,153.735754686905,153.591172954869,151.61620627575,149.874927072485,149.609205878323,149.908746605205,151.390183298553,149.503717840606,150.791331533253,152.004603656191,151.483793712697,154.20109238067,153.208953244023,146.226355150284,139.015125495226,136.404080100262,135.575082310996,132.828855274806,130.674378529221,128.76399648017,123.549809840182,121.212884815715,116.01408822977,110.976641285688,111.192644639744,109.494136407362,109.603206668554,110.540200346131,107.522327773503,102.10876596855,101.381046843559,101.46745946128,103.864846342565,105.441229439329,109.043639595979,116.49851044619,121.580702080768,126.423932898832,127.292709909033,129.317497233982,131.265961846531,132.095496816342,132.862959369245,133.043330669677,136.387344042006,137.232884954914,135.656746685495,135.524015828964,134.946781095368,135.720934446736,135.635222292135,132.186461071205,130.325069297498,125.731697296104,122.716468136272,128.683602756502,126.328792021258,125.875922191652,124.147835061624,121.55721803156,119.974905362938,120.230587704595,119.451944158884,116.435421402227,113.602916896052,109.964705697314,NA,NA,NA,NA
NA,NA,NA,NA,138.756192463067,141.363443692483,142.706065702843,145.31988859161,148.665764321951,151.430120279629,152.095481835056,155.595650556566,157.082529471024,158.532898608272,157.651660539545,157.795309877685,156.719089323642,157.199169605183,153.269086461006,153.008592276305,153.487192978512,154.431537043915,154.852377810302,153.889217966956,152.248938338302,150.762293487678,149.740297860353,148.652983673939,150.559857109121,150.942641463191,153.702210926685,153.790313322348,145.862675555852,145.05477151584,140.558650040436,137.198972710597,136.552555468625,130.962758526429,128.67583449073,127.690736697351,123.959168430513,118.343083634473,117.076687590026,112.268516063157,109.795644125978,113.167762111269,112.477606222026,109.389216169143,105.678943373803,102.708356332745,104.420918764538,103.035452925357,106.872013670084,110.084146916234,118.041247644258,119.383861365492,122.601506352551,126.880966588301,129.258048559204,130.158521762741,133.117081214894,131.617026951403,132.858137932042,135.438712395026,136.115811953168,135.172895404875,134.828800643619,134.150939737775,134.98772054409,133.516456070761,132.020091057582,128.079731698325,123.374305306021,124.92480694305,126.290203491769,124.576241033753,125.017951211826,125.16540799283,121.142093739658,122.136148243105,120.812885525393,120.511663760866,117.099525490551,112.044213666809,108.746729377503,NA,NA,NA,NA
NA,NA,NA,NA,NA,141.06648547078,141.272698131998,144.589067456661,146.559102938297,150.917408048147,151.891270041419,155.695026500059,156.543534444673,155.613511359735,154.821647352773,156.074821915943,156.496825144955,156.108789570156,154.380140647747,155.119539963421,155.980810676738,156.691001529623,157.314315084334,156.182479772969,156.865994257677,151.429698829654,150.705779520371,150.273172991199,149.206719991942,151.751681352966,153.399133115265,152.834495669755,148.700533568437,146.034019610647,144.245449972347,143.538552360124,142.080676449804,135.903448716948,133.427314068122,131.174896002463,123.634579388687,124.642325208351,120.172027478621,116.067774822904,114.756069078084,114.358696548758,115.524650109898,107.628589661053,108.538245724536,104.22588575438,103.876920182925,107.173242073981,110.324385655428,114.107611680775,120.656879214439,122.238931568676,126.347462704566,130.420399877026,129.306354035872,132.526734304703,131.427918768243,131.826730283562,129.716581873855,136.253055963688,134.338034366352,134.234439823368,133.40540756428,134.297696633481,133.493700113834,131.607233315342,130.293235702529,128.298236696713,125.968036607668,127.595937381067,127.331247631075,125.099666036822,123.55619533472,122.924535867032,123.210698431168,121.236555056207,121.09858137646,117.703728273412,114.7415081732,111.280892997631,NA,NA,NA,NA,NA
NA,NA,NA,NA,NA,138.268982531445,142.999642520442,142.451420076144,148.575104614368,149.795032849285,149.694591870291,153.820611436635,156.177553460981,156.154576099603,155.475603520273,155.838558296037,157.503182464465,157.334113612781,154.117592818216,157.001727603296,156.812493824105,156.302250183812,154.79937027425,152.414086269554,155.828310702606,154.571601493603,154.446399208918,151.293376591733,151.257311902832,152.277180731112,151.202248823138,155.320057749298,148.929125614614,150.543301153259,147.184134478182,148.18854625227,140.494873419356,141.639771529162,136.279733510035,135.364882226216,130.303558961691,127.334760401083,122.188221478837,118.336852964105,118.729680523949,116.606706270999,114.425645517047,110.882913250953,107.842859850682,105.830758504307,106.623406176584,111.02839202284,114.603559537294,118.515297470618,119.778825487584,125.304648294162,127.134735716544,128.962010429463,129.789325340532,132.827645658589,130.898886462377,134.382822651903,132.350929999808,134.896865596646,134.154501079054,133.059162356871,134.966902380292,133.823183839177,132.541713016945,132.189040884244,130.422166430037,130.656869204114,129.274657280626,126.580470269001,127.350129224448,125.90725491458,125.178112169918,123.124767959393,122.663993637711,120.727913950452,119.56423645266,116.725408494007,112.414259394777,110.030912302725,NA,NA,NA,NA,NA
NA,NA,NA,NA,NA,NA,140.579059714898,142.216161055508,145.620926148694,148.872486489213,152.292093937918,152.974654134678,155.946649064117,154.307869347592,154.834718994282,156.615832838511,155.919379575847,155.961882525422,157.969143717623,158.108209753724,159.732752955051,159.944070785596,157.938771800503,153.713599488103,152.590922904364,157.588175595931,159.704419674402,159.246082520434,157.51516591498,153.012874609784,153.436679101773,149.136485730835,152.115899521166,152.779457106068,147.15825231125,147.61470899994,144.267166612013,141.456374737117,141.517485874203,138.318715162396,136.098452537898,129.398160130105,124.799944589625,121.276198605567,121.658154707869,117.537239981474,117.332970509888,111.31646522265,109.988300056854,107.782770642985,110.243939853621,114.230210299683,115.362277553366,117.708123223245,123.103384596065,124.859847624363,127.72821062652,131.178072522058,130.838293744584,134.862787784473,132.79547178598,132.348615544197,132.151743187968,135.727038161679,132.084315777134,133.803528059091,135.845193198934,134.873419025032,130.339884138581,132.481030848839,132.157158642081,130.872485532618,129.597347342646,126.081537108654,126.519019049283,126.912305415193,126.201685619476,122.363886280359,121.974479584232,120.955082605806,118.03698928571,114.982931301657,113.058987589354,NA,NA,NA,NA,NA,NA
NA,NA,NA,NA,NA,NA,139.360137216429,144.981380983598,144.57439267566,146.999456469796,151.678856096543,155.287488445117,155.509151343527,156.814377085863,155.969796434836,158.105867258282,156.449123916468,157.917809375636,157.395273342082,160.694269807591,157.195433421768,155.076544123934,157.697970724868,154.873190341719,153.074140517755,154.044378152472,156.40633686806,158.307488922678,155.091843877776,156.940058006311,153.489396164049,149.665903008375,150.471849819846,152.741347646398,152.1656226979,151.283861212757,147.274250229625,147.760947333838,144.24972675724,141.879258645369,140.87822343874,133.021669780904,126.391519088943,125.580415713868,123.050165566397,119.327397864235,118.094669925157,113.701799815338,110.030656213735,110.680064703569,116.766178742392,115.713306527506,113.688807818849,118.173003401646,125.482558801903,127.458467210852,127.248780319878,128.63305828266,129.340678216185,134.84360921197,134.911243487067,134.05603030611,132.864266094267,131.878923592717,132.014091845847,132.516099391706,135.071334429719,132.408587491785,133.191009724851,131.991937490867,130.244096562498,128.801378215678,128.528734435662,125.862935703609,124.703779493232,127.222768183187,123.593896094814,120.863128797085,121.442948947034,121.154029625762,117.138552510985,115.514274029399,113.206900124938,NA,NA,NA,NA,NA,NA
NA,NA,NA,NA,NA,NA,NA,143.206384397679,144.242306986957,147.020902802865,149.82965781117,152.57548814804,154.672810692161,153.521566771936,154.527759719435,158.950663367596,158.769821074528,160.504364019583,159.568854938189,157.183259440362,151.951387386888,152.14988435337,156.340311266748,154.157285296838,155.041304497661,153.974029225213,156.165671450577,157.12442188764,155.670297439153,154.806647686554,155.682350610836,152.692435403979,147.566073051298,150.429262803834,152.366776680384,150.520126595897,150.276735946537,146.505736691093,145.520308237191,144.440810255916,140.266907853615,133.260874890707,128.50526845668,126.420625574195,126.445449751794,122.575981811037,121.609282532856,112.26322837797,113.10457036414,115.019284426556,119.167116066567,114.864939790841,115.604017013351,120.627270781385,125.596364580068,128.785059513517,126.411354145503,130.219829750293,134.065540187138,135.061912942147,134.514506359734,133.840757870052,133.825818728079,133.32380885484,133.003134994394,131.923791586344,133.502225666914,134.399194722895,134.463090347974,131.366303720664,132.357401728936,127.601752935681,127.077478219951,124.778119306676,123.514049600957,125.56773649959,122.256294678542,123.126868984886,122.739429636667,121.698493440186,116.886042838838,114.62324951874,NA,NA,NA,NA,NA,NA,NA
NA,NA,NA,NA,NA,NA,NA,NA,144.138911748149,145.521798102535,148.603134164488,149.289087915673,151.005645897709,155.316151494644,155.851020618074,157.277061175766,158.159771213542,158.894497714322,156.108553514366,158.615377624002,152.991511808189,152.593720875253,154.085459037335,153.794193369503,156.375463332714,158.480478907844,157.680523936759,158.215658403915,157.243190367758,156.211747191845,153.251397884103,150.898889525928,148.842082582582,151.086379798992,153.151769858632,150.895862197457,152.773274322305,147.548129636203,146.08047295877,142.988252496881,141.076240976566,134.733687450855,132.115532363973,128.213096176631,129.90772950483,124.943465713767,122.906025455963,117.383974975206,115.791806923584,117.277082923035,119.333182986305,118.913902576563,120.214824249626,123.232052015932,129.710478094714,129.86049500157,127.772225458988,129.494797847616,132.374838823638,134.653634710446,134.096237923036,132.722723253255,132.448894536598,132.015014580883,134.145557610955,131.964470256769,133.576993517613,131.806999963908,133.400838720408,130.740780049688,128.600322962423,126.993942707414,127.644876121396,122.189322979078,122.548333349228,124.425759234723,122.763479247501,123.300436842265,121.588914280209,120.332201983122,120.779733638904,NA,NA,NA,NA,NA,NA,NA,NA
NA,NA,NA,NA,NA,NA,NA,NA,138.249573207699,140.938379894718,144.397286203046,149.049520656094,150.187285783475,153.994347145517,153.27682420833,155.335306645996,154.958925083332,156.431964984902,158.854884880707,159.722803827546,155.876341927157,155.641294875246,156.14304689183,154.830728157907,157.28679753406,155.982098578738,159.601785616181,159.402216558793,158.961533054045,159.427090855182,156.750141088046,152.528114119854,151.9088785206,151.993552257858,153.902751618374,153.695535426688,154.060927933957,149.961533336076,149.046484007971,147.712640794619,145.934193888257,138.097031457564,134.233095186857,135.604220979457,130.860846870322,128.800047911002,124.073301284554,117.937453962494,119.374574561922,120.362144758711,123.560659344899,123.572944769615,125.775444943389,126.462336343687,129.370640331408,130.280389621102,127.654937115871,130.078841629358,133.04940993982,132.83373496193,133.819294768386,131.646787770425,132.950232855546,131.886713410212,132.425469250369,131.037379635166,132.560389703707,131.608381181498,130.919120586717,131.02034736034,128.763890488758,129.328152542755,125.619956606051,126.225016942,125.55774057057,122.155288034326,119.813074852184,119.18858403653,120.464518185173,119.869373603094,118.993474017444,NA,NA,NA,NA,NA,NA,NA,NA
NA,NA,NA,NA,NA,NA,NA,NA,NA,141.008638165553,144.794556081638,146.603062226108,148.976452004232,151.0990982872,152.546850954076,154.65574596476,154.834006066563,154.861057557124,156.892129734515,155.793886526133,154.04519576051,155.77383309624,155.176788529114,158.330913789921,157.800208708949,158.158037039864,156.856405668068,156.382653274599,160.029061317682,158.716074772139,158.388929315005,154.51425283818,153.640811284678,156.103045431393,155.202254392834,155.253696544383,155.827629505533,154.798184047971,154.792296834304,150.896921511639,149.199557246418,142.679767855053,137.085140501293,135.491806379032,131.65949427059,130.825204537485,127.009680927619,122.979567319517,120.699313201636,124.614130170078,123.311803466432,125.475749432628,124.733551973468,128.089010359587,131.571434040912,134.217649782091,134.293073352668,131.418281490946,133.318344915131,134.578176466301,132.826702219761,132.247426288184,134.431107067642,132.657298555746,133.77973843784,132.429200164395,134.858911287826,130.526765802191,129.426580189988,126.385407874825,124.972637522863,127.905411122145,126.252230236874,124.835339497771,125.157452216112,121.282421709337,121.335117664872,120.094582922186,119.837156797446,118.223317291602,NA,NA,NA,NA,NA,NA,NA,NA,NA
NA,NA,NA,NA,NA,NA,NA,NA,NA,NA,142.55655611585,149.274309242698,148.781691575379,149.317474990387,151.675223190565,154.616623166892,154.406624760069,157.077337933168,157.473915131128,158.011724294843,155.901457846273,157.032665478948,156.565696959599,159.503701064863,157.540623881884,157.023080344257,156.016280721953,154.567122193188,157.154547384283,157.987917794745,156.653803714873,155.609254260503,155.621963769936,157.688665938415,157.663260785654,158.151736095108,156.347242679344,156.320514744875,151.583897045039,151.20859451212,149.236833035227,146.092790985137,140.390424431356,135.297891638637,133.361897396375,131.123697892867,127.321934924865,124.807682663387,121.194482873342,125.678379985643,128.562030775902,126.929658481974,125.791981964199,126.900112418476,130.503944322606,131.772157567187,134.281977755078,131.779930232651,133.274752985066,134.602624554265,135.706786619089,135.544685568084,132.295263903683,133.008434403461,132.963474768352,132.109658171781,130.974211175884,129.61893709627,127.08090993102,127.02053900056,128.641458926245,126.964105121182,125.725413978671,120.338632218843,123.06805651393,122.44498379483,121.171066412091,118.534435626956,118.236236720062,NA,NA,NA,NA,NA,NA,NA,NA,NA,NA
NA,NA,NA,NA,NA,NA,NA,NA,NA,NA,NA,149.316394838311,149.095966504901,149.603724613942,151.94221771603,151.601529776355,154.538385771422,157.071708814814,158.564215855221,157.637348446158,157.80216968542,158.033622326917,156.795297154011,156.247255870304,157.25429909558,158.277110895075,159.577207646256,157.292745152398,159.447577604992,158.369914372625,156.508643299486,156.386983390504,154.799789322647,158.776336524624,157.226926485884,155.938305235942,158.341649923146,153.682607478442,151.490418442966,149.947011130699,147.982016708645,147.173671097175,142.481353586685,142.097236332852,137.546278359505,131.559666206226,129.301534955932,127.288902288946,127.74072434147,128.547814630404,127.960676072211,129.246765978977,127.256417931385,128.829789584637,128.564449310895,132.796308426688,136.517700238709,133.19078459135,130.850995815144,133.832043032775,134.642828527625,134.226396519477,132.47482327056,132.435265748081,131.398048815553,130.76967860725,131.834653511698,130.129772464313,126.877494917704,126.67893803099,125.419531866204,124.206646968926,123.442843666605,122.251580624698,120.587282399802,120.847664669547,119.914047761277,117.300517631835,NA,NA,NA,NA,NA,NA,NA,NA,NA,NA,NA
NA,NA,NA,NA,NA,NA,NA,NA,NA,NA,NA,146.233578433607,146.899524665339,147.64089704214,150.775134366274,150.810600594592,154.829944230554,157.127929797811,156.324437992874,159.282628188998,158.231435639801,158.885255441901,158.702215033318,157.844768387551,158.622042963379,156.678091273838,157.393811025532,156.971410163449,158.500680909319,158.020703177555,157.833381801294,155.7476974066,157.308402683674,158.155941983529,159.191998222736,157.316470460603,156.336775549718,154.430434967036,153.121588312896,152.260679116887,151.541154807636,148.978411401136,147.375172665201,143.648240439691,139.223370033898,130.997220691377,130.841318376473,127.843921432203,127.841490004623,129.997047210528,129.456795078297,130.587358024225,128.572007700819,132.425377024025,131.434186821682,133.251610394663,136.955467152867,131.621321749503,133.734236925874,134.055489660865,135.710522181078,132.271430710541,132.332206048687,127.391081909752,132.587807089486,130.792866952661,129.841879583066,128.855915278552,124.527144281706,124.839020968116,123.96449824459,123.470999323076,122.70720951851,118.208499427613,118.781996982564,118.670749971419,117.839117503905,118.580696818688,NA,NA,NA,NA,NA,NA,NA,NA,NA,NA,NA
NA,NA,NA,NA,NA,NA,NA,NA,NA,NA,NA,NA,145.229336642165,145.601825216962,146.302460143523,149.477844221175,154.014721282241,155.022707793442,156.104333893115,159.414631279049,158.592286778642,159.162850092355,159.947466043566,157.797163267692,156.794199374419,157.104935368977,159.387235667624,159.861190261783,159.814600311074,157.73469387809,157.975347646812,158.435809189674,159.471460397181,159.485265960473,160.491636818913,158.194794192926,153.346510065528,152.593150775077,154.009379075632,152.65446945409,152.178883906853,147.234563270656,145.817861496505,143.452748928638,139.695391469743,134.961712359894,131.868668259743,130.715205669388,129.974279968596,129.331699522183,131.045004424455,129.622827318019,132.282715464817,133.726059585522,134.386610206998,137.398133246571,138.948783036413,134.015816722857,134.617826764385,135.844186784615,135.402187150994,135.166472800483,131.734052167931,125.365823167916,125.810675809699,129.44775268769,129.231549364832,126.622977003002,125.46669692209,122.835098117483,122.169657813498,122.06301902678,118.798834847874,118.050022731338,117.035028429529,118.170115099212,116.808874819313,NA,NA,NA,NA,NA,NA,NA,NA,NA,NA,NA,NA
NA,NA,NA,NA,NA,NA,NA,NA,NA,NA,NA,NA,NA,141.759389292342,141.803726937156,148.2138192533,146.528403848146,153.569150203852,156.93419499028,157.102166845147,159.023939334634,159.403071839671,157.00502504008,157.563554610533,156.6965792032,157.634842202828,158.702559713655,157.025747979703,157.987628608117,159.079172875941,159.613317672398,159.61392553233,156.496685557121,156.064372477171,155.575351823624,156.571399014278,153.169687674538,152.32672696991,154.736909951722,152.829918588944,152.033781294804,150.866727454317,143.540362005338,145.881479508462,142.168268147843,138.708701422244,132.318601955248,127.954788896807,129.073030699046,128.692490981539,132.479898612897,133.497993617833,136.329550253639,136.668861525053,138.656320817741,137.93834547841,137.155918479029,133.845668308308,135.533718942478,136.233548589143,134.151024662608,132.629487617652,127.577342320786,126.011629404235,123.869274379318,124.274964669957,126.491493871472,124.860492545168,122.630181612891,119.183302009811,119.040887198288,120.654180761592,117.60116205669,115.642475518348,113.659449586379,113.835313354339,NA,NA,NA,NA,NA,NA,NA,NA,NA,NA,NA,NA,NA
NA,NA,NA,NA,NA,NA,NA,NA,NA,NA,NA,NA,NA,NA,141.616326425064,143.898236761499,145.454401984306,150.955678237704,154.131786148474,155.914180737206,156.153264841113,156.348847713921,157.162445950527,157.171440812322,158.282929788289,158.792893549232,155.75814906699,156.592481683682,158.81830287919,162.106798789545,162.070739693438,157.273584927192,156.709666776698,155.919550818082,153.501211120716,154.026810456549,157.068132362226,151.827873096728,153.478990491128,155.792256486213,149.608869628052,148.06190329149,148.459502758335,144.85423651363,143.51780350997,140.817440634594,136.460499561061,133.937403364577,129.58018239362,129.918984485503,131.437853570638,134.132770579678,137.979108466967,139.358642979558,139.262325043528,141.143153027183,133.781955374538,136.058303215677,134.904615387847,136.761383078522,136.18447266367,131.304157160287,127.997919851551,125.73896225466,123.302612922004,124.000275539223,125.810759828523,123.565769716133,119.229941900508,116.820105507266,117.187804660855,115.603526466323,111.244976019057,111.074412164341,109.668823840943,NA,NA,NA,NA,NA,NA,NA,NA,NA,NA,NA,NA,NA,NA
NA,NA,NA,NA,NA,NA,NA,NA,NA,NA,NA,NA,NA,NA,NA,143.327813116828,147.34399688754,149.283826050756,152.903842292091,153.541483424439,155.407537135648,155.473445914795,155.374359481986,155.985331788583,155.497081477504,159.120794371553,156.571647080405,153.928139547372,155.453880521731,158.666745267079,156.377920136531,156.683919986555,156.729946703261,155.006042707751,157.655070350014,160.109710665168,159.112012004208,157.129720115649,152.896804679227,156.582670690151,150.937724755405,145.654538701129,145.300395914968,144.141169900906,144.448650210105,142.626544965321,141.774270785712,134.828210687564,130.947594141271,127.444985782616,130.379458113431,131.408672116266,138.771639043498,141.246624865758,142.940200388034,140.820675262164,133.921237823682,134.52138052325,132.356007746328,131.382180957652,134.188334404354,129.606370750452,128.035815893173,123.846032959317,124.259972257995,121.073978446631,122.411277641698,122.628966272934,117.022811411945,114.737366292483,115.184476019981,111.152782886154,107.664149429567,108.279363459003,NA,NA,NA,NA,NA,NA,NA,NA,NA,NA,NA,NA,NA,NA,NA
NA,NA,NA,NA,NA,NA,NA,NA,NA,NA,NA,NA,NA,NA,NA,NA,NA,148.103527084534,150.234603710591,151.012749412897,150.048623734402,153.009723480239,154.402419457201,155.94684934666,154.78550685519,156.302068563881,155.769086017485,157.899868869262,159.394381695438,155.8940763124,155.053248966911,154.720583907966,155.290999925809,160.04641505361,159.300918045531,158.490883330414,159.458655391458,157.798532839385,156.402700302748,155.746824121511,153.319209452156,146.439597682964,144.317411543474,143.436807574186,144.763394696273,145.360138126711,135.62410936805,137.448463375929,135.172882288967,129.512225824128,132.817950329115,132.300572437876,137.967129945165,139.682147010971,142.10685892398,140.499209272635,135.65803262028,134.00190161958,133.267760986296,130.400941810645,129.591596842513,127.906046602943,126.015793226403,122.764511132495,122.82770814255,120.695876652526,121.820911633311,118.618533772362,116.635669281027,112.401890312563,113.442189852008,109.465747225676,NA,NA,NA,NA,NA,NA,NA,NA,NA,NA,NA,NA,NA,NA,NA,NA,NA
NA,NA,NA,NA,NA,NA,NA,NA,NA,NA,NA,NA,NA,NA,NA,NA,NA,NA,143.731724943026,148.759236133963,149.437944374573,150.909809866604,151.60450352105,150.535504447376,154.9431819835,157.185267746538,155.995911666627,158.464155292423,157.471519439941,155.434269479188,157.152059464287,157.57367010116,161.122660530203,160.73392453889,162.1562369474,161.983438915709,159.678785933534,158.614764552925,160.413815723267,153.752924826558,153.525979769882,151.790396940286,148.185889762035,147.272931794867,148.820286310614,145.321727128881,141.217960577507,135.162807838402,134.261730379969,133.053090508397,132.026627734141,136.055226279581,136.848551719587,138.185801675363,143.407462565958,138.530945192496,136.074655601107,134.309731385395,129.856300042455,129.314046253834,126.486204443673,126.592681261072,121.817124272186,122.588721736229,123.027870956764,119.77305259996,117.911440635507,115.89852742904,115.115380970294,112.996369058934,110.001623233605,NA,NA,NA,NA,NA,NA,NA,NA,NA,NA,NA,NA,NA,NA,NA,NA,NA,NA
NA,NA,NA,NA,NA,NA,NA,NA,NA,NA,NA,NA,NA,NA,NA,NA,NA,NA,NA,145.867338842924,148.724709116579,149.281473102949,150.951049363893,150.269238575251,153.227957386752,152.460149801755,152.413668607972,157.093800484034,158.371638500801,158.721853365989,157.013995505484,158.271953140683,159.225205636679,161.151337086796,161.830330243011,160.716469570455,158.59691394514,155.927308688057,155.953146520877,156.084306952145,151.167468230743,152.010424260699,145.81106922549,146.236342464007,144.683569599395,145.490437208633,142.076070373747,137.067024529798,137.107391418619,134.473343732121,131.399757516771,132.455800834708,137.128062514615,140.790754240021,141.296407870168,134.281051235422,132.515841378334,131.025683790712,129.459636495408,128.715381809952,123.417288061916,122.846721593103,119.233884401412,120.089799120336,117.22705230465,116.485483861164,115.655501095269,112.429376756581,111.160198857406,110.942661875996,NA,NA,NA,NA,NA,NA,NA,NA,NA,NA,NA,NA,NA,NA,NA,NA,NA,NA,NA
NA,NA,NA,NA,NA,NA,NA,NA,NA,NA,NA,NA,NA,NA,NA,NA,NA,NA,NA,NA,NA,148.240916995507,151.068677513664,150.020608590646,154.154997413601,151.681986120072,153.421171245983,154.707291200858,157.412787261523,158.554318382827,157.255625423813,159.17392239784,162.696051790777,160.598427960974,160.378628270521,158.563005512575,158.656852659508,156.440641668115,155.959044444219,153.168549784569,148.705688312359,148.074880125029,146.185383742744,145.663790057688,144.05466342571,142.045767888889,139.938594434737,137.986949689686,135.278043418371,132.178560077704,132.614194694623,131.729166689143,139.352613899277,137.293923332277,140.415883547804,140.057974918826,130.655265762135,129.318060828219,129.20239376711,123.013439024323,120.358523086544,121.989898908513,117.565551069499,116.460196736348,117.073148026526,113.914449577241,110.326766780845,108.469666710621,NA,NA,NA,NA,NA,NA,NA,NA,NA,NA,NA,NA,NA,NA,NA,NA,NA,NA,NA,NA,NA
NA,NA,NA,NA,NA,NA,NA,NA,NA,NA,NA,NA,NA,NA,NA,NA,NA,NA,NA,NA,NA,NA,150.015093686531,150.261951194552,150.091163010284,153.577701639222,154.37102845964,152.275797018202,156.1803207732,155.939530188656,154.377735130211,159.065887356752,160.653420212447,159.640550977454,157.149803644691,158.70594761628,161.15258606607,156.97894808038,153.166395243346,151.676430889431,151.595971589373,146.213674273706,146.184282130032,145.138473644891,144.814693277431,142.902613454551,137.749737333952,136.883011388199,133.412393230687,131.611300908612,131.215220495618,134.033884421105,135.275919565819,136.085293208636,139.307076840239,136.970545402113,127.72825155638,121.965379363336,125.216197473663,119.935157329492,117.626919310329,116.756982922139,115.986604101886,113.169173641612,113.047564491354,111.432458617256,109.442694718973,NA,NA,NA,NA,NA,NA,NA,NA,NA,NA,NA,NA,NA,NA,NA,NA,NA,NA,NA,NA,NA,NA
NA,NA,NA,NA,NA,NA,NA,NA,NA,NA,NA,NA,NA,NA,NA,NA,NA,NA,NA,NA,NA,NA,NA,NA,153.009323676462,153.409500236009,153.826637735354,153.082352732172,152.827149043467,155.252955298154,154.95349979697,157.640551616921,155.659567597482,156.642053341573,154.120173606979,156.545380713389,156.472824653304,157.109227467841,152.869562983835,151.49626640258,146.248305698195,143.455399365075,144.668921170026,146.859919727606,141.293976804216,139.327514474383,138.376505377062,136.201538607406,131.656537267805,131.850129790157,131.714366493713,132.089069882978,131.565040235471,134.045549388558,132.572371398508,134.113463072762,126.204426469847,120.446562592064,115.805596120727,116.110488549069,115.047365457908,111.681585242377,110.717941102685,111.745212668888,111.385102390783,NA,NA,NA,NA,NA,NA,NA,NA,NA,NA,NA,NA,NA,NA,NA,NA,NA,NA,NA,NA,NA,NA,NA,NA
NA,NA,NA,NA,NA,NA,NA,NA,NA,NA,NA,NA,NA,NA,NA,NA,NA,NA,NA,NA,NA,NA,NA,NA,NA,NA,151.795739119066,152.585926004354,151.702010947903,153.264008858989,154.976084615105,155.796792590884,155.670109153889,158.015298480353,157.138980218066,157.180383438739,153.783079994632,152.360982198609,147.098011564357,147.174562324671,146.181603353057,149.187885764835,143.491334783569,141.40822277453,139.306324371618,141.441217693656,140.752439823771,136.834354081155,135.66862861556,132.173333159878,132.598633468264,132.180767682756,132.734917147939,134.244927528297,130.421139081748,124.715508270102,119.778980936418,115.559314117953,114.694476077151,112.347705155341,110.212343125724,109.789355505614,110.251761919426,NA,NA,NA,NA,NA,NA,NA,NA,NA,NA,NA,NA,NA,NA,NA,NA,NA,NA,NA,NA,NA,NA,NA,NA,NA,NA
NA,NA,NA,NA,NA,NA,NA,NA,NA,NA,NA,NA,NA,NA,NA,NA,NA,NA,NA,NA,NA,NA,NA,NA,NA,NA,NA,NA,NA,153.688236165972,151.716084757014,153.819444907047,155.249162140423,157.525013791068,156.295600341338,154.733886239604,154.360824947694,153.225753107005,150.000349126411,149.768601086866,147.263625715696,149.377776965564,144.42697494948,144.451228675686,142.023487717219,141.569359448231,138.046934585501,136.105468512539,133.229374142711,131.100468368767,128.66832070293,126.241057984188,128.302262807041,122.731164537351,123.670796377476,117.97747245848,114.490243465893,111.906968477391,109.700625440981,109.900286360209,NA,NA,NA,NA,NA,NA,NA,NA,NA,NA,NA,NA,NA,NA,NA,NA,NA,NA,NA,NA,NA,NA,NA,NA,NA,NA,NA,NA,NA
NA,NA,NA,NA,NA,NA,NA,NA,NA,NA,NA,NA,NA,NA,NA,NA,NA,NA,NA,NA,NA,NA,NA,NA,NA,NA,NA,NA,NA,NA,NA,153.054934157856,155.857651343787,153.780639437357,155.794857992129,153.337628878082,151.408157897603,151.579137466146,147.186579357568,148.371711136781,149.395586147453,148.515435020391,144.664551657084,141.820411303925,141.785873570515,137.836869797956,137.698717732978,132.844847300549,129.782552915547,125.976085017867,127.185600374832,125.578947189615,120.721673066519,117.894817306164,117.061682630259,110.778862204552,109.117940238461,107.970797194314,NA,NA,NA,NA,NA,NA,NA,NA,NA,NA,NA,NA,NA,NA,NA,NA,NA,NA,NA,NA,NA,NA,NA,NA,NA,NA,NA,NA,NA,NA,NA
NA,NA,NA,NA,NA,NA,NA,NA,NA,NA,NA,NA,NA,NA,NA,NA,NA,NA,NA,NA,NA,NA,NA,NA,NA,NA,NA,NA,NA,NA,NA,NA,NA,NA,NA,152.039808685771,148.756637365166,149.718961541252,148.672227704279,146.197835670598,147.544730621723,146.385353442443,143.726240855905,144.874593728113,144.206837069167,135.043205211097,132.293969958001,130.730586769094,124.303791644388,125.161174910369,121.536017276623,115.561018958874,116.415790137669,114.484932893366,NA,NA,NA,NA,NA,NA,NA,NA,NA,NA,NA,NA,NA,NA,NA,NA,NA,NA,NA,NA,NA,NA,NA,NA,NA,NA,NA,NA,NA,NA,NA,NA,NA,NA,NA
NA,NA,NA,NA,NA,NA,NA,NA,NA,NA,NA,NA,NA,NA,NA,NA,NA,NA,NA,NA,NA,NA,NA,NA,NA,NA,NA,NA,NA,NA,NA,NA,NA,NA,NA,NA,NA,NA,NA,NA,NA,NA,NA,NA,138.096632540684,NA,NA,NA,NA,NA,NA,NA,NA,NA,NA,NA,NA,NA,NA,NA,NA,NA,NA,NA,NA,NA,NA,NA,NA,NA,NA,NA,NA,NA,NA,NA,NA,NA,NA,NA,NA,NA,NA,NA,NA,NA,NA,NA,NA
