"V1","V2","V3","V4","V5","V6","V7","V8","V9","V10","V11","V12","V13","V14","V15","V16","V17","V18","V19","V20","V21","V22","V23","V24","V25","V26","V27","V28","V29","V30","V31","V32","V33","V34","V35","V36","V37","V38","V39","V40","V41","V42","V43","V44","V45","V46","V47","V48","V49","V50","V51","V52","V53","V54","V55","V56","V57","V58","V59","V60","V61","V62","V63","V64","V65","V66","V67","V68","V69","V70","V71","V72","V73","V74","V75","V76","V77","V78","V79","V80","V81","V82","V83","V84","V85","V86","V87","V88","V89"
NA,NA,NA,NA,NA,NA,NA,NA,NA,NA,NA,NA,NA,NA,NA,NA,NA,NA,NA,NA,NA,NA,NA,NA,NA,NA,NA,NA,NA,NA,NA,NA,NA,NA,NA,NA,NA,NA,NA,NA,NA,NA,NA,NA,198.886501838101,NA,NA,NA,NA,NA,NA,NA,NA,NA,NA,NA,NA,NA,NA,NA,NA,NA,NA,NA,NA,NA,NA,NA,NA,NA,NA,NA,NA,NA,NA,NA,NA,NA,NA,NA,NA,NA,NA,NA,NA,NA,NA,NA,NA
NA,NA,NA,NA,NA,NA,NA,NA,NA,NA,NA,NA,NA,NA,NA,NA,NA,NA,NA,NA,NA,NA,NA,NA,NA,NA,NA,NA,NA,NA,NA,NA,NA,NA,NA,204.84974886769,206.507651113252,204.111039056072,201.500250030423,200.045210942954,200.042165596041,202.55933462617,199.947209203398,202.353211520098,200.227363104461,199.505910661481,200.122324510419,199.939730119508,202.46342929847,203.263597290938,203.24064406627,203.877325910303,202.719736682192,204.347310865828,NA,NA,NA,NA,NA,NA,NA,NA,NA,NA,NA,NA,NA,NA,NA,NA,NA,NA,NA,NA,NA,NA,NA,NA,NA,NA,NA,NA,NA,NA,NA,NA,NA,NA,NA
NA,NA,NA,NA,NA,NA,NA,NA,NA,NA,NA,NA,NA,NA,NA,NA,NA,NA,NA,NA,NA,NA,NA,NA,NA,NA,NA,NA,NA,NA,NA,205.135905757167,204.561952281257,204.425363957504,204.825439631736,206.312664334822,206.924624457564,205.775680296875,202.464042774041,202.114590469562,201.928646219291,204.348057951759,204.848146133154,202.265758342776,203.474649727968,203.045266273726,203.770739505755,205.25623979695,205.473731100958,207.162991383383,207.74263221514,206.648682295658,206.169011078322,206.615814649959,206.987815273415,207.480150751651,208.376987528721,210.975032492543,NA,NA,NA,NA,NA,NA,NA,NA,NA,NA,NA,NA,NA,NA,NA,NA,NA,NA,NA,NA,NA,NA,NA,NA,NA,NA,NA,NA,NA,NA,NA
NA,NA,NA,NA,NA,NA,NA,NA,NA,NA,NA,NA,NA,NA,NA,NA,NA,NA,NA,NA,NA,NA,NA,NA,NA,NA,NA,NA,NA,207.758036061268,206.510405907709,206.318366562426,207.072837129292,209.450253188857,209.43794543083,207.789313387062,208.62400543374,207.457084383941,205.622119639405,204.767927554243,204.910519137737,203.964583701538,204.069561219975,204.413263484376,203.578284214388,204.152311141771,206.20027281932,207.127009216206,209.033111771548,209.991753980027,208.30871267117,208.007853227985,206.899146858459,207.710425394318,208.281147722671,208.055823748604,208.581036247375,211.732685627067,212.223199255894,212.231090909548,NA,NA,NA,NA,NA,NA,NA,NA,NA,NA,NA,NA,NA,NA,NA,NA,NA,NA,NA,NA,NA,NA,NA,NA,NA,NA,NA,NA,NA
NA,NA,NA,NA,NA,NA,NA,NA,NA,NA,NA,NA,NA,NA,NA,NA,NA,NA,NA,NA,NA,NA,NA,NA,NA,NA,213.399247322311,211.809545136463,213.259259119373,212.17174487964,211.08904185636,210.385329138932,210.165827377272,212.773850437585,212.347247957605,211.584456771786,210.824021637255,209.217303564129,208.57282651912,211.20617142915,206.454794350415,205.723510839104,206.186645348259,205.641518468922,205.717412443211,206.821392866838,208.336827083714,210.396236155446,210.857669306836,210.613124468536,211.157796196802,211.871692052617,210.995676135502,211.476681442523,210.937784067104,209.108322429857,209.766305622244,209.450638742705,214.630188551201,213.305443191402,212.80172846203,211.233196111337,213.63670503001,NA,NA,NA,NA,NA,NA,NA,NA,NA,NA,NA,NA,NA,NA,NA,NA,NA,NA,NA,NA,NA,NA,NA,NA,NA,NA
NA,NA,NA,NA,NA,NA,NA,NA,NA,NA,NA,NA,NA,NA,NA,NA,NA,NA,NA,NA,NA,NA,NA,NA,216.441019411583,215.962216855111,215.072254069777,214.706609231192,214.473180760969,214.898363150131,214.788180163457,217.478330359653,216.915035459089,216.127155166898,215.07683620964,214.22796259486,212.24952061488,212.540044245082,214.807281794716,214.459343820599,212.589407343649,209.782998296075,209.451788943051,209.984543566129,208.23573121476,210.205023204035,209.991674061805,209.516662521383,212.948831547171,214.148498376631,216.153021663127,214.473532808773,214.098694030278,214.084229073882,213.789983380179,211.799621095236,211.604022619208,213.26175990655,214.947506563302,215.476030771091,215.679347690289,213.948244051188,213.300155050049,214.05732367002,215.281619936198,NA,NA,NA,NA,NA,NA,NA,NA,NA,NA,NA,NA,NA,NA,NA,NA,NA,NA,NA,NA,NA,NA,NA,NA
NA,NA,NA,NA,NA,NA,NA,NA,NA,NA,NA,NA,NA,NA,NA,NA,NA,NA,NA,NA,NA,NA,216.255193636641,217.398558276908,218.312458410785,218.196710655341,217.057313392597,217.97110974392,218.756024796165,219.433015415769,219.967441134461,218.896666670802,220.770644643367,221.30145170497,218.142990761746,217.638475518945,214.566766462867,214.25217716762,215.228225047166,217.150095357322,214.090880049151,212.043964489552,210.182600507514,210.651951655224,210.561454547954,208.887148430821,209.823955229091,209.827768744161,211.723237020013,215.971903634517,216.253361663058,215.515818169591,216.008362304329,215.401642489091,215.92400761522,213.707186139234,213.840988257512,215.383101023745,215.070229841937,216.747032449073,215.971648616633,214.034228886558,214.369519206325,215.129310985892,216.049736387177,215.185979789569,215.424757330984,NA,NA,NA,NA,NA,NA,NA,NA,NA,NA,NA,NA,NA,NA,NA,NA,NA,NA,NA,NA,NA,NA
NA,NA,NA,NA,NA,NA,NA,NA,NA,NA,NA,NA,NA,NA,NA,NA,NA,NA,NA,NA,NA,218.765410053597,218.920971933922,219.143736087502,219.316382099516,220.075997096629,220.713377208735,221.90818901281,222.290358270792,223.329152381171,222.87341449286,222.850503917783,222.427627286959,221.035202540991,222.23313777042,221.069257966003,218.731378865673,220.159089270665,219.207529544884,219.128671198465,218.149116549399,213.826640704487,214.445133691359,213.9229798935,214.639870133556,210.268031885444,211.067283379012,212.774296367424,215.071316791275,215.762135236742,215.462434414627,215.648289051093,218.090109044511,216.481712983951,216.614354325438,216.518377619889,215.553412884908,215.976987041377,216.753456802894,217.53161821322,216.062490406087,214.523518045168,214.957085827593,215.589107306299,215.362764868139,216.561984806936,216.755128220473,217.079164675998,NA,NA,NA,NA,NA,NA,NA,NA,NA,NA,NA,NA,NA,NA,NA,NA,NA,NA,NA,NA,NA
NA,NA,NA,NA,NA,NA,NA,NA,NA,NA,NA,NA,NA,NA,NA,NA,NA,NA,NA,219.233834509973,221.719634048795,220.162824948368,221.009154340688,220.451287364769,221.632275453997,221.430449158384,223.292874126364,224.577665177504,223.885379710057,225.921452345649,224.512005200561,224.410977925148,224.141985129935,225.551528785885,223.678366353701,223.035105534751,221.48231410755,220.260475085292,219.998677939264,218.995028264758,218.226857422986,215.5351690788,215.038701730973,215.253485014359,214.27182329112,213.68100897463,214.683420033151,215.056962163717,216.206137931671,214.129955539745,216.194228829801,216.354817714732,217.44296282594,219.741866864054,220.055277083694,219.122578862863,218.386203476237,218.615779199031,218.655249963928,218.325074740626,214.872668776231,213.436190301712,214.503264072503,216.010323082821,214.999958356453,217.152818089543,218.397624524189,218.390681721925,215.875131114022,217.403141941055,NA,NA,NA,NA,NA,NA,NA,NA,NA,NA,NA,NA,NA,NA,NA,NA,NA,NA,NA
NA,NA,NA,NA,NA,NA,NA,NA,NA,NA,NA,NA,NA,NA,NA,NA,NA,NA,219.234011476923,221.393140041764,221.772082697622,221.939650023484,222.994936830961,223.604226572826,222.773001390699,223.837275400654,223.917100456994,224.903039599569,226.398997271613,226.881190028927,226.16595022048,226.635643093191,225.765766762966,224.961458258019,224.936203983084,224.261698651795,223.711724981905,221.361763456634,220.296321456636,221.37420547652,220.110811126753,218.464242599543,218.728810853855,215.873690795743,216.063243367862,214.646623837305,215.944438101208,215.723301519668,216.684118178721,216.308762384872,216.415974937192,216.708849676641,217.407750941759,220.430032827321,220.563989541169,220.149011656343,219.786221340215,220.121372487542,220.447212294675,216.871125466939,217.278790228507,215.992281304085,216.371222475178,217.285172631098,217.614574267371,217.137147387206,219.571562108783,217.962348549517,217.39606867263,217.570894135536,215.792331973827,NA,NA,NA,NA,NA,NA,NA,NA,NA,NA,NA,NA,NA,NA,NA,NA,NA,NA
NA,NA,NA,NA,NA,NA,NA,NA,NA,NA,NA,NA,NA,NA,NA,NA,NA,218.271629079682,221.342213409138,220.117082522136,223.285118553148,225.355177186034,223.756153318078,225.470618205593,226.672950984026,226.879887907039,225.310628963861,225.778227488213,226.419661073426,228.327726968506,228.80579793174,229.32617087098,227.535048455014,227.096093687613,226.854725758582,224.454250790073,227.083933513326,224.865577275332,222.670500305985,222.919875067114,221.491841349097,222.203705959224,219.233206816869,218.20354214928,216.873537993502,217.469246716508,217.187670712789,218.978341236939,217.582869178277,219.055095633209,218.279433146289,220.012697184445,220.173601765641,220.540135643071,219.720957528349,221.028183203026,220.166376239008,220.935821750807,220.435201060716,218.839586919723,217.528930387755,217.212227731282,217.104941295962,218.319920720371,219.892515744278,218.958115579027,218.27973085215,217.937741659472,218.348688314454,217.939218744719,216.037620478586,215.552562820416,NA,NA,NA,NA,NA,NA,NA,NA,NA,NA,NA,NA,NA,NA,NA,NA,NA
NA,NA,NA,NA,NA,NA,NA,NA,NA,NA,NA,NA,NA,NA,NA,211.914209197599,215.929335204598,220.429800417433,222.031831684946,222.49760404433,223.889880160151,225.949968962848,226.199180914883,229.134082298193,227.700092433232,228.817941294243,229.956043531474,229.568652791983,227.655593545746,229.570556526984,229.843136866233,229.521336690768,228.794046158567,229.707070341217,230.239743653258,228.396201620552,229.828266194278,227.591422461822,226.005277272887,224.688174042036,222.843626431018,223.595228047062,222.15782652939,220.939518977319,220.133755298496,218.902951716054,218.197872791511,220.407880128375,221.285169790999,220.117630186985,218.661193713136,219.636739575435,220.038039824197,220.538038800165,220.339387724711,221.27816262579,221.68602642853,221.266454867733,221.203468575633,219.846027588399,218.328875440482,219.814018507482,219.338634906911,219.811582598006,220.197223076708,220.349486658693,220.221410231624,217.687596530168,218.04095304301,219.821061639287,218.537945469689,217.564188080728,215.255138819448,215.215015340219,NA,NA,NA,NA,NA,NA,NA,NA,NA,NA,NA,NA,NA,NA,NA
NA,NA,NA,NA,NA,NA,NA,NA,NA,NA,NA,NA,NA,NA,218.365276560357,215.592131480566,219.466723486459,221.501395999419,223.409701675422,223.743379365998,224.222974087469,226.307002595584,225.864802786285,229.055443636533,231.866895444762,231.867844670617,232.872096903354,232.786873653232,230.625124348027,229.632970645479,230.505965777043,229.084712074513,230.968204786523,230.905119967689,231.442010495661,231.838223128376,230.705533708826,229.077989909324,228.765463401459,226.091386385842,226.181125510813,225.369029297122,224.030223273522,223.088483011669,222.445194677999,220.696747578536,222.060023495065,222.453033938318,222.352550653338,221.692219148059,220.666955038903,220.116236655099,219.787230918059,220.698281431807,222.020792905716,221.219762376955,222.022657414404,221.405800637588,221.500321728913,219.908167397586,219.144463972166,219.210376584817,220.332686670799,219.886360872179,221.479958843392,220.235903216061,219.514673110583,219.975569529503,219.863919237115,220.498125176103,219.542654416409,218.332527826467,216.380035404212,216.625203768696,215.119585178665,NA,NA,NA,NA,NA,NA,NA,NA,NA,NA,NA,NA,NA,NA
NA,NA,NA,NA,NA,NA,NA,NA,NA,NA,NA,NA,NA,220.207877949407,220.181758090977,221.302969403301,222.955982322865,221.533888019128,223.594625886013,225.318408675634,226.149982143395,227.494278399414,227.371598552101,230.010200472215,230.55852251696,231.284547052804,234.141153495252,234.205971502525,231.351400452996,231.316665142704,230.685098372055,230.254945433279,231.598059443297,233.12562790302,232.221796744437,232.333283051367,232.485935930038,230.940906289053,229.648832365409,227.077265336571,226.892628376936,225.713714602685,226.341002023842,225.445347420872,223.455391307416,223.291719028692,223.17553115921,224.620275534398,223.513468470771,221.156229046956,221.392494915219,221.115268991866,221.205270350699,221.329669416743,222.721397655485,222.804525244831,222.866276455788,222.208951777913,221.746862112172,220.681397764402,220.988789928873,221.077231886452,219.266290975079,220.568994315324,220.95344376915,221.635501749827,220.778144185396,220.676952832758,219.388153820947,219.380427908364,218.265987702568,217.260068992743,217.835945164636,217.080191024269,216.461979563602,215.553420283544,NA,NA,NA,NA,NA,NA,NA,NA,NA,NA,NA,NA,NA
NA,NA,NA,NA,NA,NA,NA,NA,NA,NA,NA,NA,220.060782348401,222.820560575594,223.054069444549,224.473971142885,224.211111469291,224.822348397972,226.194348421031,228.13385249126,227.227016453724,228.817419707571,228.911166648106,229.836036500694,231.876085700224,232.896578039378,234.754980810005,235.869036076925,233.293338488646,232.861092414475,231.254649303513,231.083980723955,231.937040486486,233.049532022267,233.225584627831,233.252845732903,232.374065338286,231.18754722262,230.804115850478,228.921625995411,228.905519117286,227.057222169545,228.011863792731,228.234148453994,224.557472955121,225.96768515405,226.446978796383,226.213249965936,226.194177538073,224.102231995726,224.617306867938,224.87292416914,224.339892737553,224.536579550667,223.324412137799,222.828141920666,224.629578060702,223.109899520787,222.699693556953,221.04442753895,220.637601171663,220.811304424737,221.14892402644,221.514164713961,221.673258996092,222.979671824964,221.252007707851,219.304108976484,219.844964608818,219.438947341944,219.057246398864,219.086414956408,218.985796979939,217.610469905899,216.237497794139,215.646231566963,213.515667976798,NA,NA,NA,NA,NA,NA,NA,NA,NA,NA,NA,NA
NA,NA,NA,NA,NA,NA,NA,NA,NA,NA,NA,218.713114537337,220.897594828985,224.892370588016,225.982846756442,228.489683305245,226.297952227641,226.696869764262,227.198690570178,228.515381702953,228.315957389285,229.040351667884,229.584655721013,231.001380422534,233.458183292999,235.721487719404,237.034818026066,237.618679702893,235.982393692345,233.0411462868,232.94045690326,232.294387801011,232.341070614247,235.422184541542,233.825155968167,233.607820752942,233.393705300636,233.529082295005,231.647156268776,230.501170418978,231.926625612531,231.60831288219,230.242583146607,229.934373133314,227.624154067788,226.369136082737,226.990102155133,227.348197083271,227.443650566935,227.48272001547,225.270316995594,224.837140712989,226.093338124937,225.430016138539,224.033775060384,224.811643522695,224.291683391002,224.555919796879,223.847907652833,222.511046733989,221.125370784238,222.430675221042,221.659558828935,222.154944133948,222.305241494715,223.872361427351,221.558520272207,220.278682325482,219.304847576154,218.604040626752,219.408400115648,220.647000344735,218.903319929469,218.705850769051,216.702607569995,215.273262457074,214.965745721697,213.122568750491,NA,NA,NA,NA,NA,NA,NA,NA,NA,NA,NA
NA,NA,NA,NA,NA,NA,NA,NA,NA,NA,NA,220.762657143653,222.506082913915,226.220264233924,227.607752713785,227.239920110209,226.453705440424,226.945630716505,228.295436322009,229.925400634834,228.425138250457,229.601354388753,231.87107698575,232.888651139363,235.693573199777,236.595092364299,237.320060313565,238.739288788824,235.51996954751,234.352020154938,233.142734477588,231.734868100683,232.650930976181,233.395023207369,233.658960902895,235.07316233296,234.680050830089,232.579014988082,231.974799338323,230.722833552901,231.241011454757,232.138840878029,229.973993699593,228.112311097738,227.585441645308,226.441700064543,226.465029720586,226.124878007802,228.538610116719,229.436292439913,228.665581420148,227.560405492058,226.049788355272,225.551817509031,224.274564835682,225.456605942683,225.419044456701,224.010659183737,222.872815463555,222.498710949625,222.086108961525,222.681806606372,223.464996807263,224.783417539022,223.832789526759,221.250360135513,220.655567648442,221.400325786821,220.407633765448,220.407516177431,220.349557606564,220.80461679224,220.13997069162,218.802941102909,216.521334173334,216.163681744777,213.993287282634,212.793828052328,NA,NA,NA,NA,NA,NA,NA,NA,NA,NA,NA
NA,NA,NA,NA,NA,NA,NA,NA,NA,NA,220.219714725315,221.01785547157,221.90289567421,226.434532763196,229.962664359575,228.860865532142,229.768595364918,229.699997239125,230.630178594767,229.4985369242,231.09001679025,231.43088304077,233.102127103559,234.393089782229,235.368163483195,237.202286546883,237.613306627803,236.99993248892,236.17684209299,233.038054417718,233.004237755286,231.403684120158,230.732769987485,232.491596232053,232.454822256767,234.009475988248,233.422094699578,234.282633917198,232.790970370301,231.592699011043,231.041664117767,233.529903140493,229.476315258786,229.755190987925,228.300598496173,227.163364244131,226.823526197055,228.932603116155,230.695426284309,229.535513266276,230.025837913681,229.751035275373,226.509563129417,226.272995510477,225.729577297861,223.751178755721,224.006493920933,224.210716864771,224.415847628534,222.874572107451,223.101326051854,221.924241083945,222.243923114213,224.417237042445,224.300242184919,222.230359440381,219.590061629763,221.698375608292,221.32022009902,219.878807616851,220.44575029042,220.718863865312,220.928633110866,218.482736059539,217.268108464317,216.132442602287,215.729414608546,213.401991668558,213.700975364061,NA,NA,NA,NA,NA,NA,NA,NA,NA,NA
NA,NA,NA,NA,NA,NA,NA,NA,NA,216.079538526511,220.41875597067,221.543186223191,224.219003703721,227.791107117871,229.927386486325,227.661811142342,229.131470186816,231.68423883046,231.78015290205,231.49510100258,233.869327941582,234.390171977869,235.04309628694,235.022631232904,237.029455095651,237.425510702126,236.71008520672,236.814471178926,236.590079388135,235.073385045432,232.153593672513,231.108733535026,231.596676818317,232.680592605033,232.422774883321,234.691521328272,233.85862215533,234.256238330418,233.223630915017,233.528226773312,232.909672522078,232.811549960944,232.369244367108,230.441968846183,230.060606786117,230.184170260207,228.328422643024,230.456231639348,231.39244342367,231.064123491763,231.06054111891,230.85170016263,230.202031754497,227.194585889219,226.603332106507,224.586634485481,224.286109027199,223.544478073304,224.654116375311,224.29273778119,223.621419757502,222.857904881496,222.943122564067,224.886849099111,223.276040670839,222.719955297402,221.532117420099,221.345127411487,222.073177215493,221.185359765359,220.657778165741,221.131233007755,220.659886633784,217.795705400048,218.020290419982,217.503054885984,216.036243759073,214.602843679076,214.818840687689,214.611202032411,NA,NA,NA,NA,NA,NA,NA,NA,NA
NA,NA,NA,NA,NA,NA,NA,NA,218.413388071755,219.265188436647,220.09504114044,222.368492752422,224.837032635195,227.5044163101,228.985385608105,227.260911917271,228.895916330705,233.055192327434,233.231458397145,233.546533260045,233.976958396553,236.189854867562,236.688543087462,236.776734422218,235.979764509275,238.478512239881,237.462150287801,237.052459404841,235.657871170795,234.379112821777,233.139308357474,232.427265175731,232.663988846035,232.075400756465,233.554076515991,233.845189073495,233.251354725913,233.989778708276,234.030531722876,233.520681938418,232.05271253588,232.811643439825,232.452574573413,231.89950273293,231.056031345465,231.543797663228,230.506654528574,230.262529452909,231.463172481577,230.826318254285,230.190660214768,232.35073864218,231.381164500556,229.849606315491,227.273264229848,224.444681647724,224.99280490482,223.836650715502,223.073762643387,225.950964172172,224.4860568038,224.914175507813,222.573881060299,223.61668643261,222.967908742204,222.819822614785,222.685757425658,221.987679874775,220.985158417095,222.400751315633,220.471781021305,220.710245097746,220.473552897961,218.407065132374,218.444702785572,217.830489885401,216.800127852994,215.433864114751,215.49346369758,213.644930727611,211.857318862446,NA,NA,NA,NA,NA,NA,NA,NA
NA,NA,NA,NA,NA,NA,NA,NA,218.827060668638,220.004294945307,222.251738118318,225.224866735295,226.661393604553,229.838968999142,229.268271570357,229.05766741951,230.124246645705,233.784165762966,234.802776062742,235.505243718946,235.630504679034,234.969654084138,236.723864695483,236.207965226565,238.907754583976,238.732370757619,238.593445395164,237.03790176399,235.690920933516,234.472493409053,235.389930541427,234.468602200296,231.511022628207,232.356420379114,234.235441404447,235.501790871383,234.208913849163,234.424037697641,234.889194988601,233.318533248325,231.134041782234,233.707653995601,233.002661924509,232.146442873244,232.248138471202,232.489611975132,231.460697418772,230.877630816027,231.611417544693,231.241885406894,230.61466140872,231.683959533517,230.842867047168,228.749259756774,228.670436137243,226.169021983249,223.994263467719,223.436056130756,222.87972372533,224.508152493255,225.693408982535,223.255348721241,222.330656613888,223.213080637961,222.956800150392,222.710624437223,223.358365208875,221.807310346003,220.747195634122,220.592034625451,220.811641928678,219.756095290924,220.681037781394,219.032329039616,217.877106243825,217.261953565195,216.499815183188,215.21140698816,214.160632138133,214.225876291566,213.435844213203,NA,NA,NA,NA,NA,NA,NA,NA
NA,NA,NA,NA,NA,NA,NA,217.224502627498,220.983255815699,221.002270542655,224.751415965978,228.333440055653,229.383533131572,229.613397185411,230.072540562199,230.052842737749,230.922025770303,233.543978871346,235.225470880124,236.869712492157,235.646363740135,237.555948315532,235.773510213297,236.577436382496,237.687652625454,238.152651862313,239.28684059145,237.755995985263,236.352032199223,234.267080335018,234.423119254073,234.22221217791,233.802607309692,233.048364828959,235.478680655396,234.50027274014,235.589247801187,234.450109797036,234.282286799811,234.594832958461,234.767877959401,233.477003970124,233.945517791939,233.569373066011,233.915884243953,233.165940784856,232.492140901486,232.317204110153,232.142328415536,231.61159072118,231.53411640631,231.248347224124,230.048319894005,228.644126613981,228.004170847978,226.336530652158,224.293241726193,223.062471354038,225.225217620921,225.889682923579,225.871737475501,224.463234709129,223.554898041124,223.714761141266,223.199855103026,222.747739681997,222.733302035268,221.914115807633,221.05133780294,219.061526773021,220.633646418255,220.465345917999,220.380809545761,220.073141414628,217.34719546872,217.079056642449,216.469099142883,214.634919093446,213.594936361296,212.923764784275,212.284455042957,210.752561220085,NA,NA,NA,NA,NA,NA,NA
NA,NA,NA,NA,NA,NA,213.421140539739,217.156804491349,221.184484102541,225.754513826182,226.374961008671,228.824985250544,229.65234411242,230.021276031295,231.011879091131,231.699009297222,233.899976529304,233.81043114991,236.006950489422,236.633114679227,238.429455891932,238.796262027605,236.730847907041,236.463837928526,236.150390362666,237.276785571262,238.689881834083,237.329621383156,236.520290765562,235.697951765838,235.145914966155,234.996941461075,235.125573004905,233.610579556342,234.862647366398,234.144776590016,235.5236804613,234.857964030577,235.951648002975,234.348145636971,235.561219467051,235.189196012362,233.887793839886,235.487469195203,234.81845137056,233.415381646589,232.709027490978,232.111159128739,230.35492305386,229.979444379046,230.162312617692,228.038759872299,228.90600611582,228.676161843604,227.634494487336,225.980285637409,224.352524636892,223.470882584446,224.087850559626,225.397734431952,225.753258873993,224.539969125835,224.353948112441,223.598340037843,223.282832313256,222.345330761065,223.486934313574,221.803827281646,218.977009726158,218.623962712019,220.110566545045,219.480710232432,221.065774313667,219.703729689122,217.208636345213,218.087461100173,216.199743451892,214.807662688422,213.696291794891,213.740891783757,210.973693665588,209.673369685335,209.71976043078,NA,NA,NA,NA,NA,NA
NA,NA,NA,NA,NA,NA,212.702748242014,218.234775517639,220.872047691767,224.553060275447,225.479787623072,229.10009171053,231.424522870402,230.50623317406,230.829769564888,231.418741644108,235.399988224781,236.072727116987,235.773313973319,237.381101413481,240.470391008032,238.507676403831,236.886334116064,237.961859446188,237.247831700126,237.971586404287,238.18708017744,237.720279452942,237.397439696879,235.761658799937,234.449741318138,234.246876351114,234.01256519809,234.787899726186,235.024205293406,235.985729472726,235.696391548895,236.608844474062,235.997444733483,234.100141983752,236.058066467165,236.62655022563,237.002748091548,236.499230805126,236.146765585887,234.464771696259,233.256411852888,231.793655346158,231.969521478076,230.363560964071,231.221344614414,229.740470571909,228.69969958552,230.142205491739,228.202930138605,226.643728370345,224.804226018569,223.838583148646,225.977970402443,225.915298582268,225.313216995312,225.272487372108,223.638451610191,224.007298876596,223.573754039579,223.742259953602,223.537864663797,221.815937642236,220.082195836,219.887524210428,219.987699659774,219.540157671903,221.041869015056,219.921627170108,220.056140463831,218.775216297274,217.7821485127,215.236779899844,215.909814758868,214.720400376498,210.879881250344,209.405927448899,209.983823902924,NA,NA,NA,NA,NA,NA
NA,NA,NA,NA,NA,216.404331609766,218.000711136395,218.209878223803,223.200988472312,226.510250055644,226.533745523591,228.251513485063,231.730983167842,231.581277222733,230.402984642748,233.172995428237,238.317749462547,237.637544984646,237.715635023429,237.909686987488,240.274647725793,239.759256380972,239.202434446625,238.005644121131,236.979590669362,239.508171747107,238.667088067354,238.406080296728,238.062396116495,237.278133764317,235.781826775681,233.60862535807,235.407445183939,234.393368431579,235.502774512611,236.284088655414,236.903865384268,235.486057538312,235.717945756474,236.188358643383,236.32942332742,237.245631730739,236.952590726214,236.92750858182,237.192734547849,236.108248440983,232.694074109169,232.01992069781,231.187263971239,231.371053714517,230.657414495473,229.663789836469,229.181029958593,227.696450726902,227.873048770486,228.37060083161,226.139890725721,224.48823284598,224.876771917237,225.934462034077,225.268893445939,225.073684294482,223.564666213067,222.771479612683,223.172537795901,223.512707615167,223.796346285992,221.80627301342,219.545808966051,218.589381146053,220.600579027772,220.815636026766,219.903364968065,220.056503950217,220.612874540626,219.952645946813,218.015250521094,217.220711728256,215.670594651315,214.972972791682,211.45922376419,210.093969226699,209.290717344851,208.176858863518,NA,NA,NA,NA,NA
NA,NA,NA,NA,NA,219.872062760545,221.60852954992,220.292355763321,225.031532283148,228.24954460751,230.05422244895,229.169945544784,232.316054410382,231.838931744387,232.751034682177,236.07522004358,238.753966950411,237.833578466952,237.274074033908,236.391759318895,239.117419064255,239.86749840768,242.187037050503,239.633207804657,238.040985581934,240.197371087293,240.028491570735,239.162255514765,237.882872249374,237.176358871157,235.515954028239,235.616559131919,235.202616839826,235.116691447671,234.706822978235,236.310363361459,237.105206896732,236.945913134238,237.450180017078,237.208209904856,236.872841223396,237.757325736056,237.123331757365,236.903486723874,235.331490885723,234.148116424694,232.703571545689,231.971870224952,231.487878399014,231.723622550428,230.821856976497,231.154453765525,231.437469968961,229.512511724526,230.161204347319,229.16935071364,226.924217042868,225.919991314675,225.815949376655,225.927969175065,226.170662317165,225.51748840828,224.415162616252,223.781525809445,222.387448459924,223.029273402377,222.108081925094,222.076171082728,220.048972177297,219.423142319808,219.47116603751,221.042945421679,219.867965103604,220.238990776094,220.771490755475,218.896542562546,219.180480677913,218.168257294427,216.849328558957,215.443737144165,211.694822250517,210.152926864222,208.071436944029,207.014754390254,NA,NA,NA,NA,NA
NA,NA,NA,NA,218.958369897795,221.851094198679,224.263390223836,224.43135360406,225.614050860763,227.142407500339,230.390526468494,231.877556008952,234.120116123644,234.378725750129,235.57310167159,236.096942563933,237.725534621822,238.205536023931,237.965359233264,237.529956454051,237.483194601539,239.735323199462,241.208891042624,241.098358842152,240.198598329198,239.538296310838,239.812459330768,237.377400472639,239.294291963146,235.426755055543,235.522429127618,236.500135901167,237.380821241959,237.67888552124,235.745878754412,235.542118758335,236.831018953579,237.714209835403,238.395516801175,237.940683488371,238.467711098402,237.867333765281,236.41218584366,233.562890027284,234.917025839819,233.845750520699,233.614514052405,233.124826623084,231.201633274219,230.404742309434,230.421541276657,232.304143033662,230.871670912447,230.14709352648,231.617655650804,228.88196966042,226.779238374157,225.823792287305,225.740286611727,226.469136709824,225.749716089907,224.879645032621,224.639280101511,222.748047830691,221.864992268805,223.34609460949,222.343668435596,221.498518577645,221.099438744251,219.976986800309,220.156897816157,219.949693910095,219.531883656512,219.805886993334,220.044354512473,218.537743768594,219.190530235087,218.266732604277,215.739894149972,215.659379268634,213.05454385791,211.195829788361,209.444331191318,207.519361569177,210.754422962386,NA,NA,NA,NA
NA,NA,NA,NA,219.997682377396,224.207320021263,225.644524513176,225.985007146808,228.618622089886,228.917527206697,231.772783527319,233.575682806898,234.762523999339,236.275815115377,238.633507654051,239.081199472677,238.617757291707,238.74309053499,237.800759517504,238.324378637899,239.683814092975,240.733864129155,241.168748140655,242.035730707911,240.760149615645,238.452084616803,238.420378290461,239.574381437192,237.74531409342,238.087880206817,236.6356676123,237.029728482504,237.750938626069,236.890227162253,237.426130839016,237.089546289303,237.16571777544,239.287162175159,238.840137129231,238.467962530558,239.140298049312,238.153357530861,236.628641246162,233.106361373448,236.434935851668,232.616529647076,235.152767063021,232.267350663209,230.740422403758,230.106816536869,230.518569628495,231.74862678176,232.296785783575,231.060330839232,231.215506167909,227.739419555629,226.654019215662,224.366256836687,225.51979035525,224.844139559145,225.995869801317,225.425804476136,224.64615203282,222.887285339996,223.262052023411,222.64903210984,223.367544497396,221.188823456604,220.770456626896,219.89835983318,221.336377493586,219.204862908871,219.301084587586,218.97591912239,218.992820070851,218.841173663663,219.659816648771,218.057159377219,216.179126896481,216.667777243571,214.101164546071,212.821015540486,209.043101925345,209.795272804198,211.224596313257,NA,NA,NA,NA
NA,NA,NA,NA,225.257774718135,227.857154259804,226.917700264566,228.686481847834,229.94056006534,230.99776732641,233.506031247239,233.38767923804,234.864921751322,236.100860336406,240.231634310059,240.728639195336,239.212233223016,238.612537898571,238.617950665605,240.531353740726,238.926073404366,240.654169688422,239.86847854664,242.02885884725,240.767932600092,239.469100130099,239.448500754523,240.773631376466,238.854797793146,238.046466455298,236.741793168542,238.453586176918,239.195032917473,237.327919447332,237.309843650992,237.856141909517,238.187032094358,238.596301303396,238.191824526635,237.372082375556,238.177664407506,238.510948859235,235.606396501837,234.09117274634,230.683650616962,229.921439092798,231.450490698049,230.246092099714,230.885327192643,231.413873707522,232.74274592473,232.874312914572,231.984942592208,231.739819413816,229.663761950837,228.043499414864,226.468379232583,225.610297998119,224.370917479271,223.933804410735,225.029567409538,225.519112326634,223.494412805259,224.685701893327,223.126742705548,222.141409835007,223.279609554588,223.688481714325,221.156997595205,220.720825236976,219.056556156166,220.840025927224,219.855340518122,218.369522195067,217.927825259645,218.624797978361,219.525368970477,218.937202665388,218.114055183937,216.31593883364,215.583068531011,212.377810607888,212.466106288847,211.276147869698,211.028665777113,NA,NA,NA,NA
NA,NA,NA,222.413448117566,226.816662777621,227.561457837672,228.918297722376,227.990269375048,228.413259991706,232.0508191375,233.634545422437,235.020708138268,235.291763889931,236.77612905035,238.712602920491,240.624346942788,240.280303345131,240.04634317802,239.862698666651,240.613689500749,239.439121179814,240.244958078674,239.654606599386,240.662207779788,240.744893292947,239.715423529574,237.974929874407,239.242965749754,238.156146727127,237.468935629484,237.350285714993,236.902517977768,239.196664713972,239.745922693596,237.999522676339,236.111791709456,237.904507134014,238.322287222504,237.403445882962,237.500349393735,237.46456913052,234.775768125488,234.25446694432,233.278461623307,230.642298329744,229.788056285905,230.109410197749,229.891704625992,229.566466735065,231.336607434167,230.161851641569,231.708721810262,231.71073219229,231.427805050049,230.866275098929,228.52412454933,226.227050031439,224.130055406183,223.433806034226,222.64918187186,223.911759739006,223.566469452214,224.214132612006,223.691650257211,223.61931344674,222.758550771534,222.916454858268,222.760040350358,223.134994694682,221.300084937646,221.264287410292,220.249063273501,221.021401374939,219.748503530171,217.548683935104,218.22162834544,219.334730602316,219.447556393354,219.288870976584,216.914917133087,215.770955763582,214.703790892526,214.496674965154,212.325677061316,209.96224794668,210.922405253461,NA,NA,NA
NA,NA,NA,224.786693062701,228.395355773388,230.305237602055,230.090175086651,228.397113157114,230.035319419102,232.553152245832,234.381098705919,237.845263123456,237.668269675008,238.344880249018,240.058107909968,241.647719647433,240.389893533628,241.168495059316,238.738613750808,239.433633145909,239.351948578572,238.950532665116,239.757397688956,240.679246597005,240.635081969558,239.041111962455,237.673722618968,237.093146431617,237.52436020271,237.656601583985,237.314483432999,238.972068550885,238.095813309101,237.95925411043,236.668733446512,237.11954278928,238.022321479768,237.175986008666,236.622843809267,236.856764179924,235.794839431712,234.40162956327,232.886133502586,232.857666862113,230.968196342944,229.56326967473,230.901351780653,230.328721123597,229.762386120188,231.517562239175,230.23843679417,230.086580082852,230.572254439108,228.899056564162,229.801299138009,228.622705348215,226.596546841484,225.069296309123,224.471084079816,223.84730773902,223.544385491574,223.363451615338,223.770158785402,223.331527576883,223.377415164144,224.507711845614,224.368967862646,223.094324956348,223.088256693073,223.283689566624,222.134258981579,220.281820970544,220.115944275784,219.892491447885,219.350965148227,219.930227752085,220.033799100795,219.637478020288,218.38138317502,217.158600898661,215.977896894151,214.232094400286,215.743797112096,213.090655200409,209.995166316975,210.168339184556,NA,NA,NA
NA,NA,219.392196401835,224.858556614562,226.764863449806,229.175552583292,228.978375963519,230.130781749986,231.438693955281,233.811005641334,236.171429529271,239.20351734524,239.24761350782,238.752648253986,239.601074669536,240.408270077943,240.044040718134,241.411840590619,238.9676649987,239.888188511519,239.335059090712,240.548832404372,240.051661463465,238.869891156211,240.317395532769,239.446795072607,237.730951894283,237.185166845292,236.929127993265,237.17980331415,237.818716776404,236.569808992822,238.012610837974,236.400578678171,236.709790146511,238.141526301745,236.208044604632,236.783586210332,236.103308989435,235.72536176317,234.265932436125,233.099261280653,231.988414916807,230.902650173251,229.813077944829,229.810321457998,229.047333368332,230.251877524658,230.968841044947,229.824070845032,230.412559961329,229.329464383589,229.50448527536,228.387118390775,227.655888205489,228.110285513032,228.284463791924,224.425761313427,224.091725823245,223.812075151456,224.465026735022,223.784271974628,223.212212440187,223.275631034992,222.126289870576,223.690848982466,224.135984190839,224.01744589526,223.84437083692,222.847391488341,221.663295916723,222.946482060523,220.255900327953,220.355334898378,219.990622185892,220.020118756736,219.58272013994,219.354085231347,219.103229584986,217.319118769471,216.494200302577,214.830806449919,214.193838830169,214.914899573874,211.5221800281,208.900314292155,209.573353507248,NA,NA
NA,NA,222.819859962926,224.8413089056,228.469718087188,229.87527799917,231.934951291774,230.395984797072,232.114349074122,233.682195620241,236.129480202268,239.232890929947,241.017295514239,240.417297549967,240.858322107154,241.588490960623,239.828397708022,241.274997233776,239.66528964597,240.215341892457,240.168106929648,240.102487454847,240.077243459565,239.305956152134,239.41009157864,237.587650302005,238.537927932372,238.085869579803,237.400030628215,236.936385633358,236.986551623,236.072625038965,235.451527540135,236.914404152034,237.249528105413,236.69084017573,235.858190590537,234.257906479956,232.465088663412,232.733695484114,233.477074382173,230.365313668942,229.696648039525,230.640066580999,229.752002345945,228.646708640037,227.846132874153,229.249803101864,231.663321949345,230.352856312715,228.781325544627,227.295870951931,227.835743724834,227.940263959248,228.055769278318,227.648476637534,226.548760329687,224.194103962915,224.066489352078,224.752291386819,224.041145029267,225.270417632748,223.584795629623,224.344712044213,223.58359411438,223.322427940531,223.724739013605,224.460884105775,224.380599909363,224.884467617986,222.946610283229,222.574991863691,220.252034072694,221.946213304676,220.491888748726,218.824574982794,217.964502824299,218.607598057302,218.931785130088,217.805165390542,215.154352348857,215.641871040342,213.989322291167,215.463903146074,213.046171020137,210.957235698279,209.389433150217,NA,NA
NA,NA,222.115962984525,225.394943817033,226.958148344906,228.813775160753,231.057623015037,230.492200191726,231.806010034353,233.314038739108,237.048773960226,238.220008789464,239.243491514828,238.287992816649,240.102269830969,241.331120968017,241.910782353035,241.201932594551,241.24603381983,240.868733056319,241.053137809174,241.132833811666,241.310845109267,238.616298321771,238.843576525623,236.807680981246,238.819939669534,237.767627569978,236.67987399165,237.414655812443,236.928524115138,236.388446579795,235.510526357589,236.847038346697,236.642993818891,236.931800830675,235.717502476211,234.776142907918,233.394644044747,231.300988412503,233.134888049131,231.990533649272,229.689316863169,229.123395069624,228.837494719028,229.046804610301,229.865696130838,228.544231711703,230.757985351918,229.189047931745,227.565879068548,226.625443317269,227.412428174101,226.906270633617,228.129280264661,226.457107035889,225.737066119133,224.742002538822,225.873439008241,224.526776856433,224.751883306176,224.731875349685,224.451156720402,223.644429520944,225.24145398813,224.799318198274,224.195121399694,223.829347120428,223.530178386747,224.114373851594,224.579688235137,222.692151038146,220.92590075847,220.603446977691,220.824533242228,220.348987265998,219.213088550331,218.835573212854,219.227240792624,220.4898790252,216.858797194822,216.621089001556,213.959136609539,215.824683686121,211.462442502059,211.276597009803,209.82081318715,NA,NA
NA,NA,222.493184241194,224.153392269258,226.693552115204,227.425304174557,230.12861189455,231.396064749533,230.857608210698,232.517320872599,236.111511743624,238.928238189443,236.87854668414,238.766490286288,239.684452207189,240.811798458741,242.583015874675,241.890695311314,243.293551630432,241.867862769299,242.744071413245,242.86018566458,240.678811641458,240.41506384949,238.892698471028,236.131963266503,234.998153117916,237.55102869083,236.54301801733,234.837944273514,236.90935817763,236.781110136969,237.113090234874,236.108572559143,236.922730644591,236.888538677829,236.135004208861,233.561764193371,232.17742681206,231.504495619505,230.376522931519,229.381382403956,229.429227498765,227.551972748067,226.536583552816,228.618039202475,229.777785251526,226.956404914777,230.119752023409,229.048130373526,227.623989053951,225.860428034515,228.367662252458,227.216890304842,226.857882342243,226.031585301502,224.470438076921,225.07568266297,226.925009277914,225.2616558249,225.242734027383,225.387419020623,223.534700305542,223.585345621782,224.987368315755,225.438583624719,225.451511700082,224.464106975616,224.322488337431,225.063717468619,224.521446850574,222.772356703961,221.261397747627,221.405527986444,221.830615879,222.004721554575,220.63614906863,220.565309302291,220.397519696804,218.366155566308,217.054373567314,216.715780550071,216.408069743816,213.134276138865,212.133816986817,210.712266622407,209.394330220778,NA,NA
NA,222.636411879379,221.393544690896,225.137032547869,226.756361094083,228.217588695653,229.714312853748,231.329376045138,232.758287076738,232.775417363645,236.293609475352,236.300801587229,236.729082694009,238.199210286182,238.477669850933,240.158596004807,243.882822810154,245.802152287461,244.639087802877,244.376281539966,244.093286209174,244.68534325135,241.468484732413,241.113460693083,239.01671031225,237.495189753336,236.426668903976,236.702875678464,234.586291729139,233.26745185986,234.885093096341,235.547086397302,236.236503632982,237.004843504061,235.968732054036,236.300335929654,235.319325133038,233.987370901883,232.818635229909,230.159658665253,229.902507897164,229.439826516255,227.698717364122,226.786881338036,228.306275265983,227.870603405724,228.834127255466,226.810614070432,228.226104853912,227.426752039233,226.605420484277,227.196089251669,226.607819102388,225.791588784151,225.082775132,225.146467515283,225.510618260892,224.502775420185,225.688023517732,226.732919062378,225.03985996477,224.158409090346,223.821437481605,224.592078510898,225.546617407322,226.031650558544,225.480509623965,225.469830945492,225.464118178066,226.333763869307,226.458896240851,223.894790166029,222.018705113453,222.676043941492,221.889149817532,223.159002149592,223.02868917147,222.793383701013,221.1212305717,218.229026620121,216.405180234687,217.981732664717,216.978372859715,215.491976536941,211.359497519026,210.285586824768,210.142002116701,208.006590715589,NA
NA,221.201284818609,221.114196266672,224.573329035697,228.132830934617,228.751358575159,229.844600340297,232.234936788589,233.152080769889,234.851957457201,237.909905029662,236.555526424686,236.533848902875,238.185896692005,237.497944748129,240.196777770349,242.667735870746,246.632892495596,247.756350654766,245.952918544857,244.951022592535,243.884249089309,242.388006403452,240.175075784073,238.205858205864,237.357838545824,236.606810569008,236.257013196176,233.981884795895,233.510576772209,233.104960578366,234.937594126619,236.290125197795,235.666572637799,235.999429349727,234.900719623326,234.777845334154,233.492131278255,232.609532240336,230.645348231015,230.643903573225,228.567821694932,227.388222158603,227.332833972977,227.14204700901,227.068849492148,227.698479192411,226.894875259909,227.783098612192,226.78833421533,226.07684129359,225.783908652215,226.590648588681,225.694519066731,224.342274667481,224.342741268883,225.9701835939,224.487563026137,224.739293752628,226.105918897783,225.394589064737,224.593215243936,225.230224478508,225.590909073897,225.175134655361,226.4367071397,225.769961903449,226.719513027575,226.945066713575,227.307244207952,226.81838946209,225.341767122094,223.265716803184,221.569726530414,221.802575426771,221.467017768654,221.201624461341,222.397991706457,221.546641734746,218.192345971164,215.64833440928,217.554616525179,216.890176072545,215.944261945489,211.917033467406,210.220005747522,208.927583396285,206.773570321691,NA
NA,221.931515369194,221.095084588825,226.693544502412,226.126181438643,229.457611226399,230.702087214749,233.497830898689,233.571818272153,235.78808822509,237.510148413377,237.10239875036,237.694434460578,238.753656681748,238.418364991082,241.127840654483,241.822866720957,244.439054536158,246.809247598598,247.399795900825,246.826438980722,244.900398849483,242.154995031004,240.355649252919,238.471718868348,237.840506946381,235.444864085515,235.573771262998,234.823853345408,233.881810738009,233.810050417145,233.838915447364,234.270573688131,236.822783588265,236.575328198279,235.246447071248,234.042653296103,232.938950636029,232.020211319799,229.795064692655,227.564117149425,228.314852102765,226.374932207735,225.676165716314,226.059081932254,226.450955215567,226.39475560116,225.934765200427,226.985020644117,225.734529571393,226.221825295636,227.058575380732,227.072380353091,225.20676413363,225.836434130281,226.043534433313,225.976095765355,225.945846727874,225.318234966894,223.814861391111,225.473738962187,225.6394761302,224.682724333612,224.307661995164,225.049140534483,225.690828654979,226.314856391132,226.790554193891,227.791286595184,227.221034360918,226.940428251295,226.865410555141,223.886516855987,220.682104658504,220.258948650727,220.335041692026,220.34572748811,220.537430316351,220.567273828376,217.750108473015,217.734304926881,218.378335441223,217.415461420833,215.689713966211,211.296367852997,209.62824475747,208.278547468764,206.336098098591,NA
NA,221.754004071781,222.635568109129,226.282798675629,227.30784806306,230.262248581775,231.975919494267,233.698880648276,234.043002114384,233.787156788492,236.780508352162,237.714789032045,236.622200113345,239.334640155103,239.999023719777,240.727176754996,243.252993864692,243.971207094877,243.757324030233,245.474864293014,245.113292063479,246.020061750562,243.920518933295,242.873738677706,240.396394017166,238.619791084057,236.493874115628,235.07787590952,234.938140928337,233.099325185695,232.73347441113,231.938282274989,233.559684337597,235.048237234086,235.662548182756,232.787092166252,232.003886554786,232.746525021656,230.586984944762,228.84351091317,225.217819947329,224.750740380575,227.933613779493,226.265584881291,224.579858880506,226.199693524755,227.762765006825,227.185938444778,226.159428760479,225.550891751925,224.035339849974,226.003222491039,224.737560077023,225.300619681672,225.93240646206,227.329880118645,227.3258015519,226.59578767913,225.762909277899,223.79945288954,226.763077941896,225.528637628363,225.095032106878,224.149448723319,225.347757300459,225.123012783831,225.060350728899,227.772233684472,228.864336840397,226.349394196536,227.62392954058,227.281057983534,224.407580232987,222.493801016906,219.909322556656,219.146623824835,219.146275983208,219.808837905036,217.817145952473,217.277641762558,217.258303602703,217.230744568099,215.065607965968,214.666574923431,211.272636833178,209.8464257255,208.294590660848,207.123045679655,NA
NA,223.386180982529,225.996806666408,226.52894349522,226.706825875788,229.398233749324,231.554985802935,234.111310130191,234.094827280653,236.041560744546,237.361540368253,237.77618027138,237.202252347989,237.741801266372,239.661629215745,242.42317423054,242.763782642913,244.456707200137,245.130014449487,243.669469927236,245.177779927537,244.744393487828,244.675024261427,243.96928955137,241.917816235185,239.100672371138,236.651937881901,237.254953664396,235.945963406908,234.67628912397,233.318267877243,231.215596011754,233.369778743569,234.405769289503,234.579993963237,230.983512300057,230.80422278567,231.283735360448,229.473157352701,227.779707101339,225.554239138514,224.974524599069,226.770642152282,226.174206963224,227.658464159917,226.84344255669,227.647284226344,227.315250508285,223.557809989778,227.092607353296,224.69330748462,227.560374330703,227.651344800036,224.722586773165,226.650309044938,227.817390197598,227.687165392205,227.422943931635,227.594398121614,225.104475017956,225.069134261803,225.509583766676,225.631864832509,224.482278814262,224.398095218208,224.604679477605,225.798092412855,226.469926735009,226.940179574645,225.526430595295,225.924789609787,227.841238324944,225.174669373288,223.993070465788,220.410195984993,218.952108910148,219.034686195032,218.674803519071,218.712859287772,216.763142410992,216.245411100922,215.825919525421,214.030514652243,213.458129969732,213.121545967817,208.658774398276,208.129628313138,206.194124939579,NA
NA,224.854342646182,226.371640526167,228.155368605382,227.757157968063,229.233174859629,231.759816659797,233.817286271985,236.037695274508,237.071038410617,236.936450929478,238.206411702155,237.957605859371,238.278913301435,238.666410358495,241.241749994117,242.422808037857,243.017432944405,244.233410582721,244.414593206917,243.827749892599,245.969774556946,244.572005255915,245.093399201181,243.761830123141,240.633757685736,238.858351020717,236.034257172911,237.439515366967,236.788804033681,233.292568616233,232.401936646721,233.844046345959,233.666211742316,232.301008237691,229.93248197143,230.111251181548,227.996816457685,228.803843140184,227.992738625912,227.560797294752,225.870229521648,225.716506489797,227.494974716404,229.744784361192,228.955493081166,229.928099682495,230.807214457497,229.691782411954,226.365236516111,225.452450000367,225.236681866825,227.59771708414,226.321282628263,224.455875076642,227.73897289721,229.640697522267,227.524465642783,227.506570461892,225.496818373851,225.301296778921,227.124885735188,226.077359726872,225.121393806838,223.8744642471,225.261023203323,225.037847616295,225.882569676854,226.000962774416,224.572886017387,224.559775967497,226.021544005376,225.634951104748,224.9905436195,221.786667146809,219.126828500063,219.946194130859,219.357713632983,218.516678596872,218.058406980819,216.051500485786,215.862626222207,215.577142518641,213.439165623599,209.216186553719,207.793180525326,207.306626825393,207.758708558027,NA
NA,222.978661776591,224.877143171154,227.047170696348,228.783870246896,229.539235046307,231.318201008323,234.311316715497,236.998342544366,238.680704451083,238.847425651759,238.539513484729,238.779460362563,238.570124518677,239.242957226857,242.66770836397,240.361765141371,243.225984967957,243.306838921575,244.441529388353,244.38324286879,245.178202627446,247.026038077783,245.469865255032,245.350765041946,242.522207284186,240.900072900644,237.873902133785,237.373812377338,238.010966451313,234.589458978618,235.067864783568,233.621005389961,234.658642673492,232.794249277574,231.110921570756,229.118806182921,227.674654668163,226.376269950279,224.423475345329,225.433318999055,227.617240087222,225.231832049955,225.607332658094,230.588664261742,230.365447755229,232.223404155794,231.900073789266,230.281781427428,228.717994847183,225.40379101466,225.873200985697,227.184249829295,225.812040840253,227.394125691845,228.14368125678,227.083860203589,228.807983540082,228.799082319262,226.968070464975,225.804514978105,225.839147414121,226.412951027946,225.235470454506,225.060227522143,226.373937861624,225.476493929794,225.619589694209,225.252962781984,224.991567102294,224.099169900262,225.005620938531,226.483601726969,223.353557676762,221.719722549204,221.275772125357,219.260745992788,219.546148221777,217.265049854461,218.099083632315,215.918334731247,215.197803571728,215.697945516374,212.892998656732,210.989363457135,207.819202299426,207.748169890773,206.207209315623,NA
NA,223.416707315422,224.818857695195,228.678219329224,229.595056208488,229.562090980432,230.519910280761,232.379109929864,235.746760742596,237.2917330799,238.464514753438,238.935109196606,239.637280533229,240.57619935791,240.985322814452,242.115278400817,242.481220218872,242.181825419919,243.725153989043,245.873202570089,245.511193721513,244.812139022384,243.43358797268,244.011012224934,243.212763073598,242.926246910531,241.373241730391,240.006027599714,239.480954435059,239.007068319656,237.011103236472,234.833586257959,233.355916307821,234.710207103283,233.532806010666,231.960696258349,229.536514341264,226.171420930323,225.056815485487,224.731936766312,223.520584573963,225.180418424008,226.956022462954,229.042434537405,230.207299639631,232.683988935883,233.899368369807,234.07140272976,229.825929504377,229.288265857021,224.975796521253,225.54799904628,224.071702843448,226.394274745888,227.56770686195,228.420832420658,230.802591079803,229.388110209756,228.773744109448,227.588467386836,224.069925007547,226.037641167693,226.200563469256,224.994393835233,225.521859865823,224.837272021935,225.344857523221,224.962095574529,224.432463305728,226.705760150503,224.691732507714,225.62446493939,225.054366584322,221.928281076006,220.747386407675,218.798720351762,219.738225877097,218.753632047204,217.841837713649,217.218021903128,215.855209323257,215.594976673873,215.017297583634,213.829944925408,211.975715033216,208.852605606526,206.217568229628,206.603266709762,NA
NA,221.065848856731,223.123338651495,225.595196748357,227.548340685605,228.397313059929,228.942451621064,231.51833196927,233.895340413036,237.426734504388,238.504493835073,240.086313998916,241.27298062426,241.534516442268,242.485568455977,243.874187821321,244.773386563276,242.025009520661,243.589058117479,247.055135339943,245.183853816851,245.419189490145,244.270123102562,243.592577579998,243.106743777539,242.288381865857,241.704531545776,241.716383139447,239.555949366741,239.15382158879,238.380862150908,236.241187545982,235.54706391929,234.356584847903,233.385603411537,230.867411676324,228.913731285965,225.716849730032,224.246026963886,224.264648500822,225.491691801228,225.830541734168,227.80499066389,229.364798021294,229.333678810895,230.143796211256,233.299642815652,234.358304258655,231.976385656343,228.276835160227,227.165636478003,225.53708754409,223.978276520876,226.307067131778,228.28164314854,229.839614715404,227.97155684756,228.602070336736,228.548983124012,229.212803784589,224.094909072679,225.454655848526,226.336296076018,225.359462764157,225.308384901666,225.976928229897,224.892391330076,225.084128329245,226.91221442059,226.517610333181,226.592257976016,225.962379985461,225.18250995539,222.219169582426,220.491801105345,220.006895615818,219.707371016081,218.79589376727,218.067959859005,216.14685656549,215.592628160181,215.853147233625,214.896430068733,213.830732293926,212.619775399888,209.600064796432,207.126225073442,205.020889458747,NA
216.047573828915,219.163485230715,221.473733165876,224.944932128322,226.013416634269,226.774295567629,226.814436667652,231.723472412713,232.853312436776,237.206970212841,238.001226359868,240.607209586422,239.643762524434,241.53581614728,242.318214776833,244.878278251806,242.949612459695,243.387920589271,242.699430349482,245.769114665123,248.544730644003,246.293214980338,243.955962233968,242.927525077355,242.53998178534,241.978415003684,242.025886091851,241.009905041126,240.781046300275,241.726956395774,240.649932611113,236.336825012882,234.781716066996,233.190954070584,231.276712440671,227.734544684961,226.422131505434,226.280297212085,224.853839765014,222.897820587192,225.550648728833,225.914516010728,228.11494588506,229.22141086586,231.470099677945,231.657545312848,234.029797751102,233.47897114226,230.613545573526,228.322229190456,225.16455509487,225.420507877796,224.478387046205,224.99442589023,227.484014979741,230.928069288151,230.786545487053,230.547497855051,229.507963336645,231.251157564745,224.137350456585,225.279052194177,225.812315178152,224.749651524267,226.060042762149,225.686423942177,226.910932802418,226.456089334936,226.719599325383,227.127841190785,226.832131834859,225.913253787081,226.060438320541,223.313803220884,221.128629945272,220.738865887518,220.476565595024,218.622371777872,217.368065196279,217.175401053555,214.592981350431,214.938628554865,215.051376168741,212.910391521165,211.479763215751,209.575647039353,206.800025384197,206.758687556528,204.590462051001
NA,218.723824524458,221.277108650638,224.417717009414,225.051592591635,226.628001739535,226.013230368278,229.557364857289,232.654211340659,238.059416990402,238.688368863154,239.39232560594,241.4611415385,241.099909086853,241.653595521416,244.194735835526,245.5626232272,244.140916035891,244.728656614048,246.527544903868,246.688187945824,245.822959535809,242.217433452297,243.445797932425,241.736988656926,241.177674203981,242.186033600293,240.557454185906,240.444461182238,241.671868006479,241.522875186813,237.400322811182,235.971559623166,231.928459884942,230.207286994022,227.197876486054,225.69630466463,224.124514962229,225.24402251725,224.295832664325,225.112486917686,226.709075216936,228.580336246528,230.237922304884,229.312902716133,230.818831592616,234.945134865799,233.202763052497,232.559632487668,230.061289233273,225.892852695154,225.84438134037,227.572597698405,223.613655646512,225.619346592702,230.01309854692,233.745795333364,232.02029809382,230.063962887448,228.133852389314,225.231340441875,226.037853559371,226.299334980385,225.042413132838,226.835269223489,225.684891095577,227.940192091214,227.567749410868,227.046914991515,226.37904925066,225.719257883008,227.150733024141,226.381125182966,224.213583887858,221.300266521039,220.404557368471,218.531700461018,217.992116677147,217.400864161805,216.820806290624,215.223130128781,214.807383682021,214.581823431463,212.797361631513,211.412770777681,209.585001338736,207.000519489587,205.94402069373,NA
NA,219.407183998084,221.504187362642,222.644569409663,226.858859939815,226.721605721038,225.877584628327,228.193867485793,230.844526040419,233.752684785098,238.163505665054,238.735870857889,241.218837585219,240.577089693661,242.25779312977,242.878979654968,243.851006075556,243.746955228364,244.479024275287,247.252344934493,245.166779664521,244.325438928483,244.818025459572,244.784217000879,242.040731749877,242.462715754611,240.656229509822,239.391272308307,241.252530667247,242.92026486798,241.108195690821,238.49842865151,234.886432566065,231.962281265933,231.107986221592,227.787401303499,224.419155675433,221.886277222386,223.479065907931,221.635831799663,223.640036192127,225.90765489994,228.271697754496,229.352789345578,228.959095691324,230.094174301707,232.373416912938,234.52316076979,233.053689085577,232.553978424585,227.501190665426,225.990832132008,226.620965554103,223.920023814881,223.892201096256,229.545878061556,233.331593620966,234.373249472188,230.040275501711,229.159657545224,226.96514960921,227.049536639314,227.703568039388,227.191968700008,228.272354477144,227.752995255427,228.45304912367,229.624085483751,226.540231259672,225.437581674399,225.715537645432,227.684650842228,227.22550102083,225.940947532785,224.530399232641,220.479034852571,219.170134359933,218.978755658254,217.181723194283,214.251120427845,213.963362446692,212.811768541404,213.231414946683,212.486157234096,211.598789467903,210.608129872132,207.117793610841,203.711170532353,NA
NA,217.780649788688,218.221735518481,222.495704720619,222.996857253662,225.736409724994,229.498748355945,230.680197047482,232.96331394696,234.10695847437,236.173124295921,238.959106683653,239.364984078048,239.528657878192,242.008122552093,243.719452169396,244.556010096291,244.659033838892,246.738873777676,245.50384390643,247.035139831371,243.700365734912,243.098153670279,241.508170104961,242.611523542473,241.192008325595,240.458841774885,239.624753024338,239.835904708794,239.81795748206,239.395791632689,239.286394663504,235.943144270992,231.686482061289,227.571997050945,226.966695007553,224.175726153264,223.688101910156,222.4483857059,221.282324842302,222.7895402785,225.560078933173,227.216196595618,228.063180273561,230.289878272295,229.411822005152,230.574940972151,232.95600725479,235.258173001787,230.200947093583,228.639905879457,226.187571840154,226.122184575374,224.182455732456,221.523248650977,229.171670128714,234.458431050888,231.614472279276,229.8849297348,230.566442272541,229.93619621125,228.595424025199,227.898337576814,227.269062779374,227.020008399702,227.907923782534,228.522159126477,229.440121625631,228.343721531678,226.415116937769,224.239989518606,226.779514894137,226.864353133484,226.282004168054,223.825200856061,221.972972677035,220.561388113424,219.385440995188,218.210729946206,215.80142601255,213.747739211904,213.00109475377,212.778035528723,212.654142093438,210.715243671905,210.182482722883,205.51439216988,205.366837101204,NA
NA,219.194292931088,218.189139695777,222.330833219228,223.643912021342,226.320443508432,228.879670325235,230.933007775621,232.119728787382,234.247171442256,235.31381935857,237.621511080235,239.508094191116,239.288779939823,239.794355641442,241.093598441225,243.522832537649,245.992801463694,247.116148815188,247.148669149816,245.456736478815,243.151433452086,244.876815803429,244.618965118091,245.463041083143,241.507764417611,239.741576992631,239.22009233998,236.900120960174,237.603602354496,236.867650183557,236.245661236493,234.211702882436,232.429272561409,229.15491184036,226.787263725077,223.893024096604,224.309105244695,222.709047337743,221.115532314323,222.931660405798,224.466666374235,225.1366684878,227.361796833831,226.521277978231,227.342504733725,230.699236057718,229.855632920697,231.720778721539,230.757767206845,227.578262219849,226.875385027443,228.683028840868,224.044387225998,222.818515444757,230.229256250009,233.461729155091,232.451517180876,231.316663630787,233.006180509513,231.293857095169,230.101542410078,227.518369416102,225.985573619387,228.050748587939,226.424314617011,227.685677141936,227.832910382151,226.265463749932,225.901130417061,224.633857553793,224.90615945156,226.169103346223,222.991637645863,223.027739299164,221.676804559171,221.823489627364,221.442873493044,218.774203684499,215.197583233666,216.139467303082,214.761962357924,216.049916326183,213.75314113742,213.396988593853,209.882346646529,206.771268796734,205.632882543677,NA
NA,218.813058265658,222.10897510305,222.66441518266,224.513026246076,227.796582438647,228.427990110047,231.522455457473,231.538770632165,234.232366503795,236.188540029895,235.945038675958,235.985659727752,238.157244976894,238.539878207985,239.792810313308,241.238787714896,243.059431696563,246.020526578817,246.685677925992,244.453683271237,243.800390254211,243.533132543032,244.879161261191,244.249474580952,242.973138985267,242.024470634773,240.876547112309,239.032775859596,236.032239678087,235.623750684623,233.482033200021,233.883455752761,232.259489601587,229.266084272545,227.985979857632,223.619519275427,224.998050305035,223.507912750594,222.204289987329,222.712081676016,222.355257008632,223.958007686878,224.719461553289,225.294161980922,225.025892312516,228.066323420215,228.291682861612,230.192505373861,230.458969554194,228.273134097304,227.72060340907,226.474729526088,227.420065569248,225.609649658375,227.81964449762,232.834494190095,232.92837124485,232.868069686421,232.495281970968,230.933072374791,230.375460608399,227.878679901704,227.191023495698,226.556711545264,226.564932133726,225.727063277792,226.303162073915,224.285548744683,225.982141679798,225.113890104546,225.028277192371,224.412592628676,222.317263146355,221.306037057288,223.0790881899,221.613386720458,220.388272482856,215.220503255079,214.128487773806,212.132929276063,213.889200304016,214.103647115333,213.82027022443,213.687830096934,208.778376656227,204.40649482288,205.696091865988,NA
NA,217.805265408691,222.148635789613,222.939101916119,225.5227819607,227.475571837611,228.321034735911,230.485302879126,234.043921572548,234.127177519046,234.877743053241,237.663533354136,236.488896047207,236.251490942995,238.66750458268,240.265253450055,240.63186918303,243.412799295232,244.494926439569,246.220351747085,245.416981342465,244.758985629892,243.979626019567,242.732969312749,243.570660403736,243.17076174594,241.039407797901,239.256159558176,235.809347710076,235.622357557387,235.124703977803,233.193197946199,232.137084757145,231.691629183653,229.808049972038,228.490933351006,225.767156562638,222.047953858866,222.221894478304,220.941256576913,221.303047372964,221.294160514143,223.9181478507,221.940411614653,224.158951247242,224.393880861251,225.6570915573,229.154761813066,228.504786426208,227.635703049194,227.589852658148,224.985119884723,225.155283461049,224.191406481378,226.123001884422,227.192723432622,230.566661905314,232.967930757824,231.602518227717,231.357068399748,230.413164273844,229.942540629881,227.519092626457,228.804082458895,228.397941607317,226.814383537999,225.92911772064,227.547184285853,223.930418762616,223.639419499513,225.557810559627,225.429985540974,225.056666122036,221.47676629651,221.01594370098,221.265413458584,220.991937604561,216.998402761885,215.478891864203,214.421481790385,214.83347835273,212.671309163758,212.319404374721,214.120351022858,212.160532967246,209.33040772521,207.416338262515,203.933963896959,NA
NA,216.146887071177,218.771060724635,222.367997991991,228.840693741575,228.190600358523,229.093843662321,228.988289079405,231.352509915701,232.199043301796,233.244063999071,237.222227469005,237.001355281547,238.715838409206,239.722012220505,238.727409186361,241.289844582059,238.991036954096,241.525761121331,244.118227087355,244.943371723222,245.326403834556,247.115064590025,244.763207795568,243.50493649542,242.296446338959,241.474525793449,238.698779410703,236.257858747222,236.46866019313,236.041499489907,234.755676992209,231.987858086187,231.614358257805,229.220787476509,228.307000680398,226.421166923528,224.590255678944,223.135130560716,223.268385518693,222.980274720341,221.411754911746,222.80433757941,221.853465220029,220.713595772773,225.238687109177,224.634768398505,225.38297427968,227.186375103744,226.663972823458,226.630412572943,224.266194651927,223.588968027377,226.101607399725,225.120209015295,228.52189831954,234.220519150888,231.762351621002,232.368180272196,230.930141374978,230.825997931085,229.034715811589,228.239689804703,227.531204084249,228.316298769015,225.676020753109,225.992715469087,226.694522765483,226.670264618959,224.803222149985,224.962605406373,224.798493672053,224.503504510104,220.605275310858,217.820362463335,221.685556530585,220.436021628676,216.606503490404,210.997625465774,210.479880211237,211.663163648305,211.174560204604,208.605762037688,210.281292235004,210.735654107611,209.570220997926,205.162848434159,203.420877373573,NA
NA,214.894703462836,217.047637707601,221.414292606456,224.994557827452,226.100433671385,228.538724745388,229.836568832624,229.852508182182,231.85321858709,234.082474075314,235.473444953211,238.036753179295,237.331133251157,239.666093575036,239.04954103297,240.654375267484,240.295203184654,241.687701606648,242.97278389249,243.641593016273,242.606828694315,244.15105704995,246.326546784453,242.769197305909,241.350850647162,241.107332217728,237.42762584345,237.605011914948,236.954109119473,235.751609052429,233.002159299793,233.175252785478,232.733847839931,229.239363283769,227.793698369676,227.621757150036,225.305123864032,226.329315310546,223.800424632524,223.151969099376,223.978467648744,223.287501231458,222.845404143422,220.82390530576,222.105101611425,222.867145687523,226.375635889456,226.19363514283,224.742009554252,225.62549626156,227.684630162583,224.964996337746,223.637623415625,226.401655246064,228.197044765489,232.426775740867,231.233166196937,232.640818370178,233.15313978763,231.647247580851,228.298641921851,227.666662539489,226.394560444008,226.572590118101,226.075629228734,225.772167370548,226.729013474327,227.329464904743,226.561927657155,224.878224884374,223.210441929469,224.942865364811,221.385839103005,217.664248837445,219.027519343039,217.818702928433,210.948270936926,210.236717221913,208.856998841563,209.785631288578,208.295802798905,208.097368800467,209.597626470938,208.911308292456,207.330249207929,207.211981810043,202.901964745676,NA
NA,215.402316892574,217.60074579469,220.035759320298,224.290639482056,227.354335537601,228.481666091496,228.726914039617,230.911372756881,231.462279285142,233.373391402098,236.14266413997,236.132386136053,237.672591901148,238.24482116272,238.673783285487,239.404897576681,240.267241316683,239.490841591704,240.814264842608,240.405235506053,240.846152534942,241.581576608106,242.294959491874,242.893160083416,241.404464087746,239.494569015925,237.649906572592,235.377070161322,233.797731164504,233.336076841063,233.471394950175,233.545571219185,231.905401530296,228.790498238866,227.132176093564,227.94150171745,227.260790604467,227.23914552496,223.168137049829,225.63857495943,224.54521454924,223.233755353431,221.73780560996,220.850545464376,221.817222699924,223.25867905336,224.91517935499,225.485969144865,225.14142083842,224.578161615479,223.094193355946,223.447968234639,223.412211840676,226.120122976619,229.691644372022,233.571295218337,231.730429366859,232.791869946562,231.921573020705,231.064242195165,229.55732198451,227.17280887019,226.038146534711,225.396322902231,225.264663376174,226.492980181471,227.56861151232,227.473232012678,224.939651251675,221.837348841547,222.124076212095,221.291234422107,219.635703164512,217.323909096775,217.895640330178,216.774999762935,214.786684261072,210.236890438881,207.699774215743,208.583409301919,207.639890330048,205.824350353277,207.56821724959,204.723764895679,203.520105756737,203.126224232434,202.799700114202,NA
NA,NA,218.54448745321,220.076699441884,224.302167797979,225.710439170383,227.369737587464,228.026701151492,228.752115278239,229.954076615875,234.364077328478,235.94207474136,235.615475916787,236.368864006189,237.783618474254,237.2348238087,238.758688715316,237.768398347673,237.132542821991,237.771707328714,237.354447615349,239.883943086594,240.904097846948,240.305405535279,240.914765735821,239.832704672741,240.49449178916,238.322594561102,238.20835067373,234.679110431347,234.454896978352,233.886027944917,233.438789959837,232.550052725635,228.950969276708,227.199413424626,227.686830930323,227.234719480482,225.125462456654,224.311695739578,223.325839986631,224.009952346317,222.744966793029,221.232323074896,221.44198386302,221.792392186741,223.093628493498,223.006051685972,225.212417561877,224.319321476735,223.517549053843,220.096024655415,221.93937166157,224.887389326627,224.093163912552,228.491884900815,232.606746381243,231.451045888838,232.029024800588,232.435767191721,230.075298703033,228.003131641688,227.215755550176,224.811141304719,224.593593505214,223.918593518459,226.046821434919,226.090604638155,226.286557993493,224.978820249121,221.730237044281,222.222789132145,218.989146774805,217.410899520925,216.875996716543,216.522044638676,215.476099078104,215.139547432548,212.77524611947,208.467984619095,208.398659548711,207.534986036887,207.126390254595,203.334244541233,203.412806385332,200.979681227567,201.647524384934,NA,NA
NA,NA,216.992454876107,219.531037187769,222.699102130871,223.436590292621,223.85601863676,226.559035838134,230.515004418348,231.091930477478,232.226780834808,234.6442284788,234.56153992763,234.882461593483,236.863348166589,235.606500863196,236.578420410955,235.850387930485,236.787925040804,235.927588884123,237.70938960269,239.899890342121,238.869703357709,240.495863216116,239.983130177772,239.684987526729,238.556333181634,237.792973958688,234.927185341791,235.541778555814,234.202449064615,233.632544261915,233.405784614592,231.230681398995,226.576983725968,226.170675555617,225.247375488698,227.294659950178,227.283021299997,226.203536525889,226.869671139171,222.141954434429,222.092412999973,222.045323957227,221.391560148224,221.654664496431,222.238569230611,222.868084652802,226.513121092383,223.393678416642,224.654034894077,224.229256513827,222.071748568159,222.37060820863,226.587614653983,228.758502577097,233.187738001187,232.266046401637,231.7711762206,231.406544737506,228.47130606319,228.913605250012,226.642583078573,225.542931876895,224.257286770615,223.318514793958,224.939222044904,226.22317374955,225.208930107238,224.149445502336,223.313722467457,221.035028256941,218.200478578201,215.443964840427,213.188906669409,214.689844505274,216.165924541912,214.882298989499,211.342849883336,210.017059251622,208.116113435261,208.054620555632,206.954647347906,204.120308393825,203.156091598379,199.400057476407,198.993748729724,NA,NA
NA,NA,213.785105795587,217.113627816247,219.812074480624,220.279894583793,223.119846134842,225.822760870824,230.781096266193,232.072047267872,232.016804062255,233.27730999814,233.990677740611,232.546176831072,234.371055140305,233.978648073606,234.247463334188,234.499733890559,233.268136640614,234.35743525444,236.037093772278,236.640122423496,238.423567350524,239.573228642582,239.781975335113,237.589846490087,237.773384441551,236.828390275495,236.096923975496,234.185740747163,233.859968422244,231.634485602964,231.557002867582,228.269241674021,228.718568152603,227.878595506906,229.507390680242,227.493743074573,228.830447332737,228.054483788671,228.196078744305,225.376732949558,225.089325485097,222.724648185492,223.289955299256,223.141190710805,224.596729424685,227.345512916182,227.067431629742,224.630958823708,223.977417341094,224.909126223136,223.421605319946,221.743326238004,223.141179122054,229.523141925231,232.817640166275,232.883776899992,230.981123421211,230.058400241685,229.607281446188,226.878309926581,227.132113546968,225.371106406489,224.248266463145,225.713937004741,226.049058059528,225.51449080473,223.888431951802,225.100683780556,224.34949596938,221.755629392558,217.172531287442,214.755717201333,212.885320706222,214.571317880431,215.252863705149,214.919703465542,216.403591068782,214.114944505215,210.705465526624,206.988584474842,205.74133594713,204.669049285642,200.570255242039,195.899669143334,196.462106304019,NA,NA
NA,NA,209.477944582392,213.405438507169,218.092611136684,220.781500056873,223.445919115614,223.92715137685,228.564772964649,230.499964421565,231.126731122115,231.504820953037,232.585394580971,233.25456630634,233.714061959691,234.489169778206,233.07696329676,232.308971598697,233.450343094068,235.196013609668,236.479067643006,235.833827876753,238.6042552421,238.704305173675,238.416146120698,238.230468437529,238.999189657836,236.761672925959,237.403759473944,234.903185963306,234.898247921716,230.977957795579,232.040598690424,229.611718630659,229.173346965337,229.209040958973,228.450508498366,231.53941266815,232.364758824953,230.144156120648,227.527252974506,228.470811200777,224.327025845678,223.013187385079,225.636104344154,225.089864598533,225.70593496247,230.558837613979,226.757234894266,225.912717394202,224.341566747128,224.602694772134,223.78527441562,224.339949979216,222.941356027449,227.068045600207,230.132895515238,232.160693972077,230.264238405007,230.814069417751,227.794197479226,227.51866184231,227.496728785597,227.716089281452,226.62601290646,225.661158789335,225.719178460774,224.22424808129,223.866980336552,225.139745799019,223.679120680088,221.422184305021,216.45440910817,214.438348256279,212.327680573084,211.830169567477,213.613562127317,214.144974087772,215.099077121047,213.318671420535,211.207462707305,206.658645179524,208.050971189854,204.609000387639,202.095631848622,199.222040979479,195.029729272529,NA,NA
NA,NA,NA,212.256157288639,214.979225964496,220.783673006028,223.834281817208,225.211891857303,228.893407784277,229.659659924893,229.679406587749,231.430419162277,230.799339689192,232.210835969161,232.99548783171,232.937874722704,233.435161286458,232.724290447627,233.506299573579,235.051552609217,235.576717725059,234.938651263532,237.833077206916,238.563973329977,239.005376383757,238.964546041525,238.346443326196,237.426617552249,236.357950987425,236.427841843835,233.619257438264,232.150541873846,232.44763402862,234.639149274461,230.882686848987,232.34945374744,231.131696760781,230.7408705791,232.396616481747,231.789754615041,232.412494024212,227.914469709069,227.566605189262,227.104566863563,226.574543573967,225.210192365007,225.316753498468,228.020868396519,228.783409853376,225.035693262404,226.013400771349,227.053251685197,227.33342115311,225.524463682753,227.085956880243,229.075712139732,227.988549273515,227.702735588425,230.392498938085,228.591056078,227.98442259576,228.593726529857,227.667136864431,228.649330697015,227.693269157181,226.171998796791,224.667974590263,223.850673974282,223.452490773016,223.694256750201,223.745075041441,219.075907354174,216.686193298778,213.823971714702,214.026902389105,211.493810771342,212.702057743501,213.32793195729,213.938812372451,212.148431220996,210.180049874228,206.198262374872,205.401683944988,202.230994560468,197.505992098333,196.611524948988,NA,NA,NA
NA,NA,NA,212.092415109622,213.415150419073,217.348358697199,222.427694409554,226.177890129598,227.888425751742,231.538786653406,231.184301785648,230.95535057155,230.81602011186,231.920461398057,231.362039468514,232.647583959139,233.493329318583,232.771557153468,232.613042526301,233.743126588846,234.956733785039,234.993350789082,237.665455815126,238.571314976832,237.837981247897,238.592801957006,237.776260322836,237.059720476702,235.724110409464,235.485687003046,235.147468269285,233.618339994623,233.67271223307,231.46255223346,231.732722724238,232.936033528261,232.890937564386,231.879125519649,232.957364573568,233.626581878992,231.136946225874,227.888979390869,229.956628365458,226.530878943927,227.564960310006,227.032537807552,227.815282640819,232.944167025993,232.610739693142,228.166215469433,227.024731578186,228.746079051508,224.575347682509,225.09573879159,225.045449762005,228.486637764215,227.639938515387,227.715270828657,229.094303437471,228.828672514935,228.136077565295,228.607684142502,227.148219883574,227.141558348321,226.975355786212,224.990024090008,224.233519815048,223.849499146081,223.805765960047,221.688273539649,222.342216439102,220.41249571901,216.476648141965,215.360629517298,213.661197937989,212.443291084119,211.968048635019,211.823387444032,211.497620192492,209.738358648358,208.490397759456,207.060443793233,201.979347510996,199.053540061388,197.151288367151,193.882153171535,NA,NA,NA
NA,NA,NA,NA,213.600205239299,216.960291950825,220.010147210583,225.360547410784,228.744729618656,230.43721755234,231.916956486563,231.640950319286,231.619282278841,231.817588568571,230.967877949329,233.189196179222,232.786911615497,232.744057804782,233.415651353831,232.725001217186,233.285753239723,235.872830794499,236.873424316168,236.86010719838,237.440673219394,237.210593301086,236.978765163038,237.203687611055,235.930029139352,235.718001357073,235.193566047737,234.520200868827,234.604461068566,232.285004121012,230.990902099279,233.095809882287,234.88559600815,235.606290309925,235.093573584381,233.289996520631,231.223789623559,233.707768907444,229.159382961008,228.571496212375,229.206784814737,231.39362047683,229.922011030514,232.316113137039,235.33263888209,231.955217099741,231.970419902001,229.84087463394,226.835472738811,222.268093000207,225.578517135847,229.224593974058,228.807234742559,226.968164937316,226.464051142689,229.510093251677,228.585330986434,228.256574522919,226.455325874693,227.223522109169,226.656341859596,224.633907106548,223.237825461534,222.986646074372,222.821781735048,222.678954305149,220.845384725853,218.436015660532,217.535569323524,216.341143225164,214.040803814862,212.536146073403,211.758846555709,209.578616350532,210.590153309615,209.274438643069,207.38718845069,205.249973062958,200.008664637625,197.789710582351,195.90237986864,NA,NA,NA,NA
NA,NA,NA,NA,214.301299306285,217.539185168577,221.634301000345,224.639750226077,227.128876055934,228.781204996655,229.559207521559,230.553013161684,231.377748290931,232.099287584632,231.863476437054,233.447207886178,233.246715870771,232.507528456434,232.884058452322,233.767034198126,231.714813518205,234.381000624668,235.11455392775,236.317650773972,236.880411060415,237.161457701416,236.521085128443,237.259640806181,237.359893226957,234.838668746035,236.225027954628,235.348496758641,234.137038434157,234.118859848874,233.632554306802,234.906718136445,236.118083501966,235.624236803878,234.123271399947,233.443244699662,232.675381599333,235.252450745134,229.4864985416,229.428870067846,231.062245893619,233.02754216463,230.633568528975,234.418046582757,234.997420397981,233.775694705458,231.038323844737,230.316652025305,227.973924688183,222.973858764849,224.769839801138,229.202417429785,227.792177870485,226.049836892326,224.546264055674,226.248181861188,228.119644459917,227.116810868542,227.195973336602,225.638602827666,225.630262988849,224.609190242718,222.477285374614,221.606121433601,222.932659561552,221.775272259303,221.19118578233,217.465630905853,217.597049769221,215.445454988026,214.457389414206,212.939132655723,210.646022202731,209.700467036363,208.686691423901,207.554641322376,207.853879038341,204.243037719048,198.288361584655,195.837729419124,193.264088743453,NA,NA,NA,NA
NA,NA,NA,NA,213.390486683824,217.053776324363,220.116025856031,224.552993940654,227.57349094293,227.142099095683,229.305417502039,229.802230539828,231.150130136341,231.439396310197,231.838539034557,232.39940449755,230.243401174851,230.28920804979,231.284959343837,231.956335176257,232.110757646154,233.465189660533,235.278734749506,235.991176532045,237.233075682461,236.054950821719,238.331401256707,238.048701653713,238.079662061127,235.98933185315,236.275679196958,235.815890542115,235.106019237795,234.776100177869,233.972637281393,235.494308762542,236.247999400253,236.985042231214,235.238122161444,232.02358013739,231.555441105257,232.831736170107,232.398666468215,231.556984420925,232.988833656298,234.418181487484,236.454031229485,235.663644867809,234.874382865645,235.336867352466,234.08859838095,232.733611213858,227.722658591176,224.37900161965,227.133178913614,225.179026000757,227.606558363115,225.544170654126,225.810085781281,224.826819761022,224.190646427911,224.97100782106,225.092802170676,225.821040160114,227.120208868153,224.758476839942,224.048250504737,223.241925194847,222.41106343934,221.909315008149,220.023076230462,216.397385239843,214.091673381283,213.617499518224,211.587287135307,210.919495772099,208.325046727132,207.476944903409,205.08479280581,206.236118273745,206.862287091462,201.031196347897,195.592299950158,193.763727809552,189.500642874517,NA,NA,NA,NA
NA,NA,NA,NA,NA,215.372685111858,221.470149718331,224.634321867798,226.774866214795,226.999759019159,229.058742397882,230.6403122195,229.674390065585,231.220062968477,231.040466391498,231.458580784805,230.019820511968,231.335609781238,231.646487737862,231.366977553772,231.43677827544,232.518064274034,233.982461371998,234.327205388747,235.471489216994,237.432687220891,237.886813152697,238.486884012652,236.689064010155,236.988756961086,236.67549102369,233.367716176982,234.348485750785,233.805653532528,235.348577685993,235.964685841758,237.340116185768,237.028431197756,235.638589602981,234.574038044177,233.685559430459,234.166946323507,232.694345249175,234.401013050098,233.275118539102,235.206279727128,236.366251422395,236.893047878083,235.522041239652,236.67376097624,233.611054128329,233.716032273018,228.139048824982,224.403880697844,224.619742518362,225.129601092466,226.447908326329,228.15334574908,226.82843054231,225.627091396541,223.664829808973,225.659103101989,223.726587763773,223.678521842691,225.935159021905,225.836224301339,224.200906200962,224.270743663671,223.752239404977,222.702888938976,218.169279877656,213.850857342052,213.92277152426,212.052157596328,212.551989387213,210.464115076602,207.557330012412,205.245026991415,204.608499160255,204.316398257584,202.497368905174,198.854063570229,194.830148242478,191.110201842376,NA,NA,NA,NA,NA
NA,NA,NA,NA,NA,214.249538113253,218.485419707596,222.17649523707,224.912004269832,225.555629694948,227.704686700067,229.370937194579,229.539493212585,230.266278632313,230.770093753489,229.915136754189,230.00532135301,231.148532884593,232.906355578158,233.137671301501,232.444579773672,232.497947250519,234.704974361377,235.227434965008,236.904754353765,237.726571332871,237.620836117654,238.703954016128,236.981492029563,235.810778045044,235.129392926516,234.561427111579,234.151222690396,235.997209157178,236.104334004848,235.382914167362,236.380780661491,236.694077147507,236.339077275148,236.497730792601,234.025460354429,236.077798147713,236.242616162806,235.739952162454,236.71065556692,236.640991353884,236.307384022068,235.870470224452,236.473457164569,235.414926454292,234.805142773884,231.120484839816,229.7677685761,228.775067360205,226.850573032145,222.117180577141,225.652295724617,227.645587588131,227.476939376189,224.229123244854,226.086149477494,224.509673466659,222.460002908687,222.754562026561,224.327909566029,224.196574277753,223.657300115048,224.385140475411,224.189188535817,221.689671926206,217.000539725815,211.997607298715,211.541143520841,213.067590125845,211.01008614299,209.15838170365,207.573456500015,204.390793413452,202.883395777793,201.100066411663,202.736601057965,197.262305295772,190.43973951031,186.617742371632,NA,NA,NA,NA,NA
NA,NA,NA,NA,NA,NA,214.356526607908,219.159418359235,221.003215470549,223.796951089857,227.801069640756,227.890211156376,228.129502548861,229.756053672112,229.025751390324,230.681607822273,231.625469214369,230.209504062682,231.691331478907,232.496332905405,233.976904048643,232.901754208264,234.64209464271,235.281537650526,236.300979890791,237.656109328436,236.79414636961,236.920893869437,237.706244730949,235.083901788509,235.989809135902,234.346258691248,235.934738349035,236.468828451774,236.950230559868,235.209762258003,234.403972374073,232.956756826486,236.036437839802,235.4858832169,235.348833473803,235.174950616932,235.720698029381,237.222063835589,237.912349990453,236.809123292572,236.149869161196,236.657953953417,235.379687284655,236.249293641238,234.62243471547,232.789471250515,231.218421387618,229.515310568445,226.92863788658,227.022243475475,223.810546813576,226.733996494945,228.400231509894,226.918004831232,225.629849258262,223.527402905358,221.505683617069,222.040560815582,222.512072840557,222.492069362172,221.754258477577,223.813558344211,223.791870037306,221.364291298139,215.43723950326,212.259502584412,210.10636131527,209.729276967852,207.900388342317,209.663862422641,206.298353049928,203.957222714628,200.357631055798,197.76750914674,199.000022402642,198.002749468736,190.455797021202,NA,NA,NA,NA,NA,NA
NA,NA,NA,NA,NA,NA,210.527372238475,215.316145797097,217.917344032158,221.851849192616,224.930694575361,226.963250832604,227.489405793829,228.474773989126,230.196935763948,231.141549995274,231.14468244103,232.372977142904,231.955757552362,234.254181538304,233.699031731269,233.812507893527,235.808208250397,236.299007553471,235.930633152612,236.502955343667,234.52859773734,234.673275520352,234.66021657241,234.612172932044,235.693688948234,233.738203060543,235.650134555746,235.575186424245,234.887758561231,233.170897001556,234.090337376493,234.216327307374,233.369886026396,232.692432360009,233.126567398134,236.07047954999,235.482588401733,236.437135253838,236.769841953152,237.147667342859,235.885642759747,235.845684568338,235.806897756644,237.16995054772,235.625475368836,234.034770239216,232.13090543857,228.635464718518,227.296782921221,225.280005815278,224.780853897162,223.417285415997,226.062555439027,226.374996273447,224.504782744272,223.379009263373,222.225957145121,222.604197227017,223.035945282214,222.972823659331,221.858423071944,221.250748734795,223.795252119231,220.745597420018,215.592885427886,211.168915977998,210.125525471791,208.96899539756,207.263374624514,207.084834570132,205.296528374229,202.949707750574,198.491276268356,197.451737718452,196.37557899531,194.84788655273,193.472049883908,NA,NA,NA,NA,NA,NA
NA,NA,NA,NA,NA,NA,NA,211.628709689157,214.920465117921,220.023889428265,222.204559679752,223.248133274962,225.141449241299,227.791029608931,230.562066934061,231.672592298203,231.995538306383,231.635127979014,232.559764460444,233.040981658126,232.388910514506,232.500741763636,232.669842148003,236.163056912582,236.46449430885,235.366247349083,234.580622185208,237.04580088894,236.473198809318,235.380148685616,235.787098508352,235.077504273647,234.646513585488,235.951064238301,234.992336730104,233.148432588277,234.119266810618,234.558726788826,235.142379983249,234.513992977879,234.539418617614,236.288574352962,235.57463465946,236.122797847244,238.005701145453,237.867353841094,238.792125905314,235.399546484567,236.67402262953,235.428647168891,232.814721120006,233.283733364579,231.447804173237,230.463975814045,229.530259916184,228.979365734213,224.566707761051,222.785855263159,223.256920212366,226.018115410272,222.093087454217,222.239972668027,221.340687076007,222.396845044135,224.149807892527,222.342240300283,224.097591662871,221.771553311453,222.206558865029,218.641103689132,215.563189984598,214.209770847629,209.461963258374,207.107414886589,206.826067926007,206.201716471312,203.900750985542,201.315502296489,198.771219461825,198.351979956294,195.761944508743,194.780761934332,NA,NA,NA,NA,NA,NA,NA
NA,NA,NA,NA,NA,NA,NA,NA,211.769825241557,217.253079106654,218.468568989298,222.452193818809,223.68085207966,228.014967727871,229.723147903335,229.469557582229,232.739043606029,231.607988845253,232.783035546551,233.003855876266,232.900032174232,234.106755369489,236.15168871391,235.385277058235,235.048700708089,235.180800210815,236.18996378555,237.080204458299,236.963132934551,235.747759722444,233.77047486506,232.966500017451,233.592034631718,235.575543427298,233.648038875734,234.218084968441,234.016136283867,234.834196949158,235.222273919943,233.578664267454,234.873214521442,236.327336440412,236.802588879651,236.881803683139,236.489357925072,236.878486167649,237.350025131196,236.425168090557,235.828657031456,235.518838748723,233.870326910107,232.245888083474,231.746604100463,231.126199980337,227.565746101256,227.772605918284,223.901549785572,225.045820474263,224.874622241881,225.473617432628,223.918948666664,222.39628449061,221.491173942303,222.821981123905,223.390572879589,222.644455038942,222.910132997332,222.177329099335,219.754113634472,215.814030712356,214.81734943511,213.979772322139,208.532763385375,207.11239963997,203.769088927452,204.150469471571,201.694360733133,200.294932952486,198.395870435666,196.629244058877,193.353581524673,NA,NA,NA,NA,NA,NA,NA,NA
NA,NA,NA,NA,NA,NA,NA,NA,211.994177179842,216.882627619532,219.419329248644,223.061127534612,224.711300282778,225.57974237613,227.557131437481,229.841694283475,231.529311719972,231.269382891271,234.797815980255,233.698052638588,233.934721940268,233.526523399581,234.289640894513,234.137025570295,233.185995804786,233.934591211883,236.644154582256,235.068022486077,235.474987632518,235.268858459745,233.557176929274,232.037356213702,232.06435783511,231.890418196378,233.952178698294,232.860612171195,232.648099409414,234.336963511308,233.931610590148,234.35595056972,235.570206946066,236.601882062631,237.33827178233,235.839390783668,234.663785261051,235.293470148327,236.208014273719,235.852476975842,234.409070139777,235.557781279022,235.093454537449,234.114034970622,232.802805844837,232.124159580107,229.615295658298,223.660723525868,224.084834136386,223.038878606893,222.954256854909,221.584064542249,221.925334804365,220.657977462999,221.000334758374,220.815111948816,221.589209099193,221.335574116414,222.367538148252,218.538351450954,216.935422394022,212.730276164226,213.003521997995,212.73134551168,208.318250215347,207.012065042774,203.025026210408,204.904307311082,202.48344391039,196.671543380527,197.175585142733,193.205333061698,190.75631664556,NA,NA,NA,NA,NA,NA,NA,NA
NA,NA,NA,NA,NA,NA,NA,NA,NA,217.161429552593,219.077493809024,221.436930763722,222.813174819551,225.022832275575,227.4748962321,228.038554295314,230.161334449181,231.544298510976,231.702848264935,232.139269193782,232.86650661047,232.75149095615,232.906831395609,233.865014843937,233.770857398704,234.183487738224,234.611799669495,235.33587954009,236.151924188435,234.27076321617,232.961824198681,232.497560107838,231.281709658392,233.393690927398,233.319805211085,233.799776369174,232.792373322891,233.115688458418,234.228870494683,234.271263648439,235.554308550797,237.166977639929,237.318085453234,236.077264420304,233.11076332115,234.720859048381,233.688521305632,233.217501877444,234.543445475366,233.681423756112,234.219932080256,233.116830291342,231.667377939976,231.273627521065,227.757076824733,227.698898099796,223.05461103413,221.997396048038,221.662109643626,221.319046957075,220.519275759292,220.061272457966,219.333644602332,218.635549530322,221.16619091161,221.278366241704,220.747279773726,217.021210134086,214.190783316829,212.408817719433,211.105904660798,209.118142089437,212.02933984542,211.674397298459,206.401137031642,200.783120741575,198.891708864686,197.725757843623,197.584852560583,192.570962761485,NA,NA,NA,NA,NA,NA,NA,NA,NA
NA,NA,NA,NA,NA,NA,NA,NA,NA,NA,217.551467652419,220.29795528989,221.34490489116,224.502005743145,226.541236956307,227.065042614268,228.390460075378,229.994863022706,230.359218641295,231.810691248024,232.487157713271,231.770657996543,232.70555243916,231.481266910663,232.884779510991,233.985381200589,233.35565662198,232.98411161485,233.728141991797,234.289166934426,233.031970952928,231.721002708447,232.758064901291,232.574995464556,232.594659700813,231.832793863408,232.463380400611,234.472285200751,234.784611603507,234.134553665912,235.27125828971,237.614860754107,237.204360588886,234.590653966887,234.475343983325,233.423030313482,232.198668773612,232.326824368893,235.004593494349,232.777807766896,232.068877172411,232.024287661792,231.299088765813,228.780277721066,229.02318469727,227.068539488004,226.253431896794,221.6124929812,219.936923352624,220.468958232955,219.093323151104,216.936165738207,219.472715249866,218.948821254273,218.150913373013,217.979385987368,218.586291228861,213.390798902022,211.462269185766,210.363808483637,210.956492111092,208.826364281013,211.11943254104,210.068152093924,204.920617304488,201.928790959114,198.106427223687,196.222167057637,193.605462188624,NA,NA,NA,NA,NA,NA,NA,NA,NA,NA
NA,NA,NA,NA,NA,NA,NA,NA,NA,NA,NA,215.83852132034,217.873516259336,220.844912520111,223.598169716395,225.713339474375,226.887040338416,228.530490778878,228.654459292559,229.425918253973,232.088482842738,229.631817149595,230.856443748804,231.529563086727,230.00880137254,233.213072603779,232.732687497244,232.262446549249,231.522138381596,232.214765120997,232.268274503283,230.257721217771,230.551752078154,230.794916491094,231.464000415312,231.204778551294,231.320647270665,231.757793639085,234.284720481898,235.613797008347,235.068846529957,236.942969026795,236.845912106819,235.233020389124,234.513809197411,231.803056989497,231.97709685038,233.016858476479,230.427145441221,231.585870973855,231.615030985697,229.275428266889,229.679272671883,227.559470609689,227.155639868764,227.303580985097,225.326306822195,225.777265932041,222.624104293984,219.923783782225,219.05888911391,215.890804342727,217.906258872034,218.21124820386,218.682885873903,214.923976373388,213.328143725203,211.859132743075,208.947435288573,206.886094341696,206.097793733584,205.84851281854,208.791649775651,206.376715960924,205.082508499209,201.662576628792,197.496431710351,194.802314474542,NA,NA,NA,NA,NA,NA,NA,NA,NA,NA,NA
NA,NA,NA,NA,NA,NA,NA,NA,NA,NA,NA,214.198017865505,215.967581777098,218.515883959377,221.774027737636,222.689429717382,224.470206502336,225.662552081871,228.026605481552,226.617387369447,227.861609458241,228.276622397903,229.517675098719,229.669309950094,230.754691271845,231.091465834527,230.409976249433,231.717049668058,231.297519271686,232.009986417463,231.14028873562,230.085785043003,228.679291597163,226.747590722107,229.323587856512,229.622939292248,229.679651340126,231.371316684012,231.61846859653,233.151411341112,233.965136932442,235.798064292635,234.343229316956,233.972704416314,232.88036537976,231.868115554133,233.181141718016,231.575730791863,232.402244570945,232.194044442719,230.409136736325,228.581368364211,225.973533222881,225.481031480167,226.271434176667,225.377577382491,225.099232231895,223.444512218825,220.992401391016,220.114511702261,219.469950750215,217.652838561064,216.844785260585,217.17414881839,216.150781958878,213.191219890657,211.706263045179,209.576041388287,207.149133511503,204.282877609128,203.006146016839,202.761881987379,206.153328076218,203.874359877953,202.864752898008,202.310703991447,198.5024992151,193.714701832597,NA,NA,NA,NA,NA,NA,NA,NA,NA,NA,NA
NA,NA,NA,NA,NA,NA,NA,NA,NA,NA,NA,NA,214.948092247803,217.695589935373,220.079464641552,221.030121022274,223.107631156157,224.667621602022,225.886656606815,227.703784190705,226.122925019487,227.720491694201,226.327673952307,227.658515089663,228.50426122223,228.392482300804,230.565809068316,231.360085886981,232.343990610959,231.918759960052,230.851548034363,228.64799761763,228.600836932404,225.731789757364,226.267598292802,228.929360858205,229.575839710909,229.521138652872,230.05922535024,230.59285849157,233.075067449084,234.816223875915,232.68994423834,232.937575770897,233.34662488218,232.993089226866,231.093981934669,231.118051995589,232.280499165461,231.58834814784,228.939196680034,228.008161533231,224.970256133128,224.289042069988,224.335294038,223.78339139471,223.836364472194,222.029996713026,222.089616936201,218.254521863595,218.009882905551,217.747665803346,219.539772942979,216.129452804336,215.834081196837,213.858181933506,212.850827715937,209.987206853229,205.484268834597,203.938635021704,201.511486579254,200.773591767514,199.013411681815,199.555725362205,199.681843560756,200.985595313567,199.927943305079,NA,NA,NA,NA,NA,NA,NA,NA,NA,NA,NA,NA
NA,NA,NA,NA,NA,NA,NA,NA,NA,NA,NA,NA,NA,217.124883682816,218.403105354833,220.874710083507,222.316202556268,223.484912804007,224.718890822304,224.808286648391,225.831167467205,225.906258256492,227.198496867044,226.7848097771,228.130322015909,229.254980863917,230.82021344405,231.464438755872,233.254273354118,230.380300606297,228.440102989719,226.71333612892,226.789195864291,227.345863550075,226.307511529822,226.681156260499,227.856741542194,228.697863421266,229.833436851233,232.542751275623,231.827916191291,232.800214016817,231.861387826651,232.262800071021,231.382539408572,232.948145895255,232.748103584354,231.309534048633,232.216584982691,231.353630725352,228.270788533838,226.464614646844,225.594485447327,224.899523226958,223.27214446357,222.310201733185,221.344421687237,222.490876549747,222.328174846865,218.238117809102,216.804675023052,217.545776745327,216.080103567085,215.483238894701,215.620163865644,213.553707523415,212.531352143113,211.215314010746,207.108388659397,203.453011582374,199.639362325554,200.841183419861,198.010197873341,198.066168675107,198.305176640736,199.052912823095,NA,NA,NA,NA,NA,NA,NA,NA,NA,NA,NA,NA,NA
NA,NA,NA,NA,NA,NA,NA,NA,NA,NA,NA,NA,NA,NA,218.528678270573,218.232243593719,222.938694078833,223.654849270548,222.815127082453,223.766713292626,224.993908267675,224.795055498113,226.412461931292,227.172034352858,227.707036450695,227.099034012755,229.871149445834,228.964482009772,229.512805954654,229.444299735877,226.604044525383,225.197061985348,224.78627858971,224.626575924466,224.06453698676,224.387397296153,225.629230401761,228.896048777238,229.218105479775,231.931007230191,231.681829825516,233.522667662269,233.23220230066,232.012745757571,231.436397557165,230.665384184693,229.466435156524,229.73449804053,230.816447935232,231.159762945346,227.990319295361,227.688301164156,225.017728162327,223.641778011146,222.853319774922,220.594643904649,220.152669308981,218.915472876557,218.598287059778,216.327319159941,215.683854011814,214.501898450005,214.304955262705,214.695229384795,213.835056107277,210.1152224846,210.444715237547,209.742498528135,208.759452797748,206.035990532903,204.84037453332,203.175653452017,200.564902445843,201.161559843138,199.398241609046,NA,NA,NA,NA,NA,NA,NA,NA,NA,NA,NA,NA,NA,NA
NA,NA,NA,NA,NA,NA,NA,NA,NA,NA,NA,NA,NA,NA,NA,216.523932582774,218.974418975163,220.165338889578,221.284797388361,221.778013823632,223.714193893211,223.665103679599,224.720318722987,227.20745762186,226.754690826871,225.235266896185,227.260007653182,226.869514993273,228.431000594655,226.933186134447,226.713692358199,223.801669572983,223.149953200071,222.938125205251,223.252711653288,223.549700659179,226.494708079267,228.724063623807,230.033519621201,229.856712641571,232.320797576553,232.431908315885,230.389752675826,229.188007064714,229.154516356956,228.904252947114,228.412738879256,226.94425328461,228.882137190771,227.965596937909,226.645412039453,225.248716185733,223.668167355594,223.862072276019,221.2668116861,218.129437892741,217.241253700822,216.665451838262,217.146285724348,215.825776627972,214.170288534804,212.79883628376,212.856322013301,213.893124069857,212.60399334029,210.286703782787,207.648433137936,206.79956208567,207.073053861546,206.692512075322,206.092951324644,205.317237828499,203.626919115632,201.241198329029,NA,NA,NA,NA,NA,NA,NA,NA,NA,NA,NA,NA,NA,NA,NA
NA,NA,NA,NA,NA,NA,NA,NA,NA,NA,NA,NA,NA,NA,NA,NA,NA,218.50884958894,221.57547279801,221.348428865209,222.990397699438,225.618860737677,225.257236504989,225.44556329797,224.505562752831,224.204849234605,223.555209829627,226.419065264536,227.31738832555,226.691858055734,224.229130484244,223.269705377927,221.845565425936,222.484841025361,224.902005619409,223.758780059213,226.181369125883,226.877960140429,227.992957110845,229.683201044571,230.271325635688,231.631847730224,229.718980397444,227.973714463927,226.868760481778,227.261033108426,227.275111273207,226.945118643507,227.505432529812,226.263649526853,225.382535983474,225.748536718392,223.703437438699,222.175193986079,219.898874556031,219.770435235027,216.427095656817,216.419430861128,215.251022842546,213.372625782693,212.560153348957,212.362643570674,211.520887376941,211.356381856062,209.146278454775,208.801800489631,205.895323219895,206.31213413893,207.216643664425,205.80929300222,204.846177552544,206.253950480172,NA,NA,NA,NA,NA,NA,NA,NA,NA,NA,NA,NA,NA,NA,NA,NA,NA
NA,NA,NA,NA,NA,NA,NA,NA,NA,NA,NA,NA,NA,NA,NA,NA,NA,NA,218.640002313723,219.629972369824,221.595561136262,225.81059127298,225.423455802579,224.285819295214,223.518422078505,225.117676370195,223.196162620689,223.933926457837,224.668373914958,226.366868080338,223.32269475627,221.248547214485,222.521137043968,221.462760028689,224.255737395945,222.993902040031,225.130636311822,224.441280497224,226.84989264835,226.915120201655,228.254287988535,228.170081132867,229.061818965163,227.06875250992,225.788790845937,224.915917105726,224.416761591789,224.068100041254,223.974386303573,224.462919380066,222.607500375438,223.22254240245,222.504225527192,220.716700416552,219.489258757512,219.732657560762,214.824575905213,214.972887507109,214.285603418148,214.730980722094,214.192666970516,211.774267032024,209.237321770751,208.61880613522,206.329287905427,206.968929349359,208.131588936164,206.118861053141,204.461184322493,206.578115288347,207.281942722687,NA,NA,NA,NA,NA,NA,NA,NA,NA,NA,NA,NA,NA,NA,NA,NA,NA,NA
NA,NA,NA,NA,NA,NA,NA,NA,NA,NA,NA,NA,NA,NA,NA,NA,NA,NA,NA,217.408036074681,219.153926283515,222.043742609524,221.932664435149,220.80461007941,221.941993653521,222.184488646224,221.430337957441,221.968042986215,223.431455705846,223.01141422766,222.362277845454,219.868278267177,220.450296929037,222.429377032378,222.959807805615,222.814546086966,223.499612363638,224.182431836673,226.291297719289,226.154868178466,227.022444712578,227.062269879275,226.183103078695,226.015783173688,225.813845304791,224.827015870669,224.829389366155,223.14595521595,223.617881285147,223.270524251687,222.330185573489,220.370553729344,221.924630273392,218.869951286562,217.871877935185,217.351877561148,215.136463166839,212.372486613267,214.053668853573,212.262396276772,212.217595805922,212.420670863914,210.797108192859,209.38599562528,209.742499166457,206.45656425527,204.571741863342,206.441939138354,204.54830167069,204.20977820953,NA,NA,NA,NA,NA,NA,NA,NA,NA,NA,NA,NA,NA,NA,NA,NA,NA,NA,NA
NA,NA,NA,NA,NA,NA,NA,NA,NA,NA,NA,NA,NA,NA,NA,NA,NA,NA,NA,NA,NA,218.631566551796,219.161952786737,219.28516074678,221.776857466726,221.325154915814,221.587839902372,219.744661731822,221.175087570219,221.273127506379,219.847520631767,220.265939823715,220.504976302679,221.341226803642,222.374247699565,222.934652612551,223.124157550573,225.63216236471,224.382784290561,226.034145887434,224.932230511321,226.257506305982,225.960067393619,226.864812136508,225.663141182991,224.16470654942,222.572663663097,222.750571149287,222.702250306118,221.230019004543,220.219982000097,218.648340159591,219.909129830839,217.68867333151,217.591864450035,215.71636333517,214.098172879557,211.760365384797,213.942966523111,212.986915891558,210.570338130098,212.512311137809,209.646252460587,210.809701601999,210.655929755281,204.807325779863,203.460891312604,202.546734703387,NA,NA,NA,NA,NA,NA,NA,NA,NA,NA,NA,NA,NA,NA,NA,NA,NA,NA,NA,NA,NA
NA,NA,NA,NA,NA,NA,NA,NA,NA,NA,NA,NA,NA,NA,NA,NA,NA,NA,NA,NA,NA,NA,215.991601667097,215.124938620581,215.373178409025,215.818939047701,215.08075721871,217.746533395729,218.673988834476,219.957778037779,218.898598656782,221.175710948889,220.087379554192,220.486634463913,221.049459389088,222.512680075414,224.013430777965,225.330680740333,223.756595656281,224.935212724204,226.846559070744,225.888834654813,225.963351512349,224.962232301635,224.586029447318,223.741381074642,221.96873628808,222.395517310721,220.967449021471,220.620488385397,219.416548561725,217.458143243519,216.182816358985,216.562025014771,215.734905933227,214.297828803731,211.804985964001,213.258558462735,210.665375636143,212.079552523095,212.579611898213,211.62152988853,211.9968679793,212.339853338166,211.087765631912,210.997499440324,206.196906760715,NA,NA,NA,NA,NA,NA,NA,NA,NA,NA,NA,NA,NA,NA,NA,NA,NA,NA,NA,NA,NA,NA
NA,NA,NA,NA,NA,NA,NA,NA,NA,NA,NA,NA,NA,NA,NA,NA,NA,NA,NA,NA,NA,NA,NA,NA,212.696246954929,215.099574281351,214.606923154381,215.401887836146,215.901175626804,217.663012721066,217.364070056357,217.94643300857,219.687572194232,220.759727824054,220.843815178328,219.90816368379,221.375026399962,223.546329205032,224.321885222174,224.610474595371,225.710369229335,225.229360319398,224.385235484536,222.610566310738,224.187660038032,222.756312992709,220.736922334484,220.916199266188,220.160946400575,219.007057950842,217.873619799108,216.818547930202,213.376910137896,214.424040302404,215.268894910699,213.450815813645,211.026973220482,212.974711440398,213.791229486192,213.088068280098,210.700058034462,210.379882289142,211.495854957675,210.13050673926,211.838917925575,NA,NA,NA,NA,NA,NA,NA,NA,NA,NA,NA,NA,NA,NA,NA,NA,NA,NA,NA,NA,NA,NA,NA,NA
NA,NA,NA,NA,NA,NA,NA,NA,NA,NA,NA,NA,NA,NA,NA,NA,NA,NA,NA,NA,NA,NA,NA,NA,NA,NA,214.537859066975,214.591705807641,215.808178751364,216.598852511746,218.134821244109,216.855353491923,217.75617567578,219.218552220044,219.666743247012,218.974302233322,216.528796804424,221.198292658353,222.263363187571,223.665288802273,224.977131581273,224.638153771457,223.652239833352,223.028734152182,222.266119895684,220.083648072304,219.465530866948,218.945226069395,220.574348792901,219.055379273524,216.956016142345,215.229177754474,214.565805696696,214.315576231345,212.81735351456,211.734263952486,213.073453932068,214.337249309956,214.275039521487,213.640959757314,212.801239726567,214.129849510428,213.259083211178,NA,NA,NA,NA,NA,NA,NA,NA,NA,NA,NA,NA,NA,NA,NA,NA,NA,NA,NA,NA,NA,NA,NA,NA,NA,NA
NA,NA,NA,NA,NA,NA,NA,NA,NA,NA,NA,NA,NA,NA,NA,NA,NA,NA,NA,NA,NA,NA,NA,NA,NA,NA,NA,NA,NA,213.900057976048,215.7573026212,215.663492061803,216.85410680156,218.5719532755,218.040689316686,218.413289327759,217.321124494424,217.906738185931,219.641814321299,221.20035835123,223.940810938936,222.754612019235,223.295294684708,221.11141798175,220.161407257738,218.918301742362,218.427648180742,218.362693521494,218.286597641525,218.38336212298,215.661102373032,216.060570643854,214.688550544657,212.384294796084,214.137406931991,212.968752241842,213.884214636974,215.104608092239,214.60379174213,214.412924548413,NA,NA,NA,NA,NA,NA,NA,NA,NA,NA,NA,NA,NA,NA,NA,NA,NA,NA,NA,NA,NA,NA,NA,NA,NA,NA,NA,NA,NA
NA,NA,NA,NA,NA,NA,NA,NA,NA,NA,NA,NA,NA,NA,NA,NA,NA,NA,NA,NA,NA,NA,NA,NA,NA,NA,NA,NA,NA,NA,NA,216.40931360501,213.086975939184,214.611313160334,215.468096113626,217.430356780432,215.643859479717,215.750601423062,218.094337949715,220.503057509,221.265192558845,221.912684952224,220.019474531349,219.438525359114,219.566066046519,217.274505327173,216.509040414128,217.336242727549,215.949671420575,215.384869767841,214.977664229047,215.845129881728,213.697664843455,213.625301271542,213.823160337396,213.330764209826,213.888418491348,214.482759578744,NA,NA,NA,NA,NA,NA,NA,NA,NA,NA,NA,NA,NA,NA,NA,NA,NA,NA,NA,NA,NA,NA,NA,NA,NA,NA,NA,NA,NA,NA,NA
NA,NA,NA,NA,NA,NA,NA,NA,NA,NA,NA,NA,NA,NA,NA,NA,NA,NA,NA,NA,NA,NA,NA,NA,NA,NA,NA,NA,NA,NA,NA,NA,NA,NA,NA,215.460486958868,215.093773453849,213.236359101198,217.037811812318,217.860143327183,219.119588167426,218.484167897305,217.960916517589,218.12199415198,217.142635530991,216.182838891705,213.965866561705,213.538973503651,213.453489079553,212.924159620844,214.59228847516,215.828429298593,213.060570296598,212.741962496779,NA,NA,NA,NA,NA,NA,NA,NA,NA,NA,NA,NA,NA,NA,NA,NA,NA,NA,NA,NA,NA,NA,NA,NA,NA,NA,NA,NA,NA,NA,NA,NA,NA,NA,NA
NA,NA,NA,NA,NA,NA,NA,NA,NA,NA,NA,NA,NA,NA,NA,NA,NA,NA,NA,NA,NA,NA,NA,NA,NA,NA,NA,NA,NA,NA,NA,NA,NA,NA,NA,NA,NA,NA,NA,NA,NA,NA,NA,NA,215.150113157716,NA,NA,NA,NA,NA,NA,NA,NA,NA,NA,NA,NA,NA,NA,NA,NA,NA,NA,NA,NA,NA,NA,NA,NA,NA,NA,NA,NA,NA,NA,NA,NA,NA,NA,NA,NA,NA,NA,NA,NA,NA,NA,NA,NA
