"V1","V2","V3","V4","V5","V6","V7","V8","V9","V10","V11","V12","V13","V14","V15","V16","V17","V18","V19","V20","V21","V22","V23","V24","V25","V26","V27","V28","V29","V30","V31","V32","V33","V34","V35","V36","V37","V38","V39","V40","V41","V42","V43","V44","V45","V46","V47","V48","V49","V50","V51","V52","V53","V54","V55","V56","V57","V58","V59","V60","V61","V62","V63","V64","V65","V66","V67","V68","V69","V70","V71","V72","V73","V74","V75","V76","V77","V78","V79","V80","V81","V82","V83","V84","V85","V86","V87","V88","V89"
NA,NA,NA,NA,NA,NA,NA,NA,NA,NA,NA,NA,NA,NA,NA,NA,NA,NA,NA,NA,NA,NA,NA,NA,NA,NA,NA,NA,NA,NA,NA,NA,NA,NA,NA,NA,NA,NA,NA,NA,NA,NA,NA,NA,735.272058492637,NA,NA,NA,NA,NA,NA,NA,NA,NA,NA,NA,NA,NA,NA,NA,NA,NA,NA,NA,NA,NA,NA,NA,NA,NA,NA,NA,NA,NA,NA,NA,NA,NA,NA,NA,NA,NA,NA,NA,NA,NA,NA,NA,NA
NA,NA,NA,NA,NA,NA,NA,NA,NA,NA,NA,NA,NA,NA,NA,NA,NA,NA,NA,NA,NA,NA,NA,NA,NA,NA,NA,NA,NA,NA,NA,NA,NA,NA,NA,750.416550990182,760.458006556069,750.416550990182,738.293990305079,726.722092687432,738.664335134708,746.308104850038,752.080447824566,775.403120963541,766.077237879798,772.253032083763,768.595748370814,783.022988168291,782.678618130917,797.524955648515,800.390529679106,797.838039245392,777.239460662446,776.208734813001,NA,NA,NA,NA,NA,NA,NA,NA,NA,NA,NA,NA,NA,NA,NA,NA,NA,NA,NA,NA,NA,NA,NA,NA,NA,NA,NA,NA,NA,NA,NA,NA,NA,NA,NA
NA,NA,NA,NA,NA,NA,NA,NA,NA,NA,NA,NA,NA,NA,NA,NA,NA,NA,NA,NA,NA,NA,NA,NA,NA,NA,NA,NA,NA,NA,NA,774.432130217108,762.069379220016,771.938780099112,760.360716216016,775.433323648214,756.234391139182,738.24115301167,749.239059304484,770.146090037468,745.821694508815,755.95498508392,782.673640854897,797.687028214715,764.235196547645,783.042922582735,787.862087869196,794.128844223182,800.448924425683,816.241385865725,819.106868125552,850.440938602474,832.36207465381,825.378700960959,794.901703433882,801.450074325311,756.912088491063,776.661462019689,NA,NA,NA,NA,NA,NA,NA,NA,NA,NA,NA,NA,NA,NA,NA,NA,NA,NA,NA,NA,NA,NA,NA,NA,NA,NA,NA,NA,NA,NA,NA
NA,NA,NA,NA,NA,NA,NA,NA,NA,NA,NA,NA,NA,NA,NA,NA,NA,NA,NA,NA,NA,NA,NA,NA,NA,NA,NA,NA,NA,805.062109405231,790.988785714995,784.82180964059,770.146090037468,790.707245113302,790.569415042095,778.655630185928,759.37929305356,760.345316287277,758.491306904178,771.767452021657,784.617741323761,766.17895918374,776.329140632443,798.827265433523,781.074918105106,785.154760696297,789.621341992385,790.569415042095,805.062109405231,818.91696770796,835.53874835342,838.572024665825,854.618710795499,831.066690477856,822.356481508079,825.41649315256,801.604741247959,827.288147854183,808.867496502135,803.50793399941,NA,NA,NA,NA,NA,NA,NA,NA,NA,NA,NA,NA,NA,NA,NA,NA,NA,NA,NA,NA,NA,NA,NA,NA,NA,NA,NA,NA,NA
NA,NA,NA,NA,NA,NA,NA,NA,NA,NA,NA,NA,NA,NA,NA,NA,NA,NA,NA,NA,NA,NA,NA,NA,NA,NA,795.691523141977,785.012061032645,816.829607919006,804.289710358506,800.063361388668,785.125092075053,803.546788384555,811.373845701556,782.623792124926,781.114786933993,789.501078655374,806.327013566296,770.357952164528,781.024967590665,783.625756674886,771.928616828043,775.810959057489,805.091201040846,805.384690486499,814.137749824303,798.827265433523,794.843986402701,795.808998305406,813.941029804985,816.241385865725,851.515145546257,851.542594702206,832.250171342131,829.38527788438,829.753246992397,814.027864756635,852.816875626341,832.541290267336,853.448398433255,863.439406204578,860.422407233793,800.8202458568,NA,NA,NA,NA,NA,NA,NA,NA,NA,NA,NA,NA,NA,NA,NA,NA,NA,NA,NA,NA,NA,NA,NA,NA,NA,NA
NA,NA,NA,NA,NA,NA,NA,NA,NA,NA,NA,NA,NA,NA,NA,NA,NA,NA,NA,NA,NA,NA,NA,NA,828.832694137641,832.588157096,844.566629837739,813.17279836453,832.681576278452,825.960420123141,811.249036979398,807.986387690064,802.410421375554,813.807615783641,801.677597037464,797.750510937613,800.536410807875,809.706737035082,800.390529679106,794.11900871343,817.612621559871,775.633486472547,783.022988168291,814.324873745117,822.486223867777,814.372786548132,813.941029804985,799.050951824439,813.941029804985,809.759665694706,863.634872974987,850,855.862138431184,826.030966394343,840.525800700727,862.083049389778,855.583591099461,870.735097381715,875.490536942826,893.378419260282,878.59647526523,850.875971854214,831.07553493528,840.014880820572,822.228606000122,NA,NA,NA,NA,NA,NA,NA,NA,NA,NA,NA,NA,NA,NA,NA,NA,NA,NA,NA,NA,NA,NA,NA,NA
NA,NA,NA,NA,NA,NA,NA,NA,NA,NA,NA,NA,NA,NA,NA,NA,NA,NA,NA,NA,NA,NA,831.616269666259,845.946215784432,849.461966879773,853.665541783593,846.061032697431,826.532650182616,831.038506929733,831.038506929733,816.39395647333,805.062109405231,850,834.077487536454,818.91696770796,789.681254625755,792.388581798654,816.241385865725,838.775557708957,821.175747802513,814.137749824303,798.827265433523,807.000619578449,834.800917973761,852.982003561395,836.284347062971,820.118054263513,798.860035698649,828.184538217209,860.313955010059,867.988597883051,835.53874835342,880.695747690427,862.046982478333,882.329458696715,901.786303678023,896.376427325265,885.010238603164,896.371851463073,890.224690738243,900.360163563425,883.954074384815,855.412933917699,838.528584505942,835.608193431067,818.151179604281,807.986387690064,NA,NA,NA,NA,NA,NA,NA,NA,NA,NA,NA,NA,NA,NA,NA,NA,NA,NA,NA,NA,NA,NA
NA,NA,NA,NA,NA,NA,NA,NA,NA,NA,NA,NA,NA,NA,NA,NA,NA,NA,NA,NA,NA,846.111163260526,875.035685178698,875.35707000058,872.134310418625,860.631930674774,866.56565756311,852.408776920029,849.264387573151,851.46931829632,825.444852389034,840.392798020667,825.080130314823,832.165848854662,853.302408293801,848.574123177879,840.627145306116,861.184372751614,859.169276692786,840.014880820572,854.400374531753,849.264387573151,869.626356546304,865.14424254808,851.515145546257,850.417977671585,840.435751548821,832.620891822914,853.448398433255,876.323026055124,880.695747690427,867.095515081047,896.49267973895,888.147933932765,901.387818865997,900.347155268455,896.346095870813,903.525999895134,886.70739254841,901.387818865997,876.427407147905,863.495801958527,850.367567584747,831.038506929733,851.46931829632,835.724108593812,820.174977137354,810.470824691717,NA,NA,NA,NA,NA,NA,NA,NA,NA,NA,NA,NA,NA,NA,NA,NA,NA,NA,NA,NA,NA
NA,NA,NA,NA,NA,NA,NA,NA,NA,NA,NA,NA,NA,NA,NA,NA,NA,NA,NA,871.464234478506,880.872455128872,887.764045228235,876.498574981638,902.452656061735,878.350280336782,857.186921911262,849.291949207191,873.257148332933,872.13817712562,851.46931829632,855.52087306283,863.495801958527,851.783338771284,873.257148332933,882.390629166746,866.456635324003,869.907397254986,867.827747885489,848.896342317482,867.025724015156,838.837620442373,892.328414878737,910.099264971122,879.62784849112,901.387818865997,903.128242323677,928.31100654051,924.898409747065,908.982948134892,874.794108313386,890.67633688449,905.89216913517,907.938692072517,901.491586239691,905.969618290047,903.322808199581,909.008717835521,905.935173969177,879.359357098199,892.866542124279,867.863697766463,884.616764296465,862.610565432568,863.593452553903,883.883476483184,870.7037383634,825.033090848279,818.940338199087,798.866347039662,806.225774829855,NA,NA,NA,NA,NA,NA,NA,NA,NA,NA,NA,NA,NA,NA,NA,NA,NA,NA,NA
NA,NA,NA,NA,NA,NA,NA,NA,NA,NA,NA,NA,NA,NA,NA,NA,NA,NA,862.326119412091,886.944018145868,890.199384713318,900.03469547165,903.257580880919,930.053761886914,900.332210419658,905.616028275131,880.735594300336,883.538692956854,874.687399799823,886.70739254841,905.883546599672,901.774524420463,895.125689498408,927.837673735248,903.18006641953,896.172416446746,911.634410119821,878.367950940895,881.334065198656,901.941422251484,912.414379544733,901.83409378291,950.368572394032,929.44540129732,941.318912790673,943.085752950945,970.17158204929,973.717104707522,954.43085849988,905.935173969177,890.320035837522,895.321619041416,903.257580880919,900.373171858394,900,941.954894097116,910.536454662711,901.582776536577,876.644306800164,883.415333882485,903.692653572932,901.387818865997,896.172416446746,882.15706693355,873.730114791243,843.968173626996,850.567429522666,824.621125123532,817.75522549526,808.124579203815,800.468464787114,NA,NA,NA,NA,NA,NA,NA,NA,NA,NA,NA,NA,NA,NA,NA,NA,NA,NA
NA,NA,NA,NA,NA,NA,NA,NA,NA,NA,NA,NA,NA,NA,NA,NA,NA,859.547390275194,883.980490701811,896.207259874348,921.954445729289,922.394541859981,933.407735129724,941.618267633745,937.426706806569,926.125050168649,903.1541428243,874.293058494424,917.213845670759,886.874168216207,915.645294627255,925.987203749986,945.184808118431,934.080906500707,922.293337284836,929.379174614238,985.028151620319,952.053563745342,956.755273483361,965.037228306868,976.385018690033,965.660395791398,948.683298050514,941.828016079354,944.974989478407,957.086210271,989.276971686559,988.078424774023,966.281364479641,972.809977344256,924.290241862382,889.260910879518,906.344238309098,929.070422630198,923.680501926357,910.396837160215,915.525780426642,910.013736160065,903.304771971862,901.431113229583,909.514654885437,903.266177277559,899.988023419412,884.325067482015,878.314640875464,859.493775020896,855.551483481182,822.085219340701,831.052598703795,820.730352343558,810.871898142945,805.541849648197,NA,NA,NA,NA,NA,NA,NA,NA,NA,NA,NA,NA,NA,NA,NA,NA,NA
NA,NA,NA,NA,NA,NA,NA,NA,NA,NA,NA,NA,NA,NA,NA,856.016759532363,875.217538746506,886.838913505637,887.764045228235,904.846998999613,927.766039202285,941.458259038575,936.595263262973,930.204474373302,941.94347854302,925.337776166087,923.646668642418,925.631412779424,920.732107355741,961.769203083567,973.717104707522,976.281209488332,951.454081545228,965.105697826663,965.1582392476,966.281364479641,1005.9762576946,1004.14747982956,1020.1255959381,973.160027900322,979.388458925517,969.227325193198,948.683298050514,961.850296838502,996.531424165533,1012.63033063851,1017.68729268117,995.756233390445,980.619338799949,972.753822917186,919.680710853743,928.111078725404,912.804909047703,920.961909827504,925.484594472756,928.016594341081,906.706181223255,917.348245871439,901.444015462668,902.349837989544,912.601981922332,893.035120272667,901.734439843572,879.91502908195,875.557403473864,893.378419260282,879.359357098199,853.234283427577,826.551537624405,838.208582836675,859.214638087138,834.796363202361,838.525491562421,827.647267862342,NA,NA,NA,NA,NA,NA,NA,NA,NA,NA,NA,NA,NA,NA,NA
NA,NA,NA,NA,NA,NA,NA,NA,NA,NA,NA,NA,NA,NA,926.218661641621,903.119607081573,930.788799589954,903.594888536875,917.196816392207,958.18839483684,958.277915043008,953.021333467415,936.479495764716,971.193087373573,953.330941364645,945.829162689158,958.44305802971,979.388458925517,961.995582805163,977.936221490778,980.321104265414,977.880360780397,996.344679981778,1000.22554508826,1007.87507347907,1011.90770032034,1030.1156267261,1015.32751412199,1011.08111869835,1006.40524377567,984.988686231186,980.122758904652,971.84858252094,1013.03997946774,1027.74023955472,1031.70783159128,1037.36336676304,1031.00278917316,1015.44209958204,998.146698397808,983.933432707721,995.615387586994,941.37349664572,951.651468361393,952.216577354253,954.16852099773,930.38970329642,925.337776166087,919.468973445509,914.690731063421,917.928999712151,906.494137845218,886.70739254841,886.160411272099,878.420878238412,884.245723867502,883.936446004442,862.046982478333,855.505985747854,846.084293347229,851.697447793291,855.277248800898,834.518701617644,840.190647565955,831.038506929733,NA,NA,NA,NA,NA,NA,NA,NA,NA,NA,NA,NA,NA,NA
NA,NA,NA,NA,NA,NA,NA,NA,NA,NA,NA,NA,NA,972.528734252574,964.852108150642,965.660395791398,975,933.424468866817,975,990.580637807947,995.309310012651,1007.86734859408,1013.03997946774,1006.54110695987,1006.35451064823,1017.87067599579,1001.29351259088,995.942903471867,977.944108302728,996.900661376636,995.674100881996,980.400084484557,1006.569922696,1006.73691562083,1011.19514569282,1027.81614372597,1012.61472846684,1007.86734859408,1007.82864600819,1006.57213474931,1011.54035610565,1011.26080789012,1012.7448864697,1003.58449572753,1026.27575782389,1037.29610626599,1046.81048342559,1036.32577291738,1050.31988251004,1044.35981798605,1044.32992871027,1027.86903311532,969.283822644272,977.100774525515,956.882960450232,943.530242826782,937.414381943012,930.053761886914,910.184793782179,919.468973445509,919.306706297181,903.68927071876,879.381634318453,905.883546599672,910.013736160065,869.626356546304,887.904404579036,860.232526704263,831.155360789344,853.348129498492,853.366401547235,854.591539730418,840.301241757466,845.996888087126,854.436918629239,840.964540355079,NA,NA,NA,NA,NA,NA,NA,NA,NA,NA,NA,NA,NA
NA,NA,NA,NA,NA,NA,NA,NA,NA,NA,NA,NA,961.87457186443,1002.83969914144,985.952874773163,1002.40846765699,996.3368687021,985.428036217952,996.666129677476,1026.43861982958,1068.28424789173,1051.57605099215,1050.46388678536,1051.23802195917,1026.46125459285,1020.50546764516,1030.1306488556,1027.76303433016,1009.65436323977,1007.17717664331,985.543738664574,995.740623017556,995.305385941185,1011.64379687427,996.344679981778,1008.26215091318,1001.28820313208,1002.86303115922,1000.76494943611,1005.02640073328,1015.43053896136,1012.42283656583,1025.38851266678,1027.94467025973,1031.88110818128,1037.27694022778,1044.33740851223,1044.32992871027,1079.32751419032,1073.62172288426,1064.05391947432,1044.41567712741,1029.80889628677,1027.74400608695,976.542876105716,945.930201916395,949.649863971413,937.21625571329,941.631528469369,955.24865872714,912.601981922332,909.343597263323,913.012246582434,903.128242323677,893.430765938914,901.413790504918,855.231597027569,840.525800700727,845.946215784432,844.747948090768,863.501791787163,866.367616102571,851.579138799692,850.367567584747,856.052980019368,863.854719242163,819.220065697819,NA,NA,NA,NA,NA,NA,NA,NA,NA,NA,NA,NA
NA,NA,NA,NA,NA,NA,NA,NA,NA,NA,NA,978.158402316953,1006.0868354942,1013.03997946774,1026.30998030403,1038.99135806192,1008.38338441526,1044.74099418176,1037.21366286434,1082.32233175089,1079.78548216496,1077.78654048915,1051.18980208143,1054.78444478197,1049.69275843328,1058.19608407927,1044.07891858011,1039.83171715427,1015.55617493451,990.631758806885,986.154146165801,996.352488822337,995.301461869719,1000.32021246486,1011.18742080783,1015.319855636,1002.66341657199,1012.85892805674,995.613480786409,989.041487631757,1032.81560141906,1021.33491079077,1043.15476096725,1044.03065089106,1044.2170606748,1059.69399159945,1042.99017716921,1081.7483138917,1075.37046018347,1061.24926383956,1049.30915418803,1050.29757688,1030.84452950505,1013.03997946774,992.510958632998,977.080785134365,950.328890437411,958.245400856292,943.791813265428,946.432377450213,934.07708461347,941.532672746868,933.603604631781,964.693117631264,918.064482250086,910.013736160065,873.938490986376,863.138349792565,837.615010211961,873.593000384648,886.944018145868,878.161798239829,878.341439733542,871.514134739551,863.778905246771,864.479120135801,850.367567584747,838.31007568355,NA,NA,NA,NA,NA,NA,NA,NA,NA,NA,NA
NA,NA,NA,NA,NA,NA,NA,NA,NA,NA,NA,995.434545443213,1025.40366997697,1032.06217276622,1068.00046816469,1054.93193219708,1042.05272099663,1036.13525908088,1098.34387988466,1086.56569060504,1070.93669993814,1073.97445668324,1085.02933746734,1052.10392024718,1077.79677855815,1070.14147424649,1049.44922331553,1044.32992871027,1026.99853172128,991.620972280525,989.021754937191,989.791330025286,987.933474671083,987.959051448,999.225740332443,1026.21878758869,1012.42283656583,1015.19702521235,990.940810915551,1007.78221853732,1032.94718769957,1012.43826513838,1035.91746775503,1025.10645807449,1040.66337857852,1050.05938944358,1047.10152950138,1052.71529524485,1073.56734181296,1061.89967536037,1059.85432639645,1051.47003057237,1050.5640064254,999.062060134404,1017.32163760297,979.459931164079,972.480625595705,949.236825397936,955.297679407807,938.700774907581,950.008222260935,925,916.856041044612,973.876221737573,945.551909689519,904.517846447967,903.471598244744,883.802285819772,880.695747690427,868.299125389464,883.883476483184,872.42296900632,901.676512987583,900.880495362196,883.529852353615,873.212459828649,881.19520952713,834.747748469834,NA,NA,NA,NA,NA,NA,NA,NA,NA,NA,NA
NA,NA,NA,NA,NA,NA,NA,NA,NA,NA,1002.91715425909,1030.77640640442,1027.96040828226,1079.35165724615,1068.21814565394,1090.32618349472,1089.17970744094,1068.18272292008,1073.93371229035,1077.06556371012,1093.52486701999,1084.56139903832,1082.28268642328,1082.32233175089,1091.01438001424,1075,1064.60751957825,1049.40459309077,1025,990.604286881564,976.281209488332,995.301461869719,984.367962731363,999.073784382724,1018.01731943962,1021.55571378298,1011.60124127651,1003.36334210641,1002.86303115922,986.534258832322,1011.41049249152,1026.25682388784,1026.25682388784,1051.48704224065,1035.03846907935,1051.48704224065,1047.0195795686,1049.70070985949,1061.7072392761,1073.66895774987,1085.41466730462,1066.31785484378,1033.83928665819,1027.74023955472,1004.05428140116,985.998796332426,990.580637807947,1000,968.76138457872,975.65661986277,958.277915043008,965.983954318083,962.448748725784,960.967759163464,951.072151168098,910.514736803236,915.491671180028,877.888033983803,880.775440910246,871.320454010408,878.755172460993,894.575190106629,900.373171858394,896.172416446746,876.47193205702,867.124979913422,869.689152060787,874.282792136763,855.204408812626,NA,NA,NA,NA,NA,NA,NA,NA,NA,NA
NA,NA,NA,NA,NA,NA,NA,NA,NA,992.912485816591,1039.83171715427,1044.32992871027,1049.40459309077,1073.97445668324,1098.34387988466,1068.00046816469,1075.33421595649,1085.02914288407,1109.69081630224,1080.6800059322,1089.24397759502,1088.79809804944,1092.01648339208,1100.28405423327,1077.70687369863,1077.04021319797,1075.39218335197,1056.30100545764,1030.77640640442,1006.54110695987,999.301886402031,1000.6871444622,1017.69557318433,1015.44209958204,1027.81614372597,1029.88924395735,1028.30416350551,1015.25461118118,1011.31840587595,1000.76494943611,985.233927154329,1001.28820313208,1039.93669049769,1044.03065089106,1037.47508504575,1049.40459309077,1060.96947782885,1044.77498772532,1061.57589120949,1062.42489657323,1063.66106708306,1070.94759373966,1037.36336676304,1029.73568697575,1005.66359181797,977.999905483216,990.223817045791,992.673351112201,965.826219536324,972.528734252574,962.352531412046,973.781207327043,977.886364680879,1000,974.118826046284,931.400570512694,901.734439843572,873.306000926921,860.192654516821,875.181025032294,885.880815476341,905.542826723566,888.104639569179,875.35707000058,878.694624895767,868.964085998312,880.775440910246,878.208403512515,863.133825081603,836.069844781303,NA,NA,NA,NA,NA,NA,NA,NA,NA
NA,NA,NA,NA,NA,NA,NA,NA,1012.99252820112,1026.27961866327,1069.03823487307,1063.13922844575,1103.68700273221,1110.21953043115,1099.40913820427,1098.36517296076,1109.72246154457,1123.67276046829,1114.95515604889,1102.66699450285,1093.78721405252,1084.55059817419,1093.12375457484,1076.1835886917,1076.67365151723,1091.45830979078,1068.00046816469,1044.33736671365,1028.78080354059,1013.03997946774,1006.54110695987,998.029675126344,1010.73337276022,1025.00762081801,1026.30239325144,1010.19363529431,1032.90721568994,1027.93270367507,1026.27575782389,1001.72840377186,1000.40599694248,1035.47608987126,1046.72107077292,1034.91524357177,1025.98267153761,1035.07232272335,1047.1312661354,1059.07780886198,1073.83657974573,1057.52918696494,1051.42656132389,1038.73584039489,1033.6821200396,1028.30417298786,991.211205667278,977.100774525515,985.203024761902,975.49605203313,966.104965258815,989.957382963001,972.528734252574,980.336970021808,995.678005302275,980.565000437839,965.262629448916,950.492742187731,917.877987534291,867.998123794022,850.305682123058,880.732994456686,883.883476483184,891.765177349581,896.346095870813,894.470821636087,887.886571582267,903.188692239178,873.479235245012,886.002257333467,853.548193713496,855.862138431184,831.192480464007,NA,NA,NA,NA,NA,NA,NA,NA
NA,NA,NA,NA,NA,NA,NA,NA,1047.10510914171,1084.55059817419,1092.01648339208,1118.29448802247,1110.43577392913,1142.88779204293,1120.00746056639,1140.34621383905,1123.0677817721,1128.11367947264,1128.30566526744,1123.70742710386,1115.03212686641,1077.80814221742,1079.44558959303,1061.41804394768,1106.79718105893,1106.79718105893,1085.47575982381,1051.72005281559,1030.90493293818,1006.54110695987,1018.85650563944,997.245669039541,995.732814176997,1011.58230695827,1020.36177370757,1032.6467108454,1047.0195795686,1028.68239221281,1028.31532580287,1008.2202838919,1025.30483272049,1030.77640640442,1037.12342563458,1036.0940804374,1023.07701740257,1039.95888916823,1040.43260233424,1042.25374561568,1050.17365110602,1061.37121730656,1043.28012532354,1017.98461646618,1033.06615192411,1007.81320816215,1000.1246890528,998.669437872037,979.188884378088,972.90986903418,989.135770145206,989.292591806795,986.063985453542,980.114789195633,985.150096293329,989.308202179685,980.805096378557,952.483160200635,908.982948134892,901.387818865997,864.270817394251,886.019885713841,903.12391786655,894.575190106629,897.566153550812,900.347155268455,903.603484933514,892.866542124279,877.919070691344,862.046982478333,855.276759103649,873.274990922282,833.319032566288,NA,NA,NA,NA,NA,NA,NA,NA
NA,NA,NA,NA,NA,NA,NA,996.418508886187,1090.21853442945,1080.04337423336,1085.73665391762,1145.66032171119,1151.12035866812,1129.7123527695,1143.85494580607,1149.09770236662,1142.98836055742,1138.90129352202,1152.44305716161,1129.62675407064,1106.80688578972,1098.34387988466,1102.44328032292,1100.28405423327,1092.01648339208,1097.76048192611,1103.85636805704,1063.60236930913,1050.47184828008,1020.30103694015,1021.49504400987,1007.33400130484,1022.4669025753,1018.14718305375,1028.05754862421,1030.1156267261,1028.93970127722,1034.11198317736,1027.35335821263,1001.26871142856,1000.71054172427,1020.17521996222,1027.76302423652,1032.9585050812,1050.29757688,1035.91746775503,1040.5375152956,1054.75115548645,1042.23151536396,1051.50011626212,1033.50133042972,1025,1036.03034611951,1026.21878758869,1032.50360647603,989.210439783076,1011.4964162072,1012.72593659349,1025.00762081801,983.067433073889,982.980162566875,972.753822917186,976.756715797867,965.837731469543,956.882960450232,960.582243556578,915.956306515864,887.94808633499,869.689152060787,886.019885713841,889.110941097824,903.119593409422,900.347155268455,900.347155268455,902.534508388991,895.620174717058,883.799972920798,887.974254508698,868.189294490522,843.968173626996,826.654918615633,826.073538727864,NA,NA,NA,NA,NA,NA,NA
NA,NA,NA,NA,NA,NA,976.874179251124,1006.71473747806,1052.94834371481,1123.61025271221,1116.37510685224,1135.04529146642,1132.4157957262,1140.57225072367,1158.81015938874,1147.59586626329,1152.44305716161,1142.76203281463,1138.55032456639,1131.98518862708,1107.3617295175,1100.36912794574,1107.07949127423,1103.71524447433,1105.80779649648,1100.28405423327,1103.72587996129,1072.26307388094,1044.62912078881,1025.73009606923,1013.29316636593,1012.55368119799,1007.96758870419,1011.97058459775,1039.90554176523,1032.7822798617,1027.94467025973,1051.20836910006,1029.8664962023,1004.98756211209,1011.18742080783,1012.49219128199,1027.74023955472,1036.10144091025,1035.91746775503,1030.40864764583,1029.37902542869,1052.73446928959,1025.06850598887,1028.06505643648,1039.83171715427,995.798850953285,1020.48910917281,1007.78221853732,1027.81614372597,1015.51060557091,1024.02063824744,1025.91422643416,1008.08276064185,1007.91366256058,961.87457186443,973.757188593748,966.069488670405,980.210255283435,964.697166183792,933.205795981546,915.525780426642,878.614931675948,866.796253007928,875.080210087813,894.427190999916,910.150684535564,901.663482882966,900.177917075083,906.36145793468,900.386135202345,880.762079060965,878.208403512515,883.587200066167,874.261747787958,845.23247916943,815.013283142806,803.686804315969,NA,NA,NA,NA,NA,NA
NA,NA,NA,NA,NA,NA,979.618020563846,1008.09807761383,1044.24676370806,1069.32259932184,1125.47437475606,1154.33963806152,1171.85745261734,1167.78489714652,1159.92936053728,1158.12348219005,1163.15782636407,1175.26592735432,1143.91217923499,1138.65981251847,1127.65614884464,1129.4426161317,1107.00530403888,1107.11121077153,1098.46054234498,1104.98598305802,1097.75690918286,1086.68764828109,1081.99750563019,1044.62912078881,1021.42653802101,1021.33491079077,1009.02180353053,1031.10776251658,1012.16661876258,1025.71782898822,1044.45679531978,1044.73818478701,1018.01731943962,1002.80855600658,990.847352355875,1007.79771334973,1025.02285566085,1030.82184177938,1021.42653802101,1028.65581400471,1035.91746775503,1040.73291482493,1045.19547026371,1051.18980208143,1025.08493467868,1012.42993028636,1007.78221853732,1023.46072635573,1043.13230225125,1003.63304364145,1027.74023955472,1018.86863282584,1012.62650082055,986.249029853185,973.717104707522,955.322152129883,957.606119075566,964.855059732365,956.882960450232,917.518240029575,927.736612406874,880.695747690427,870.7037383634,880.872455128872,895.049804998101,915.58534978909,927.264482653335,920.364689700264,917.967012690112,917.059541306607,901.439762143838,890.224690738243,876.427407147905,885.081867651867,843.545084357554,835.462931349878,831.151012965325,NA,NA,NA,NA,NA,NA
NA,NA,NA,NA,NA,996.029349100294,1036.16139991464,1026.40085115972,1028.55456723175,1076.17304748811,1150.27170703273,1155.35427498868,1175.26592735432,1153.52719950593,1176.86022959398,1177.78917536324,1202.44522289016,1201.43763919693,1178.34261843906,1142.69082889554,1123.67276046829,1125.33323061482,1119.53514870816,1114.95515604889,1106.80423881432,1099.26088699611,1096.61409272386,1093.91984004942,1077.0329614269,1053.8619454179,1045.80507126104,1030.77640640442,1022.62388629365,1018.0096598037,1008.28116906275,1046.86992309288,1048.0805037864,1028.55456723175,1015.55617493451,1012.28563572685,996.593346448821,1005.75627690141,1032.65044145606,1027.76303433016,1023.68181005801,1031.91130892682,1040.44573483993,1051.99100526645,1052.76005659218,1021.61638355608,991.620972280525,1011.65042134833,992.391371981614,1011.98663521354,1000.73725132733,1027.81614372597,1017.57336690626,1009.32963121203,1006.26938059147,983.492522200856,986.162067082842,986.382829058399,956.887042019027,965.08559626427,945.818355576692,929.162638829815,921.954445729289,887.961170421844,875.570230162645,883.945260194628,905.986801338682,907.498269294843,921.954445729289,923.515292293028,928.035559663529,934.30177524573,906.116990403093,882.931146051351,875.261505480358,861.187817116912,844.747948090768,834.666727567923,831.549277213898,816.469818743106,NA,NA,NA,NA,NA
NA,NA,NA,NA,NA,1020.11028815516,1028.13949609729,1029.83475380459,1050.63019669073,1075.4500264868,1140.17542509914,1166.24387412035,1153.82599902437,1166.9395625153,1174.6675119713,1183.8176335771,1221.03288277012,1197.73201900768,1183.79497484581,1156.36816614781,1131.92314226718,1123.06082701645,1129.71104413235,1109.90564723992,1125.33317610865,1107.11121077153,1112.61670041298,1096.58560997307,1084.20910740837,1063.60236930913,1055.10656497114,1051.22320387314,1034.51601425102,1030.82184177938,1011.58893143232,1030.77640640442,1031.29415549995,1030.88229817491,1025.41128725495,996.352488822337,1012.42283656583,1026.33272805908,1035.94761670202,1034.50376070964,1030.77640640442,1029.87787007983,1051.99553747722,1056.83005287073,1061.0429757988,1029.62741045666,1007.79771334973,1007.82864600819,1044.32992871027,989.471527149992,1027.81614372597,1015.27374878208,1011.83400580202,1019.81156235447,1007.78221853732,998.224580771245,992.542407059104,970.960812385904,945.05290857179,965.517705067963,957.231496237661,937.414381943012,921.954445729289,896.15226705798,876.463034301807,882.329458696715,894.601206696568,903.594888536875,925.067469144099,915.072923157838,921.954445729289,917.256286758921,892.498270543117,887.764045228235,881.12571371204,863.572873146824,834.639474070375,831.038506929733,843.847454853345,803.50793399941,NA,NA,NA,NA,NA
NA,NA,NA,NA,1000.09727773172,1012.7677353414,1025.48319407031,1054.90297685363,1055.22451472576,1090.15443988486,1126.23475565106,1191.49947702266,1185.24113938329,1186.80206622366,1195.04184027171,1209.75569527676,1213.099907899,1206.49285120137,1180.85321916949,1167.36180517239,1140.20281999794,1120.77588183122,1132.96407954918,1121.28755572884,1123.61025271221,1117.05485151369,1118.03398874989,1107.08654723031,1096.58560997307,1089.20836934229,1075.33421595649,1053.8619454179,1040.76290716776,1032.67691256197,1011.79435459988,1008.09042027776,1017.42934770318,1028.30221385463,1014.81087535826,1001.38151690591,1002.80855600658,1025.3276815922,1002.96374341419,1007.78221853732,1015.51060557091,1025.77323459044,1044.65900152356,1051.54641482009,1035.97390693727,1025.30483272049,1032.81511834663,1037.19113292257,1027.94467025973,1015.46495524289,1042.67610489639,1010.43050704766,995.740623017556,1013.03997946774,994.841199936571,986.470982847443,983.130709058769,957.233958675908,930.057961154532,960.408311525932,958.660704594278,933.490035591592,916.133349814292,903.119593409422,884.66964426222,863.215133768518,884.590300647707,901.431113229583,903.684027753284,905.948336575116,901.734439843572,903.68927071876,901.561129354784,916.856041044612,877.868392835201,853.366401547235,850.404253093611,848.528137423857,831.094759947529,801.72110906503,781.742841819064,NA,NA,NA,NA
NA,NA,NA,NA,1005.90966499521,1050.31988251004,1051.75317341745,1070.17782621235,1091.28396006405,1105.16528476869,1110.3688852829,1182.42335903855,1181.66654911263,1196.34861140054,1202.78011124697,1201.54437142732,1212.69328356349,1192.68604418766,1184.6213906233,1154.29574180086,1152.47016072022,1150.68925938105,1133.97093971057,1134.67681945485,1123.64499639441,1121.28755572884,1128.49069498568,1107.3617295175,1100.22452655392,1084.55059817419,1084.55059817419,1062.15434661143,1044.76339276909,1028.82584241698,1026.87285293388,1013.43390274859,1030.90493293818,1026.37816343405,1040.4663485832,1012.85892805674,1021.42653802101,1033.41120034661,1000.39042537505,1002.80855600658,1010.15269972207,1019.03697086514,1044.32992871027,1044.2170606748,1040.82284017207,1028.26064184691,1038.38868593784,1044.10898746592,1011.51957671616,1015.22362872702,1012.73726565168,1006.57213474931,995.631076453783,992.691101005487,989.965272264836,972.432516938836,995.678083869415,933.532947225385,925.04216669787,967.99131559749,956.882960450232,938.54076631241,930.38970329642,893.744555658856,902.275353319503,892.328414878737,887.764045228235,892.328414878737,897.994512781283,893.378419260282,896.34592152461,903.530311162883,901.846790047972,892.667188077753,886.733808865406,875.35707000058,873.266075082947,853.302408293801,822.187478854977,809.7500628017,779.164823983853,NA,NA,NA,NA
NA,NA,NA,NA,1044.38970726184,1061.00690787768,1100.28405423327,1091.44399764715,1103.13459251075,1120.54674155075,1140.53170585882,1158.16392889715,1201.04121494643,1191.89974410602,1200,1215.9202144207,1209.33866224478,1195.09409399945,1181.67973406375,1167.51498876634,1167.26175299288,1166.32071958719,1142.69413385222,1126.15908431333,1127.40869610411,1126.11056295552,1132.34457268544,1113.33884123346,1107.07949127423,1092.10933005829,1085.41466730462,1073.83657974573,1073.83657974573,1029.5630140987,1026.21878758869,1023.36949577976,1027.76302423652,1021.49504400987,1029.98756877455,1033.6821200396,1031.24211107157,1055.04739230046,1017.90582125553,1001.28820313208,990.63964810872,1005.00310476069,1027.76302423652,1041.9632742848,1044.62912078881,1044.32992871027,1052.09595442264,1017.98281879288,1021.17742522539,1026.27575782389,1020.30103694015,1012.18660464246,991.502823886529,999.198401609324,984.119379441826,984.091402972924,958.18839483684,955.71036987665,950.472313416193,950.353540164526,941.408519188137,922.293337284836,895.377691288506,910.013736160065,883.883476483184,886.70739254841,896.172416446746,893.378419260282,875.383828429263,875.36590404233,875.035685178698,897.566153550812,896.971359422208,888.147933932765,887.764045228235,878.03489728585,856.161278667542,849.264387573151,831.411199651101,813.192004150541,809.817392403582,NA,NA,NA,NA
NA,NA,NA,1035.91746775503,1063.98575790215,1092.52732098933,1120.58503544027,1094.03286002455,1093.38123821321,1136.75448869311,1138.57089545921,1177.52996081858,1179.26750977241,1201.04121494643,1195.07450954993,1200.27988154638,1209.42252777775,1206.54136904406,1188.18708850859,1171.8041645258,1160.02624365743,1135.26403238854,1137.23201364303,1137.23201364303,1130.03567633,1128.48084118049,1108.37999066372,1110.46161572564,1097.16950636444,1097.72492000501,1077.71441010078,1082.04076084126,1063.89457653591,1044.50885654853,1027.32873834891,1011.51957671616,1015.58650974215,1035.07232272335,1014.14546541185,1033.7795251887,1044.39716998173,1019.84217792036,1027.86157910093,1006.57213474931,1002.89410685329,998.940956641003,1017.86306196693,1030.77640640442,1044.45679531978,1051.44128862539,1035.96639587252,1048.67277553831,1047.07920490665,1025.77323459044,1005.66359181797,1012.49209677845,1009.42887926028,1012.42283656583,973.908579494032,954.602335903405,965.198442372387,958.879800155144,941.175921169332,910.514736803236,916.991973450618,892.70569591898,917.196816392207,917.979898989166,903.188692239178,883.529852353615,901.387818865997,893.461189019528,890.303533951294,862.046982478333,867.827747885489,880.735594300336,902.474567551124,893.448269189944,896.189675717187,884.607950106279,853.548193713496,833.928394127026,826.589106834908,816.829607919006,797.368436983573,787.862087869196,NA,NA,NA
NA,NA,NA,1068.18272292008,1073.83657974573,1100.62278963987,1105.59926013339,1123.61025271221,1066.75887655534,1137.22507838752,1154.33963806152,1175.36547020813,1195.04184027171,1196.34861140054,1204.34702347238,1228.2985870224,1217.73621104558,1204.51216449177,1185.32695911297,1179.79364589694,1158.12348219005,1140.73702052464,1129.32779246607,1125.06927381824,1113.51128069849,1110.1872018129,1123.78354403089,1099.5472919796,1083.13777257401,1085.67561186075,1083.1665940263,1089.20836934229,1076.1911696016,1061.24926383956,1037.38030377852,1016.51963089478,1008.08276064185,999.143997208677,1031.12272426403,1025.03046968972,1032.79729873871,1017.83731526666,1005.9840050767,1009.48481967258,1004.98756211209,1011.21830620178,1030.90493293818,1044.32992871027,1042.05299349784,1061.24926383956,1057.25000141735,1050.40891634516,1041.09077676182,1013.84460824717,1015.35709011917,1015.31985678592,997.994242992313,1007.82864600819,990.627913414348,986.237186460453,970.864595072166,942.599186455806,956.882960450232,910.013736160065,925.464074344346,919.238815542512,921.954445729289,908.168408191585,896.241941739206,883.415333882485,885.491398547687,901.387818865997,893.378419260282,878.208403512515,887.991676222499,878.239495314739,883.883476483184,886.134585688872,880.766600307007,884.272187516261,870.7037383634,826.739387381142,820.184449009265,800.390529679106,805.062109405231,780.057832828187,NA,NA,NA
NA,NA,1026.21878758869,1062.1322893124,1080.06475573167,1107.20965658121,1115.09494568643,1114.9831700046,1134.28439484612,1120.83115156866,1156.77353012593,1187.7072155267,1192.25493034418,1191.89974410602,1188.28745649904,1231.92685022237,1204.20157050041,1202.45172496545,1190.48659980924,1178.08377819944,1157.0357356976,1155.79702388289,1159.85564426795,1140.3223547686,1125.38623681989,1123.05387226081,1109.76801020886,1109.61705105861,1086.81618858924,1085.52958731774,1073.54552767919,1076.67365151723,1068.8779163216,1053.36229109419,1054.75115548645,1030.94992911479,1012.49219128199,996.227760101198,1004.14747982956,1035.31939692874,1020.36177370757,1011.18742080783,994.451450579327,1000.64041518236,995.919558360752,1000.3708861087,1022.61626547564,1020.11794549123,1041.98573300079,1051.18980208143,1052.67516357136,1049.53825715066,1033.78676211179,1012.42283656583,1017.71796350995,1029.5630140987,995.46139539953,990.265065734557,980.253746434018,977.880360780397,950.353540164526,928.232470098015,910.665449289625,913.434888602339,922.365226054791,917.903493623221,926.350365682445,912.85528710441,890.408227308557,896.237608976987,901.387818865997,901.740415173848,901.387818865997,875.455024994402,873.212459828649,860.305059163696,867.948885720729,883.918775434,880.695747690427,875.080210087813,851.611005122616,825.392889233207,819.696226355692,805.293678513728,795.808998305406,762.018266291841,760.376116144755,NA,NA
NA,NA,1041.23168455848,1078.48273050615,1074.36606520714,1101.61161357678,1118.12453568418,1135.54927358963,1136.08476017353,1185.59057013794,1169.07671804796,1176.893403024,1198.44489754141,1190.97791533881,1194.07380851984,1207.05780150371,1203.00980038328,1208.0671272672,1192.1185205454,1189.41206165842,1171.537451386,1166.19037896906,1154.13538977159,1142.63948820264,1141.30542773012,1099.34217033197,1099.14739684903,1101.84481541863,1082.08746556919,1079.35165724615,1076.67365151723,1070.14147424649,1075.29065838033,1064.91299129811,1043.48935217317,1040.58981404521,1033.66657718401,1002.87474987867,980.552813736517,999.062060134404,1019.84217792036,995.301461869719,980.481341497955,990.411494399213,990.698658409492,980.433577556379,998.271514946789,1026.85005815845,1020.5616367477,1019.66384185326,1028.68997256404,1026.60613513923,1025.00762081801,1025.09508419696,1007.96758870419,990.643572180186,990.795657567065,990.604286881564,980.163241451062,965.012953280939,941.175921169332,917.877987534291,911.244065894707,909.343597263323,925.455675809108,935.349718501848,922.293337284836,906.502657228908,905.961031638052,910.082210347814,912.414379544733,893.404638553773,865.009624749501,874.128574166466,873.212459828649,863.215133768518,863.323072913648,873.945501082699,880.823948019559,876.480761404687,875.35707000058,845.946215784432,825.407077505456,822.420072439702,790.569415042095,778.284317359942,772.172260574025,NA,NA
NA,NA,1023.2341245765,1057.36382529013,1085.41466730462,1113.83347049727,1125.34708533707,1133.57840487546,1172.18097225094,1185.59057013794,1179.24764150708,1178.08377819944,1200.5207203543,1184.56873276109,1188.70692699503,1207.53816919566,1215.14790921606,1205.63888867783,1205.88607534746,1200.31241534641,1166.72894622474,1152.44305716161,1150.29207543997,1142.36596587959,1130.57643637969,1114.02916273728,1096.88983234385,1098.91757071647,1075.51128033637,1063.88340847686,1073.62536103509,1073.88382551311,1066.14743775338,1070.04672795163,1061.33011831362,1038.68255253358,1030.77640640442,1015.25844099913,992.391371981614,1009.10682935641,984.669496132216,981.265597573408,972.306907236953,970.82439194738,972.432516938836,977.378816062071,998.123238883857,1003.01802762661,1001.24921972504,995.725002897319,1007.78221853732,1000.65210169944,1005.02640073328,1007.34269767425,1025,988.600818817902,995.615387586994,990.643572180186,980.265773119887,957.209485953832,925.363090903996,905.883546599672,910.082210347814,901.392151628217,925.692062412253,928.035559663529,906.323080223105,901.508834594837,905.986801338682,910.244363144626,893.96535980489,869.702580594575,862.074153543415,855.131568824354,864.479120135801,863.142874503527,862.21801553273,863.358933882704,880.775440910246,898.1427318995,857.745809737807,832.165848854662,825,806.351356383594,785.429549747596,763.430640521137,782.623792124926,NA,NA
NA,NA,1031.20470838119,1061.2933967754,1085.79971980264,1106.17374227803,1131.92314226718,1115.26848982927,1132.38174088801,1151.47743696303,1167.13663962949,1184.53577404821,1196.41052097895,1190.23575464957,1198.37016527624,1179.67516575441,1198.62228673306,1209.63438254321,1202.68241247171,1180.97342877573,1175.26592735432,1158.5453951353,1155.96280216969,1132.75107592092,1134.95594628162,1110.29952622944,1096.07751756601,1110.27149818219,1079.64114408446,1078.51169084561,1077.06920565388,1063.71232178052,1076.16216250154,1075.39942052293,1064.51912700734,1050.45682914989,1027.83886141345,1014.57651902979,1011.4964162072,997.25351330693,977.880360780397,957.29096469536,975,970.880652419275,975,982.38385612327,980.806474929175,970.450853919797,970.021035557396,973.717104707522,986.531084844359,990.655396716994,986.699592965932,1006.23835280203,1001.80614807963,991.565446504992,994.039397917669,991.526600752597,976.281209488332,956.882960450232,939.468661363555,901.781970915803,900.138462845344,902.275353319503,910.082210347814,907.433247367282,906.258581072714,896.172416446746,887.19541893519,917.196816392207,891.439904497578,873.417212359271,862.046982478333,862.26340137546,872.13817712562,874.687399799823,865.496149795765,863.86638220946,891.095618114075,887.24892704682,855.340674652708,830.697978807462,822.228606000122,814.06542825256,784.622718599781,781.701959281815,776.611228350453,NA,NA
NA,1011.53500528871,1011.71942034196,1046.9622478296,1065.95028026639,1075.45363733405,1116.5798391921,1142.26809778864,1128.95795939164,1121.14493025037,1163.07762041209,1177.08507691821,1205.48805300617,1184.17907631494,1184.71987329966,1191.94327219477,1175.38180043799,1215.04884347322,1200.30591690581,1165.81213100461,1153.08665990244,1162.19080697935,1147.08859300388,1133.91411912096,1140.17542509914,1120.69621572783,1105.42510985214,1114.95515604889,1082.36274745425,1060.95475869615,1065.95028026639,1063.02927597436,1054.83238184086,1061.56394673721,1061.41804394768,1051.34541450759,1030.77640640442,1031.17502301363,1007.79771334973,990.580637807947,974.538824375153,972.432516938836,965.012953280939,963.589997800769,972.809977344256,978.520603188787,976.599229807189,971.680670699718,951.971638232989,953.257353268637,990.580637807947,995.725002897319,986.534258832322,1000.00781006012,992.47166206396,999.11673912417,999.702885548925,995.725002897319,980.24199508479,950.492742187731,956.882960450232,916.230668692952,908.995832985207,918.906745702773,905.917990920542,896.423817236067,917.315757125634,901.396484390437,887.764045228235,903.495774937383,896.302801507227,896.172416446746,873.257148332933,883.534272655234,884.147069346103,872.352116389741,878.208403512515,876.520608014596,883.538692956854,879.30966117703,862.046982478333,839.519638564492,800.41979086448,801.609651016703,804.304448894893,797.652806677191,779.078276278095,776.816368450806,NA
NA,1030.97571470902,1015.86543206226,1039.83171715427,1068.32872381528,1062.67236577592,1078.6463129805,1141.55051695409,1151.77440227542,1152.44305716161,1168.90704821399,1175.30244284732,1188.56757876527,1186.31175594604,1172.1488246661,1169.07671804796,1181.96903963391,1196.36819585006,1188.11131096603,1167.69360351926,1153.87380818443,1151.78170791487,1136.25034669207,1126.11056295552,1136.33181773635,1132.81648585327,1113.89652568705,1101.13577727726,1085.41466730462,1066.05269145852,1051.61006873351,1051.77523071647,1065.95028026639,1055.10432450733,1057.45855487243,1036.09783861744,1044.32992871027,1037.48214268837,1015.75450934783,995.950547985582,980.150606362773,976.281209488332,972.432516938836,972.753822917186,973.769145408433,973.733140898678,972.432516938836,964.689069078737,970.928782148696,942.60196747826,970.82439194738,972.432516938836,986.162067082842,986.154146165801,992.542407059104,1004.60245417614,995.462348799823,965.206475021845,953.257353268637,975.812844189092,951.41322400215,922.293337284836,939.67643653856,917.196816392207,919.587140834436,925.008444404152,922.152560846209,901.387818865997,870.35723360108,890.290408896524,879.503905800916,885.330733466613,886.70739254841,883.936446004442,873.212459828649,873.248217938603,883.909961243813,887.878092619256,894.601206696568,873.403490739788,872.20972269748,832.690895299713,823.481146514029,794.11900871343,796.723782722654,794.56636455766,784.617741323761,781.844365164474,NA
NA,1035.06486093448,1035.13256822247,1027.77819164034,1037.12342563458,1068.00046816469,1131.24978932344,1145.32677315879,1151.82650506639,1151.8388180077,1187.93321795595,1201.3013776734,1188.8133058775,1186.14886188992,1179.47196430089,1177.55354084331,1174.00880172255,1171.89070859651,1167.42860137274,1159.96949103136,1162.56451083889,1154.40048536313,1140.20281999794,1140.40065180806,1133.57840487546,1140.17542509914,1107.07949127423,1109.63112892111,1090.15443988486,1081.6726043337,1068.00046816469,1055.15432951307,1052.06395666121,1063.60236930913,1055.04739230046,1040.58981404521,1043.13230225125,1039.94417244317,1017.71030387404,1005.60926805594,981.573544274069,973.749177089834,970.82439194738,973.717104707522,973.327475890835,971.837307364164,970.864595072166,961.777324762595,956.915596309897,950.328890437411,946.436414262193,956.972602329349,962.094070244693,980.114789195633,971.278832704761,985.270244924977,976.504254870171,976.321188270633,950.328890437411,941.332470443088,928.248356237235,915.778658576632,919.48396167333,916.881589706854,919.327709919261,919.31517858607,903.465549979633,885.313105086239,882.722850888208,883.883476483184,901.482792545759,905.538513813742,875.071312332599,877.852493303972,894.798255567247,867.935243626269,896.423817236067,906.157794919866,886.739492679632,886.70739254841,863.572118722211,832.681576278452,819.14466246736,816.450879347171,807.019609778019,806.264498485863,798.060012255386,794.128844223182,NA
NA,1014.58182032708,1006.11689201539,1059.48100502085,1068.00046816469,1068.95807559733,1106.79718105893,1132.08830755234,1155.69243313262,1192.5014831662,1206.75183861472,1200.54672818838,1185.91993030908,1172.05635310709,1200.55974054587,1187.88096422821,1171.54411921449,1163.31279657708,1151.64962504144,1163.35964617472,1161.76581558461,1151.95030240719,1153.39474390892,1132.48355466204,1142.70095722407,1131.03515049883,1123.60498168079,1100.90195287744,1096.09159542851,1093.52486701999,1079.87889162084,1051.54641482009,1055.26126672568,1055.08238830341,1047.17206755097,1029.78587803109,1030.88229817491,1030.77640640442,1008.0290786202,1002.83969914144,980.433577556379,978.055496265378,983.961206951797,985.21491377945,989.021754937191,976.281209488332,965.029139343701,972.432516938836,955.411672336051,946.374458664664,928.035559663529,965.029139343701,952.053563745342,961.135176442605,958.310297858498,964.852108150642,951.996245467846,951.355905724654,933.41610199827,933.750776740144,908.168408191585,908.690581558575,914.767291903524,912.414379544733,916.860300736457,903.590464717419,897.566153550812,900.880495362196,890.277283841755,887.764045228235,889.244413075418,893.378419260282,886.002257333467,893.378419260282,890.299037309599,877.852493303972,886.991862940284,896.276784917289,896.302801507227,873.212459828649,866.708399988055,855.960462605391,827.651986490113,831.218962536244,816.241385865725,810.934954296766,818.959808238735,806.264498485863,NA
NA,1035.42395134963,1044.62912078881,1044.6888822583,1095.84419264537,1102.66699450285,1099.54259082903,1127.1627247452,1165.51329680545,1175.26592735432,1195.04184027171,1180.18766588166,1193.99539362596,1175.26592735432,1163.26585228403,1175.42820574431,1171.00384286304,1167.20438729794,1152.44305716161,1151.12035866812,1151.4439372911,1145.0650263195,1133.66785829244,1136.88472430124,1141.89610755905,1147.03419367995,1126.16946048395,1103.12195080831,1086.03380476097,1097.81019143681,1080.91312150311,1068.16090878632,1060.12934657795,1054.21540848657,1062.1322893124,1044.20962967081,1040.73291482493,1030.77640640442,1012.42283656583,996.242942258564,986.534258832322,982.344135219425,989.002022242624,989.116246540803,995.615387586994,988.257643491891,980.114789195633,975.07200901951,958.18839483684,955.24865872714,952.955927627296,968.351163270855,950.328890437411,941.105531260557,955.127713132056,955.411672336051,953.013245904792,937.183072462975,922.039028990209,910.073752244681,900.880495362196,905.54713963339,919.306706297181,912.584990444677,912.452845690174,901.387818865997,901.500212059339,892.328414878737,897.566153550812,892.328414878737,895.524633084179,886.70739254841,880.695747690427,886.011071523654,890.303533951294,881.180745752746,880.695747690427,887.764045228235,880.828410431503,871.464234478506,860.958767886128,855.181699387449,850.367567584747,831.038506929733,832.690895299713,818.172149854455,824.781559668687,831.038506929733,NA
NA,1021.59977609734,1049.31243103258,1044.62912078881,1096.07751756601,1118.7323238059,1117.26453671863,1123.61025271221,1137.15654155442,1147.70669196957,1172.92790841667,1188.48643240047,1170.46999107196,1172.13563971498,1163.11775090617,1171.83371692687,1158.59190087515,1154.43423416473,1133.85404704486,1132.77865019902,1152.52429156089,1147.1465878252,1138.52975367357,1129.50470288858,1134.95594628162,1129.43569980765,1127.49722837797,1113.86151263606,1096.85501296168,1102.55385356,1095.73035004056,1082.13417029713,1063.99610150756,1064.73483430352,1053.88417566961,1035.9926656482,1040.43260233424,1023.13045685116,1012.73912230306,996.242942258564,1005.00310476069,995.461842333177,1001.24921972504,1007.23518436867,1007.29319209403,1000.31635560741,992.47166206396,986.470982847443,980.186423529914,970.82439194738,957.057800906497,950.861087993513,943.276268747259,937.083240699566,941.361193028291,965.198442372387,950.328890437411,936.111435812624,925.337776166087,905.922289118862,883.591662478111,908.479094801439,929.250356877891,908.656275317947,910.013736160065,897.704565284793,903.517374075485,908.639092269312,883.909961243813,883.883476483184,892.328414878737,892.459358345539,893.290321877652,900.347155268455,898.813499856021,886.033093872339,893.50037763333,892.328414878737,901.387818865997,873.328460665532,854.400374531753,863.319338231027,838.548758114123,848.528137423857,838.525491562421,843.858942890231,838.529288753396,814.601219425513,NA
NA,1009.30667298221,1031.32010539889,1064.24108621489,1076.16216250154,1109.61705105861,1109.61705105861,1127.89130695047,1165.38620208067,1171.00384286304,1155.99832471871,1170.94114037032,1166.19037896906,1177.39118393166,1162.19080697935,1162.29137549384,1148.15013339971,1147.00697469545,1136.29148847771,1130.57643637969,1128.08602433134,1128.08602433134,1133.85957760821,1131.96452383238,1117.65997091754,1129.7123527695,1108.67562309921,1103.74709387064,1100.28405423327,1091.5725379553,1079.78548216496,1082.32233175089,1068.95807559733,1073.87293171159,1061.02094896147,1051.54641482009,1041.9632570775,1035.13256822247,1018.13956223574,1005.0224953174,1006.57213474931,1019.80390271856,1015.19702521235,1025.35809712949,1027.76303433016,1019.81539102251,1011.4964162072,1002.80855600658,989.002022242624,986.162067082842,965.660395791398,938.581765943494,939.813719830323,947.307337203069,946.473517259886,945.307802325674,943.39811320566,951.331298489796,930.38970329642,908.639092269312,897.660879809218,903.119593409422,901.387818865997,901.60009095615,900.008678881711,880.996341704575,892.424514917938,907.947602119598,903.149829914476,908.686283360255,887.79480329711,887.878154469498,892.328414878737,892.328414878737,887.974254508698,879.487489140318,878.403249858039,878.208403512515,880.695747690427,863.273655759961,856.910274551886,845.946215784432,822.372671606846,818.91696770796,839.479420182203,827.647267862342,838.572024665825,817.451074638045,NA
NA,1009.84459092248,1051.44128862539,1076.16216250154,1097.15526498904,1085.41466730462,1105.21468640986,1110.68584180405,1153.52719950593,1152.44305716161,1152.44305716161,1133.79809390057,1155.26023998526,1160.77203130025,1155.96280216969,1140.4494727957,1137.86031276548,1123.24107309078,1131.94383304978,1131.97825071054,1132.8405944663,1138.70371937109,1122.79644549598,1118.11071699997,1119.45856092913,1117.62505416474,1113.83347049727,1098.4501810718,1088.78244550299,1075.02905406254,1063.89457653591,1061.62208630611,1060.66017177982,1062.19106814964,1066.02347116777,1066.07448635861,1044.62912078881,1033.1682513299,1023.27893041399,1007.86660438426,1015.48265813038,1015.26619092142,1038.51142503842,1044.10537410799,1032.82730834831,1030.84452950505,1029.59334890634,1013.15539552736,1007.84022626268,998.123238883857,975.032030237208,938.064208843108,930.38970329642,922.432267257897,950.394566367158,957.29096469536,946.374661537385,941.408519188137,937.083240699566,916.932601884715,892.380884281767,901.230754923846,919.918474648705,916.894321464664,901.452659492637,883.989038213129,878.221739340526,902.275353319503,903.119593409422,905.538513813742,900.381837382833,908.651839039385,895.125689498408,885.699876201858,876.498603713044,870.766456400031,877.852493303972,865.760889462616,871.98945811434,863.133825081603,862.603989312509,818.91696770796,813.950625903489,818.172149854455,831.038506929733,840.344482447698,838.15273071201,822.481505240007,NA
NA,984.217633436771,1035.79764504237,1084.55059817419,1085.41466730462,1074.21944139057,1095.73035004056,1086.00456674608,1119.43065886191,1132.77146435392,1119.43065886191,1119.94927801784,1125.15579285863,1140.4973851228,1141.36689675155,1136.59869666033,1118.0689055027,1106.79718105893,1138.62565897872,1130.5419054595,1123.0677817721,1114.9831700046,1115.52944214104,1105.28096912465,1099.26088699611,1120.54674155075,1093.54250381702,1096.76314479204,1079.69175004833,1077.61310311262,1064.71727122578,1059.19172610584,1057.41429912783,1060.66017177982,1057.41429912783,1050.152508151,1054.75485844662,1051.18980208143,1039.83171715427,1026.21878758869,1020.41658159793,1030.77640640442,1041.93329920874,1052.73381629106,1050.29757688,1025.31245014191,1020.23253095128,1030.77640640442,1017.72562084602,995.615387586994,969.13110787946,955.24865872714,919.315052550307,923.806302221169,930.656873494908,942.913405626563,933.407735129724,941.458259038575,928.169864050184,916.919771103171,887.764045228235,892.459358345539,897.566153550812,905.538513813742,903.445949976995,880.960267818378,897.635678593753,904.359290116636,908.639092269312,903.197314774676,910.184793782179,922.628125407396,905.952435241413,886.019885713841,866.641623288125,886.733808865406,867.962365684068,856.295896466121,870.766456400031,863.133825081603,843.540846408563,832.541290267336,823.482667646729,834.415963413932,838.199284464725,826.859830193824,831.51254425649,814.176053105159,NA
906.494137845218,1012.08643126336,1039.84673928377,1068.29148506269,1062.91514174038,1094.61691778112,1082.15723930545,1081.20464021649,1096.58560997307,1096.69206241421,1107.91357877476,1101.48126174655,1113.89652568705,1119.43065886191,1134.54144682864,1123.83877329243,1101.19955791364,1106.79718105893,1106.89915574631,1115.4722875176,1136.36960098329,1106.80353344368,1105.25297205639,1102.89889917321,1109.61705105861,1109.77851763908,1103.68700273221,1097.46122742189,1079.73861610665,1061.24926383956,1053.7465153482,1051.18980208143,1050.32731351402,1051.18980208143,1052.67516357136,1054.75115548645,1057.41429912783,1046.82144683184,1044.03065089106,1040.83031997403,1032.6542777987,1035.01207722422,1055.04739230046,1070.09410109906,1079.38779954426,1061.27680422239,1029.8664962023,1027.74023955472,1007.84022626268,1000.80374015267,964.785862176988,925.464074344346,910.013736160065,896.172416446746,917.18598406567,958.18839483684,952.033029760704,947.557837750364,917.420007803567,901.777717596973,887.319106722221,886.002257333467,897.566153550812,905.883546599672,908.639092269312,905.538513813742,902.275353319503,925,925.363090903996,928.55300484756,934.07708461347,930.427428694336,908.758987177638,912.414379544733,883.883476483184,883.706664418399,884.590300647707,858.291157635292,867.827747885489,857.697559892699,853.348137307064,838.525491562421,824.621125123532,838.15273071201,845.946215784432,828.277957399661,798.827265433523,817.513013062499,771.777572235466
NA,1009.7089053521,1028.95779251229,1030.11111480225,1044.56348686731,1073.54552767919,1095.86548572147,1084.57578682958,1086.56569060504,1095.73035004056,1105.41899109559,1101.51102518084,1091.55115645699,1097.15673619529,1109.61705105861,1100.72056229332,1091.61525100159,1100.28405423327,1096.62832301935,1091.7854428376,1086.15317952323,1083.58086555575,1098.29413182444,1101.20654482453,1099.38757454792,1099.01513365719,1085.52958731774,1074.11132290101,1085.41466730462,1076.24913704112,1064.61853299692,1057.41429912783,1048.0100369699,1054.75115548645,1050.30872969502,1049.4231979745,1044.03065089106,1035.91746775503,1039.83171715427,1044.32992871027,1049.40459309077,1046.78815883086,1063.60236930913,1068.8779163216,1075.31244598336,1055.4815073107,1044.32992871027,1020.11794549123,1009.01883763221,982.40767634343,965.861813514301,930.481887829346,915.491671180028,886.230343137591,887.94808633499,952.012600989165,952.289574004132,946.498166987001,948.903940093203,925.299408463378,886.002257333467,892.354664988276,901.777717596973,901.768029815701,903.321955020497,892.424514917938,902.335826329611,921.224360090708,933.407735129724,930.38970329642,926.350365682445,928.035559663529,903.119593409422,905.825711686358,892.658667352113,884.157583351507,862.603989312509,866.773815085923,848.951418142186,867.827747885489,848.601666945669,851.560874559521,838.15273071201,847.45815563262,843.462612471829,828.212607840696,828.279351519956,794.54678543918,NA
NA,999.062060134404,1035.90278521759,1040.79289951059,1051.60538869635,1067.28478129131,1085.50807676049,1075.42833435211,1066.04522085905,1066.00153496385,1091.55115645699,1084.83009197085,1106.79718105893,1082.39410679945,1092.1307115566,1096.58560997307,1086.56569060504,1086.56569060504,1077.27127965635,1073.89471931462,1059.53252207446,1082.15568085438,1085.51506379371,1089.42937075694,1109.72246154457,1097.78889836071,1085.59043042299,1077.66380413691,1075.31244598336,1076.37187339336,1075.29065838033,1057.41429912783,1060.66017177982,1064.48344280219,1063.08787296157,1061.24926383956,1041.02773879805,1027.14255899316,1028.05754862421,1027.74023955472,1040.58981404521,1051.50189375729,1068.00046816469,1059.54728712814,1051.48704224065,1040.90877795718,1025.0913007643,1012.42283656583,1000.93701226726,976.281209488332,951.314879522022,925.008444404152,903.188692239178,887.126346484191,883.538692956854,950.341215300968,953.176259513703,956.891123587822,950.353540164526,924.089762319001,900.35431949366,887.974254508698,919.635101427461,916.958051523222,916.856041044612,907.55828537946,905.538513813742,925.337776166087,933.779986822673,925.539525140178,923.477222864644,925.350433535042,917.988371278055,903.495774937383,901.517290013966,854.736058865597,853.851391412777,867.863697766463,873.945501082699,859.286897654727,835.613416933645,841.973468012598,848.71684243184,853.865115990751,855.340674652708,834.565234721048,817.389136213591,816.270079624422,NA
NA,986.154146165801,1008.46296500449,1063.60236930913,1049.06918933606,1054.75115548645,1063.60236930913,1068.00046816469,1079.07641746503,1081.75911475583,1070.04672795163,1096.02113452748,1098.81659156732,1095.73035004056,1084.55059817419,1079.35165724615,1068.8779163216,1073.89471931462,1080.45761122577,1075.33421595649,1064.334148043,1059.48100502085,1068.29148506269,1096.58560997307,1086.84467134004,1096.84795700559,1085.67255937302,1081.75911475583,1076.16216250154,1077.61310311262,1063.31582264174,1075.29065838033,1068.8779163216,1068.14637095422,1055.18771178744,1053.8619454179,1051.48704224065,1047.1312661354,1040.23214726197,1044.1840307734,1047.1312661354,1053.94692324742,1054.90297685363,1048.69955319069,1035.01207722422,1025.30483272049,1012.49219128199,998.123238883857,989.002022242624,966.104965258815,937.480057872759,912.414379544733,890.547063305022,879.275269753449,855.619349209415,922.955749953866,950.367226726968,957.22172231487,950.328890437411,936.165572593961,906.462588154758,919.34456492028,910.013736160065,931.936444610988,927.698765763974,930.465154092252,916.856041044612,921.236652588086,941.433389113356,930.225931859286,925.438650653133,925.337776166087,903.629254634143,926.350365682445,883.591662478111,862.123840330456,850.367567584747,851.515145546257,866.386172558173,869.626356546304,851.661135685712,842.146891811626,840.098418541849,840.024179192522,840.636334495735,824.70134239611,817.5173628592,794.512429103535,NA
NA,969.331973529646,978.409903264248,1033.65931214414,1050.29757688,1055.04739230046,1070.19961381538,1076.17304748811,1066.73561048089,1063.60236930913,1085.57971270681,1097.72492000501,1104.39282902563,1101.2886976743,1103.68700273221,1095.79444458515,1084.56139903832,1084.55059817419,1084.83358969804,1089.17255609685,1068.14637095422,1054.3613112761,1063.60236930913,1073.83657974573,1075,1079.64114408446,1076.19843601682,1084.60097548496,1079.64114408446,1076.3141844664,1069.03095269165,1057.82485614328,1070.98419904831,1073.83657974573,1068.00046816469,1054.66866666954,1054.31766557803,1053.8619454179,1043.13230225125,1042.5314217676,1041.93329920874,1044.03065089106,1040.5262945209,1031.02516317362,1018.01731943962,1012.45751392391,995.701554400679,986.470982847443,982.980162566875,958.18839483684,933.407735129724,901.508834594837,887.282041931614,877.923574663633,862.046982478333,916.856041044612,941.478688764822,930.053761886914,930.557041731498,950.328890437411,930.308558122725,916.856041044612,927.702975687718,915.491671180028,914.856859045374,912.52542108223,909.008717835521,937.315526220511,934.07708461347,933.424468866817,928.035559663529,926.350365682445,917.196816392207,903.128242323677,897.566153550812,863.783406909564,850.334371073353,850.202150271078,860.255207401439,866.592745968243,855.149528530212,863.495801958527,843.207992888865,840.461055047907,851.683845110888,849.052222980154,799.172679208826,782.90427109093,NA
NA,955.289516270217,971.449606075838,1012.88167581179,1047.10152950138,1033.52021476465,1068.00046816469,1068.00046816469,1068.18272292008,1061.14982551799,1063.60236930913,1076.16216250154,1063.60236930913,1076.70123143913,1097.73203515275,1085.69394087133,1081.75911475583,1063.13518945402,1079.64114408446,1090.70145470679,1081.58980303276,1070.13419794482,1058.67840201908,1073.58915594672,1076.26701794745,1084.57219990245,1079.69175004833,1081.96143259814,1085.41466730462,1068.99460660554,1073.54552767919,1061.27133947638,1062.4612485391,1073.55280398086,1062.1322893124,1063.60236930913,1060.66753645273,1046.72107077292,1039.85798692995,1047.0195795686,1037.03858515129,1035.01207722422,1027.74023955472,1023.80336455727,996.120086701848,997.862501448659,989.230052658655,977.936221490778,958.18839483684,951.996245467846,930.38970329642,905.538513813742,880.695747690427,866.773815085923,869.849396836545,901.387818865997,928.048180277774,928.094413254352,950.492742187731,925.95771173357,929.045208803102,908.639092269312,926.78191635346,933.731908289915,921.962918018177,912.53394046592,925.041133981209,939.258392072656,952.955927627296,950.353540164526,946.386900190419,925.075888991588,905.538513813742,907.295763755363,900.373171858394,848.426833403844,860.985973250933,862.236466830033,848.574123177879,866.645391157087,853.525530209514,858.428742176489,855.231829950544,863.133825081603,860.604725309969,794.128844223182,770.186624087073,770.252021100998,NA
NA,922.123891507062,965.398468887825,1026.25682388784,1040.61652209532,1044.33366861125,1044.39716998173,1047.5441017835,1066.00153496385,1055.15062655289,1068.00046816469,1054.75115548645,1059.7829155528,1066.36793836025,1068.20451052311,1076.78650287094,1068.29148506269,1102.66699450285,1066.24185083755,1076.16216250154,1082.41574120677,1082.24155381943,1077.61310311262,1076.16216250154,1076.19843601682,1075.39942052293,1082.24304109567,1083.10895112172,1076.22017670166,1072.1615489093,1064.85692837219,1053.8619454179,1065.85639497261,1073.83657974573,1068.00046816469,1060.95475869615,1047.0195795686,1044.32992871027,1040.43260233424,1039.92909904539,1038.00603519957,1017.86306196693,1030.77640640442,1012.61502285556,1005.66359181797,985.21491377945,975,960.484892708285,955.24865872714,930.38970329642,916.919771103171,903.119593409422,886.891965471038,853.39826787016,877.157763802889,903.766203009642,921.954445729289,938.416218956173,926.371430607209,916.91561040706,895.125689498408,908.647688665952,921.954445729289,941.420960713892,922.411231412942,930.38970329642,934.285253529347,952.533404825067,943.530242826782,956.915596309897,955.24865872714,930.38970329642,910.013736160065,903.119593409422,880.933971266622,859.196436223061,850.440938602474,855.304454165703,854.436918629239,873.257148332933,854.793375846882,838.821543462979,831.094759947529,838.525491562421,834.92211965739,800.786801083772,775.423261309778,772.252864505848,NA
NA,863.224149233763,936.173887470407,994.404443163695,992.624068872468,1005.63256402854,1017.23096017615,1026.27961866327,1049.92168695003,1047.0195795686,1039.83922821902,1036.08285107941,1064.57136843625,1057.70936659331,1114.9831700046,1082.06687107334,1078.06603428581,1077.64561984906,1068.00046816469,1088.80219240476,1100.28405423327,1100,1077.7612761591,1075.49689254512,1082.58022381929,1090.15443988486,1081.6653826392,1081.6653826392,1073.97445668324,1068.28424789173,1068.00046816469,1060.95475869615,1062.1322893124,1073.54552767919,1076.30696469948,1055.19507646035,1058.08228020684,1046.72107077292,1044.32992871027,1044.68141953841,1025.93705159817,1009.02180353053,1015.19702521235,1000.2796855202,991.6719038303,976.025908929851,965.893885896613,950.451884644654,946.514585954775,917.196816392207,905.616028275131,887.764045228235,865.754452000155,863.192499116652,863.604100606701,886.803890029054,917.315757125634,931.406215641157,950.353540164526,930.053761886914,915.491671180028,895.186701099718,917.988371278055,931.624045155916,919.734842053143,917.196816392207,921.564630652717,951.971638232989,958.383283823871,954.667585614503,952.955927627296,950.349424784855,925.067371291205,886.790780382308,878.420878238412,848.972914999152,853.302408293801,831.595104463835,831.817144651382,848.156891684589,831.521733446109,828.435031672053,831.057291721453,828.552423467167,832.165848854662,808.115625279282,778.395000948893,764.852927038918,NA
NA,846.348734951779,915.491671180028,946.473517259886,975.332469523205,985.203024761902,1020.30103694015,1044.50142554455,1025.7205443827,1032.65044145606,1027.74023955472,1032.59382140317,1051.72373515204,1051.5686450718,1079.6736677971,1076.78606845718,1077.78654048915,1076.36801080931,1090.28957556577,1095.73035004056,1081.6653826392,1096.69936415567,1079.64114408446,1090.17582138317,1092.87090893507,1084.57219990245,1082.40486207808,1070.22858869818,1075.29065838033,1068.00046816469,1061.3080914763,1062.1322893124,1071.27006714237,1073.89471931462,1074.10443020644,1068.90713661235,1063.01458127346,1063.01458127346,1046.7695084592,1030.98380098775,1009.08366884744,1012.49219128199,1007.78221853732,1006.45475075834,985.2780128275,976.793691825642,965.660395791398,958.245400856292,943.571382636454,917.196816392207,900,886.186845716029,875.35707000058,856.107129343455,873.310647088581,878.341439733542,915.525780426642,937.21625571329,942.810640168139,943.827438025025,930.053761886914,903.291946978188,917.247866370965,906.460028598604,916.890085417681,909.511226997793,930.329330620639,950.328890437411,960.023559063288,937.149842343592,942.626617205375,912.930625674898,939.585166369934,901.774524420463,887.903062169567,873.716593406416,838.812354273361,826.542100368865,827.703750124746,827.094684115604,828.402076289045,828.034191039087,832.165848854662,825.150877889433,831.038506929733,806.399450418222,785.015923405379,761.987532706409,NA
NA,860.232526704263,913.91899616448,944.438886646572,980.114789195633,989.041487631757,1000,1024.02063824744,1039.94417244317,1025.3276815922,1026.92596232969,1040.58981404521,1053.7465153482,1075.37046018347,1077.80814221742,1076.16216250154,1089.59152017453,1098.0473859574,1086.90864969574,1085.41466730462,1080.97058150967,1079.64114408446,1082.28268642328,1085.41466730462,1085.50807676049,1079.35165724615,1069.02359805816,1081.95786030258,1079.64114408446,1077.0329614269,1057.54399781267,1051.48704224065,1070.13419794482,1068.43582314319,1076.67365151723,1063.05127751088,1066.00153496385,1050.31988251004,1047.31375279514,1015.19702521235,1017.71796350995,995.729496237122,1005.00310476069,1006.23835280203,986.154146165801,989.002022242624,965.121755173771,951.971638232989,937.083240699566,903.465549979633,893.378419260282,863.133825081603,867.827747885489,873.212459828649,851.505956499263,873.470394641773,915.729379400527,928.169864050184,934.185562972038,933.503287822781,930.560640100676,929.045208803102,928.386913847274,928.048180277774,916.856041044612,931.226471966413,919.684926171438,941.458259038575,962.158945215544,951.971638232989,932.705820650913,916.881589706854,917.135529010085,908.673458366581,863.133825081603,860.884210540956,852.408776920029,825.454285344161,820.19863510757,825.444852389034,819.503270595834,828.034191039087,820.260067961364,832.564723681668,805.250432504905,800.46355501837,785.015923405379,759.142172378269,NA
NA,NA,910.013736160065,945.05290857179,960.727529523239,995.615387586994,1015.19702521235,1029.87787007983,1026.21878758869,1025.40356250045,1034.2755881619,1039.93666731507,1052.67516357136,1061.65835982138,1093.44638643145,1083.77441880088,1094.8780055712,1113.86151263606,1095.87649494983,1079.64114408446,1076.24913704112,1086.00456674608,1075.88210644039,1075.29065838033,1098.29413182444,1085.56540056318,1079.95052756715,1092.01648339208,1091.44399764715,1078.48273050615,1073.98525717123,1073.54552767919,1076.3141844664,1081.6653826392,1072.73424229634,1061.26030165797,1059.54359664495,1047.0195795686,1036.01532399001,1026.99853172128,1025.0035384725,985.226802796999,990.643572180186,996.900661376636,1000,982.344135219425,970.82439194738,946.539193189633,930.788799589954,896.207259874348,873.212459828649,856.295206152617,857.178592307272,863.192499116652,855.131568824354,862.584054225216,901.387818865997,909.511226997793,917.928999712151,929.045208803102,906.706181223255,913.660161396132,933.657494581622,916.995785027349,928.17779906027,916.856041044612,919.238815542512,933.407735129724,958.374847810448,928.328353333457,927.702975687718,925.367288536061,896.207259874348,877.886936733246,870.7037383634,850.018366478704,832.588157096,834.99139069542,814.59752526635,819.059571643349,820.060973342836,811.373845701556,818.91696770796,818.91696770796,800.762844682264,806.235460389212,806.26928685742,NA,NA
NA,NA,890.224690738243,925.631412779424,933.403877889385,960.468635614927,1011.4534205749,1011.68044584946,1021.678578979,1026.35544574657,1029.29627506519,1051.22693611868,1051.44128862539,1076.16216250154,1096.01551083915,1089.1510455396,1097.46122742189,1085.80769505394,1107.52001706019,1096.58560997307,1091.18248846848,1096.59985134846,1087.59576356043,1085.41466730462,1101.19955791364,1086.70196042471,1083.10895112172,1073.19465816628,1092.6262647902,1098.36517296076,1080.85906542791,1075.02844090808,1085.41466730462,1075.96861686253,1081.6653826392,1057.51017324562,1050.29757688,1054.83240348675,1037.23752704186,1013.224394521,1007.78221853732,986.312084063255,995.615387586994,996.352488822337,989.065136705373,976.281209488332,966.209355460131,946.987167331473,930.557041731498,894.428850742823,868.002552525559,843.35638967165,851.46931829632,855.131568824354,843.35638967165,869.689061892311,884.879853542683,901.46997391221,917.877987534291,901.508834594837,887.24892704682,900.380208656604,905.986801338682,920.961909827504,939.098401302205,939.414711402797,942.913405626563,922.039028990209,925.556258877272,937.337982884157,934.07708461347,913.647877530512,888.0090979363,880.775440910246,856.016759532363,843.605040137204,849.052222980154,834.518701617644,840.386815698581,817.389136213591,806.225774829855,797.954154936138,813.941029804985,815.178851477786,816.360479485796,808.232909786991,800.390529679106,NA,NA
NA,NA,855.240729147655,903.188692239178,930.38970329642,957.209485953832,992.612951484458,1007.78221853732,1027.74023955472,1020.41658159793,1025.48705743756,1063.60236930913,1075.31244598336,1075.00726645951,1078.48273050615,1096.01551083915,1078.48273050615,1104.65231882846,1104.53610171873,1107.14293026884,1092.72604953025,1101.28437012719,1102.57863166198,1097.96596121124,1095.75173153887,1099.14739684903,1092.17342460289,1083.31732728486,1093.54660390429,1084.57219990245,1085.41466730462,1068.13909465255,1075.29065838033,1078.56229680948,1076.24189987016,1053.02240162185,1071.83986281201,1054.90624556669,1029.93966676595,1018.88345500377,1007.88972019334,1012.42283656583,989.002022242624,989.230052658655,995.360193596348,980.118774050142,964.689069078737,937.083240699566,925.337776166087,887.825561365985,878.208403512515,850.440938602474,851.0420353278,847.595756437977,846.019968947758,862.191501613512,854.736058865597,901.387818865997,901.838167512474,883.727603657214,905.555762168888,905.89216913517,919.050428270906,930.473372513959,930.506673335972,955.289516270217,941.381670865473,936.082261342453,948.724437860186,964.697166183792,934.230804325019,921.721882421502,895.633763671094,862.046982478333,840.663878263524,850.045874698482,843.42113532447,853.375403363528,842.655610339258,828.496170603185,794.512429103535,790.618702717863,795.882023644669,802.784714288745,790.569415042095,797.602890756523,743.512471904743,NA,NA
NA,NA,828.094734801488,862.267110484763,903.119593409422,922.156928633229,951.355905724654,973.717104707522,1000.33587040058,1009.02180353053,1009.02180353053,1025.32006756334,1062.98661397659,1078.53699382754,1078.48273050615,1098.36517296076,1079.76001785265,1086.81618858924,1096.84089925021,1110.18016555873,1117.33085193387,1107.98090290921,1103.98268540231,1095.76239731285,1079.71331312471,1105.10180526502,1091.44399764715,1085.44344288713,1085.41466730462,1086.00456674608,1078.04791680938,1075.29065838033,1066.18378971924,1068.00046816469,1074.43990716353,1073.57097996379,1070.04672795163,1052.55927554137,1018.37060908232,1027.74023955472,1006.54110695987,1004.05428140116,991.644509290246,1001.54398871861,1006.24998523319,982.980162566875,976.528032905269,933.407735129724,908.847825818022,892.741209404535,876.427407147905,866.773815085923,862.046982478333,837.092720799735,850.009189189619,854.564334365612,874.794108313386,880.943372183318,905.808601479207,902.275353319503,884.66964426222,921.954445729289,910.150684535564,941.076511235936,925.368682661516,950.500905325321,950.659505970546,951.971638232989,962.035785929949,946.432377450213,941.175921169332,918.127631339215,881.695899665664,866.849956278386,853.302408293801,832.198297231439,841.001326843401,818.716421331272,817.210444058587,826.814055961367,819.002648769509,794.199653255082,783.211648840136,775.959363106382,775.553667449562,770.292617152956,726.807892703384,NA,NA
NA,NA,NA,867.827747885489,883.901147087297,900.381810745217,925.856728293221,926.652012014289,975.352458914356,992.659870512361,1027.77819164034,1026.43861982958,1042.84589579781,1078.49721067588,1076.48091130563,1063.89457653591,1097.72492000501,1095.6391348879,1079.76001785265,1082.19149409982,1099.75047511901,1120.54674155075,1123.7212818261,1102.74451135997,1099.22182695423,1107.0291443894,1083.10895112172,1090.17582138317,1072.69061402881,1076.16216250154,1081.6653826392,1073.86564953017,1076.16216250154,1077.66380413691,1061.27133947638,1073.83657974573,1070.4093247072,1054.03867695223,1017.96365357512,1030.90493293818,1020.11028815516,1025,1026.16430746718,1011.18742080783,1004.98756211209,985.296722582365,937.116541521579,927.698765763974,905.538513813742,880.695747690427,884.590300647707,855.331625230785,874.642784226795,863.138349792565,862.046982478333,877.989923307924,894.444653462378,884.66964426222,887.126286893197,895.783526186343,905.449300342873,930.053761886914,915.491671180028,933.474598285042,925.337776166087,941.076511235936,949.674168696375,934.578100077842,965.344767567549,956.882960450232,946.432377450213,933.207143701012,880.810760972931,862.046982478333,851.515145546257,831.038506929733,825.407077505456,838.562726293875,828.552423467167,821.840348383441,805.091201040846,803.50793399941,800.41979086448,785.154760696297,765.448779139791,751.598821753457,NA,NA,NA
NA,NA,NA,849.264387573151,866.386172558173,851.579138799692,919.918474648705,930.062160422151,937.999087299765,976.874623020232,1016.36265550536,1038.12897339386,1043.13808247734,1049.04842960578,1044.32992871027,1076.16216250154,1081.95425041912,1070.06488470089,1082.27907653982,1083.70611234468,1105.10180526502,1125,1110.00162478214,1091.61525100159,1095.73035004056,1099.14739684903,1095.73035004056,1084.55059817419,1085.50807676049,1089.1510455396,1076.22005895175,1090.01146782958,1084.55059817419,1074.03952151256,1073.83657974573,1077.09092882238,1040.97203137631,1053.8619454179,1033.56173386285,1037.12342563458,1013.20907754901,1029.29627506519,1032.61650912883,1007.89823398803,983.023797820382,951.675246997227,936.107285826381,928.094413254352,903.119593409422,885.675310246817,885.675310246817,868.087264276165,864.479120135801,870.7037383634,874.373958124348,903.128242323677,898.457520260614,890.224690738243,895.125689498408,886.107818168587,873.460261345896,906.123749714181,921.954445729289,919.96937392572,922.293337284836,934.07708461347,910.312253899295,934.210525283203,952.127057148085,920.630576013235,924.830940602965,910.103524662967,886.70739254841,859.746263092876,835.53874835342,828.818353041332,838.199284464725,802.023477000289,835.613416933645,806.385006293913,800.804179470781,778.620575119872,779.078276278095,752.121882151579,745.926152146094,745.931359033472,NA,NA,NA
NA,NA,NA,NA,850.527145803458,866.493845401196,866.386172558173,901.734439843572,951.355905724654,961.769203083567,1026.21878758869,1027.74023955472,1045.67509578086,1032.59382140317,1029.8664962023,1039.95165224513,1062.571807291,1075.80683342353,1073.83657974573,1079.35165724615,1085.41466730462,1109.61705105861,1109.48380717771,1112.98636457346,1100.28405423327,1109.69433442932,1089.1510455396,1085.41466730462,1097.72492000501,1100.63265671241,1095.73035004056,1085.41466730462,1101.13577727726,1080.10746877796,1079.64114408446,1083.10895112172,1059.48100502085,1046.19766692053,1030.77640640442,1030.85574414479,1026.00544612577,1037.18354905425,1036.12029733343,1005.37328759924,980.643149958868,955.24865872714,935.866692365422,926.350365682445,901.439762143838,887.24892704682,903.119593409422,873.29726787424,867.962365684068,870.766456400031,886.70739254841,903.1541428243,894.527262841693,887.556768782157,886.70739254841,883.954074384815,891.770757403001,904.613604457806,903.1541428243,903.531069701577,887.290051138702,906.630070251224,950.3699591323,937.141527467146,941.672597164258,929.279484056929,910.184793782179,877.834476703726,860.570199159785,825.449448535569,822.739423183478,807.774721070176,822.401133043767,835.576082643533,833.195787249945,816.270079624422,811.267025120818,788.2447416739,778.889627496684,776.611228350453,757.967187909267,NA,NA,NA,NA
NA,NA,NA,NA,850,870.820071654329,857.011568660774,884.77842602841,912.804909047703,938.779711672951,978.245732385883,992.507034561532,1033.53909909958,1037.72258658617,1036.0972191191,1068.00046816469,1068.8779163216,1073.83657974573,1089.58802244735,1095.73035004056,1092.10933005829,1099.40913820427,1106.79718105893,1114.95515604889,1110.46161572564,1097.75690918286,1100.28405423327,1106.8112947704,1095.78021428967,1102.55385356,1101.3478091218,1100.28405423327,1079.69897174283,1078.48273050615,1083.10895112172,1098.34387988466,1058.06755290534,1044.19090368111,1040.29358096048,1043.13230225125,1044.69551410239,1044.2170606748,1037.15715719912,1005.06071790002,1000.31245118713,957.209485953832,928.094413254352,926.371430607209,916.91561040706,903.149829914476,887.764045228235,875.080210087813,884.375304799185,869.409099546333,890.224690738243,886.70739254841,910.013736160065,903.525999895134,894.444653462378,890.224690738243,912.030697578664,919.255807020167,903.471523983992,901.846790047972,896.476301720365,929.358396328853,927.190451091462,918.575411888504,937.183072462975,942.50311175576,892.341539933507,826.513762740827,851.619649342098,776.791456760343,784.865108518255,801.014720940592,815.307086206928,814.324873745117,832.541290267336,813.941029804985,775.553667449562,762.14649143359,761.186952202082,743.564368221379,735.372450728553,NA,NA,NA,NA
NA,NA,NA,NA,849.033943122839,867.827747885489,876.427407147905,878.208403512515,926.392495531972,930.38970329642,958.18839483684,1000.31245118713,1011.52865156581,1035.91746775503,1020.6026841889,1049.81522287989,1049.57524940635,1079.78548216496,1085.4154348201,1085.50807676049,1092.01648339208,1102.5821822893,1106.79718105893,1119.63232309981,1109.61705105861,1107.22413837391,1118.03398874989,1097.72492000501,1110.46161572564,1123.61025271221,1102.74451135997,1090.04728107502,1091.61525100159,1096.58560997307,1099.14739684903,1085.41466730462,1061.24926383956,1040.94970678158,1043.16224291273,1035.96639587252,1049.44922331553,1051.19723308541,1034.35116811901,1030.77640640442,1000.18355044685,951.907007533972,941.623306208433,925.692062412253,930.38970329642,909.343597263323,909.343597263323,892.398346744229,887.764045228235,875.080210087813,896.172416446746,884.403253278346,897.566153550812,896.655397815078,888.126286750972,883.892311785241,892.380884281767,903.119593409422,889.627648191024,903.296896151655,883.954074384815,901.565462117004,905.898012834616,875.264655205584,868.246811704545,879.496036651637,873.399542025194,831.031787920427,773.828076523652,768.595748370814,767.105833470265,781.169248441029,797.260935955099,803.512625015144,797.721249752239,809.706737035082,765.116681887033,759.142172378269,756.637297521078,728.44416806686,717.996341086577,NA,NA,NA,NA
NA,NA,NA,NA,NA,854.400374531753,870.820071654329,882.324911037621,921.954445729289,919.967172359227,946.393017438697,962.347117510968,990.580637807947,1020.53878787599,1027.8842668266,1049.40459309077,1055.04739230046,1087.32956115005,1085.41466730462,1089.18686351275,1085.46137203256,1106.79718105893,1114.95515604889,1110.27129941736,1108.815975563,1108.37999066372,1107.3617295175,1119.43065886191,1109.61705105861,1114.95515604889,1108.24236443377,1101.13577727726,1099.14739684903,1105.12652634013,1093.44638643145,1075.54375860344,1062.1322893124,1039.9142145744,1041.1499494325,1051.52784365623,1052.8453096076,1050.30872969502,1050.75484229573,1017.96365357512,1011.91283471072,1002.80855600658,955.334226371109,928.169864050184,931.936444610988,922.030584586057,927.698765763974,922.75167231876,901.491586239691,869.760697632647,894.427190999916,883.802285819772,878.310491382541,883.666465244355,871.796211907886,877.424127270366,883.883476483184,874.68290559026,868.289738967545,866.386172558173,851.46931829632,866.782785735215,866.547814973761,884.879853542683,870.605291811335,848.528137423857,840.024179192522,809.617712334731,799.099252223562,782.623792124926,771.767452021657,782.673640854897,777.444802970272,793.194495443285,806.428252302736,794.659381617925,764.985256113882,794.527167779016,751.664818918645,715.267045246161,NA,NA,NA,NA,NA
NA,NA,NA,NA,NA,846.084293347229,870.7037383634,881.256343833402,906.123749714181,890.5816127199,937.7814835141,982.980162566875,989.002022242624,993.000060139605,1025.03046968972,1028.55456723175,1037.37082948293,1051.3524543117,1088.79809804944,1075.73730424245,1083.18447730195,1082.45894990111,1096.22852561114,1109.61705105861,1119.43065886191,1118.05144712629,1101.2785686522,1123.2033491041,1122.79644549598,1123.67276046829,1123.06082701645,1120.54674155075,1114.98315595547,1113.97340020639,1086.6303244784,1079.97134950157,1075.29065838033,1068.00046816469,1045.10345200182,1055.51712198659,1063.01458127346,1068.00046816469,1051.36376523115,1030.02515302921,1008.28116906275,986.162067082842,937.083240699566,937.766392056077,945.22587681332,944.952452182083,941.076511235936,919.238815542512,919.876449917558,901.439702552844,911.374105089891,887.24892704682,892.073335477722,895.804880693069,867.850185807494,888.466041643326,863.282152268083,870.7037383634,866.529972672359,841.523419520751,854.518915515259,840.663878263524,840.891520750224,867.881628250991,844.02917576792,850.367567584747,816.39395647333,800.506982271056,775.403120963541,761.710204884454,781.124741486033,778.710660349034,775.473518369766,795.769916699266,795.808998305406,797.260935955099,762.772460410057,750.447757688393,735.696948478108,731.030450433988,NA,NA,NA,NA,NA
NA,NA,NA,NA,NA,NA,852.225588951129,869.398238102579,883.962741661373,890.36422983984,934.010876358422,978.458931498984,998.121471129282,1015.19702521235,1019.80390271856,1012.43826513838,1046.09217286236,1037.61908932108,1075.29065838033,1083.10895112172,1091.44399764715,1097.73915030049,1095.93085594536,1104.09712793195,1109.63112892111,1107.3617295175,1118.7497821823,1129.49788586914,1127.54569016371,1123.69009378607,1125,1120.54674155075,1133.57840487546,1132.00572490976,1102.65993674747,1091.44399764715,1071.83821562185,1057.41429912783,1058.45510267338,1060.05721702775,1063.73425798444,1051.48704224065,1032.87974214037,1028.89812921663,1005.20812133151,1007.86734859408,962.589430689459,962.191774696721,941.408519188137,919.677393057921,922.165327168467,907.330129852632,908.870064650937,910.523135338474,901.439762143838,896.172416446746,883.931983592498,894.657403293239,875.142393692261,872.905572452157,875.142393692261,851.560874559521,855.131568824354,831.076076513173,849.319510841231,829.049527980477,832.541290267336,840.024179192522,869.301693005418,840.386815698581,814.137749824303,806.264498485863,794.182779677307,782.623792124926,771.767452021657,761.832064122273,760.458006556069,778.620575119872,778.730635446082,776.208734813001,761.19093285185,764.852927038918,751.269298117804,NA,NA,NA,NA,NA,NA
NA,NA,NA,NA,NA,NA,831.038506929733,837.471376023839,875,878.287743990055,916.974720102585,952.09442128842,989.002022242624,1011.54035610565,1022.76558352899,1035.91746775503,1051.57605099215,1061.24926383956,1073.91648928776,1075.29065838033,1083.1665940263,1101.34407379236,1096.63184052632,1107.11121077153,1113.93848345359,1085.41466730462,1089.22268148591,1106.84298649227,1128.49069498568,1114.00130227361,1120.65807301198,1136.3524358318,1133.74626199821,1114.14039780873,1115.26870785711,1086.90864969574,1075.28302754446,1061.02593394483,1042.29156396705,1050.32731351402,1063.85822457005,1068.39617781558,1029.57818150252,1006.88033648975,991.126692776895,980.423711017341,986.066365650696,965.510591312475,952.114820787047,946.913261814304,930.917362640259,925.256137197866,908.616043176938,881.428697402168,896.172416446746,890.611319851777,874.642784226795,883.711084720019,866.746791167986,860.295998342117,860.557025032372,840.024179192522,851.46931829632,832.541290267336,797.455965291352,797.339175798199,818.997739373622,818.945567848832,824.673140233505,800.390529679106,797.652806677191,776.770871373477,762.322922412837,777.004053062111,778.620575119872,782.673640854897,765.320409594547,767.484990822228,766.45076559775,752.287069536134,756.637297521078,753.813087232492,746.948908098357,NA,NA,NA,NA,NA,NA
NA,NA,NA,NA,NA,NA,NA,806.452322883515,862.073484698809,867.827747885489,893.005335591443,943.39811320566,952.09442128842,1020.53116705798,1031.2569962443,1061.24926383956,1068.00046816469,1068.18272292008,1061.24926383956,1068.58655640175,1078.22129303426,1089.3745536719,1109.61705105861,1115.15762395419,1112.42980068365,1107.3617295175,1085.50807676049,1103.22646068039,1116.35567808831,1125,1125.14234354,1136.33181773635,1135.76724910778,1126.14522959108,1126.11056295552,1104.90446613916,1078.8255877737,1073.87293171159,1051.48704224065,1073.54552767919,1063.60236930913,1083.86849952776,1030.04791943811,1032.59382140317,1015.19702521235,1004.69530911789,1000.62480480947,975.65661986277,950.3699591323,933.750776740144,926.615056773315,933.407735129724,942.64303617315,920.871924503332,906.228448019593,883.538692956854,867.935508616492,866.493887936653,853.366401547235,855.615245454681,870.739599332455,869.671182837334,840.461055047907,814.094028393432,799.387134381486,788.107615735121,803.845853688935,806.57165479268,802.027053778407,770.468012490739,776.721571831459,771.420674878648,760.417105283188,756.683647755655,753.096428618891,762.647129399228,755.431977746629,759.89777484714,753.874937857826,772.860458733317,770.307718495293,764.852927038918,NA,NA,NA,NA,NA,NA,NA
NA,NA,NA,NA,NA,NA,NA,NA,822.748377612236,850.405960917532,875.35707000058,933.49962276897,958.18839483684,1004.98756211209,998.209376865817,1020.88727600332,1061.24926383956,1055.08238830341,1075.39218335197,1070.99147534997,1063.73425798444,1100.34079921644,1118.34084759714,1102.65547343481,1107.3617295175,1106.72615249949,1110.19024291426,1119.53514870816,1130.57643637969,1145.09824905988,1104.35078018128,1114.28571229152,1113.83347049727,1112.39407828675,1132.75077357132,1115.03212686641,1081.67982410061,1078.49986142817,1062.82712167273,1061.79354263,1053.8619454179,1072.83916360852,1064.75362319164,1006.41982353002,1011.28766091795,1020.04026322508,1006.54110695987,985.704849293027,989.045392740391,989.002022242624,933.953758219659,941.420960713892,942.895585048093,886.70739254841,873.549833146643,905.883546599672,862.244713134408,873.212459828649,862.164477695575,862.046982478333,852.408776920029,845.230527523954,838.525491562421,831.038506929733,805.37028507544,778.919296117928,805.120167250604,800.507319172259,790.810032697638,765.10305820391,760.468218211363,752.127077512903,764.863138694212,770.211802924044,749.239059304484,747.910847254407,761.522341908511,759.669163981197,750.227783063361,750,750.447757688393,NA,NA,NA,NA,NA,NA,NA,NA
NA,NA,NA,NA,NA,NA,NA,NA,827.656705117883,853.551283937986,903.304073335983,918.000747262162,934.14796238656,972.313855803195,986.688570835036,1010.47682101416,1037.19113292257,1058.47348589801,1068.00046816469,1069.08179244923,1065.03549899726,1089.20836934229,1099.33864145428,1104.4489502662,1107.3617295175,1118.05144712629,1123.7212818261,1130.14582213573,1107.74898101008,1118.64912623621,1109.76448252055,1097.04484862496,1107.2483407548,1087.32956115005,1120.54674155075,1089.45066383304,1085.7660003562,1075.04636400436,1076.16216250154,1051.74869522138,1059.22121230525,1062.7754412814,1073.83657974573,1044.48282593416,1019.80390271856,1007.96758870419,1006.70357877257,996.242942258564,965.037228306868,976.82726022322,973.81311195478,952.208315576109,903.859881618705,876.745758207418,855.149833064524,848.212158582093,838.525491562421,851.706554536065,855.277248800898,851.023388450824,840.019530006547,832.6535610096,832.732779217142,831.052598703795,813.192004150541,790.73670306492,785.154760696297,768.883984263641,770.362890235796,770.155708559681,738.680174228336,721.726622042405,753.181115339632,730.28204245469,745.856156395517,739.237159521,752.557139172358,767.568634833641,735.650670805076,745.383624055366,737.037632787733,NA,NA,NA,NA,NA,NA,NA,NA
NA,NA,NA,NA,NA,NA,NA,NA,NA,831.272214648954,884.106613525189,913.695064779038,903.463004600302,937.083240699566,982.980162566875,1006.38972988095,1035.91746775503,1059.51048418983,1054.21540848657,1063.6133827278,1073.83657974573,1085.57971270681,1104.59968645761,1107.62853599831,1119.43065886191,1110.46161572564,1123.0249660762,1124.53702757695,1091.5725379553,1101.13577727726,1104.66312545222,1107.07949127423,1107.07949127423,1077.09816599334,1082.21614193901,1090.21850125851,1050.96596149367,1068.00046816469,1075.31244598336,1082.32233175089,1073.83657974573,1076.39347512162,1053.91932826995,1054.7585614068,1008.15079746601,1004.83764621634,1000.80374015267,998.550083542069,1000.75373124683,978.623509240362,975.843522209108,905.204185570023,877.852493303972,886.399633419761,857.791171132159,848.965142720161,831.066690477856,850.395111352537,840.599553864053,838.711009667971,855.131568824354,833.344880659373,838.572024665825,818.91696770796,800.390529679106,795.691523141977,778.78045882701,771.777572235466,771.294695393857,770.146090037468,735.399123149022,713.317086197283,763.216876123687,755.924185226442,732.296612034556,725.495408489863,728.868986855663,744.594044151656,743.522862627391,742.041103982791,NA,NA,NA,NA,NA,NA,NA,NA,NA
NA,NA,NA,NA,NA,NA,NA,NA,NA,NA,846.195615402639,875.570230162645,887.904404579036,914.80438107282,968.754828648152,1000.71054172427,1029.0262625608,1021.62608841575,1040.32294935094,1059.53252207446,1093.52486701999,1107.07949127423,1095.73035004056,1099.38094668501,1113.97340020639,1122.91472545255,1098.40062486783,1086.6464909345,1101.23492797696,1101.13577727726,1076.95575704983,1069.09629599137,1096.09724012316,1078.06603428581,1079.78548216496,1059.92733099963,1061.63622017446,1068.06978140862,1089.29766935616,1082.31153088676,1051.92181409268,1073.83657974573,1068.45531957393,1061.12776821897,1026.21878758869,1009.02180353053,996.227760101198,1003.46075872963,990.272764615416,996.004688417515,953.240894399107,913.485236524293,886.70739254841,868.113935932188,850.440938602474,845.946215784432,850.287571879556,840.567277848086,846.38423859617,829.963040620906,832.545102342488,831.132094237642,839.288803557223,813.998538706504,813.268503444764,799.021668178149,784.617741323761,763.384305526522,765.261393250698,763.216876123687,745.899928925262,728.868986855663,728.776097674965,694.862351138137,709.948722590127,724.463811905582,721.110255092798,743.303437365925,711.951725227608,NA,NA,NA,NA,NA,NA,NA,NA,NA,NA
NA,NA,NA,NA,NA,NA,NA,NA,NA,NA,NA,838.162049733271,848.02378019491,890.3719572867,914.288021845812,952.313857171949,975,1024.57552725837,1036.12777927891,1063.88941082533,1050.31951269848,1062.27899378371,1063.60236930913,1079.48163076935,1037.37082948293,1055.10281245946,1048.15672568397,1050.92914942572,1065.40633280032,1093.59207916687,1089.59360764533,1077.09989376477,1092.06647123517,1081.95425041912,1085.41466730462,1055.04739230046,1077.901653293,1077.71441010078,1064.24108621489,1089.34046027668,1076.65136719002,1068.28424789173,1079.64435733129,1059.52521149132,1036.12029733343,1015.31602696796,1008.38338441526,1004.57792436613,996.37314399431,937.797669576862,909.233990629315,907.713230852782,887.899907937342,856.767467499032,855.969540620164,864.998615693664,862.326119412091,866.773815085923,866.467177157876,819.002648769509,832.672178375327,831.272214648954,822.646428683576,818.91696770796,813.595271428522,803.50793399941,799.435445853447,781.024967590665,770.146090037468,754.018477970438,745.880687738152,745.905307225809,738.246442788208,707.548584904245,722.722507892161,707.106781186548,711.621938028534,702.293006965873,NA,NA,NA,NA,NA,NA,NA,NA,NA,NA,NA
NA,NA,NA,NA,NA,NA,NA,NA,NA,NA,NA,838.343770647846,869.746967961394,896.172416446746,895.324874168533,942.410987384359,975.016015118604,996.484824951331,1018.08586089986,1028.65203057205,1019.80773253651,1061.26030165797,1072.25497795618,1046.67725693099,1006.85956209764,1040.69778423416,1035.40890948181,1050.79130565679,1043.710988409,1058.02779791011,1074.39407055006,1069.54131838283,1076.16216250154,1046.83278905563,1030.7253485269,1025.68302696084,1021.43003602538,1075.43149280937,1089.1510455396,1061.4297674265,1049.87698034842,1048.86628084576,1077.99688596584,1032.78979092645,1044.03065089106,996.870241471869,1007.94697212068,987.691809820741,974.427208924733,948.561134134176,913.40331101194,905.787342747899,863.698084388513,847.541315444633,840.019530006547,846.17584961043,866.390680290796,862.119332597834,854.418654389068,835.70151647579,831.038506929733,835.53874835342,816.611313892326,818.91696770796,805.129924696855,813.941029804985,807.019972115742,781.029967750837,765.398235020227,750,753.237796507079,745.905307225809,721.635053262748,707.990112925315,707.128864480017,709.364698516608,704.006392016436,693.349935759755,NA,NA,NA,NA,NA,NA,NA,NA,NA,NA,NA
NA,NA,NA,NA,NA,NA,NA,NA,NA,NA,NA,NA,887.878154469498,901.387818865997,916.195170427472,922.030584586057,957.110485296928,989.230052658655,996.515910270815,1028.70513996786,1009.74767967266,1039.83171715427,1020.41658159793,1027.76573976924,1029.89934158314,1022.87147634458,1028.39025006296,1011.615534947,1009.10682935641,1036.82509146748,1052.11533538464,1035.8672432197,1051.31418699033,1037.29610626599,1001.24921972504,1000.31245118713,1020.41658159793,1042.25374561568,1061.55824313698,1044.94362840055,1104.79905565319,1061.27133947638,1073.91283261316,1059.31685602495,1051.71637047913,1029.04397695375,1004.39433991244,975.143587249945,966.967977235991,940.8757683036,931.273657521956,887.917514225782,863.577076688764,848.02837478972,850.440938602474,862.370807916375,863.427636879201,855.131568824354,854.367377012707,840.205497445551,846.024569513454,819.040579904397,838.217776449006,799.031599287146,822.703486831419,800.603012260787,799.262618444328,821.23113221672,770.267437786532,766.893082508898,770.252231398087,740.543549810702,705.818409983924,704.017485720532,707.990112925315,704.58114217846,695.128047356047,NA,NA,NA,NA,NA,NA,NA,NA,NA,NA,NA,NA
NA,NA,NA,NA,NA,NA,NA,NA,NA,NA,NA,NA,NA,847.861916085234,922.165327168467,942.403841248538,951.971638232989,982.81823745236,999.459885200664,1013.24735275082,1013.03997946774,1006.57213474931,1001.11959922919,1020.00231113946,1040.01141371463,1029.81973167509,1011.58893143232,1027.74023955472,1008.03675441326,1033.58504220688,1030.77640640442,1013.36944967076,1027.74023955472,1044.03065089106,1005.74872187474,1012.42283656583,1012.42283656583,1015.38039359972,1052.73561593405,1029.5630140987,1051.77523071647,1062.41762027157,1044.18732404078,1031.38318105182,973.378357964551,977.068734714557,1012.42283656583,966.401422443356,955.742442258962,936.955652555525,928.077607073185,875.22208691208,854.663889849918,861.022193737938,870.7037383634,878.350280336782,853.598513813147,877.923574663633,860.232526704263,847.269450624637,855.244169935935,843.559212887267,807.601566762231,815.354877859305,829.38527788438,807.019972115742,811.249036979398,838.544108928148,807.774721070176,762.322922412837,776.611228350453,740.488199755984,729.52760392146,730.154093325512,707.11782627949,700.41179710775,NA,NA,NA,NA,NA,NA,NA,NA,NA,NA,NA,NA,NA
NA,NA,NA,NA,NA,NA,NA,NA,NA,NA,NA,NA,NA,NA,875.428353338378,933.603604631781,949.091539431275,984.88578017961,986.223851641374,1006.26938059147,1011.02548088241,1020.04788050306,992.589414537413,992.091398292283,990.816121862749,981.114676669621,996.364091957743,1005.15028346447,1029.56680762499,1005.14255857948,1003.02558265329,1009.42887926028,1026.99853172128,1025.04948783929,1000.1402317014,1000.41766295137,1012.61502285556,1018.98480829074,1061.27867765793,1068.14637095422,1025.66217605602,1023.16552981937,1027.84245490723,993.415770136669,936.210916344889,901.431113229583,917.929997850764,907.536582965489,922.638810009265,940.376352637237,905.54713963339,895.662137059431,881.452614586948,872.13817712562,876.480761404687,887.764045228235,910.013736160065,876.894864206668,867.827747885489,866.386172558173,855.131568824354,831.057291721453,818.331867638198,820.447917718101,822.561567588922,814.372786548132,809.870103255848,825.378700960959,824.640064519468,797.992712434746,775.403120963541,747.535755207197,735.272058492637,719.993527954393,715.940027529825,NA,NA,NA,NA,NA,NA,NA,NA,NA,NA,NA,NA,NA,NA
NA,NA,NA,NA,NA,NA,NA,NA,NA,NA,NA,NA,NA,NA,NA,919.41660429601,929.045208803102,946.426606328638,995.426736602654,1012.55360706878,1007.90564857876,1007.78221853732,993.555232031739,978.197867706086,966.104965258815,980.114789195633,976.764563940799,992.66768179204,1011.24140330538,1003.39381179613,1007.81320816215,986.624770332522,980.114789195633,1015.61282092341,1006.68815020002,1003.57380391537,987.479613769835,984.795246605863,1042.56667215122,1005.32170325329,996.35043042322,953.915376165678,998.325922658633,966.622520478946,927.732402483129,898.251999712042,886.70739254841,879.298990255238,895.145709103175,889.690909809774,928.06498645894,895.425987511959,901.431113229583,884.587385205865,876.960255249713,883.883476483184,864.61373793438,878.508810693158,876.933130513955,866.48818200269,864.288837085842,831.244288586622,822.419933496415,832.510358027906,819.078511039285,835.650651665099,837.842064614786,831.038506929733,824.621125123532,819.234097962566,779.89279687451,759.387191722024,745.926152146094,710.699239339923,NA,NA,NA,NA,NA,NA,NA,NA,NA,NA,NA,NA,NA,NA,NA
NA,NA,NA,NA,NA,NA,NA,NA,NA,NA,NA,NA,NA,NA,NA,NA,NA,927.698765763974,934.343151550165,976.472515068817,962.418385570104,999.11673912417,978.03168757858,961.995582805163,965.012953280939,980.114789195633,978.365193862923,979.030459763613,990.831741982986,1009.42887926028,1004.12031794855,991.538414018989,977.100774525515,991.628820423457,965.1582392476,970.892602166642,991.932991197215,952.683186716073,982.360035903111,961.769203083567,946.341550226907,972.660606829048,962.043818579408,961.713576582315,930.685893519529,948.790113789933,895.125689498408,912.52542108223,922.771216832418,887.126346484191,916.383142708541,918.378907443472,923.680501926357,900.373171858394,898.134053017789,871.98945811434,867.827747885489,884.245723867502,870.7037383634,853.448398433255,827.255029512294,807.823021469298,832.193975286653,813.459006533505,825.566302395179,831.057088086957,810.079596737294,807.503179902903,831.066690477856,801.56097709407,776.811391174786,759.172972235747,NA,NA,NA,NA,NA,NA,NA,NA,NA,NA,NA,NA,NA,NA,NA,NA,NA
NA,NA,NA,NA,NA,NA,NA,NA,NA,NA,NA,NA,NA,NA,NA,NA,NA,NA,905.538513813742,956.672720347314,952.053563745342,958.489321541435,964.689069078737,972.964391074348,957.15885325433,975.199504064172,958.163497122661,973.781207327043,965.018851371279,972.432516938836,990.698658409492,962.185833410343,972.528734252574,985.657922618816,980.24199508479,980.114789195633,953.7938040078,939.847379112455,961.971236244298,954.335865318325,937.149842343592,918.947451137391,956.882960450232,965.352697763902,939.759640722925,909.04811496258,917.341732892702,903.7147834452,898.056920121847,884.835250714337,922.922888642903,863.035073452045,926.38387127495,906.120264507906,887.869149868467,875.11104345604,846.056749579439,867.827747885489,845.946215784432,834.462673005158,831.038506929733,813.998538706504,797.270732723151,785.253336047833,803.768761394549,817.673714680946,819.02609645989,826.350391561766,824.71564890267,797.280438216485,790.569415042095,NA,NA,NA,NA,NA,NA,NA,NA,NA,NA,NA,NA,NA,NA,NA,NA,NA,NA
NA,NA,NA,NA,NA,NA,NA,NA,NA,NA,NA,NA,NA,NA,NA,NA,NA,NA,NA,881.169504121368,914.076013286474,933.166185217267,952.012600989165,939.687565878662,955.638052057646,981.63886460327,949.504937804203,960.598429619339,955.678255182433,955.492766090985,944.726052917053,939.687565878662,995.481269849377,980.654836475943,980.114789195633,941.332470443088,918.131926837522,945.307802325674,956.944099319623,939.414711402797,951.971638232989,915.525780426642,927.72820321551,934.218840159649,922.000416082164,917.26485784862,917.068084422649,906.42892707878,895.013460913275,895.43486714104,887.216927810738,884.969351668954,909.51811701393,875,886.212880675129,870.953538596576,857.745809737807,850.43174955548,820.335411682509,824.70134239611,812.205564816154,827.647267862342,797.371221788218,794.512429103535,800.481949645381,818.557799199522,804.304448894893,822.486223867777,819.373979722778,805.139445999908,NA,NA,NA,NA,NA,NA,NA,NA,NA,NA,NA,NA,NA,NA,NA,NA,NA,NA,NA
NA,NA,NA,NA,NA,NA,NA,NA,NA,NA,NA,NA,NA,NA,NA,NA,NA,NA,NA,NA,NA,909.508067792721,908.982948134892,916.420768776138,927.871372637496,971.171315966001,957.768182775826,955.309915768845,967.234151434393,943.154558140796,937.455450637901,969.276794442779,960.667024052872,976.281209488332,926.770845264111,930.901475809249,930.053761886914,920.180255364898,928.035559663529,912.737464460267,910.099264971122,928.136306253196,934.252070279032,933.424468866817,919.238815542512,910.013736160065,934.07708461347,910.013736160065,917.194382600908,884.683148291517,880.943372183318,887.117697569935,880.846038811876,884.260654528206,878.208403512515,838.646264015152,845.501951040241,840.755434526725,825.604632522283,816.241385865725,801.391679578735,806.442979076388,806.24514594857,785.516741154172,781.034967911009,784.617741323761,785.125092075053,789.412338813591,NA,NA,NA,NA,NA,NA,NA,NA,NA,NA,NA,NA,NA,NA,NA,NA,NA,NA,NA,NA,NA
NA,NA,NA,NA,NA,NA,NA,NA,NA,NA,NA,NA,NA,NA,NA,NA,NA,NA,NA,NA,NA,NA,887.94808633499,895.497890664949,921.202930294368,937.083240699566,911.193629904909,921.263440400176,925.337776166087,935.349718501848,938.416218956173,966.145168383602,933.71343845919,925.337776166087,918.245568107288,933.407735129724,928.232470098015,901.740415173848,897.994512781283,903.119593409422,921.954445729289,936.12807440643,914.865378429063,933.616046157536,942.403841248538,921.877549273426,939.747306460625,925.38411907405,906.494137845218,893.378419260282,869.466439731916,874.837558058188,856.232113123302,878.020938487565,870.859997498303,853.450774606114,854.568216698675,835.251577381195,838.525491562421,832.541290267336,819.078511039285,811.249036979398,789.382670192347,785.341627837602,776.636345185071,778.720655544998,785.154760696297,NA,NA,NA,NA,NA,NA,NA,NA,NA,NA,NA,NA,NA,NA,NA,NA,NA,NA,NA,NA,NA,NA
NA,NA,NA,NA,NA,NA,NA,NA,NA,NA,NA,NA,NA,NA,NA,NA,NA,NA,NA,NA,NA,NA,NA,NA,908.758987177638,928.369883651644,930.057961154532,928.165663158309,922.051686359163,935.974583090779,920.760766494489,938.117581155426,919.41660429601,927.263049219653,901.56910070108,880.735594300336,895.138773585262,883.883476483184,901.431113229583,893.762018121319,910.312253899295,924.306147790955,918.217815967359,930.465154092252,930.590366187914,933.441166707383,943.934456493235,935.114597144986,901.590581948034,876.804419627162,883.883476483184,878.755172460993,849.264387573151,870.802214509985,855.30566608415,862.191501613512,861.516477864633,869.716009128363,846.975971856213,849.264387573151,836.878414312198,828.100101805104,806.225774829855,784.617741323761,765.342848076261,NA,NA,NA,NA,NA,NA,NA,NA,NA,NA,NA,NA,NA,NA,NA,NA,NA,NA,NA,NA,NA,NA,NA,NA
NA,NA,NA,NA,NA,NA,NA,NA,NA,NA,NA,NA,NA,NA,NA,NA,NA,NA,NA,NA,NA,NA,NA,NA,NA,NA,892.342032605082,889.653638226104,915.216854057385,901.582776536577,903.184555825704,896.03590930725,918.617115887169,875.28515815471,869.653291091732,865.539460518595,848.968623211166,867.095515081047,860.746644834541,880.670147345937,903.603484933514,917.030688410255,917.008405641594,912.478172691224,919.587140834436,942.482334458563,939.954014406429,915.576692006338,892.015195005992,867.863697766463,855.218011495028,862.164477695575,866.422211941356,854.564334365612,843.453409344962,840.631739900925,858.802847577548,870.811144904315,848.914732633323,851.46931829632,826.551537624405,828.467987055062,807.774721070176,NA,NA,NA,NA,NA,NA,NA,NA,NA,NA,NA,NA,NA,NA,NA,NA,NA,NA,NA,NA,NA,NA,NA,NA,NA,NA
NA,NA,NA,NA,NA,NA,NA,NA,NA,NA,NA,NA,NA,NA,NA,NA,NA,NA,NA,NA,NA,NA,NA,NA,NA,NA,NA,NA,NA,868.04676685209,879.30966117703,878.755172460993,873.256885934393,873.640285408941,876.461902818286,854.775111606711,831.038506929733,832.338103441284,832.588157096,838.784762831298,896.172416446746,910.21034244442,917.196816392207,908.253937002642,892.354664988276,917.912008234497,930.406001222754,905.542826723566,896.423817236067,886.70739254841,872.885187185532,838.282822186001,843.968173626996,851.760930965952,859.7235823957,855.862138431184,863.322849146998,840.525800700727,851.46931829632,853.302408293801,NA,NA,NA,NA,NA,NA,NA,NA,NA,NA,NA,NA,NA,NA,NA,NA,NA,NA,NA,NA,NA,NA,NA,NA,NA,NA,NA,NA,NA
NA,NA,NA,NA,NA,NA,NA,NA,NA,NA,NA,NA,NA,NA,NA,NA,NA,NA,NA,NA,NA,NA,NA,NA,NA,NA,NA,NA,NA,NA,NA,859.142013871979,869.639823819018,830.523423452919,855.960462605391,849.751165440631,832.193918324335,816.270079624422,818.945567848832,840.386815698581,850.128289220609,872.13817712562,879.65406778461,878.341439733542,911.675089444915,901.603466798349,905.977579205774,890.503768941437,855.507405790116,855.978618634937,858.99954376006,855.181699387449,855.636045399918,869.684650110047,871.465745296614,863.707359386965,853.302408293801,837.976849764411,NA,NA,NA,NA,NA,NA,NA,NA,NA,NA,NA,NA,NA,NA,NA,NA,NA,NA,NA,NA,NA,NA,NA,NA,NA,NA,NA,NA,NA,NA,NA
NA,NA,NA,NA,NA,NA,NA,NA,NA,NA,NA,NA,NA,NA,NA,NA,NA,NA,NA,NA,NA,NA,NA,NA,NA,NA,NA,NA,NA,NA,NA,NA,NA,NA,NA,819.955564530063,805.024077047769,783.062856997178,805.062109405231,828.02475808396,807.895228878226,840.227712235654,855.556734031885,898.882047234788,896.423817236067,881.459938984852,872.218649447494,860.958767886128,853.521022648414,867.300781485706,853.302408293801,863.588492391787,855.204408812626,855.412933917699,NA,NA,NA,NA,NA,NA,NA,NA,NA,NA,NA,NA,NA,NA,NA,NA,NA,NA,NA,NA,NA,NA,NA,NA,NA,NA,NA,NA,NA,NA,NA,NA,NA,NA,NA
NA,NA,NA,NA,NA,NA,NA,NA,NA,NA,NA,NA,NA,NA,NA,NA,NA,NA,NA,NA,NA,NA,NA,NA,NA,NA,NA,NA,NA,NA,NA,NA,NA,NA,NA,NA,NA,NA,NA,NA,NA,NA,NA,NA,850.425920547004,NA,NA,NA,NA,NA,NA,NA,NA,NA,NA,NA,NA,NA,NA,NA,NA,NA,NA,NA,NA,NA,NA,NA,NA,NA,NA,NA,NA,NA,NA,NA,NA,NA,NA,NA,NA,NA,NA,NA,NA,NA,NA,NA,NA
