"V1","V2","V3","V4","V5","V6","V7","V8","V9","V10","V11","V12","V13","V14","V15","V16","V17","V18","V19","V20","V21","V22","V23","V24","V25","V26","V27","V28","V29","V30","V31","V32","V33","V34","V35","V36","V37","V38","V39","V40","V41","V42","V43","V44","V45","V46","V47","V48","V49","V50","V51","V52","V53","V54","V55","V56","V57","V58","V59","V60","V61","V62","V63","V64","V65","V66","V67","V68","V69","V70","V71","V72","V73","V74","V75","V76","V77","V78","V79","V80","V81","V82","V83","V84","V85","V86","V87","V88","V89"
NA,NA,NA,NA,NA,NA,NA,NA,NA,NA,NA,NA,NA,NA,NA,NA,NA,NA,NA,NA,NA,NA,NA,NA,NA,NA,NA,NA,NA,NA,NA,NA,NA,NA,NA,NA,NA,NA,NA,NA,NA,NA,NA,NA,225.189508512397,NA,NA,NA,NA,NA,NA,NA,NA,NA,NA,NA,NA,NA,NA,NA,NA,NA,NA,NA,NA,NA,NA,NA,NA,NA,NA,NA,NA,NA,NA,NA,NA,NA,NA,NA,NA,NA,NA,NA,NA,NA,NA,NA,NA
NA,NA,NA,NA,NA,NA,NA,NA,NA,NA,NA,NA,NA,NA,NA,NA,NA,NA,NA,NA,NA,NA,NA,NA,NA,NA,NA,NA,NA,NA,NA,NA,NA,NA,NA,187.113946984844,189.368256800037,191.975689223937,196.924859347515,200.337453954554,203.222491667754,206.627655762768,212.098114779856,213.586108095775,221.144756145503,223.519900512809,219.842583460237,220.233233476561,220.503750264417,215.117187773945,216.227573282601,215.332641303349,211.32992613659,209.344599737466,NA,NA,NA,NA,NA,NA,NA,NA,NA,NA,NA,NA,NA,NA,NA,NA,NA,NA,NA,NA,NA,NA,NA,NA,NA,NA,NA,NA,NA,NA,NA,NA,NA,NA,NA
NA,NA,NA,NA,NA,NA,NA,NA,NA,NA,NA,NA,NA,NA,NA,NA,NA,NA,NA,NA,NA,NA,NA,NA,NA,NA,NA,NA,NA,NA,NA,173.629756209213,174.479469526126,180.94953932399,181.046324856409,185.545668794255,189.442428393768,188.686401246538,192.8450384265,197.002300138712,199.556358219669,201.149748267606,207.089375462606,209.772691376421,217.335757019064,219.292686534592,218.607100080123,220.676286331069,217.507191150966,216.364021552788,213.188453844293,211.983627182554,207.850598524796,210.061772134614,208.475640742026,203.618386458316,203.732324719619,199.360494336406,NA,NA,NA,NA,NA,NA,NA,NA,NA,NA,NA,NA,NA,NA,NA,NA,NA,NA,NA,NA,NA,NA,NA,NA,NA,NA,NA,NA,NA,NA,NA
NA,NA,NA,NA,NA,NA,NA,NA,NA,NA,NA,NA,NA,NA,NA,NA,NA,NA,NA,NA,NA,NA,NA,NA,NA,NA,NA,NA,NA,171.068334181421,173.297986456849,173.991035416786,177.771796839867,179.354548609158,180.072150404215,180.338008559159,183.627501568843,186.422884671053,190.060784121316,193.603964532837,194.993199424723,197.906970824309,201.401831911931,210.967975846535,215.899899737716,213.996077822436,216.761794881589,214.968859488784,213.523372367245,212.973624446628,213.392168032352,210.443688025281,207.992772872821,207.955640165266,202.030107131659,200.986499633554,203.665195784188,201.828133419599,200.956747579749,201.35884050527,NA,NA,NA,NA,NA,NA,NA,NA,NA,NA,NA,NA,NA,NA,NA,NA,NA,NA,NA,NA,NA,NA,NA,NA,NA,NA,NA,NA,NA
NA,NA,NA,NA,NA,NA,NA,NA,NA,NA,NA,NA,NA,NA,NA,NA,NA,NA,NA,NA,NA,NA,NA,NA,NA,NA,166.22689510153,172.289440701166,172.937650042453,173.068819117147,173.996601955447,173.196535253299,174.393026669651,176.201206292516,178.612441095179,178.888307835001,185.23731899136,187.979351131502,188.645503033129,191.673939252711,195.346545270117,197.657095486838,202.12800021153,209.393478409527,214.874745714917,211.793414145129,216.240861348643,213.630157832917,214.370393191229,213.690086676248,212.155176517248,210.843462355238,208.469816372714,206.507289114576,202.503279832743,202.432288385911,203.226982876314,206.944648644813,203.566436413281,201.191336165213,198.667865441013,200.277697696005,197.991871807415,NA,NA,NA,NA,NA,NA,NA,NA,NA,NA,NA,NA,NA,NA,NA,NA,NA,NA,NA,NA,NA,NA,NA,NA,NA,NA
NA,NA,NA,NA,NA,NA,NA,NA,NA,NA,NA,NA,NA,NA,NA,NA,NA,NA,NA,NA,NA,NA,NA,NA,164.396241337479,169.812418159622,170.004741260841,171.56824108323,174.100085804004,175.300096424788,173.944296516636,172.932742441366,172.613635349246,174.39111216934,176.319989429376,179.943500056125,182.552862873597,181.353153543952,187.028614004885,190.140678691419,193.902953140365,196.215447994482,200.718663044597,208.003532612165,209.758242416789,216.748836866564,215.463881984462,215.129249516938,214.019233514082,216.390892126683,211.045328204042,210.012328877948,205.357175563689,204.787907306193,201.626775221285,205.549474737951,203.560272603308,205.521229185725,201.98526820696,201.974268685866,200.585736230118,201.697772070949,197.949369096366,198.550930859834,198.12724824582,NA,NA,NA,NA,NA,NA,NA,NA,NA,NA,NA,NA,NA,NA,NA,NA,NA,NA,NA,NA,NA,NA,NA,NA
NA,NA,NA,NA,NA,NA,NA,NA,NA,NA,NA,NA,NA,NA,NA,NA,NA,NA,NA,NA,NA,NA,165.35014918201,168.281462865837,169.922192869904,170.902182113935,173.222966066481,172.034572716833,177.271816978269,176.411659649953,176.894001910776,173.600856663122,174.643441506749,174.939967786876,176.539051555425,180.297857343149,182.829836296192,180.295036220282,182.914084856887,190.483380778171,194.5007472557,194.95111986094,198.658628038187,205.561471161009,210.138081185232,214.526348597896,216.936832925051,214.570323860286,213.323500976625,212.097346506347,207.710842846759,209.764026854679,207.871300363073,207.525640151834,204.831737234564,207.667612499323,205.364432775389,206.177704120055,205.156303551049,206.284109868829,203.663848765652,203.407039060035,202.067004023371,199.247275729112,194.387850363555,197.57154721799,192.940431445333,NA,NA,NA,NA,NA,NA,NA,NA,NA,NA,NA,NA,NA,NA,NA,NA,NA,NA,NA,NA,NA,NA
NA,NA,NA,NA,NA,NA,NA,NA,NA,NA,NA,NA,NA,NA,NA,NA,NA,NA,NA,NA,NA,169.243764345798,169.45795076825,169.737314905051,171.434271310211,172.980456071834,176.442696264011,174.799103574689,174.379329284278,174.03493433505,172.911678590701,175.603230405154,176.50847357209,175.324266379471,176.683908615972,174.220582081686,174.988932570085,178.842837224273,179.663042098349,187.046787698096,191.122729894152,193.326869181008,199.69839989972,205.384163141449,208.404427121833,212.498782698164,214.77975790603,215.870579587508,216.795201891781,215.149227864888,212.508634906341,211.663496734892,207.7403250581,208.42602009454,206.247969365736,207.965414084172,206.28716425258,209.036187176981,208.092614476708,207.891869137551,204.894407518095,205.764491678699,203.119905779437,201.864668377636,203.802485101612,202.753392519835,197.307759759929,193.722298213343,NA,NA,NA,NA,NA,NA,NA,NA,NA,NA,NA,NA,NA,NA,NA,NA,NA,NA,NA,NA,NA
NA,NA,NA,NA,NA,NA,NA,NA,NA,NA,NA,NA,NA,NA,NA,NA,NA,NA,NA,164.188226860988,170.502647464085,168.749297245866,170.154409290585,171.526138401691,171.348151450476,172.750020171954,173.392692963256,172.252864787948,172.883960876989,172.419153855499,171.998327006514,172.555125426845,174.779028213909,175.40521546306,174.059765854232,173.623110299886,174.063446768604,175.21874316605,180.83855700417,186.935370539184,188.528825547261,193.976186637588,199.927202611586,205.890161335891,209.61133627449,212.137159389408,213.301544628352,215.216150627587,213.915150881255,211.326493777959,212.733729253487,212.94600460115,216.490739515897,212.074165081013,209.885837326889,209.871123969987,210.461983978338,211.957881354737,213.494326507489,209.454644472634,207.495794697418,208.490125416761,206.702363303652,206.171955616528,203.568216458954,198.886739526084,199.892835092065,190.838910248756,186.446660540491,176.945262171415,NA,NA,NA,NA,NA,NA,NA,NA,NA,NA,NA,NA,NA,NA,NA,NA,NA,NA,NA
NA,NA,NA,NA,NA,NA,NA,NA,NA,NA,NA,NA,NA,NA,NA,NA,NA,NA,163.424349433839,169.315914919013,171.764020913942,171.102004316463,170.537918025516,172.993270738526,172.065014173509,175.623850977833,174.711689047866,172.498890566398,170.946758035983,172.159399785142,171.660212558991,173.296769311768,173.033388597395,173.825711335321,173.608567976202,174.338333523877,177.442411467181,175.611150754805,179.612408004426,186.31647214082,187.916446191231,193.858825169129,200.736378419768,204.422169272974,206.799416964823,210.141392306822,212.479999410976,215.101655249949,213.397880051018,213.545920387316,210.612795262554,213.720191512711,215.161017416457,213.163448048181,209.261981561702,209.120367479502,208.411635095005,210.987599014849,209.955892214496,209.796563275942,208.126186594455,209.747745072589,209.977244932243,206.620569699452,203.180221304707,202.487789443188,199.91353106538,196.579798464657,187.048446195145,181.929369836374,176.732563688342,NA,NA,NA,NA,NA,NA,NA,NA,NA,NA,NA,NA,NA,NA,NA,NA,NA,NA
NA,NA,NA,NA,NA,NA,NA,NA,NA,NA,NA,NA,NA,NA,NA,NA,NA,167.139882462406,167.445566459467,172.435819738971,172.906016524119,172.031018715344,169.745093198685,171.055352666741,171.767957028679,173.450861119731,173.683863510791,170.944314597651,171.55081150594,171.740739503179,172.727618076767,171.873757853468,172.235933043619,171.96001927693,173.436374689,173.5727568884,173.063401861578,174.77300410198,175.093382712462,179.994966310648,186.136529035381,190.905276682939,192.958068826699,203.909951422577,207.289056095219,204.505617112153,207.714883867794,209.711172006873,212.706962064939,216.12258896929,213.650853773821,212.427339857427,214.6972615019,211.556733260602,212.06754170311,210.095368598006,210.576022094509,209.492585731974,209.763633209679,210.68127732969,207.248339617215,210.616933248553,210.949936394596,208.080536074972,203.17042145544,204.979354423781,197.606630666403,194.136677138252,187.14780511759,177.138625077897,176.473912480379,170.180487143768,NA,NA,NA,NA,NA,NA,NA,NA,NA,NA,NA,NA,NA,NA,NA,NA,NA
NA,NA,NA,NA,NA,NA,NA,NA,NA,NA,NA,NA,NA,NA,NA,164.730489608267,166.051475596863,167.333193277747,169.419248775323,169.21403357222,170.65196853645,171.13098384581,169.920321086789,169.566142469408,170.401894695835,170.60821614399,172.122330003412,177.072439888186,176.438493463697,172.063227112165,171.763317295622,173.052209695872,174.260136761783,170.75100375723,171.783144615502,170.096539369972,172.489704833962,175.56452617581,177.456604203068,182.965446534875,185.497475081144,188.387783442539,191.537989543162,197.709281504609,201.557639222131,199.885907144117,208.218849016729,206.126317829266,206.771752963925,203.694343742604,207.26883469534,210.110167087042,211.89779936965,211.745119330996,209.88549850451,209.684778685172,206.50888931818,208.960293064376,206.631438163133,205.827199544966,206.862136802561,205.815182149001,214.184477616856,213.146789392969,204.205565874542,201.120370958381,199.96352173783,194.519626469367,187.736548247455,180.844567655184,176.944350501945,172.664442613423,166.96814408711,165.610328480258,NA,NA,NA,NA,NA,NA,NA,NA,NA,NA,NA,NA,NA,NA,NA
NA,NA,NA,NA,NA,NA,NA,NA,NA,NA,NA,NA,NA,NA,165.765942016999,165.449645453521,165.910140120149,163.843654000636,166.888467517929,166.773615357934,169.947390193017,172.475763922345,170.142761977329,171.397176269032,173.679434336279,175.306826032491,179.665927103785,183.014432065483,183.331955267298,179.197260138951,178.699957853842,175.030415477568,174.174098452978,174.022900403581,173.782259310185,174.078345777695,174.533382499034,170.501395768436,174.754754560963,180.716466125122,184.704867597786,186.85138576607,192.622324836808,202.219336423138,199.915479716018,202.620787639968,205.049698700412,200.582267156343,204.593344150199,201.696802921138,204.55052569113,208.38746471364,209.744889897296,209.081089406932,211.217139979859,206.80359046426,206.579229497549,208.850802019399,207.234385928104,204.769908573297,209.331367057627,210.932281985867,212.135116242942,209.466051082779,205.684826150587,201.109001826655,199.507215908425,194.634809845045,188.662397506109,180.635517366739,177.030964873773,172.299168828045,167.939489803788,167.939092504088,164.598577351433,NA,NA,NA,NA,NA,NA,NA,NA,NA,NA,NA,NA,NA,NA
NA,NA,NA,NA,NA,NA,NA,NA,NA,NA,NA,NA,NA,165.766080982547,168.205277487267,168.600132624703,168.874832547688,169.207535028321,171.601258789591,171.226823043257,174.636435293357,177.392308904144,172.826343305359,174.060315165342,176.252142565073,180.76499463826,180.087640894209,180.917262204409,183.373850338393,184.713123903073,183.611138533678,181.925095383942,184.730739889864,183.495230050577,177.652740470025,179.387010194508,174.23587931489,168.442493159693,170.283537032998,177.76819967801,185.322139223157,190.775665987215,191.782364519462,200.395901174143,206.991368274946,209.285658745263,208.008268183336,206.278095666794,205.429277414022,199.046082087335,200.431595610661,200.299709574443,204.754991472843,204.690786228809,204.108715548056,204.42190500527,203.02285749344,205.480617058146,207.06597547012,206.685246319357,207.083236144683,210.153132699797,210.811261496667,207.310133674095,205.188570719457,205.692113684437,200.771196719845,196.849740900061,188.548353547016,187.745605685582,174.152427521383,173.493436082025,172.873501134505,170.326822916557,167.894812912835,164.494803472295,NA,NA,NA,NA,NA,NA,NA,NA,NA,NA,NA,NA,NA
NA,NA,NA,NA,NA,NA,NA,NA,NA,NA,NA,NA,172.335409198583,169.993932164097,169.76888590078,171.599919533222,170.605997738035,170.854918425341,173.506287035292,172.7290408331,174.835518136595,177.608944616032,177.277350913083,185.37868673345,183.758821527895,181.022648709518,183.40064248139,183.191276191068,180.81232814271,182.829490578248,182.743253003507,187.45387814599,185.620948690471,184.847027997397,186.15901243062,184.441945046859,176.351860682241,176.381706839575,182.186272909511,182.954475889088,183.112821409098,189.671996244644,191.908577052722,203.923511293765,207.10559875215,207.68982295321,207.288305886237,203.899235631254,201.355721006529,199.319623626117,199.005631209114,198.719691395495,198.536719047213,203.89454937538,206.700227432623,205.411893724682,204.789635688153,205.510176708027,203.82539101882,203.474416615167,202.835296067988,204.398381691253,202.446540061271,204.277506207788,206.96353618788,204.540525966435,201.47173078287,194.096937634039,192.212115026635,185.296125307493,182.575581523287,176.909171943603,176.211309574747,176.204943083333,169.225097766374,166.796906149337,166.865649066751,NA,NA,NA,NA,NA,NA,NA,NA,NA,NA,NA,NA
NA,NA,NA,NA,NA,NA,NA,NA,NA,NA,NA,177.811095339285,178.810335025589,178.530256025629,172.727871403108,170.989989425739,170.193883124835,169.935849463686,173.618827769284,175.950144790711,181.331704154328,181.477642552626,187.464317719015,188.209727992964,187.065947311206,183.999085177322,184.90042435075,184.845354164376,186.729660208334,184.678175555119,187.444839590535,187.210660615379,189.927532364791,196.315121165283,191.029306749294,189.945524892928,185.251296373643,184.069059537664,178.327410785316,176.276688193104,181.425725129379,185.89804270737,193.774706896524,198.944867819911,201.696782139627,191.373815997452,193.634435521085,199.694445480235,203.516432514729,202.633484050432,204.028410713414,201.065623645301,203.348800061846,208.567653826784,210.859234790091,208.267310720141,208.281103010467,207.68588728831,204.593974474911,205.763623532003,205.393275886966,204.45885949229,205.436127344099,208.495611718854,201.943917024642,203.156739551009,194.882153539691,191.009120188054,190.315748794701,186.77830931421,177.908931321301,175.031565731569,174.160640956018,178.58535623518,178.763967339732,175.263927419429,166.055940301482,164.756540124524,NA,NA,NA,NA,NA,NA,NA,NA,NA,NA,NA
NA,NA,NA,NA,NA,NA,NA,NA,NA,NA,NA,181.174432583217,180.980991188504,180.832499142411,178.109998031335,178.958600361781,175.647653576872,179.222429067877,177.248728268536,187.897740266965,194.098994941888,193.771881888072,190.673811667824,191.46696161118,188.773053057056,192.456889929592,192.958636463192,195.017438306725,203.599946753114,200.549293213564,204.345544388709,198.845509646432,200.351508857402,202.949703654867,199.49955967255,194.686678321579,195.839384681196,186.100458632923,184.199752202053,186.122493920381,182.388116628827,188.456940904279,196.555123835051,198.079890437044,193.990277435247,191.693441434209,190.150172885158,196.47478863373,201.568266766735,198.187478223131,196.89101191192,197.424370417238,203.564348951589,208.747494049161,208.4385165874,208.774866746285,206.813813193496,209.891960285044,207.873113160929,208.556089150101,205.81013824528,203.145682578073,204.170741675579,202.649332646164,200.507555907704,198.669000359778,190.994774435733,191.589086618536,190.921766075715,180.511498925036,185.706055807908,183.963977864809,181.857374627569,177.59201150033,177.542084657371,177.233779065806,169.336943630313,164.040987700322,NA,NA,NA,NA,NA,NA,NA,NA,NA,NA,NA
NA,NA,NA,NA,NA,NA,NA,NA,NA,NA,182.359671610935,182.680413983433,186.982945471976,190.975375298658,186.9557107076,189.22853364688,192.770664319978,195.491280752709,201.226421846009,201.544127138761,200.14587787239,198.473574640956,198.76872981763,196.80987016115,193.622436265762,200.187068528663,201.328579901873,202.81027564035,205.738665469258,212.741779728176,209.08315601049,211.52332116693,204.139409604334,208.650467300825,207.029641417434,204.139327355011,198.206452472924,193.089534247643,188.947816172603,194.821050069621,194.432442431807,196.423188491047,197.139589172065,200.010203552521,200.531014985728,197.929398496201,194.170612394972,197.915353152035,198.834835732351,200.607185220526,198.410296359878,203.835055887946,211.152845975521,210.996949474808,211.320438603664,210.221960764989,207.856051707541,204.112947408673,206.001546183503,205.548984194948,203.772272960357,195.36411982605,196.941740526873,200.216443625498,199.242377413453,200.799951143619,196.503784345266,188.438702697746,185.56624567209,186.948350676841,186.975077263051,186.442146669415,181.76040434212,179.615864504442,181.669184280591,173.801092480614,172.185109759149,165.351325389088,159.273881266517,NA,NA,NA,NA,NA,NA,NA,NA,NA,NA
NA,NA,NA,NA,NA,NA,NA,NA,NA,177.156110566341,181.380062866653,184.442004249899,188.425005396309,192.126140576345,191.576558091036,194.876703857614,199.28031279356,199.080465013386,199.077172774124,197.748846922271,200.177868177488,198.42865996811,202.549937885355,201.017229354837,201.504940842024,205.400607860177,205.580214048003,209.004527837388,210.1703807287,211.782540442366,209.2646991932,209.270420677974,205.212385922653,206.551124473333,201.859019911335,200.387815691771,200.31209198209,198.86869913184,196.119669048897,189.767484152805,191.501362010686,192.689192087551,191.238667717464,196.028777308135,198.80343427721,200.637480687968,192.620654331613,192.193891080836,198.157873154539,203.187786242582,205.471858788396,211.410038437528,214.41717200468,213.89994926607,212.963898106741,213.096943480085,213.565789701036,208.012234511839,205.825349483668,204.351571996233,197.234042416155,194.134754287535,193.612209454176,196.218335643243,195.422203197584,193.197018987825,191.694612986761,195.056300060552,188.134962868992,185.94837266248,176.977716735491,180.221563162628,188.394539126873,185.567796655184,182.716591403016,173.973730879859,170.552658431854,162.854475224414,154.378790125124,150.159942262647,NA,NA,NA,NA,NA,NA,NA,NA,NA
NA,NA,NA,NA,NA,NA,NA,NA,171.748360096497,174.436467276193,180.686285067938,182.905265929686,186.786769825514,190.315517143511,190.028120922006,193.469003514094,198.375562810598,197.68876082527,199.367081311187,200.3350647672,201.585680883231,202.308256575966,206.458502942581,206.836961097172,201.273200835608,207.773084069055,210.566343685357,212.983292030867,212.705844123331,216.384549313423,211.298926024295,206.182247462615,201.743988009427,199.610359706499,198.778864624424,196.814651465323,197.478095848761,193.191764029499,188.257785481431,191.33376832555,192.655065527513,200.699331264182,198.261873345009,199.446889215247,204.079201755222,204.524901441709,200.542868008136,199.832757558255,198.234245303456,199.148858311499,204.948279077749,210.636615366803,211.317481921351,215.342129060449,219.422666807643,221.508708102111,213.629026050938,211.162329163104,205.826951755851,199.959359670511,193.894210075967,197.230916269755,198.59532058393,196.739157851454,199.586522311508,196.054331886022,190.757377793211,191.714086290061,187.610000291654,182.649906530038,182.758700002066,179.406741426658,179.917401524508,182.425358003945,177.474671072082,169.681616340019,162.275266555299,157.073758476731,156.380114761666,144.597577709734,145.637216838595,NA,NA,NA,NA,NA,NA,NA,NA
NA,NA,NA,NA,NA,NA,NA,NA,169.37541023292,170.205836806584,172.963460725331,180.548682854375,183.054556454395,186.324878493208,187.830186241437,188.346595042629,191.614402489183,194.809710147264,196.302065975927,198.065487916919,203.070741267818,207.010264879008,210.790202142651,210.695277137646,212.570457784384,215.655279221806,217.070061451832,214.87820035868,213.369077062149,212.172978778545,206.33008597402,204.668236157612,199.18977478322,201.532974442119,199.593007656208,201.197599073786,198.584964818254,192.014225702748,186.827254427214,196.112530153946,196.798821783378,204.926618358724,208.289350559728,211.65063254606,213.543181642464,215.10754888892,218.540193477798,209.707272365465,207.086310849608,203.461431064745,212.188637725147,206.968746322306,208.546756263031,214.113903374848,211.108642844997,212.086499851639,211.896156934082,205.433609272454,203.663215310255,205.500902057925,209.770071395595,206.714345990627,208.078177404932,205.929403653081,201.863619485362,202.582035278359,194.795443399609,194.571514912124,193.125404850693,184.719720017509,180.349528357806,181.156961563333,184.983434107482,186.778456532845,182.059100999893,171.53021519565,168.371034726042,157.011811109543,150.924925788793,146.100458645568,143.523631994994,NA,NA,NA,NA,NA,NA,NA,NA
NA,NA,NA,NA,NA,NA,NA,167.961292207812,168.864615905772,168.440580305772,168.64148673261,171.116869934095,174.986383104885,182.982778442047,183.019751845596,187.757727768807,192.464031392497,198.708544776868,200.219080278905,200.339347703645,207.050697977526,208.271680706779,210.698873607696,213.506752172298,215.093982015975,222.26531830035,220.751712638481,220.13252245535,217.052360131195,210.110586744013,206.950948627927,200.198689856519,198.147412662114,199.868897723227,200.548912872631,201.425346460893,198.88513795789,197.393999964897,194.838642263377,197.710111208816,198.761304923401,206.469625355685,210.260926118185,212.494606798327,220.124731926087,221.067834817923,224.355966903273,212.064567563085,213.767279447166,211.3602641843,215.445167102693,217.179612297679,215.732802552504,214.129347994535,212.170659627791,207.981465200927,211.189949150818,209.43401580968,207.757369883022,210.491692001919,213.991858603906,217.488308576225,210.929608168913,203.317147557931,198.534301191378,199.293736358247,197.618797149513,192.467755399509,195.378328609216,192.228040394922,189.925984100961,185.640808796197,187.322012958387,187.556316893989,189.042610623043,178.687205571383,175.970199641842,161.77346384799,152.4390663054,142.406942814601,141.684749120388,142.451847000927,NA,NA,NA,NA,NA,NA,NA
NA,NA,NA,NA,NA,NA,169.447510253791,168.755167900291,168.024904094414,168.031582513864,168.236045903612,170.479058574056,173.894213365004,180.763227142723,184.979829477467,186.775324586679,192.996178186397,197.637690088268,198.176121188544,202.204124477888,210.035692633409,210.989538414821,211.768550193542,214.812375056973,214.922819372687,222.146890900457,219.97675581198,216.549388269194,217.922562911373,213.366099750898,210.020830224068,206.442804466128,205.363791633242,202.414301992584,204.270331291787,204.888936271791,201.844996932922,201.634931370977,197.807162510968,199.630649416178,206.932222235254,210.395203188595,212.411536890256,217.135732944417,218.16227068872,224.167171193147,223.106143761227,215.328409236549,214.313686859529,218.675061337428,207.180169614213,213.792621198166,216.559899496407,215.810137770152,211.606335398764,210.525570100026,211.900500672127,212.708329116351,213.662066526871,214.610651826443,212.452531927456,211.178535310506,211.974362606364,206.49674269498,201.529437674078,200.373489673763,198.809444732526,195.087971967647,198.638582916326,193.767514966986,197.992341175698,195.372607182086,189.802765902703,184.880343667972,183.279846540721,175.931838544163,174.220616639297,155.461402296678,148.807980355256,144.511760221231,141.897972885232,141.842230582419,141.087644317997,NA,NA,NA,NA,NA,NA
NA,NA,NA,NA,NA,NA,167.669798135665,167.547591179184,165.883936282956,166.038589867331,165.701393185124,167.573158748322,173.764115190686,181.946955245154,186.74020043544,187.635854592697,193.765369190211,195.04078104598,202.013431098459,206.758391809382,207.170864583239,213.341806662178,213.902726655312,218.484908841355,213.303384720048,217.840002543799,219.968287450872,217.124794765324,212.090961366193,210.699335946117,208.560510384019,209.266071427851,209.502119376325,209.054356334768,205.835486051212,205.231296440402,205.280739935899,203.825873839685,202.185505411201,203.57146056307,209.312003079557,211.476172624101,214.119489177839,218.216432107735,221.327856431169,223.491861250058,222.531156409068,218.297953240587,222.100545793889,223.61433851359,218.28277834657,219.64980726791,219.610354857949,218.869089449187,219.756158286312,214.05376133642,211.129575913043,206.012792725348,218.103543960086,220.911252851863,220.630185242187,218.434738397032,212.572877873046,207.623712069147,205.902498317946,203.961277685269,202.178712287327,204.727831467055,203.069803392759,203.624084436386,200.84744393364,200.043465787767,198.530543942861,194.446896129652,192.118656117941,178.729108637345,172.173438378568,158.077877667008,143.022880134634,147.416968250474,143.198249373314,145.829947045352,141.942915346798,NA,NA,NA,NA,NA,NA
NA,NA,NA,NA,NA,169.186701557125,165.251859522821,164.305491850576,163.98713509022,163.726258591409,164.804941820273,166.51390370364,176.901443363977,184.673730094255,189.481476078479,191.715435556854,197.291744441888,199.359806872962,199.997649591606,206.016643636818,208.310894490709,214.569728748281,216.746380251638,218.285874118152,216.544563984065,219.46770511088,220.732071930366,214.586313236279,212.565230902664,211.992968401016,210.38037960948,212.423578107779,212.534585043207,215.307117162089,212.544973700292,206.468380099021,205.006376245685,207.488669634782,206.391007752076,210.352910139008,215.423007337376,222.818265541137,221.974525476218,221.747343388644,226.570650245112,228.940291483008,226.076028460797,224.340546315315,223.469318062208,221.325003942997,221.292013657707,223.422270148708,222.9438618525,224.956547531645,219.377184936908,203.136435460942,184.464614599559,182.38965964133,190.995999217517,207.67571933359,218.027506805459,216.081503136951,221.369556294737,217.81877746591,210.98972532266,210.567854132617,211.824460554787,210.142244256793,209.323411385313,213.901674824007,214.33175905973,210.502926287174,206.661075772415,198.160351929363,190.333086038258,181.087565771262,169.903898758525,159.734829274282,144.916784226031,145.905175009524,140.213731246449,141.534000309584,139.510244613225,139.2365279818,NA,NA,NA,NA,NA
NA,NA,NA,NA,NA,167.455923287752,165.826223330647,163.438229577488,163.922826898496,165.026705388038,165.347607505099,173.228572292821,177.222569192048,184.559414735265,196.456918358065,197.98534459836,201.26969297919,199.917885130964,206.123330136416,209.677945905504,210.520727760529,216.670403569403,220.813588667605,220.841855587367,220.21775173701,220.531852327175,218.217691706325,216.961792363302,216.783265663332,213.334018598319,212.698308643727,213.226758496114,213.901921393835,211.684180929632,211.376136427144,209.27658726255,208.459616259599,207.5176870616,209.545795060952,214.070121762158,217.949454405568,223.553585153169,226.685625351038,233.6714885546,233.301601755281,232.325264269234,228.142230180945,225.439634988736,226.981723706984,224.521986728781,222.553068228949,221.657136500082,223.728308731862,218.468759784993,211.766719905698,195.488555350352,170.241097671586,166.821220263029,198.609514743383,207.31404450739,205.274883346284,212.839929633523,223.38761559972,226.287656807644,229.217487208801,220.18626021825,220.869317050586,203.126059075505,206.879031846316,209.204291580698,215.165727985198,214.541438646734,204.808321999183,200.545570753016,191.363788853324,183.916621812501,172.309364281062,161.009456069839,141.053373360236,145.508427508534,148.630428027077,149.075322635135,135.565561912982,136.584839020949,NA,NA,NA,NA,NA
NA,NA,NA,NA,166.600606039333,166.492144016193,164.915115626025,162.144213785138,164.945796081063,170.918135218728,167.839331541738,175.222849255116,182.010307364308,188.759360486071,195.535609074346,200.932861463541,201.447983731291,205.928468203991,210.114658203983,211.115569413872,213.289525973969,218.936016091992,218.514436515908,222.891064485055,223.713790754791,223.056460447821,219.075305199215,216.153128844119,217.473805810643,214.345856447052,214.638218489212,214.61226780617,214.398286460338,211.835395709527,213.16182054433,211.527987241547,208.247510921625,209.275247094632,210.254980891434,214.033226730759,221.663192963132,223.576039159107,225.394276169781,227.158431268166,232.845205139668,234.982198647272,233.613418994897,228.596436209823,228.196911662772,223.329120109355,224.920942505147,225.970987295947,233.030531030571,229.467954316923,217.363253036833,217.833437834648,217.942460307619,211.918824611144,214.640289668474,213.990803939293,208.650043619633,218.656998620787,221.366043630939,225.516747276603,224.282808100236,223.070967834186,222.143010473995,220.055196938912,208.081344356392,203.695206802555,209.030136175546,205.002460712057,201.587330495334,189.847445585093,192.3816195089,181.082860859485,169.316403234971,158.951353318037,152.302387787237,151.481274973387,150.164610480458,147.323867433965,134.834757280731,130.564539437823,126.952857520154,NA,NA,NA,NA
NA,NA,NA,NA,170.950684913433,165.962174120214,166.816815479283,164.676025816612,168.585661642744,174.230173887637,181.187125157969,182.446602382602,188.599955368147,194.348340495338,192.625158002302,196.071456447376,202.07208555878,206.87050431725,210.660819454948,212.461555536387,214.233693815316,212.419576360071,215.133382253063,219.663748249163,222.936954294061,220.106895110629,219.866219680842,217.1362345449,220.1482517433,220.021663772993,221.667339093516,219.181335367136,216.661329994546,215.331568616635,213.279024738938,211.295866184098,210.138811095944,211.774264648459,211.496706633747,217.258025106364,221.687745793382,224.665571821072,224.427503296415,229.738150755615,230.290607121557,232.567293551584,234.417766273942,230.583254612452,229.308701205709,231.358996553982,230.218909054701,233.142424212868,236.295868790919,237.317054874008,225.997404125763,224.016942430311,223.077533868106,222.882564527812,221.610665113905,220.048582411641,220.471336697023,208.773451083334,217.788749120176,215.050231751027,216.970949230612,215.109224107696,219.707707736735,218.030462652197,209.798665078221,205.911966769163,204.528815508208,197.322632814815,195.069915140169,189.331960778304,187.021688429358,177.492777173737,174.169116118604,163.603437276373,160.91641548725,152.663240044564,150.249429610332,142.458680065543,133.165711425833,128.035418904317,126.476257057438,NA,NA,NA,NA
NA,NA,NA,NA,170.963074055121,167.684055450146,166.021942050683,167.625130822624,173.075001788635,181.759693712164,185.340558578832,189.635123464851,190.757900857158,190.725110268668,191.773601041564,193.161312291772,196.210402369911,202.232957452626,204.270391783007,212.355528794852,214.873149631375,215.043076773477,215.621393660045,217.804465648495,216.919094672294,219.443009113807,219.999049573033,218.589966658238,218.561224741416,224.21150059797,220.93072810441,219.48057218825,217.302034650887,216.955851723804,214.735781945554,213.054957172524,215.331822766018,214.689337988109,217.10514439966,218.860856750192,220.848531662936,224.038476570779,224.471829877216,227.494200456266,231.208648904436,229.351123717463,226.935316057754,226.066511596737,226.612665298672,229.267698970803,232.973926911622,232.441880970952,235.276653264591,237.898362451452,237.759746070642,233.706433714712,220.880110862033,222.638931681722,223.184388336701,222.758682558647,223.72832091042,221.987218044371,218.114048598859,216.240533531845,216.528399929409,219.321023988682,218.00398555115,216.703963895704,211.035550834838,203.259725442599,200.853144535237,202.342532021862,191.293117882124,188.688227025839,180.318755850054,181.016616497246,175.908937081687,167.760519029951,163.908896258252,161.392175847857,145.644958993668,135.258902258532,134.876186799828,126.60445886135,121.927391410268,NA,NA,NA,NA
NA,NA,NA,180.331591370393,177.919221341994,170.787616159607,169.120812036678,172.612074775625,182.294882576142,182.669414413528,187.70432502284,191.376957587237,194.132254049241,192.305006996365,197.059117486946,197.650054383146,198.538833557745,199.890181314906,200.968088740058,203.934827715838,210.551983115017,211.226675916623,215.356658036088,216.621644849599,216.580563464849,217.058989137649,219.807183220703,220.162686007468,217.108231777363,213.193842739608,219.534436547929,221.981919219892,216.521305357617,214.698926276385,213.445509130259,214.101616294255,212.566151859768,216.422815092915,216.750798791197,219.511224864957,220.720445584162,225.439766187644,224.884202839574,226.701760218073,225.880136810779,228.298424457644,227.148611968237,225.4910286838,232.024033647333,235.206461803819,237.955407517026,231.777750591359,233.41972184982,236.405745689453,236.547529693699,234.235509882975,235.081586699531,231.495510670696,226.816673486386,213.246617062522,210.935860965408,210.447781004383,214.303478115502,216.760059903363,220.054127989259,218.308028820884,214.836185095613,212.769861043997,212.286802420494,211.445723825441,203.513674697955,197.886319492037,193.410937406423,186.240832739101,188.006253987487,190.287800972991,183.331234907476,179.649177734639,175.769679658303,168.997706365823,143.621917395381,134.88681773142,131.223017771693,124.590296978542,119.815142533375,115.097193551459,NA,NA,NA
NA,NA,NA,182.160162197848,178.416692646016,173.230408985902,172.683952091349,183.076770928206,183.031516691864,190.166174121863,189.189230641945,188.781866769825,193.199909347385,194.3887445129,196.440753203178,197.203241313709,198.537604232254,201.847187279487,205.000741831395,204.56175438479,206.221467767768,206.55709733288,212.727614629584,211.76270008791,212.443381065414,210.706526468978,208.315174025836,209.34433105188,209.394349237911,208.825065507613,204.987885170211,206.466166245962,209.224876987777,208.259853863765,212.077734316483,214.344975008642,218.076763956352,220.623117363992,220.901232058046,222.731707288137,224.467839913059,227.204984455542,227.874781652587,227.664362825474,228.313942631687,229.556108200224,231.367291341295,228.795554124316,231.256275826399,229.889595158994,234.974545646774,233.75238317699,234.653895209867,236.135809568135,235.03870838218,231.644919326218,231.182429540636,230.014677380115,218.076568768759,212.644847194231,205.595211026255,200.801763513977,204.180783855793,205.209486357611,208.32913054256,215.010727433917,213.316087792811,212.854004533934,210.593581049718,203.944430505187,208.765678200083,208.881586592755,209.098874929911,201.951413739969,199.757925735797,195.371803444274,198.874764587398,193.170335734288,180.878964957614,171.699467524895,147.834364882786,137.06286800167,134.32476048825,124.899124167634,123.163915359145,120.565205326266,NA,NA,NA
NA,NA,197.068703768159,190.584588764016,184.589919490348,180.67643756812,188.225003679255,188.79493490476,193.919482664145,188.386836115087,187.792980090081,192.819552737849,194.020867114111,194.769569772095,199.029947913627,198.872292277045,201.201627926392,205.087721310099,207.548430094529,205.763170772186,205.521781872126,204.384390652206,204.905281083964,207.372637114575,209.023277367877,207.434618584185,207.642178706835,207.334127190165,206.22082362537,206.60993358419,205.638030503201,204.432718263882,203.227903158634,203.286687433007,203.052615434712,205.552912786866,214.519144760818,217.713341963019,222.478741657631,220.621833619477,221.405997131393,225.601290731395,223.579805614819,225.305916411185,227.419375509315,229.570029018825,232.654201396473,228.909245083863,230.946480421046,238.076050624841,232.694709976931,227.642695230873,227.355148385163,230.193742152987,230.893171504638,229.341503789069,227.402200887466,221.462181412346,211.864876907444,212.446650810037,210.915220025507,204.648283636697,201.680840891135,206.266348265671,204.560249253052,208.679764685386,205.853219897413,210.133685829907,208.681457036301,210.931779352208,210.039749217172,213.401930697011,213.391402239097,208.840501369878,209.082080225711,207.512496688818,204.681654765856,191.939566182567,194.640220181784,185.461230951114,152.34903337122,143.795298155051,135.444127736508,130.313896746916,125.464402906242,123.565409224267,113.957911063999,NA,NA
NA,NA,199.903626436189,198.771229122248,202.601586448955,202.2091384398,201.247989895932,202.836804281098,202.842499037239,198.718890782485,195.566181489244,198.812645341606,197.927066056901,197.917238267237,198.540744315637,203.297619298656,203.615529400765,206.524550619524,207.101115000932,207.68814582569,208.092344471869,206.777588434872,204.631675784534,202.844520088263,204.732885249014,205.093718114752,204.429580077813,199.890606498312,196.309201427513,198.770690936824,197.543624495256,202.967034589181,199.641016226404,200.652183086022,202.613918835344,204.807664232978,210.090875539388,211.463572192058,212.673332722576,215.411102839021,216.216040650887,217.965558539193,220.833239896248,217.629661497997,222.040815363846,224.41590623511,228.347307171608,229.450608066588,234.848935445493,236.103472265531,232.118097259199,232.690583180448,222.660424434975,222.199046601219,218.21918699041,216.742949705076,213.403333479056,210.222309687507,208.276118296655,208.413242811591,210.788618679899,213.851853628007,208.31328563915,204.285700527666,207.196945959039,208.899771905247,209.72481598561,213.420999946307,209.236943289462,214.816010725626,216.838106955316,217.583655860571,216.889137805636,213.127879383737,207.625007613387,206.763439413261,199.278052056136,197.833001008842,190.830846758726,193.24512004103,168.888594550395,156.356585574389,140.186384877045,132.670374235698,126.812375770767,123.559136522368,112.602416420028,NA,NA
NA,NA,205.448116690387,200.747536213527,207.217197333385,204.432452631085,204.176338437019,208.063530672637,205.706597189217,206.298498531632,206.951696948943,209.360278657503,207.28654774166,206.163122187346,203.567886158019,207.780635171894,206.262679981448,206.162680596642,206.059876636232,207.537620656243,206.563218227051,205.221224496694,205.099547140495,203.826725770978,204.127875918387,203.914614254494,201.696760426526,197.037216922059,194.945386368331,193.830800137243,195.850718092115,194.853877701653,193.977603773103,193.816379338009,198.652449484878,201.337636460867,207.618093224819,208.503317648858,211.916336506827,215.217075440145,215.18471813182,219.063625809331,214.873100029843,215.150160522027,219.580060880501,224.368263229648,229.443554297357,230.541032875992,233.843664668367,234.447867609476,231.657632160246,233.002962170595,226.525903844601,222.142003459086,217.037755542321,214.119239973889,215.8276276931,215.083594060988,210.733574533865,219.489389203712,215.193626458125,211.8926539733,210.658711004618,210.267899245616,210.762654366851,210.061248235732,214.156164999265,209.651720822353,213.570048969881,216.938175155094,215.673891509317,215.890451584639,216.724379138556,216.342570625704,214.256130278406,206.299172500461,202.395286479232,196.53234194266,190.263977710397,197.248193368451,189.70846403424,180.573873513137,160.058439376779,131.202299623568,131.079413137165,124.582743533563,119.001296597634,NA,NA
NA,NA,216.127593497968,208.506963971761,212.397400849808,213.392231217011,215.817802706962,214.618480284679,211.676403875376,210.719879614687,210.079084841436,208.785986763157,209.174897610844,206.957829102638,208.048097681764,213.713395594702,214.664878817471,216.015051492557,213.037890969631,209.920989748037,207.675553719815,207.661971911885,206.264433341312,205.759886264061,204.175651204115,203.087779345685,200.234227323025,196.278064219656,197.68730568516,196.733344159426,196.264172451359,195.138519436456,194.052488999963,194.737546074698,195.424815768887,195.919762607428,197.742191730648,202.388502447333,207.518050162366,211.211247029195,214.883923989129,217.348303079235,214.963465571341,216.847224603453,217.773692748019,220.690211531379,219.352403089448,224.079745958038,226.550707246458,230.046669903371,228.643085090858,233.547053229893,232.739125578691,226.769973540252,224.136030900323,219.454490079514,229.437646137591,223.61545154171,221.281382894093,215.801853884039,215.923073217834,212.700434374573,211.548656242045,212.908224948479,210.391550851513,209.984505762153,210.509140955659,209.036711791085,207.662879201744,213.695871052435,215.689911873262,216.925744912522,215.431013977598,217.798786287528,211.537927342607,207.957122768939,203.00424376577,196.750742425246,192.146265622354,182.792872963301,179.89367576921,174.850668084262,141.792277629019,138.805017459976,133.223791499577,128.785255763173,124.677460324759,NA,NA
NA,214.835665198023,215.442214045827,211.585392790161,213.229298836802,216.393143166289,218.259940941365,221.321236166877,221.176277726754,221.152342134215,215.802356423064,216.859085141624,214.488584333748,211.608407795679,211.893656824354,213.729440237011,217.558366087293,218.808492965753,217.954421141252,215.173649910917,213.675551337515,210.487161240988,209.394195228355,207.704614561346,203.987668301227,201.232178196788,200.117744971641,196.650159223738,197.993813045967,198.692409621496,199.120710040842,199.149081110563,195.811632312484,196.316106253137,196.204654005175,200.489896102586,201.994905877744,203.043669439933,202.58696451837,202.11924267055,208.260613636674,209.437049852254,210.75242758519,215.889968713442,217.871866643234,217.156869593144,218.706076582703,219.878182237129,221.464402732105,223.776753575665,224.537754544556,224.160645091202,223.231405268206,218.082425762451,219.063974950479,216.860511678528,221.414419996481,222.10694031366,215.132473937495,215.147358037944,216.527264211039,214.485612785078,211.022254773667,210.503185631175,209.815692265797,210.780711787604,210.136254170594,210.138516032583,208.343461254835,208.808868357258,210.406359522265,214.043410873587,214.205487167526,217.245313585588,212.250696587095,207.045659345334,205.377719805742,200.579921528659,198.985218979113,186.945822433592,181.097585305397,179.573232718307,150.706800701723,153.417804195456,150.498598884389,144.103526311106,135.72244033617,135.511839746469,NA
NA,213.932875988714,215.159540207791,213.287570978146,214.344309586981,216.274143181482,217.417983554069,221.614831678415,220.021826414402,219.99656378645,217.599573912365,220.363316196929,219.4761950453,214.967035593239,219.842180221399,223.512847728252,225.915139760025,222.311964809919,219.356649280623,216.507741611877,216.771888597865,214.726251857261,214.906585169241,210.18342058277,208.483689251316,201.911977714614,198.537409050448,196.80462092947,197.606867748137,198.385826388149,199.351693267903,199.028405184445,198.066317295006,196.392682137832,196.496443629256,202.696486839922,204.012916047907,203.241058439736,199.065773548558,202.172601691904,199.571385434448,201.498791937145,205.82354961796,208.06443342598,213.253231908152,215.957151938875,218.423809525075,220.515069427406,218.502279852477,214.155434125338,217.463140943355,217.558137606225,217.723006319886,216.283961754921,214.338431880506,213.57808099292,213.079983650603,211.221433280357,209.065167766394,205.590879739725,206.154258550042,204.279524421035,204.100732686461,203.502877810813,203.620165895401,204.026172798154,203.530910067147,203.522574671938,203.585413691403,203.005157900087,204.093919636731,204.863412292711,202.884079997852,201.363289651175,199.93124088948,199.326114643343,203.080047224884,199.560317924559,191.615607225911,189.738170311372,176.897711494523,176.457606909295,160.589730452567,155.47185223004,154.162699643968,151.040922680327,145.872699220834,143.674922481983,NA
NA,212.528567694501,216.49832400245,214.564860590226,215.029092882973,214.346364301612,221.120276479536,221.550594860392,218.40657176402,218.452696429983,217.839350721273,220.471688541887,220.555194453602,217.851220893767,219.578102033611,224.212045813005,225.137750323994,225.204950147653,225.089595422936,221.050167776116,222.377592014564,221.670285105771,218.110580196621,217.197671868105,214.073630903851,209.916996703673,204.435165843544,199.273992161915,199.978081118062,196.853888166884,199.19901202204,200.126865070028,198.787379800168,195.929201412252,201.375021448744,200.760155536016,204.942727801513,204.262785378964,202.042354655408,200.333049572501,202.355710739679,201.220470231104,202.129928968932,202.81091401459,198.952010296309,216.240658409855,213.762571610912,214.577230630861,213.91191229345,214.593741340929,215.64807698628,211.784342139351,210.03519011982,207.38030526723,206.654730528902,206.011491965977,206.937362301974,206.86431183904,207.215044707925,204.966409257558,207.037199151915,205.98627661262,205.362484665052,203.864147352119,203.776948478764,203.848578787155,206.05317555249,204.380441432274,205.328026658857,206.561019766219,204.47367893567,203.661144503762,201.036792339616,203.117173760736,202.992359657781,202.521330708206,200.906526976091,199.27392655484,191.947804731793,188.44190795388,179.323432948535,173.054872955643,165.777536223759,158.607808310667,155.036798820388,152.127572271996,145.294652784397,146.460228850672,NA
NA,213.239387570459,212.922488535278,213.778764804957,214.714884342357,212.743778368482,219.758575718323,218.933317997432,217.128724747707,218.464609451615,218.322601249619,220.042482262745,221.824006340577,219.210870401859,218.691584970341,222.090015426704,223.226180857174,227.65323839568,225.909377728382,225.360406993199,224.885201234406,224.818488943836,223.345727384546,221.856704315454,217.230929490227,213.174682127358,207.182408756928,207.399370227393,206.776581140992,205.936377425864,202.340689083928,199.855181688394,198.740659148864,200.58815803111,200.429687538268,201.554437886176,201.756270829731,201.369053093324,203.01568000553,201.897517787958,200.182646228075,203.16887801718,199.725453675724,189.569633927661,198.142600946503,203.249612386733,205.793622267788,207.973901274332,206.531637082287,207.618874007581,205.689909997615,205.509180652622,203.406121009876,201.62278900778,199.526240659325,198.947645043582,202.358041246927,202.8948704579,202.220035788464,204.092065992614,205.64311195762,205.773459040708,204.618038516436,205.512880644275,200.548454874618,201.601164967031,202.820621525031,205.182077506844,205.042693033398,205.57876401366,206.55552549012,206.052891367081,206.58628147806,202.50739538906,202.095041645452,201.349606233272,199.856376645024,194.377327051843,190.811638270888,183.276462855922,177.807488913764,173.618981752068,165.196928422477,157.877956161667,155.978284706866,154.788746338272,146.310978503661,146.249629342005,NA
NA,217.341529369312,213.51016340396,218.564068430209,214.923524585805,215.86407849836,216.383486596264,219.809295599402,218.050425181038,219.64383581388,222.394999719389,221.807707164291,222.263422200922,217.741307314703,220.183126088519,223.552495093264,221.612836192899,224.525494045939,222.685694485826,222.954639098014,222.603752446258,223.875605394859,227.764816106445,224.885223566933,220.957349920898,217.917950546994,212.872223006414,215.107368816729,213.294315812745,212.848541238367,209.980523432019,202.730724591615,199.842964067732,202.038417065326,200.709383716595,200.852575374674,203.326298189558,200.97569354719,202.812193614811,203.119126941935,201.402552211234,203.831923545868,187.155705725291,194.072440591142,198.550112149952,205.790709302732,208.616288488245,204.608550545306,200.735358730635,200.526331708877,204.103284374858,201.485786782862,202.855568049821,199.995726828285,198.54944570666,200.069656975594,200.128590934377,201.124322326622,202.194346892544,201.938213035813,201.084029178621,198.541830163639,202.502511216813,203.089021767959,199.875549247066,199.898258542618,201.25636624375,202.204397545568,206.206470763347,205.940575821286,204.78766948303,206.722533779281,207.578160939333,205.922588750686,202.879677592062,201.309038482449,203.263928700768,197.049146566246,191.979512717773,187.666222568844,177.521265147927,172.349173765086,161.567897001024,159.839311864555,152.852052762872,152.354811438646,148.569102186426,151.227265992418,NA
NA,215.718977444465,213.858911022342,217.498020532442,216.797985095165,215.679861911901,216.87197315376,220.89767069225,220.684176210968,220.652531076842,223.452983658245,223.87427161715,219.401636795589,217.984325299922,221.877958907418,223.818553240284,225.010074138373,225.648390073922,225.0075353775,222.264715408478,220.7071193092,223.150895926073,227.50517860137,226.19158989283,224.444160991185,225.607952564916,221.484704958686,219.817887391902,219.303790155331,220.507892334617,219.71341844254,212.632118354818,205.927774270889,203.616874282145,203.02391021117,204.199431976042,206.476067780002,204.575057449836,203.163760671053,202.955921630035,204.998041841485,192.241848189046,183.077205120589,198.027114649143,202.445653524867,205.912112700023,206.121845440523,204.59849790914,201.765099832772,202.440465273209,203.713959971374,204.439972063934,203.161208021924,202.705645567319,202.149723909054,200.747143276879,199.282268353017,202.03486816598,202.995351388904,205.573691805041,202.258298745347,198.308234266727,202.06472767546,201.282933347149,198.302435014874,200.439686954914,199.849142520013,201.648686807636,203.955905906107,204.827164906353,207.231316079624,207.610334341938,208.469507232042,209.916660666425,207.285306603689,204.177680901527,204.735909118015,202.941515710089,194.828873650217,189.670194573601,179.27582333253,170.845746999554,163.519665255396,159.249523234695,155.074509239256,154.030129940113,151.968630360104,152.556954683607,NA
NA,214.468325955641,214.370673148055,216.488893004123,217.144990546028,217.861841840237,217.986694752726,221.731957360799,225.078995738734,222.191865944519,223.658459334402,223.217116786091,222.22741110679,218.490715738112,218.360478662378,220.349441296557,225.710582728325,226.696864543021,227.631858200771,223.578646926873,220.009506196821,220.889326785422,224.306775491053,224.9648794855,224.025181598138,220.440503255241,223.676680182927,224.461435726982,224.099915665029,224.471694130822,224.517232014098,216.494766839302,209.520232530729,210.305806185918,211.582079638727,209.744851216438,207.422136266575,204.85231401987,204.882041770677,207.372676844327,191.774778845349,175.943386354124,179.321075818418,192.445214926831,200.331064306844,205.552913013672,204.539042574349,206.885778923898,205.979096801568,207.794900175844,207.293938330294,206.847403807854,209.693109406969,208.181600718676,207.174820719333,205.511797055444,205.377000221167,205.718622595762,204.810972518184,200.772653751536,201.872162371223,201.089980377538,202.268718411132,205.12593419719,201.27601357334,199.795793468478,199.295118539112,200.057030483025,201.548178054398,203.599315735493,205.466991374325,208.408056761469,209.484474244248,205.312914456894,206.167344045829,205.84084184787,205.403651351995,200.69503474335,199.142590355039,190.514369028712,179.870609026729,172.963046641031,161.741309782638,160.149667210106,154.969252769924,153.524566844497,152.244094069825,151.2967326009,NA
NA,211.036112265147,206.848963376003,208.007936284442,211.224463976444,215.928992552473,222.994834089081,221.414368214912,223.786687549169,223.993262543329,224.496030285749,226.007710374841,225.286313370701,220.832662523283,220.344629063605,219.526285660267,223.80343350034,225.00468632239,223.448591813819,221.172539255551,217.84936565422,222.061280986628,222.573857585998,223.126244503204,221.968171188356,219.566656715317,221.17810832697,222.317157811234,223.593913888584,223.599836364618,223.006264429801,218.591212782856,216.486570355867,217.648386203603,214.800660055822,214.039939551844,213.010933965484,211.872717190675,205.446516275334,198.253819867103,171.803000387382,168.316011329208,177.194766793603,190.836994365086,197.809066060865,204.944357980764,207.412414688102,206.219734838942,208.874972407383,205.342733835718,209.681736906126,209.392833267662,211.776174796725,209.557331785197,208.163595055208,208.165300171416,206.48638895806,207.967773828107,204.498309295798,200.390234229482,201.941828102768,199.975838652283,206.8958258415,208.374389362259,204.865165889638,204.399382241201,203.63054737825,202.736159233627,204.919930780815,203.25883555791,205.203044245183,204.89264770105,204.538896228542,206.02901879965,204.982640972514,203.419765814527,201.731709876507,197.024125001114,196.102648065009,190.789271831518,184.212276206854,175.397650734412,163.118000578094,159.79363906381,155.028148015865,156.720179228823,151.695299562578,150.274952325499,NA
NA,202.868687355127,202.072464724177,207.403136659783,208.335116397965,215.30365531049,217.205630459282,219.838790083124,221.215134471042,227.308063247384,224.652927910424,225.454504475581,225.253954067888,221.898711992082,220.967684463959,221.734143327729,222.071202410839,226.001808749766,224.106596687786,221.581475131289,219.324951464078,222.51998536535,221.764575885108,221.740469036852,221.587897385499,219.420843433445,219.676356920123,217.774793562725,218.455181522072,219.346917667448,222.846216410713,223.425560047186,220.909145473007,218.842969201466,216.96011890391,212.300431316826,211.918118597,212.0662569211,203.919515411315,182.009937908526,173.888504261561,176.822081662416,183.000878311731,192.573890137301,195.305739902067,203.718295617746,205.104797306012,204.667396415651,206.30038161305,205.856983186139,209.350204750099,211.521134107545,211.707745794407,208.384026228796,207.673934911954,207.069828412424,206.065551534403,206.433961100903,203.611677293009,202.590821418173,200.849339689434,198.060862163703,199.78520580643,200.103494838774,204.177424402293,205.25940042491,205.218271696523,203.116340817519,207.324725051333,204.12834969404,204.877726132158,204.259914997991,204.697888609251,204.989188681536,203.947407957628,204.684267770549,202.230568808032,196.195593623326,195.283089298682,189.655626324705,185.435773305067,173.262824313127,162.632177832193,159.105081089829,155.171508294963,153.559350856216,152.006051235262,149.508883111811,NA
199.069487056947,197.991360328711,199.789881086814,204.282097618125,208.44613583371,212.567485296194,214.249780053399,216.620704617643,222.34231260438,227.524776913747,223.220616637985,220.844349935768,222.667025015132,225.306562438238,223.122294122592,221.596651461464,219.121219770112,221.535424948642,220.780934812881,222.403178449843,224.367952451721,221.231462967318,223.780701413744,220.168608857878,220.164788177017,219.279838630896,219.295990710424,217.60220268964,216.917098222721,217.064502568972,218.610919571429,220.383615488208,219.049833301445,216.203906600041,217.287059148521,214.396776468853,206.831503065238,204.720950235411,195.793971659361,177.009348323061,177.517528559922,181.46817744275,186.899032582934,192.30068203627,199.52262790214,201.193327422311,203.681255920573,206.504627948204,205.782685013051,204.938608449604,206.028839947376,210.388241034735,209.279675647602,206.557622648702,205.284388313068,203.788080987434,203.11750282179,203.44560791686,194.941850122709,195.641571026277,191.412221575795,193.050518171631,194.682619937099,196.398510599743,197.907922886163,200.310485875443,202.321702817948,203.722177794861,203.751484524267,205.23374273776,205.825103754623,204.840206066512,203.691896947927,202.30187407681,202.977884176022,202.044431684685,199.855072555543,200.641471254848,195.698604930029,188.092811698668,185.3494255864,173.641823687561,162.214009681465,161.341639595997,156.08233742197,156.366008023823,154.775042011834,150.891394701328,149.670790107862
NA,196.79929769377,199.965429247051,201.800866039542,205.279071892333,206.943275012575,210.589873893767,212.145067113646,217.491626994033,221.208459638991,218.990656266323,218.107675724838,219.454296352098,222.397530693088,219.93956050362,217.563887565761,216.00132641753,218.29784588514,218.683716584717,217.702244765224,218.835628914967,219.091277162193,218.178012727671,218.014713352783,217.983003186408,215.566945360365,214.677015418446,216.292333869793,216.552920410576,217.028541362339,217.739191050951,216.145297271544,215.442206052012,215.658114210976,215.529187712551,212.666696573941,210.350140506666,196.905074020769,180.132129193009,176.738198117412,183.546815587454,183.221958802607,188.308171751922,191.165476064411,201.770177324277,203.859002924602,207.892116134199,207.045447581847,203.942769758971,203.212755651046,204.620685707916,209.033394269449,204.63333729258,203.08654251931,203.314157883477,203.620475181341,201.239342752159,197.195825882466,190.095066706856,188.372730111476,190.716528771074,189.113582746217,194.462298605659,198.130603366473,201.117123302434,203.387326697465,203.654445066869,202.494793722697,204.648632746889,204.460680091844,204.436299877816,206.000152081295,204.645353754876,204.890476091114,204.39376730191,201.69819288777,200.077264323358,198.255063937418,192.668357525089,188.721604574903,184.619024332748,172.786463175674,162.565071431138,158.833259535199,154.263180724914,154.741571780323,150.959247947684,150.554402820394,NA
NA,199.068658928101,200.851838327164,203.550804091289,204.651392450101,205.652332113095,207.625515743304,210.651168863082,213.394770791625,217.099028461601,214.328224682268,214.90036587784,216.601524105464,216.31831091481,216.879273295953,212.808163467324,213.475138611139,212.721599957182,212.18602823561,214.069269354238,216.953861115407,216.210448426191,215.164142550891,214.965489705161,213.513281511183,211.271335392506,212.16866708997,213.670155377215,215.31436891802,215.881583954006,216.042370802822,215.444755977943,213.519262175358,215.943635754477,211.121163140609,209.017893227101,206.13625070744,194.987450351137,188.100542649463,187.025717296299,181.093039800531,180.425114694123,187.632671583448,192.971978690919,195.645896104405,201.379875184761,204.893078713189,206.472544444346,206.238808728418,204.235468189512,204.654507977272,205.225239588858,203.059317623676,199.856603683201,200.4094259248,197.525546583867,183.96918735281,184.073846895712,181.845415677427,179.172369086629,181.927377701419,187.345909766049,192.86958348187,198.888978262938,201.954183817073,203.633170226222,208.01610418402,207.121407465373,205.326671279391,204.020568246326,203.074153700977,207.42033077359,207.183799409243,203.819476349033,204.174756585846,202.193250354847,199.818264281173,197.473504132365,193.053989756842,184.154417701094,179.633720424582,174.473537419532,164.450364371138,159.013274862553,155.862176093638,154.617184737449,151.388958093768,148.886102548098,NA
NA,206.957677166007,204.869358985807,204.515167127095,205.51040669676,207.103715416544,210.442797590204,216.531806498873,219.368942577975,215.518681749955,214.646051578147,210.843614764269,210.210859209606,211.775646496814,211.761274314668,208.961240726442,209.521244390287,211.616615245464,209.685806798443,209.96565132566,212.321704374591,208.109281874353,207.953782510919,204.501023251277,207.262436560202,206.143231942115,206.444067581419,207.817545888743,212.500043919553,216.413755085779,217.451061590711,216.907608172012,215.021529440804,214.137662251522,207.853399424727,204.862157122896,199.544630057351,190.182482775155,189.015210906331,190.700692978399,192.027269655236,192.7928778062,189.501462002928,191.064987032416,193.077706209477,198.123147523272,201.486608462445,203.655142409391,203.237853998694,206.933092768344,203.862800320047,202.06491832463,198.549745150025,195.392775521149,189.784791209984,186.554452633251,179.666208729688,176.090349595382,173.132530486498,175.634201889162,177.763656792933,181.153135435896,189.836177472674,194.650410160609,198.700820278707,203.365667638688,207.298267170754,205.794159568644,207.293821784144,207.641249140109,207.682702986155,207.09864799254,206.837896814526,207.820215413271,206.210925738962,201.50075207407,199.325496350207,196.322559916016,190.409363001989,185.302266582045,180.141989339587,176.932059543022,164.459810819044,160.898146926959,154.46580853255,153.854001174736,151.248639159283,149.407585123213,NA
NA,203.583241837521,204.485124519431,204.046505533689,203.355283950288,204.145904908086,210.87942867558,214.072028616251,216.697724548633,216.864663039817,215.52006904761,209.440219474519,204.72235043169,202.746312714439,199.086206457936,202.703178575193,200.035599857267,201.89765720461,201.871303947854,203.016376470088,198.99115430901,195.388927088416,201.242872829581,198.658434851463,201.582981128602,197.096581703284,200.914437448857,203.109136824695,209.628110583705,212.33495781788,216.448980432142,217.459166588177,214.479566977067,211.523785352284,205.67976004708,202.509983785942,193.593602970803,188.2833933548,185.615370128237,187.709636164361,191.848301450739,192.499550426161,198.144632853245,200.139842595319,196.265047874545,200.71020101003,198.541798226469,205.477945480487,203.812299609568,199.729037737345,198.652740590448,196.441444116261,194.209566262238,183.168206527555,174.569483316494,173.918535293694,169.389908828935,171.147706856465,170.648149165542,173.192040388683,180.964395698146,179.237695204353,188.336874007617,190.692386841367,197.292127939095,203.923511121601,205.799990842477,205.382317558796,206.886922273463,208.630958318691,209.540013839691,208.617360339924,208.26421779455,208.16225502896,205.827332561508,203.162025140097,200.726251509794,197.793983544349,192.170013555603,185.186118881622,181.730231596116,169.984399658525,165.449081287473,162.245167119177,155.979163838707,155.615082661073,156.126123812443,151.74635908792,NA
NA,201.556728661077,201.488518713807,201.906553769729,202.575792081568,204.345919792772,206.033513809327,211.835651467422,213.066297235448,211.480349838994,215.43103065953,214.298337671247,207.486825208983,200.503577218906,201.503885236316,197.728779554105,199.491262762573,197.334303755734,198.652385798042,194.294781857622,192.120094494803,192.128258747183,191.954468745193,190.38727513621,193.958095132043,193.005445120756,193.399501190088,196.724099265087,201.958118211532,211.40566770828,211.751537006379,212.861891692294,214.561788722065,208.033297674544,199.62727373218,196.637917347533,191.380350515444,188.06602120627,188.161480894815,187.837482644087,189.512518187292,191.870471924824,198.401697255863,201.567064241141,203.031421602647,201.882095215574,203.45241663529,202.541353918042,200.528460879356,198.833817577516,193.960282867803,194.095281176211,182.923660509083,175.407871540961,164.890412225619,167.905706894512,167.267785059299,165.322194658873,166.840240634876,170.429961875423,176.691510036486,181.243402361759,186.964579979668,190.940212796845,195.986962601813,201.347087188122,204.930822769988,205.403227751635,207.309581975535,208.510309730179,207.714756938648,206.320181596377,207.587930296224,209.108685536643,209.564973245729,205.924025803799,202.007557205402,198.710244746562,192.483949284453,185.904307651947,182.240418837713,172.294525648686,166.335163256435,161.575083318254,157.724243256191,155.094786857187,155.115939752066,155.191405418976,NA
NA,200.233823309181,201.704464745303,198.285422831752,200.777156203576,202.150627206935,204.944884840678,205.646494201616,207.657453716323,210.616270379782,211.681068278235,212.021532844644,202.259061097009,205.45662925363,203.839648019007,196.096314121349,190.864959185185,190.962156181603,192.294549186508,191.150006757456,191.384401790166,188.28763293633,191.09657572004,189.786295907968,186.905507300945,188.050810759901,189.004196210357,190.948189142651,194.455637486645,202.049732025833,207.305313662022,208.517382301906,208.248016141422,201.980195307687,195.513566144396,191.140868265861,189.739173613629,191.059218310946,190.615427610355,189.958302577386,190.805561446196,191.531790575981,191.725967019285,200.419514923357,203.344253170204,202.900431861831,198.332438684374,198.20660981453,194.340678688237,190.602062602636,186.426300461434,185.213999317369,174.798729866053,174.768212750228,163.650833062596,160.268000055493,160.599870902298,158.209677410493,164.79127814117,166.584168505694,173.456657793421,177.389541145052,180.650246070007,187.633861591643,194.85010580048,202.727464310109,201.434951763273,206.821711347095,207.197140423923,209.900133877971,209.941155310132,205.992253000802,209.007641094727,209.231362166242,212.828739066177,210.52236977139,208.232697832683,203.002471859231,194.05785374633,187.607233320335,181.834413631353,172.741032925666,165.563054100047,160.920057040746,156.998964539524,155.432578409293,156.159865081156,153.509916687265,NA
NA,201.564461821497,201.851298335347,198.353111408835,198.131340797676,201.143872202079,200.808361087031,203.991140645628,204.652306317013,207.544111045493,207.832811298383,204.897382256043,200.397885092603,200.672502662535,200.648068196881,196.652989023742,197.034593595239,193.182503348884,192.515791401349,191.702390839142,187.93316449941,189.890114825105,187.523661113079,187.5773517212,186.20356577467,183.853287104219,183.815596676438,185.528721687289,188.099183848569,192.13651993791,197.501975883689,199.876945248358,194.868609786949,192.33620286277,190.80586346058,187.749141055474,188.979152780306,190.914508693132,188.056443289979,186.854981025332,186.789489551236,187.908899825644,193.642331940304,198.776024312542,202.797702188161,199.582911842319,198.220536770694,197.424655773308,194.128038958847,193.06943488429,180.454303669354,173.783580962982,167.756656348907,167.010933586179,164.030404218386,157.847109071451,155.298608501553,153.999525375182,160.55601543455,163.046603130506,167.721374172044,173.045407371821,179.966566168943,184.878536810629,191.513996185112,199.924420837019,204.390215087592,208.36504906173,209.57605902579,212.298315130546,212.59554702897,210.584819798788,209.854718077608,210.315766005533,212.690378875985,208.96758781815,204.264540971772,201.338773509812,193.374812590999,185.910032438504,183.056923532219,173.862848168588,169.468300996424,161.707923543734,158.390561154699,159.166996809673,156.333881960804,154.295201380278,NA
NA,205.372881166916,202.328571364075,200.114539921896,197.185961388945,198.394625971073,200.990386857232,203.497594638395,203.261061994321,206.099509992844,206.449279512601,200.141885255565,197.952530520339,197.258452106955,196.093552063154,197.232907237442,198.437260868466,197.246759772228,197.563181655451,191.196333625323,188.064939214145,187.082331801058,187.010192532216,187.79945704755,186.309159355498,186.834432939758,185.253981857111,184.748045898054,182.520986978242,183.473637641082,187.782229736136,190.115304352772,189.705039306935,189.42762450033,189.620255969111,188.944287664795,186.740005198614,189.908281509093,189.325948180637,187.306983054775,187.586465554656,191.477431798809,196.341517546002,198.143556759489,195.558843196596,196.391860465818,197.41020755921,194.968969855703,191.854467411113,181.300658456766,175.951421666949,173.393866962754,169.072034133563,166.183533958537,162.567102393259,161.581566634179,156.736892905313,154.461475654864,158.006839280006,162.346461194989,168.979500038961,173.159925902052,177.457571477585,181.996996487978,189.157699272329,194.944610657441,201.614652362698,206.409164409999,208.202121410072,213.888504924028,215.813319737415,212.0106943748,211.590987055219,210.534506593276,209.110791544367,207.951059999289,204.107815093112,195.144010202425,191.412623427359,181.55250190062,178.071604832221,172.035677062547,168.318158007276,163.713572282844,159.92997841229,156.014395174007,156.428615092559,154.359292225004,NA
NA,213.198496454881,207.178323936594,202.901558663241,202.747896997101,199.310731413094,200.773349931341,202.93857114871,206.981709690218,204.467222889987,203.131883767633,197.231953688984,195.387932906104,200.251379086512,199.023616788784,198.284477194498,196.423453461688,196.611103196248,198.350575747948,194.620942343066,190.377646521516,188.64585196155,186.442557867139,185.296536161052,186.60032745077,184.806072793923,183.259469066454,185.66977822043,182.00329259184,180.701042796367,182.655782609089,184.626870344806,184.741042976125,186.613920871045,187.245885181983,188.948001228383,186.72350881993,185.936895832936,187.859732531595,187.864198553804,192.133312445196,195.399747060828,196.450197932243,191.44505326583,188.453381522057,188.30625932698,190.1952703222,193.225323814821,191.462563897996,184.007955488246,180.436417894385,173.463027033313,173.416434442635,165.576256032062,164.910693840442,157.725703003503,155.513508135522,157.169423717121,156.796785685996,161.474534642496,162.687985614012,169.282508976127,174.962840978107,179.823489560008,185.591689704027,192.556926075393,200.221065127639,204.556460265274,207.158061106241,211.77043053716,216.405186340462,214.203142472724,212.968970679668,209.352971786472,207.855816925437,204.844903039152,203.623052295895,195.194553839124,190.00804557322,181.470468794208,178.244139956387,171.071062152952,167.276491820388,164.189792933771,160.902805976667,162.564491036047,157.662317368512,154.873306916005,NA
NA,NA,213.383290716132,209.610869895112,205.224482722096,201.612329886369,200.599602631428,203.351953059824,205.636388254973,204.46808260864,198.680432589202,195.880490059073,193.796681824411,194.235843701142,196.762797899503,196.333042311788,196.884095822079,196.653076865226,194.4111671339,196.748583265923,194.625458335103,191.659364229654,186.164238930826,184.46391313448,185.192891175518,186.825497536255,184.460947586722,183.518176072511,183.574380343186,181.400361090338,182.000699490699,184.37542430631,184.796322679623,184.835297781242,183.919542362941,184.974107166453,184.077570886211,184.455978913898,187.470951271187,187.987082165206,190.407446280128,191.956910682345,185.653812977736,184.763833933932,185.53460381483,188.014489932418,187.925203079945,189.657357347479,187.815187219016,183.836091494415,185.975491344398,179.722842748279,174.613999023742,172.563876775198,167.001919268321,159.486313963779,157.236108256658,157.198219582351,153.778511448308,156.89334385369,161.468819811565,166.646408465364,171.283013292521,178.421743698829,183.502289590504,189.745637338189,198.213260167807,204.592783817308,208.956004170753,212.664405101039,217.44523005097,215.77678058984,213.684483206227,210.84193651674,208.7085199604,204.981389806198,198.383487201678,195.358925326343,190.981308107433,181.558897397866,178.565502193862,170.649196319627,168.127626671623,164.644600241103,159.985883288408,158.896611554824,155.971770788763,NA,NA
NA,NA,211.83905587001,209.119774715201,207.636631905633,204.669230871642,202.264841452142,205.713772556562,207.192815243573,200.933206094614,197.58204918999,195.66368907107,191.655407600094,191.643189348311,193.028511772254,196.113431312307,195.267127658413,196.527439425903,194.764751419521,194.912608488205,194.444278602787,191.838277582941,189.594064656046,189.372825963291,183.921206474914,185.218261541389,183.443781189331,183.794764439685,182.915724148708,184.496280171484,185.678077468993,188.645152996965,187.727242307873,188.120090644781,185.513731483194,182.611282013566,181.337109595314,184.604551565126,184.633911374389,188.893548669931,191.009099671852,190.284305335476,186.512884611308,183.031008818172,184.778425356236,185.798827440045,186.317610741648,187.917736038958,187.779998569554,185.182542782896,189.271947785657,183.932589714576,180.343206581283,175.103569754156,171.436106252779,170.073958932119,165.715491322015,164.645235665031,159.744911485318,158.660650454835,157.686694053119,163.303889584232,171.696387935893,176.938530234891,180.658675917288,189.845955059172,199.134992732805,205.424853681985,209.548400566144,210.031379855734,214.24505022564,215.688881606337,216.456047710384,212.17054000025,208.766925728257,206.157675554646,199.191381148418,192.466547194595,188.911453758495,182.410176976199,177.8836649953,174.679946590768,166.120014887758,164.792731369079,157.458636185432,158.667611516848,156.94069626702,NA,NA
NA,NA,210.501956417073,210.168662870747,206.799501178638,205.253423931435,206.960565846978,206.091229979634,205.764496414023,199.183033665728,200.55232755767,197.097557185769,193.536834033038,192.465999719208,193.48381038364,197.316857453339,195.82713204424,193.658685809511,193.678554488859,193.753497571577,190.382389978925,188.702854369314,188.862608001663,189.98378070357,188.867132589261,185.837615828771,186.085989740557,186.018311302542,185.688199429149,188.216312723707,186.562360544576,187.655873753345,188.188805376222,187.738509249519,188.216610207751,186.386687102451,187.496235468066,186.623152408138,189.94404073771,190.448100855315,187.323576458842,187.44928912472,184.045138307832,181.569242731645,186.006887205191,186.616678437153,187.362837894522,185.68294290671,186.365568669067,186.607301190113,188.368047318835,188.33936160363,184.864313046756,180.771871779397,175.217640255382,175.372270095424,166.087917100431,164.079222092053,159.358207447779,159.385796859709,161.57711441914,164.440933846876,169.401990601768,176.957718518725,181.498837776727,188.025338649023,196.706520842579,203.582515811781,208.965002382275,211.407208032366,213.722529002003,215.482750151158,216.63045172811,213.552634031293,210.914964128437,207.146991679594,202.183534492328,193.875082653142,188.105220412443,182.561122092528,180.132302938962,176.254683965403,168.186867258552,166.005668124171,161.112426879382,158.873254836292,157.546520458223,NA,NA
NA,NA,212.452935223423,209.195881688789,206.381609463042,205.261331933441,207.219604276429,209.606086264294,202.746020277342,202.37544765432,198.352912946403,195.686665412013,192.033694880379,192.510162202057,194.471945525407,194.303111156993,194.473176041902,193.814053451155,193.623985430314,192.513720243215,190.51491576653,189.191541210906,189.037911299398,187.144925309733,188.421801930617,186.791634887786,186.034713985546,186.025311034817,186.212583945731,190.435970372373,190.250545377502,189.692962530724,191.741613960711,193.87552616516,191.574428814001,192.889969848494,192.298438569321,193.419571777262,192.117716708054,189.784696128499,187.929080807673,186.551661890221,185.146322247949,186.628372509821,186.122945405202,185.248600614183,185.112266389564,186.996197505336,186.582569566862,187.984594171399,188.427597330709,190.711716109013,183.25132025119,184.306670469666,182.69452926213,178.683918922634,180.313639608746,172.407814138265,165.580298221478,162.75086877597,164.419109297537,167.666997651961,175.419283995288,177.397879734737,184.176105411655,188.077828622262,194.755557896957,202.923635280325,206.504255646439,210.465080500407,212.536217989212,213.875885522783,215.239187871152,213.871712157986,214.091323905132,208.754307169722,205.676368185363,194.253816254465,191.817648979185,187.045187837025,181.018491879656,174.137115441329,169.927020009264,164.115035376047,164.230137112536,159.269234753146,158.004680633206,NA,NA
NA,NA,NA,210.977160889228,211.797887153524,207.800249334726,205.070894749646,207.135652476513,207.621197755175,203.611693707483,198.423694192948,197.501489038738,194.493989767971,194.874205074154,198.681729967386,197.183198269777,197.57314785748,195.284162276122,194.755662847955,194.480886189535,192.950875795416,191.633544312034,189.592173987119,189.82813645858,189.623798364389,187.67422854837,186.833210788416,187.698256537128,188.688566716327,189.659391030446,190.988148979359,192.011200997517,193.173163317743,197.541894339356,196.66952376279,194.498155323997,195.375842611891,194.725848545312,193.088642203443,191.283768904277,187.397254995737,187.6033534173,187.264645865182,186.463413534488,186.13279722044,184.520887378955,186.220395341296,186.720372529217,187.269391941022,187.335287730809,185.148242269488,185.486599773556,186.006483344833,182.248006707418,186.083961434792,182.159029890172,178.909400294103,177.20176070274,172.009103335993,168.334014139913,165.475083418985,171.260683767201,176.27445529754,180.774308428477,186.779177367362,193.0807697169,196.380932259008,201.455684069289,205.034451084266,208.600835718891,212.449505463422,212.534559954646,213.470234688363,213.467258710374,212.88964434794,208.215612086877,201.714140546215,199.140652166288,193.318215925148,185.447315541514,180.480548232326,175.136676223969,174.235966741716,165.978116428911,163.511017707278,159.655100947495,NA,NA,NA
NA,NA,NA,210.424649683574,210.748000193059,211.554475548496,207.772446834593,207.105755352948,205.023169408236,200.840774888652,199.435832133486,197.199274268974,195.101572124074,195.675097457995,199.930030752242,198.480836377184,198.000638608586,197.307809623995,196.354028460304,194.188277304125,194.720864277249,193.108032668257,190.486795288747,192.583535309469,189.096925357636,189.113206982914,186.796457033036,191.323150950405,190.451618402582,192.706466136425,190.760104958193,190.924641364347,192.531472705711,193.432071236205,194.014854994478,195.936338958809,196.087460928588,195.366847484112,194.193626116499,194.004343002447,194.912194108897,194.193748622687,189.851731817137,187.707308157185,184.878283277089,185.025625384931,186.961038501745,187.595178073073,190.029699607426,186.425740420351,184.074562648909,184.451198545676,183.984486851673,182.17097254854,184.847912989996,183.124929462222,182.636579766975,180.918247736591,177.879701781162,175.093659730051,173.964065479792,174.352216322974,176.634544061799,183.202843392588,188.490997141942,192.918450967096,194.24234940995,200.339680194795,206.075105985433,205.772637542379,209.53025675243,210.888337069751,213.02328448288,213.389307952945,212.892112916227,204.092945840938,201.358828106337,195.133169820637,188.070644816061,184.557681377007,174.526089475789,172.474544375217,167.658140249198,167.128565289906,163.248234133444,158.695933301402,NA,NA,NA
NA,NA,NA,NA,213.938175776164,211.28837119533,209.840477881108,207.029487897625,204.169651923059,201.78596372112,201.710086118159,198.4315074024,197.409688488997,199.010761280271,200.635733919349,200.170467907342,200.902128744038,198.003175984674,197.615429688069,196.170771070601,194.753172890686,193.593294184852,191.788152166142,192.659852675708,190.680317334122,189.657248719297,186.93178643809,187.927151564571,188.943684763788,188.986092511004,189.635126218831,188.084626116587,187.832209868605,188.816826300425,192.076750623755,191.36007569741,188.323326947726,193.027555696193,192.105349552466,188.422248781626,189.070557270343,189.019028920273,186.035807305447,187.68361339857,184.748817079674,185.827792737761,186.565531821859,185.692902907613,184.524848583157,184.360311928298,183.067032351623,182.509061762707,183.048506532959,183.220412753052,184.174792464676,184.730195941496,187.971805644249,186.090025559715,183.0787529951,182.059644022628,177.825504316803,178.652920271237,182.384946178653,181.816148217712,185.870305036587,193.422537530133,196.078856316431,200.257384717413,206.371855744906,205.459688053152,208.055238070302,213.041109209992,212.023768588549,210.727254751649,208.6099840603,200.875781658743,196.792646877618,190.062594342267,184.764250273238,180.999935694257,174.918818903791,169.663629303286,166.419096393858,163.21698364277,164.881834645567,NA,NA,NA,NA
NA,NA,NA,NA,207.793036841687,206.087305928177,205.467447994636,202.40802876737,201.303832110159,199.746228498695,201.564566676225,199.977572986528,199.299082466011,201.447423713889,202.517978578525,201.836977834012,199.888286761943,202.452818080931,202.831611001277,197.462018166484,194.679292593166,194.500928759459,190.512245036057,192.384405024843,191.444151277498,186.168222648746,187.108614921224,188.066847839649,185.974504297481,185.155773372783,184.935258957242,184.081512365601,184.53666112344,184.758833653729,186.42082369725,185.271816334744,186.84240741809,185.757147366295,185.703644732937,182.389053055231,181.756448507156,184.044068704903,182.413975155609,181.831764009601,183.075700120149,183.284813571446,183.28159970031,185.333998744825,184.118955671884,183.144714059715,183.831309187297,180.836797518586,181.961698916392,183.132677130893,185.754689062056,188.329355318502,187.577158578744,184.717105987914,183.818279587301,182.885730217266,182.817428048288,182.625621607485,181.844344109351,186.834041844291,185.509121393918,190.236528730052,191.531288816948,199.204050266738,201.79577404305,205.295842629493,206.256681109941,208.332092810409,209.656535039905,210.815778281136,206.018225670305,201.236201318982,194.885226005096,186.076766323203,178.603050093461,175.917798539707,169.284577968686,168.446618269176,165.656351456856,162.395742896322,160.379175740821,NA,NA,NA,NA
NA,NA,NA,NA,202.508280431764,197.184056012003,200.962187768073,200.132261521436,200.617524395873,200.980393083665,201.162082397857,200.642596377056,202.661969854256,206.758067510447,202.860337438621,200.414761055102,199.495881908697,200.852373192958,200.471996503286,195.912257907877,195.089771666043,193.066490704573,189.371247347999,191.797293747815,187.468270893724,187.220495458175,186.556763407299,185.016029832621,182.690115711834,184.124692086765,179.749530274476,181.035363402536,181.913762033604,180.437590121009,183.458500710573,183.47153545948,184.48969438158,183.607288796639,179.62842851395,177.388238056515,178.334113318166,177.907978452357,177.231518513334,177.484685421151,180.11996286985,184.35071071466,183.617850146898,184.195193191816,185.065196616976,182.87287702267,181.39298598549,184.164286506487,183.409161417658,183.548832135718,184.830614396535,184.856710277089,185.56092284436,184.392017775879,183.384859431577,184.524564906632,186.205268375392,183.58212404456,183.345883987527,185.948156503393,188.304106106757,190.864490715541,190.688635938668,196.989946185798,196.823429579989,202.458283110581,207.103347096474,205.855239156871,207.247225083583,206.202135025615,201.195565208384,195.934551202881,193.729656836732,185.384181695165,179.721300956248,173.930518602987,170.335704002027,166.128414659172,160.453298750327,159.538827657764,156.295684773655,NA,NA,NA,NA
NA,NA,NA,NA,NA,197.64193574953,199.963836232457,199.480004747806,201.17095335021,198.922266710844,199.077405756942,200.067997432629,201.848728139755,198.747130416205,202.294569188031,199.477233440786,199.870767088868,202.433633919444,199.878480229938,195.959741915195,194.42062313824,193.758053795683,192.317759576627,189.072000259049,186.969602877473,185.635211259135,185.434830471344,182.58819678543,178.336100308647,178.778350723917,177.386630204279,179.009034656602,180.240256353204,179.363170051663,179.179189144987,180.918496081577,178.685899121036,178.455168374142,180.104697348638,178.133018688263,178.489029432198,177.908487543531,177.973626469224,179.507680927137,179.607941227314,180.911021622345,181.482852215118,183.944999318352,187.296292936283,185.209574194954,184.213194985936,185.46524386186,184.339499283914,182.938321294967,184.466364568184,185.130891017109,185.824747055644,182.634434398594,182.991842409886,184.066139306484,185.205375069972,187.080244841904,184.599269831661,186.970585448231,189.53852993716,188.313381048506,187.093240459399,193.203077828019,197.039383034107,202.568479637257,207.489278441537,206.278248902456,205.095304752794,201.15676907885,200.885557623359,196.911724861666,192.3295603963,181.749994311984,175.280926537608,172.293628043998,169.568293351603,164.135195685299,159.333647840535,157.991448370598,NA,NA,NA,NA,NA
NA,NA,NA,NA,NA,198.44580480463,197.54968783111,196.041685274176,196.290984420126,198.126145556401,198.947785508415,201.961466593811,202.500060144555,200.389726497301,199.104475454469,199.82683667083,200.631834657688,197.551273879444,196.903381598607,195.642625495378,194.950580299596,194.305897939295,193.108612648325,190.558553180309,187.904088913558,186.018926424908,184.179832121672,182.651946876552,177.994508702377,175.958658749104,175.094631738679,175.493981660177,178.89900163703,177.156248005857,177.686745659195,175.614939407511,178.201417516093,179.256134412826,178.404601476161,174.287253355494,174.65305136294,173.449487053409,175.161594516759,175.700286291037,177.083620617479,177.590432185596,183.298175156215,185.329384477118,187.539005774373,185.525798346034,183.089415069031,185.699011157537,186.680917526613,184.768533029877,184.724850441722,183.736451728514,181.866414534479,180.525122242313,185.857698319013,181.81270882019,182.58872331772,186.096875718667,185.551249731433,185.734047280063,190.307527221343,188.439584147914,187.153375330588,193.749180811009,197.239476596865,202.693495556281,207.914777616802,209.308271646454,204.769359983245,200.407406896116,199.474848256321,199.387149395959,192.468469883955,182.19802855789,170.597527919288,169.943745303372,166.982711334895,162.463167324288,157.085213569519,150.934765632698,NA,NA,NA,NA,NA
NA,NA,NA,NA,NA,NA,197.323179471047,196.026068398487,193.587826001469,193.689487340746,194.392867601165,198.220179615405,201.05238853393,200.133998838625,199.678707787314,199.646443805328,197.706751989488,198.715017919196,197.598250535388,200.066172583781,197.605186487036,196.329774520118,193.569519448579,192.759894218084,191.473192669762,189.7907505863,186.923824993971,183.378102455001,179.04284986635,174.983793277871,175.690732598386,179.204321382963,177.433926780596,178.518134787325,177.374428277968,175.116106388147,173.857308145421,174.588582857062,172.296107560228,172.751287324787,173.230843805928,175.240008234697,174.745713615448,175.444641087563,174.562460976482,176.432876384635,179.559746791606,183.957541270078,184.925929127496,185.591337781854,187.029205185637,189.194650317026,185.411185719321,186.674538021728,184.25447889856,180.305759509132,181.431146906232,183.964584636953,184.780484316469,182.214210684267,184.612433416279,186.019909114653,185.350478186336,187.071714388128,188.634285274966,186.880270811402,188.006888571023,192.412669709751,195.791689513905,202.530146668022,205.695587516929,208.506045997634,204.738809173659,204.600224604348,200.927003547076,197.397432553373,190.166733632581,178.318994695904,170.515640379194,166.525833185843,164.462097912311,160.020141837048,156.389405383818,NA,NA,NA,NA,NA,NA
NA,NA,NA,NA,NA,NA,200.104140600185,195.656171171027,195.725150411375,196.389919208633,195.682200555948,195.998094245741,196.460086586528,199.769612982699,198.654777979117,196.376309538588,196.383091403837,197.834273054634,196.382868188696,196.858628779635,196.569139651726,195.368054226718,193.851278655422,195.815748803955,192.188412653019,188.927807098315,187.483711583916,180.511468926001,173.083623434926,174.087837112776,175.196370054603,176.780168570662,178.374309319897,178.286757260845,177.808662534777,176.110151656789,174.656331958666,175.537853091678,174.305380819753,173.270629892504,174.316086418898,175.30772401562,176.040637468842,177.768584225743,176.887353184291,177.857981979316,184.368280644018,182.232463280201,182.670704877761,185.717506855019,189.29061858732,188.93707677583,184.736475956006,183.958104553383,180.951041693506,182.147585131055,182.173473712422,183.573735729861,185.224624771725,184.284098775418,183.400180356569,187.716924497091,186.735283127592,188.224307993106,190.301057310432,187.143566326211,187.674852749767,194.051336297846,195.451605887954,201.007295983501,205.082565668071,204.039608725942,202.389413506865,203.433551600093,200.326567154529,192.183232479189,182.192848199015,172.233921386991,169.977262976863,168.389754360591,161.675150076984,155.350444440391,151.501834454859,NA,NA,NA,NA,NA,NA
NA,NA,NA,NA,NA,NA,NA,194.116369093006,196.907020393988,195.933420730677,199.265759534075,197.016195449846,196.871809674782,195.461111253423,196.491075531261,191.197957910532,192.504293790351,190.431696349689,196.833412452364,194.751009453966,191.703109774619,192.02059563827,191.292098703038,187.965631161386,187.681037775012,185.244705913203,180.480556462608,177.065932599039,173.8769414955,175.884479343104,173.586743045667,176.744283271591,176.200020470535,177.80613103091,176.543665743607,176.47881028568,173.714869470903,174.445345454886,174.879330125898,174.409377357686,175.239397349735,175.763499655441,178.849879637398,177.431756507407,178.149813072398,178.76854028153,177.920250763191,182.686880961248,182.244405486487,183.242440953077,186.741617818797,189.340337917879,185.465119206866,183.190934562356,181.752756210689,182.219884949748,182.291267605982,184.667771735911,184.703631550385,184.981135932372,187.977686738509,187.933471939266,191.073159120955,190.610204603451,189.744330827085,188.416371323676,187.714486037706,191.26864731094,195.580611286974,196.85527103891,198.853765367624,205.052640781944,203.525301724727,198.225953737317,193.60268089419,183.648910875269,180.772391028792,171.380099473235,166.549212878231,165.395809055332,160.120772629044,156.276983522217,NA,NA,NA,NA,NA,NA,NA
NA,NA,NA,NA,NA,NA,NA,NA,198.257102244034,192.547627156764,193.414857766196,195.669695461539,197.143838375782,194.632169981566,192.855951537622,191.458800811261,182.02112685746,183.568170510109,185.00803946584,186.241903453223,186.992894439775,184.866636782897,187.286982537437,183.875013004766,183.963935936779,182.018634024615,178.882969355366,178.965384953771,176.927632147613,175.072251899293,175.832474438942,176.342801074723,175.91208172436,174.610109370364,173.914642751839,172.157255231995,173.616112157056,171.752825975644,172.134574872441,172.001409851325,174.218105749436,175.578142412111,175.733147101669,177.172125508931,176.036336386304,175.088669289892,180.105627209371,180.67666042435,178.568024792729,181.319412834793,182.283509697908,182.63119345008,183.14846728596,183.46975961339,183.963015866059,183.053361694881,182.532166969416,183.343594007251,183.210998808075,183.678081683834,185.997070922586,187.289759286993,187.19734107787,189.736996845384,190.169620964615,191.896682092632,188.55266162052,192.149584997123,196.920147311144,197.28403862269,201.870318635698,200.456067554986,199.096391350677,191.051837291918,192.673727392688,185.720422285888,178.652671892863,169.532510800759,166.525255333005,161.304977211501,151.541059483604,NA,NA,NA,NA,NA,NA,NA,NA
NA,NA,NA,NA,NA,NA,NA,NA,183.214218281059,183.671060730225,184.910878066307,184.892641202351,177.83010375822,174.954437258791,173.622131569605,183.292436225649,180.891365547005,175.877582472823,179.269168099383,178.842095300399,179.906652072662,180.901821963628,185.778335735556,183.532671709253,181.078329501182,177.486315486099,176.026214419174,172.937782947196,175.795967361532,174.776969237644,176.487943286411,175.288018906678,171.775037028712,173.865149605348,169.299764140737,168.949801568472,170.579533613094,171.333935131444,173.474122322627,174.427323853904,174.539417744717,177.159696817296,178.612851212179,178.334224322529,182.728659574185,184.176795458615,184.12516847711,182.152867570555,181.435876428395,184.468128666723,183.235021092976,182.523354615766,180.362823014909,179.836196481572,182.42955093415,183.651249809334,183.69615492336,183.734401021625,185.138861320104,186.021625000099,183.050836166349,185.409819307614,187.174793278792,188.2540327546,191.906457691297,189.58714589054,186.322116072043,193.773905686763,195.197968278841,198.136197438547,199.084980218892,191.550563671675,193.951984990061,191.813327226163,189.387165212369,188.387505815393,179.610325235237,169.230364314981,165.577319299917,160.221993655095,150.952054288936,NA,NA,NA,NA,NA,NA,NA,NA
NA,NA,NA,NA,NA,NA,NA,NA,NA,179.438777608021,173.672968631354,175.242850416656,170.912262253503,174.474826761846,171.309449154513,178.852824797468,178.097555679803,175.583109326183,173.094324383438,175.751681647996,177.440939710073,178.454224874606,179.710668201505,179.748903447718,179.182062605393,175.350560460567,174.578901991668,174.608427242914,176.613690164454,177.246441049131,176.371442099736,175.773966190622,174.873317479298,171.818327621114,171.353123784413,173.479613806683,171.538967721473,171.521818746893,171.969646574662,174.810215937172,173.748986254896,178.28372482422,182.006722044039,181.23089115439,181.566052172609,182.123449710235,182.045750094293,181.663025834298,180.670375300001,182.120116902652,180.696628877114,180.039211329232,180.478263368478,179.768528559852,183.082899909308,183.075570653259,183.468496449699,183.414560073488,184.640963333397,184.197421769703,181.953754717355,183.800572262336,186.309107996801,186.880335197016,191.726220819357,190.572726041971,188.6273129299,191.483326289518,192.026684005351,192.961026370757,194.562692625598,191.253037104402,195.792214918351,189.217666985229,186.431301181965,189.511873552524,174.717521411315,166.561372072436,158.708155513404,153.093149831275,NA,NA,NA,NA,NA,NA,NA,NA,NA
NA,NA,NA,NA,NA,NA,NA,NA,NA,NA,166.530878491453,166.065253471657,164.147604664408,169.539580762683,171.254935426608,171.042591542861,173.604406923618,172.646813611793,173.53923441185,176.431049542192,176.763270231399,177.248086765828,177.653213425921,179.779965762425,176.212444874522,175.241197198523,174.625372350205,175.507594272617,175.342855028719,176.317157632793,174.795572742067,173.66731443216,172.923156317508,169.733103808458,170.241590589004,169.91837596194,171.771262915236,171.467607285316,171.249419619015,170.856387121555,173.988528844111,181.239776294264,182.634937666554,183.285101079526,182.118501099921,181.29136210655,181.273199654123,182.708958115132,178.695872640035,180.33861752516,181.787310793257,180.434410308304,181.641907259254,182.107503375276,182.962911502058,181.215231658781,179.18443949535,181.371704189525,184.1574688709,184.841841710752,182.557202047915,186.216655069702,188.918659826565,188.448869144351,190.6791567766,188.748429443459,187.644840687445,191.592576366966,194.069894972813,191.642473270417,193.499567585393,190.143897506043,188.681217591739,182.862821002951,183.90310712541,179.326010554501,173.697460811548,165.013029450523,159.516743690849,NA,NA,NA,NA,NA,NA,NA,NA,NA,NA
NA,NA,NA,NA,NA,NA,NA,NA,NA,NA,NA,157.945358657812,161.581301260749,162.082869272787,161.713500574137,170.191642427955,172.442957372812,176.050697857952,172.856554072382,177.892801026383,177.133611457041,177.320601899084,176.059105343811,174.683282323127,173.219357330483,176.062998001338,173.691403338178,172.11649514789,175.747442431004,176.473996534037,174.326773692616,171.716293477907,170.276980551736,168.78344660252,167.416806476608,166.702386531871,167.842896905962,168.444368577558,172.012082769577,173.028116517757,175.965647041937,180.345240651882,182.602370300631,178.507468254307,180.396618162204,179.634073178603,179.371287588263,179.238938902357,180.552695160206,179.861107085958,181.182811100746,182.750843772524,182.017423772032,183.078969703078,181.179995014749,179.720720022912,180.940786152202,181.046747104635,184.157402551649,186.680200151599,186.702957385766,186.401976566625,186.394743735977,187.840676550435,188.880427151591,186.215966444438,186.928265754306,188.680831516063,193.401351537543,189.775477196919,188.812118210936,192.852015636879,185.999511226384,181.161705305021,184.134737107064,174.752353044677,170.53275997287,158.516860224562,NA,NA,NA,NA,NA,NA,NA,NA,NA,NA,NA
NA,NA,NA,NA,NA,NA,NA,NA,NA,NA,NA,153.032211684901,154.088761683342,156.883621371772,154.826427794834,160.51654739335,164.222730560243,169.940173013892,170.637148426346,170.231742560219,173.989372273356,172.781335446122,174.782554690001,171.024440145305,172.975885970585,172.904061767501,173.51133104276,174.884611649077,173.528373165032,171.527321452388,170.688229913462,168.66733904775,168.331482316074,165.781148597794,165.855488459413,164.737965591017,165.108790563292,166.454065247827,170.035410676931,172.977029456909,176.798609846533,178.769895443044,177.674114414068,176.846721702674,178.405774193998,180.562204410493,178.45629423834,182.364255234899,182.539522832352,182.65338106855,182.672678259343,183.387890855282,182.169283765897,181.978895556486,182.15475288704,182.286820125319,183.356403821383,185.323546297153,185.207079323489,187.928296190946,186.735487612693,186.8801533256,186.908085922036,186.08803467081,189.28338201576,184.825809826536,182.28231851579,186.82873478907,188.991418788523,188.728927451243,188.25736639736,188.662861264539,182.9983153089,181.709987044366,173.466858995465,170.88111412813,162.604916737275,158.133520989572,NA,NA,NA,NA,NA,NA,NA,NA,NA,NA,NA
NA,NA,NA,NA,NA,NA,NA,NA,NA,NA,NA,NA,149.591709740937,151.761034194257,152.641057294548,151.335609192458,154.548648539346,157.08909843299,163.581456898027,159.470171029516,165.833777670016,165.194284008268,168.457492374016,166.36327819615,166.319988974054,167.028809659894,169.839428316668,165.767066583281,167.356616514063,166.43464928626,163.749641410423,166.597853287437,165.499039083268,166.997380612875,166.581073700134,165.876517354475,166.760527928494,169.764324160506,168.809591407664,173.851128393692,175.669187202612,177.46963459112,177.335406404252,177.085851379666,177.258496780053,179.709911209749,182.62636216002,179.916033577209,179.867142844944,181.715467340465,185.095083732136,185.280403617193,185.95621330819,185.959518725475,186.746688343672,185.020663757206,184.911133405753,184.894291595328,187.748967971054,186.211966804469,186.026211271842,184.826519334073,183.504248365506,184.635305017706,182.149200526128,181.600140467767,179.874286072338,184.563011551568,187.259467401265,190.883682389884,186.161149628742,187.033159522161,177.813861324153,174.172722903661,170.631698789664,166.240475917194,159.753455843428,NA,NA,NA,NA,NA,NA,NA,NA,NA,NA,NA,NA
NA,NA,NA,NA,NA,NA,NA,NA,NA,NA,NA,NA,NA,150.130386586707,149.371806518323,150.805333060941,151.617357382943,154.421924778104,156.16091418179,156.277907943643,159.834643863871,163.007472968288,162.006199731114,160.141333991437,159.768267861941,158.506696732885,160.285983439719,160.714173428372,158.947970902186,160.574701054383,159.86358481363,165.11728249641,164.816233338212,165.973740588126,165.298051109837,167.723707593845,169.339916738096,169.611352665758,168.759534863427,173.519628158147,173.291184371975,174.36339683782,176.528697318364,175.015665630018,170.593976380132,172.924081428406,178.021813242045,179.575076748974,180.447809104124,182.956691804991,186.452132825259,185.632931997948,186.370016546682,186.127515232196,185.430659071447,186.539183452625,186.252303285994,184.870985692242,186.994725091565,184.232472297599,183.519131960815,182.604595897848,175.237700230854,180.246919771957,178.503294381092,177.819507287151,178.765566233704,179.748784882837,178.797391731585,184.451882051664,183.117877464112,181.279663367783,176.665250794621,176.559920514867,169.335303570143,166.413503085026,NA,NA,NA,NA,NA,NA,NA,NA,NA,NA,NA,NA,NA
NA,NA,NA,NA,NA,NA,NA,NA,NA,NA,NA,NA,NA,NA,150.813875812163,151.736485932344,151.595148426349,151.518003424704,153.117322183162,152.609232838335,156.521437505305,158.0771955829,158.790353629625,159.006342618048,159.679172241562,158.304241351129,157.533589250882,159.091728475896,159.397357336052,159.631710595543,158.632035621153,158.99039609548,165.342129333131,164.299172836156,169.306099289156,165.354015681156,171.531370777855,172.256356420251,171.607183387536,169.155889556186,171.31078816096,172.572209215662,171.73694618292,173.979522153058,173.070826049462,176.823260489685,177.181882209527,178.304535308667,180.377509302895,183.434055516598,184.850395931947,182.806949094352,187.050505632012,185.217317311303,185.729947332487,187.713817128484,186.130534243127,184.965204088942,185.715500347648,181.177014935899,177.330989901253,180.861140504382,174.282665902198,175.362734705685,174.733623469854,173.91071162509,173.151184022022,173.209434810504,176.869773227177,180.20653027691,176.901465227371,177.603774769156,173.938093975459,170.892099396715,168.779394616076,NA,NA,NA,NA,NA,NA,NA,NA,NA,NA,NA,NA,NA,NA
NA,NA,NA,NA,NA,NA,NA,NA,NA,NA,NA,NA,NA,NA,NA,151.702709167231,151.996215106819,150.514534945055,151.462765643322,154.444630289674,153.127384313911,154.286049653198,155.256912617321,154.652394412088,156.903078365685,155.471876041885,154.771982030921,155.759083908857,156.159119038286,156.733402228878,157.94373070891,158.563250889416,157.48396032043,157.710948464819,159.337561281298,165.85479288641,166.488226265172,166.512776022552,169.203188940943,166.191266003842,168.365694636637,168.740946488865,169.494893420168,170.396661703769,169.631373093969,171.077301950571,175.1946164484,181.228057042763,180.271447011761,181.580174310784,181.212686719187,182.897587374877,182.585015407234,183.80236708882,184.007947279377,184.766308260637,183.675216748971,181.292733438752,179.402349282092,179.389164200254,178.370790140566,176.974958904104,172.974521872773,169.454803011342,170.09325822772,172.229628270039,168.823450302308,171.1062031581,174.006048592649,175.118111579235,175.911417363313,169.218934676694,170.893117215198,173.412248315953,NA,NA,NA,NA,NA,NA,NA,NA,NA,NA,NA,NA,NA,NA,NA
NA,NA,NA,NA,NA,NA,NA,NA,NA,NA,NA,NA,NA,NA,NA,NA,NA,151.798717467277,153.795148593763,153.640883974451,151.770869596815,151.23829095064,153.764738504071,155.321787563708,156.283491007064,155.963927027158,155.56498400826,152.263618374187,152.989171502216,155.329903708585,156.798719181984,157.681128637937,158.159621376688,158.220979522702,159.372698174389,158.837079283767,160.41371256385,167.340932392396,163.67177122427,163.978376558385,164.598216261886,166.458384494565,167.315471493427,167.718082015933,168.607806128016,171.232752676882,171.075539100702,172.782683123779,174.086239688597,176.686806829036,176.25169047723,180.028003582869,179.133495348142,178.995189833778,180.907639860623,183.664722850185,182.462031701457,182.97811331364,182.597410084102,177.518547756375,176.918583496035,171.707885981496,167.536117696687,166.199528165221,161.753498340795,163.548038686649,165.282469256096,166.13005342816,163.66656855665,162.756492748898,169.27063395401,161.842650247136,NA,NA,NA,NA,NA,NA,NA,NA,NA,NA,NA,NA,NA,NA,NA,NA,NA
NA,NA,NA,NA,NA,NA,NA,NA,NA,NA,NA,NA,NA,NA,NA,NA,NA,NA,151.904448705719,153.082167155695,150.258974779649,150.775012405702,152.6884804563,153.114263716007,153.377705083311,151.654726932747,153.187949384321,154.255972093089,155.127895896699,156.359267777357,156.340470380492,159.349504879286,160.070397665098,157.957400036663,159.514357016918,158.926483338492,158.654236525696,157.466442368463,159.888483940595,160.29870145242,159.516301328435,165.108762015094,166.832719737063,166.933776028035,169.738898883008,171.866560495911,173.591629781614,174.894248934239,173.977911199418,175.257398803785,176.619160144071,174.94783104244,174.209949251298,177.851297102897,179.017465466058,179.656958158177,180.591181432654,176.688762708492,174.129888370714,172.430882738626,169.914228172473,169.505076748211,167.161766364837,163.454403279499,157.756368088528,158.19383506155,159.186095123281,163.827586636083,161.965490090684,161.727293300043,161.896143463592,NA,NA,NA,NA,NA,NA,NA,NA,NA,NA,NA,NA,NA,NA,NA,NA,NA,NA
NA,NA,NA,NA,NA,NA,NA,NA,NA,NA,NA,NA,NA,NA,NA,NA,NA,NA,NA,151.933929613895,152.314367988,153.29778536092,151.032570608185,150.223387978312,150.974448135939,152.055726234029,153.579217963232,154.153750802527,154.827203846346,156.430656472847,157.351311817095,159.797831367754,159.42472506796,158.626321198148,158.555615062698,158.51723351017,157.81310981583,156.650008922875,156.014478353204,158.64929662734,157.818754282147,160.369672787687,160.076125271923,168.104643527394,169.52875592994,170.419210069965,171.004785557523,170.811808117321,164.674098854062,165.060362905691,169.873393176669,166.838172532342,171.867744367754,177.861830866802,179.221830092222,174.402379476713,173.661839720899,169.526023208719,169.341487072677,167.925103478602,166.677566617686,163.299241961222,159.352675637021,157.180364964121,155.366222653173,155.415985482087,156.33274515187,159.027419773837,157.362281791667,159.674334836945,NA,NA,NA,NA,NA,NA,NA,NA,NA,NA,NA,NA,NA,NA,NA,NA,NA,NA,NA
NA,NA,NA,NA,NA,NA,NA,NA,NA,NA,NA,NA,NA,NA,NA,NA,NA,NA,NA,NA,NA,150.878816366479,148.504417831547,151.660756478489,150.947393013656,151.707298050482,152.52014998687,153.778878212213,155.698546685332,155.87642765825,156.750282187074,156.647900293187,156.66124929021,156.476328966961,157.480898070519,157.85289900183,158.101110997996,157.875037666629,155.955443231535,156.008311099961,155.990791369288,155.052943823189,155.498230621019,157.743528961654,158.157336927398,159.488387008852,159.777070940419,157.93219104265,155.739425225073,155.519776407253,153.714018256324,152.825377240673,157.240120865746,157.787187731427,159.617491753522,161.027314726057,159.472727439278,158.37014185785,162.353910476848,161.249334751432,161.735074238241,155.532139479827,153.901674039276,155.937108270953,153.855992449251,152.637808077867,153.711101194001,153.776624324406,NA,NA,NA,NA,NA,NA,NA,NA,NA,NA,NA,NA,NA,NA,NA,NA,NA,NA,NA,NA,NA
NA,NA,NA,NA,NA,NA,NA,NA,NA,NA,NA,NA,NA,NA,NA,NA,NA,NA,NA,NA,NA,NA,154.137500777069,153.715802280344,153.819441801038,153.618542915888,153.001353949909,154.752230595872,154.142402851492,155.109692968163,156.45108603598,155.399182702825,157.886998926726,157.513165455802,157.720436361808,157.776655407058,156.928226668143,154.895063207319,155.555970153463,156.811757791975,156.608467300018,155.997072578531,155.199077296196,155.698098749723,156.600545582942,154.673502438858,154.893599768279,157.19203080933,154.325940125671,151.074999517687,150.693504102674,151.189808216327,148.088709435595,148.693777901,152.605618330794,150.553877308554,153.398362972396,153.791257072861,157.72641050229,155.675504992843,153.337920004545,151.98338986444,149.794706670151,152.567973252545,148.621141434969,147.609991863584,150.313806201894,NA,NA,NA,NA,NA,NA,NA,NA,NA,NA,NA,NA,NA,NA,NA,NA,NA,NA,NA,NA,NA,NA
NA,NA,NA,NA,NA,NA,NA,NA,NA,NA,NA,NA,NA,NA,NA,NA,NA,NA,NA,NA,NA,NA,NA,NA,153.965964673726,154.827620955698,153.40652734713,155.163198523838,155.588982487206,154.656173630196,153.989272127272,157.149218450015,157.959492542719,159.248920537095,159.27381404081,159.172666773867,156.920054036852,156.614497413821,157.775989712029,159.607867637151,158.154345764031,156.334105321024,157.862657859841,157.987896499353,154.85987238931,152.631104242086,152.392902896965,150.07207368689,148.768469369647,145.520831589699,145.50054287359,146.195043864046,147.175465583059,148.127573481988,148.900693676264,152.112743802839,153.135605401453,156.267741361479,157.293311010212,156.132512085517,154.579670140591,150.673223490472,152.017420979497,149.669814464158,149.079318066715,NA,NA,NA,NA,NA,NA,NA,NA,NA,NA,NA,NA,NA,NA,NA,NA,NA,NA,NA,NA,NA,NA,NA,NA
NA,NA,NA,NA,NA,NA,NA,NA,NA,NA,NA,NA,NA,NA,NA,NA,NA,NA,NA,NA,NA,NA,NA,NA,NA,NA,155.325369498095,156.891852999466,157.702488412509,156.310416561064,156.245858584824,154.949940197551,156.943839757048,159.09498136808,157.293825154288,157.357550082503,158.216799672079,158.984908258804,161.593657967584,161.430246607118,158.588194172268,157.196089331999,156.197297155835,154.704843934752,153.527782651431,150.854300212475,147.948337727557,147.749362882645,145.499346133568,144.269840849016,147.017416040651,147.947249852517,148.464914760282,147.083281040765,150.122203078262,150.585753307217,155.227487373539,156.464577253998,158.188673864705,156.786102991583,157.57770748249,153.411084366324,150.90946475638,NA,NA,NA,NA,NA,NA,NA,NA,NA,NA,NA,NA,NA,NA,NA,NA,NA,NA,NA,NA,NA,NA,NA,NA,NA,NA
NA,NA,NA,NA,NA,NA,NA,NA,NA,NA,NA,NA,NA,NA,NA,NA,NA,NA,NA,NA,NA,NA,NA,NA,NA,NA,NA,NA,NA,153.119988430748,155.70569454635,156.232823029898,157.78191946646,158.442800631102,159.698763142883,159.522629445499,159.875126146115,160.513269737602,160.050847085658,161.471781639057,159.837969286654,157.473920258851,155.762144379729,153.422585326396,150.286545976381,149.428977031729,147.85192566939,147.243064028101,145.749635987201,146.288960707848,146.514530391765,146.518192137193,147.691121821335,149.95332146018,153.521551590566,154.310381484562,156.00625990771,154.811178344895,156.543011548267,157.964121159877,NA,NA,NA,NA,NA,NA,NA,NA,NA,NA,NA,NA,NA,NA,NA,NA,NA,NA,NA,NA,NA,NA,NA,NA,NA,NA,NA,NA,NA
NA,NA,NA,NA,NA,NA,NA,NA,NA,NA,NA,NA,NA,NA,NA,NA,NA,NA,NA,NA,NA,NA,NA,NA,NA,NA,NA,NA,NA,NA,NA,157.086756231297,157.166995770598,157.372099682237,158.665390965306,161.215742574336,159.329599286051,159.422467271905,160.515981204253,158.459761262577,160.698721036008,158.135683652921,154.91072350869,152.553165047814,151.610521889796,148.523901326595,146.809939640751,147.941683623808,145.677884835297,147.524448996537,149.149214113076,148.090632222036,149.831001513761,151.107834006862,152.470863865088,155.279557517528,156.176583107844,157.31165770755,NA,NA,NA,NA,NA,NA,NA,NA,NA,NA,NA,NA,NA,NA,NA,NA,NA,NA,NA,NA,NA,NA,NA,NA,NA,NA,NA,NA,NA,NA,NA
NA,NA,NA,NA,NA,NA,NA,NA,NA,NA,NA,NA,NA,NA,NA,NA,NA,NA,NA,NA,NA,NA,NA,NA,NA,NA,NA,NA,NA,NA,NA,NA,NA,NA,NA,155.608059522956,160.198233270101,160.858207391992,157.853274607988,156.482656483807,155.247914084518,152.896034141666,151.473146958735,149.012680091633,149.196649086267,146.672600843128,147.975182927005,149.259120513093,146.136346775122,148.217417763972,149.611263822261,149.874638399026,150.52036496169,151.861182814029,NA,NA,NA,NA,NA,NA,NA,NA,NA,NA,NA,NA,NA,NA,NA,NA,NA,NA,NA,NA,NA,NA,NA,NA,NA,NA,NA,NA,NA,NA,NA,NA,NA,NA,NA
NA,NA,NA,NA,NA,NA,NA,NA,NA,NA,NA,NA,NA,NA,NA,NA,NA,NA,NA,NA,NA,NA,NA,NA,NA,NA,NA,NA,NA,NA,NA,NA,NA,NA,NA,NA,NA,NA,NA,NA,NA,NA,NA,NA,146.65051437688,NA,NA,NA,NA,NA,NA,NA,NA,NA,NA,NA,NA,NA,NA,NA,NA,NA,NA,NA,NA,NA,NA,NA,NA,NA,NA,NA,NA,NA,NA,NA,NA,NA,NA,NA,NA,NA,NA,NA,NA,NA,NA,NA,NA
