"V1","V2","V3","V4","V5","V6","V7","V8","V9","V10","V11","V12","V13","V14","V15","V16","V17","V18","V19","V20","V21","V22","V23","V24","V25","V26","V27","V28","V29","V30","V31","V32","V33","V34","V35","V36","V37","V38","V39","V40","V41","V42","V43","V44","V45","V46","V47","V48","V49","V50","V51","V52","V53","V54","V55","V56","V57","V58","V59","V60","V61","V62","V63","V64","V65","V66","V67","V68","V69","V70","V71","V72","V73","V74","V75","V76","V77","V78","V79","V80","V81","V82","V83","V84","V85","V86","V87","V88","V89"
NA,NA,NA,NA,NA,NA,NA,NA,NA,NA,NA,NA,NA,NA,NA,NA,NA,NA,NA,NA,NA,NA,NA,NA,NA,NA,NA,NA,NA,NA,NA,NA,NA,NA,NA,NA,NA,NA,NA,NA,NA,NA,NA,NA,1043.13230225125,NA,NA,NA,NA,NA,NA,NA,NA,NA,NA,NA,NA,NA,NA,NA,NA,NA,NA,NA,NA,NA,NA,NA,NA,NA,NA,NA,NA,NA,NA,NA,NA,NA,NA,NA,NA,NA,NA,NA,NA,NA,NA,NA,NA
NA,NA,NA,NA,NA,NA,NA,NA,NA,NA,NA,NA,NA,NA,NA,NA,NA,NA,NA,NA,NA,NA,NA,NA,NA,NA,NA,NA,NA,NA,NA,NA,NA,NA,NA,1132.75107592092,1125,1107.3617295175,1097.72492000501,1095.73035004056,1104.53610171873,1095.73035004056,1098.29413182444,1077.0329614269,1081.6653826392,1063.60236930913,1054.75115548645,1043.13230225125,1030.77640640442,1000,980.114789195633,965.012953280939,980.114789195633,941.076511235936,NA,NA,NA,NA,NA,NA,NA,NA,NA,NA,NA,NA,NA,NA,NA,NA,NA,NA,NA,NA,NA,NA,NA,NA,NA,NA,NA,NA,NA,NA,NA,NA,NA,NA,NA
NA,NA,NA,NA,NA,NA,NA,NA,NA,NA,NA,NA,NA,NA,NA,NA,NA,NA,NA,NA,NA,NA,NA,NA,NA,NA,NA,NA,NA,NA,NA,1178.18716679482,1177.39118393166,1154.33963806152,1167.26175299288,1152.44305716161,1133.57840487546,1136.33181773635,1107.07949127423,1090.01146782958,1096.58560997307,1107.3617295175,1110.46161572564,1095.73035004056,1085.41466730462,1063.60236930913,1076.16216250154,1055.04739230046,1063.60236930913,1044.32992871027,1027.74023955472,989.002022242624,1000,1006.54110695987,992.47166206396,965.660395791398,965.660395791398,937.083240699566,NA,NA,NA,NA,NA,NA,NA,NA,NA,NA,NA,NA,NA,NA,NA,NA,NA,NA,NA,NA,NA,NA,NA,NA,NA,NA,NA,NA,NA,NA,NA
NA,NA,NA,NA,NA,NA,NA,NA,NA,NA,NA,NA,NA,NA,NA,NA,NA,NA,NA,NA,NA,NA,NA,NA,NA,NA,NA,NA,NA,1184.53577404821,1188.48643240047,1188.48643240047,1175.26592735432,1178.18716679482,1162.9703349613,1162.16392991695,1141.27122105133,1136.33181773635,1125.27774349269,1113.83347049727,1117.19514857522,1116.35567808831,1110.46161572564,1109.61705105861,1110.18016555873,1097.72492000501,1107.07949127423,1098.29413182444,1079.64114408446,1063.01458127346,1044.32992871027,1035.91746775503,1030.77640640442,1020.11028815516,1007.78221853732,1007.78221853732,990.580637807947,985.203024761902,982.980162566875,970.82439194738,NA,NA,NA,NA,NA,NA,NA,NA,NA,NA,NA,NA,NA,NA,NA,NA,NA,NA,NA,NA,NA,NA,NA,NA,NA,NA,NA,NA,NA
NA,NA,NA,NA,NA,NA,NA,NA,NA,NA,NA,NA,NA,NA,NA,NA,NA,NA,NA,NA,NA,NA,NA,NA,NA,NA,1206.49285120137,1204.15945787923,1219.11853402366,1202.3414656411,1188.48643240047,1198.17569663218,1195.04184027171,1187.69735202197,1178.18716679482,1187.69735202197,1170.46999107196,1163.23901241318,1150.27170703273,1129.7123527695,1109.61705105861,1119.43065886191,1110.46161572564,1131.92314226718,1110.18016555873,1130.5419054595,1123.61025271221,1107.07949127423,1085.41466730462,1076.16216250154,1063.01458127346,1051.18980208143,1050.29757688,1015.19702521235,1011.4964162072,1019.80390271856,1009.02180353053,976.281209488332,989.002022242624,980.433577556379,1004.98756211209,998.123238883857,980.114789195633,NA,NA,NA,NA,NA,NA,NA,NA,NA,NA,NA,NA,NA,NA,NA,NA,NA,NA,NA,NA,NA,NA,NA,NA,NA,NA
NA,NA,NA,NA,NA,NA,NA,NA,NA,NA,NA,NA,NA,NA,NA,NA,NA,NA,NA,NA,NA,NA,NA,NA,1229.07485532819,1231.10722522451,1215.01028802229,1206.75183861472,1206.49285120137,1206.49285120137,1206.75183861472,1212.69328356349,1202.60134708057,1225.25507548428,1209.59704034029,1219.11853402366,1193.99539362596,1181.63022980965,1145.09824905988,1123.61025271221,1116.35567808831,1110.18016555873,1118.03398874989,1119.43065886191,1128.05141726785,1129.43569980765,1126.11056295552,1131.92314226718,1106.79718105893,1101.13577727726,1083.10895112172,1085.41466730462,1059.48100502085,1051.48704224065,1030.77640640442,1015.19702521235,1025.91422643416,1011.18742080783,989.949493661167,1004.05428140116,1002.80855600658,1002.80855600658,1006.54110695987,995.301461869719,962.094070244693,NA,NA,NA,NA,NA,NA,NA,NA,NA,NA,NA,NA,NA,NA,NA,NA,NA,NA,NA,NA,NA,NA,NA,NA
NA,NA,NA,NA,NA,NA,NA,NA,NA,NA,NA,NA,NA,NA,NA,NA,NA,NA,NA,NA,NA,NA,1281.1127975319,1241.21915873064,1234.14950471975,1239.45552562405,1210.37184369102,1212.69328356349,1220.91154470748,1201.3013776734,1201.3013776734,1206.75183861472,1219.11853402366,1202.3414656411,1209.59704034029,1209.59704034029,1209.33866224478,1175.26592735432,1170.46999107196,1130.5419054595,1118.03398874989,1116.07571427749,1119.43065886191,1130.5419054595,1131.92314226718,1140.4494727957,1119.43065886191,1142.36596587959,1131.92314226718,1116.35567808831,1110.46161572564,1110.18016555873,1089.1510455396,1073.54552767919,1063.01458127346,1040.43260233424,1035.91746775503,1007.78221853732,1013.03997946774,1012.42283656583,1020.11028815516,1005.60926805594,1025.30483272049,1017.96365357512,989.002022242624,995.615387586994,965.983954318083,NA,NA,NA,NA,NA,NA,NA,NA,NA,NA,NA,NA,NA,NA,NA,NA,NA,NA,NA,NA,NA,NA
NA,NA,NA,NA,NA,NA,NA,NA,NA,NA,NA,NA,NA,NA,NA,NA,NA,NA,NA,NA,NA,1275,1274.7548783982,1253.99362039845,1229.07485532819,1219.11853402366,1231.10722522451,1241.21915873064,1239.45552562405,1180.04237212059,1200.26038841578,1201.3013776734,1188.48643240047,1212.69328356349,1208.30459735946,1211.66208160526,1204.15945787923,1195.04184027171,1171.537451386,1138.52975367357,1114.95515604889,1114.95515604889,1151.6292806281,1150.27170703273,1129.43569980765,1150.27170703273,1141.27122105133,1138.52975367357,1147.00697469545,1130.5419054595,1130.5419054595,1117.19514857522,1101.13577727726,1075.29065838033,1083.10895112172,1063.60236930913,1057.41429912783,1025.91422643416,1011.18742080783,1009.02180353053,1025.30483272049,1030.77640640442,1030.77640640442,1020.11028815516,1025,1001.24921972504,992.47166206396,977.880360780397,NA,NA,NA,NA,NA,NA,NA,NA,NA,NA,NA,NA,NA,NA,NA,NA,NA,NA,NA,NA,NA
NA,NA,NA,NA,NA,NA,NA,NA,NA,NA,NA,NA,NA,NA,NA,NA,NA,NA,NA,1303.84048104053,1297.11217710728,1290.59094991403,1274.7548783982,1253.99362039845,1250.249975005,1233.3896383544,1243.48301154459,1221.16747418198,1212.69328356349,1209.59704034029,1202.08152801713,1206.75183861472,1202.08152801713,1206.75183861472,1210.37184369102,1195.04184027171,1195.04184027171,1185.32695911297,1167.26175299288,1149.18449345612,1123.61025271221,1125,1152.44305716161,1175.26592735432,1167.26175299288,1152.44305716161,1152.44305716161,1162.9703349613,1151.08644332213,1131.37084989848,1110.18016555873,1116.07571427749,1109.61705105861,1095.73035004056,1081.95425041912,1065.95028026639,1059.48100502085,1027.74023955472,1027.74023955472,1027.74023955472,1027.74023955472,1025.30483272049,1032.59382140317,1041.93329920874,1039.83171715427,1026.21878758869,999.062060134404,995.615387586994,982.980162566875,980.114789195633,NA,NA,NA,NA,NA,NA,NA,NA,NA,NA,NA,NA,NA,NA,NA,NA,NA,NA,NA
NA,NA,NA,NA,NA,NA,NA,NA,NA,NA,NA,NA,NA,NA,NA,NA,NA,NA,1300,1308.86401127084,1290.59094991403,1291.55913530895,1275.98001551748,1261.19982556294,1244.23671381293,1234.90890352285,1245.49187070812,1241.21915873064,1221.16747418198,1212.69328356349,1212.69328356349,1219.11853402366,1220.91154470748,1209.33866224478,1200.5207203543,1188.48643240047,1175.26592735432,1155.96280216969,1160.01077581202,1156.77353012593,1150,1155.96280216969,1166.19037896906,1173.93568818739,1185.32695911297,1163.23901241318,1166.19037896906,1171.8041645258,1162.9703349613,1131.92314226718,1113.83347049727,1110.46161572564,1120.54674155075,1117.19514857522,1085.41466730462,1073.83657974573,1061.24926383956,1057.41429912783,1035.91746775503,1026.21878758869,1051.18980208143,1035.91746775503,1055.04739230046,1051.18980208143,1035.91746775503,1015.19702521235,1013.03997946774,1007.78221853732,1000.62480480947,986.470982847443,958.18839483684,NA,NA,NA,NA,NA,NA,NA,NA,NA,NA,NA,NA,NA,NA,NA,NA,NA,NA
NA,NA,NA,NA,NA,NA,NA,NA,NA,NA,NA,NA,NA,NA,NA,NA,NA,1300.96118312577,1302.16166431054,1300,1285.00972758964,1277.69323391806,1273.0377056474,1269.35022747861,1249.49989995998,1256.23445264011,1231.36103560248,1236.9316876853,1231.10722522451,1231.36103560248,1212.69328356349,1209.33866224478,1212.69328356349,1207.52846757333,1206.49285120137,1187.69735202197,1175.26592735432,1155.96280216969,1155.69243313262,1165.38620208067,1185.59057013794,1191.89974410602,1185.59057013794,1196.34861140054,1197.13198938129,1187.69735202197,1185.59057013794,1173.93568818739,1175.26592735432,1165.38620208067,1140.17542509914,1138.52975367357,1131.37084989848,1117.19514857522,1098.29413182444,1079.64114408446,1073.83657974573,1068.00046816469,1044.03065089106,1049.40459309077,1068.00046816469,1070.04672795163,1063.60236930913,1049.40459309077,1046.72107077292,1026.21878758869,1012.42283656583,1013.03997946774,995.615387586994,990.580637807947,995.301461869719,962.094070244693,NA,NA,NA,NA,NA,NA,NA,NA,NA,NA,NA,NA,NA,NA,NA,NA,NA
NA,NA,NA,NA,NA,NA,NA,NA,NA,NA,NA,NA,NA,NA,NA,1303.84048104053,1286.95376762338,1308.14754519511,1297.11217710728,1299.27864601863,1275.24507448568,1270.08857958805,1275,1256.23445264011,1258.96783120142,1250.99960031968,1250,1249.49989995998,1237.94184031399,1231.36103560248,1219.11853402366,1234.14950471975,1216.55250605964,1216.55250605964,1206.75183861472,1204.15945787923,1171.537451386,1159.74135047432,1160.01077581202,1179.24764150708,1200.26038841578,1202.60134708057,1207.52846757333,1195.04184027171,1197.13198938129,1209.33866224478,1208.30459735946,1192.68604418766,1173.93568818739,1162.9703349613,1154.33963806152,1140.17542509914,1136.33181773635,1117.19514857522,1082.24304109567,1089.1510455396,1076.16216250154,1068.00046816469,1076.16216250154,1051.18980208143,1051.18980208143,1063.60236930913,1050.29757688,1032.59382140317,1044.62912078881,1033.50133042972,1020.41658159793,1006.54110695987,1007.78221853732,990.580637807947,989.002022242624,965.983954318083,951.971638232989,942.403841248538,NA,NA,NA,NA,NA,NA,NA,NA,NA,NA,NA,NA,NA,NA,NA
NA,NA,NA,NA,NA,NA,NA,NA,NA,NA,NA,NA,NA,NA,1308.62523283024,1303.84048104053,1308.14754519511,1303.84048104053,1286.95376762338,1285.00972758964,1275.98001551748,1275.24507448568,1265.89889011722,1264.16968797705,1267.37918556366,1274.7548783982,1252.24797863682,1241.21915873064,1229.07485532819,1231.36103560248,1209.33866224478,1226.01998352392,1206.49285120137,1204.15945787923,1201.3013776734,1187.69735202197,1176.86022959398,1179.24764150708,1175.26592735432,1185.85412256314,1202.60134708057,1206.75183861472,1221.93494098499,1209.33866224478,1187.69735202197,1204.15945787923,1208.30459735946,1185.85412256314,1171.537451386,1155.69243313262,1144.82531418553,1125,1114.95515604889,1114.95515604889,1098.29413182444,1083.10895112172,1075.29065838033,1078.48273050615,1065.95028026639,1073.83657974573,1052.67516357136,1050.29757688,1053.8619454179,1035.91746775503,1033.50133042972,1032.59382140317,1020.41658159793,1005.60926805594,1000.62480480947,990.580637807947,976.281209488332,965.983954318083,946.374661537385,951.314879522022,921.954445729289,NA,NA,NA,NA,NA,NA,NA,NA,NA,NA,NA,NA,NA,NA
NA,NA,NA,NA,NA,NA,NA,NA,NA,NA,NA,NA,NA,1327.1209439987,1325.94306061761,1325.23582806986,1325,1297.11217710728,1285.73908706238,1294.70073762241,1277.69323391806,1256.23445264011,1265.158092888,1252.99640861417,1262.19055613643,1261.19982556294,1253.99362039845,1252.24797863682,1243.23167591564,1229.07485532819,1230.09146001425,1220.65556157337,1212.69328356349,1193.99539362596,1177.39118393166,1179.24764150708,1182.42335903855,1175,1180.04237212059,1180.04237212059,1193.99539362596,1206.49285120137,1207.52846757333,1200.5207203543,1202.60134708057,1209.33866224478,1195.04184027171,1192.68604418766,1165.38620208067,1155.69243313262,1158.12348219005,1125,1120.54674155075,1098.29413182444,1114.95515604889,1096.58560997307,1078.48273050615,1085.41466730462,1076.16216250154,1063.01458127346,1064.77632478776,1035.91746775503,1035.91746775503,1040.43260233424,1026.21878758869,1033.50133042972,1020.41658159793,1002.80855600658,1001.24921972504,989.949493661167,976.281209488332,965.012953280939,951.971638232989,952.955927627296,934.07708461347,925,NA,NA,NA,NA,NA,NA,NA,NA,NA,NA,NA,NA,NA
NA,NA,NA,NA,NA,NA,NA,NA,NA,NA,NA,NA,1328.76822659183,1333.46353530946,1320.27459265109,1320.98448136229,1320.03787824441,1308.62523283024,1283.79320764678,1285.49601321824,1277.20397744448,1267.37918556366,1274.01923062409,1252.24797863682,1245.49187070812,1252.24797863682,1250.249975005,1241.21915873064,1231.10722522451,1235.16193270356,1227.29377086336,1231.36103560248,1209.33866224478,1188.48643240047,1195.04184027171,1167.26175299288,1171.8041645258,1164.3131022195,1171.8041645258,1176.86022959398,1171.8041645258,1193.99539362596,1208.30459735946,1200.5207203543,1219.11853402366,1201.04121494643,1200.5207203543,1185.85412256314,1176.86022959398,1151.08644332213,1152.44305716161,1133.85404704486,1117.19514857522,1117.19514857522,1102.55385356,1107.07949127423,1086.56569060504,1078.48273050615,1081.95425041912,1063.60236930913,1075,1050.29757688,1044.32992871027,1044.32992871027,1044.03065089106,1033.50133042972,1029.5630140987,1007.78221853732,1001.24921972504,1006.54110695987,976.281209488332,956.882960450232,951.971638232989,946.374661537385,941.408519188137,933.407735129724,948.683298050514,NA,NA,NA,NA,NA,NA,NA,NA,NA,NA,NA,NA
NA,NA,NA,NA,NA,NA,NA,NA,NA,NA,NA,1315.76973669408,1338.37588143242,1332.76029352618,1333.46353530946,1315.29464379659,1320.98448136229,1300,1275.98001551748,1275.98001551748,1274.7548783982,1258.22295321616,1273.0377056474,1252.24797863682,1237.43686707646,1231.10722522451,1250.249975005,1248.24877328199,1250.99960031968,1241.21915873064,1234.90890352285,1229.07485532819,1220.65556157337,1206.75183861472,1202.60134708057,1184.53577404821,1188.48643240047,1175.26592735432,1182.42335903855,1180.04237212059,1185.85412256314,1185.59057013794,1200.5207203543,1209.33866224478,1207.52846757333,1200.26038841578,1188.48643240047,1193.99539362596,1180.04237212059,1152.44305716161,1145.09824905988,1131.92314226718,1120.54674155075,1125,1117.19514857522,1098.29413182444,1079.64114408446,1078.48273050615,1079.64114408446,1079.64114408446,1063.60236930913,1070.04672795163,1054.75115548645,1040.43260233424,1051.48704224065,1054.75115548645,1037.12342563458,1029.5630140987,1017.65662185238,1004.98756211209,977.880360780397,951.971638232989,951.971638232989,942.403841248538,951.314879522022,965.660395791398,956.882960450232,925,NA,NA,NA,NA,NA,NA,NA,NA,NA,NA,NA
NA,NA,NA,NA,NA,NA,NA,NA,NA,NA,NA,1328.76822659183,1328.76822659183,1330.88316542062,1315.29464379659,1310.77267289183,1299.27864601863,1297.11217710728,1275.24507448568,1264.16968797705,1257.22909606802,1252.24797863682,1249.49989995998,1256.23445264011,1258.22295321616,1250.249975005,1241.47090179351,1234.90890352285,1250.249975005,1231.10722522451,1229.07485532819,1229.07485532819,1206.49285120137,1206.49285120137,1198.17569663218,1187.96043705167,1191.89974410602,1201.3013776734,1187.69735202197,1175.26592735432,1178.18716679482,1185.85412256314,1184.53577404821,1209.33866224478,1207.52846757333,1200,1188.48643240047,1184.53577404821,1160.01077581202,1151.08644332213,1145.09824905988,1140.17542509914,1131.92314226718,1120.54674155075,1114.95515604889,1100.28405423327,1096.01551083915,1095.73035004056,1079.64114408446,1082.24304109567,1085.41466730462,1081.6653826392,1083.10895112172,1060.95475869615,1052.67516357136,1061.24926383956,1043.13230225125,1051.18980208143,1035.91746775503,1006.23058987491,982.980162566875,976.281209488332,961.769203083567,951.971638232989,958.18839483684,951.971638232989,951.971638232989,933.407735129724,NA,NA,NA,NA,NA,NA,NA,NA,NA,NA,NA
NA,NA,NA,NA,NA,NA,NA,NA,NA,NA,1340.00932832574,1350.23146163908,1336.50664046237,1328.53302555864,1323.82022948737,1304.31974607456,1308.86401127084,1294.70073762241,1279.89257361702,1270.08857958805,1256.23445264011,1269.35022747861,1258.96783120142,1252.24797863682,1256.23445264011,1253.99362039845,1229.07485532819,1227.29377086336,1231.10722522451,1234.90890352285,1227.29377086336,1226.01998352392,1230.09146001425,1208.30459735946,1190.85053638146,1181.63022980965,1168.8669727561,1187.69735202197,1176.86022959398,1175.26592735432,1178.18716679482,1178.18716679482,1170.46999107196,1197.13198938129,1190.85053638146,1202.60134708057,1187.69735202197,1178.18716679482,1171.8041645258,1154.33963806152,1151.08644332213,1151.6292806281,1136.33181773635,1117.19514857522,1098.29413182444,1079.64114408446,1086.56569060504,1085.41466730462,1085.41466730462,1085.41466730462,1079.64114408446,1077.0329614269,1095.73035004056,1073.83657974573,1068.00046816469,1062.1322893124,1051.48704224065,1050.29757688,1037.12342563458,1017.65662185238,1004.98756211209,984.88578017961,975,965.660395791398,962.094070244693,948.683298050514,952.955927627296,939.414711402797,930.38970329642,NA,NA,NA,NA,NA,NA,NA,NA,NA,NA
NA,NA,NA,NA,NA,NA,NA,NA,NA,1340.00932832574,1350.92560861063,1364.27636496423,1347.68319719436,1337.20791203163,1328.76822659183,1320.03787824441,1297.35307453291,1303.84048104053,1290.59094991403,1275.98001551748,1253.99362039845,1265.89889011722,1273.0377056474,1262.19055613643,1244.23671381293,1250.249975005,1231.10722522451,1229.07485532819,1237.43686707646,1231.36103560248,1227.29377086336,1226.01998352392,1221.16747418198,1219.11853402366,1196.34861140054,1184.53577404821,1171.8041645258,1173.93568818739,1170.46999107196,1184.53577404821,1164.3131022195,1179.24764150708,1163.23901241318,1187.69735202197,1196.34861140054,1178.18716679482,1175.26592735432,1171.537451386,1171.8041645258,1158.12348219005,1166.19037896906,1159.74135047432,1153.52719950593,1140.17542509914,1150.27170703273,1102.55385356,1101.13577727726,1097.72492000501,1089.1510455396,1089.1510455396,1093.44638643145,1090.01146782958,1076.16216250154,1075.29065838033,1068.8779163216,1063.60236930913,1046.72107077292,1039.83171715427,1044.32992871027,1025,1000,1002.80855600658,989.002022242624,980.433577556379,977.880360780397,965.012953280939,961.769203083567,950.328890437411,937.083240699566,926.350365682445,NA,NA,NA,NA,NA,NA,NA,NA,NA
NA,NA,NA,NA,NA,NA,NA,NA,1355.77468629562,1352.081728299,1353.00591277348,1352.081728299,1355.08302328677,1342.80490019958,1325.23582806986,1309.81868974297,1291.55913530895,1290.59094991403,1294.70073762241,1279.89257361702,1262.19055613643,1265.89889011722,1249.49989995998,1265.89889011722,1262.19055613643,1252.99640861417,1234.14950471975,1229.07485532819,1250.99960031968,1226.01998352392,1221.93494098499,1220.65556157337,1216.55250605964,1202.60134708057,1202.3414656411,1196.34861140054,1193.99539362596,1177.39118393166,1167.26175299288,1175.26592735432,1171.00384286304,1168.8669727561,1162.16392991695,1188.48643240047,1185.59057013794,1179.24764150708,1175.26592735432,1164.3131022195,1170.46999107196,1182.42335903855,1190.85053638146,1187.96043705167,1181.63022980965,1159.74135047432,1149.18449345612,1147.00697469545,1113.83347049727,1114.95515604889,1113.83347049727,1093.44638643145,1090.01146782958,1095.73035004056,1073.83657974573,1073.54552767919,1075.29065838033,1063.60236930913,1051.48704224065,1040.73291482493,1044.32992871027,1037.12342563458,1007.78221853732,1017.96365357512,1012.42283656583,1000.62480480947,989.002022242624,977.880360780397,976.281209488332,961.769203083567,948.683298050514,930.38970329642,896.172416446746,NA,NA,NA,NA,NA,NA,NA,NA
NA,NA,NA,NA,NA,NA,NA,NA,1360.14705087354,1364.04728657037,1360.14705087354,1353.69863706809,1352.081728299,1350.92560861063,1328.53302555864,1320.03787824441,1320.03787824441,1296.63024798899,1297.11217710728,1286.95376762338,1275.98001551748,1267.37918556366,1258.22295321616,1273.0377056474,1265.89889011722,1248.24877328199,1241.21915873064,1236.9316876853,1241.21915873064,1226.01998352392,1219.11853402366,1204.15945787923,1215.01028802229,1206.75183861472,1204.15945787923,1204.15945787923,1195.04184027171,1176.86022959398,1166.19037896906,1176.86022959398,1166.19037896906,1171.00384286304,1163.23901241318,1176.06334863391,1175.26592735432,1173.93568818739,1163.23901241318,1171.00384286304,1188.48643240047,1180.04237212059,1185.59057013794,1187.69735202197,1182.42335903855,1167.26175299288,1149.18449345612,1133.57840487546,1122.77557864428,1114.95515604889,1101.13577727726,1100.28405423327,1090.01146782958,1089.1510455396,1076.16216250154,1077.61310311262,1057.41429912783,1057.41429912783,1044.62912078881,1040.73291482493,1030.77640640442,1027.74023955472,1025,1017.65662185238,1020.11028815516,996.242942258564,995.615387586994,982.344135219425,976.281209488332,965.983954318083,972.432516938836,941.408519188137,917.877987534291,NA,NA,NA,NA,NA,NA,NA,NA
NA,NA,NA,NA,NA,NA,NA,1400.89257261219,1390.14387744578,1386.76782483587,1372.9530217746,1353.00591277348,1343.96800557156,1325.94306061761,1322.16678221774,1305.03831361382,1308.14754519511,1308.62523283024,1290.59094991403,1290.59094991403,1274.7548783982,1267.37918556366,1267.37918556366,1279.89257361702,1270.08857958805,1255.48795294897,1253.99362039845,1236.9316876853,1230.09146001425,1216.55250605964,1204.15945787923,1202.3414656411,1202.60134708057,1192.68604418766,1191.89974410602,1202.08152801713,1190.85053638146,1171.8041645258,1160.01077581202,1151.6292806281,1160.01077581202,1165.38620208067,1155.96280216969,1166.7261889578,1165.38620208067,1175.26592735432,1163.23901241318,1159.74135047432,1175.26592735432,1176.86022959398,1175.26592735432,1171.537451386,1168.8669727561,1154.33963806152,1149.18449345612,1131.92314226718,1116.35567808831,1118.03398874989,1103.68700273221,1101.13577727726,1092.01648339208,1095.73035004056,1081.6653826392,1068.00046816469,1054.75115548645,1051.18980208143,1049.40459309077,1030.77640640442,1039.83171715427,1025.30483272049,1021.33491079077,1027.74023955472,1020.11028815516,1007.78221853732,1006.54110695987,986.154146165801,976.281209488332,970.82439194738,965.660395791398,937.083240699566,912.414379544733,883.883476483184,NA,NA,NA,NA,NA,NA,NA
NA,NA,NA,NA,NA,NA,1386.76782483587,1393.28747930928,1394.63256809814,1386.09162756291,1375.68164921976,1358.53781691935,1352.081728299,1325,1325.23582806986,1312.44047484067,1327.1209439987,1319.32748019588,1285.73908706238,1298.07549857472,1274.01923062409,1267.37918556366,1261.19982556294,1279.89257361702,1274.7548783982,1250.249975005,1265.89889011722,1241.21915873064,1237.43686707646,1209.59704034029,1198.17569663218,1188.48643240047,1198.17569663218,1190.85053638146,1200.26038841578,1201.04121494643,1187.69735202197,1179.24764150708,1159.74135047432,1152.44305716161,1151.08644332213,1150.27170703273,1163.23901241318,1155.96280216969,1155.96280216969,1162.16392991695,1151.6292806281,1163.23901241318,1173.93568818739,1175,1164.3131022195,1171.537451386,1166.19037896906,1155.96280216969,1152.44305716161,1147.00697469545,1120.54674155075,1117.19514857522,1120.54674155075,1105.10180526502,1090.01146782958,1081.6653826392,1077.0329614269,1063.60236930913,1063.60236930913,1052.67516357136,1039.83171715427,1030.77640640442,1029.5630140987,1029.5630140987,1029.5630140987,1035.91746775503,1020.11028815516,1007.78221853732,1026.21878758869,1004.98756211209,986.470982847443,986.154146165801,976.281209488332,936.082261342453,915.491671180028,896.172416446746,880.695747690427,NA,NA,NA,NA,NA,NA
NA,NA,NA,NA,NA,NA,1379.31142241337,1380.44376922785,1390.14387744578,1382.93166859393,1360.60648241878,1360.60648241878,1350.92560861063,1343.96800557156,1328.53302555864,1320.27459265109,1333.46353530946,1346.29120178363,1328.76822659183,1305.03831361382,1285.00972758964,1265.158092888,1261.19982556294,1250.249975005,1261.19982556294,1255.48795294897,1249.49989995998,1245.49187070812,1225.76506721313,1216.55250605964,1191.89974410602,1192.68604418766,1188.48643240047,1179.24764150708,1187.69735202197,1191.89974410602,1202.60134708057,1179.24764150708,1154.33963806152,1147.00697469545,1150.27170703273,1147.00697469545,1140.4494727957,1154.33963806152,1155.96280216969,1151.08644332213,1155.96280216969,1152.44305716161,1171.8041645258,1166.19037896906,1175.26592735432,1171.537451386,1167.26175299288,1166.7261889578,1152.44305716161,1151.08644332213,1133.57840487546,1125,1125,1110.18016555873,1095.73035004056,1081.6653826392,1073.83657974573,1063.60236930913,1060.66017177982,1054.75115548645,1051.18980208143,1032.59382140317,1030.77640640442,1021.33491079077,1035.91746775503,1004.98756211209,1012.42283656583,1015.19702521235,1011.18742080783,1000.62480480947,991.526600752597,986.470982847443,986.470982847443,950.328890437411,919.238815542512,905.538513813742,895.125689498408,NA,NA,NA,NA,NA,NA
NA,NA,NA,NA,NA,1386.09162756291,1382.93166859393,1375,1368.6215693171,1392.83882771841,1364.27636496423,1355.08302328677,1346.29120178363,1335.33703610736,1337.20791203163,1325.23582806986,1343.50288425444,1333.46353530946,1328.53302555864,1320.27459265109,1300.24036239458,1291.55913530895,1274.01923062409,1261.19982556294,1256.23445264011,1261.19982556294,1243.23167591564,1231.10722522451,1211.66208160526,1212.69328356349,1196.34861140054,1195.04184027171,1185.85412256314,1190.85053638146,1184.53577404821,1190.85053638146,1198.17569663218,1179.24764150708,1175.26592735432,1156.77353012593,1134.95594628162,1138.52975367357,1140.17542509914,1142.36596587959,1138.52975367357,1142.36596587959,1152.44305716161,1147.27939055838,1152.44305716161,1156.77353012593,1168.8669727561,1155.69243313262,1150.27170703273,1152.44305716161,1156.77353012593,1154.33963806152,1129.43569980765,1133.85404704486,1138.52975367357,1118.03398874989,1116.07571427749,1089.1510455396,1097.72492000501,1068.8779163216,1073.54552767919,1054.75115548645,1044.62912078881,1040.73291482493,1030.77640640442,1033.50133042972,1025,1006.54110695987,1013.03997946774,1006.54110695987,1007.78221853732,995.301461869719,1000,986.470982847443,985.203024761902,950.328890437411,928.035559663529,925.337776166087,908.639092269312,890.224690738243,NA,NA,NA,NA,NA
NA,NA,NA,NA,NA,1380.44376922785,1382.93166859393,1377.72457334549,1372.9530217746,1382.93166859393,1375,1364.27636496423,1358.53781691935,1355.08302328677,1352.081728299,1328.53302555864,1352.081728299,1358.30777072061,1328.76822659183,1325.94306061761,1305.9957886609,1298.07549857472,1281.1127975319,1270.08857958805,1256.23445264011,1255.48795294897,1243.23167591564,1236.9316876853,1231.10722522451,1225.76506721313,1209.33866224478,1209.33866224478,1185.85412256314,1179.24764150708,1179.24764150708,1184.53577404821,1177.39118393166,1176.06334863391,1171.00384286304,1151.6292806281,1131.92314226718,1129.7123527695,1123.61025271221,1132.75107592092,1130.5419054595,1133.85404704486,1129.7123527695,1138.52975367357,1140.17542509914,1142.63948820264,1151.08644332213,1152.44305716161,1156.77353012593,1149.18449345612,1150.27170703273,1152.44305716161,1152.44305716161,1140.17542509914,1140.4494727957,1119.43065886191,1123.05387226081,1109.61705105861,1107.07949127423,1086.56569060504,1084.55059817419,1063.60236930913,1047.0195795686,1037.12342563458,1040.73291482493,1040.43260233424,1012.42283656583,1015.19702521235,1013.03997946774,1005.60926805594,1011.18742080783,1006.23058987491,1002.80855600658,995.301461869719,982.980162566875,970.82439194738,951.971638232989,941.076511235936,937.083240699566,905.883546599672,NA,NA,NA,NA,NA
NA,NA,NA,NA,1364.04728657037,1364.27636496423,1394.63256809814,1388.56940769988,1382.93166859393,1375,1372.9530217746,1364.73440639562,1365.65002837477,1367.70793665899,1355.77468629562,1346.29120178363,1352.081728299,1352.081728299,1350.23146163908,1325.23582806986,1305.03831361382,1298.07549857472,1281.1127975319,1290.59094991403,1257.22909606802,1274.01923062409,1250,1243.23167591564,1236.9316876853,1231.10722522451,1206.75183861472,1196.34861140054,1185.85412256314,1171.8041645258,1164.3131022195,1175.26592735432,1173.93568818739,1168.8669727561,1171.537451386,1154.33963806152,1114.95515604889,1110.46161572564,1113.83347049727,1123.61025271221,1123.05387226081,1116.35567808831,1118.03398874989,1131.92314226718,1127.49722837797,1125.27774349269,1145.09824905988,1144.82531418553,1151.08644332213,1149.18449345612,1142.63948820264,1150.27170703273,1140.17542509914,1137.15654155442,1127.49722837797,1123.61025271221,1119.43065886191,1119.43065886191,1118.03398874989,1107.3617295175,1091.44399764715,1081.95425041912,1068.00046816469,1044.62912078881,1040.43260233424,1030.77640640442,1020.11028815516,1013.03997946774,1011.18742080783,1015.19702521235,1015.19702521235,1015.19702521235,1013.03997946774,1015.19702521235,995.615387586994,977.880360780397,976.281209488332,970.82439194738,951.971638232989,948.683298050514,930.38970329642,NA,NA,NA,NA
NA,NA,NA,NA,1377.04393539204,1370.44700736657,1401.11562692021,1394.63256809814,1380.44376922785,1372.9530217746,1377.72457334549,1384.06105356664,1376.81698130144,1388.56940769988,1368.6215693171,1360.60648241878,1355.77468629562,1355.08302328677,1341.64078649987,1328.76822659183,1313.86833434709,1311.72596223449,1290.59094991403,1290.59094991403,1275.24507448568,1264.91106406735,1261.19982556294,1250,1241.21915873064,1236.9316876853,1208.30459735946,1197.13198938129,1192.68604418766,1171.8041645258,1167.26175299288,1171.537451386,1163.23901241318,1163.23901241318,1151.6292806281,1147.00697469545,1118.03398874989,1107.3617295175,1109.61705105861,1101.13577727726,1109.61705105861,1104.53610171873,1109.61705105861,1120.54674155075,1126.11056295552,1129.43569980765,1140.17542509914,1152.44305716161,1133.57840487546,1133.85404704486,1147.00697469545,1151.08644332213,1130.5419054595,1138.52975367357,1144.82531418553,1119.43065886191,1129.7123527695,1128.05141726785,1119.43065886191,1100.28405423327,1086.56569060504,1085.41466730462,1083.10895112172,1059.48100502085,1033.50133042972,1030.77640640442,1026.21878758869,1000.31245118713,1004.98756211209,1011.4964162072,1015.19702521235,1027.74023955472,1007.78221853732,1007.78221853732,1025.30483272049,1011.4964162072,973.717104707522,973.717104707522,957.209485953832,952.955927627296,938.416218956173,NA,NA,NA,NA
NA,NA,NA,NA,1378.63156789622,1384.06105356664,1408.01278403287,1408.01278403287,1394.63256809814,1375.22725394751,1384.06105356664,1399.33019691565,1377.04393539204,1375.9087905817,1379.31142241337,1355.08302328677,1342.80490019958,1358.30777072061,1355.77468629562,1325.94306061761,1320.98448136229,1325,1302.16166431054,1281.60056179763,1283.79320764678,1273.0377056474,1255.48795294897,1261.19982556294,1250,1226.01998352392,1219.11853402366,1196.34861140054,1182.42335903855,1179.24764150708,1171.537451386,1163.23901241318,1168.8669727561,1150.27170703273,1144.82531418553,1128.05141726785,1116.07571427749,1100.28405423327,1096.58560997307,1085.41466730462,1099.14739684903,1092.01648339208,1091.44399764715,1102.55385356,1103.68700273221,1117.19514857522,1125,1129.43569980765,1129.43569980765,1133.85404704486,1140.17542509914,1147.00697469545,1153.52719950593,1144.82531418553,1141.27122105133,1129.43569980765,1129.7123527695,1138.52975367357,1132.75107592092,1123.61025271221,1107.07949127423,1101.13577727726,1095.73035004056,1075.29065838033,1052.67516357136,1027.74023955472,1028.65203057205,1007.78221853732,1009.02180353053,1011.18742080783,1027.74023955472,1040.43260233424,1030.77640640442,1026.21878758869,1026.21878758869,1015.19702521235,1000,975,965.012953280939,937.083240699566,926.350365682445,NA,NA,NA,NA
NA,NA,NA,1360.60648241878,1378.63156789622,1389.24439894498,1402.007489281,1398.66007306994,1389.46932315903,1380.67012714841,1394.63256809814,1378.85822331377,1376.81698130144,1382.93166859393,1386.5424623862,1370.44700736657,1348.37865601618,1340.00932832574,1342.80490019958,1330.88316542062,1330.88316542062,1322.16678221774,1300.24036239458,1283.79320764678,1278.91555624287,1273.0377056474,1250.99960031968,1250.249975005,1244.23671381293,1233.3896383544,1226.01998352392,1202.08152801713,1195.04184027171,1177.39118393166,1165.38620208067,1153.52719950593,1151.08644332213,1133.57840487546,1126.11056295552,1127.49722837797,1102.55385356,1096.58560997307,1091.44399764715,1083.10895112172,1073.83657974573,1079.64114408446,1075.29065838033,1077.61310311262,1085.41466730462,1110.46161572564,1102.55385356,1110.18016555873,1114.95515604889,1133.85404704486,1140.17542509914,1144.82531418553,1147.00697469545,1142.36596587959,1129.7123527695,1131.92314226718,1129.7123527695,1132.75107592092,1138.52975367357,1132.75107592092,1119.43065886191,1103.68700273221,1091.44399764715,1075.29065838033,1061.24926383956,1046.72107077292,1032.59382140317,1017.65662185238,1012.42283656583,1025.30483272049,1035.91746775503,1039.83171715427,1027.74023955472,1026.21878758869,1025.30483272049,1025,1012.42283656583,998.123238883857,972.753822917186,952.955927627296,916.856041044612,896.172416446746,NA,NA,NA
NA,NA,NA,1360.60648241878,1375.9087905817,1375.9087905817,1386.5424623862,1380.67012714841,1389.24439894498,1391.49200500757,1380.67012714841,1375.22725394751,1384.06105356664,1388.56940769988,1382.93166859393,1375.22725394751,1364.04728657037,1343.96800557156,1340.00932832574,1330.88316542062,1320.27459265109,1300.24036239458,1300,1286.95376762338,1276.95927891221,1253.99362039845,1241.21915873064,1245.49187070812,1249.49989995998,1234.14950471975,1217.57956618859,1209.59704034029,1188.48643240047,1175.26592735432,1160.01077581202,1145.09824905988,1142.63948820264,1122.77557864428,1110.46161572564,1109.61705105861,1104.53610171873,1083.10895112172,1075.29065838033,1068.00046816469,1057.41429912783,1068.00046816469,1057.41429912783,1079.64114408446,1076.16216250154,1093.44638643145,1095.73035004056,1105.10180526502,1116.07571427749,1132.75107592092,1137.15654155442,1137.15654155442,1142.36596587959,1151.6292806281,1129.7123527695,1132.75107592092,1141.27122105133,1144.82531418553,1151.6292806281,1138.52975367357,1123.05387226081,1110.18016555873,1100.28405423327,1093.44638643145,1068.00046816469,1049.40459309077,1025.30483272049,1015.19702521235,1002.80855600658,1015.19702521235,1029.8664962023,1044.32992871027,1026.21878758869,1025.30483272049,1025.30483272049,1025.30483272049,1012.42283656583,1001.24921972504,980.114789195633,952.955927627296,930.38970329642,892.328414878737,NA,NA,NA
NA,NA,1331.58739855858,1360.60648241878,1368.6215693171,1375.22725394751,1377.72457334549,1375.68164921976,1375.68164921976,1375.9087905817,1389.24439894498,1377.04393539204,1377.04393539204,1384.06105356664,1376.81698130144,1364.73440639562,1364.73440639562,1353.23686027244,1340.00932832574,1337.20791203163,1329.0033860002,1302.16166431054,1281.1127975319,1285.73908706238,1275.98001551748,1253.99362039845,1241.47090179351,1241.21915873064,1226.01998352392,1221.16747418198,1226.01998352392,1206.75183861472,1182.42335903855,1170.46999107196,1154.33963806152,1145.09824905988,1133.57840487546,1116.07571427749,1110.18016555873,1086.56569060504,1079.35165724615,1077.0329614269,1068.00046816469,1063.60236930913,1054.75115548645,1051.18980208143,1059.48100502085,1064.48344280219,1063.60236930913,1081.6653826392,1089.1510455396,1098.29413182444,1114.95515604889,1117.19514857522,1127.49722837797,1131.92314226718,1142.63948820264,1140.4494727957,1147.27939055838,1142.63948820264,1151.6292806281,1158.12348219005,1147.00697469545,1145.09824905988,1133.85404704486,1128.05141726785,1109.61705105861,1100.28405423327,1068.8779163216,1059.48100502085,1025.91422643416,1027.74023955472,1006.54110695987,1007.78221853732,1026.21878758869,1021.33491079077,1025.91422643416,1025.91422643416,1025.91422643416,1025.91422643416,1006.54110695987,986.154146165801,973.717104707522,939.747306460625,905.538513813742,903.119593409422,869.626356546304,NA,NA
NA,NA,1323.11186223992,1360.60648241878,1369.53459248023,1369.53459248023,1360.60648241878,1382.93166859393,1372.9530217746,1375.68164921976,1375.68164921976,1375.68164921976,1367.70793665899,1376.81698130144,1365.65002837477,1375.9087905817,1370.44700736657,1355.08302328677,1333.46353530946,1320.98448136229,1308.86401127084,1299.27864601863,1288.65239688599,1277.20397744448,1275,1252.24797863682,1252.24797863682,1234.14950471975,1222.9574808635,1209.33866224478,1212.69328356349,1193.99539362596,1175.26592735432,1163.23901241318,1144.82531418553,1132.75107592092,1123.05387226081,1110.46161572564,1103.68700273221,1085.41466730462,1061.24926383956,1051.48704224065,1059.48100502085,1059.48100502085,1050.29757688,1052.67516357136,1052.67516357136,1055.04739230046,1054.75115548645,1063.60236930913,1068.00046816469,1079.64114408446,1102.55385356,1104.53610171873,1118.03398874989,1129.7123527695,1151.6292806281,1141.27122105133,1137.15654155442,1147.00697469545,1154.33963806152,1164.3131022195,1158.12348219005,1152.44305716161,1147.27939055838,1142.63948820264,1123.05387226081,1107.07949127423,1086.56569060504,1065.95028026639,1044.32992871027,1037.12342563458,1032.59382140317,1025,1030.77640640442,1021.33491079077,1027.74023955472,1027.74023955472,1044.32992871027,1027.74023955472,1012.42283656583,977.880360780397,952.955927627296,941.076511235936,921.954445729289,910.013736160065,886.70739254841,NA,NA
NA,NA,1340.00932832574,1355.77468629562,1377.72457334549,1366.10760923143,1353.23686027244,1364.04728657037,1375,1366.10760923143,1384.06105356664,1375.9087905817,1375.68164921976,1360.14705087354,1364.27636496423,1360.14705087354,1359.45761243225,1353.00591277348,1330.64833821713,1323.82022948737,1303.84048104053,1290.59094991403,1286.95376762338,1277.69323391806,1262.19055613643,1243.23167591564,1250,1231.10722522451,1219.11853402366,1216.55250605964,1206.49285120137,1185.32695911297,1171.8041645258,1162.9703349613,1153.52719950593,1129.7123527695,1117.19514857522,1098.29413182444,1090.01146782958,1068.00046816469,1059.48100502085,1044.03065089106,1039.83171715427,1051.48704224065,1041.93329920874,1039.83171715427,1029.8664962023,1027.74023955472,1035.91746775503,1051.48704224065,1054.75115548645,1065.95028026639,1085.41466730462,1099.14739684903,1116.07571427749,1130.5419054595,1131.92314226718,1138.52975367357,1133.85404704486,1140.4494727957,1147.00697469545,1140.17542509914,1141.27122105133,1140.17542509914,1122.77557864428,1118.03398874989,1113.83347049727,1110.18016555873,1085.41466730462,1063.01458127346,1057.41429912783,1032.59382140317,1030.77640640442,1030.77640640442,1027.74023955472,1027.74023955472,1027.74023955472,1026.21878758869,1032.59382140317,1035.91746775503,1015.19702521235,995.615387586994,960.468635614927,958.18839483684,929.045208803102,906.228448019593,905.883546599672,NA,NA
NA,NA,1315.76973669408,1364.73440639562,1375,1355.08302328677,1361.2953390062,1348.37865601618,1368.6215693171,1368.6215693171,1367.70793665899,1369.53459248023,1360.14705087354,1358.53781691935,1367.70793665899,1361.2953390062,1359.45761243225,1350.92560861063,1343.96800557156,1325,1304.31974607456,1296.63024798899,1282.81916106675,1262.19055613643,1261.9429464124,1250.99960031968,1241.21915873064,1229.07485532819,1225.25507548428,1209.33866224478,1196.34861140054,1171.00384286304,1155.96280216969,1156.77353012593,1151.6292806281,1140.17542509914,1118.03398874989,1092.01648339208,1073.54552767919,1062.1322893124,1040.73291482493,1039.83171715427,1029.5630140987,1029.5630140987,1026.21878758869,1020.11028815516,1017.96365357512,1019.80390271856,1012.42283656583,1040.43260233424,1044.32992871027,1062.1322893124,1073.83657974573,1084.55059817419,1095.73035004056,1125,1129.7123527695,1126.11056295552,1129.43569980765,1130.5419054595,1133.85404704486,1136.33181773635,1125,1125.27774349269,1113.83347049727,1114.95515604889,1125,1085.41466730462,1082.24304109567,1055.04739230046,1054.75115548645,1029.8664962023,1027.74023955472,1035.01207722422,1026.21878758869,1025,1025.91422643416,1035.01207722422,1030.77640640442,1039.83171715427,1017.65662185238,1007.78221853732,965.012953280939,945.05290857179,941.076511235936,934.07708461347,916.856041044612,NA,NA
NA,1254.61632073088,1300.24036239458,1350.92560861063,1370.44700736657,1355.08302328677,1364.73440639562,1364.04728657037,1365.65002837477,1365.65002837477,1370.44700736657,1375.68164921976,1364.04728657037,1369.53459248023,1360.14705087354,1352.081728299,1343.96800557156,1330.88316542062,1331.35269556943,1322.16678221774,1305.03831361382,1291.55913530895,1290.34879005639,1274.7548783982,1261.9429464124,1244.23671381293,1229.07485532819,1225.25507548428,1220.91154470748,1187.96043705167,1181.63022980965,1171.8041645258,1151.08644332213,1137.15654155442,1134.95594628162,1123.61025271221,1105.10180526502,1081.95425041912,1068.00046816469,1063.60236930913,1041.93329920874,1029.5630140987,1029.5630140987,1019.80390271856,1013.03997946774,1000.62480480947,1004.98756211209,1005.60926805594,1020.11028815516,1020.11028815516,1030.77640640442,1037.12342563458,1050.29757688,1063.01458127346,1081.95425041912,1102.55385356,1110.18016555873,1122.77557864428,1114.95515604889,1126.11056295552,1125,1125.27774349269,1123.61025271221,1113.83347049727,1114.95515604889,1107.07949127423,1105.10180526502,1101.13577727726,1060.95475869615,1054.75115548645,1052.67516357136,1040.43260233424,1026.21878758869,1026.21878758869,1020.41658159793,1030.77640640442,1027.74023955472,1029.8664962023,1020.11028815516,1030.77640640442,1020.11028815516,989.002022242624,985.203024761902,965.012953280939,950.328890437411,937.083240699566,919.918474648705,895.125689498408,NA
NA,1264.16968797705,1291.55913530895,1343.50288425444,1366.10760923143,1366.79369328366,1364.04728657037,1353.23686027244,1355.77468629562,1355.08302328677,1355.77468629562,1359.45761243225,1355.77468629562,1346.29120178363,1346.29120178363,1345.36240470737,1331.58739855858,1330.64833821713,1315.76973669408,1305.03831361382,1298.07549857472,1291.55913530895,1280.62484748657,1270.08857958805,1265.158092888,1253.99362039845,1231.10722522451,1215.01028802229,1201.04121494643,1190.85053638146,1171.537451386,1158.12348219005,1147.00697469545,1140.17542509914,1120.54674155075,1107.07949127423,1090.01146782958,1070.04672795163,1050.29757688,1030.77640640442,1035.01207722422,1015.19702521235,1012.42283656583,1006.54110695987,998.123238883857,989.002022242624,995.615387586994,1002.80855600658,995.615387586994,995.615387586994,1011.4964162072,1027.74023955472,1050,1055.04739230046,1075.29065838033,1096.58560997307,1096.58560997307,1105.10180526502,1109.61705105861,1114.95515604889,1117.19514857522,1110.18016555873,1101.13577727726,1098.29413182444,1101.13577727726,1104.53610171873,1104.53610171873,1101.13577727726,1068.8779163216,1068.00046816469,1050.29757688,1033.50133042972,1033.50133042972,1020.41658159793,1020.41658159793,1027.74023955472,1027.74023955472,1020.11028815516,1015.19702521235,1021.33491079077,1019.80390271856,998.123238883857,989.002022242624,982.344135219425,970.82439194738,961.769203083567,925.337776166087,893.378419260282,NA
NA,1258.22295321616,1299.27864601863,1323.82022948737,1361.2953390062,1353.00591277348,1355.08302328677,1345.36240470737,1364.04728657037,1358.30777072061,1352.65929428572,1353.23686027244,1358.30777072061,1345.36240470737,1337.20791203163,1341.64078649987,1345.59466407979,1328.76822659183,1320.27459265109,1305.03831361382,1293.49333202765,1277.20397744448,1263.42787684933,1250.249975005,1250.249975005,1244.23671381293,1234.14950471975,1226.01998352392,1206.75183861472,1185.59057013794,1175.26592735432,1151.6292806281,1150.27170703273,1133.57840487546,1113.83347049727,1096.58560997307,1089.1510455396,1061.24926383956,1044.32992871027,1027.74023955472,1015.19702521235,1007.78221853732,1011.18742080783,1000,991.526600752597,992.47166206396,989.002022242624,980.433577556379,976.281209488332,980.114789195633,999.062060134404,1007.78221853732,1035.01207722422,1041.93329920874,1060.66017177982,1081.95425041912,1086.56569060504,1096.58560997307,1098.29413182444,1103.68700273221,1095.73035004056,1100.28405423327,1107.3617295175,1096.58560997307,1082.24304109567,1079.64114408446,1085.41466730462,1079.35165724615,1073.83657974573,1064.48344280219,1050,1043.13230225125,1026.21878758869,1026.21878758869,1002.80855600658,1004.98756211209,1004.98756211209,1011.4964162072,1011.18742080783,1011.18742080783,1012.42283656583,990.580637807947,991.526600752597,975.320460156558,964.689069078737,951.971638232989,925,886.70739254841,NA
NA,1241.21915873064,1299.27864601863,1317.43121262554,1342.80490019958,1343.96800557156,1355.08302328677,1348.37865601618,1345.59466407979,1343.96800557156,1341.64078649987,1364.04728657037,1353.23686027244,1345.59466407979,1332.76029352618,1323.11186223992,1320.27459265109,1313.86833434709,1305.03831361382,1296.63024798899,1288.65239688599,1274.01923062409,1267.37918556366,1245.49187070812,1237.94184031399,1220.91154470748,1216.55250605964,1212.69328356349,1204.15945787923,1187.69735202197,1168.8669727561,1152.44305716161,1137.15654155442,1131.92314226718,1101.13577727726,1095.73035004056,1078.48273050615,1044.32992871027,1046.72107077292,1035.01207722422,1020.11028815516,1002.80855600658,1000.62480480947,995.615387586994,996.242942258564,985.203024761902,973.717104707522,976.281209488332,951.971638232989,958.18839483684,976.281209488332,995.615387586994,1017.96365357512,1030.77640640442,1051.48704224065,1068.43919224314,1063.60236930913,1073.83657974573,1068.00046816469,1075.29065838033,1079.64114408446,1090.01146782958,1096.58560997307,1089.1510455396,1076.16216250154,1076.16216250154,1073.83657974573,1075.29065838033,1068.8779163216,1055.04739230046,1031.68511390379,1039.83171715427,1039.83171715427,1027.74023955472,1002.80855600658,989.002022242624,993.88656196684,1004.05428140116,986.470982847443,990.580637807947,995.301461869719,999.062060134404,986.154146165801,982.344135219425,977.880360780397,943.39811320566,908.982948134892,874.642784226795,NA
NA,1229.83738762488,1291.55913530895,1320.03787824441,1320.27459265109,1343.50288425444,1342.80490019958,1350.92560861063,1355.08302328677,1346.29120178363,1346.29120178363,1343.50288425444,1341.64078649987,1330.88316542062,1327.1209439987,1320.03787824441,1319.32748019588,1309.81868974297,1300,1290.59094991403,1273.28315782468,1273.0377056474,1250,1253.99362039845,1239.45552562405,1222.9574808635,1219.88728987559,1196.34861140054,1184.53577404821,1176.06334863391,1150.27170703273,1131.92314226718,1125,1110.18016555873,1091.44399764715,1076.16216250154,1055.04739230046,1030.77640640442,1025.91422643416,1012.42283656583,1004.05428140116,1004.98756211209,1004.05428140116,1000,995.615387586994,995.615387586994,965.983954318083,955.24865872714,941.076511235936,933.407735129724,948.683298050514,954.594154601839,995.615387586994,1011.18742080783,1029.8664962023,1040.73291482493,1040.73291482493,1043.13230225125,1044.32992871027,1051.48704224065,1063.60236930913,1075.29065838033,1077.0329614269,1077.61310311262,1057.41429912783,1068.00046816469,1062.1322893124,1054.75115548645,1061.24926383956,1051.18980208143,1029.7147551505,1044.03065089106,1050.29757688,1029.5630140987,1011.18742080783,992.47166206396,989.949493661167,1005.60926805594,989.002022242624,995.301461869719,995.615387586994,982.980162566875,982.344135219425,986.154146165801,976.281209488332,934.07708461347,910.013736160065,886.002257333467,NA
NA,1231.10722522451,1273.28315782468,1285.00972758964,1299.27864601863,1328.76822659183,1333.46353530946,1338.37588143242,1345.36240470737,1343.96800557156,1342.80490019958,1333.46353530946,1330.88316542062,1330.88316542062,1319.32748019588,1310.05725065739,1308.14754519511,1308.14754519511,1286.95376762338,1280.62484748657,1275,1261.19982556294,1249.49989995998,1241.47090179351,1233.3896383544,1219.11853402366,1210.37184369102,1187.69735202197,1180.04237212059,1154.33963806152,1137.15654155442,1126.11056295552,1110.46161572564,1098.29413182444,1084.55059817419,1073.83657974573,1051.48704224065,1025.91422643416,1012.42283656583,1007.78221853732,1000.62480480947,1007.78221853732,1000,1012.42283656583,1015.19702521235,938.416218956173,917.877987534291,887.764045228235,862.046982478333,886.002257333467,917.196816392207,930.38970329642,961.769203083567,980.114789195633,990.580637807947,1020.41658159793,1017.96365357512,1025.15241636025,1030.77640640442,1030.77640640442,1043.13230225125,1044.62912078881,1054.75115548645,1053.8619454179,1060.66017177982,1068.00046816469,1055.04739230046,1063.60236930913,1051.48704224065,1052.67516357136,1030.77640640442,1030.77640640442,1037.12342563458,1040.43260233424,1007.78221853732,1000,984.88578017961,995.301461869719,998.123238883857,983.933432707721,976.281209488332,970.82439194738,972.432516938836,973.717104707522,972.432516938836,939.747306460625,906.228448019593,862.046982478333,NA
NA,1236.9316876853,1256.23445264011,1268.97514951189,1282.81916106675,1325,1331.35269556943,1325,1333.46353530946,1333.46353530946,1333.46353530946,1333.46353530946,1328.76822659183,1328.76822659183,1320.98448136229,1308.86401127084,1297.11217710728,1296.38921624642,1291.55913530895,1285.73908706238,1265.158092888,1253.99362039845,1244.23671381293,1234.90890352285,1226.01998352392,1212.69328356349,1202.08152801713,1192.68604418766,1176.86022959398,1166.19037896906,1141.27122105133,1127.49722837797,1125.27774349269,1086.56569060504,1077.0329614269,1059.48100502085,1044.32992871027,1030.77640640442,1005.60926805594,1004.98756211209,1001.24921972504,1011.18742080783,1015.19702521235,1025.91422643416,1017.96365357512,939.414711402797,831.038506929733,828.02475808396,775.403120963541,813.941029804985,838.525491562421,912.414379544733,937.083240699566,957.209485953832,980.114789195633,1006.23058987491,1006.54110695987,1020.11028815516,1011.18742080783,1007.16166274859,1025.91422643416,1027.74023955472,1029.8664962023,1030.77640640442,1050.29757688,1051.18980208143,1052.67516357136,1057.41429912783,1057.41429912783,1035.46477248963,1035.01207722422,1044.62912078881,1044.32992871027,1012.42283656583,1021.33491079077,998.123238883857,995.301461869719,996.242942258564,975,976.281209488332,961.769203083567,962.094070244693,972.753822917186,972.753822917186,951.971638232989,928.035559663529,919.918474648705,869.626356546304,NA
NA,1215.01028802229,1250,1260.08382838218,1256.23445264011,1315.76973669408,1320.03787824441,1325,1325,1325.94306061761,1325,1335.33703610736,1331.58739855858,1331.58739855858,1315.76973669408,1311.96417634019,1299.27864601863,1293.49333202765,1285.00972758964,1277.69323391806,1263.42787684933,1255.48795294897,1241.21915873064,1221.16747418198,1213.72360939384,1211.66208160526,1193.99539362596,1178.18716679482,1171.00384286304,1158.12348219005,1140.4494727957,1129.43569980765,1109.61705105861,1091.44399764715,1079.35165724615,1061.24926383956,1029.8664962023,1015.19702521235,1015.19702521235,1012.42283656583,1012.42283656583,1017.96365357512,1030.77640640442,1041.93329920874,937.083240699566,873.212459828649,798.827265433523,751.664818918645,731.864058415222,750.416550990182,783.022988168291,855.131568824354,901.734439843572,941.076511235936,946.374661537385,965.012953280939,972.753822917186,989.949493661167,992.47166206396,995.301461869719,1007.78221853732,1007.78221853732,1011.4964162072,1025.30483272049,1037.12342563458,1049.40459309077,1044.62912078881,1044.03065089106,1044.03065089106,1044.03065089106,1039.83171715427,1044.03065089106,1049.40459309077,1043.13230225125,1004.05428140116,1004.05428140116,992.47166206396,976.281209488332,976.281209488332,965.012953280939,972.432516938836,972.753822917186,972.432516938836,948.683298050514,937.083240699566,933.407735129724,910.013736160065,877.852493303972,NA
NA,1206.75183861472,1235.16193270356,1248.24877328199,1261.9429464124,1282.81916106675,1312.44047484067,1305.03831361382,1305.9957886609,1312.44047484067,1317.43121262554,1330.88316542062,1331.35269556943,1325.23582806986,1317.43121262554,1305.03831361382,1296.63024798899,1296.38921624642,1296.63024798899,1275.98001551748,1274.8774391991,1258.22295321616,1248.24877328199,1226.01998352392,1210.37184369102,1209.33866224478,1197.13198938129,1185.32695911297,1162.9703349613,1147.00697469545,1132.75107592092,1123.05387226081,1116.07571427749,1091.44399764715,1063.01458127346,1051.18980208143,1035.01207722422,1015.19702521235,1015.19702521235,1021.33491079077,1028.65203057205,1033.50133042972,1044.32992871027,1025.30483272049,908.639092269312,840.014880820572,771.767452021657,695.071938722892,675.462804305315,682.367203197809,725,776.611228350453,876.427407147905,925.337776166087,930.38970329642,937.083240699566,942.403841248538,972.432516938836,970.82439194738,972.432516938836,986.154146165801,999.062060134404,1006.23058987491,1020.41658159793,1030.77640640442,1047.0195795686,1055.04739230046,1044.32992871027,1044.47952474954,1044.03065089106,1025,1019.80390271856,1027.74023955472,1025.91422643416,995.301461869719,995.615387586994,972.753822917186,972.432516938836,958.18839483684,964.689069078737,956.882960450232,958.18839483684,948.683298050514,951.971638232989,939.747306460625,910.013736160065,896.172416446746,883.529852353615,NA
1106.79718105893,1158.12348219005,1230.09146001425,1241.21915873064,1261.9429464124,1276.59199648098,1277.20397744448,1296.63024798899,1290.34879005639,1293.49333202765,1296.63024798899,1325.23582806986,1310.77267289183,1310.77267289183,1325.94306061761,1311.96417634019,1303.84048104053,1296.63024798899,1282.81916106675,1273.28315782468,1256.23445264011,1243.48301154459,1237.18221457345,1226.01998352392,1209.33866224478,1204.15945787923,1196.34861140054,1179.24764150708,1170.46999107196,1162.16392991695,1152.44305716161,1110.18016555873,1098.29413182444,1079.64114408446,1053.8619454179,1054.75115548645,1030.77640640442,1027.74023955472,1030.77640640442,1029.5630140987,1029.5630140987,1040.43260233424,1050,990.580637807947,905.883546599672,789.382670192347,728.868986855663,670.820393249937,626.996810199223,617.454451761423,673.145600891813,755.810822891549,800.390529679106,879.275269753449,921.438993767145,928.035559663529,933.407735129724,958.18839483684,970.82439194738,965.983954318083,961.769203083567,977.880360780397,1001.24921972504,1005.29841508401,1020.11028815516,1039.83171715427,1049.40459309077,1049.40459309077,1044.03065089106,1037.12342563458,1037.12342563458,1030.77640640442,1013.03997946774,1006.54110695987,984.88578017961,976.281209488332,972.432516938836,964.689069078737,946.868103311152,941.076511235936,941.076511235936,948.683298050514,941.076511235936,930.38970329642,910.013736160065,910.013736160065,894.427190999916,863.495801958527,838.525491562421
NA,1145.09824905988,1207.52821798709,1220.65556157337,1248.24877328199,1265.158092888,1275.98001551748,1269.35022747861,1270.08857958805,1290.34879005639,1290.59094991403,1305.9957886609,1303.84048104053,1300.24036239458,1303.84048104053,1296.63024798899,1290.34879005639,1281.60056179763,1275.98001551748,1275.98001551748,1265.158092888,1248.24877328199,1245.49187070812,1234.90890352285,1210.37184369102,1198.17569663218,1185.59057013794,1170.46999107196,1158.12348219005,1138.52975367357,1130.5419054595,1116.07571427749,1107.07949127423,1073.83657974573,1054.75115548645,1049.40459309077,1044.03065089106,1030.77640640442,1029.5630140987,1040.43260233424,1030.77640640442,1035.91746775503,1039.83171715427,1000,930.38970329642,818.91696770796,682.367203197809,588.430114796991,559.016994374947,600.520607473216,637.377439199098,693.271231193102,776.611228350453,838.15273071201,883.883476483184,895.125689498408,925,940.909276325668,951.314879522022,941.408519188137,951.314879522022,952.955927627296,980.114789195633,1000.31245118713,1007.78221853732,1025,1040.73291482493,1040.43260233424,1039.83171715427,1037.12342563458,1021.33491079077,1015.19702521235,1013.03997946774,1000,982.344135219425,965.660395791398,965.012953280939,958.18839483684,951.971638232989,934.07708461347,925,928.035559663529,933.407735129724,910.013736160065,896.172416446746,896.172416446746,877.852493303972,854.400374531753,NA
NA,1165.38620208067,1192.68604418766,1202.60134708057,1226.01998352392,1235.16193270356,1261.19982556294,1263.42787684933,1256.23445264011,1270.08857958805,1286.95376762338,1299.27864601863,1300.24036239458,1290.59094991403,1290.34879005639,1285.00972758964,1285.00972758964,1274.7548783982,1270.08857958805,1255.48795294897,1244.23671381293,1245.49187070812,1231.10722522451,1227.29377086336,1213.72360939384,1200.5207203543,1185.59057013794,1171.00384286304,1152.44305716161,1142.63948820264,1109.61705105861,1101.13577727726,1092.01648339208,1073.54552767919,1068.8779163216,1051.48704224065,1040.73291482493,1033.50133042972,1027.74023955472,1029.8664962023,1025,1027.74023955472,1029.5630140987,975.320460156558,938.416218956173,775.403120963541,660.018939122204,564.025708633924,548.292804986533,571.182982939793,602.079728939615,645.174395028197,725,811.249036979398,859.142013871979,875,900,927.698765763974,941.076511235936,933.407735129724,933.407735129724,950.328890437411,970.82439194738,990.580637807947,1007.78221853732,1020.41658159793,1027.74023955472,1030.77640640442,1032.59382140317,1030.77640640442,1011.18742080783,1009.02180353053,1011.18742080783,996.242942258564,976.281209488332,961.769203083567,937.083240699566,941.076511235936,922.293337284836,929.045208803102,910.013736160065,910.013736160065,910.013736160065,896.172416446746,890.224690738243,896.172416446746,867.827747885489,850.367567584747,NA
NA,1145.09824905988,1175.26592735432,1175.26592735432,1215.01028802229,1230.09146001425,1237.94184031399,1241.21915873064,1250,1263.42787684933,1280.62484748657,1280.62484748657,1277.20397744448,1273.28315782468,1274.7548783982,1264.16968797705,1264.66389043253,1265.158092888,1274.7548783982,1253.99362039845,1235.16193270356,1235.16193270356,1234.90890352285,1220.65556157337,1209.59704034029,1195.04184027171,1182.42335903855,1166.19037896906,1153.52719950593,1129.43569980765,1116.35567808831,1096.58560997307,1085.41466730462,1073.83657974573,1068.00046816469,1053.8619454179,1044.32992871027,1040.43260233424,1025.91422643416,1030.77640640442,1028.65203057205,1011.18742080783,1009.02180353053,982.980162566875,917.196816392207,794.11900871343,642.748006609122,529.740502510427,515.388203202208,550.567888638631,581.48516748065,632.455532033676,697.316284049068,766.893082508898,851.46931829632,867.827747885489,883.883476483184,912.414379544733,912.414379544733,917.877987534291,925.337776166087,941.408519188137,955.24865872714,984.88578017961,995.301461869719,1007.16166274859,1013.03997946774,1025.30483272049,1026.21878758869,1027.74023955472,1002.80855600658,1004.98756211209,1004.05428140116,973.074810823179,972.432516938836,948.683298050514,921.954445729289,919.918474648705,925,922.293337284836,919.918474648705,910.013736160065,886.70739254841,873.212459828649,879.275269753449,883.529852353615,860.958767886128,838.525491562421,NA
NA,1125,1153.52719950593,1163.23901241318,1195.04184027171,1215.01028802229,1218.86217432489,1220.91154470748,1239.45552562405,1231.10722522451,1282.81916106675,1274.7548783982,1264.16968797705,1265.158092888,1256.23445264011,1250.249975005,1245.49187070812,1261.19982556294,1269.35022747861,1249.49989995998,1230.09146001425,1215.01028802229,1200.26038841578,1200.26038841578,1212.69328356349,1185.85412256314,1171.8041645258,1159.74135047432,1142.36596587959,1119.43065886191,1104.53610171873,1095.73035004056,1084.55059817419,1084.55059817419,1068.00046816469,1051.48704224065,1061.24926383956,1050.29757688,1030.77640640442,1028.65203057205,1027.74023955472,1011.4964162072,998.123238883857,970.82439194738,925,752.080447824566,605.18592184551,506.211418282915,482.830197895699,503.115294937453,566.789202437732,625,682.367203197809,753.740671584067,831.038506929733,853.302408293801,869.626356546304,890.224690738243,905.538513813742,903.119593409422,903.119593409422,933.407735129724,956.882960450232,970.82439194738,982.344135219425,995.615387586994,1012.42283656583,1004.05428140116,1004.05428140116,1004.05428140116,1002.80855600658,1006.23058987491,986.154146165801,977.880360780397,956.882960450232,941.076511235936,933.407735129724,916.856041044612,910.013736160065,910.013736160065,905.883546599672,897.566153550812,892.328414878737,873.212459828649,860.958767886128,860.958767886128,845.946215784432,826.513762740827,NA
NA,1105.10180526502,1140.17542509914,1171.537451386,1176.86022959398,1185.59057013794,1200,1206.75183861472,1222.9574808635,1221.16747418198,1253.99362039845,1276.95927891221,1274.7548783982,1253.99362039845,1249.49989995998,1241.97423483742,1239.45552562405,1241.21915873064,1246.49145575228,1241.21915873064,1210.37184369102,1208.30459735946,1195.04184027171,1180.04237212059,1187.69735202197,1185.85412256314,1175.26592735432,1151.08644332213,1137.15654155442,1116.35567808831,1097.72492000501,1097.72492000501,1085.41466730462,1081.95425041912,1063.60236930913,1073.54552767919,1055.04739230046,1051.48704224065,1041.93329920874,1029.5630140987,1017.96365357512,1004.98756211209,980.433577556379,975.320460156558,938.416218956173,763.216876123687,618.465843842649,496.23583103198,491.172067609712,506.211418282915,550.567888638631,605.18592184551,670.820393249937,731.864058415222,818.91696770796,834.415963413932,851.46931829632,870.7037383634,883.883476483184,893.378419260282,901.387818865997,915.491671180028,945.05290857179,964.689069078737,980.433577556379,986.470982847443,1004.98756211209,1011.4964162072,1006.54110695987,992.47166206396,980.433577556379,980.433577556379,975,965.660395791398,942.403841248538,942.403841248538,919.238815542512,915.491671180028,908.639092269312,903.465549979633,896.172416446746,896.172416446746,884.590300647707,863.495801958527,860.958767886128,853.302408293801,850,818.91696770796,NA
NA,1086.56569060504,1131.92314226718,1155.69243313262,1155.96280216969,1185.72234635054,1175.26592735432,1188.48643240047,1202.60134708057,1234.90890352285,1239.45552562405,1258.96783120142,1256.23445264011,1241.21915873064,1239.45552562405,1226.01998352392,1222.9574808635,1226.01998352392,1231.10722522451,1222.9574808635,1206.75183861472,1195.04184027171,1187.96043705167,1175.26592735432,1175.26592735432,1176.86022959398,1151.08644332213,1150.27170703273,1129.43569980765,1113.83347049727,1098.29413182444,1092.01648339208,1095.73035004056,1077.0329614269,1084.55059817419,1076.16216250154,1063.60236930913,1060.66017177982,1046.72107077292,1030.77640640442,1012.42283656583,1002.80855600658,975,958.18839483684,937.083240699566,813.941029804985,660.018939122204,506.211418282915,485.41219597369,485.41219597369,535.023363975817,604.669331122391,673.145600891813,745.821694508815,785.015923405379,816.241385865725,843.35638967165,855.131568824354,887.764045228235,897.566153550812,903.119593409422,917.877987534291,936.082261342453,956.882960450232,975,991.526600752597,991.526600752597,1004.98756211209,991.526600752597,980.114789195633,977.880360780397,975,957.209485953832,955.24865872714,941.408519188137,926.350365682445,925.337776166087,926.350365682445,916.856041044612,903.119593409422,883.529852353615,883.883476483184,883.883476483184,855.131568824354,850,843.35638967165,828.02475808396,800.390529679106,NA
NA,1101.13577727726,1113.83347049727,1120.54674155075,1152.44305716161,1170.46999107196,1179.24764150708,1185.85412256314,1185.85412256314,1200.5207203543,1237.94184031399,1245.49187070812,1241.21915873064,1237.94184031399,1231.10722522451,1219.11853402366,1212.69328356349,1220.91154470748,1204.15945787923,1204.15945787923,1204.15945787923,1187.96043705167,1179.24764150708,1171.537451386,1171.537451386,1152.44305716161,1151.08644332213,1152.44305716161,1136.33181773635,1120.54674155075,1109.61705105861,1101.13577727726,1091.44399764715,1100.28405423327,1095.73035004056,1089.1510455396,1078.48273050615,1068.00046816469,1055.04739230046,1044.32992871027,1007.78221853732,995.615387586994,962.094070244693,941.076511235936,927.698765763974,831.038506929733,676.849318534044,561.805126356106,515.388203202208,506.211418282915,564.025708633924,629.483915600709,650,726.722092687432,784.617741323761,797.652806677191,825.378700960959,851.46931829632,874.642784226795,883.529852353615,905.538513813742,925.337776166087,941.076511235936,952.955927627296,970.82439194738,970.82439194738,976.281209488332,995.301461869719,984.88578017961,962.094070244693,958.18839483684,955.24865872714,951.971638232989,939.414711402797,930.38970329642,925.337776166087,906.228448019593,916.856041044612,910.013736160065,901.387818865997,901.387818865997,884.590300647707,870.7037383634,834.415963413932,834.415963413932,828.02475808396,818.153051960775,776.611228350453,NA
NA,1081.95425041912,1109.61705105861,1133.57840487546,1133.57840487546,1152.44305716161,1167.26175299288,1178.18716679482,1185.59057013794,1211.66208160526,1237.94184031399,1237.43686707646,1227.29377086336,1229.83738762488,1230.09146001425,1215.01028802229,1221.16747418198,1204.15945787923,1202.60134708057,1202.60134708057,1200.26038841578,1185.59057013794,1177.39118393166,1154.33963806152,1151.08644332213,1156.77353012593,1154.33963806152,1149.18449345612,1145.09824905988,1128.05141726785,1116.07571427749,1106.79718105893,1113.83347049727,1107.07949127423,1101.13577727726,1102.55385356,1090.01146782958,1078.48273050615,1070.04672795163,1061.24926383956,1011.4964162072,995.615387586994,972.432516938836,930.38970329642,910.013736160065,873.212459828649,700.446286306095,604.669331122391,534.438958160799,527.375577743225,561.805126356106,625,672.681202353686,728.868986855663,781.024967590665,800.390529679106,813.941029804985,851.46931829632,867.827747885489,883.883476483184,903.465549979633,925,939.747306460625,951.971638232989,958.18839483684,951.971638232989,958.18839483684,972.753822917186,976.281209488332,955.24865872714,950.328890437411,950.328890437411,946.374661537385,938.416218956173,922.293337284836,916.856041044612,896.172416446746,894.427190999916,894.427190999916,883.883476483184,880.695747690427,870.873395583993,853.302408293801,831.038506929733,818.91696770796,809.706737035082,785.015923405379,761.987532706409,NA
NA,1051.48704224065,1096.01551083915,1122.77557864428,1123.05387226081,1147.00697469545,1154.33963806152,1167.26175299288,1188.48643240047,1206.49285120137,1235.16193270356,1221.93494098499,1219.88728987559,1234.14950471975,1220.65556157337,1219.88728987559,1211.66208160526,1202.60134708057,1192.68604418766,1184.53577404821,1177.39118393166,1175.26592735432,1175.26592735432,1162.16392991695,1166.7261889578,1154.33963806152,1158.12348219005,1159.74135047432,1147.27939055838,1133.85404704486,1123.05387226081,1123.61025271221,1125,1118.03398874989,1119.43065886191,1102.55385356,1101.13577727726,1083.10895112172,1082.24304109567,1063.01458127346,1025.30483272049,1000.31245118713,957.209485953832,925.337776166087,896.172416446746,883.883476483184,735.696948478108,626.996810199223,575.543221661067,570.087712549569,601.040764008565,632.455532033676,686.476510887299,730.154093325512,775.403120963541,783.022988168291,813.941029804985,828.402076289045,859.142013871979,879.275269753449,903.119593409422,916.856041044612,930.38970329642,939.414711402797,943.39811320566,950.328890437411,943.39811320566,950.328890437411,951.971638232989,961.769203083567,942.403841248538,939.747306460625,933.407735129724,930.38970329642,922.293337284836,917.877987534291,903.119593409422,883.883476483184,883.883476483184,875,875.35707000058,866.386172558173,849.264387573151,813.941029804985,803.50793399941,794.512429103535,776.611228350453,735.272058492637,NA
NA,NA,1095.73035004056,1109.61705105861,1133.57840487546,1140.17542509914,1147.00697469545,1158.12348219005,1162.16392991695,1212.69328356349,1207.52846757333,1220.91154470748,1211.66208160526,1206.49285120137,1220.91154470748,1212.69328356349,1204.15945787923,1196.34861140054,1188.48643240047,1176.06334863391,1171.8041645258,1163.23901241318,1168.8669727561,1170.46999107196,1158.12348219005,1159.74135047432,1163.23901241318,1166.19037896906,1136.33181773635,1140.17542509914,1138.52975367357,1132.75107592092,1137.15654155442,1129.43569980765,1131.92314226718,1116.35567808831,1120.54674155075,1107.07949127423,1084.55059817419,1082.24304109567,1039.83171715427,1007.78221853732,950.328890437411,919.918474648705,890.224690738243,866.746791167986,800.390529679106,682.367203197809,604.152298679729,571.182982939793,625.49980015984,657.647321898295,693.271231193102,753.740671584067,765.261393250698,775.403120963541,803.50793399941,834.415963413932,863.133825081603,877.852493303972,908.639092269312,916.856041044612,922.293337284836,939.747306460625,950.328890437411,950.328890437411,951.971638232989,948.683298050514,941.076511235936,951.971638232989,939.747306460625,937.083240699566,937.083240699566,930.38970329642,917.877987534291,915.491671180028,903.119593409422,878.208403512515,862.046982478333,874.642784226795,867.827747885489,851.46931829632,828.02475808396,805.062109405231,781.424980404389,776.611228350453,753.740671584067,NA,NA
NA,NA,1085.41466730462,1109.61705105861,1128.05141726785,1131.92314226718,1131.92314226718,1147.00697469545,1153.52719950593,1171.8041645258,1176.86022959398,1185.85412256314,1206.49285120137,1208.30459735946,1212.69328356349,1209.33866224478,1206.49285120137,1202.60134708057,1187.69735202197,1175,1165.38620208067,1175.26592735432,1177.39118393166,1178.18716679482,1160.01077581202,1175.26592735432,1167.26175299288,1152.44305716161,1158.12348219005,1154.33963806152,1147.00697469545,1142.36596587959,1141.27122105133,1141.27122105133,1131.92314226718,1136.33181773635,1140.17542509914,1129.43569980765,1099.14739684903,1081.95425041912,1063.60236930913,1025,956.882960450232,908.982948134892,883.883476483184,850.367567584747,826.513762740827,725,673.145600891813,637.377439199098,661.910114743686,682.825014187383,715.891053163818,750,761.987532706409,781.024967590665,806.225774829855,825.378700960959,854.400374531753,883.529852353615,903.119593409422,925.337776166087,939.747306460625,956.882960450232,956.882960450232,951.314879522022,942.403841248538,942.403841248538,943.39811320566,938.416218956173,934.07708461347,939.747306460625,925.337776166087,916.856041044612,908.982948134892,908.982948134892,903.465549979633,878.208403512515,853.302408293801,853.302408293801,845.946215784432,832.165848854662,813.941029804985,797.652806677191,775.403120963541,755.810822891549,735.272058492637,NA,NA
NA,NA,1077.0329614269,1103.68700273221,1122.77557864428,1128.05141726785,1138.52975367357,1147.27939055838,1147.27939055838,1165.38620208067,1175.26592735432,1168.8669727561,1184.53577404821,1187.96043705167,1207.52846757333,1206.49285120137,1202.08152801713,1190.85053638146,1175.26592735432,1175.26592735432,1176.06334863391,1177.39118393166,1179.24764150708,1181.63022980965,1175.26592735432,1167.26175299288,1171.8041645258,1164.3131022195,1171.00384286304,1162.16392991695,1155.96280216969,1152.44305716161,1151.6292806281,1140.4494727957,1144.82531418553,1151.08644332213,1140.17542509914,1131.37084989848,1117.19514857522,1101.13577727726,1075,1028.65203057205,972.432516938836,919.238815542512,870.7037383634,835.53874835342,820.060973342836,783.022988168291,735.272058492637,721.110255092798,715.891053163818,721.543484483091,736.756605752154,750,764.852927038918,778.620575119872,807.000619578449,831.038506929733,860.232526704263,883.529852353615,905.883546599672,925.337776166087,938.416218956173,951.971638232989,950.328890437411,956.882960450232,939.414711402797,930.053761886914,933.407735129724,933.407735129724,936.082261342453,927.698765763974,926.350365682445,919.238815542512,901.387818865997,894.427190999916,887.764045228235,859.142013871979,850.367567584747,840.014880820572,832.165848854662,813.941029804985,798.827265433523,761.987532706409,742.462120245875,735.272058492637,726.722092687432,NA,NA
NA,NA,1025.30483272049,1085.41466730462,1122.77557864428,1118.03398874989,1128.05141726785,1138.52975367357,1155.69243313262,1163.23901241318,1163.23901241318,1158.12348219005,1184.53577404821,1179.24764150708,1204.15945787923,1202.3414656411,1190.85053638146,1176.86022959398,1171.537451386,1176.06334863391,1171.537451386,1179.24764150708,1179.24764150708,1171.00384286304,1171.8041645258,1173.93568818739,1176.86022959398,1171.00384286304,1173.93568818739,1170.46999107196,1175.26592735432,1171.8041645258,1152.44305716161,1153.52719950593,1154.33963806152,1147.27939055838,1152.44305716161,1136.33181773635,1120.54674155075,1113.83347049727,1078.48273050615,1015.19702521235,954.594154601839,925,860.232526704263,835.53874835342,813.941029804985,785.015923405379,770.146090037468,753.740671584067,745.821694508815,738.664335134708,738.664335134708,753.740671584067,770.146090037468,783.022988168291,798.827265433523,840.386815698581,859.142013871979,890.224690738243,908.639092269312,919.238815542512,951.971638232989,956.882960450232,951.971638232989,945.05290857179,941.408519188137,916.856041044612,916.856041044612,930.053761886914,930.053761886914,916.856041044612,916.856041044612,903.465549979633,897.566153550812,883.529852353615,855.131568824354,850.367567584747,832.165848854662,825.378700960959,811.249036979398,795.691523141977,776.208734813001,730.154093325512,735.272058492637,704.450140180269,701.78344238091,NA,NA
NA,NA,NA,1089.1510455396,1098.29413182444,1107.07949127423,1138.52975367357,1134.95594628162,1155.96280216969,1156.77353012593,1165.38620208067,1152.44305716161,1177.39118393166,1177.39118393166,1180.04237212059,1187.69735202197,1175.26592735432,1176.06334863391,1177.39118393166,1179.24764150708,1185.85412256314,1184.53577404821,1192.68604418766,1188.48643240047,1176.86022959398,1182.42335903855,1182.42335903855,1178.18716679482,1176.86022959398,1179.24764150708,1175.26592735432,1171.537451386,1163.23901241318,1166.19037896906,1171.8041645258,1155.69243313262,1167.26175299288,1155.69243313262,1136.33181773635,1129.43569980765,1089.1510455396,1044.32992871027,965.012953280939,925.337776166087,901.387818865997,831.038506929733,797.652806677191,784.617741323761,775.403120963541,760.345316287277,753.740671584067,745.821694508815,745.821694508815,760.345316287277,781.424980404389,794.11900871343,816.241385865725,840.386815698581,863.495801958527,886.002257333467,908.982948134892,939.747306460625,955.24865872714,957.209485953832,957.209485953832,939.747306460625,930.053761886914,917.877987534291,921.954445729289,928.035559663529,919.238815542512,906.228448019593,910.013736160065,915.491671180028,894.427190999916,862.046982478333,851.46931829632,818.91696770796,813.941029804985,805.062109405231,795.691523141977,775.403120963541,751.664818918645,726.722092687432,716.32743909472,710.633520177595,NA,NA,NA
NA,NA,NA,1039.83171715427,1095.73035004056,1110.18016555873,1128.05141726785,1151.6292806281,1156.77353012593,1159.74135047432,1153.52719950593,1151.08644332213,1160.01077581202,1162.16392991695,1180.04237212059,1180.04237212059,1173.93568818739,1177.39118393166,1179.24764150708,1187.69735202197,1184.53577404821,1187.96043705167,1191.89974410602,1196.34861140054,1201.3013776734,1188.48643240047,1195.04184027171,1185.85412256314,1185.59057013794,1188.48643240047,1185.32695911297,1179.24764150708,1175.26592735432,1177.39118393166,1160.01077581202,1167.26175299288,1152.44305716161,1152.44305716161,1152.44305716161,1123.61025271221,1101.13577727726,1044.32992871027,1004.98756211209,925.337776166087,901.387818865997,873.212459828649,805.062109405231,790.569415042095,782.623792124926,763.216876123687,755.810822891549,752.080447824566,752.080447824566,776.611228350453,789.382670192347,806.225774829855,827.647267862342,853.302408293801,860.232526704263,880.695747690427,903.119593409422,930.053761886914,948.683298050514,964.689069078737,942.403841248538,930.053761886914,921.954445729289,925.337776166087,919.238815542512,925.337776166087,896.172416446746,896.172416446746,905.883546599672,901.387818865997,874.642784226795,855.131568824354,848.896342317482,818.91696770796,805.062109405231,785.015923405379,776.611228350453,765.261393250698,749.166203188585,725,711.512473537885,700.446286306095,NA,NA,NA
NA,NA,NA,NA,1085.41466730462,1085.41466730462,1107.07949127423,1128.05141726785,1153.52719950593,1152.44305716161,1142.36596587959,1150.27170703273,1151.08644332213,1154.33963806152,1175.26592735432,1176.06334863391,1177.39118393166,1179.24764150708,1181.63022980965,1184.53577404821,1187.96043705167,1191.89974410602,1216.55250605964,1201.3013776734,1206.75183861472,1209.33866224478,1187.69735202197,1193.99539362596,1202.60134708057,1188.48643240047,1185.59057013794,1185.32695911297,1187.69735202197,1171.8041645258,1180.04237212059,1175.26592735432,1149.18449345612,1156.77353012593,1151.08644332213,1126.11056295552,1101.13577727726,1054.75115548645,1009.02180353053,952.955927627296,922.293337284836,872.13817712562,828.402076289045,803.50793399941,794.11900871343,775.403120963541,766.893082508898,764.852927038918,772.172260574025,784.617741323761,803.50793399941,809.706737035082,845.946215784432,862.046982478333,866.746791167986,887.764045228235,908.639092269312,925,941.076511235936,950.328890437411,939.747306460625,939.414711402797,930.38970329642,933.407735129724,934.07708461347,908.639092269312,905.538513813742,903.119593409422,901.387818865997,886.70739254841,874.642784226795,860.958767886128,834.415963413932,817.389136213591,789.382670192347,765.261393250698,759.111322534449,750.416550990182,731.864058415222,710.633520177595,704.006392016436,NA,NA,NA,NA
NA,NA,NA,NA,1057.41429912783,1081.6653826392,1104.53610171873,1104.53610171873,1130.5419054595,1142.36596587959,1137.15654155442,1137.15654155442,1150.27170703273,1154.33963806152,1176.06334863391,1177.39118393166,1179.24764150708,1181.63022980965,1170.46999107196,1185.59057013794,1191.89974410602,1196.34861140054,1201.3013776734,1206.49285120137,1195.04184027171,1202.08152801713,1200.5207203543,1179.24764150708,1193.99539362596,1198.17569663218,1200.5207203543,1207.52846757333,1206.49285120137,1185.85412256314,1197.13198938129,1171.537451386,1167.26175299288,1167.26175299288,1145.09824905988,1133.85404704486,1101.13577727726,1068.00046816469,1044.32992871027,975,941.076511235936,901.387818865997,855.131568824354,820.060973342836,813.941029804985,785.015923405379,785.015923405379,785.015923405379,785.015923405379,803.50793399941,814.324873745117,831.038506929733,849.264387573151,863.133825081603,867.827747885489,883.529852353615,906.228448019593,922.293337284836,939.747306460625,942.403841248538,939.747306460625,939.747306460625,937.083240699566,925.337776166087,919.918474648705,906.228448019593,896.172416446746,884.590300647707,886.002257333467,869.626356546304,867.827747885489,824.621125123532,806.225774829855,800.390529679106,776.611228350453,770.146090037468,761.987532706409,745.821694508815,715.017482303755,701.78344238091,691.465834296967,NA,NA,NA,NA
NA,NA,NA,NA,1054.75115548645,1077.61310311262,1102.55385356,1101.13577727726,1118.03398874989,1125.27774349269,1126.11056295552,1125.27774349269,1126.11056295552,1158.12348219005,1158.12348219005,1159.74135047432,1165.38620208067,1184.53577404821,1179.24764150708,1191.89974410602,1196.34861140054,1201.3013776734,1206.75183861472,1188.48643240047,1188.48643240047,1193.99539362596,1193.99539362596,1202.60134708057,1198.17569663218,1208.30459735946,1218.86217432489,1225.76506721313,1209.33866224478,1206.49285120137,1195.04184027171,1187.69735202197,1181.63022980965,1168.8669727561,1160.01077581202,1151.08644332213,1129.43569980765,1076.16216250154,1039.83171715427,990.580637807947,955.24865872714,908.639092269312,901.387818865997,878.208403512515,838.525491562421,813.941029804985,806.225774829855,805.062109405231,817.389136213591,838.525491562421,834.415963413932,863.133825081603,860.958767886128,860.232526704263,876.427407147905,894.427190999916,903.465549979633,925.337776166087,934.07708461347,939.747306460625,936.082261342453,938.416218956173,916.856041044612,910.013736160065,896.172416446746,886.70739254841,893.378419260282,860.958767886128,850.367567584747,849.264387573151,831.038506929733,813.941029804985,805.062109405231,806.225774829855,794.512429103535,778.620575119872,743.303437365925,728.868986855663,707.106781186548,691.465834296967,675.462804305315,NA,NA,NA,NA
NA,NA,NA,NA,NA,1077.61310311262,1101.13577727726,1100.28405423327,1100.28405423327,1116.35567808831,1125.27774349269,1133.85404704486,1127.49722837797,1150.27170703273,1154.33963806152,1156.77353012593,1159.74135047432,1179.24764150708,1187.69735202197,1173.93568818739,1185.59057013794,1201.3013776734,1201.3013776734,1202.60134708057,1202.08152801713,1209.59704034029,1217.57956618859,1211.66208160526,1221.16747418198,1218.86217432489,1226.01998352392,1219.11853402366,1221.93494098499,1200.26038841578,1190.85053638146,1191.89974410602,1202.3414656411,1185.59057013794,1160.01077581202,1151.08644332213,1102.55385356,1085.41466730462,1051.48704224065,1007.78221853732,980.433577556379,951.314879522022,919.238815542512,900,860.958767886128,845.946215784432,834.415963413932,831.038506929733,832.165848854662,850,854.400374531753,877.852493303972,863.133825081603,867.827747885489,880.695747690427,883.883476483184,901.387818865997,910.013736160065,922.293337284836,921.954445729289,925.337776166087,941.076511235936,883.883476483184,903.465549979633,897.566153550812,883.883476483184,859.142013871979,848.528137423857,832.165848854662,840.386815698581,825.378700960959,794.11900871343,795.691523141977,794.512429103535,776.208734813001,755.810822891549,738.664335134708,725,711.073132666395,704.450140180269,NA,NA,NA,NA,NA
NA,NA,NA,NA,NA,1051.48704224065,1089.1510455396,1076.16216250154,1095.73035004056,1114.95515604889,1110.18016555873,1128.05141726785,1144.82531418553,1154.33963806152,1156.77353012593,1176.86022959398,1184.53577404821,1187.96043705167,1191.89974410602,1196.34861140054,1198.17569663218,1201.3013776734,1212.69328356349,1219.11853402366,1209.59704034029,1217.57956618859,1226.01998352392,1221.16747418198,1226.01998352392,1225.76506721313,1219.11853402366,1221.93494098499,1206.49285120137,1195.04184027171,1190.85053638146,1191.89974410602,1202.60134708057,1187.96043705167,1180.04237212059,1151.6292806281,1107.07949127423,1089.1510455396,1063.60236930913,1033.50133042972,1001.24921972504,961.769203083567,934.07708461347,916.856041044612,878.208403512515,875,853.302408293801,853.302408293801,859.142013871979,862.046982478333,869.626356546304,880.695747690427,867.827747885489,862.046982478333,877.852493303972,890.224690738243,910.013736160065,901.387818865997,910.013736160065,922.293337284836,905.883546599672,910.013736160065,886.002257333467,895.125689498408,880.695747690427,862.046982478333,850,831.038506929733,820.060973342836,813.941029804985,807.774721070176,798.827265433523,790.569415042095,782.623792124926,760.345316287277,764.852927038918,735.696948478108,707.106781186548,704.450140180269,689.655711206686,NA,NA,NA,NA,NA
NA,NA,NA,NA,NA,NA,1077.61310311262,1076.16216250154,1085.41466730462,1101.13577727726,1106.79718105893,1136.33181773635,1154.33963806152,1156.77353012593,1162.16392991695,1184.53577404821,1167.26175299288,1191.89974410602,1198.17569663218,1201.3013776734,1206.75183861472,1211.66208160526,1206.49285120137,1219.11853402366,1217.57956618859,1231.10722522451,1231.10722522451,1225.25507548428,1220.91154470748,1229.83738762488,1231.10722522451,1239.45552562405,1206.75183861472,1215.01028802229,1219.11853402366,1206.75183861472,1202.08152801713,1184.53577404821,1184.53577404821,1154.33963806152,1133.57840487546,1114.95515604889,1085.41466730462,1060.66017177982,1007.78221853732,975.320460156558,970.82439194738,937.083240699566,927.698765763974,906.228448019593,903.119593409422,873.212459828649,879.275269753449,870.7037383634,887.764045228235,873.212459828649,870.7037383634,875.35707000058,880.695747690427,895.125689498408,886.70739254841,903.119593409422,901.387818865997,896.172416446746,890.224690738243,905.883546599672,895.125689498408,878.208403512515,863.495801958527,832.541290267336,825,813.941029804985,805.062109405231,807.000619578449,809.706737035082,785.015923405379,783.022988168291,778.620575119872,766.893082508898,752.080447824566,728.868986855663,707.990112925315,689.655711206686,NA,NA,NA,NA,NA,NA
NA,NA,NA,NA,NA,NA,1076.16216250154,1095.73035004056,1082.24304109567,1102.55385356,1110.18016555873,1129.43569980765,1140.17542509914,1147.00697469545,1162.9703349613,1179.24764150708,1179.24764150708,1171.8041645258,1201.3013776734,1198.17569663218,1212.69328356349,1219.11853402366,1201.3013776734,1206.75183861472,1209.59704034029,1202.60134708057,1209.33866224478,1220.91154470748,1229.83738762488,1241.21915873064,1227.29377086336,1234.90890352285,1220.65556157337,1220.65556157337,1230.09146001425,1222.9574808635,1212.69328356349,1193.99539362596,1206.75183861472,1165.38620208067,1152.44305716161,1138.52975367357,1100.28405423327,1068.00046816469,1012.42283656583,1001.24921972504,982.344135219425,951.971638232989,951.314879522022,937.083240699566,934.07708461347,910.013736160065,896.172416446746,883.883476483184,887.764045228235,901.387818865997,872.13817712562,876.427407147905,880.695747690427,887.764045228235,890.224690738243,884.590300647707,883.883476483184,895.125689498408,880.695747690427,878.208403512515,863.133825081603,855.131568824354,825.378700960959,831.038506929733,817.389136213591,797.260935955099,790.569415042095,797.260935955099,797.260935955099,790.569415042095,766.893082508898,766.893082508898,759.111322534449,728.010988928052,715.891053163818,691.465834296967,682.825014187383,NA,NA,NA,NA,NA,NA
NA,NA,NA,NA,NA,NA,NA,1084.55059817419,1089.1510455396,1104.53610171873,1105.10180526502,1131.92314226718,1140.4494727957,1158.12348219005,1163.23901241318,1167.26175299288,1171.8041645258,1176.86022959398,1182.42335903855,1188.48643240047,1204.15945787923,1219.11853402366,1195.04184027171,1202.60134708057,1211.66208160526,1221.16747418198,1219.11853402366,1216.55250605964,1231.10722522451,1244.23671381293,1243.48301154459,1227.29377086336,1227.29377086336,1227.29377086336,1229.07485532819,1231.10722522451,1216.55250605964,1204.15945787923,1197.13198938129,1175.26592735432,1179.24764150708,1152.44305716161,1123.61025271221,1077.0329614269,1040.43260233424,1012.42283656583,1007.78221853732,976.281209488332,973.717104707522,958.18839483684,956.882960450232,945.05290857179,908.639092269312,901.387818865997,905.883546599672,878.208403512515,883.883476483184,883.883476483184,895.125689498408,880.695747690427,886.70739254841,896.172416446746,894.427190999916,884.590300647707,874.642784226795,870.7037383634,875,860.232526704263,845.946215784432,831.038506929733,807.774721070176,800.390529679106,794.11900871343,785.015923405379,782.623792124926,784.617741323761,770.146090037468,751.664818918645,735.696948478108,728.010988928052,719.809002444398,676.849318534044,NA,NA,NA,NA,NA,NA,NA
NA,NA,NA,NA,NA,NA,NA,NA,1089.1510455396,1100.28405423327,1107.07949127423,1131.92314226718,1142.36596587959,1142.36596587959,1158.12348219005,1175.26592735432,1176.86022959398,1182.42335903855,1188.48643240047,1188.48643240047,1179.24764150708,1209.59704034029,1206.49285120137,1188.48643240047,1198.17569663218,1208.30459735946,1202.60134708057,1229.83738762488,1241.21915873064,1231.10722522451,1234.90890352285,1227.29377086336,1241.21915873064,1235.16193270356,1241.97423483742,1239.45552562405,1219.88728987559,1220.91154470748,1217.57956618859,1195.04184027171,1188.48643240047,1176.86022959398,1140.4494727957,1109.61705105861,1055.04739230046,1044.32992871027,1025.91422643416,1007.78221853732,986.154146165801,958.18839483684,961.769203083567,941.408519188137,928.035559663529,919.918474648705,906.228448019593,910.013736160065,883.529852353615,887.764045228235,895.125689498408,883.883476483184,890.224690738243,896.172416446746,901.387818865997,884.590300647707,873.212459828649,870.7037383634,863.495801958527,845.946215784432,845.946215784432,834.415963413932,803.50793399941,800.390529679106,783.022988168291,785.015923405379,785.015923405379,781.424980404389,760.345316287277,752.080447824566,745.821694508815,715.891053163818,697.316284049068,NA,NA,NA,NA,NA,NA,NA,NA
NA,NA,NA,NA,NA,NA,NA,NA,1079.64114408446,1082.24304109567,1085.41466730462,1130.5419054595,1138.52975367357,1142.63948820264,1147.27939055838,1170.46999107196,1171.8041645258,1185.85412256314,1187.69735202197,1178.18716679482,1185.85412256314,1193.99539362596,1202.60134708057,1201.3013776734,1196.34861140054,1196.34861140054,1216.55250605964,1231.36103560248,1231.10722522451,1261.19982556294,1256.23445264011,1248.24877328199,1255.48795294897,1250,1261.19982556294,1245.49187070812,1226.01998352392,1229.83738762488,1234.90890352285,1210.37184369102,1196.34861140054,1184.53577404821,1144.82531418553,1123.61025271221,1075.29065838033,1039.83171715427,1039.83171715427,1027.74023955472,1007.78221853732,972.432516938836,956.882960450232,952.955927627296,937.083240699566,937.083240699566,925.337776166087,917.877987534291,901.387818865997,896.172416446746,890.224690738243,890.224690738243,886.70739254841,895.125689498408,894.427190999916,863.133825081603,867.827747885489,870.7037383634,853.302408293801,840.014880820572,845.946215784432,832.165848854662,811.249036979398,785.015923405379,782.623792124926,770.146090037468,770.146090037468,764.852927038918,752.080447824566,745.821694508815,735.272058492637,715.891053163818,679.153885360306,NA,NA,NA,NA,NA,NA,NA,NA
NA,NA,NA,NA,NA,NA,NA,NA,NA,1082.24304109567,1085.41466730462,1113.83347049727,1133.85404704486,1142.63948820264,1147.27939055838,1165.38620208067,1182.42335903855,1184.53577404821,1195.04184027171,1201.3013776734,1188.48643240047,1204.15945787923,1193.99539362596,1198.17569663218,1201.04121494643,1218.86217432489,1229.83738762488,1231.10722522451,1252.24797863682,1261.19982556294,1275,1269.35022747861,1261.9429464124,1264.91106406735,1250,1249.49989995998,1237.43686707646,1220.91154470748,1239.45552562405,1226.01998352392,1200.26038841578,1179.24764150708,1163.23901241318,1130.5419054595,1091.44399764715,1061.24926383956,1039.83171715427,1032.59382140317,1012.42283656583,977.880360780397,970.82439194738,962.094070244693,955.24865872714,933.407735129724,926.350365682445,917.877987534291,916.856041044612,901.387818865997,905.538513813742,901.387818865997,887.764045228235,883.529852353615,867.827747885489,866.386172558173,855.862138431184,862.046982478333,851.46931829632,835.53874835342,832.165848854662,832.165848854662,803.50793399941,784.617741323761,776.208734813001,776.611228350453,760.345316287277,755.810822891549,752.080447824566,752.080447824566,728.010988928052,704.006392016436,NA,NA,NA,NA,NA,NA,NA,NA,NA
NA,NA,NA,NA,NA,NA,NA,NA,NA,NA,1085.41466730462,1118.03398874989,1131.92314226718,1147.27939055838,1149.18449345612,1158.12348219005,1164.3131022195,1175.26592735432,1188.48643240047,1185.85412256314,1193.99539362596,1202.60134708057,1188.48643240047,1202.60134708057,1208.30459735946,1218.86217432489,1229.07485532819,1241.21915873064,1252.99640861417,1256.23445264011,1273.28315782468,1290.59094991403,1281.60056179763,1281.1127975319,1264.16968797705,1255.48795294897,1231.10722522451,1227.29377086336,1222.9574808635,1220.91154470748,1202.08152801713,1185.59057013794,1163.23901241318,1131.92314226718,1098.29413182444,1049.40459309077,1035.91746775503,1040.43260233424,1002.80855600658,986.470982847443,975.320460156558,965.983954318083,958.18839483684,951.971638232989,938.416218956173,925.337776166087,908.982948134892,892.328414878737,901.387818865997,903.465549979633,886.70739254841,884.590300647707,873.212459828649,866.386172558173,854.400374531753,840.386815698581,838.15273071201,848.896342317482,831.038506929733,832.165848854662,811.249036979398,806.225774829855,790.569415042095,772.172260574025,763.216876123687,761.577310586391,763.216876123687,743.303437365925,725,NA,NA,NA,NA,NA,NA,NA,NA,NA,NA
NA,NA,NA,NA,NA,NA,NA,NA,NA,NA,NA,1113.83347049727,1138.52975367357,1147.27939055838,1152.44305716161,1158.12348219005,1164.3131022195,1171.8041645258,1180.04237212059,1185.85412256314,1193.99539362596,1202.60134708057,1211.66208160526,1210.37184369102,1226.01998352392,1233.3896383544,1227.29377086336,1241.21915873064,1252.99640861417,1256.23445264011,1269.35022747861,1272.79220613579,1275.98001551748,1270.08857958805,1261.19982556294,1256.23445264011,1243.23167591564,1237.94184031399,1234.90890352285,1220.65556157337,1180.04237212059,1187.96043705167,1150.27170703273,1119.43065886191,1100.28405423327,1051.48704224065,1049.40459309077,1035.91746775503,1009.02180353053,980.114789195633,982.980162566875,976.281209488332,956.882960450232,961.769203083567,941.076511235936,908.982948134892,903.119593409422,903.119593409422,910.013736160065,895.125689498408,883.883476483184,876.427407147905,883.883476483184,866.386172558173,849.264387573151,838.525491562421,845.946215784432,838.525491562421,825.378700960959,809.706737035082,797.652806677191,794.11900871343,783.022988168291,776.208734813001,763.216876123687,771.767452021657,761.577310586391,752.080447824566,NA,NA,NA,NA,NA,NA,NA,NA,NA,NA,NA
NA,NA,NA,NA,NA,NA,NA,NA,NA,NA,NA,1086.56569060504,1122.77557864428,1137.15654155442,1138.52975367357,1142.63948820264,1164.3131022195,1191.89974410602,1178.18716679482,1196.34861140054,1191.89974410602,1202.3414656411,1211.66208160526,1225.76506721313,1218.86217432489,1229.83738762488,1226.01998352392,1250,1252.24797863682,1248.24877328199,1261.9429464124,1275.98001551748,1283.79320764678,1264.16968797705,1258.22295321616,1245.49187070812,1255.23902106332,1237.94184031399,1202.08152801713,1190.85053638146,1165.38620208067,1154.33963806152,1155.96280216969,1133.85404704486,1105.38324700322,1061.24926383956,1044.62912078881,1030.77640640442,1025.91422643416,995.615387586994,980.114789195633,972.753822917186,973.717104707522,965.983954318083,958.18839483684,930.38970329642,936.082261342453,908.982948134892,897.566153550812,892.328414878737,883.883476483184,875.35707000058,877.852493303972,870.7037383634,855.131568824354,840.386815698581,835.53874835342,840.014880820572,807.774721070176,803.50793399941,794.512429103535,805.062109405231,784.617741323761,766.893082508898,760.345316287277,764.852927038918,760.345316287277,728.868986855663,NA,NA,NA,NA,NA,NA,NA,NA,NA,NA,NA
NA,NA,NA,NA,NA,NA,NA,NA,NA,NA,NA,NA,1103.68700273221,1110.46161572564,1144.82531418553,1164.3131022195,1171.00384286304,1178.18716679482,1185.85412256314,1193.99539362596,1202.60134708057,1209.33866224478,1221.16747418198,1221.16747418198,1229.83738762488,1222.9574808635,1231.10722522451,1241.21915873064,1256.23445264011,1256.23445264011,1241.21915873064,1255.48795294897,1270.08857958805,1265.158092888,1258.22295321616,1256.23445264011,1250,1241.21915873064,1202.60134708057,1180.04237212059,1155.69243313262,1152.44305716161,1140.17542509914,1097.72492000501,1083.10895112172,1073.54552767919,1061.24926383956,1033.50133042972,1015.19702521235,1001.24921972504,982.980162566875,983.933432707721,951.314879522022,956.882960450232,943.39811320566,933.407735129724,934.07708461347,926.350365682445,910.013736160065,895.125689498408,886.70739254841,887.764045228235,875,866.386172558173,867.827747885489,835.53874835342,840.386815698581,820.060973342836,816.241385865725,794.512429103535,794.512429103535,784.617741323761,772.172260574025,760.345316287277,750,752.080447824566,738.664335134708,NA,NA,NA,NA,NA,NA,NA,NA,NA,NA,NA,NA
NA,NA,NA,NA,NA,NA,NA,NA,NA,NA,NA,NA,NA,1103.68700273221,1152.44305716161,1164.3131022195,1185.59057013794,1178.18716679482,1185.85412256314,1187.96043705167,1202.60134708057,1198.17569663218,1211.66208160526,1218.86217432489,1236.9316876853,1241.21915873064,1227.29377086336,1221.93494098499,1241.21915873064,1248.24877328199,1241.21915873064,1255.48795294897,1270.08857958805,1273.0377056474,1267.37918556366,1245.49187070812,1187.96043705167,1197.13198938129,1175.26592735432,1185.85412256314,1151.6292806281,1110.18016555873,1103.68700273221,1096.58560997307,1085.41466730462,1053.8619454179,1054.75115548645,1050.29757688,1026.21878758869,1002.80855600658,980.114789195633,975.320460156558,946.374661537385,951.971638232989,948.683298050514,948.683298050514,937.083240699566,925.337776166087,921.954445729289,897.566153550812,901.734439843572,901.734439843572,886.70739254841,862.046982478333,849.264387573151,855.131568824354,835.53874835342,816.241385865725,800.390529679106,789.382670192347,766.893082508898,759.111322534449,765.261393250698,752.080447824566,751.664818918645,738.664335134708,NA,NA,NA,NA,NA,NA,NA,NA,NA,NA,NA,NA,NA
NA,NA,NA,NA,NA,NA,NA,NA,NA,NA,NA,NA,NA,NA,1125,1164.3131022195,1178.18716679482,1179.24764150708,1171.00384286304,1185.59057013794,1188.48643240047,1202.3414656411,1202.60134708057,1222.9574808635,1229.83738762488,1231.10722522451,1231.10722522451,1243.48301154459,1256.23445264011,1245.49187070812,1255.48795294897,1270.08857958805,1261.9429464124,1261.19982556294,1245.49187070812,1243.23167591564,1204.15945787923,1188.48643240047,1175.26592735432,1150.27170703273,1085.41466730462,1107.07949127423,1103.68700273221,1086.56569060504,1077.0329614269,1063.60236930913,1050.29757688,1025.30483272049,1017.96365357512,1004.05428140116,972.432516938836,961.769203083567,950.328890437411,950.328890437411,950.328890437411,950.328890437411,937.083240699566,946.374661537385,912.414379544733,912.414379544733,892.328414878737,897.566153550812,867.827747885489,862.046982478333,860.232526704263,838.525491562421,822.344210169926,820.060973342836,797.260935955099,790.569415042095,766.893082508898,752.080447824566,752.080447824566,752.080447824566,728.868986855663,NA,NA,NA,NA,NA,NA,NA,NA,NA,NA,NA,NA,NA,NA
NA,NA,NA,NA,NA,NA,NA,NA,NA,NA,NA,NA,NA,NA,NA,1123.05387226081,1154.33963806152,1150.27170703273,1170.46999107196,1176.06334863391,1188.48643240047,1200.5207203543,1208.30459735946,1220.91154470748,1244.23671381293,1236.9316876853,1226.01998352392,1234.90890352285,1248.24877328199,1261.9429464124,1263.42787684933,1267.37918556366,1265.158092888,1241.97423483742,1241.47090179351,1213.72360939384,1185.59057013794,1187.69735202197,1171.8041645258,1129.43569980765,1118.03398874989,1095.73035004056,1116.35567808831,1097.72492000501,1086.56569060504,1063.60236930913,1040.73291482493,1027.74023955472,1005.60926805594,985.203024761902,960.468635614927,945.05290857179,955.24865872714,951.314879522022,958.18839483684,951.971638232989,945.05290857179,925.337776166087,925,906.228448019593,887.764045228235,892.328414878737,863.133825081603,859.142013871979,831.038506929733,818.91696770796,827.647267862342,822.344210169926,801.56097709407,794.512429103535,765.261393250698,738.24115301167,726.722092687432,731.864058415222,NA,NA,NA,NA,NA,NA,NA,NA,NA,NA,NA,NA,NA,NA,NA
NA,NA,NA,NA,NA,NA,NA,NA,NA,NA,NA,NA,NA,NA,NA,NA,NA,1147.00697469545,1162.16392991695,1165.38620208067,1202.3414656411,1206.75183861472,1206.49285120137,1221.16747418198,1226.01998352392,1231.10722522451,1243.23167591564,1235.16193270356,1248.24877328199,1261.9429464124,1255.48795294897,1250.249975005,1245.49187070812,1222.9574808635,1212.69328356349,1188.48643240047,1176.86022959398,1155.96280216969,1141.27122105133,1125,1085.41466730462,1107.3617295175,1107.07949127423,1097.72492000501,1075.29065838033,1068.00046816469,1017.96365357512,1021.33491079077,1000.31245118713,983.933432707721,982.980162566875,950.328890437411,950.328890437411,951.314879522022,952.955927627296,937.083240699566,945.05290857179,930.053761886914,927.698765763974,903.119593409422,884.590300647707,866.386172558173,848.528137423857,843.35638967165,813.941029804985,800.390529679106,820.060973342836,813.941029804985,794.512429103535,770.146090037468,751.664818918645,735.272058492637,NA,NA,NA,NA,NA,NA,NA,NA,NA,NA,NA,NA,NA,NA,NA,NA,NA
NA,NA,NA,NA,NA,NA,NA,NA,NA,NA,NA,NA,NA,NA,NA,NA,NA,NA,1155.96280216969,1165.38620208067,1187.96043705167,1208.30459735946,1218.86217432489,1209.33866224478,1219.11853402366,1231.10722522451,1243.48301154459,1267.37918556366,1250,1243.48301154459,1267.37918556366,1250,1226.01998352392,1226.01998352392,1216.55250605964,1202.08152801713,1158.12348219005,1154.33963806152,1120.54674155075,1099.14739684903,1084.55059817419,1104.53610171873,1100.28405423327,1095.73035004056,1068.00046816469,1030.77640640442,1007.78221853732,984.88578017961,972.432516938836,965.983954318083,958.18839483684,955.24865872714,957.209485953832,957.209485953832,955.24865872714,955.24865872714,945.05290857179,950.328890437411,938.416218956173,917.877987534291,873.212459828649,862.046982478333,848.528137423857,832.165848854662,809.706737035082,800.390529679106,800.390529679106,800.390529679106,778.620575119872,761.987532706409,735.272058492637,NA,NA,NA,NA,NA,NA,NA,NA,NA,NA,NA,NA,NA,NA,NA,NA,NA,NA
NA,NA,NA,NA,NA,NA,NA,NA,NA,NA,NA,NA,NA,NA,NA,NA,NA,NA,NA,1165.38620208067,1177.39118393166,1185.85412256314,1196.34861140054,1206.75183861472,1219.11853402366,1231.10722522451,1243.48301154459,1221.93494098499,1252.99640861417,1241.21915873064,1241.21915873064,1226.01998352392,1233.3896383544,1185.59057013794,1202.60134708057,1187.69735202197,1147.27939055838,1140.17542509914,1086.56569060504,1062.1322893124,1073.83657974573,1073.83657974573,1061.24926383956,1054.75115548645,1026.21878758869,980.114789195633,985.203024761902,972.432516938836,960.468635614927,956.882960450232,961.769203083567,964.689069078737,965.012953280939,937.083240699566,942.403841248538,946.374661537385,950.328890437411,950.328890437411,925.337776166087,903.465549979633,851.46931829632,848.896342317482,831.038506929733,826.513762740827,805.062109405231,784.617741323761,794.512429103535,794.512429103535,776.611228350453,730.154093325512,NA,NA,NA,NA,NA,NA,NA,NA,NA,NA,NA,NA,NA,NA,NA,NA,NA,NA,NA
NA,NA,NA,NA,NA,NA,NA,NA,NA,NA,NA,NA,NA,NA,NA,NA,NA,NA,NA,NA,NA,1179.24764150708,1206.49285120137,1201.3013776734,1212.69328356349,1231.10722522451,1243.48301154459,1234.90890352285,1243.23167591564,1244.23671381293,1220.91154470748,1219.88728987559,1195.04184027171,1185.59057013794,1182.42335903855,1150.27170703273,1154.33963806152,1105.10180526502,1095.73035004056,1073.83657974573,1062.1322893124,1055.04739230046,1060.95475869615,1051.18980208143,1007.78221853732,1001.24921972504,995.615387586994,972.432516938836,955.24865872714,946.374661537385,952.955927627296,976.281209488332,958.18839483684,950.328890437411,915.491671180028,926.350365682445,936.082261342453,939.414711402797,921.954445729289,883.883476483184,845.946215784432,831.038506929733,831.038506929733,811.249036979398,805.062109405231,790.569415042095,789.382670192347,765.261393250698,NA,NA,NA,NA,NA,NA,NA,NA,NA,NA,NA,NA,NA,NA,NA,NA,NA,NA,NA,NA,NA
NA,NA,NA,NA,NA,NA,NA,NA,NA,NA,NA,NA,NA,NA,NA,NA,NA,NA,NA,NA,NA,NA,1196.34861140054,1207.52846757333,1216.55250605964,1226.01998352392,1237.43686707646,1213.72360939384,1227.29377086336,1209.59704034029,1215.01028802229,1176.86022959398,1171.537451386,1158.12348219005,1144.82531418553,1147.27939055838,1095.73035004056,1079.35165724615,1055.04739230046,1068.00046816469,1050.29757688,1029.5630140987,1017.96365357512,1007.78221853732,998.123238883857,982.344135219425,965.012953280939,956.882960450232,951.971638232989,958.18839483684,965.660395791398,965.983954318083,955.24865872714,941.076511235936,905.538513813742,905.883546599672,905.883546599672,897.566153550812,886.70739254841,855.131568824354,848.896342317482,831.038506929733,828.402076289045,828.402076289045,805.062109405231,794.512429103535,785.015923405379,NA,NA,NA,NA,NA,NA,NA,NA,NA,NA,NA,NA,NA,NA,NA,NA,NA,NA,NA,NA,NA,NA
NA,NA,NA,NA,NA,NA,NA,NA,NA,NA,NA,NA,NA,NA,NA,NA,NA,NA,NA,NA,NA,NA,NA,NA,1175.26592735432,1175.26592735432,1171.8041645258,1168.8669727561,1201.3013776734,1165.38620208067,1151.08644332213,1136.33181773635,1140.17542509914,1116.35567808831,1109.61705105861,1085.41466730462,1076.16216250154,1051.18980208143,1039.83171715427,1028.65203057205,1027.74023955472,1015.19702521235,976.281209488332,984.88578017961,984.88578017961,955.24865872714,954.594154601839,941.076511235936,952.955927627296,951.971638232989,950.328890437411,943.39811320566,930.053761886914,917.196816392207,903.119593409422,895.125689498408,883.883476483184,875.35707000058,862.046982478333,850.367567584747,838.525491562421,828.02475808396,825.378700960959,825.378700960959,797.652806677191,NA,NA,NA,NA,NA,NA,NA,NA,NA,NA,NA,NA,NA,NA,NA,NA,NA,NA,NA,NA,NA,NA,NA,NA
NA,NA,NA,NA,NA,NA,NA,NA,NA,NA,NA,NA,NA,NA,NA,NA,NA,NA,NA,NA,NA,NA,NA,NA,NA,NA,1116.35567808831,1129.43569980765,1125,1140.17542509914,1133.85404704486,1103.68700273221,1077.61310311262,1076.16216250154,1076.16216250154,1068.8779163216,1043.13230225125,1030.77640640442,1019.80390271856,996.242942258564,989.002022242624,995.301461869719,956.882960450232,965.660395791398,975,956.882960450232,948.683298050514,948.683298050514,938.416218956173,930.053761886914,921.954445729289,938.416218956173,921.954445729289,905.883546599672,883.883476483184,873.212459828649,859.142013871979,860.958767886128,846.861978628199,840.014880820572,831.038506929733,828.402076289045,813.941029804985,NA,NA,NA,NA,NA,NA,NA,NA,NA,NA,NA,NA,NA,NA,NA,NA,NA,NA,NA,NA,NA,NA,NA,NA,NA,NA
NA,NA,NA,NA,NA,NA,NA,NA,NA,NA,NA,NA,NA,NA,NA,NA,NA,NA,NA,NA,NA,NA,NA,NA,NA,NA,NA,NA,NA,1081.6653826392,1085.41466730462,1085.41466730462,1075.29065838033,1078.48273050615,1050.29757688,1030.77640640442,1020.11028815516,982.344135219425,982.344135219425,986.470982847443,975.320460156558,970.82439194738,941.076511235936,951.314879522022,945.05290857179,951.971638232989,945.05290857179,928.035559663529,908.639092269312,910.013736160065,905.883546599672,919.238815542512,922.293337284836,896.172416446746,866.746791167986,853.302408293801,840.014880820572,835.53874835342,817.389136213591,809.706737035082,NA,NA,NA,NA,NA,NA,NA,NA,NA,NA,NA,NA,NA,NA,NA,NA,NA,NA,NA,NA,NA,NA,NA,NA,NA,NA,NA,NA,NA
NA,NA,NA,NA,NA,NA,NA,NA,NA,NA,NA,NA,NA,NA,NA,NA,NA,NA,NA,NA,NA,NA,NA,NA,NA,NA,NA,NA,NA,NA,NA,1030.77640640442,1030.77640640442,1015.19702521235,1026.21878758869,982.344135219425,982.980162566875,965.983954318083,980.433577556379,976.281209488332,951.971638232989,939.414711402797,928.035559663529,927.698765763974,946.374661537385,919.238815542512,917.877987534291,916.856041044612,894.427190999916,903.119593409422,884.590300647707,897.566153550812,895.125689498408,887.764045228235,834.415963413932,831.038506929733,807.774721070176,801.56097709407,NA,NA,NA,NA,NA,NA,NA,NA,NA,NA,NA,NA,NA,NA,NA,NA,NA,NA,NA,NA,NA,NA,NA,NA,NA,NA,NA,NA,NA,NA,NA
NA,NA,NA,NA,NA,NA,NA,NA,NA,NA,NA,NA,NA,NA,NA,NA,NA,NA,NA,NA,NA,NA,NA,NA,NA,NA,NA,NA,NA,NA,NA,NA,NA,NA,NA,960.468635614927,965.012953280939,955.24865872714,960.468635614927,948.683298050514,929.045208803102,919.238815542512,919.238815542512,928.035559663529,906.228448019593,883.529852353615,876.427407147905,877.852493303972,866.746791167986,862.046982478333,867.827747885489,863.495801958527,867.827747885489,827.647267862342,NA,NA,NA,NA,NA,NA,NA,NA,NA,NA,NA,NA,NA,NA,NA,NA,NA,NA,NA,NA,NA,NA,NA,NA,NA,NA,NA,NA,NA,NA,NA,NA,NA,NA,NA
NA,NA,NA,NA,NA,NA,NA,NA,NA,NA,NA,NA,NA,NA,NA,NA,NA,NA,NA,NA,NA,NA,NA,NA,NA,NA,NA,NA,NA,NA,NA,NA,NA,NA,NA,NA,NA,NA,NA,NA,NA,NA,NA,NA,832.541290267336,NA,NA,NA,NA,NA,NA,NA,NA,NA,NA,NA,NA,NA,NA,NA,NA,NA,NA,NA,NA,NA,NA,NA,NA,NA,NA,NA,NA,NA,NA,NA,NA,NA,NA,NA,NA,NA,NA,NA,NA,NA,NA,NA,NA
