"V1","V2","V3","V4","V5","V6","V7","V8","V9","V10","V11","V12","V13","V14","V15","V16","V17","V18","V19","V20","V21","V22","V23","V24","V25","V26","V27","V28","V29","V30","V31","V32","V33","V34","V35","V36","V37","V38","V39","V40","V41","V42","V43","V44","V45","V46","V47","V48","V49","V50","V51","V52","V53","V54","V55","V56","V57","V58","V59","V60","V61","V62","V63","V64","V65","V66","V67","V68","V69","V70","V71","V72","V73","V74","V75","V76","V77","V78","V79","V80","V81","V82","V83","V84","V85","V86","V87","V88","V89"
NA,NA,NA,NA,NA,NA,NA,NA,NA,NA,NA,NA,NA,NA,NA,NA,NA,NA,NA,NA,NA,NA,NA,NA,NA,NA,NA,NA,NA,NA,NA,NA,NA,NA,NA,NA,NA,NA,NA,NA,NA,NA,NA,NA,175.163245797197,NA,NA,NA,NA,NA,NA,NA,NA,NA,NA,NA,NA,NA,NA,NA,NA,NA,NA,NA,NA,NA,NA,NA,NA,NA,NA,NA,NA,NA,NA,NA,NA,NA,NA,NA,NA,NA,NA,NA,NA,NA,NA,NA,NA
NA,NA,NA,NA,NA,NA,NA,NA,NA,NA,NA,NA,NA,NA,NA,NA,NA,NA,NA,NA,NA,NA,NA,NA,NA,NA,NA,NA,NA,NA,NA,NA,NA,NA,NA,165.82443242067,169.858261142605,171.262486379779,172.499117652952,173.69350197149,173.968911288488,174.490899033696,174.410304800489,175.963226341619,175.767506349618,175.865386218763,174.298492334267,173.097300907256,169.399338149696,168.004087825133,166.592142427917,166.957985071327,166.077437349175,164.986397770101,NA,NA,NA,NA,NA,NA,NA,NA,NA,NA,NA,NA,NA,NA,NA,NA,NA,NA,NA,NA,NA,NA,NA,NA,NA,NA,NA,NA,NA,NA,NA,NA,NA,NA,NA
NA,NA,NA,NA,NA,NA,NA,NA,NA,NA,NA,NA,NA,NA,NA,NA,NA,NA,NA,NA,NA,NA,NA,NA,NA,NA,NA,NA,NA,NA,NA,160.457793566171,163.214871196626,164.479847326539,166.135503404265,168.512898343498,172.392201115016,173.731379717949,174.560360367485,176.544193850115,177.660100043784,178.407644953989,177.824444799352,176.653013356696,175.578616986353,174.302410398199,172.32621661097,170.681433346419,168.951501363751,167.358593117174,167.335060006723,166.471117187371,165.042265768428,164.463742848377,164.692671124422,162.474177253784,161.782545154423,162.10688322617,NA,NA,NA,NA,NA,NA,NA,NA,NA,NA,NA,NA,NA,NA,NA,NA,NA,NA,NA,NA,NA,NA,NA,NA,NA,NA,NA,NA,NA,NA,NA
NA,NA,NA,NA,NA,NA,NA,NA,NA,NA,NA,NA,NA,NA,NA,NA,NA,NA,NA,NA,NA,NA,NA,NA,NA,NA,NA,NA,NA,162.599717557179,162.710633858621,161.555385616807,164.424913364663,166.170909658995,168.70543744774,171.052435564856,174.940254581172,177.303503299873,177.754556159159,178.608277654154,177.672409467387,176.932336442939,176.624394860358,176.003907900295,175.197660120593,174.313683016095,171.528095020662,171.242935810544,171.286267358771,170.701459940982,167.998624671863,167.28806951248,166.511858490188,165.818741102666,164.305247728013,164.373443238271,164.532854286595,165.317647673359,164.028157676986,162.674952596838,NA,NA,NA,NA,NA,NA,NA,NA,NA,NA,NA,NA,NA,NA,NA,NA,NA,NA,NA,NA,NA,NA,NA,NA,NA,NA,NA,NA,NA
NA,NA,NA,NA,NA,NA,NA,NA,NA,NA,NA,NA,NA,NA,NA,NA,NA,NA,NA,NA,NA,NA,NA,NA,NA,NA,163.220749827254,163.761353103601,164.875106723314,165.067947646021,165.601175307793,166.671997297425,168.328921899513,171.553019112775,173.807469716508,175.487288794993,176.480377768445,177.422541699632,179.464116885902,180.276341650728,179.408041897445,177.451189254554,176.057974015356,174.881431996315,173.676830175735,173.738316017207,171.167774181898,170.865256195962,170.624955662467,171.845919762465,170.618176062734,169.084727409744,168.150107774505,166.6184267785,166.845105540832,166.570486733542,166.587704766535,166.947502323384,166.259389729806,165.581929101945,165.35041298302,165.22720978901,165.179624803435,NA,NA,NA,NA,NA,NA,NA,NA,NA,NA,NA,NA,NA,NA,NA,NA,NA,NA,NA,NA,NA,NA,NA,NA,NA,NA
NA,NA,NA,NA,NA,NA,NA,NA,NA,NA,NA,NA,NA,NA,NA,NA,NA,NA,NA,NA,NA,NA,NA,NA,166.739222053065,165.61534466583,165.088130624138,165.804256853479,165.46311842443,166.245115945171,168.982277900004,170.999040177122,171.728372430718,174.771877611672,176.269697380068,176.105176198822,175.184596734324,177.342472149025,178.914576051675,179.734169356342,179.75042404533,178.203227327412,177.717195624522,176.933749523554,175.966483723787,174.744172316061,172.145607211357,169.96793798747,169.857965981196,171.178755742227,171.790708688081,173.016004332572,171.400520515981,172.543851246008,173.185429817837,173.025625349639,171.718782779529,171.322663313534,171.268343807037,170.285339854276,169.358391619944,168.6489317305,167.699229111177,165.983423645356,163.293792361995,NA,NA,NA,NA,NA,NA,NA,NA,NA,NA,NA,NA,NA,NA,NA,NA,NA,NA,NA,NA,NA,NA,NA,NA
NA,NA,NA,NA,NA,NA,NA,NA,NA,NA,NA,NA,NA,NA,NA,NA,NA,NA,NA,NA,NA,NA,168.547561864287,167.900482556384,168.150706542723,168.221291294391,167.771598243159,168.303940662116,168.842546026127,170.601730395549,170.006196794877,171.695891692279,173.053628586062,175.425876331675,175.133354807738,175.225773901002,175.80659127724,176.105007405331,178.145541673321,177.713143934211,180.186931727337,181.162142559862,180.083656539449,178.614292446837,177.139248995851,174.074296544611,172.187900246097,172.092124637116,172.247590394785,172.315672023545,175.398742969818,174.488331620038,175.920562080371,177.06137597645,178.863138385971,177.341026441681,176.679712755134,176.988827125874,175.44679723232,175.148334504086,173.929082358557,171.867579062403,170.504440644601,168.927533704106,165.337935964157,164.176897065362,164.675138887029,NA,NA,NA,NA,NA,NA,NA,NA,NA,NA,NA,NA,NA,NA,NA,NA,NA,NA,NA,NA,NA,NA
NA,NA,NA,NA,NA,NA,NA,NA,NA,NA,NA,NA,NA,NA,NA,NA,NA,NA,NA,NA,NA,168.595821125786,170.695519781433,171.255452039513,170.588683318314,171.627887548887,171.021123273585,171.584825705515,171.33413893469,170.817757343523,171.739231057537,173.204307381327,171.915970116799,174.643422895415,174.765291592826,176.318827837399,177.345165475128,177.912360568916,179.050519641483,179.350042489048,179.604835464363,181.033068917588,179.575829393133,178.306987709038,176.969545929919,175.152340832675,173.654697634052,174.173648730527,175.509327252625,177.097720014787,177.545441722121,177.956687194857,179.820183958489,179.379486948159,181.496277642402,181.416217866655,180.03877500241,179.828466727238,178.20505959119,177.639812332418,175.784931083818,174.698124323921,174.077401432742,171.832528113605,170.946700055577,170.224688433851,169.508528924589,168.029579989823,NA,NA,NA,NA,NA,NA,NA,NA,NA,NA,NA,NA,NA,NA,NA,NA,NA,NA,NA,NA,NA
NA,NA,NA,NA,NA,NA,NA,NA,NA,NA,NA,NA,NA,NA,NA,NA,NA,NA,NA,169.056289813084,171.905391024697,172.977491061002,174.197739692339,173.52533410008,173.141903743659,174.165288070199,173.720701262716,173.505334779169,174.828688283396,173.706620455224,173.925934787061,173.263855550506,173.642980189213,174.392150111265,176.181446234756,177.692306891429,179.118705195273,178.362895894494,179.013578960904,179.463241384265,180.294706781355,180.733210632846,180.821405561509,180.478003617618,179.781075021621,179.503411072906,178.634735087022,178.515099582942,179.347657756713,181.942068054968,182.724451616212,181.811840375388,182.935071340534,183.696721800139,183.449223737279,182.188712460026,181.877773432982,180.095275289229,179.075559895287,178.977264099934,178.68729318114,178.099051074158,177.052285248626,175.549207738308,174.358159832047,173.482763258522,170.300367654698,168.864135523122,167.092041317294,165.007655006473,NA,NA,NA,NA,NA,NA,NA,NA,NA,NA,NA,NA,NA,NA,NA,NA,NA,NA,NA
NA,NA,NA,NA,NA,NA,NA,NA,NA,NA,NA,NA,NA,NA,NA,NA,NA,NA,170.831806739578,173.18166917806,173.573539925137,174.017383642146,174.900853109578,173.849213059286,172.70394849885,173.13406996307,174.05291016791,177.016446434796,177.656096115815,177.834538025475,176.200076633967,177.543780419164,176.207285922736,176.85400259781,177.269663098863,178.964810985234,180.368422714834,180.925627625898,180.533034631743,180.623505400865,181.650831279173,181.928970296908,183.589145869219,183.175776169247,183.088019670548,182.526658664986,182.007037570987,181.04289823724,180.775384494398,182.602137633242,182.795102188477,182.653341496688,184.000027676237,183.938948672073,183.815547212615,182.409428135995,181.136903023846,180.638691008895,180.59206074003,181.01053270223,180.950797409678,179.61769262094,178.594376380812,177.051689021821,174.601245510233,172.299572279453,171.676909090244,169.995138403951,167.645228923657,167.37458828034,167.879502169788,NA,NA,NA,NA,NA,NA,NA,NA,NA,NA,NA,NA,NA,NA,NA,NA,NA,NA
NA,NA,NA,NA,NA,NA,NA,NA,NA,NA,NA,NA,NA,NA,NA,NA,NA,172.022463189222,173.074471956438,174.129034666683,175.165351976499,174.218886054551,175.717429460456,174.778730937243,176.011097680328,176.935630345532,178.676823040233,177.723792995552,179.219400318038,180.326850136259,179.93469110042,181.343633160811,179.771254068497,180.628933847925,180.86927955495,181.183925706517,182.034087666067,182.490928148872,183.197770118295,182.859595745052,185.60712600044,187.695286559166,188.285500007434,188.32407204723,186.259055155881,185.153726763751,184.892467960714,182.92066175639,183.22428186226,182.716716741404,183.409177918733,184.633198201488,184.02589837192,183.484675028758,184.718974127021,183.925921430426,181.366241265304,182.222174284656,182.459429162089,181.840728619789,181.708503949035,179.111806621985,177.73418081864,174.970938005411,173.540854171787,173.598982745527,173.396999455413,172.240714974013,171.398084082434,168.866462910875,167.685858317123,167.64770121242,NA,NA,NA,NA,NA,NA,NA,NA,NA,NA,NA,NA,NA,NA,NA,NA,NA
NA,NA,NA,NA,NA,NA,NA,NA,NA,NA,NA,NA,NA,NA,NA,168.741232027537,171.538394921779,171.851793194467,172.78432569086,174.750953445555,174.335849384643,174.760325065818,176.779311474594,177.481616718905,178.527635947653,180.868442514643,182.210727486622,180.793821066254,183.067202478756,182.872561952739,183.413328235867,183.165590174643,183.702343490774,184.484138653402,186.696056437057,185.270933688993,187.214858676148,187.828921218335,188.405617730104,189.018173856044,191.082080539195,190.198052307002,193.128756818207,192.414788750818,190.253061999812,188.580637471656,185.399887275616,185.316199018133,184.834269774339,184.278518885523,184.11811762429,184.744206512844,184.399947503121,183.550452618839,185.233995085691,182.533462285943,182.611139470459,182.9808796688,182.897169496346,181.49648282244,181.25634504689,180.404027473417,179.083539081113,176.690798458409,175.578674665655,174.793534440392,173.266289472253,172.071818525239,171.779538360313,171.369028608669,170.326455034369,169.360184384214,169.735144075303,168.628920343752,NA,NA,NA,NA,NA,NA,NA,NA,NA,NA,NA,NA,NA,NA,NA
NA,NA,NA,NA,NA,NA,NA,NA,NA,NA,NA,NA,NA,NA,169.94247490539,170.680651321856,170.859014066748,171.806121929992,171.959612567344,171.749538597032,172.997287344191,175.920028642534,178.973601569568,179.797125128537,180.956751658063,181.1857396185,183.254335503001,184.58556573342,184.174383759141,187.234985520642,187.170426788324,185.16327335617,187.407031186068,186.977783855234,189.736637696162,190.816853811617,190.807301058063,192.77190325069,191.695120142474,193.263811178774,194.984864681795,195.661917091125,195.338677917814,195.96456890375,193.109123013498,190.92078223988,189.452974033696,188.205897621951,187.566890936065,186.926496529713,189.077490978656,188.561817920895,187.452825141676,187.589022913012,186.221936427561,187.704962940653,188.617209479481,188.878602011993,189.180281609216,189.164317467542,187.002666099735,188.732303962874,186.632369951169,183.22363035878,179.291010008856,177.375217676092,177.533050947974,176.170979034756,175.095170487999,175.208358633132,176.250707043944,175.274350160999,173.220454977085,172.71508614542,173.390743631275,NA,NA,NA,NA,NA,NA,NA,NA,NA,NA,NA,NA,NA,NA
NA,NA,NA,NA,NA,NA,NA,NA,NA,NA,NA,NA,NA,172.400485511142,174.62529723978,175.107974009589,173.151239965871,173.103668531201,173.664736907455,176.556580704342,177.543935869776,178.218142549846,179.972069751424,183.948404823595,182.861717323012,183.799187812,185.414341130433,188.40267067049,189.241676306281,190.263793842466,191.408670420264,192.04486250577,193.821511680498,191.447306268076,191.664679588269,191.859659423633,194.232940086072,194.805106071958,194.34162676769,195.768323534542,196.486622934835,195.975340591765,195.845793766058,194.732514467147,195.09384783175,192.423500630768,190.413748671696,188.902847190049,189.452984026175,190.371319224189,191.492451748941,191.301442678775,192.283249735004,192.575545367703,192.921657913047,192.892424882129,194.471604781699,193.836679429652,193.682149806848,193.478043909739,194.172566462229,191.98349449555,189.885000682311,188.017651702557,184.740335086209,184.031414085455,182.28751883535,178.83317946341,176.465325128578,175.082133219557,175.551879066343,174.235580571597,173.900040964828,172.126601568713,172.966639691546,173.014082866894,NA,NA,NA,NA,NA,NA,NA,NA,NA,NA,NA,NA,NA
NA,NA,NA,NA,NA,NA,NA,NA,NA,NA,NA,NA,172.639315922633,176.959709089441,177.579558046747,179.37763146947,178.849020011098,178.32374992566,178.320404888387,178.988502602083,179.455448971929,181.565296010555,185.016472258919,186.528311281421,189.149824349954,190.466357935104,191.580097678869,191.999406897766,192.628683232966,193.217389419011,193.29304009375,194.471584837273,193.688152253649,192.585298315369,191.099793893632,191.105956530215,191.541821209159,191.710657524973,192.38790165912,193.545213326256,194.781364774055,195.430046426179,192.913875003144,192.765904706738,191.886980878809,190.47776512432,190.754891863541,192.166156504828,192.022525527987,190.513469697029,190.688203271795,192.072122606665,194.785197649714,196.447399625691,194.470295430638,196.110125263243,196.734042356373,197.290667146393,198.051123920758,196.522793033967,196.058505377143,192.954513039307,192.804669874391,191.115571095711,190.992002646692,189.775544640511,188.392104432843,186.902518501742,182.553774256449,180.461954517442,180.47800851012,178.992045478565,176.383755034049,175.508469219104,174.343893843241,173.313329147,173.383898653745,NA,NA,NA,NA,NA,NA,NA,NA,NA,NA,NA,NA
NA,NA,NA,NA,NA,NA,NA,NA,NA,NA,NA,178.287597478269,178.096813399259,179.568196753961,179.253583696199,180.742152166134,181.995502244784,181.671978643504,180.339877256564,181.605980741564,183.847823971857,185.163545853246,189.046977020909,189.18007435347,190.813196173703,192.666615621993,195.132944395473,195.638546969239,196.467144298948,198.358573747809,198.982990775794,198.20242862548,195.19490383443,193.641587980987,194.004778291948,192.529313614108,192.904101063326,194.800600458001,194.990486446322,191.626530080239,190.835539934655,191.280141557011,192.009218228923,193.242673376601,192.255482960322,191.824368371079,189.500232941994,190.413535863784,190.976387128073,192.471421737137,191.053968568497,194.148454289232,195.335511934871,195.209492777998,194.243470716999,196.013993214715,197.101272750852,196.469206459928,196.81787749054,195.667407038211,195.115827633171,194.053333536091,193.773208557045,192.746154447278,191.585887752733,189.874549574985,190.437339284353,188.044627807449,185.433095415103,185.09176843251,184.518590655747,184.057220090363,183.079184923909,181.084466819016,177.93211588149,175.291832003849,174.68243624602,175.914036369552,NA,NA,NA,NA,NA,NA,NA,NA,NA,NA,NA
NA,NA,NA,NA,NA,NA,NA,NA,NA,NA,NA,175.943159098779,176.965329722729,180.569764753036,182.018351007872,182.671162836085,181.814600959686,183.241274304865,184.714289860635,187.034954451531,189.841581048912,192.043508321734,194.065547701797,194.759870452376,194.412953791547,195.435662403864,195.932169510489,196.712649787315,197.913253043349,200.286631022732,200.553825020886,198.472124875785,198.078713952069,197.205141440421,196.29190752904,195.567500599238,194.261038955503,192.751163195711,191.915504194491,191.011505203907,190.666639588435,191.746234995613,193.03918910639,192.852718812794,191.238919314033,190.312630615222,191.644020135836,191.864143515863,192.129784014747,193.627392876914,193.969206975195,194.176606784906,194.350914467266,194.999034059102,196.020819549873,196.440424197003,195.430327601005,194.229707989168,193.767462509388,193.414512393062,192.418709879839,193.072747182496,192.365823254237,193.24242143268,192.211225895092,190.051775429758,189.727043748039,187.886828835604,187.816077882075,187.006907964135,186.71091023763,187.276954323914,186.351627070135,186.065277054805,184.556113563381,184.433640274043,182.092670460942,178.603951930082,NA,NA,NA,NA,NA,NA,NA,NA,NA,NA,NA
NA,NA,NA,NA,NA,NA,NA,NA,NA,NA,177.002118678841,177.820656353703,181.972255824949,183.373541069812,185.275788118143,185.097995270043,186.18422374901,189.426082258653,190.189203855963,191.481778242661,192.772370179247,194.951871325997,197.149465807074,198.149233071615,196.211677882472,194.936315973233,195.028983396767,199.028237875853,201.746763037725,202.031350732208,203.924406111947,203.309709134042,202.604346033837,200.440038883148,197.815800859823,196.322011434503,196.241196748502,194.600196432056,193.660360141335,192.352004040634,192.567900040359,191.717290531754,193.472483793393,192.981912031088,190.874814704991,191.303580672647,193.174222463814,193.687764940464,196.268968977916,198.007927219954,198.089601137296,196.990772142902,196.303396437952,195.563766806983,195.754454888431,196.776928716725,195.832842900234,194.982277960657,194.791472916381,194.494670439733,192.930295354919,191.338308478752,189.545838497205,190.403223951166,190.310342420883,189.202413587535,188.339409497564,187.771859363435,187.390124722739,187.605031599665,187.791687947776,189.411638565977,190.517518362397,190.364654209814,189.638968603208,190.256201277585,187.209568124513,183.762533340916,180.928874950705,NA,NA,NA,NA,NA,NA,NA,NA,NA,NA
NA,NA,NA,NA,NA,NA,NA,NA,NA,180.047402159741,180.865167134958,184.415688540289,187.20087883668,187.973741026008,189.133656055505,189.094614341473,189.669636437871,190.906774684862,193.785503308943,194.452193577509,194.383326906258,194.537673867581,197.31807012896,198.423495132105,196.362272382133,196.197505225156,198.403226307819,199.115370936023,201.395496204943,202.567405366444,203.810796580913,205.716327102256,204.708316713167,201.3211783002,200.574145334357,197.395124394415,199.526402980986,198.13747866325,194.967919553142,193.676549995217,193.395196141187,193.894066298907,192.798584544148,193.936920370806,193.085376033757,194.135476292847,194.331914133689,195.706813402343,197.487249664419,196.817427023713,196.338510591169,194.653609899658,194.433745851062,194.519071108384,195.029168711541,196.453458282953,195.951221647476,196.200737976758,194.001493926297,191.720792142712,190.424522301767,189.45221184483,190.001769994294,190.92060889342,189.966451714503,190.397810624547,188.066681011202,186.582461499444,186.863684637196,186.668149133479,189.10239577964,190.654022288891,192.730829472184,192.545510968721,192.947217316399,187.366334528867,187.345746158591,185.180163398699,183.715446780334,180.418799116093,NA,NA,NA,NA,NA,NA,NA,NA,NA
NA,NA,NA,NA,NA,NA,NA,NA,182.71994862243,182.558709091588,183.015824451401,185.646187694165,188.411215515339,190.653659843885,192.94855292354,192.839671424209,192.63827662075,193.127598073871,194.118411623986,196.999701385461,198.385365653098,198.801282237957,199.504852928827,200.268671318439,200.101038179136,200.274103406788,200.173929232107,199.158658770995,201.875084777888,202.550670160231,204.702051245748,204.587818539647,204.136708700101,202.862005912829,202.845495705003,201.751605671222,202.040676566012,198.265181291395,196.872726734616,194.49313541097,193.76197995154,192.627370510378,192.250333982954,192.046287540293,192.125320285979,193.363584983797,195.032408127237,195.444864855325,197.5757745016,196.403319261856,194.943556380114,194.359221698546,194.244073777455,194.150089941812,193.848440782925,193.966913009673,195.144626944422,192.518284030229,191.499039376382,189.61902590177,189.249951354593,189.567918321126,189.613589748531,189.39720424462,189.281081382181,188.465463560972,187.370550901991,184.914176084487,185.827101711434,187.869448739921,191.07736926854,191.858531144024,191.246012695463,193.316221701215,194.216080691655,191.712192570486,189.597314709931,185.880762271976,183.670636583953,182.160715684273,180.677658804763,NA,NA,NA,NA,NA,NA,NA,NA
NA,NA,NA,NA,NA,NA,NA,NA,181.960744876133,183.654549523717,185.491118539503,187.524580105458,190.854218807748,192.150263278297,193.884254553829,193.218962963808,193.892936804997,196.851225740933,197.697007158952,199.893850891741,201.945377166937,202.570892536619,201.760448650146,200.622094770865,201.037472969222,201.988885017244,202.475675097596,203.457042473817,204.300841787794,205.433065290382,208.111091009407,206.633170271828,205.394975497518,201.38045857571,203.128699870162,202.431428017679,200.613103589919,195.743867722552,195.015670163748,192.67978737873,191.700335737462,191.261232118597,191.008574394469,191.896377942236,191.073972566425,189.803933131165,191.488783953685,195.720969182318,196.624397604241,196.125440614003,195.818239390783,196.179358855127,195.94726259204,194.575856246291,195.39210242903,194.449335653113,194.236885397557,192.776207265176,192.595924304218,192.157568664062,190.297018568072,189.347183292963,188.330181640002,187.648674089318,188.08231029218,188.718201509364,188.247842809075,186.514766631106,187.427500133873,188.5250722861,190.331253299399,190.80904993256,191.668077845071,192.031530695471,192.46417396378,191.67165238626,189.577946874095,186.341949766015,185.447618941864,184.574697340176,184.14977327403,NA,NA,NA,NA,NA,NA,NA,NA
NA,NA,NA,NA,NA,NA,NA,180.479770081976,184.550532007882,184.56753801969,185.692360412518,189.761312046642,190.67073316486,191.502265187803,192.452185314261,196.810791267495,197.308002189616,198.543549095422,202.0725389609,204.799162624405,203.94199370154,203.974556519132,203.231217350162,202.85754508659,203.377468570426,202.354716501141,204.346618077258,205.769561666394,207.588493238879,208.532157994139,210.204958269672,208.245597449198,206.927541093419,202.955137148138,203.576814335732,202.160501659608,200.724626394385,197.048849072221,194.686143589858,193.517212053923,194.682147618265,190.415118161049,189.781176277327,190.01706254152,189.055064450566,186.870582157244,188.351960611331,191.790583742748,195.453401177603,195.321249515589,195.749470476767,194.98062062063,195.051425854626,195.677047142999,197.080214842902,197.888055485145,195.02834582629,193.929367184138,195.0015272579,194.688348410698,192.507738623902,190.625742364629,189.784000799056,188.6404661606,188.838752193408,189.228830563874,189.532818604367,191.563958813629,192.168681868308,190.650528291385,191.598023424416,190.908727610096,192.104583716465,194.301250747351,194.350910021351,194.245729414856,193.0605982928,191.55145786846,188.304958796627,185.056802579151,185.066593962267,184.787883906532,NA,NA,NA,NA,NA,NA,NA
NA,NA,NA,NA,NA,NA,176.527167284381,181.861836856431,184.579207902137,183.382717196566,186.966621877813,188.275604514982,189.063258786249,192.060468839959,192.367821402293,198.736234537573,200.690742068093,201.923892243918,203.309194572494,206.019583240023,205.064949163698,206.611832191679,204.905290176611,204.741925066804,205.056636780357,204.482239288373,206.205103418018,208.335257882099,211.008474686472,212.631304655556,210.24501344633,209.199121089755,206.240998814923,203.259419402183,201.781992987707,199.488611673341,198.050826795766,195.155019053998,194.210079576258,192.748987798092,193.57696762091,189.315184175259,189.127952780904,187.166724793477,187.56196230179,188.313316730252,189.374847343406,192.01057718654,196.00717198628,196.002220622113,198.881606613392,198.355557546125,197.052686790788,196.648002202348,196.473307087893,195.080119366986,195.833713572291,194.556124965844,195.518685959105,195.636933366628,195.454283104605,193.203727667468,192.578227156052,192.142537992278,190.431301093654,191.696151107531,193.138673662273,192.615528998685,193.838397382897,193.808106762429,192.42999690839,194.979248520617,195.257131518258,194.252923068483,194.188819733735,196.379477878381,195.659079104227,193.827533816615,191.015477823118,190.435007437559,187.072881217662,185.008025104983,184.884624451514,NA,NA,NA,NA,NA,NA
NA,NA,NA,NA,NA,NA,180.614142399574,182.008509134462,186.16182292349,189.527272893563,190.38799250809,190.527760612854,192.234051514524,192.166919902324,195.002380634025,198.140117731429,201.286533973743,204.816823250533,205.742133092541,207.103728536854,207.702995594457,207.09897576559,205.533542676901,206.683821778375,207.477606687416,207.117322663769,207.869410523835,211.053260092842,210.493142859378,207.56813993558,207.790016628217,207.362255862525,206.036672643707,204.05497973363,203.825118561448,200.208391903339,196.999492372762,193.690356507594,193.498814900355,194.077884388517,193.046661528531,191.893521169701,191.766202407531,189.297271621285,189.813930335114,190.880980231569,192.17360139886,196.922587976859,197.013608617366,199.95262198231,200.898447665572,200.727867298499,200.307303668517,199.545238725968,196.257652711172,195.551837495271,194.33650049691,194.856431986594,196.856086526833,197.154125150647,195.837701840114,194.621300555653,194.793229864841,192.364612686761,193.133783917325,193.404757237413,194.200180277585,193.530391153697,194.684335969624,194.945830411004,193.815874967033,195.432476473724,196.309474244826,196.437443087762,198.127958724466,197.417333936286,199.093367383166,197.488991633468,194.353390749436,194.09163549687,191.480997887195,189.977042768374,187.974278456968,NA,NA,NA,NA,NA,NA
NA,NA,NA,NA,NA,179.638554182913,182.326977588625,184.320480423771,187.727893970398,188.792025772176,190.810795963608,192.021347086512,191.736987429287,193.743055478621,198.076689845502,198.798705703743,202.606540586992,205.717349965923,205.771714569963,205.559791382337,207.600778523361,207.575491424049,209.036837248518,211.102434322186,211.368694384733,211.625590446399,213.437507809285,211.972653530291,210.865007539078,208.566920823875,208.260707993603,206.884527574463,207.664448299959,206.851430642797,204.909735870321,204.102187469868,200.477257551545,197.204408363253,197.649620517877,195.338991797355,195.226710232948,192.791811877957,192.476906309843,192.659219918256,192.526742557189,194.322977138197,195.82365617164,197.489477996032,197.933500711171,199.225623319704,200.273025852787,198.875905730892,200.269228005303,199.810922977345,198.345112710072,196.237237116036,195.327300449788,195.020538670106,197.011887178109,196.519702658948,195.679480065284,192.342202316597,192.930872346041,192.908469881304,194.075786622569,193.080931155693,193.079662505044,193.968029111266,195.879350311674,194.599819435818,195.480337683804,197.539203725572,199.667488565299,202.034280498914,201.539764741225,201.077750195795,201.955264102926,199.407447451865,198.022720492382,197.762843302089,196.29415672139,193.016721803013,190.865550435813,188.815648035576,NA,NA,NA,NA,NA
NA,NA,NA,NA,NA,179.419636617218,183.465969866391,185.801463744736,190.631844456424,188.007482111624,192.138945123595,194.508909443997,195.345408678459,195.45163903805,197.399316535723,199.96327006591,203.008660442385,205.055720925264,204.734713230486,205.142629073036,207.828737995768,208.78786812794,211.094058752976,209.608804373039,211.674340258412,214.298268770116,215.963688084893,216.125336164477,214.42180313491,212.540767157763,211.632396546202,208.558868716253,208.760005417488,208.472874465572,207.531355344956,204.781279234718,203.019378506495,200.459823847618,198.387604731142,196.9226528493,195.096323493777,192.986765141766,193.830681806989,194.466406511174,196.186272349537,197.856335869114,200.662948367368,199.73054065594,198.611016520266,198.491945446723,199.004865543091,198.840706039507,198.104516616032,198.231233632373,196.81202408722,196.186233986465,195.457027227152,194.943855113461,195.614633997564,194.802425468326,194.479586849808,192.989711481018,193.446903342687,193.438208634552,193.220131352122,193.944044972713,195.207781187932,195.727962239476,195.214775475063,195.57589985304,196.893361699871,198.980698896707,200.142981924809,202.848426551579,202.671883816384,204.267911268232,204.486964100485,203.752802341288,202.226118953194,201.614152009101,199.652568958698,197.380249871118,194.358519319856,191.762812425064,NA,NA,NA,NA,NA
NA,NA,NA,NA,176.745984696725,178.98533387273,184.562869596456,185.890091653081,189.018521755361,189.558495406048,193.330133572669,194.350406364906,196.741350195986,197.572489333956,200.406658595659,200.262148992006,201.168054250123,205.663265458112,207.969534694432,208.721260603687,209.721729956564,210.921887647362,212.331056561379,213.2683144153,215.508608571867,215.01863466153,216.846802075112,216.313400090679,214.923634766858,214.335035784224,213.451065279784,211.466904878672,208.955317848716,209.345292212135,207.307136640389,204.350591569694,201.050255830065,201.539557814871,199.993541875494,198.603611660193,195.318690842731,194.099459883651,195.104568979654,196.635258447576,197.053551365188,197.092109551338,198.467266422388,198.065365115857,197.94412469866,198.071780523909,197.989020529274,196.257696270637,195.445600489109,194.984200753332,195.516961461939,194.04700696972,194.233960145012,194.269404737661,194.998002026835,194.778522927324,193.135054934998,192.177316319616,190.934195752448,193.429685141775,193.380371372377,193.480150251839,194.638858293419,194.2322864224,195.457755789926,195.682371535027,198.080584106882,199.098406445094,201.554432776953,201.611296829635,203.382408615558,204.309136400953,205.149261848145,205.429836585815,204.587055559953,203.450208403424,203.029889056632,201.780526212951,200.396346559355,194.949293823156,189.610402125717,NA,NA,NA,NA
NA,NA,NA,NA,181.259061887139,182.653514478092,184.690047307613,189.720067865966,187.589342836071,188.448226998872,192.541779420012,194.085169277004,196.73426293733,200.383848315652,200.008039165271,201.465150322832,203.144025118031,206.560113762653,209.671475155977,211.76205019761,212.631610723297,211.854051270375,214.372310286062,213.856147744044,214.617535720705,215.203780503145,215.850463106943,216.75477291814,216.512591171676,215.104860781636,214.459073481332,211.998909854116,211.402600093966,209.534136232457,207.090811808037,202.974345508685,200.291656668589,200.834028807285,199.688395580527,196.389791742746,195.387560633915,195.245640107936,196.215196964214,195.992666786101,196.7733876228,196.360829976164,197.051233300409,197.039754494997,195.276390162087,195.661551742372,195.722401779821,194.754142876545,193.885956936349,193.776311213952,192.690049924777,193.449582701655,193.296195792659,192.991519803957,194.055045968957,194.116003826896,193.958632782723,192.395921049634,191.363956312343,191.533356054361,192.674891430448,191.832515782718,192.831474662353,195.447428322007,195.650230029248,197.871515844431,198.304822093456,197.792458511962,198.955410845804,199.286362115256,200.722860988392,202.156720835259,201.372683932243,203.698439028618,204.080577221046,202.418641479292,201.697594830037,201.205300122427,198.411450984494,195.611673155557,192.995930181238,NA,NA,NA,NA
NA,NA,NA,NA,181.355249854605,183.510971052508,183.426746900235,191.749034289048,190.219875638443,188.953118973444,191.640914485577,194.939325516119,195.108254396636,197.717161238907,199.481506147434,201.747631015688,204.669002048626,207.056479296116,210.021136980012,212.769985533515,212.967900683224,214.415754017033,216.089886078161,214.731579685336,214.059276146015,213.701359841917,213.057117570017,215.680292424136,215.466481310153,214.771614830859,212.725480118164,213.647353776412,212.797756685057,210.026416797569,206.826164885773,203.300408577767,201.332853298062,200.708360561104,199.883139932995,199.204323179841,198.784005399792,196.956873694787,197.384780294531,197.318244082429,194.992376161074,195.830827722711,198.555800259077,196.681024851765,195.862490710434,195.800544868369,195.635073925311,195.72568938888,193.610571730194,191.931582205261,189.620106554889,190.545919019047,191.395475668539,193.89785191018,193.229736181336,193.738251624109,194.949795378909,195.983548079219,195.0480191312,194.873578116845,193.708181971124,194.411090989948,195.183463734184,197.77072549229,199.284845956557,200.377339339048,200.925178176597,201.709356234482,202.254872597318,201.022560684912,201.473479219819,200.720257863911,200.886038790165,201.403355248637,202.021565988581,200.651730301748,200.142628599607,196.704791607594,195.598047682796,196.019738388374,193.914194269612,NA,NA,NA,NA
NA,NA,NA,180.633065433586,181.956388186823,186.034073384205,190.565999345095,191.696227896235,193.147134417326,191.70491836179,194.620500969629,200.014121162422,199.175035898011,199.129051088926,200.163110597641,200.909578120365,203.732742515339,205.880101450229,209.194839746287,212.462779545044,214.367560233432,218.41753682407,217.582577390186,215.861419339719,216.128769220424,215.8683484119,214.497809422228,214.241435698009,214.447392799571,216.988597084056,214.726290806155,212.920200702459,213.016082813338,213.154676566002,207.456084966126,206.17037895402,204.989114037192,202.265753347971,204.281853893191,201.944142500723,198.534247029789,198.536229873154,199.103137752059,197.553673958081,195.273422628964,195.081137001128,198.20675143137,195.854320478524,195.23317111934,195.099040404975,195.08149004329,196.005811756928,194.033863946874,191.658006686058,189.080241575141,188.946301155544,189.981270893041,192.5674527585,193.797972210707,194.793571525639,196.001582136591,196.807035850489,197.337264821695,197.193710461789,197.139045013367,198.632894050788,199.732889149688,201.690292970208,203.464593053969,204.161396004915,203.191799813002,203.163555769963,202.680645982079,201.926044922892,201.756690709313,201.637972955539,201.19418724748,200.551899449644,200.364276190988,199.2616990785,198.802534604947,196.396609267547,196.447554114908,196.879843613188,195.557336612234,193.227829235164,NA,NA,NA
NA,NA,NA,190.575179944107,192.811756326876,196.549314394536,197.971082118539,195.116688794168,198.791886373131,200.054634821437,201.490798446227,204.434912067079,204.215555128047,204.618343429505,205.570017145271,206.249365998471,207.823894348032,209.753241819227,210.219716655842,213.403703650759,213.881347920872,216.192583965375,216.727022831031,217.502540876923,216.05573202285,216.673775415283,215.926113416555,214.62619756552,217.655904705419,216.694476995699,214.987257054707,213.509287775585,214.931660756734,213.833243841643,211.384042037198,210.973563630972,207.786806407809,203.644343701068,203.865188044374,202.388448598267,201.779940014942,197.567591795509,195.537612380618,196.129763295485,194.22671197963,194.615845973658,195.311250638713,195.676744379752,194.861017633362,191.807352218465,193.079159558257,192.602534337664,192.114428065014,190.136014588388,189.213290473562,189.67122575292,189.666203585395,191.123421745325,189.772713774421,191.278954510287,192.082472585158,193.00883501444,194.600569682277,198.996110072715,199.630139110728,201.058560146644,203.065682011266,203.010934079149,205.502483929227,205.786203790841,203.953934701904,204.271204606694,203.49452338844,203.486935963155,202.24644465147,201.426375981477,201.085147543573,202.454739284846,200.807228719294,202.367627604686,201.970962033212,197.6230663319,198.524394684509,198.545298049005,196.331702568364,194.786293764557,NA,NA,NA
NA,NA,196.261759323866,197.809603339695,198.089125616657,202.19855834382,203.188812974476,203.694551884698,204.696935331738,207.612348823728,207.495649547685,207.783536540368,207.558315418425,206.767499189052,207.642130440477,209.964639768972,211.641766112223,212.821812520057,212.810474023062,213.15039752372,215.04750873499,215.679032274994,216.715538960428,216.766352354248,215.282668914218,216.338740390138,216.939292138525,218.205367615229,218.635013184179,216.344138950361,213.830621679102,212.249180965098,211.875534270177,212.591813817353,212.347858716252,211.761162422134,207.879336378007,205.367220584337,204.765886850023,202.209667937807,199.633607311608,197.909792862805,193.973217288919,192.718822918841,194.866377887081,194.813398289682,193.234689407687,193.776859622128,191.015097826875,188.568593932894,188.229882147714,188.749327132168,189.182453830582,187.398173497009,186.376129411431,186.635643851655,188.125424266053,189.421920594716,190.870786772989,192.190044007179,193.217717500812,195.715157722976,196.668030572545,197.544031509773,199.523882340486,200.701941888544,203.34457381421,203.434217048536,205.372676113153,206.14962724273,205.361471738537,204.994900888411,205.750716901936,203.635011552966,202.306937608284,202.549879883077,201.918192203583,202.772638860566,204.069149319869,203.372030066653,201.973760903741,200.145049835067,201.585963565594,201.780872968144,198.891918472223,196.373156247479,192.621071103011,NA,NA
NA,NA,201.93051698075,203.541308120524,204.412469882793,206.90519919304,206.503383360256,207.400772102297,211.035964418272,211.547893114678,210.686676790023,212.325394432568,212.914301440297,211.537573577327,210.277287055451,210.944798910659,211.400778072559,213.258752136934,212.45338493656,212.568145431665,213.165780858824,213.615902261126,213.259169129514,214.368310924706,212.651473313628,213.738928078411,216.556504670217,219.041869898327,216.844226357011,215.876465882557,215.115193961361,211.420817614299,211.196546712584,210.366793579486,210.323745464594,208.345317901809,206.993397884721,204.844647698668,203.312422553057,200.995444021992,199.49004579459,196.470236154028,192.383304049763,193.999274640309,195.159890515955,194.780590347406,194.666328411213,193.096648507788,191.554683778284,190.40859230445,188.706690968059,184.787589969407,185.303018943469,185.41768493399,185.104044337528,185.945770513823,186.069714629132,187.944360489499,191.211442190051,193.403697613323,195.30479053884,194.979759958164,196.067092619207,196.971095507296,199.370140089598,201.311717581453,201.89475564542,203.673945042728,206.333881243927,206.436578309783,206.438062092401,207.468759106734,209.183011256601,207.885192126508,207.67881422292,205.89790140091,205.142575345585,205.119739597889,206.246700355834,204.465688968306,203.12577919683,203.384087387661,201.485984671835,201.481485413586,198.752994942571,198.986719831647,196.111997148909,NA,NA
NA,NA,200.827359751116,203.104525154096,204.704786087956,207.093927763168,208.761406729938,211.257796868667,210.470258925907,213.497492975326,213.783357107164,214.654021384276,214.508038485187,215.320046909078,213.323223930396,213.050899798252,211.611278847593,212.520818757753,212.135396643078,212.353561587627,211.011472590596,211.06428478105,210.41664704925,210.892859023109,212.398537853689,212.445666429696,214.360810127645,215.276259665094,213.52046646171,213.73334144913,210.378389217896,209.392311642395,209.205358482294,209.082682748285,206.922080693697,208.773708312144,207.072781043154,206.503867548346,205.469091089253,201.761951852364,200.471452176032,199.739717023558,197.684981181946,196.586077309979,196.680375458028,194.621854376441,192.733256778511,190.865726664134,187.735434884552,184.816876937738,184.465428175803,185.197704593892,185.706700287236,184.161809986119,184.755432005777,184.345626971607,184.250794047975,186.174494979074,189.784821006698,192.348823006561,195.341043968793,197.388578604205,196.832908641711,197.435173548316,199.564740719655,201.766855280635,203.646942629734,204.029361958715,205.338241078191,206.66689504871,208.334370258712,208.678545242745,209.766580502315,209.399276906944,210.637186431942,208.561970367759,208.754766704157,210.520335771211,209.652414507317,207.775184341994,204.815833091518,206.664873802599,204.537023440347,203.18363947353,198.804573617377,198.264583875405,195.298401185987,NA,NA
NA,NA,203.41624526064,205.235997658057,205.331779883183,208.387613959221,209.883823495653,211.986883072051,213.552206720513,217.028615857587,216.302506252397,216.334603180946,216.642122093892,215.654573685681,215.100002256625,213.421886506592,212.113274037584,211.318810371117,210.682731702609,212.770975085428,210.50479638345,209.355060144748,208.392513168193,209.831747295738,212.555154877967,213.185753185075,214.395574028711,214.66021045465,213.757903978359,213.264200486419,211.088477256176,208.584366075061,207.551950413719,207.327212335398,205.087145273511,205.324136899777,205.719257175005,207.358406630961,205.145999575665,204.194269345525,204.168534060116,200.004728578771,197.820389277653,196.181571348453,198.309553564583,194.044222973856,193.841781444645,190.030106778471,186.221437982568,180.500571546127,178.719123061285,179.02662989054,182.663844547932,183.001518591365,182.563892546904,182.019924749522,183.518261956307,187.449459074141,190.344249346092,193.068405356826,195.659822350485,196.983308732824,197.485240661086,197.52495136939,198.88390505598,202.013486614594,202.13355993515,204.817929536038,206.67586917991,207.971278357539,208.829832345695,208.886819172056,208.709348342638,208.069347942943,209.368350044682,210.605374670594,210.966660638387,210.591445436922,210.254361789396,208.193048423129,208.252951852125,207.159362321259,206.282410551352,204.993462137076,201.828653167412,200.435998511329,196.800985666811,NA,NA
NA,201.521938244779,203.697398791044,205.986653017831,207.443084084727,210.081450252369,211.395290833377,213.502117262141,214.779919193035,215.684313583887,216.480997179002,218.766437448924,218.152006971981,218.412573098788,217.736057778177,215.882714249973,212.53967957207,212.113160679082,211.121205548266,211.293756381409,210.155981401585,208.758901266444,209.395334560463,209.18217480708,212.031137414155,213.313028511388,215.416518673602,215.906896121756,215.662219823024,211.973640959252,210.940034171778,208.905595279177,207.081268198686,205.817600315936,204.652156912524,203.905766375235,203.539295205912,205.240413212334,205.277239140937,203.449171221827,201.759160384656,200.493477042957,199.52098673386,195.359944793541,192.253612595669,192.355443292935,185.401770840151,181.837589177648,180.118819831246,179.962407823832,179.687598107252,178.984793836985,180.602081085075,184.44545653736,185.191081471378,186.287500956726,187.153980253584,188.213644231367,188.775617254589,189.818192339306,193.23182672427,194.115131344181,196.397010927041,199.148802115211,200.737573383642,201.823265036961,204.224206699858,206.264712625745,209.391673259605,211.007394848088,211.937485643506,212.648329656865,212.544475786852,211.351401377127,211.219998126005,211.976701112111,208.725415037438,207.755149033605,209.208300618655,206.864292214419,207.321162129705,206.393590747052,205.674186006227,206.109605741811,203.86859790606,200.22660669773,196.197085932854,192.463830708088,NA
NA,205.247887425327,205.612079998936,207.446735289606,207.930233898022,211.434014622309,213.042295674143,214.376574088645,215.659462044431,216.93659416002,219.17357265447,218.53960317811,218.342922006022,218.20716046476,217.80280030582,216.093741873654,212.642383786062,212.448105077344,212.39057605313,213.902179003928,210.665871065058,209.431359260025,210.007968928911,211.888148269401,212.639058748978,214.068398109057,215.208531771594,216.385881766126,214.539828517695,212.108062331848,210.655341133186,208.268737662653,207.231355942667,205.048024517906,204.322701632572,202.319598534356,198.813026706811,201.956542714271,202.960589955624,202.355468758854,201.91490723995,200.789483349796,197.783444145804,193.775545593769,193.055165652559,190.899215806906,184.073958737914,181.085677644756,179.178277810543,180.334353924869,179.481110430563,179.808336264361,180.343015630775,183.712675454561,187.004503199476,188.845926543924,191.107354828216,191.218474739151,190.378474086218,192.313343068358,193.471493768225,194.725400416429,196.854724764768,198.163142144572,197.759667654965,199.201135165388,200.688137405824,203.825976514231,206.225800521183,207.335129464707,210.012284728405,212.411222395076,213.744521570023,211.719827614145,211.970024818812,210.56416252657,208.231815275914,205.475263135303,204.88929138905,205.804539553566,207.967535606243,207.072092992267,207.163436428842,204.530873519089,202.020122798538,198.413159103216,194.399015015159,189.891628914782,NA
NA,205.226717550397,205.049408746875,209.0506563319,209.697759683424,212.427847117041,214.085141338688,215.010472732056,216.230910214617,218.65132796411,219.0187850511,219.96281312573,219.32913379297,218.218766511019,216.84839731244,215.570307186888,214.349789528077,212.593394381888,211.839397163531,213.205660000787,211.465356173511,211.008872889491,211.195395118593,211.781614884509,213.151817944057,213.026063660385,216.100353778074,216.538275667573,215.231376271995,212.573852472102,210.992059271248,209.222860436924,207.330665609271,204.924576915312,202.699810938889,202.838572225303,201.519521930648,200.725742830661,201.80225076625,202.419153209086,199.447857586675,200.11391650202,197.79337876502,198.199107686732,196.202662720659,190.382912455886,185.994685210008,183.184629646646,183.388375613148,183.125740907479,182.236707680156,185.029553582268,185.283374354325,186.620433005803,190.853320451296,191.373020622683,193.669158206635,193.616660552555,193.774986533793,194.491930317974,195.16115571288,198.008568991341,198.395808329361,200.096109607241,199.408106109725,200.258177724849,201.305851029791,203.903067175604,205.742228360334,205.527736619307,205.888561160122,207.529548900543,208.529621951815,207.382420510472,208.948948341714,207.712704852492,207.03372977641,206.478595309843,204.930580449788,205.559921851126,205.123171286268,205.072206423557,205.496838942528,203.049799293868,201.746916374089,197.934576950366,194.032245101903,190.446818761198,NA
NA,206.592370252878,207.365457887244,210.410243793667,210.218568368934,212.505918287329,214.924732598826,215.562699348902,218.752895931499,220.928022081621,222.480217856123,221.292087828212,220.068854057898,218.210037872399,216.647497991392,216.784224277668,215.604483562818,212.659040274983,212.196281438195,212.192455989717,209.496216388671,209.648778463094,209.997928771127,211.527879954847,214.346242434511,215.935689556106,217.840408299373,215.813833927291,214.486903973366,212.827282765474,211.031816828849,211.486820016825,209.083898040486,205.647925539427,205.266258530478,202.685467514045,198.923798938952,198.457176469621,200.133084154072,199.11348014891,199.060942690511,198.228570355836,197.208772079496,190.63210818802,188.968244210454,188.263241853673,188.114421570892,186.239367854461,185.36295764378,186.666146879122,185.833806726238,185.257964260205,185.147657723479,189.416547405411,192.40461707052,193.404530690333,193.815539959953,196.743844948498,196.013278748136,197.463332407141,197.484091941527,198.414604401108,199.222848464495,200.578203094589,200.621354370278,200.373763978474,200.831634372974,202.21834319836,204.195528734128,204.868082696504,206.813554747642,206.454699508693,205.472762412548,207.499178526969,207.342620327031,206.965220077096,206.651661988102,205.441355596104,204.705949110529,203.096043784644,202.716940418414,203.402524524667,203.758823203131,202.72372567037,198.922375330654,195.789488566467,193.473700703023,189.743909759299,NA
NA,205.338511032698,207.756216268756,209.036615639657,211.071355263604,211.19614744985,213.468856094965,219.658752289681,219.978271993968,220.952730355868,221.857518871492,220.725157683558,220.731427051419,220.495167852865,219.491192485696,217.537129790872,217.11357628249,214.696495746119,213.275820233452,212.67269805863,211.188524429663,209.958372158621,209.134147047415,211.053932040548,213.602608065593,214.859052305937,216.966705589183,215.038638007563,214.670392645475,215.996780625117,212.897229166572,211.049984790637,209.009208637078,207.314391129888,206.276928094437,202.495155460226,196.856447261724,198.323966156838,200.195517373216,197.402761392313,195.31908421976,195.111915595674,190.754274693585,187.461814314837,185.382829601081,182.993919334673,184.613980215232,185.084641143603,186.871900996393,186.89826067171,188.403976528199,188.848129722916,189.861068898636,191.638362143364,194.599041675029,195.25046787936,197.433679100135,197.438745810809,198.305957193425,199.917593580045,200.887508193595,201.668715959203,201.005796489426,201.848416192916,202.222150731824,202.325594060906,202.098030257072,202.247631567067,203.237032308949,204.078593356723,205.860649707926,206.244078780482,206.904962987551,208.137788009855,208.439840625005,206.983320204806,204.745184575424,204.758849633347,204.475799094574,202.861272870495,202.807488112675,201.001685467942,200.213768709931,198.747867731676,196.523118646837,193.145665927439,191.365589239631,187.861220713846,NA
NA,204.232492936986,208.434180486535,210.185552390671,212.043996727924,212.080862119347,215.106837928728,219.860828029327,220.977260712748,221.761417707102,220.918626362441,220.45620809041,221.334317610712,219.658296237352,219.692113308745,218.683474812809,216.331083960107,214.406117200663,211.793931781323,209.862728387835,210.122525255973,208.768503905519,209.011000191487,212.494824717418,213.679294866041,214.137583408275,215.32356438212,213.88992841561,213.922377625023,214.043139121217,211.956675669804,211.18491407839,208.627839244298,205.684776104594,204.230000531114,199.71000481137,196.131956093928,197.781404775129,199.601179687612,195.178287141075,193.234041554527,190.476830101433,183.380218855601,181.967803333989,182.803013280855,182.908177296054,185.893667036813,187.279865704161,187.987617744634,186.382576817428,188.646326167231,189.096166399631,192.899508843333,192.796750199185,194.870285420589,196.416675644445,197.159509077301,198.151753738301,200.464350075488,199.959268786391,200.365400464279,201.793199264707,203.753507660231,203.666686434691,206.344503874408,206.004314770213,203.849429923907,203.396579656768,203.623415408892,204.58892416854,204.261520891975,205.660482113672,206.701029983892,206.90188118912,207.192711656914,206.26389123399,206.251460887678,205.007719646767,205.004906384231,202.543059457766,201.148882201401,199.504254853007,195.865623847732,194.976498263436,192.327007784967,191.760549145683,189.180504712016,186.986052319099,NA
NA,202.471393681083,205.974567733305,208.796353856841,212.02805343256,214.462300800658,215.852669282825,220.21150078061,219.785990630598,221.222539108541,221.032017938432,220.297186042804,220.116206455863,219.143734609062,219.05119563446,217.459900834371,215.047426997062,212.407379620035,210.736355327563,210.020358179428,209.61590519424,207.710867275166,208.599621302422,211.170388271563,213.641917594687,214.496635089977,216.008518503761,214.932582950369,214.626150576237,212.739625269606,211.659799919493,210.38793719833,206.715531688459,204.233490467062,205.081845191278,203.921167914908,200.874113412696,199.464499796778,198.535563049476,194.216013823429,189.720130040781,185.599651771331,183.497476174486,180.872247969062,181.564862434646,184.024913808224,187.308387913599,188.73397918369,189.98520859309,191.077515349261,191.219517470917,194.817985612823,193.533238659738,196.088398932671,196.344804875778,196.579170018932,197.319397507278,197.486254143531,198.48118468124,199.214710653222,201.780760387405,204.668135594324,206.617640611398,206.1467733419,207.485215148454,208.074016292863,205.930567681109,204.94477115554,204.129620069843,203.902726148447,203.674073709851,205.775322443996,206.660222486421,209.339348749063,208.71147485573,208.307897524251,207.695492907121,205.433108036658,204.210265634751,202.451291504101,200.9206116585,197.566575812787,195.570380032041,193.992459427142,190.556722475479,189.078362215909,187.474865971871,185.025530838035,NA
NA,200.590862516359,204.484603087814,207.814345637554,209.891012960837,213.85697898504,216.516241458495,219.647809191912,218.517989549215,218.833385084998,219.094321888551,218.846737867358,218.604359501624,218.064230758126,217.523904281654,216.393201541065,214.268280722776,211.109462836784,210.234922531708,210.021680388558,207.811741817138,208.475021594396,210.338610492888,212.047363997614,211.990491016054,213.157918201567,215.389379480833,216.437041837879,215.775124284636,212.856159345809,212.262885145813,209.028529512953,205.247683743617,204.341562316627,205.101336081438,202.811575120228,199.408504457064,199.100666915651,198.631955468085,197.015955167747,192.09749300228,185.652043713257,185.394951720363,181.078352262366,185.064059695023,186.776183346268,189.496175098996,189.537842482802,190.920265921077,192.159264877148,194.787388193018,195.46716953904,197.497391772871,198.196812174072,198.985527218464,198.619750621567,200.892636673512,201.962879677783,203.804016931067,204.854702537017,205.020801512787,206.070187259883,206.491100995592,207.91581245555,207.820222232188,208.103169945534,208.402562244816,206.687748656249,205.003796879669,205.367363643132,206.050290932818,207.254961753765,207.535237165121,208.043652930276,209.099908327941,207.961233341981,207.058699394227,206.316798657513,203.90096408492,201.131311621625,200.066841721642,196.870161425735,195.121653428513,194.571608667198,191.028865256122,189.525620972631,185.905268750596,184.263985850204,NA
NA,201.648635413397,204.12109653338,206.733033020269,208.791490806073,214.564915935994,217.356861408963,219.28807630522,219.75042626427,218.487066776468,219.117319376038,217.719556522089,216.437561511468,216.932242647061,215.414905505896,216.120532274147,215.068831325663,212.009560831842,211.569370886386,208.471090892828,209.883832415432,211.105178244192,212.671701978751,215.099989395765,214.785864622702,213.776293516167,214.991153633021,215.871711172576,214.596979617453,213.675461409958,211.837639962873,209.811058777353,205.384950285851,204.67797552776,204.412561278323,204.175640844965,199.723743671076,197.664858837477,198.658869063766,198.468937847907,192.148453225067,188.292354971949,186.950648679659,185.311802072108,188.574985024421,190.387120870635,190.577507625312,191.26457319684,190.285517779351,192.391134005024,193.535760827186,197.511739308398,198.215769584872,199.282657898725,201.753196868287,204.196314036547,204.050813073352,206.786600400753,206.71725891943,207.140185981048,207.674370565435,209.421485875401,208.878976488105,208.141915036233,208.758643691422,208.747731417178,209.430696414805,209.359718535942,209.510794001412,207.344864890215,206.37607295831,209.202287573581,209.938751975393,209.610284667115,210.111558365319,209.737156053415,207.697948306869,207.074787348706,204.725949671496,202.793898465258,200.705627266651,198.619721842255,196.304025133077,194.709311894099,191.65301704908,188.721653552237,185.932119163012,182.941499193381,NA
197.290732102957,200.007852352447,202.870042716754,205.833686961629,210.125856448356,212.61141437953,214.37299339809,218.054069228459,219.039736180088,217.760660045114,218.861320129011,218.735634195621,216.514596073195,215.167359852318,214.678944904778,215.221244011802,215.068202383048,214.426936455837,212.324283046747,211.635945206153,210.089315486724,212.439259923087,213.578881356559,215.968672903885,216.070593055994,216.22611885597,215.69195470077,216.170705382731,214.249832059039,212.90136577344,211.955271653115,208.452284968963,203.706777155364,203.629512602078,202.07586377665,200.975977842667,200.589256869694,199.19420054782,197.528068608355,193.289129805031,190.996854234276,190.382801421504,189.946833414794,188.980098414184,190.653023548977,194.776512609959,198.720888438001,197.575295056958,196.851518835917,196.66626759734,198.839102711866,198.51479181596,203.210139382953,203.031655372684,203.747356286417,206.496500696605,209.156458856132,211.176729413657,209.861943242986,208.327636486358,208.857301924331,208.589241742264,209.1820680296,209.733624172258,210.260041267669,211.152964568272,210.960991795143,210.971877483418,211.216483636101,210.366710203525,209.274506037735,210.837290128833,211.824504916107,212.721763909901,211.769447512026,209.94609275142,207.60616283643,205.47122419652,204.145688485336,201.989655359215,200.160916501282,197.556732055531,195.71017942484,193.133739876667,190.628894385459,188.165848129725,185.033229325613,183.563570226945,180.335161937244
NA,200.400758215105,203.123119462714,206.554991719412,209.739888206663,211.892054816521,213.679142653331,215.696928981832,216.339916830081,219.090630170468,220.229188308861,219.345904249183,217.210496608094,216.306786350467,215.571190263583,217.021069314031,216.878131427667,216.906676230067,216.088476672797,215.411865750038,216.42367607929,214.216862015044,213.667353567402,217.946343576175,217.533362483099,216.535630632792,216.673833503172,217.522213946706,214.198499428428,212.981906909523,211.346575851312,207.93306278314,203.39199024816,200.610254713899,200.936726699545,202.346010846603,199.03919564269,199.664292158867,193.917642637328,190.650954220742,186.827398709173,188.211958888142,188.611089570685,190.677855694684,192.805673752368,194.498532965412,195.676489561994,201.962940123771,205.09453401822,204.182959888871,205.971813700609,204.936920421446,206.436587433323,206.96343346583,207.171122756071,210.448590084049,211.461993771939,213.670736892691,212.65843567594,213.179757288091,210.228667962411,210.178871991946,208.966708708302,209.178087883288,210.097258103701,211.239594370169,210.043144686038,210.382477477078,210.806176210306,212.459792410898,212.19564437962,212.586236795344,213.233660398306,213.548120545797,211.768969223947,209.30149186347,206.771543189118,207.122696872838,205.644309191415,203.189378577514,198.104379839906,195.659450040971,193.028495147211,191.691103725872,190.36571672495,187.02694865176,187.114282377014,183.810363639548,NA
NA,200.031658469573,204.78664123756,206.949633055119,209.162874304422,213.406521038718,214.816551717513,217.151857371684,217.893538060534,219.547984030535,221.04376078039,220.001610429048,220.805035995348,218.4395224826,217.756211728117,219.413162658696,218.379253478887,216.452098864823,217.75928720334,217.748859550878,218.711593900744,217.526895407593,216.521274314546,217.583779206427,218.181524276512,217.188279833143,218.507326429977,215.987153569296,215.363922127069,214.601932981861,212.55619033218,208.477105538195,204.554064666596,201.319772523222,202.635799919813,201.875513067472,198.763601822433,198.649770409642,195.423071991475,189.534146471139,188.217918819339,189.59691701367,189.764323685993,191.995218344987,193.100953803633,197.152947189744,201.339227842271,206.279457911435,208.494910759728,211.056116719002,211.452803905678,210.291707661457,208.448951380925,208.654070213729,210.038774028628,213.102813126501,212.80358957117,213.942901753345,213.643750780357,215.454909273168,214.799330726559,211.314568250816,211.171816525073,210.220182769848,210.144519459841,209.522075418422,209.87847728534,211.024726898297,211.247481240441,213.077655573244,213.945708631317,213.893072606913,214.272956800893,216.080953222902,213.093414357738,210.816631736581,209.317488330235,207.819206244408,206.329741601923,203.389970621321,200.66308237392,196.40546695182,192.886039005477,190.595912441249,189.786865445106,187.290173417904,186.88553527931,184.138181768291,NA
NA,197.97785753625,203.924548165935,206.87918636184,210.87092065283,212.596773898599,213.705824369627,215.359650155504,218.46375536809,220.253836908204,220.208695795244,220.959997479367,221.158617933906,221.053722287843,220.457571369398,220.089735148599,219.519992309374,218.007455212896,217.555693468956,217.311822813327,219.065331856689,218.105340726992,218.415933839614,219.061038509078,217.447562279254,218.098336543797,217.085432822545,215.691426376695,214.601852099125,213.635227990417,211.709863670461,209.874830409414,205.783027191129,204.039691721444,203.440524136662,201.067944650256,197.827263543026,196.394114083466,191.678206507763,188.987974582479,190.77492407802,190.669835957148,191.635570473993,195.801768079542,199.321774177273,200.829947459434,205.103745215642,207.907241420463,209.859073822364,212.006921240038,214.201011621403,214.000360120252,210.67217887219,210.002561382818,212.732980412185,215.34572523166,214.258586644198,214.716552960165,216.106240480801,217.632564439575,216.3961728,214.964326405926,214.429686318694,212.737225155326,211.241891502582,211.404435501837,211.298401417488,211.484337466436,211.701081483517,213.043208630244,215.330122475118,215.22215814539,216.038480510258,215.985662088448,214.647654286016,211.084547436103,209.276646795883,206.422186001267,204.36424657892,202.639686657755,199.848896746609,197.709719736157,193.979788114413,191.268329599151,189.42760449046,188.389138058874,186.520115119679,184.074388078147,NA
NA,197.348479892773,201.537683284452,206.236813246858,210.345986106533,214.149228888738,214.66977760259,214.951734633712,218.263734700679,219.529017670198,220.256746099774,220.851668436875,221.67885487421,221.897890884085,220.540896326737,221.991941964017,220.192280480448,219.415626275492,218.744456412393,220.111926661835,219.510037869478,219.040327480002,217.717378683184,218.569054763093,216.970300440474,218.068848422466,215.96058981759,216.340084501269,215.195634166317,212.87362502705,211.549054903139,210.036891215938,208.092730086661,204.231804653487,203.156109706159,201.353569257767,198.501603817954,196.227702240002,191.709181781369,191.834172708604,192.216050948289,191.701225644041,194.718381034689,199.031280602721,200.140906016221,201.798444557412,205.525644580185,209.908750592037,212.450797944278,214.254711160669,214.143610562038,216.19690200777,213.837348094922,213.278612801548,213.742759442441,215.292286667524,216.309062431952,217.655695702885,217.842132622046,218.126701276118,216.720555299422,214.850716765738,217.280682902918,216.292644741175,214.10736803849,213.076816502154,212.870087709603,215.038543152777,214.557668288547,215.421493044576,214.908617209196,216.229117404399,215.348073450665,214.63205093706,213.569637000092,211.921681522923,208.64006375751,205.882736051864,203.228553162274,202.283357807332,198.595818636693,197.131086498361,195.458287418899,191.30567559351,187.534704609443,187.879901742113,184.998492231399,183.518626151179,NA
NA,197.255241000785,200.069810258594,205.309624933831,210.985846320077,214.069491157913,215.94180370453,216.435444337853,217.773080269404,220.225717306236,221.024681137882,221.80879814462,222.969501417459,222.839874172046,222.268890214756,222.934091335814,221.010784240434,220.020139226166,220.577025327295,220.163766023678,218.408852477633,218.719494012244,216.438054190737,217.122329094562,216.579430225123,215.662540170056,216.568270541715,215.814299908879,215.303933338927,215.169048971277,214.582831805845,210.901524370584,207.101851699621,206.428850402439,204.195030764645,200.48786221063,198.295465585682,194.506542818828,191.485367926132,190.831606605602,190.960321629702,191.371481485829,193.940087230659,197.329546631264,200.52281551705,202.835033715416,207.224885561089,210.987346730104,212.854670611027,216.161329735445,219.085979712883,217.368902467854,217.627869395679,219.978236335751,217.942276891715,217.637329022681,217.951278645687,218.096170420283,217.703634114929,217.249080543599,217.275828736399,217.198812495915,216.976443852827,217.023018394469,216.975052292381,215.337663340113,216.553870099792,216.116142540083,216.960461003057,217.16622195059,214.547992791743,216.269614698067,215.136147061636,213.127612996811,209.178029270078,209.965537407944,208.260517995161,206.067275567979,202.314212027602,201.910929034712,198.417409390328,197.431935205588,195.283620793896,192.784574951746,189.773951570113,188.056794819183,185.002414812339,181.82491300559,NA
NA,196.254090805371,200.540992125702,206.313303936425,210.352749961848,212.839542409397,216.154674980919,216.396943934935,217.323982579698,219.707434184567,220.872385502581,221.349575570137,221.759383100216,224.145597002185,223.342973301393,224.25661169767,222.369183039963,220.622871285449,219.434348751994,218.96960526363,218.219492449748,216.506684737042,216.224085731026,215.967773093209,216.379019461206,215.333625254306,216.727968182845,216.049931397282,217.035865047976,215.190393869788,215.177894801147,213.137303087353,209.684178018067,209.032049470701,206.10283308804,202.652069288564,200.172618617654,197.215663008747,194.717816062799,192.117960461942,191.46066461454,195.270496695576,197.188042889266,199.391493795411,202.585117664089,206.690325744432,210.336650418047,213.320116567999,216.896722279653,218.413244313961,219.894544310037,220.620379575564,220.013688376124,218.961206392652,219.587406873514,218.836467690604,217.724797849106,217.80575034315,218.574721334361,218.103339729348,218.150551739163,218.734397058345,218.996310422118,219.389137188385,218.709059672805,218.911424354824,218.492485264753,218.108345945426,216.820815535533,216.388726429563,214.804967289956,214.182154620763,213.777223957401,212.321038816952,209.965982153995,208.348358745747,205.93029781752,205.120118031773,203.690579753757,201.773318205063,200.473710934397,198.24543676238,195.904234797162,193.12628005858,190.813605570342,187.682914276602,184.595514248029,183.023998308899,NA
NA,195.702203569877,200.455306924887,205.66664797949,207.98488542068,212.39745024764,215.457393607329,216.400935049019,218.893413611221,220.007814691359,222.049994158173,221.827346989482,222.47270609106,222.080171024685,223.397215158303,222.853055649328,222.587383309742,219.513457277659,218.020461460857,216.776511616438,217.123889885653,215.455322534903,214.821819448182,213.943266778444,213.832505912115,213.488179101659,215.929780935753,218.24112672409,218.800106841245,216.549004165673,214.610138728914,212.548420504534,209.875717502198,208.325374025037,207.548354514112,204.873006099975,201.521357897395,196.755186677077,195.085281211854,193.409104485206,195.528607629163,199.132460774576,200.321191677931,202.97804619934,204.897532896453,208.700754994141,212.019800213154,217.905757704716,219.472920447746,218.444978564231,218.837180396798,221.566068474943,219.822199304775,218.279007935167,218.182772056398,219.491197528338,219.268799752124,218.843412937129,217.954723529975,218.134093715554,218.205384358484,218.598580273158,219.375330331351,218.890225151642,219.365022899727,219.482581732907,218.846640108383,217.908017901968,215.961636686578,213.640232803788,211.412541947324,212.506906711063,211.530513759074,210.361443916784,210.17588292588,207.265367216754,204.889178557094,203.509684928771,203.169796987712,202.275538923577,201.21561957248,198.542554010812,195.511206383737,192.461146113858,189.465733547081,185.987142344688,184.727163205414,182.740750806273,NA
NA,193.918786865518,198.763487854952,204.48888959204,208.343876574538,212.043268708946,215.442006817226,216.441675446086,219.258042607858,219.975310303583,222.852364956555,223.84501387941,224.430862376901,223.529083591743,222.440944108355,221.971583241332,222.16287143301,220.61624652461,218.279330296274,215.980005705224,216.002189322133,213.700719338873,213.724620668718,213.588000780701,211.001206731663,211.115874830507,213.02305134988,214.706354041888,218.269491621465,216.804799127003,217.587687575782,214.132064597161,208.770616443954,208.57442913523,207.394876035552,205.733838543823,203.062262857123,200.468950623972,198.013996836257,196.806872211438,200.153366851106,202.660616534054,203.767765972415,204.758936046626,206.620674977261,210.679636720899,214.685643393424,216.518880770375,216.450165220556,217.171536997015,217.996205497651,220.714290822363,221.157925721788,219.445714004607,220.877648971308,219.649909103263,219.855618819051,219.616705346097,219.834354753074,219.41365645534,218.119967847611,218.816469599078,218.999462330935,219.213622956179,219.5235071689,218.310828104649,218.340711839438,215.187830689765,214.198710851873,212.675332471689,211.438612993841,210.729164217815,208.303022436609,209.570205860199,208.549074033885,207.714240892887,206.61157096149,205.024400684396,202.989647959046,202.546899556013,201.859596067515,198.514113804517,196.290978984708,192.991718552466,189.825347335282,186.278437293803,184.052524733912,181.029750507342,NA
NA,192.897508858402,198.007751308875,200.341209290873,206.573201125276,211.131134505256,214.350255579217,215.094947494312,217.530343253656,218.790347890272,222.665395616016,225.905183443086,225.544624897933,223.455402526733,223.077214527323,222.251823933064,221.950312412013,219.056818912366,218.82651870142,216.274860337197,217.427991674241,214.794278934687,213.454580375754,213.436469100132,211.137622689716,210.983979241182,213.218397800423,213.889778814321,214.431439581941,217.571626302271,216.718300580291,213.645892607438,211.327046798197,209.393493371311,207.963804506399,207.633713990524,203.82152018142,201.319318306367,200.012465817492,200.273866283571,200.779935475657,201.869751478686,204.832156236039,205.686090155231,206.924992263161,210.786793539555,212.546663337898,212.843532714762,215.148469208269,216.751097533442,219.71027279942,219.338249215376,218.844084266582,222.152305338372,221.466642572485,220.328000912835,219.031903142557,220.561004317858,220.646839491094,220.302446931571,220.339925337617,218.779563703528,218.627838315573,218.382391017716,218.496728765168,218.028104418989,216.765712548776,215.354682638646,214.035346296821,213.222441518032,210.509126357471,209.601605218367,208.555148676042,207.584590434767,206.90646589069,206.984523511932,205.887117578382,204.77986783894,202.778217361309,201.333193676538,198.338967969912,197.135865330834,196.278139698593,194.587978533297,191.845649004426,187.144605932134,184.065062777232,181.926264904084,NA
NA,NA,197.470659807972,198.689458913529,204.012839496145,207.232189534434,212.013477023756,214.097543163413,216.87062929818,218.127155122976,219.963869009952,225.150273057621,223.126180117751,223.166054381227,222.936557402668,222.437910928073,221.39327385053,219.649270585558,218.627427080666,217.614326870104,215.630394092882,214.878150270776,212.29765538576,212.520992756582,210.773433871182,211.053600181519,211.476238438052,213.187387885898,213.314576970064,215.836934308664,216.221778236361,215.597559054968,214.688230475543,211.528089935727,210.396081561227,207.602953082297,204.078518025201,200.996325912645,200.644243533162,202.241087816056,202.958013588116,203.003323805488,205.34508025711,207.581293754642,210.038938231678,211.670197632512,212.590176458929,211.996476050963,214.418564461577,217.13182985,218.5542040788,220.211398899809,221.419217711917,221.994526103405,221.757014594976,220.755385804522,220.770405707721,220.891241002233,220.837322738578,221.497156561121,221.440424477018,221.313119851858,219.770427509715,218.904895110631,218.494583174094,217.309552576255,215.430362205757,214.046481582558,211.875933601527,211.311040156819,208.951301796071,210.098041201303,208.355826344172,205.878916031473,205.382141210147,204.0850641957,203.937909615846,203.726890832267,202.999641371762,201.026081345152,198.247901817953,198.020735154035,195.849420657622,195.402196004229,192.266801181717,189.282371480577,185.822059039209,NA,NA
NA,NA,196.150924960749,197.109405159078,201.291647198445,204.517146280368,209.19432223548,211.237301604508,214.542577209563,217.96781980901,218.395886834007,222.332411531854,223.328532008411,223.178749166529,221.437385632233,221.710892367454,220.743296335975,219.07159265512,217.833408445077,216.821905617605,215.124311641105,214.511831574185,212.777674118274,210.865987536999,212.273793193788,211.390255851823,210.687507480785,211.560549076162,212.942280294264,215.965241096989,215.449860001824,215.272677119341,214.137027007101,211.907189786517,210.684448105803,206.887767369642,204.526082419233,202.940605759527,200.487298167479,201.674426817844,203.206287674426,205.045492978672,207.109822043352,209.720554518356,210.116773151899,210.949946324185,210.764080481025,212.09836936942,215.008818911689,216.560891079203,216.924535712333,217.914629438319,219.529924420273,220.657369132529,220.461809289486,221.594290770385,220.950076251732,220.75891782251,220.638814417011,220.753541418513,220.45430338062,221.746200376972,220.831109077717,220.55510641117,219.625955013841,216.610160275094,214.455318392517,212.759663011125,212.657533376482,212.143451918962,209.472224075541,209.553905331978,208.044342697726,207.243810925092,204.505062633335,204.932744271556,204.000725028262,204.586363943351,204.061508936354,203.136159464019,201.291802391039,199.194418480644,196.938273699435,195.810586722786,193.213138116445,189.0488207772,185.34251265333,NA,NA
NA,NA,196.200106489332,197.927013548819,200.476091979793,204.121616265239,207.273541180876,211.353893379878,212.926167297264,216.485360684279,217.839696665558,219.154966068112,219.142952363732,221.618942654973,221.266888485052,220.951374743795,221.020252238307,219.94253035311,217.344821641939,217.735402388741,215.97685204662,214.559568939512,211.373687395976,212.961361326493,212.110923345575,212.995799341672,211.909989148733,212.132159171307,213.860504301334,215.737785972939,216.587649902756,216.310878452158,214.686174153397,213.540611009307,211.258201498275,207.783863329595,203.958767099405,203.137313487746,202.373867488964,203.148210631583,205.501485912089,206.025646044347,206.940784589533,207.973077707317,208.213281759024,208.554654319923,209.531975509041,212.38147567494,212.182266770757,212.861518703666,214.541545921233,216.561809721103,218.601489056909,219.156612798988,219.079744157828,220.920827448511,219.350227466126,219.966644971177,220.048688070124,218.654874031579,219.638901082001,219.966862948499,219.802882104574,218.467884770419,218.422346141038,216.629569139544,216.230339039372,212.135687382903,212.298277182859,212.386753509358,210.868102643057,209.761178793412,207.059886662726,206.524009843312,204.237727927825,204.206561885056,204.544527710975,204.924427142282,204.025144100125,204.350147332576,201.101766980818,197.057105220893,195.775629930805,194.062940306919,192.027755798263,189.002126517234,185.040239364901,NA,NA
NA,NA,196.266429830225,197.869689911775,200.250976293165,203.804813260579,206.219749427153,210.347742763192,212.502165600211,215.257824880155,217.657225913589,218.248219404694,219.273411473108,221.286932772315,221.027665104261,222.328821169625,220.718604507866,219.067805367973,218.321794986686,216.894178562971,214.831824390933,214.296406913121,214.703690034293,215.006826467724,215.472124200949,214.099143140653,214.085097022827,213.214428852593,214.32195933351,216.494861682264,217.827680229697,217.68673718141,215.983246042352,213.472174015674,211.515849017535,207.105964339282,204.706845782299,204.654681681683,205.719326643652,205.461161911864,205.42133105909,205.097706453673,207.719211305522,206.838638871128,208.746359366704,209.755911903902,209.63130307214,210.39016199794,212.444657561721,212.58727896674,215.251606271771,216.434749959712,218.316193995291,219.322674085873,220.560615276621,219.778512996207,217.668688745565,218.742669956048,218.523851681452,219.048733076606,219.816734247597,220.832899437752,220.443039506168,218.166338009732,217.463141040018,219.647662323467,219.045783552627,216.753923806817,214.153156240544,210.28838477873,208.80882531087,208.741574851491,208.239579935176,206.214020841886,205.279856900223,203.915740421715,203.591080975632,204.227284586986,203.907403113814,202.22844503527,200.227233679824,198.082944932744,194.704467902828,193.525436330425,190.231768344897,188.129918045059,183.302802220307,NA,NA
NA,NA,NA,196.158313437884,199.892057399361,202.003379897456,206.156254847674,209.991806952047,212.858803774078,214.663195815251,215.427927692832,216.369870776743,219.359838257305,219.38633292763,220.380171857404,221.312220832284,220.366525764428,218.994441396761,218.458625795266,217.093891220672,214.256744296204,213.918150698962,215.024121635059,214.710417850117,214.853826879081,214.753593508595,214.603912695623,215.633904109229,216.621237388623,217.467662680999,217.115839731418,218.090632912688,216.827949341505,214.260685899694,210.971469756586,207.876300593968,204.607231523786,205.817971088568,205.894249836288,204.640389489481,205.947556664073,206.619034157987,207.347156466492,208.264725395749,209.923765133043,211.415818504067,212.105145913385,212.754011925063,215.286380886482,217.64424773495,218.62573363369,219.24124446336,218.301682323032,218.770116671167,220.364251044699,218.495826200421,216.972520763843,216.9123916674,217.751772252055,219.139224449663,218.813464773415,220.628085581611,219.02062313497,219.304368358442,218.165755612,218.176065077506,219.950431224445,219.509677076309,218.606444014554,216.294777646613,213.422390134314,210.397248767696,207.977987454289,207.382723008789,203.806282646207,203.159751262868,201.399217732327,202.041412456169,202.22681143774,200.621877001066,200.30364062653,198.700807666531,196.399687356195,193.817862315069,189.609408744065,187.098806976076,NA,NA,NA
NA,NA,NA,197.171354593367,198.589809874303,202.659136167225,206.325574840797,208.26387550588,211.48090407626,214.810214218987,216.184840249947,218.840220577884,221.440567313156,221.113961879458,220.722092798381,221.878968337298,218.732567132098,217.917013833232,216.579960144393,216.173569725366,215.222461613993,214.661665054994,215.464456825982,215.291067290231,215.097786183978,214.548992028926,215.235292846345,216.13143849068,216.951484041755,215.963784576533,216.552477302877,216.135415775892,215.895962631409,213.501705945535,212.075311829988,210.910902278213,208.002705859121,209.03318519089,208.373781224559,206.373438077316,207.469340652829,208.609710815706,209.934480738872,211.180470230639,211.906827508064,213.560666467701,214.447540867901,214.736174155306,217.270525765838,219.029799633158,220.131582324279,219.357349208051,218.660790360622,218.359582992127,218.030638757892,217.057752174762,217.046132449419,217.177122838922,217.239159728836,217.730868544741,218.553630085295,219.647174134848,218.490774771511,217.492173323764,217.910109619946,219.211166205062,219.195003903239,220.164201827039,220.41966616884,219.474895225047,216.825085724936,213.707902006252,209.302657156129,208.04212612939,204.845727381788,204.07884546909,202.582137319718,202.327465405979,201.282456621126,199.736110766963,198.927206495836,198.175403340351,194.673859636417,190.844305705218,185.719071066307,184.575099437398,NA,NA,NA
NA,NA,NA,NA,198.173963709197,203.293470472385,205.801042302918,208.357818846299,211.578361275215,215.168647407109,216.141864505415,218.577861841435,222.343121822842,221.077687077639,221.502370704054,220.027163216101,218.963428055102,217.405235447855,215.832446703996,214.885175770079,215.53696196479,216.282671837893,216.142544349635,214.456628977501,213.075825163137,213.929083825597,216.426390972569,216.406940582548,216.921662586724,217.696938162976,216.106943286533,214.649825967385,212.736811636759,213.491350814451,213.715848328732,215.142294950536,212.840755694103,212.607020968993,212.124517652905,210.001437506469,210.213574657287,212.081996098459,211.337953990978,211.650452290182,213.109295018415,213.927893644722,216.02604482329,217.80759427431,219.527600864809,221.243280859096,221.296278530775,219.732710711176,218.704529927786,217.183339990031,216.255376511872,217.569808449351,218.684077473143,217.927074643745,218.038913145538,218.57476809598,218.173983158983,218.668434411857,217.401425525468,216.372218817918,216.702486651711,215.906480352783,217.517193173881,220.546031972331,219.703079713364,220.226330982325,218.701637606319,216.854780336456,213.496603415398,209.710837143416,207.049590501595,204.021041786704,203.362667261848,202.977607099109,202.185540807217,199.79616152522,198.12591874109,196.190645403655,193.181244430627,189.766235960363,185.230409543337,NA,NA,NA,NA
NA,NA,NA,NA,195.397116940841,201.173713422134,203.692063787945,206.573195884429,209.053809223642,213.168493447539,216.244519841862,218.76081410397,219.003221730148,218.72057440059,218.589510911156,219.109592054137,219.073212364021,217.276295830042,214.892233031107,216.055565074624,215.840495706659,215.5505616936,215.365421996447,214.529008254142,215.234763327955,215.459733868198,215.328028899022,215.747374929455,216.737600302498,217.406815244889,216.775146460183,216.680236854377,216.607779040997,215.247315316176,215.529596262239,215.161173866647,215.350013396098,214.292164123168,213.886901564312,213.849315741082,214.149023049644,214.82769426436,214.849044349035,214.64940632733,216.019067826343,216.302634784891,217.821252503224,218.04678284946,218.432245451069,220.19807010907,218.95691028094,218.487062821188,217.081676869952,216.32545914189,216.960489206233,217.603941460114,218.897464515006,217.286049320207,218.260710647618,219.672286973804,218.829036621585,218.27017918602,217.739189120509,216.708558605466,215.425491388735,216.879030333472,216.975414242639,218.367180427392,219.828380598105,219.133390979933,218.000201198216,217.571540308511,215.466885782767,211.608156073737,208.916656714392,205.619589195782,204.027392327379,202.703049975893,202.133177347219,199.961871592313,198.000954550163,194.475693527401,190.671444753547,187.030569408779,182.816934618851,NA,NA,NA,NA
NA,NA,NA,NA,193.12014077312,198.267580407045,201.865912384384,203.980894856608,206.933904085515,210.246418312214,214.215973906218,217.013715080352,215.930933602732,215.393564494266,216.736889529549,218.32146497109,217.907589863595,216.98862260334,215.11353693585,215.521736985092,216.002370732539,216.230667707272,215.729541570782,214.758324447214,216.450475183978,216.848804227942,216.816173897299,216.221507506599,217.054536811025,218.095720323348,217.579690498216,216.398440142135,216.784528236136,216.865196517605,215.556963918542,215.597348305347,216.350938080263,214.444610198601,215.27908905555,216.845260530032,216.458665159145,216.598916518563,216.440094895668,217.993368971178,218.240339214932,218.161744383225,218.456849369337,217.31155617298,217.742550524699,218.034453188277,216.399217683337,216.44778769156,216.625208147839,216.606461485809,217.723160422198,216.779058121628,216.549759214622,217.24556003121,216.769200045326,217.465441692324,218.246757268897,217.150299215234,218.857221329792,216.287742678263,216.10091449938,217.424403469131,218.691675564854,218.667994681342,219.698167989705,220.246906573989,218.543063250349,216.915246135209,215.120370262295,212.431834028557,208.959639758799,205.950481402137,204.072052816081,202.237758270249,199.877820275382,197.915348374649,196.728220361877,193.48096810491,189.028539817504,184.288259338464,180.344164475762,NA,NA,NA,NA
NA,NA,NA,NA,NA,195.048151638374,198.290072518294,201.934969793987,204.682956553734,208.312106619627,212.740913642628,214.040459893858,214.761090773662,216.177321929116,216.841941660188,218.277371302558,218.279964239627,217.816150040752,215.814275228183,216.351483538837,217.233232949189,216.953991036433,216.672864751827,216.385622213477,216.45177405509,218.183403882184,218.158285776803,218.568228569187,217.83342081808,217.565815841422,216.984296132667,218.089294618047,215.185863909848,215.703169693669,215.034822527198,214.189925218616,215.394350730748,215.839975155754,215.760119361307,216.012116450377,215.598596031418,215.950634861128,215.690519599219,217.330463765774,218.194573328611,218.679894645444,217.849882784091,217.289610576095,218.104853630631,217.566315451223,217.614575475862,215.690224669895,216.283907793349,215.884807627173,215.936877875392,214.849085580654,216.717251397136,218.138162617726,216.733107452542,217.293023839007,217.300877057448,218.642205880224,217.302762215707,216.777798516736,217.592951044855,218.066656568167,219.68192533573,219.241468469878,219.109279272653,218.227191354051,219.29081918074,216.445297210823,214.080059418023,212.35298877721,209.121242824126,205.80974985665,204.011816269123,200.133067182459,197.665153825675,196.290120650528,194.139304343081,190.873456521411,186.339160686942,183.624284987387,NA,NA,NA,NA,NA
NA,NA,NA,NA,NA,192.935212890595,195.874805428787,199.442984121578,202.691823527901,205.522716130628,209.188751129804,213.260798638303,213.695398058932,215.580869011114,216.267084480698,215.930160464537,217.473790188184,217.44539530551,215.114637614691,216.131753912262,217.402697522861,218.398506668014,217.293612301674,215.719384283253,216.585002800425,216.706358595411,218.964314197919,218.047385650617,216.991384191958,217.416003977996,218.301243160189,217.307463428443,215.890202122657,214.655052848108,216.217781346444,216.296609096594,215.230580546821,215.333396335039,215.955629089029,216.970074350472,215.614641207089,216.19712504197,216.49121063376,216.646727551988,216.968348923305,218.603872913967,217.748639183646,218.329132175435,218.546926534788,218.467950763775,217.253205270636,215.499201618913,215.890996675015,215.305383000318,214.328602396799,215.552413796579,216.261361440267,215.845055347537,216.473991892108,216.531399425655,215.993763352985,216.935242259852,216.890660840451,217.278909695409,218.331887170891,220.187530287879,220.20662897605,219.349622105918,218.196870491859,217.090154902752,217.034986664952,215.087316536828,213.728755184018,211.236835821518,208.548653354334,206.749764595831,203.363146107817,200.137444481565,196.768627618459,193.703239282985,191.916970484284,189.144223911134,184.288883501728,181.802396672595,NA,NA,NA,NA,NA
NA,NA,NA,NA,NA,NA,193.798500408936,197.612749042304,200.561629265119,202.833521622832,205.754178105683,209.629042025922,211.325418192294,211.972936806224,212.739745262842,214.28447038892,214.675296011945,215.393020974471,214.667596094001,215.492055717804,217.968343591042,217.597635756951,217.488540945208,217.618744521542,216.523619774201,215.907428368108,216.408209286315,217.187237382546,217.0099667052,217.549101552706,217.284269951952,217.47869541477,216.633256103116,216.834434877396,216.272466926655,215.959559102235,216.425797430228,215.829680460871,215.588854762017,216.579439533415,216.463376243956,217.357841381488,218.461096504738,218.185829488449,218.971411471011,219.843053822752,218.86833675049,218.84551181309,218.463181821202,218.131220424667,217.127416469038,216.893437364743,215.267970223008,214.645491759421,214.185697021019,215.364640615625,215.792734824873,216.231480600236,216.286531026986,215.242268121492,215.695979268282,216.291467201803,217.857124622703,218.185927361371,219.548656973392,219.166236475305,219.140551517548,219.658780014901,216.412138406997,215.677791131875,215.35035211966,213.827369287889,210.517504850016,209.636157494171,208.025366499291,206.140527601546,203.892364782855,199.781303574049,195.401589691153,192.472717783446,190.029460112977,185.909603713676,183.542131200757,NA,NA,NA,NA,NA,NA
NA,NA,NA,NA,NA,NA,192.373857839734,195.383414213642,197.972974578874,201.361820451481,203.921553646286,206.370774567763,207.744294832608,209.083555348401,209.932224118973,212.467582177186,212.767217618638,213.844004286055,214.037015173025,214.344975258855,216.349561757206,216.813777343858,217.569970396034,215.645666846692,217.947691761979,216.72805495818,215.950920777168,217.107996273801,217.444399092696,218.688833262465,218.058424672098,217.488293937649,216.908158197739,217.055312858044,217.26091893788,216.446770886086,215.676711140292,216.893689735986,215.250754661161,216.574452609791,216.234553353476,216.1053068357,216.664721014351,217.096711984752,217.745584632522,218.586940469159,219.38260321585,220.369992325404,218.876044094595,218.021985128151,216.491784637281,214.965565650917,215.014717997578,215.147858302678,215.303699105619,216.076497637097,217.418096173616,218.036918863215,215.522551547139,216.158867806898,216.645526938798,217.914219733063,218.427683537181,219.040458133308,219.098696502993,219.30175129945,219.43365237569,219.068558712283,217.582054406557,214.622358320747,213.325088148549,212.786678363182,210.901623996435,208.004592131557,207.007328800267,205.759637669526,203.631077298832,200.730030598532,196.146818091298,191.642848519597,186.683244275002,183.42597965717,180.652368731586,NA,NA,NA,NA,NA,NA
NA,NA,NA,NA,NA,NA,NA,194.113171580626,197.466032135006,199.892947266315,201.817279513587,202.476069579716,204.507252795479,205.619357669756,207.28328960709,209.185147580546,210.974050902285,213.431168525807,213.718058160709,214.723348159788,216.412087011831,218.246723920403,218.141063578572,216.477248022459,217.652951288145,217.129512297239,218.365360975896,218.652002044973,218.348645630328,218.438629031348,218.247504986754,216.208504828046,216.235491303726,215.417373573921,215.809868187197,216.106112742463,216.209957335298,215.784904385006,215.425105413237,215.46580604748,215.778095702316,215.074095013412,216.319098612791,216.07178216841,217.170739383951,217.606863278992,218.795056239333,218.907871383171,217.780329804092,216.672515881064,215.192828209042,214.15767089655,214.965645474155,213.088818050275,214.301182295209,215.318732336253,217.590602159308,217.494744358104,216.984534278221,216.073058151874,215.389316761325,217.191185424178,218.193582053639,218.714654968458,219.303180074349,220.060478533832,217.775047940722,216.765239304634,216.484308966067,215.668542672687,213.993107848771,212.584980830709,210.817775428162,207.119089064382,205.537461581433,204.005375197648,202.352871007566,199.289909145874,194.896136613814,190.941404309722,185.134746379228,181.73122852712,NA,NA,NA,NA,NA,NA,NA
NA,NA,NA,NA,NA,NA,NA,NA,195.260499671702,199.217218202159,200.307276180079,201.48339270584,201.43870874227,202.225555174227,205.685084283162,208.007768441638,209.638014411503,211.468547826872,213.148456975578,214.896162126529,216.351744742769,217.201222957452,218.096526766523,218.074256719798,217.906511952916,217.575909555785,219.29059347716,218.725713663012,218.102197550371,216.718022635912,216.199583221948,216.183751652851,217.422991454646,218.686858554544,217.287916394801,215.840530898872,215.013528565138,215.914087030561,215.93452878923,215.338667017858,216.225386559643,215.439199170584,216.297966771666,216.239444547346,218.244365871345,217.975789134684,218.221468481472,217.261338811087,216.449933836392,214.09549929683,213.935574463897,214.901908253629,214.704436307969,213.718021580813,213.879689001389,214.899774355931,216.695669352153,217.628891782151,216.026847022694,216.181855891416,216.638993543948,217.480971266054,219.412765579246,219.123872574441,218.623535390638,218.336200821696,215.653694243048,215.191666425697,215.896912842685,215.395512173831,213.282986492882,210.254419842766,208.659750377407,205.206550196861,204.434211780541,202.964052189294,199.939570622329,197.710405632524,192.792234591035,188.035760433635,184.041016602328,NA,NA,NA,NA,NA,NA,NA,NA
NA,NA,NA,NA,NA,NA,NA,NA,192.653302213643,194.023265366963,196.020764489048,198.467605477973,198.993453736329,200.469711748983,204.079044702991,206.873910983943,208.448670517708,209.302915339557,211.401844310946,213.229187247939,215.161599261285,215.704161128918,216.583752193178,216.663309342109,217.645967814508,218.421554229524,218.76541797017,217.438988010585,216.669342303727,215.952253398665,216.127238085927,216.775583426031,216.63178264247,218.318148760554,218.223243901945,217.282773206138,216.207711375572,215.712002290294,215.887790649495,216.292796107924,216.382036802366,216.380504102842,216.367351366971,215.194608130782,216.111500544777,216.976657377458,217.223770684001,217.669981378048,214.575093866046,213.465382350993,214.654789408286,215.110583584299,214.782269452262,213.600007017397,214.487877777722,215.137045563808,215.415557018747,216.997961814626,216.914565438481,217.155551161357,218.449877311711,218.408351322062,219.234830310553,217.169685682198,216.447034482129,216.327076345336,216.40665003464,214.423360713591,214.085833322215,213.569548686051,211.908293375697,208.360005948205,206.339659394006,203.261436044143,203.848002469439,202.080601773581,200.407096723551,196.452219447809,192.048122121461,185.399996344231,181.407108269441,NA,NA,NA,NA,NA,NA,NA,NA
NA,NA,NA,NA,NA,NA,NA,NA,NA,189.206938170998,190.9153145028,195.09920142978,195.959298691322,200.068146567327,199.458531402775,202.189849952762,205.716523591744,208.184188269227,210.3382061469,210.594633710374,212.961307873983,215.464753729598,216.040919088401,215.870316940518,216.339831990742,216.988348924275,216.846804771478,217.034365275527,215.99465699479,215.26606625202,215.350485425956,215.088901091854,215.507807169057,215.366124619434,216.152707235452,216.582125765504,216.69290490207,216.85216754305,216.936070040459,215.647314403883,215.97813092042,215.579906305106,215.884973315651,216.780391703578,215.887537415041,217.373942465099,216.403378903955,215.25840623205,215.50913430994,214.550324452279,215.029196543698,215.101686242547,215.000856755064,214.094873039711,214.651899501425,214.694081445872,214.695386751672,216.709310536331,217.761879142033,217.858330474472,219.345616078642,217.82018923016,217.796725677488,216.353215497549,215.028030328317,215.34543047335,214.04536521339,212.521244016716,212.048304981231,211.960152641574,210.605417162266,209.367251493882,205.830166361023,202.46438662865,200.475986599885,198.352908322955,196.535412739175,192.417752765714,188.047393069479,182.902595079262,NA,NA,NA,NA,NA,NA,NA,NA,NA
NA,NA,NA,NA,NA,NA,NA,NA,NA,NA,188.043974161901,191.397558372876,193.154608473497,196.572774659804,197.87291738176,200.584966318664,204.072212779724,206.191228681143,207.065632772387,209.376514669585,210.38332664909,211.894354273667,212.360153773523,213.694315650567,214.381855345321,215.678826131149,214.916581423129,215.474676356375,215.128639753928,214.586276401663,214.520482699974,214.077145423705,214.894744494952,215.749654928172,215.205956899181,215.164822915297,215.831008571992,215.828124576472,216.081474765042,215.603565998527,215.455025365826,214.590005595891,214.836112717,215.995962274105,215.077627311369,216.447910939314,216.36657027978,216.228316466532,215.681668786315,214.990798425267,213.767833050249,214.476892999317,215.312909063781,215.288326417712,215.494996614267,215.844293227009,215.22804503638,215.112995690856,215.996585132648,216.696681516453,218.061067592872,216.83791537455,216.509348376763,215.885793720741,215.940034983965,215.276575811231,213.525409797578,212.564746704445,212.38636381224,210.459389871217,209.308282386031,205.331097908117,202.726937945683,200.637882394165,198.520292101737,196.156818491467,193.732589979422,188.300321205943,185.085297625194,NA,NA,NA,NA,NA,NA,NA,NA,NA,NA
NA,NA,NA,NA,NA,NA,NA,NA,NA,NA,NA,189.10613022447,191.568501792686,194.488562592399,195.830269866001,197.997630706925,200.629611708718,202.530466330766,204.730552442435,208.094770834652,209.349524646594,211.296916799511,211.464108626302,212.593895352508,212.756626136524,212.660158209534,213.174465339019,213.758922786883,213.339295923514,212.974410199758,211.983387897623,212.64029130076,212.724255985454,213.034691470979,212.704845045952,213.514122677923,213.428055667025,214.507164434072,213.990068906825,213.678878232765,214.054069838024,214.520453673782,214.276906032794,214.544083008458,213.889840264068,213.319204649329,214.456379681339,215.760697066566,215.948519399923,215.656102689064,214.086532696772,214.19795045282,214.569953042601,214.335362948406,214.997335476034,215.44958038464,216.302634872047,215.188795841927,215.08204883199,214.52819819631,214.720814206187,213.952488985633,213.95058996417,212.992168753908,214.479865077314,213.950549053745,212.654176145327,212.315389355811,211.162695858522,208.742221839179,206.647392812023,202.585874818327,200.313928691838,197.255850482569,196.195487396554,192.273421311716,190.440924425845,187.895667715208,NA,NA,NA,NA,NA,NA,NA,NA,NA,NA,NA
NA,NA,NA,NA,NA,NA,NA,NA,NA,NA,NA,184.625325529058,188.713123063102,192.808233527194,194.358669892234,196.267374229951,198.688930247944,202.840232392167,205.421743925523,207.756044401972,210.642227135889,211.11259714683,211.476888743013,210.06591360754,210.39346271089,211.123026900895,209.745464415881,209.621256566554,210.573464227357,211.292190775271,212.441227983045,211.737408377078,212.134575072202,212.867244015465,212.348962062925,212.296052594602,212.315412141403,212.144842278744,212.870192893936,212.993085668261,212.556051519288,213.384318334417,213.369955141676,213.454445198613,213.45587546359,212.406342023493,213.120956385401,212.394544721297,212.297229054502,213.586434878364,212.866571377001,213.24236486796,213.919112451759,214.738611715957,213.894631587138,214.721701521114,214.439764125716,212.912147368893,212.19305852769,211.641500275586,210.777370958803,208.504079539401,209.237046939181,208.912792369963,211.860514519675,212.210335372806,211.57066438394,209.596219878521,206.43069422647,207.335634672895,204.905601234085,199.277485105744,197.095508810111,195.936456888998,192.307100387201,190.660928327642,187.398929671003,185.423755606605,NA,NA,NA,NA,NA,NA,NA,NA,NA,NA,NA
NA,NA,NA,NA,NA,NA,NA,NA,NA,NA,NA,NA,186.854543643051,190.064487521367,192.463325619594,194.596702921594,196.560135706217,201.0435696752,204.575608401335,206.684331295091,207.904140655631,208.957807629913,209.981244183258,210.433623787153,209.447956582315,209.244909886689,207.663285131592,207.819191472678,210.069822570982,210.453288465477,210.111977571344,210.350374243868,210.687834857021,211.36551592876,210.910505293352,210.089370674767,210.74063550239,210.881251833633,211.239833162055,211.232179755481,211.370145148822,212.496144228132,213.81100317288,212.231583900362,212.586840927326,211.744253668488,210.535391929825,210.710216917077,211.389168448118,211.191620247656,211.222101570346,212.035610821224,212.322154152978,212.396137380147,212.114732425289,212.222874910631,210.933623888651,209.907576456333,209.745112155279,208.446275338638,206.79393686275,208.021348593828,207.173997968994,206.132441352372,210.090697584098,210.198228231677,209.367765553143,207.520972443353,203.47583263349,201.564069153919,201.280439100441,196.844274090195,194.461398684129,194.025589297127,191.341686036707,189.99214193859,185.160017247225,NA,NA,NA,NA,NA,NA,NA,NA,NA,NA,NA,NA
NA,NA,NA,NA,NA,NA,NA,NA,NA,NA,NA,NA,NA,188.297675630015,191.940665511571,191.928091407091,195.791328672142,197.098362283576,201.76272926893,203.313732973358,206.210021039057,205.079644039201,207.943726500062,208.182595200105,207.935506040242,207.369984805604,206.46736682038,206.111192204395,207.171774666203,209.427556386112,209.339579460301,208.80082914376,209.448587338916,210.003368786211,210.287338661295,208.668760069907,209.641380452023,209.934864763911,209.098943078618,208.70256527827,209.657039174441,210.252684182769,211.200551134186,212.400433729901,212.327285781756,209.362894881468,210.25344762572,209.758656646056,209.764149284552,210.128591748034,209.01248301423,210.158326234802,210.22479320837,210.947480259619,209.575722028572,207.78312612222,206.080943788342,206.63873263811,206.273804249545,207.807432718334,206.740629372666,207.263619300635,206.799409940068,207.828273580218,209.043485936336,207.511597722422,207.283745418845,205.325940679343,201.545697329779,200.696810146722,197.989766246562,197.31530450601,194.307910295452,191.521270870186,190.077507138898,186.40753131603,NA,NA,NA,NA,NA,NA,NA,NA,NA,NA,NA,NA,NA
NA,NA,NA,NA,NA,NA,NA,NA,NA,NA,NA,NA,NA,NA,187.734521830446,190.849226168805,193.533394805294,195.131832324582,198.445358389819,199.48384550925,202.00090701388,202.495870574994,205.212046185067,205.726642518224,205.135446493797,205.091822090595,204.047912525482,204.571966360304,205.077161340396,206.36151259788,206.697383451866,208.239881414145,208.541809403387,209.554178914306,209.115576510524,209.140598717185,207.977959482536,208.341495430077,208.09169443416,208.187891830084,208.344360946187,209.34803623991,209.370181148827,209.59875023543,209.991020283139,208.919341052364,208.081918161663,208.683690096243,207.554058969197,206.728937592433,207.231666229355,208.333683747214,209.65767277795,208.573892296816,207.788932455215,206.328730991953,205.46478470449,204.925941370481,207.241896530076,206.732442339458,208.809960784126,208.314445831559,207.497555514654,208.018543551981,206.886777604468,206.051621894939,205.092092400026,203.532289970883,201.359713272653,198.496484503298,197.441688352934,196.391376878617,193.355915396017,190.949767655263,189.016775309673,NA,NA,NA,NA,NA,NA,NA,NA,NA,NA,NA,NA,NA,NA
NA,NA,NA,NA,NA,NA,NA,NA,NA,NA,NA,NA,NA,NA,NA,187.237172188185,189.581950768707,194.112490259671,195.267289039967,196.154875277887,199.071373384249,200.561765656391,201.975813349349,202.621092329067,202.957286327799,201.278056931066,202.682926606867,203.333881316235,203.62522557287,204.104167001705,204.624917630391,205.722736281433,206.481434078371,206.977186435269,207.522114770776,207.300079319863,207.23925497975,206.443592454473,206.261564679752,207.068304792352,206.496376883807,208.17981436999,208.117830741692,207.908579156681,207.852739225597,206.380092954617,206.862605286878,205.982090479977,204.766981263055,207.018971569849,207.12970341171,209.078536741895,208.149238232363,206.053701602586,203.998123012337,203.518544484292,203.75276896278,204.766069451765,206.602214969478,206.454857524046,206.314077033037,206.770804643131,207.335394107985,207.398941740017,205.030358834908,203.606398929071,202.186648706239,199.313400657128,199.612656925095,196.569718166671,193.951579317751,193.630430648856,191.983103152643,188.864258354295,NA,NA,NA,NA,NA,NA,NA,NA,NA,NA,NA,NA,NA,NA,NA
NA,NA,NA,NA,NA,NA,NA,NA,NA,NA,NA,NA,NA,NA,NA,NA,NA,189.322081702119,191.728493993002,192.798012182335,194.800470006253,196.22865083105,196.958536066162,198.161386201372,199.169203051359,200.420892732537,201.134832863569,200.436041132407,201.650500728146,203.215570083505,203.345311038958,203.905618391228,203.866512996416,205.269399837302,205.453413082331,207.519513482343,207.836363817141,206.088807739519,206.617098537325,207.731240666694,207.229985922022,206.624281842225,206.079812653244,206.026393661778,206.888544939257,206.786542933925,206.658698049145,205.530818023317,204.368983296057,205.041582678386,205.436933121399,205.833483676439,206.028457958112,204.355009592318,202.923697623142,203.164552879129,205.632753139417,205.315006645969,205.936157757297,205.017885128628,202.750892343346,204.67338120551,203.800423861688,204.516965305149,203.042954151383,198.845293907397,198.393654840414,196.442351978256,195.820884175735,192.991524507716,191.767894558002,190.817099571245,NA,NA,NA,NA,NA,NA,NA,NA,NA,NA,NA,NA,NA,NA,NA,NA,NA
NA,NA,NA,NA,NA,NA,NA,NA,NA,NA,NA,NA,NA,NA,NA,NA,NA,NA,188.960482540431,190.383895982626,193.092866890716,194.612885211254,195.987849209608,196.383507865901,197.268358000576,197.867252661157,197.851276947916,198.417094203068,198.411640440204,198.617035191763,198.354487930176,199.80809462411,200.375078860419,201.75573576072,203.187145214225,204.591830019954,205.071024348006,205.137549834719,206.656581234502,208.021690804872,206.876317011089,207.180903294747,206.911446534394,206.652849685319,205.886021145974,206.745634298873,206.046624265498,204.053650722302,203.322818415003,202.942812160386,202.348743406067,202.354049956066,202.782169837239,203.633647470747,203.53858599859,203.488387956629,204.313248005787,204.759158537384,204.387794236188,203.987830431327,202.236244227846,202.944073133776,201.140493972473,200.221447919841,198.804425741574,197.606322501708,196.807239429518,195.663052367127,194.44240847678,192.040342494831,190.138210424267,NA,NA,NA,NA,NA,NA,NA,NA,NA,NA,NA,NA,NA,NA,NA,NA,NA,NA
NA,NA,NA,NA,NA,NA,NA,NA,NA,NA,NA,NA,NA,NA,NA,NA,NA,NA,NA,188.138688308405,190.867935564273,192.406273842034,194.900809678554,195.229544173476,198.115013782532,195.492896008354,196.187127087033,196.043020516506,196.461792791517,196.736958242665,196.252357261907,196.811352508802,197.787179117682,198.824383643876,200.240095124694,202.029184482817,202.624600218764,202.641039743895,204.114748084754,203.710234145405,204.259686300192,204.477656341174,205.299899271625,203.782674801355,204.962923836718,202.789529416451,202.919937844462,202.423152792252,202.056724730036,201.033804176813,200.475833972549,201.450342877658,203.072989971635,202.483682909831,202.677687992945,200.772270388062,202.194286694188,202.410516734529,202.557063196961,200.927301087535,201.724438338721,201.872460334281,199.97987826792,199.299345820758,197.851170419325,195.731439637889,195.028493523585,193.794173486468,192.550407203178,189.28493843727,NA,NA,NA,NA,NA,NA,NA,NA,NA,NA,NA,NA,NA,NA,NA,NA,NA,NA,NA
NA,NA,NA,NA,NA,NA,NA,NA,NA,NA,NA,NA,NA,NA,NA,NA,NA,NA,NA,NA,NA,190.354377493484,193.627072605745,191.451754591553,194.196046787829,193.981724489353,193.755528040724,193.943071110516,194.346968006859,193.992117447761,195.245126172491,195.461913261134,196.489746318394,196.394356822539,196.925488353802,198.738109618194,200.348006360805,201.058781895629,202.432860669878,202.427721402079,202.801895871044,202.632859749933,202.11962769,201.336428609235,200.649231002815,201.638661038472,201.207341862844,200.618501747045,199.81280558558,200.775774835946,200.341462293019,200.847748498,201.556448730904,201.940782592751,201.275968159432,201.256923820587,202.245620596446,200.812095867515,201.872021333253,201.18925502571,199.41846505094,199.912720994851,199.286876263059,198.505728670541,196.481004194263,194.990040443209,193.279400728041,191.493982252175,NA,NA,NA,NA,NA,NA,NA,NA,NA,NA,NA,NA,NA,NA,NA,NA,NA,NA,NA,NA,NA
NA,NA,NA,NA,NA,NA,NA,NA,NA,NA,NA,NA,NA,NA,NA,NA,NA,NA,NA,NA,NA,NA,189.352538583133,190.398209551618,191.657375610185,193.263218649822,191.804070004111,192.607338291593,193.980528179475,193.14855110221,192.259966246118,194.771778887993,194.647560298106,193.932243345431,195.654607425296,197.208363551302,199.976302805909,201.654874666842,201.210757380108,200.867888728933,200.14878190155,198.866159929872,199.037950923738,199.991492291888,198.289655409024,198.270919776898,198.385192324909,198.799300805021,199.271184357863,200.004792573692,200.657358123076,199.891450368408,199.93786826635,199.99557161456,199.831445657317,200.404568308506,199.387192031372,198.826855561138,197.844268021482,197.941782654219,196.507383143013,196.4925931976,195.540902877211,194.637954673096,195.27147292716,194.013604616046,191.716537710253,NA,NA,NA,NA,NA,NA,NA,NA,NA,NA,NA,NA,NA,NA,NA,NA,NA,NA,NA,NA,NA,NA
NA,NA,NA,NA,NA,NA,NA,NA,NA,NA,NA,NA,NA,NA,NA,NA,NA,NA,NA,NA,NA,NA,NA,NA,188.826006690299,190.307586896561,189.783791214423,190.375519148091,190.132230842946,191.234145988564,192.762436105209,193.85140147466,194.512304248945,194.287069828886,195.98093512943,196.601642500459,199.476838123588,200.222517761252,199.542192729445,198.858271073228,197.198839970303,195.724052518859,194.608506949926,194.421017485637,193.953284160472,195.913661237848,197.315416772964,196.086477378617,197.119498085176,198.022224565128,197.43022485934,197.516181923822,198.510548677367,198.104091436938,197.130408453316,196.493375598927,195.451856178025,195.682149005856,195.163057422233,193.574668581048,192.779125095899,192.144719458999,192.507306750298,193.551365156602,193.460639990763,NA,NA,NA,NA,NA,NA,NA,NA,NA,NA,NA,NA,NA,NA,NA,NA,NA,NA,NA,NA,NA,NA,NA,NA
NA,NA,NA,NA,NA,NA,NA,NA,NA,NA,NA,NA,NA,NA,NA,NA,NA,NA,NA,NA,NA,NA,NA,NA,NA,NA,187.584350460985,188.555994728916,188.452805293334,190.502596978723,190.969861083756,193.4780614915,194.348787980629,194.638053165065,195.093705308699,195.272542103236,197.290794882037,199.778425091813,198.168994832501,197.868617358136,195.301334563899,194.005298619651,192.547245441099,192.195614985857,193.650791768541,193.830591587595,192.748682022963,192.023919661318,194.726437632382,194.800550190488,193.881762286463,194.462387217613,194.243937232959,194.562161307244,193.524781364064,194.243088487274,191.207117030335,190.952083246562,191.21410364952,190.544431563872,189.9192462317,190.262220488458,191.612935016409,NA,NA,NA,NA,NA,NA,NA,NA,NA,NA,NA,NA,NA,NA,NA,NA,NA,NA,NA,NA,NA,NA,NA,NA,NA,NA
NA,NA,NA,NA,NA,NA,NA,NA,NA,NA,NA,NA,NA,NA,NA,NA,NA,NA,NA,NA,NA,NA,NA,NA,NA,NA,NA,NA,NA,187.577615168438,188.512696210177,189.53430138779,190.557565538585,192.326863991459,193.449381536145,194.844877315986,194.713893759795,194.385920854252,193.864147482587,192.124234252664,191.406954870043,190.319743522769,188.532229857462,189.174289249665,187.895646109401,188.183800398107,188.338994755275,187.79316362273,189.248994582647,190.47485071721,191.805436450539,190.974576512191,189.788083855354,189.146343662735,189.126118699797,189.382756950862,188.235992782643,189.482111319729,189.020368984209,189.303612855907,NA,NA,NA,NA,NA,NA,NA,NA,NA,NA,NA,NA,NA,NA,NA,NA,NA,NA,NA,NA,NA,NA,NA,NA,NA,NA,NA,NA,NA
NA,NA,NA,NA,NA,NA,NA,NA,NA,NA,NA,NA,NA,NA,NA,NA,NA,NA,NA,NA,NA,NA,NA,NA,NA,NA,NA,NA,NA,NA,NA,188.0255230553,190.392963447179,191.989561959653,192.852905091249,192.472545082512,191.901868416368,191.911371836342,190.309582774397,189.714858887366,187.503024593412,187.902252776281,184.611193091833,184.588879436754,182.646405092607,183.566166446883,184.044315238842,185.12699940591,187.031746570879,185.607815468439,187.088480327777,186.939507774802,184.261268091279,184.419204993879,181.621917201267,183.007977306114,184.523981966185,185.208454581855,NA,NA,NA,NA,NA,NA,NA,NA,NA,NA,NA,NA,NA,NA,NA,NA,NA,NA,NA,NA,NA,NA,NA,NA,NA,NA,NA,NA,NA,NA,NA
NA,NA,NA,NA,NA,NA,NA,NA,NA,NA,NA,NA,NA,NA,NA,NA,NA,NA,NA,NA,NA,NA,NA,NA,NA,NA,NA,NA,NA,NA,NA,NA,NA,NA,NA,189.343528518381,188.90667297123,188.555144180914,187.895438991147,185.005843558287,183.263049513891,181.546883792392,180.912898370373,179.273389093877,180.294365211377,181.762123981556,179.966364139861,180.182706756323,181.306047407716,179.842939471118,180.162701218552,179.687162450714,179.184542826893,179.1180928163,NA,NA,NA,NA,NA,NA,NA,NA,NA,NA,NA,NA,NA,NA,NA,NA,NA,NA,NA,NA,NA,NA,NA,NA,NA,NA,NA,NA,NA,NA,NA,NA,NA,NA,NA
NA,NA,NA,NA,NA,NA,NA,NA,NA,NA,NA,NA,NA,NA,NA,NA,NA,NA,NA,NA,NA,NA,NA,NA,NA,NA,NA,NA,NA,NA,NA,NA,NA,NA,NA,NA,NA,NA,NA,NA,NA,NA,NA,NA,178.660296624967,NA,NA,NA,NA,NA,NA,NA,NA,NA,NA,NA,NA,NA,NA,NA,NA,NA,NA,NA,NA,NA,NA,NA,NA,NA,NA,NA,NA,NA,NA,NA,NA,NA,NA,NA,NA,NA,NA,NA,NA,NA,NA,NA,NA
