"V1","V2","V3","V4","V5","V6","V7","V8","V9","V10","V11","V12","V13","V14","V15","V16","V17","V18","V19","V20","V21","V22","V23","V24","V25","V26","V27","V28","V29","V30","V31","V32","V33","V34","V35","V36","V37","V38","V39","V40","V41","V42","V43","V44","V45","V46","V47","V48","V49","V50","V51","V52","V53","V54","V55","V56","V57","V58","V59","V60","V61","V62","V63","V64","V65","V66","V67","V68","V69","V70","V71","V72","V73","V74","V75","V76","V77","V78","V79","V80","V81","V82","V83","V84","V85","V86","V87","V88","V89"
NA,NA,NA,NA,NA,NA,NA,NA,NA,NA,NA,NA,NA,NA,NA,NA,NA,NA,NA,NA,NA,NA,NA,NA,NA,NA,NA,NA,NA,NA,NA,NA,NA,NA,NA,NA,NA,NA,NA,NA,NA,NA,NA,NA,217.905641224963,NA,NA,NA,NA,NA,NA,NA,NA,NA,NA,NA,NA,NA,NA,NA,NA,NA,NA,NA,NA,NA,NA,NA,NA,NA,NA,NA,NA,NA,NA,NA,NA,NA,NA,NA,NA,NA,NA,NA,NA,NA,NA,NA,NA
NA,NA,NA,NA,NA,NA,NA,NA,NA,NA,NA,NA,NA,NA,NA,NA,NA,NA,NA,NA,NA,NA,NA,NA,NA,NA,NA,NA,NA,NA,NA,NA,NA,NA,NA,211.07375694844,216.065605452829,216.86465431664,218.138660780421,218.497242803911,219.282486323817,218.407393856515,218.108521661228,217.26532034721,216.184993754423,215.709765006707,213.985078622234,211.6532910147,208.677744844999,207.918235535209,206.197097010996,205.04615219891,206.179625281638,203.635177378686,NA,NA,NA,NA,NA,NA,NA,NA,NA,NA,NA,NA,NA,NA,NA,NA,NA,NA,NA,NA,NA,NA,NA,NA,NA,NA,NA,NA,NA,NA,NA,NA,NA,NA,NA
NA,NA,NA,NA,NA,NA,NA,NA,NA,NA,NA,NA,NA,NA,NA,NA,NA,NA,NA,NA,NA,NA,NA,NA,NA,NA,NA,NA,NA,NA,NA,207.898991927794,205.499519801092,206.760374368155,210.171694417153,210.734979962684,215.311655994221,216.371551342454,217.558807132123,218.54991163206,220.265355917966,219.421254505567,217.559723636071,216.456272803956,215.421853006062,213.52802183988,213.247017227665,210.168754452557,207.683825521406,204.772979581638,204.506724089822,203.67422643553,203.482517166554,200.810188003025,199.258511174489,197.065114341738,196.109620351356,196.059689603423,NA,NA,NA,NA,NA,NA,NA,NA,NA,NA,NA,NA,NA,NA,NA,NA,NA,NA,NA,NA,NA,NA,NA,NA,NA,NA,NA,NA,NA,NA,NA
NA,NA,NA,NA,NA,NA,NA,NA,NA,NA,NA,NA,NA,NA,NA,NA,NA,NA,NA,NA,NA,NA,NA,NA,NA,NA,NA,NA,NA,206.85894591911,206.844865881286,206.533652853627,205.655470905904,206.57552366741,208.968761176511,212.556664811841,215.038333311222,218.630341889167,217.45965624828,218.626135881266,219.512849277663,219.433652576838,218.770591201136,215.982753287209,215.558145043432,214.311837616442,211.230295225886,208.853007090961,207.203167759856,206.833020470574,203.559498974955,204.850129558101,203.424270981582,201.093480670147,199.67036359188,198.201231066662,198.945857445964,198.52409097263,197.140448711427,196.705793338524,NA,NA,NA,NA,NA,NA,NA,NA,NA,NA,NA,NA,NA,NA,NA,NA,NA,NA,NA,NA,NA,NA,NA,NA,NA,NA,NA,NA,NA
NA,NA,NA,NA,NA,NA,NA,NA,NA,NA,NA,NA,NA,NA,NA,NA,NA,NA,NA,NA,NA,NA,NA,NA,NA,NA,210.01900552696,209.554560356253,209.462091252161,207.536634091714,208.406076889012,209.469701821306,208.316827961167,210.380952546628,213.18398418313,216.714773607502,217.064626171898,217.72048083837,218.033097083419,219.786030119856,219.310016621961,219.687758416814,218.429936654234,216.996564226884,215.025981784279,214.739730481465,209.424921732953,207.452443149753,205.990239374297,206.513727325938,205.164802505392,204.9087865042,203.424109242537,202.231833646596,200.862471804866,201.694892204638,200.349376207626,201.081338586389,201.998253183951,201.28042872796,202.938712040477,202.817273804596,204.592158133637,NA,NA,NA,NA,NA,NA,NA,NA,NA,NA,NA,NA,NA,NA,NA,NA,NA,NA,NA,NA,NA,NA,NA,NA,NA,NA
NA,NA,NA,NA,NA,NA,NA,NA,NA,NA,NA,NA,NA,NA,NA,NA,NA,NA,NA,NA,NA,NA,NA,NA,215.29493735962,211.893539081761,210.941207481028,212.440887895819,211.217795435125,210.452007075914,211.976504235554,211.409552278189,211.386348447042,213.940712706216,215.500927799863,216.543927489838,216.986889940691,217.270028487518,218.145604542484,219.181969053299,219.324418558299,219.192366346163,218.77107451235,216.438016196808,214.940307329257,212.678294341619,208.646785340699,206.466426105026,205.906821761027,206.205946234635,205.963566802239,206.447772418552,205.701705533846,206.658518594648,207.926403406727,206.155770090199,205.468454181376,208.295921027749,208.295511999267,207.05172009239,206.03976470315,207.122417106947,207.629044426603,208.730127018937,209.7017806987,NA,NA,NA,NA,NA,NA,NA,NA,NA,NA,NA,NA,NA,NA,NA,NA,NA,NA,NA,NA,NA,NA,NA,NA
NA,NA,NA,NA,NA,NA,NA,NA,NA,NA,NA,NA,NA,NA,NA,NA,NA,NA,NA,NA,NA,NA,216.056514205371,216.247402434968,215.357348036302,213.412636284389,211.81810011597,213.206361133652,211.869801231316,212.138834194891,211.173106843131,212.063444507388,212.81055995316,215.038675000761,215.704898054433,215.359462822215,216.399083763425,215.95244581404,217.790162686248,217.624893235157,219.022327781578,219.953255209412,219.213289863362,217.097787928284,213.667773204562,211.42998750403,208.903144909424,208.33370582996,208.3986755357,209.003900433168,209.810833575259,209.564061953001,211.207093048602,212.481263443753,215.778646386613,214.671680267373,213.937762033914,215.169935276805,212.993687082174,213.176737039995,211.968828549467,210.094014976327,210.405715808358,209.933346836757,209.426803007992,211.723880283493,212.653369019897,NA,NA,NA,NA,NA,NA,NA,NA,NA,NA,NA,NA,NA,NA,NA,NA,NA,NA,NA,NA,NA,NA
NA,NA,NA,NA,NA,NA,NA,NA,NA,NA,NA,NA,NA,NA,NA,NA,NA,NA,NA,NA,NA,217.105954755753,217.138415576852,216.868245917726,215.924777744219,215.699191602171,213.26594282313,213.155583701067,212.437634982621,212.76047228364,213.011715532435,213.031128338515,212.870908296113,214.043656827342,214.588394054097,215.109407097496,216.110656552586,217.288871755902,218.666574420732,219.348192328296,219.484573351983,220.282399708747,220.491106900046,216.621048981883,214.156204701335,211.495063403571,209.454526998249,209.278108811978,210.542192575123,211.650685241038,212.709236308459,212.9828034756,213.986749901636,214.757613501291,217.357253389523,217.496137848503,218.012634158372,218.532881858054,217.682639458542,215.882178980764,216.100979109475,216.75369184082,214.944526602703,214.916893600278,214.203715680217,214.556305013152,216.116476406187,215.908668256042,NA,NA,NA,NA,NA,NA,NA,NA,NA,NA,NA,NA,NA,NA,NA,NA,NA,NA,NA,NA,NA
NA,NA,NA,NA,NA,NA,NA,NA,NA,NA,NA,NA,NA,NA,NA,NA,NA,NA,NA,217.839997390731,219.360755020092,220.234558185172,218.557749086206,217.025638981429,217.906518799153,216.626843265105,215.471474844518,215.966127529095,216.892651111895,214.266841455673,213.808986936882,213.010529174778,212.981195025931,214.495236571915,214.246462301437,216.617786459536,217.406565204536,217.64558878947,218.304612833526,218.383334705006,220.264919781508,220.200659725426,220.207569934157,217.457164338531,216.442995577685,214.54151223966,212.572058242185,211.781304042639,212.554981318431,213.429284108766,214.061561057167,214.837324497057,215.286532624716,216.479525314989,218.895741420065,219.953847625569,219.800759090321,219.330655312967,219.24691778325,218.234042122938,217.683923989462,218.523913607704,218.465458049287,218.393202006943,218.778006850764,219.484521877385,219.372315539955,218.660684994952,217.53340764534,215.696242995859,NA,NA,NA,NA,NA,NA,NA,NA,NA,NA,NA,NA,NA,NA,NA,NA,NA,NA,NA
NA,NA,NA,NA,NA,NA,NA,NA,NA,NA,NA,NA,NA,NA,NA,NA,NA,NA,220.862943412218,219.150165010146,218.701366366957,218.816240419411,218.265085204393,217.344336045683,217.03626659993,217.112440212762,218.984606381037,220.699525235214,219.349933779861,217.268935090142,214.69349582644,215.373238048726,214.474815739256,215.689595234167,216.261617182278,216.959625619649,218.855897659708,217.777669811986,218.335648298219,218.525951020311,220.46897590947,220.270935592551,218.562901176212,219.574781525888,217.814584167202,217.232347660261,216.469585287567,214.123585420046,212.725066531892,213.695839246748,213.443364078865,215.062006102702,216.295957973938,216.993180109089,218.669364117886,218.836992604498,219.026177710208,217.843569237185,217.662264485053,218.768401427998,219.323907919654,218.929633727413,220.346387478149,220.002780998717,220.22424163742,220.184364567287,221.147068263917,219.914236804088,219.096839217274,218.883685639181,219.09466561553,NA,NA,NA,NA,NA,NA,NA,NA,NA,NA,NA,NA,NA,NA,NA,NA,NA,NA
NA,NA,NA,NA,NA,NA,NA,NA,NA,NA,NA,NA,NA,NA,NA,NA,NA,220.263305823411,221.032940280262,219.935272053841,219.489052022331,218.916597317692,218.752372158144,217.575658426517,218.907040438278,220.837957188168,220.55914839556,222.629574490164,224.076949904706,222.513107760035,219.46365614216,218.724574466433,216.595468987695,218.575356832053,217.098537919361,217.502928969469,218.49815805203,218.594403984657,219.650116025982,220.331700435513,222.491770323691,221.576009360335,220.872139948883,219.504601243174,218.070512757528,216.956079737964,218.342301552227,216.609273570287,216.192440622882,215.887745315466,217.350238782955,219.077478503691,217.773754054461,217.990877124635,219.224437376012,219.014612081311,218.992325844086,219.270207549434,219.782518672718,220.503067904927,220.279803043573,220.393034421903,222.235928175531,221.719811205314,220.842344708163,221.963241873297,221.762079826652,221.072100621989,220.48059582596,218.717242127192,217.769004897974,218.876378492673,NA,NA,NA,NA,NA,NA,NA,NA,NA,NA,NA,NA,NA,NA,NA,NA,NA
NA,NA,NA,NA,NA,NA,NA,NA,NA,NA,NA,NA,NA,NA,NA,219.691353268918,220.191314306691,219.76023745374,220.49804682829,219.603477577243,218.279622219076,218.478536072638,220.051219289616,219.917470244726,221.386249708836,223.538079310248,224.249023590935,224.700316260527,226.463623413548,224.438144297199,222.397191668027,222.911861972264,221.522906870337,223.80994546389,222.635126391473,220.449171857261,221.239218804118,220.645422609707,221.139543568222,222.263996190189,224.397488469256,221.857813162332,223.317462930562,222.828396198312,221.533777129788,219.041376121334,217.086518665725,218.131463965065,218.372556981093,218.153681534079,218.97450544574,219.783832879769,220.149994113093,220.228773940234,220.381465980831,219.236794611016,219.692549443791,219.783756188161,218.821264904921,220.258833868613,220.722476270055,221.440445111502,223.408179439519,220.593019989441,222.04940798789,222.229682005035,221.698420668478,220.907473905978,220.337824936808,220.376696727455,221.402517436902,220.036960221782,221.433107701362,222.722272431105,NA,NA,NA,NA,NA,NA,NA,NA,NA,NA,NA,NA,NA,NA,NA
NA,NA,NA,NA,NA,NA,NA,NA,NA,NA,NA,NA,NA,NA,222.589398219257,223.151235598758,222.277300576961,220.952255858088,220.727443487407,219.847987006721,217.765434106393,219.357320776364,222.658305647281,221.99611383602,223.901680566038,223.563504062843,225.317167874671,226.664740791851,226.634462664497,226.910415748955,224.976024902655,225.19233190962,226.121245712981,225.290945562982,225.395193875378,225.996742275047,224.075800130114,224.879670167237,223.070080700646,223.574998228128,223.853003754414,223.269782214525,223.170076575327,224.106691849628,222.678529492021,221.322945283258,220.265029444958,221.441287473504,221.482224578413,221.320409780431,222.208436427966,222.810542596025,222.560559654013,224.694238333698,222.813786995174,223.445803387676,224.646282808446,225.422521117495,224.082506821686,225.543600806233,225.028420581191,228.465663014155,224.433733968588,221.924896891568,221.386259673751,221.398634047188,222.949653669746,223.012745273848,222.028475573353,225.98799402015,224.385588674527,222.222232848305,221.786326192354,224.351917114037,224.868018929493,NA,NA,NA,NA,NA,NA,NA,NA,NA,NA,NA,NA,NA,NA
NA,NA,NA,NA,NA,NA,NA,NA,NA,NA,NA,NA,NA,225.433613732059,225.38819533677,225.31412343064,223.891886719479,222.478982125287,220.914496313412,222.516527887414,221.276823639483,221.106508777449,224.528843179403,225.32514601776,225.833559278992,227.384268425678,228.068168129971,228.74414627645,229.210145543541,228.399796913077,229.316691912716,228.693973815284,229.678124970038,226.727078100075,225.628602697509,225.349525274114,226.760387162311,226.527885438475,224.848217864576,226.22423140607,225.858051303667,223.749474397666,222.854958675289,221.517032120233,223.322701374973,222.44801797784,223.849064582512,222.133207797521,222.001147496441,224.545982291446,226.352390278566,226.807223872148,228.494255314385,228.930703661139,229.109502856305,229.4892437991,231.62519198072,231.365201219192,233.282765917542,233.82976684478,235.454109544661,232.004790903215,229.436962605158,227.267563627113,226.875610452243,227.214911010075,226.123826940645,225.838079180328,224.520060225714,223.336705994446,225.183529808671,222.405759416522,224.706026921417,222.489908439705,223.340583676581,223.131192768143,NA,NA,NA,NA,NA,NA,NA,NA,NA,NA,NA,NA,NA
NA,NA,NA,NA,NA,NA,NA,NA,NA,NA,NA,NA,229.822271922801,229.528988435274,228.980300492817,228.621317936256,228.26325737777,226.635521610022,226.374786545475,225.176504074328,225.703966562711,225.691615876651,229.815304132182,231.667941959757,232.51188715897,233.520691830774,233.718584575682,232.998904054272,232.822065688693,233.153228905636,233.318886899357,232.884393726614,231.0172085322,227.404670286154,224.729072649137,226.217983122743,225.854455825385,225.440979903677,225.123756160225,226.6529519941,225.098776936504,224.414595620878,223.069176113948,223.202109452972,223.170569983737,221.932059127906,224.227345649617,227.112085451164,228.696186769538,227.438847551107,229.086504367293,229.886458561716,233.026162854372,233.005173268839,232.115499038735,232.852945538996,233.643044152657,234.208772105621,236.758636146404,235.2647780664,236.091104046147,235.521636932642,235.8917946151,236.134442606726,233.850082538102,234.747884811639,232.240893474366,231.916523167352,228.456763805519,227.928583372359,226.541484872254,227.566095197229,225.345560113181,223.989493241352,222.779954371669,222.903653555091,223.153864450087,NA,NA,NA,NA,NA,NA,NA,NA,NA,NA,NA,NA
NA,NA,NA,NA,NA,NA,NA,NA,NA,NA,NA,235.420292975389,234.36308591755,233.130832662175,231.560740326413,231.084886981308,231.030775049786,230.037931326852,228.293345168434,229.305344952637,230.249882699159,230.847515642301,235.133014347887,235.026931934222,235.971566543168,236.425992816402,235.83254860823,236.447800482479,237.700161397813,237.903353234336,237.064653861361,235.147386398442,235.349580285445,232.598785537811,230.984175829476,228.618478186546,230.181191533991,231.900175427105,229.801044359439,227.377905477109,224.563526138019,225.973574167484,225.560903117691,227.311822752257,226.157254001372,225.811160529185,225.604048195386,228.44925169691,228.283815411834,228.655690061965,230.841264194465,232.205654227112,232.271570440502,231.014496352156,231.150307399683,232.521322692723,233.971706679341,234.947442803848,233.840268999855,235.351105248219,235.82171484108,234.874412277253,235.614438079023,237.725812390165,237.62557555321,236.653014650002,237.273059363664,235.397302695315,232.959997499283,231.829950784115,230.828247178612,230.407893371077,228.592908244019,226.144282292812,223.41956883792,223.535943331382,224.437587232945,225.103275447965,NA,NA,NA,NA,NA,NA,NA,NA,NA,NA,NA
NA,NA,NA,NA,NA,NA,NA,NA,NA,NA,NA,233.8479244372,233.943914805442,235.634070047172,234.207693496059,233.57700807522,232.120636563396,232.200058622516,232.584443545807,236.814235000214,238.336087938409,238.022153251927,239.009555544243,238.589960846665,236.361569088898,237.070435400636,236.890492244008,237.250445295569,239.670816997666,239.125491401912,239.976179785426,238.679206976405,237.674776032913,235.597111624731,233.250711148206,232.193665776059,229.94052562978,227.917543545679,227.511151593285,226.293793518289,226.593256911569,226.87198831943,229.120039654431,228.447823434593,227.469792551068,227.617988404794,228.529582715138,229.20134128228,230.546117480898,234.375137883342,235.100662308397,234.290210626422,234.812773752307,233.015867131124,232.950094373016,234.884995469783,234.058459437838,233.305758239943,233.487804090471,232.64377268051,232.111646330709,235.006782032354,236.141589500702,237.166139861447,236.221853077166,236.434013448407,237.554469403028,236.179254816352,237.010499467619,237.536040477929,236.621513320758,234.483331398374,234.729722590939,234.343710408316,232.88654320252,230.515536952282,229.59860353777,227.152799121018,NA,NA,NA,NA,NA,NA,NA,NA,NA,NA,NA
NA,NA,NA,NA,NA,NA,NA,NA,NA,NA,234.304342891739,235.833463295415,237.72398283815,237.594084532494,238.97901034857,237.432112761286,238.563995372718,237.980329753035,237.101713331833,236.899722658827,238.929761819572,239.844353069658,244.931266306786,242.18421488005,240.094301179189,237.916034386627,236.619989628151,238.678579345337,242.784783831898,240.115993765191,244.227912535602,242.601849975902,242.736529701191,237.819457180839,234.559217067739,232.455397105073,230.323680324435,229.627515388574,229.207988067834,227.822177721543,228.215024992721,228.174199043454,230.233027023788,228.661801253526,228.962639355628,229.60937199017,229.98187023947,230.031177249038,233.43275044333,236.304349620177,237.855767676734,237.462353828678,238.324467022251,237.488446347491,235.520240669642,236.590514342051,235.63512979037,236.775383751014,234.699271753784,234.350708324998,233.61349389566,234.204763179043,233.545124834026,233.991002084265,234.532490291111,234.335601095178,236.398286382632,236.701747071704,238.316250766366,238.906587477808,238.095994865811,238.323180047612,238.304677377674,237.565516523419,236.99543618303,235.320713450654,233.055895674662,230.32499353498,228.267758988162,NA,NA,NA,NA,NA,NA,NA,NA,NA,NA
NA,NA,NA,NA,NA,NA,NA,NA,NA,235.746089533393,235.719628832481,238.543819777194,239.698396551018,240.4744624238,240.537795491641,240.410589939631,239.597616545823,240.491560015174,241.439042693093,242.98845394409,242.601840964233,241.653137974978,243.429407546994,242.197680631259,238.942749602651,239.859919419721,239.47139687984,241.576416021941,242.699449268426,243.668782450763,243.747432768763,246.707804787645,243.266919030935,239.13315466491,238.358144189548,237.578194066404,237.100475476796,235.060075122646,231.890225697896,231.822535892272,230.108010278508,230.624794930133,228.705212734588,229.396098225568,230.552082397698,232.240272384981,231.950530057411,233.161315189061,235.09995326043,237.348043577208,236.642663750202,237.39797811057,238.178903810804,237.727122504753,236.577334386697,238.503350733631,238.888451817686,238.354600888914,234.908934304627,235.743930391181,234.419154365467,233.751169791227,234.723475171014,235.752541912401,235.342907349105,235.749738221953,235.95481139024,236.260712408718,239.0540709507,237.193801579894,238.330627767598,238.732691703834,239.191495280246,237.731448408046,238.38418744258,235.415374331976,234.335038158524,229.722969332764,229.016258357399,226.507667812393,NA,NA,NA,NA,NA,NA,NA,NA,NA
NA,NA,NA,NA,NA,NA,NA,NA,237.328614519405,237.05907155447,236.701795219577,238.375607856999,240.036471540864,241.558874236551,242.488183973838,242.350381594755,241.453257343024,243.139835532876,242.780030175122,243.726299158492,244.123184400598,242.360122903085,245.061977784731,243.2160326439,242.722149185471,242.617808578411,241.424941364364,240.502373072602,243.035485310779,244.2504575558,243.925904608449,242.178812422345,242.38484904892,240.512652528337,240.675508718257,240.622087697637,240.430057507409,235.80987319086,234.106787076866,232.412129056046,231.153891878101,229.738828484469,229.920692121247,229.816234065464,230.439819212833,231.898543008001,233.288174584493,235.401402620719,237.236946876488,238.360847097316,237.537189633101,238.005729948901,236.023353270518,236.001678168772,235.271651278728,235.062113089999,237.386347732276,235.845094745463,235.966280158712,236.154267180526,235.201463323336,236.492841887904,235.27376041216,235.176653906739,236.191910100043,235.262546951719,235.47776376716,234.094870906463,234.323449162223,235.455586791379,236.437423568158,237.939059061302,237.046484893155,238.283188557334,238.87899039939,236.708660330184,235.121365426368,231.893489361424,228.763105443544,228.541823883807,225.76249020912,NA,NA,NA,NA,NA,NA,NA,NA
NA,NA,NA,NA,NA,NA,NA,NA,237.446533354403,237.620605424571,238.779019724968,238.978504605367,241.010156822741,243.453228507005,245.486218430183,245.27084951783,244.273881529443,244.87209697912,246.249089362079,248.077034156763,247.640153474544,246.573986606827,246.235443435747,245.491997726223,243.926323838162,243.671347723268,242.398945540849,244.06512573068,245.090090565458,247.328577618382,247.129489079772,244.097193707458,240.943922191218,239.670443395363,240.663400117048,241.41176560828,239.270698681564,234.314992795011,235.411564440207,231.451080918443,229.817842489746,229.076760053958,228.153443603324,229.048833878552,228.822370752413,228.51113106816,231.74597054616,237.531527441009,239.517902275923,239.553554736256,238.295748551196,240.211755471301,239.078077635456,237.214771291833,237.493383396302,236.548309364604,237.49516432804,236.060822356761,234.99588371482,234.872500838571,234.78753721897,235.144476088555,234.071933546695,234.671225409817,236.56401625391,237.024378764522,236.920761141071,234.473283585267,235.452725641021,235.653898670545,234.549549633103,236.8111195693,237.318708503828,239.483496805918,240.39745227126,239.135325687614,236.447151127472,233.013318569679,233.024922113443,231.265753250528,228.911010695029,NA,NA,NA,NA,NA,NA,NA,NA
NA,NA,NA,NA,NA,NA,NA,233.837328001302,236.312358076475,237.65509599315,238.676136035977,241.497256965258,242.934959388776,242.49300735089,244.398710717868,246.703687041565,247.65322139691,245.311121755891,248.997263658174,248.844567372971,248.827286300839,247.594821300502,246.444372728203,246.258455899336,245.67179715366,244.698692055859,245.68181929258,245.026981243048,245.129493994164,246.514289431838,246.623569369536,245.14946046517,243.927669918382,240.560168242606,239.279370440961,238.768451114785,238.298334600912,234.704240651126,233.770948333359,231.121508532791,230.853680267805,228.440545194482,226.678267757611,228.037014230813,227.74025718699,227.021481780394,229.923654722481,233.312514718548,237.58413816286,238.761652911277,237.579938376726,238.325539074207,236.787389037255,237.003728700731,237.815739712056,238.978979503103,236.911045536238,238.068216221993,238.892706326866,238.023291207638,236.209942444676,234.915536894019,235.720435239999,234.629095945098,236.908306989966,237.395029332839,236.734176509559,238.042200308819,237.209091449831,237.292514605214,238.834395135196,237.236759194485,239.368069776246,240.595059618354,241.833212918476,241.228454192916,240.480561861969,237.573944968093,235.591637880923,230.681697274144,229.919926996904,230.313083414184,NA,NA,NA,NA,NA,NA,NA
NA,NA,NA,NA,NA,NA,228.89159150777,233.691943351637,236.264090557108,237.884987746304,240.219887341308,242.199978206812,242.522713608055,243.912530983737,247.149753766811,248.867182447997,250.50055937391,249.740242722069,248.966286023939,248.145678723923,247.394295543905,248.396508498488,246.104517049206,246.84640518158,246.334416111488,245.912276102744,245.600812853429,245.617360404592,246.832504781424,247.299312450032,246.955266842304,244.746116624905,243.280743075492,239.414295859143,237.396777465197,236.291844546562,234.80990666606,233.260850264656,231.710051376172,230.628126250671,231.949225622749,229.470984170499,228.608453365103,226.352861779132,226.952837139349,229.952536199752,231.017677048539,232.941162209952,236.232873767664,236.904244046509,238.105075715133,238.946082536423,237.43626388496,238.299897078402,238.423363517977,238.352363852834,239.552580253677,238.90975643397,239.618053002347,241.394461844108,240.891201112718,238.323556624519,236.64502238672,237.418000268063,235.56285213062,237.999189015024,241.610420979256,239.706579398933,241.080542965549,240.700876158784,239.090775320684,241.205958689364,241.620309693327,240.810241184364,240.824420717918,242.354386144801,243.365194415469,240.760083254845,236.982931945804,237.818213889667,234.676992485715,231.843473122323,230.239648573743,NA,NA,NA,NA,NA,NA
NA,NA,NA,NA,NA,NA,232.52018051754,233.492429033238,238.31907120999,240.887235654869,242.438712021131,242.669903772729,244.695577570876,245.647438422541,249.116863848223,249.673067994997,249.951084060675,250.675527756885,249.375325686157,248.314060021408,249.280815469101,248.435259798153,247.83133798815,247.597523702032,247.265361417437,246.288394587191,246.624125976036,248.408753670795,249.175726353548,245.285577044237,245.728744146399,244.169154517179,241.199895765537,239.531442107332,239.623457991036,236.112865909546,233.389103100498,231.477726237215,229.96260002116,232.079099762057,231.450515567709,231.394252400149,230.929279915601,228.390039820114,228.894926383264,230.012355856648,232.805488132726,236.910582688933,236.633927354579,238.174164144685,238.56974312368,239.345794000915,240.014900023208,239.833674944912,239.533793707902,240.836689457635,240.145176102389,239.925030901465,241.901348176077,241.8819186329,241.650825191357,240.012104523742,239.629229250103,238.892487813111,237.997568512447,238.075507354032,242.087330479906,240.865756434801,240.92178610847,243.526819606193,243.391502088064,242.410156478495,243.293378877843,243.234579052697,243.695420981025,243.658485298146,243.499446377628,240.818559989232,239.919579984197,239.657117038662,236.721244886781,234.676824433638,234.224273196337,NA,NA,NA,NA,NA,NA
NA,NA,NA,NA,NA,231.00260004765,232.730068821065,236.139106324804,239.765701407714,240.303368013968,242.903835730171,242.098504590514,244.910392119029,246.377063868295,248.657400049033,249.092388128194,249.96217421108,249.829938059189,248.539408438521,249.474014315,249.668302437749,247.680783721277,249.656772367954,249.520244600943,248.698863007452,249.557042416164,249.532388751441,249.917082645071,248.803289080293,246.369876464383,245.367107608595,243.615355615852,242.468031998018,241.974464993225,240.788885054362,240.760547717442,236.119115401435,232.722883721619,232.786327799423,231.928402733067,232.88057434412,232.313478857997,231.139541548532,230.884696340873,231.792975775731,233.525326057037,235.889844532922,238.715931432915,239.72617308058,238.854901124618,239.628622929651,238.945820444696,239.78572483835,241.02629644423,242.114881884518,240.704275957996,240.911254760256,240.82341708846,242.054418655826,241.944800674802,240.868338206945,238.988078766878,239.469240080178,238.241001066464,239.22862930846,239.060664322258,240.773532458525,240.766152050126,241.974980597573,241.495538718033,243.105005602411,244.700595980412,245.99377088039,245.791469425665,245.508807549858,244.996494207661,245.349821001809,242.391480276648,241.42532572141,242.986574816622,242.375544693812,238.757547153751,237.967465563475,237.090818602265,NA,NA,NA,NA,NA
NA,NA,NA,NA,NA,230.375886619904,232.879087165838,236.893979186363,241.956320679824,239.252381438165,241.224435435462,244.177735911718,245.196306906147,246.092348832876,248.847453175611,248.812373263818,248.21653526615,249.552114512118,248.487725385759,247.993975804561,248.891040261406,248.370232077462,249.14359779109,247.530785552942,249.089396016721,250.299240076987,251.898545891764,252.585212178785,252.427806568885,250.485775860725,247.588689739925,245.357416028725,244.203312873292,242.771182898829,241.942462634066,241.035289473969,239.370517843972,237.229973191185,234.372901873088,233.342610040067,231.621467336879,230.585274839706,230.509228316514,230.178626378334,233.118163936127,235.187392700087,239.149537963157,241.585751460351,238.656976349686,239.277754596232,240.076304022927,240.156248513657,239.133553758326,240.838067931645,239.866194767709,240.036174179089,238.615426748442,239.484066500025,240.017254879348,238.837045740853,238.644578944041,238.268436791002,238.28720079608,240.404658596757,240.105342372696,241.105139391306,241.292495131688,241.66984301541,242.496069406879,242.484116717432,242.586927172451,244.190668022326,244.221522236919,247.610251296518,246.670268900856,247.176489474259,247.742350016187,245.105384310153,244.49143004457,244.92383917694,244.645712286379,241.819964339209,239.88185411225,238.511920187867,NA,NA,NA,NA,NA
NA,NA,NA,NA,231.59577795948,231.319156731903,234.622381043297,236.328118875496,237.633078599342,238.170065425039,243.415590819405,244.480088693236,245.479189792744,245.582871846349,248.327829344703,248.12095873215,247.10747558231,249.478604920497,249.442484105184,249.201550788866,250.079797907039,248.8635894093,249.958266161874,250.603366669706,250.682485635229,251.88496685573,252.549957194268,254.033704342181,253.703391131995,252.896277272073,250.150569928017,247.042485037991,244.2090877279,244.881238283317,242.323874531764,241.098458965213,239.854895871308,239.666818160918,239.08778459091,236.589978298728,231.613907453171,229.448192221805,231.70431870113,233.403820680939,233.43963867357,236.56875063357,238.994690793769,240.336516005761,237.702250368889,240.246326020039,242.306767935419,239.879666190492,239.216477701696,238.326552284474,238.931418081048,240.284763738623,237.995449142682,238.08763498609,239.523527902941,238.756483163287,237.760907039011,238.128225203964,238.576186093703,240.34060006955,240.889433491662,241.105472489606,242.416822649334,244.047551300015,244.302857918218,243.51480278842,243.300800414964,244.810794741731,245.657615558463,246.28646925045,247.687149337393,248.156949954689,248.570821896193,247.640099621284,247.647240275747,246.081972395874,246.291144963933,244.294331750232,245.7001952624,241.243480157555,236.881695322551,NA,NA,NA,NA
NA,NA,NA,NA,236.416624743075,235.28045838299,237.611135298697,238.590500712008,237.955432457129,237.788781304142,240.582901653234,244.293496091598,245.795285137753,246.690668095649,246.881793450976,248.343605347572,248.521489756245,250.045864926838,251.723043658146,253.400717932592,253.527083194978,251.568889330759,252.368854689019,251.21762812302,251.862889155579,251.879318735493,252.012953973432,252.211603712931,253.872023397456,252.839098768951,251.175263216191,248.41759809175,246.354366223883,242.789210966576,242.975410453765,239.529561747453,237.332822186026,239.261177799902,237.770733819934,236.418535920615,233.712964937968,231.627214453253,231.748721367317,232.586818146444,236.579296659783,236.408605824004,238.454098807485,241.212918385023,239.77073415379,239.150419651018,242.692514257997,240.692792207889,238.012875705198,236.57929765193,237.222635564026,236.972178291634,236.658283193007,236.226648434939,237.871953436544,238.216001270652,237.976690428119,236.865869456033,235.960235632692,238.273965382635,240.627901668982,242.055606217683,243.460479097956,245.00536250503,245.441130354329,245.68719611861,243.294698854137,241.869387834566,242.228408195243,243.619507996955,244.866876593034,246.271243800601,244.951741982327,245.964186388749,247.132630209125,247.309449849231,246.476167375722,244.849490738886,244.068520848796,241.334281046101,240.098162329892,NA,NA,NA,NA
NA,NA,NA,NA,236.830975431084,236.256625929827,236.851082938464,240.155808020224,240.003970317571,239.779597734909,239.859113615605,240.467390248696,242.589451518923,243.795499203115,244.62005094096,246.921819133563,248.648463004743,249.612103526394,252.439366045297,253.296296236099,252.727885328883,252.702127552536,251.968940941175,250.162919963928,250.756210932364,251.652761828327,250.801691909831,252.129800625838,253.685501286355,251.950748224997,250.942266060824,247.944877995949,246.919061168578,244.895553224045,244.694187567947,240.776333648769,237.25935875701,237.123699581111,237.81059056898,238.109223647263,237.166496666341,233.371390953814,236.266860939545,236.614962788677,235.281086805801,237.930116322999,241.735680986627,242.114307389957,241.20515702403,238.563098063405,240.933249407387,240.7730003255,238.582496214014,235.608710620794,233.620490952979,234.57197183541,235.702781523816,237.318669316438,237.676749185773,236.807832170943,238.199672716486,239.162300122856,238.476757600715,239.922646653972,238.495195550068,239.747584332924,241.769656451537,244.590163420456,245.621684795155,245.183915006998,246.700155455754,246.896828526459,245.901439723037,245.909927617764,246.005006477956,246.393594825111,247.490669733773,246.044873621353,245.956208604706,245.862423774294,244.830625206748,241.607753218591,241.483653745098,243.105826515585,240.490895348994,NA,NA,NA,NA
NA,NA,NA,238.421612737964,238.808852723625,238.181000397228,239.846043628083,240.222304537042,242.247245542845,239.596222870635,239.627890309585,243.967421754826,244.324287236017,243.473117661848,243.181022759285,244.86180745739,245.483422221441,245.96640196792,250.432390853162,252.620220389099,253.745702660153,254.709614286027,252.833910015992,252.057165098334,250.864672491257,251.40469799524,250.433975077649,251.392129647794,253.031504413109,253.868014041768,249.744675166457,248.581707385183,247.909968538724,247.414254359507,243.168883549925,242.205256243255,239.865608107053,237.72039366442,238.975000273461,236.195350957518,236.091446183638,235.923575749661,236.325721867298,236.715457118839,237.626567377708,238.037210689692,239.734439980495,239.668293399301,238.583306963377,238.677366217589,238.726709219997,239.460244788397,236.738905702321,234.508788204298,232.887784788545,231.230342059164,232.421579377892,235.206349452033,237.440671779993,238.328536317904,239.122143187817,239.087090099177,239.369214297115,240.000479734643,240.446585308911,242.244092299637,243.822001156492,247.3087252145,247.83894472097,247.044014803368,247.655207512326,246.308444259684,246.939780116253,247.752045162482,249.087819747565,248.891653412527,247.486342628445,245.729945725302,246.963253943049,245.519412758819,246.442118892905,243.644062753439,243.74007093915,243.836800653961,241.564838955416,240.002329260253,NA,NA,NA
NA,NA,NA,251.174837123956,249.087471155485,250.625344849124,249.127015324664,244.1286339391,246.509744453079,245.450881520837,245.719716161348,246.129207445167,245.233052747778,245.889718733932,244.722641366119,244.84770161429,246.437976343105,248.793471307132,248.905126761716,250.255934753283,251.21494221546,252.552093124601,251.455401413139,250.493232288226,249.416906894958,253.510829919611,251.268570556967,252.005176688169,253.615354756755,252.522942283368,250.933076981969,248.446644808615,248.281644408755,246.539742780575,247.756443171739,245.655174426303,242.81834639956,238.081884876234,237.600870531299,237.104883724295,238.185089456834,236.406759188428,234.803028879791,234.535458951065,236.0093086311,235.451129670306,236.064040036716,237.693560551407,237.398996285836,234.961982240565,235.929743344034,235.588049862179,235.602319038991,233.558316252875,233.732240245877,232.947215595184,233.275920519976,235.453106021372,234.202640246933,234.834607314272,235.899519602598,237.132820491188,238.271549810805,243.377174461612,245.287000524784,246.146053567491,247.407439996427,247.784168404646,248.760957241855,248.624328303674,246.890187175912,246.885041612471,246.061432039148,246.36490036885,246.638023939427,245.884612894999,245.442421403165,245.872715808936,246.282242938822,249.443205863319,249.045118663454,245.321687568835,246.844569901056,245.360489698476,244.037344139641,241.185137708156,NA,NA,NA
NA,NA,256.107042653099,256.016298726786,254.329852160847,254.576301623475,254.375285095803,252.454921967112,252.920492455571,253.677171054117,251.058848857328,249.036718546454,247.425524094764,245.318677257926,245.962385037475,247.753443503014,248.77738709954,250.605798304266,250.662393018081,250.392346544738,251.659770694684,249.071217227734,250.202291141052,249.867931701222,248.715625005774,249.115673016807,250.414199070689,251.871466623031,252.918407204498,252.004792299033,249.330574252175,246.991938216112,247.167064618221,246.427267883829,247.935971773944,246.006793115737,241.717188239128,240.011158050254,239.264457368217,237.207731555676,236.235776265833,235.691074461912,234.17389108395,232.650328268927,234.997344885289,234.584741445026,234.084875999753,235.382689240445,235.036257093053,233.007114507509,233.28780095208,235.382651967656,236.426010180897,235.259441786453,234.35143512288,234.677701094281,234.589632443334,235.637659881704,235.927449479693,236.896608966979,238.133007715893,237.900813577869,239.147332519598,242.047611587579,244.939519036579,245.790341267319,247.469340233226,248.215901083835,248.663058419553,248.614879511809,248.70472774946,246.848049195081,247.881604790665,248.217488968917,248.269334853283,247.495316102097,247.07243841123,250.527002762611,250.886305428271,251.149088230068,249.81228728698,249.192675597459,247.596888262469,248.21904415306,244.570669018341,241.974755728849,238.631000503705,NA,NA
NA,NA,260.91463456791,260.000140245874,258.659544524192,257.236887166064,255.236359550156,255.167017229456,257.540375285069,256.904920343432,255.292337430752,255.237508508147,252.164545337087,249.299123666127,249.019713986885,249.995393485982,248.607892193868,249.73184317832,250.186987361959,251.218418310786,250.047213696881,249.545215131848,247.515749884703,247.611626374984,247.079271805914,246.355831691902,247.614412440392,249.956591917118,249.497583084461,247.957094512318,247.228869869416,245.598050191831,245.240568946865,243.18253214724,242.981256515903,242.422025376387,239.342725823782,239.179042347338,238.480009682664,237.738762085623,236.585149392252,235.058272775316,232.061935940934,235.489638667876,238.150748036501,238.15059564262,239.087858124809,239.321407026303,240.558299346843,238.388657702186,238.044798770141,234.736214569287,236.717626936035,236.816747763695,237.966311500088,237.152589125862,236.063624864735,236.521957606358,237.723849344701,238.846402506453,239.287712297378,239.812063397079,239.057616523139,242.514676649311,242.757484991479,246.528574445256,246.238518100353,247.804431036937,250.009938656888,247.697375063786,247.424977602362,247.650019547351,249.305921771788,249.464103474711,251.317691362149,251.184701332632,250.055213863317,250.757435713858,254.614292756994,253.381081856758,252.031221515428,251.669896694324,248.562526678889,250.956689810099,245.372759472623,244.80774098883,242.011756104441,NA,NA
NA,NA,261.688717703868,260.631190412935,258.929405270462,258.475262896644,258.318032688356,257.014361675107,257.178245792063,258.530407768151,257.781004342047,255.649253933639,254.885720326595,253.27783617707,253.515013969719,253.169609220422,250.771383781324,250.279084906091,251.527107950928,250.910191272489,248.788279367854,248.139278799831,246.840302341375,246.848112637988,247.412431867474,245.66984760835,247.12579491565,246.245594376899,245.624360338689,245.604182162274,242.78230946333,242.310934530728,242.365702819445,242.568036875301,240.068512386114,240.761245667202,239.922873612217,240.850901364185,241.032304277928,239.706542169378,237.737242733443,239.641825217744,238.724819918344,239.749169576271,241.410846497862,240.31219962492,241.507589487265,241.971970211829,241.247523863161,237.89907764967,240.624021228275,239.646704944033,237.804584511339,235.877692800044,237.043990522821,235.910484353599,234.36638454251,236.985221451056,238.862855768697,241.13338293202,240.649992731691,241.644944405783,241.000366226223,241.87523389758,242.06640152181,244.97119288128,246.634686949773,246.693408343566,246.601902746136,246.643633350066,248.618457770756,248.528534879457,249.962982035034,250.977305909423,253.485063079661,252.5946374295,252.501352198603,254.149856560894,253.307972870764,253.273955000296,252.812662517363,252.714250549074,253.317529566306,250.444642191287,247.079938534327,245.205743241787,241.829845634744,NA,NA
NA,NA,262.890867481347,260.702915989639,256.673221908153,257.401034136952,258.464266701551,258.748723741916,258.687414552471,260.0194452212,259.17882201845,258.533802747017,258.430090836055,256.101512286557,255.617548028585,255.130555317799,253.763325278419,252.84778869947,251.791274418623,251.15278123464,248.673439323622,247.712285720443,245.653271694612,245.888733979238,246.597410173694,246.391862527952,245.750632805236,244.320992439949,245.433700564973,244.724743858686,241.802485202843,241.735967644197,241.053088418852,240.111311103162,238.608512740865,239.848933149762,238.844183638857,243.442970282092,241.408086446174,240.453745455048,242.951405074831,242.714131033572,241.542721865472,241.111359103377,246.289299690045,247.052815156088,246.938409723137,244.27183668942,242.662032949872,240.467092121696,238.627028769791,239.177682303656,240.585267012351,239.122152538063,235.566297688494,234.881141317285,234.321532785107,238.214106224652,240.652597209856,242.598808592216,243.259867075894,241.753756304908,241.535308912812,241.294867437296,241.256362117901,244.404833412959,245.20159391414,247.081628971701,247.786325012354,249.298335426836,250.556012693702,250.053835301905,250.217881385454,251.135264927748,252.302485724184,252.581922001783,253.761211254268,254.423772844562,255.05970133233,254.817730832717,254.769626854621,254.13236919346,253.902532631153,252.996020844394,248.745396346071,247.467204268093,244.598195827548,NA,NA
NA,263.146159641638,262.682766673301,260.175034414804,257.335118622302,257.771253887211,258.219251192865,257.179169903386,257.435210354789,257.772017323355,259.658751573634,259.875003165005,259.825328520241,259.20889465576,258.675471072274,258.127609237832,258.718532887224,255.999398019196,252.771356878932,251.201735462333,250.104499948209,248.503595039782,246.154454435658,246.564455259414,246.705435312742,246.985206198054,247.160124226941,245.988122923941,245.333253016558,243.124263725338,242.343771253405,240.107399787389,239.826578632604,238.593902490477,236.623720655835,236.585003689649,237.361254717807,240.11706316247,242.420174371679,242.430423005098,242.492421033487,242.698917692172,242.826391083069,243.37445401218,244.196245435311,244.910299852849,242.909185719373,241.43267412694,239.525075915048,237.787457197331,240.409385982932,241.050154147052,239.366814506661,242.612344804356,238.341308899927,237.790452950273,238.660004572534,239.218198482173,239.36083151677,239.616847449107,241.480401492141,240.93050491916,241.857664332704,242.559314045175,242.712562918463,244.383851664272,245.216787468075,247.723286890117,250.277839587718,251.55074714336,252.039170760415,252.942797612515,253.758927771705,251.520769824754,252.087573548145,252.493802431261,252.234532303238,251.109501683042,251.303629635437,249.675179652896,250.316060515585,250.189205664159,250.797024263968,252.37432280362,249.472216691092,246.379984714899,242.188005316699,238.349553060332,NA
NA,264.089450903491,261.578830378427,259.726106350126,257.980174756324,258.825134163258,258.527286334308,258.334506738454,258.896406813815,259.058441908499,260.088945364216,260.069867486425,259.65195419934,258.285316441214,258.510014286029,258.502341991055,257.041321661704,254.997567626521,255.568119485206,254.782136385352,251.915985666185,250.837852441879,248.706069995795,249.817945976852,249.239741436245,248.308149785174,248.43441233737,247.209806944613,244.519982712751,242.373665083307,241.61045986027,239.07271775486,239.592426787614,238.16101609216,238.116194228491,237.578299039056,234.985681300718,235.244009568457,239.481807322969,240.50039469079,243.901480500835,244.048250355484,243.913791469544,242.479387067968,243.366486839489,244.74333517531,245.172230531668,243.297815504966,243.372196254402,243.684092306075,243.519177013061,239.578627238937,237.821091776107,239.298703395951,240.328516260345,241.641696272957,242.375851027467,241.789026824985,239.849012752307,240.893981913516,239.435813062755,240.051865888242,240.854490128487,242.372739419021,240.365114397757,240.797221379627,241.318879443149,243.941275710162,247.535832016826,248.616991793047,251.00107741053,252.622276093929,252.833566520964,252.166909987475,253.312469392521,251.931231168302,249.446040844802,247.023440065493,246.277776064816,246.751311935778,247.599238953163,247.264574764409,248.58936049488,249.242266655614,245.46809034558,242.225227776231,237.578310590065,233.096887373702,NA
NA,260.599259481892,258.522475422632,260.418123328963,260.615531329326,260.98223784713,259.412442740452,258.741331993549,258.825620376326,259.098107274505,260.528845198222,260.189616191696,259.472516964501,258.116931995801,258.113795869441,256.797548288314,256.273889719614,254.295146644495,254.18944706712,254.152976984566,252.453586340676,253.808994555167,252.554345891994,251.862678512891,250.690167199351,248.193314934976,249.641938742532,248.827854953722,246.103229724825,244.180022890165,242.771763624091,241.995463920042,239.3357006651,238.188249517656,237.0416634672,238.562055086742,237.03393892621,236.275319257089,238.514846530105,240.694317490887,242.283059783675,243.274970191766,244.249061255439,248.722849270562,247.220692476506,246.861517742211,246.903567854516,243.203648215908,243.238561048529,244.091555627495,241.732746868641,245.13897145099,242.819066674645,242.630212637123,244.587108501789,243.389963282814,244.976510413513,244.46177779704,242.66097728628,242.031486870681,241.39561815609,242.44897531918,241.562745866702,244.39834354723,242.287265296644,243.645973369732,242.513194787927,243.696989475742,246.058144962974,247.584878578617,247.323620879456,247.890937135277,248.803682959545,248.492707359666,249.305284040917,248.536829423059,248.831527302411,248.522847640062,247.564609003007,247.527166741931,247.504621250114,246.474336041437,245.488663575103,244.781863843025,243.220394818488,241.233036500676,236.740446661873,234.683715516235,NA
NA,257.185856519123,257.214974737806,259.743609152726,260.134585615055,261.032401509809,261.346163161398,260.726556003169,261.811947706579,261.701422286221,262.85847222306,262.783443330616,261.650569065409,259.682123856669,258.007391310404,257.316895166885,256.693197652361,254.27496872396,254.333172947636,253.89847514883,252.211805524489,252.151604612415,251.988226689616,253.448673038667,255.925076160812,255.046270376052,253.83144929004,249.888826654072,246.991148814393,245.644755787892,244.590069980694,243.899699823436,240.614893956333,237.815874510551,238.734546502911,237.524220220211,235.169703330889,237.183707885336,238.381518874383,239.186571621418,242.930157891208,241.839623108852,244.297914564888,242.144640095971,241.273367629542,245.781060513969,244.887812165301,244.472644610169,243.779898847535,244.536928800498,244.489527685683,242.084757268825,241.515589339162,244.97375418216,245.188821759984,246.532763360179,245.156893039111,245.556782204369,244.625357848555,244.884072393969,243.138285852837,242.289130872308,242.788133831096,243.221616931522,242.560909806265,243.290349613984,242.972350627157,244.325475101942,245.156491137638,246.785794786506,247.834559067501,246.91421505999,246.819264881821,248.250429546999,248.353389062083,248.23204472072,248.948266396137,248.225032343762,247.265870095774,245.842478800328,246.114702157638,245.72323586732,245.575778989027,245.208091684766,240.486705535641,236.734516292644,235.494661569804,234.193440842975,NA
NA,256.426963257016,257.273697729146,259.336686958326,259.926483026673,260.317594398828,261.394094340701,261.94613058591,262.476254518596,262.712916215681,263.445620242801,262.13504973973,262.396243417601,263.187496580087,261.979818321512,259.804679660078,258.650589780745,256.768553223704,256.021121265799,255.313560127724,254.17656808113,253.182139845023,252.801147190289,253.757710576673,255.655276345639,255.286789860089,256.823858953346,252.538321443194,251.576420468114,249.499463510761,245.147370380473,244.811374924937,241.504019721989,239.647240602263,238.674853830672,237.114355256207,234.86767109909,239.06273144696,240.622824905489,240.16412233983,240.28688662349,242.940859232321,244.068591348413,238.12386791937,239.426677124951,238.972595100667,240.706348271053,241.673552768429,241.722945157084,243.805941817577,244.726259823522,242.701889305357,244.174097112074,244.022160799817,246.245671882241,245.425359042623,246.34959326068,246.062355985125,246.105531857835,246.043181198227,244.842278465162,244.710112799518,245.091448720418,244.646635700464,245.248815915885,245.329211103563,244.11103043758,245.208009019994,245.754971360046,245.584136937092,246.921268600659,248.019721962768,248.325928894279,248.216362402285,248.068001304667,247.503540349887,245.957721474314,246.249965854757,246.805658687964,246.76715427266,246.3240778596,245.253667882376,242.569858829426,241.177192238931,238.77334344524,236.564652898239,233.573092151566,231.677335343209,NA
NA,257.102134219793,257.188971926798,258.998356122879,260.097660439105,259.352305205378,261.271714145396,262.255822135994,263.378026498383,262.906894932739,262.508326857659,262.515257060935,262.907876133026,262.470192016238,262.200024761123,261.85700822967,258.473054752913,256.586032326627,254.967314867223,252.99252361828,252.380251981269,252.800869895537,254.401118312346,254.411615384223,254.622193337752,254.622914832068,254.883511203099,252.36472431981,251.778998523416,249.387847404841,247.470745711253,246.873103641199,242.666467590288,240.065782072017,238.220366743124,237.16149979935,234.625148404213,236.418798025707,239.207149970229,240.705498878181,239.908274435263,240.490855669741,234.360893718392,234.420579751963,237.519725437385,236.468853161461,240.043076400458,240.62593757999,240.306570888435,239.602214771998,240.353896382124,241.280201829764,240.605716882607,240.107884176893,242.70463474868,244.550599929499,245.111131982394,244.02464603591,246.153068067881,246.777387219918,246.174431916925,245.783649046334,246.202502016128,246.414383282024,247.764424280675,246.940921529639,246.38055505906,245.999451766992,246.282552705192,246.74398607581,245.884845780902,248.69840763707,248.253053408248,248.41921382211,250.648063480594,248.849888224162,247.189173424559,247.181143580041,247.108971433833,245.611605524274,245.668859267537,242.495521360627,239.659696948209,237.409095484319,234.714572897442,233.181666762184,231.345928946222,228.30204639586,NA
NA,254.055977695889,254.424955716684,256.695098192594,259.382353802412,259.605364026986,260.656114650355,261.459920719573,262.17147018735,262.755634400788,262.865052556786,262.257437447507,261.905050175998,261.633564109654,262.584748806207,261.58909765108,257.875322394774,253.855540220983,253.120644561995,252.758403825878,250.930823698664,250.718792713979,252.404018276002,253.108418556766,255.102913301004,256.029210558746,255.571946869276,252.756943287622,251.082228893165,249.596047998648,247.65982973997,246.988782962005,244.364434171488,242.037048413561,243.586610510122,242.881651048449,241.506015700405,239.242217533254,239.421860833829,239.710917294465,238.308081057023,233.186750077856,233.094537132955,234.258229141064,233.837141181433,236.149874423364,237.583980625763,237.948528648626,238.335246311462,238.340392353211,237.777757027991,240.093095958052,239.048647576357,241.049294467823,242.598685424996,242.047769026213,242.077303185329,241.957104346282,242.349770484138,244.966553941548,248.514655973826,249.062290640367,250.23834918885,248.883279557761,249.417036465934,250.352374614593,247.676395881836,248.258155647803,248.030665557303,247.285969218825,247.40094331762,248.13265073444,249.020849882308,250.124131705614,250.385291475274,250.280561596749,249.135914026473,247.686916685322,247.628871707293,246.953065376042,244.893318364647,241.218523039939,239.693401642755,236.287243305245,233.315529860942,230.013902760361,229.455594069111,226.72979089541,NA
NA,252.375787057331,252.925364659861,256.929110773074,257.566958967945,258.695631114958,259.415632130483,261.00903788479,262.486687636023,261.353086889817,261.100851429261,260.657921471563,260.255206001318,260.593972865423,260.355446851085,259.64782949649,257.561442133402,253.802906827567,252.227557230858,251.774245201479,250.747109705777,252.37097061077,253.676917117331,252.652081405663,253.279932105119,254.756302394055,253.870872459971,254.671294402969,252.516181312204,250.002059813606,249.606527824123,246.951853784265,242.630404951723,241.68225217905,242.424230476301,243.558992307228,240.969851717057,242.958704291325,241.994456799444,244.475889110685,241.138920038922,234.087935788811,234.30930447989,231.730849594347,235.621299310044,235.664503135436,235.444528568485,236.230416199067,234.901846790759,236.1489750935,238.211349450404,239.223191522235,240.656920901825,242.00492491563,242.39855312789,243.881679537375,245.01816525666,246.344657398685,247.413131834279,247.834075919425,248.673799242769,250.194139520481,249.744863066924,249.755080558128,251.115041284676,249.301841988211,251.580594910794,248.918472250969,249.148884405626,249.510392525375,249.272769270283,250.534093870416,251.082658775524,251.618699474148,252.177368213654,250.897240886544,250.555245967629,248.893960157224,247.967922923101,246.439466318227,245.123455125136,242.025612157146,240.518886658341,237.766639267124,233.838834634854,230.86719842864,226.973055904301,224.775952991544,NA
NA,252.716186807843,254.334996854084,256.218117455332,256.800793732878,258.492083074559,259.945502273703,261.594734235794,261.757249556729,261.653463276067,261.352182143301,259.455629005795,259.213469813574,259.460642600014,258.168916270158,260.21655111774,258.387372720823,255.74933091888,253.244348604641,251.216426225144,251.805118315125,253.681699286664,256.378855813542,255.43446196445,253.447125024764,253.129055824474,253.177851408148,253.103282570272,252.425371651916,249.918081008507,249.45204796565,247.743916630173,243.454345074289,241.811942312681,241.333542806485,242.808882958454,241.353006927355,241.869995024271,243.074420720764,245.565919915393,241.711238108262,238.915058834089,237.043782570342,235.88146987731,237.144615181114,237.957290253313,237.62984211341,235.109965145095,235.551070432194,236.092210688579,235.441938893768,239.851441849418,241.991326277026,242.241948764239,244.040372858243,245.953071143909,247.805686315187,249.591941560936,250.4997915297,251.391145904642,252.336628647411,253.751148644717,253.088085157711,251.594465160192,251.666755539295,252.535165208552,253.733546015167,253.126540155434,253.514577243589,251.614625208896,249.693450731497,251.434840906397,252.633680004027,253.170549536401,253.640133110618,252.644035679947,249.949969894131,249.096246784278,247.366894668412,246.636785285818,244.845896739942,242.991729058025,240.933581838796,236.629796981098,231.94874770246,228.945489503787,225.318693103523,221.828085853106,NA
250.424985597671,251.523670913225,253.066977330942,255.70764804429,257.269049736735,258.154799419661,259.095397619667,261.509286844265,261.887338365761,261.210589920996,260.669989908338,260.206678241846,258.609290924697,257.272815520042,257.643395888907,258.225368821499,258.595470841932,257.762945885896,254.632768682675,253.777719209335,252.599545435654,256.234725562027,257.089244102709,254.942786898101,254.98288482977,255.833826878698,254.072816590298,254.929168343605,253.280281211512,250.463850630232,250.039236136029,247.610161858739,244.371361496489,242.621357551989,242.306435730138,242.824993830046,243.039821524068,243.447446824465,243.217123904287,241.780426789614,239.779899742324,240.780900808071,240.112128785069,238.945322440834,239.009460054645,242.469494075553,242.827832514234,240.687464962849,239.116964030398,238.746599216219,239.841652053053,241.423089689865,244.073780154217,243.66020873072,245.937256442692,247.411766095122,251.216807083161,251.939890210375,252.891951413002,252.368711094559,253.486947651972,252.866205542361,254.268878664383,254.73278954393,255.746794472373,255.506617731348,254.165878276841,254.490108767977,254.95311303289,253.67622590996,252.353703010317,252.865193229811,254.698928586323,254.864353489539,254.33569762869,251.565876527454,250.046417979661,247.034276832182,244.670215592235,243.258251707831,241.824358249792,240.047359088252,237.740808673881,234.110099935319,230.56145401341,227.304647637406,223.784229877729,222.092681269223,219.795826225253
NA,252.747019562833,254.027543246633,255.067640583268,257.77972265237,258.009416171029,258.754276452522,260.226590709762,259.524340783895,261.840996415683,262.221559932023,261.014943421723,259.502328253487,258.253281196104,257.495778106218,258.754927504712,259.272657234942,258.659642588989,257.658762288408,258.396326509053,258.041832626343,258.282209445573,256.579624687658,255.897377771741,254.835924008546,255.173062730187,255.87042460745,256.584197649793,253.597045666,250.177395367806,249.049662870417,247.561053959177,242.746617423242,240.47783312695,243.289096557623,244.538114011853,244.553221288888,244.472333134756,242.271862348902,241.522245015435,238.281461669833,237.651419063082,238.698751027886,242.563705108638,243.212032620025,243.760014402708,242.211354442064,244.981752718916,247.610322330652,246.451467811468,245.956487049495,245.245120756963,246.189338130623,248.524533661355,248.345491355275,250.5655197607,250.151248244577,252.626014213047,252.950794939984,253.234313048945,252.458461862525,253.315366536259,252.353538491785,253.41988831388,256.156401247095,255.426284430912,255.393795549826,255.456951327499,255.402906207599,256.704562169423,254.674335260511,255.24034946204,255.653389466721,256.883021434466,255.138749749631,252.699871568623,249.106080687295,247.207046490377,245.234003282247,243.956109344891,238.628204229394,236.901151390198,234.80506126488,232.437703906805,229.010851495178,226.048936464556,225.503971572775,221.961168217305,NA
NA,251.877244466331,254.419936354809,255.801673195077,256.288932991696,259.038071664065,260.920070008808,261.39957993644,260.951409041791,262.489567296449,262.723802387589,262.518556258265,261.913981867661,260.919978196546,259.593714849761,262.059532389287,262.009771847837,260.433047525096,259.675498339622,259.247192661789,259.20650534237,258.801553262871,258.296063741178,255.151267516533,256.566734617689,256.692590746726,258.035380428654,256.442668868791,253.00518444783,250.660848133831,250.138393375586,247.978580379694,245.736894809519,242.078657593833,242.979374126171,245.613534637814,244.489359752872,244.326308138799,242.272960564062,240.081259604521,239.904343244446,242.161598301514,242.344587182045,242.326943540414,241.701646012947,244.865102111461,247.223259486784,249.048190424073,251.203772581016,252.454815281933,252.227562574915,249.928976067118,248.35931002512,250.029755100821,251.355070470383,251.915289606955,252.207260864578,252.468696544121,252.869121922784,253.696730659684,254.292468170321,253.127925972506,252.965211091752,252.950656743609,255.215294422759,255.121032173691,255.491845367167,256.958053541196,257.311936570539,256.948151696095,258.055146355924,257.735637868206,257.299603832552,257.184027347466,255.581266648578,253.293987902422,250.144934674149,246.553419149134,244.961575842387,244.386412001787,241.495301683588,237.55332718779,234.321756610749,230.742587226681,228.713322609081,225.095750000699,224.499489371516,222.191260034457,NA
NA,250.270871107497,252.207641798818,254.379216345309,257.215636311208,258.107545084699,261.054514908161,262.226998125126,261.65368772913,262.945460389474,263.548841193327,263.980185456064,263.241089762532,264.066016426374,263.270059665236,263.649278693624,261.825811102497,260.551069573967,260.74955909009,259.67664530218,259.860615846183,260.810474341344,258.977979619729,258.274200347454,258.417657027385,259.448524189838,259.04177775317,256.553614866883,254.366149809091,252.133591266408,249.336220533197,249.588604368414,244.924472051128,243.696253289908,243.066485117981,241.936412841384,240.694765831898,240.142205919776,238.388016189643,239.69941231806,242.193084074195,245.59637070558,245.992710589036,247.685523511855,249.569368563195,249.493518804093,251.336011548762,252.617868106292,253.643399186511,255.142392088908,254.915080115345,253.306430866431,252.209375833462,251.298939549524,253.394319028288,255.074875443011,254.058495855903,254.494093587261,256.230185784252,256.220664611559,255.941198525337,255.473362443887,254.917947509175,253.450988410535,254.503930524862,257.433780998434,258.305426793678,258.793390898152,258.586649811512,258.326803278667,258.499483524552,257.779480965755,257.682568451474,256.767828731632,255.387601903106,253.208725451804,250.690842058252,247.003013382136,243.90923216253,241.704927803687,240.060626254012,238.535878326671,235.961803740464,231.730509385734,228.740939779992,226.621848812917,224.710409897122,222.326313228317,NA
NA,249.194791937762,252.217954379905,254.865256554628,258.009766134173,260.439810865535,261.738895747264,262.826649829824,263.402963385613,263.675882810524,264.143658680154,264.878938571866,266.021276934054,266.944497710353,263.987850195541,265.591693649383,263.093284641856,262.246983690897,261.520827152217,263.443278375383,262.04692984353,260.621852128765,259.998845015012,259.797340357619,259.007071971563,259.455779169472,258.653072942088,256.356607619755,255.69214153479,253.605240299133,250.604746859103,248.206764172734,246.494456809738,242.008450816904,242.017751258365,242.776837539083,240.98868492336,238.257614600347,236.926768413919,240.018621834698,243.391565110494,246.043831302895,248.740437391385,251.644927186558,251.338577012721,253.270771297662,254.24461334398,257.744173786881,258.275016609052,260.164289106061,258.868615817878,258.468834305572,255.555001764414,255.156883382018,253.89326780766,254.737675643045,256.988156810008,257.70581291262,258.848439550489,258.780415844903,259.326928215328,257.28046191492,257.637626979791,256.307266098832,256.909262354239,259.299821098631,260.161615639223,259.066488716341,259.327762294024,258.301686160793,259.318488018801,258.531545062574,258.226039123928,257.225674406742,255.455859351842,252.246861725338,250.292569332856,247.158215430155,243.731928893235,241.475821887021,238.3785336993,237.523285913632,235.406648684582,231.198751727733,228.093663177176,227.034243003082,223.481492287316,221.733520403692,NA
NA,248.641498435653,249.877546861436,253.738838287995,259.770246510299,260.721071619341,261.234455039052,264.033793534899,263.098737146986,264.386611259649,265.287657399439,266.208321629575,267.676945578499,267.586485197433,267.605627479898,266.271814221509,263.823210959653,262.059507302366,261.726796303914,263.363490496597,262.713084065435,260.71529375167,259.218423950086,260.678638683907,260.276666174301,259.512500141031,258.859270303544,258.40428729361,259.288204169479,259.481854607417,257.01121706172,251.009830863307,245.981782522328,244.368849021832,243.686880467229,242.099117575757,238.64425688865,236.973396384754,233.839151221992,237.787875842585,241.376410463476,243.257761930185,244.648439014184,249.313557342164,251.362275307181,253.215749674757,255.057866425391,257.756398658782,259.87006381087,263.65148467259,263.72909925679,262.061671988641,261.227510378364,260.968629172038,258.84238250686,257.274069507393,258.141960066502,259.813988806018,260.118414459523,261.141066703992,260.816774664973,260.002584929113,258.919358849583,257.9504767089,258.81966708046,259.70855673699,260.874147077024,259.718457047813,260.275891859855,259.778643490946,258.822557213685,258.470756531908,258.012731060494,257.038401801995,252.291713648897,250.318426554019,247.853466568033,246.59161712794,244.337741958257,243.235169185676,240.031111953647,238.507748717871,233.935660728165,232.300522198297,228.840895419076,226.275270456729,222.810351480194,220.831041043454,NA
NA,249.330794309486,252.004889033676,255.604092876763,258.137191556784,261.33388006763,262.696441775639,264.576318213567,263.489122245447,264.806299389221,265.53293083877,266.960857624313,266.854529505767,268.765325048961,268.594273321953,267.555515819622,264.400852050834,261.980794978543,261.514368690244,263.356627855928,262.296665636124,259.695224114184,258.674619399675,258.042650887489,257.822373964781,256.966936451001,258.491002226159,258.654259256732,260.150162691008,258.950713150002,258.018697630051,255.101278427024,251.853085170092,249.719172592192,245.367229548731,242.950606789614,240.951920303688,237.527777194181,237.372017893446,235.436906490041,240.082094217555,242.317791001005,245.369755838008,248.454164834698,251.274873395038,254.478059075851,256.097615225162,258.301156890681,261.271740060371,263.308462893609,265.368731206396,264.31309057851,262.988522629358,262.305302054594,261.768910364676,259.932686655862,260.057802414392,260.163345071045,260.820033372803,259.935737652046,259.415063867332,260.293308732386,258.400901153167,259.032448471401,259.065240190429,259.896928054634,259.861243119859,260.956619706458,260.045140419933,259.671801603318,258.642155731446,257.248951076498,257.609319362733,257.006021613619,252.456803760684,249.97617347339,248.580898143323,246.310372107782,245.554762117953,244.88554711349,243.97732767767,238.605823862734,236.802348381414,231.804738307341,229.08264958985,225.502152096233,222.281536887571,220.987194537317,NA
NA,248.756938160503,251.195404108244,253.933810762196,256.317724372932,259.350789972759,261.465789770857,261.593583633566,264.021258977909,263.806840335667,266.70117335891,267.633857399712,268.057816101454,268.180790683436,267.846125788944,266.534941096855,264.597178798092,262.038911063775,260.71501771886,261.432926727618,260.167236889082,257.416117503485,256.452590873001,255.64685392618,256.34430789198,256.890662405717,258.891018861465,258.805642497046,260.404186778203,260.06195220763,257.525850125222,254.893803480519,250.309616653337,250.088609701471,247.697043344366,244.849152568015,243.232831920041,238.630868026984,237.966004112235,237.940949031841,241.615208438483,245.290078385121,247.252536639997,250.614814502211,251.566384344979,255.017447101989,257.860607339801,261.526313232526,263.101301430173,263.910558097409,264.487822228247,265.118483252613,265.21147802999,262.554576637246,261.372342276164,263.148105810706,260.954785438676,261.724512170083,259.685665115395,260.077936507078,259.857272335739,259.066477763743,259.427000708204,260.807851883417,259.814395583351,260.157002056025,260.137605824187,259.919643355131,260.653581297661,259.854157724577,257.888833082599,257.320924561406,256.250598308064,254.865082283426,254.16500994853,251.084574491577,248.826233536066,245.793461093568,244.128641731561,243.295779055762,240.874859284498,236.679826138316,235.526513372674,231.769699140247,226.934470678307,223.337335591973,221.273668764836,219.746449412271,NA
NA,248.323706851908,251.541670008466,253.101696445349,256.365189743454,257.909071425541,259.838148297408,262.343521980977,262.949385124826,265.209734296318,266.888903939502,268.448368317705,268.947331333684,267.54227199332,267.02819248246,265.436290520047,263.381993697246,262.13171122116,260.713067654106,258.596560153617,258.073407303572,255.86544637594,255.566525546096,254.941597844444,254.041629502082,253.123748856092,254.669001084807,257.01860765214,258.330700061203,257.019009508047,260.324618205161,254.855134398303,251.212847916568,250.513296176791,248.490018273329,248.227059795093,244.615490014094,242.05427000893,240.82785881691,240.779283103514,245.093826504521,248.179610742857,249.404417152473,251.125877579848,253.482942485811,257.361626796954,259.692394316736,261.687422750947,262.147058350743,263.539390052334,263.130577313667,263.964690683789,264.750017835486,263.104173868622,261.981258845807,261.822093933979,260.245833686047,260.270193764833,260.787763813171,261.119861629275,259.618015675833,259.443248801891,259.444632628897,259.236584083861,259.94118758149,260.200118940276,261.03645482126,259.444046024612,259.495447540393,258.290125311644,256.880293864653,256.432557930411,254.709679293973,254.401375368817,252.748473207608,250.348240567673,248.233040310044,246.086995468346,245.152431600402,242.593149937757,240.778702511428,237.0006330498,234.072234863875,231.266049497688,228.724715797412,222.996636950933,219.709489431782,217.428890529279,NA
NA,247.715740871539,250.540721567323,251.326536691264,255.415865458855,258.14083190893,260.883133928387,261.551094077067,263.219370918311,264.612452522381,267.754336086691,268.7634259504,270.045106333393,267.834850009759,265.781287744575,263.489522170532,262.73149445935,260.501540587973,258.148721684354,258.00484447159,258.348177186067,257.105614343462,255.412459943778,254.40525730972,252.315148058306,252.203013845224,254.392586959084,254.530685570343,256.422507850428,257.398180706408,257.760856782589,255.913876038955,252.75535414736,251.063937046671,249.492883401051,249.507104399594,245.545069917412,244.291725646384,243.596413241933,243.27784103491,244.874445889372,247.845035828353,248.519382201977,251.952886066101,252.863015788785,257.329904418115,257.717204975596,259.566458253983,260.832826660233,261.18425486709,264.304072582474,264.340818458566,263.259113505575,265.395533176415,262.387464275915,261.630509738424,261.208136250748,261.063992848998,261.354425967173,260.900205689482,260.220889059275,260.732186004419,259.601741408892,259.391957581011,259.638619252117,260.597154790749,259.567585353375,258.273309011792,258.029357535605,257.348670522859,255.072394894832,254.536929362555,253.02414840791,250.722811013536,249.467579731107,247.457817560454,245.124615759233,243.808178001788,242.510524071691,241.514163514469,239.791020373243,236.4835893564,234.555473000186,231.362111221637,228.176789639413,222.727795113974,218.447168306679,216.757147249548,NA
NA,NA,248.845254675596,250.464894692808,253.598075907068,255.478379728275,258.592120432118,260.0419179344,261.597959900081,264.167194276472,265.027228758612,267.764196790602,266.908569544459,267.400985495367,265.147479434713,263.241544801595,262.958214632734,261.535920624198,260.071482180928,257.123107620224,256.7293883657,256.563154428663,254.299085664424,253.489102327733,252.410920569485,253.163602611655,253.78355606555,254.800879906852,255.626898795596,254.391296432644,256.506956520477,256.265517258706,253.202512806788,251.232481465138,249.709976075142,248.645775619962,246.426555316732,244.894139475246,244.328854135558,245.781495121522,245.529921830531,248.419650426956,249.922978213995,253.491237897945,254.018934260107,254.879004611696,255.987919871568,256.753489453222,259.680358960942,261.792343081932,262.512343794318,263.02168779719,264.350774703626,265.371627112955,263.969142063301,262.613947514999,261.745172708288,261.512061218159,261.708795996494,261.228713187738,263.254062411965,263.810454868861,261.668254282319,260.660174129561,260.146542344726,258.755161789549,257.885560569076,257.12307200704,255.968358432005,255.747287115694,252.097640499067,251.773343643532,251.183143389993,248.096594215747,247.010656807594,245.288292090516,243.383222502409,242.803803512176,241.914476774649,240.991548551425,238.255935377617,236.395340405418,233.511344804896,230.910996734456,228.550240294362,223.01077256578,219.546812246374,NA,NA
NA,NA,247.734548807732,249.937336284941,251.336487393629,253.176808730178,257.058528486255,257.555459596941,259.757753082955,262.441818898253,262.255833714767,264.470054669436,265.566954066387,266.896768762083,264.538904908283,262.065495121666,262.388820633985,260.06448783213,258.250247726061,256.677100284699,256.117204733499,254.872422339023,252.522913247178,252.069764681784,253.84755290194,254.234585775818,253.695435548332,253.415223626066,255.271883705655,255.655031164762,254.119159573749,253.456810829376,251.568191974205,249.404948261147,249.44112592822,247.485190733661,246.30742837709,246.306797924209,245.829481920402,246.7244282355,246.707733110057,249.284820682347,250.735576048809,252.215935217023,252.476834667832,253.622442375877,255.639889974483,255.889196268964,258.65541726257,261.499694795894,260.854197312896,261.671570014066,261.136738364864,263.099800145909,263.532381715439,263.496914162533,264.413424755268,263.027150805924,263.461371969729,261.401013939166,262.310264477924,262.911615764287,263.168954439897,262.70081227523,260.832155224294,257.334420395902,257.096020378025,256.980718501561,256.168576032479,254.55030524441,251.110039491204,251.607825549003,249.561563312127,248.209573216865,245.636006002068,244.553809865468,242.646068919474,242.025428022368,241.563028125292,241.669484802369,239.005339162273,236.477348730122,232.828698232719,230.479299051927,229.27320589301,224.025702302571,220.508344781025,NA,NA
NA,NA,246.833346911499,249.20937950531,250.406071282594,253.596692984565,255.643596447643,257.745950698841,259.468340329257,261.098204134291,260.88429154366,262.889661573641,262.978428515029,264.002693436302,264.307802870244,263.404737707473,262.854294261136,261.301856843454,257.752608992701,257.277333904678,255.993433870167,252.705238565541,251.744675891873,252.53285406775,254.433764008274,254.860922343849,253.934809124449,253.012810054399,254.163243849419,254.948273383855,254.720540130458,253.653234444512,251.695162229736,250.197997488372,249.0620957488,246.647317732097,245.869206179733,246.29745101657,246.806623043541,245.61322926377,247.650896192123,250.577327845305,249.854534642741,250.903545311762,251.729846973274,253.437490495082,254.460883740609,255.320816576976,256.686322519047,259.888188055765,260.012942963296,260.030443302342,261.454211922273,260.833809869233,260.817316667532,262.277501033173,262.927389885433,263.37051697314,263.805652865518,261.691783512783,261.752903249661,261.507547426222,261.166091852903,262.145025701958,261.780964318599,260.480351945818,259.148972913708,256.226220651521,255.76604446294,253.457235642094,251.742067535583,250.543125931789,248.700229155813,246.452458863133,244.575911128295,244.134889306784,242.781690110846,242.768776427431,241.330225932919,239.958723950298,236.616602252289,233.84649661514,230.286062095893,228.929131259478,226.91328586281,223.875721308635,219.602643122915,NA,NA
NA,NA,247.579447119347,247.919089789397,250.290154998075,252.832570292052,255.341129358664,258.529280651992,259.651176789667,261.288694315493,261.654659921048,263.432225161503,264.799027549329,264.875401913094,263.830733115276,264.010258149655,261.950091570217,261.29806007239,258.819570153483,256.198852221694,254.235662416841,252.707515255523,252.763358381289,254.369705709915,255.119879123765,253.257097801453,253.719310869795,253.471984112483,253.590455168792,254.893971399037,256.21293202635,253.538129203937,252.082612791408,249.305568441861,247.037885527913,245.809953665432,244.892141056626,245.977009005216,246.512752783864,247.455795083907,247.613171060159,248.188566252492,248.533979035339,249.877354291381,252.150189032637,254.819392760865,253.647414921272,254.860171809094,256.131035686289,258.405724682755,259.069824125978,258.855763053364,259.169837783995,260.981687819407,260.527014756657,261.573135605634,261.99595574765,262.289072647719,262.765506005363,262.676646590779,263.351404310806,263.516386901436,264.250776648697,262.538484556609,261.29619209146,262.00822936338,262.275846234828,260.167119342448,256.423168983595,252.361172671762,251.972934111909,250.222492012176,249.043032831048,245.845148413744,245.610296764307,243.789265395483,243.332057394382,240.80541767592,240.473881162597,238.201715336787,234.950207526662,231.271160485223,230.287644694415,227.937354078353,224.435154527077,223.077190584645,218.251007351949,NA,NA
NA,NA,NA,248.811308659255,252.029311888652,252.780483341546,254.692167032936,257.069103369016,259.110230691758,260.170300846757,261.211940874073,262.359139069241,265.735827091144,265.912569575988,264.630645059354,264.121659267057,262.466642859615,261.293535370655,257.46673399547,254.534323387627,252.448683528289,252.504020789188,252.628724394724,252.590779017892,253.24571560332,253.704859043729,252.973952913902,253.263200349344,254.356004742451,254.600755472474,255.002097907594,255.538781530485,253.281710489058,250.376260595823,248.045283478019,244.960752181521,244.758813990036,246.347069848102,247.685848557427,246.069043268186,247.400744172566,247.748132391767,248.889751594583,250.855225835295,252.471909241022,253.882201372698,253.559847648621,254.775734808379,257.217962557555,258.748172351678,260.456567818986,260.078497878724,260.177544773139,261.022262807254,261.193527616818,262.424540810641,261.130271048949,261.385604288673,262.037919385839,261.554201555039,262.217089597685,264.794966889349,263.358804081293,263.610039340169,261.614301854624,261.977201902158,263.088270662562,261.802574270215,259.633591870793,255.817753943448,253.365527084495,251.017882177916,247.764281071205,245.712190890765,243.834762077996,243.361565082624,241.807198403714,238.90856020589,238.120051285248,236.806206791606,233.873696011605,232.363942737498,229.474695170075,227.265525850344,222.61718989848,220.642003414083,NA,NA,NA
NA,NA,NA,249.347690054309,251.171557465325,253.027303795366,255.169456296867,257.100583603273,257.790905759284,259.346487094924,260.137843487635,263.166922255997,265.558009156387,264.788793105369,263.555618949104,263.633039744643,260.694672569408,257.891948152583,255.856786058013,253.402067872032,252.038360153658,252.6723587329,253.079829450201,252.603480116975,251.329914605241,252.364668852041,252.287635612106,253.591294819844,253.56133142417,254.184873947425,253.60423892637,254.207963020504,253.668710802032,252.047951139847,248.890028403765,247.291605421423,247.379019354207,247.737415256256,249.042791815933,248.294935661583,247.927454700195,249.692510039394,251.607544154652,251.931735971318,253.97536255496,255.94776319063,256.524572216073,256.992515340032,258.529063356931,259.489510782083,260.66157579395,261.088578718417,260.334989593453,260.764052135115,260.920611775345,261.485297630274,259.866793661331,259.760115904609,259.951425910951,260.602753309999,261.834248014666,264.271458551069,263.581195636458,262.901941491968,262.737197179838,262.826777972386,262.31566164728,261.165875901123,260.3610381524,258.696694768652,255.401638805275,252.350120137566,247.027407436156,245.61633050905,244.589057502893,242.13386230013,240.84655274107,238.40000394168,237.049445019461,232.640431764864,231.686738589256,230.215364637123,228.889801562821,225.990491067609,220.478621082532,219.813970831257,NA,NA,NA
NA,NA,NA,NA,250.806326479356,253.35541221675,253.942427294158,255.710361956374,257.89990948907,258.330286484393,258.409895083321,262.247549062729,264.699268128718,261.8102369946,262.797421334488,262.823738991491,260.524375724379,256.439757326235,252.662079838023,252.500613344262,252.736563720347,253.632884493961,253.905839311658,252.351325893925,250.702122014323,251.809715465648,253.602576975137,254.184061630218,253.950396187655,254.489100773872,254.576694004648,254.140251559309,253.972051201017,252.974401917418,250.870524701463,252.577220319093,251.001579292364,250.345197829224,250.470158724602,249.987655581145,250.17379712361,252.059495850495,251.083171974681,251.911515541484,254.004603748699,255.510824059567,256.303527919388,258.546673329286,259.315038825384,260.167385340295,261.216948530292,259.652448046454,260.878263840012,261.266348557435,260.077851540093,260.556079278641,259.898786739364,260.06146349725,260.806599431128,261.531119248986,260.58652874296,262.187567599666,262.219784347555,262.108957286788,262.690335930983,263.338990123118,263.405860123587,263.111210552037,259.809114383873,258.354341296335,255.462268284591,253.875916322282,249.635485789161,246.487822157198,243.812876793192,241.787708676276,239.673630632196,237.531272509363,236.305672159713,233.829061234201,231.922532189575,228.803854201104,226.694592161984,223.531611474095,220.342451479492,NA,NA,NA,NA
NA,NA,NA,NA,247.459320175764,251.935291591687,252.5225797926,254.181555240562,256.20195811661,258.907020404483,258.728477886492,260.98851025374,257.761162537761,258.830683937965,261.329646150302,260.925773810118,259.704048933772,256.658060858682,252.094393375218,252.928703570994,252.951167757293,252.761810539518,253.136840996784,251.978619961683,250.367783869173,252.92154056403,253.742873133965,254.839683855213,254.793212231851,255.655273820144,255.536286109066,256.40872235845,256.376036168005,255.159488581953,253.747675792701,253.802288641844,253.471959866216,252.589119377003,253.212916858778,252.572012214197,253.325843492328,253.776749692732,254.543256078427,254.537092912283,255.406267334759,256.317640034497,257.079672511778,259.067627043968,258.584225375742,260.483666592413,259.584729572155,258.693811593767,258.555811974266,259.126248140366,258.567471822475,258.601788691644,259.112759776647,259.724765615594,259.530803333026,261.324979204454,261.381028748866,262.387863975403,261.123731779674,262.707260537261,263.732350504758,263.611095231136,263.505182650545,262.216382204463,259.829293161084,256.964915500212,256.04891890565,253.986762185407,251.369497036466,247.881284681758,244.789696343183,241.028323136817,238.457576818128,237.255440697419,234.977130915156,234.218251714549,231.581382104066,228.084457078352,225.219381091415,221.787230426361,217.482931595701,NA,NA,NA,NA
NA,NA,NA,NA,245.998267578646,249.235742837552,250.062291171087,251.218209428455,252.958277754687,257.038552877955,257.488819698321,258.45174348423,255.152087311853,254.496053847232,257.181174510438,257.730305500385,257.25319915439,258.00570577187,255.07765484635,253.819197652884,254.101084847389,254.067072159037,254.542476119006,252.975856589653,253.864818319631,254.565160917918,253.778970467218,255.19362340071,256.228699943818,256.500820801431,257.276377361866,257.530385769419,256.531437461675,255.821262513643,253.335865338776,253.775403936496,254.245580896612,254.064013931668,253.914605753271,255.53641171957,255.769799861737,256.765134921098,256.458208880867,257.091850966436,257.180888052875,256.99278300027,258.072256063084,257.652517538981,258.248487738651,259.302100594038,259.088271358025,257.547817455416,257.64901254423,258.465019886309,258.492144449204,258.905380296742,258.708413603135,259.750537947382,260.362278535087,259.952637673619,260.700914644409,260.662202481909,262.237581214556,262.769024709604,263.476566041095,262.948038636316,265.192871146259,262.092980793161,259.817515015658,258.536109218312,256.375207898394,253.152055599544,251.579938546161,250.078925013082,246.718041583774,240.45180886225,238.835678742519,236.059161100281,234.258453052458,232.296593967848,230.639322263255,228.081875763213,224.194059063169,219.427153911104,215.62561650451,NA,NA,NA,NA
NA,NA,NA,NA,NA,247.340370062685,247.698736791729,248.83553353746,250.76388739103,254.514249652269,256.351756993149,254.413408630532,254.016069156754,255.558017773973,255.222711476456,256.988312674329,257.056231424858,255.853187458339,254.448551748813,254.171466809113,256.447431608764,255.696773401325,255.651033948466,255.81190954307,255.438033112264,255.452390994944,255.19273749146,255.831070396479,256.543888012013,256.751817909862,255.552583255611,256.750209657762,255.604122182124,254.301409977465,251.294064748813,252.632732253114,252.179620561786,253.429073898357,254.064130675697,254.392322201549,255.202741983769,255.762090632981,255.217849011143,255.869715447572,257.070595437378,257.990503144544,258.458921785928,258.668699367825,258.359969032934,259.928141194152,259.986283089437,257.322280406286,257.830943386858,258.353861575053,258.999926520349,257.873237226537,259.576822964176,261.345476690464,260.462505031101,260.663854408339,260.616900380457,259.788457496666,262.601275796886,262.073544631851,263.711348460766,262.997147783087,264.318812305495,260.724217273734,259.229739346497,258.673706325299,256.547271892445,253.568967893759,250.695160185281,249.208194411881,246.281642555098,240.520210232391,237.5048076893,234.595444832138,232.510516337785,230.925243570332,229.154728482645,226.132933573711,221.567926267741,218.828242590881,NA,NA,NA,NA,NA
NA,NA,NA,NA,NA,245.610057298238,246.173972867427,247.866035122067,248.597155603482,250.182440518481,251.598619743004,252.218227894054,252.4501114702,255.102170042985,255.131860440509,254.789146852894,256.473341933455,255.109085452347,254.841089580237,254.968902650613,256.464827947008,257.035157159384,256.343335150707,256.466711689399,256.000841116384,254.622338865378,253.247556807665,254.415045783819,256.040200756187,255.752119546605,256.087008205285,254.864180980141,253.0833407105,253.078205239418,253.720453232489,253.847044455068,252.513700939213,253.972639470422,254.147518854305,255.214263028127,255.165193792701,257.100511776173,256.854201390022,257.637680997734,259.041552919762,259.605844688651,259.042655571147,260.459535402488,260.054757086771,260.648868915346,259.805259138952,257.526867568591,258.104336162412,258.352852796868,257.941300985809,258.670921792657,259.823133867957,260.181838006236,259.944916081403,259.139736766357,259.097884170677,259.754125404252,261.294537443465,261.806345704103,262.359573592862,262.408188745692,263.095023716499,262.070429119043,259.770959653222,256.380357834437,254.40804258793,252.223500914865,250.347663003656,248.887883207244,245.401632336132,243.83208188681,237.790352652745,234.291905996632,231.140730033552,228.512126976133,227.746484057236,223.365297765399,219.749239064933,217.322559549333,NA,NA,NA,NA,NA
NA,NA,NA,NA,NA,NA,245.369657508292,247.437749677436,246.980874821927,248.315230013047,247.453272424471,249.4267706309,249.372148615105,251.637040091071,251.37208438177,252.443658940727,253.630292980965,252.674930247311,251.742680190366,253.922163342294,257.378986098591,256.601840573064,258.178942244883,257.001213528739,255.113272294961,253.550085320361,252.82689571857,254.848126143798,255.23297985607,254.790441713044,253.895194098955,253.721224924277,253.644129299783,255.265554672434,255.03218721847,254.392927687567,253.796235268083,254.349936788597,253.611612514301,255.424236680037,255.62414763843,256.283548649781,258.36123208482,258.817594487331,259.559929168208,260.577989005228,259.206790179181,259.877390744454,260.419780520677,260.992301087596,258.019410925135,256.972801245579,258.051380913149,256.951129977553,257.376771642971,257.586731797328,259.373224042641,260.690198249737,259.989723334559,257.453284287558,259.450570567766,259.409220026573,260.424047873648,262.109146254296,262.302279045138,261.245453116227,261.485428403199,260.52732928016,256.733909609748,254.581639591842,252.899866919919,251.397103613554,249.17075361384,247.523501947845,244.083278578096,243.399861957987,238.522344403488,233.713924969886,229.560411373701,227.446907998431,224.549438468915,221.292810431433,218.959819165715,NA,NA,NA,NA,NA,NA
NA,NA,NA,NA,NA,NA,245.03449347677,246.476337627456,246.406150154306,246.836541759073,246.219744270256,247.256583722807,246.968566366703,247.847740183971,247.947439734566,250.195036661024,250.594531210302,252.597865702917,254.411751584257,253.463898556076,255.287154786759,256.168746245917,257.628162551741,255.89998434665,254.43467284364,253.482021817015,253.351938936819,253.838500805189,255.051273205967,254.996422648692,254.837571686888,252.850105788477,255.258389841544,254.5579555545,254.238081514327,253.360651669798,253.486574801365,253.448318943999,252.949956844213,254.954301875813,255.266701300253,256.118165876828,256.783960476391,257.382386146101,258.042401156097,258.651704066627,259.494470355152,260.489367093464,260.246679557227,258.128870740802,257.722965838491,255.767636426265,258.873835240223,258.294372037783,256.079899044615,257.253381321265,259.042841103103,261.768094674927,258.655421418702,260.216529920969,258.15639203652,259.972466670254,260.421604735651,260.19355811551,259.924671243218,260.29603070848,259.412423509133,257.097395529735,255.765401846048,254.564466699072,251.209308776921,249.932222026963,248.42626823693,244.386472308392,244.550064698597,242.644338529575,238.193890369689,234.156912503879,229.940873525036,226.372223261599,222.284410394231,218.435066884006,215.272408455661,NA,NA,NA,NA,NA,NA
NA,NA,NA,NA,NA,NA,NA,244.301713150124,244.235275672479,244.613364068312,245.293592717075,246.335687579877,243.700902024162,244.979577867258,246.241989700098,247.74725014958,250.002257003666,253.086944376188,254.835264106192,255.240873522626,255.524965433753,258.240786768165,257.331130928492,256.439275617384,255.522849791124,254.754743228945,256.056954907206,254.674485852827,254.391113135174,255.499895915825,253.468843657604,251.875937732644,254.651701656641,252.992531392837,251.484021253617,251.952957871699,252.799844206096,253.432373092925,254.077517051865,254.682232888911,255.686804560795,255.801033113796,256.215049509009,257.158597223791,257.417850961743,258.428324879121,258.34371239837,257.992493569916,256.625828247715,256.400595025001,255.735039240277,257.388848441793,256.744662287987,256.78632155985,256.076994512985,257.393493218662,259.804874325288,260.650140473131,260.173624863828,259.816224905208,259.800401898649,258.86877578142,259.734057288777,260.250611117359,259.214698293659,258.739326418999,255.397325940562,255.141353313917,254.999440086193,253.462882485093,251.715611761266,249.377973284545,247.001592890345,242.146046510717,241.12912641369,242.624134040246,237.501121705484,231.757791581023,227.536899365664,223.991984720648,220.333196616047,215.976154190566,NA,NA,NA,NA,NA,NA,NA
NA,NA,NA,NA,NA,NA,NA,NA,240.74193488186,241.912015796264,242.880459154717,242.53260184859,242.07898306301,242.061571617971,242.579041439638,245.878519534969,248.118226690544,250.627368171299,251.38739728265,254.169789403197,254.169106845637,256.381010287276,256.603791039769,255.605690068756,255.767305701435,255.840435837675,256.390928065231,254.556023882801,253.076485864687,253.175897910436,252.354908443029,252.390707964992,254.020295770957,254.056106659818,253.014783180093,252.333186399986,251.997081680369,251.801814034897,252.982977369323,253.660465111713,255.989052507139,255.843623661765,255.821022638799,255.674965155099,256.350880729434,256.838372708938,256.164389947897,255.343638267496,255.265670486193,254.659798524688,255.143796600015,256.948417163984,256.045108771387,255.531003365497,256.355331275135,258.026364519054,259.119547119715,259.551682251689,260.010693112923,259.705325038201,258.943576434732,258.648413121976,259.010111448078,258.312448990356,258.228889039787,257.011520293424,254.061477132128,253.989028062654,253.831147933538,251.991837649853,250.474430328457,246.03794274086,244.001188740654,241.220216383231,238.620053285596,238.879728441171,234.155260303076,231.316782368555,226.35800591539,221.974378902663,219.148344780958,NA,NA,NA,NA,NA,NA,NA,NA
NA,NA,NA,NA,NA,NA,NA,NA,238.479548050568,240.61638384942,239.359427071891,239.504794340384,240.689142030522,241.77695363241,243.150905037499,245.863579794735,246.767061439733,248.920839074849,249.92325480899,250.9158538054,252.279219897469,254.12344677508,253.77269327266,253.441650212924,254.303438299167,254.745820015297,256.303836740607,254.630182493347,252.819782987108,253.432837515796,251.746867632075,252.628056267397,252.888674546766,254.232342350754,253.385412793959,252.364862633242,251.30063428396,251.522066155179,252.354542874033,253.732488044756,255.703815414429,256.113017575579,255.152797807169,255.034916750227,254.890832556154,255.497274941961,254.642741589697,255.798772628849,255.053861411221,254.098368649699,254.556642354081,255.447253714741,255.902476390681,256.721768144913,256.763742132021,256.772833448811,256.608300114241,257.835412294337,257.772541183949,257.976609144044,258.294323077689,258.445630215902,258.008020501202,254.684103416762,254.829235530608,253.720073119446,252.258407958091,251.370733017962,250.858819718457,250.261571498441,247.263906659553,243.343203909128,241.599422083092,238.921286370268,239.708019618475,236.698798136549,234.801791501016,230.384486828706,226.101667913647,220.250616676575,216.415956307398,NA,NA,NA,NA,NA,NA,NA,NA
NA,NA,NA,NA,NA,NA,NA,NA,NA,234.050433965285,233.801951396933,236.378372090047,236.590874062751,239.446817824194,241.789603009821,243.168351164643,245.072033885761,247.27137314919,249.166793676452,249.485907779459,250.032105935963,251.940517288524,252.16202906035,250.931835334793,252.301317080525,253.582924672038,253.092925657028,252.764904930538,252.163928314483,251.913028128961,252.843649004206,252.092297043862,252.035141923535,252.503964800258,251.075293699342,251.540533901188,251.520314881899,250.579770282862,250.822343193062,252.118310217089,252.957271725586,253.838436926127,253.994440936979,254.827074546469,255.002852098914,254.784580017803,255.768864780218,255.541476264872,255.435622621424,254.361020029349,254.767691023659,256.49292282481,256.633277424701,255.693653162222,256.061484699082,255.293444072762,256.419396038767,256.648526556363,257.193050067837,258.175257024114,257.130530582353,256.138060255983,254.393551074087,253.66072415953,252.014606277575,252.022092030744,252.218621869884,251.402101548018,249.844445818374,247.835174362806,246.930817758074,244.74798306374,241.563189989799,239.452849831429,237.466745294149,234.204366017913,232.37586000527,228.42750700132,224.130974318744,219.472809178959,NA,NA,NA,NA,NA,NA,NA,NA,NA
NA,NA,NA,NA,NA,NA,NA,NA,NA,NA,231.336147724167,232.589297080836,235.09090665334,238.333798137313,241.323154550715,242.55485535914,244.815092844244,245.808266712675,247.530950936949,247.470201288942,246.939966169207,247.104317124574,248.148314501102,248.477286416327,249.996706292633,250.998844054602,250.329589878352,251.830111182773,251.805609026951,251.820690883097,251.920284610722,250.859425056875,251.06293534773,250.44047970174,249.469453836249,250.913784638557,250.6530825806,250.49850949905,250.937340494173,251.537904559727,253.78503441014,253.520195166531,253.879939840904,256.468867326934,254.85539962683,255.653698961605,255.209657033514,254.889290781541,255.730935344764,256.640620579568,255.835766654743,255.85190923594,255.597442996604,254.196219895829,256.211643042188,257.202789929074,256.10614048215,254.970836925852,254.890264896675,253.639265558369,254.235280318356,253.744887944574,252.066857232734,250.766849676145,252.408164933796,252.118394978516,251.46494518209,249.850192934327,248.667511665339,245.05346689575,244.089103379007,241.247588429754,240.326180572878,237.576911609522,236.322745875858,233.164262447199,230.413456695641,224.232224632316,222.935042805098,NA,NA,NA,NA,NA,NA,NA,NA,NA,NA
NA,NA,NA,NA,NA,NA,NA,NA,NA,NA,NA,229.956362697108,233.672655809737,237.370388214266,238.431821872164,240.097377326724,241.935204552296,243.00177751951,244.035791678579,245.039693638478,245.50631108372,245.993907367875,246.317957950443,246.404879244291,247.738037277377,248.283284778208,247.790167350952,248.306911380353,248.252574493329,249.520236447358,249.120823656763,249.28970362847,249.73150770922,249.98068566394,249.875274045389,249.915930348423,249.872580697893,251.384362815277,250.454287122004,250.908956057936,250.976875648169,252.442966210145,253.356216016217,254.704389957695,255.558849739758,254.123110637259,254.420198193555,255.691048985659,255.287248730264,256.539153664038,255.106703440125,255.48804805585,253.652488602061,253.405245685097,254.0513237649,254.863938642792,253.948672890397,253.200660381017,252.133347536144,251.441817577707,251.595651464912,251.513796849881,251.460404823182,248.865108874669,250.970331198345,251.21835286041,250.30263500694,248.546241546441,245.273177853682,242.762070072615,241.089947274591,238.051363763864,237.222961875549,235.082230879889,233.432758756503,231.737961342512,229.073262211951,224.767564014411,NA,NA,NA,NA,NA,NA,NA,NA,NA,NA,NA
NA,NA,NA,NA,NA,NA,NA,NA,NA,NA,NA,227.756046100763,229.912885732146,233.419756230309,235.651604902894,238.31315998204,240.357050490745,242.585490043802,243.788308457435,243.742258400201,245.175613140133,246.005782150653,246.362584766301,243.277928193346,244.885741817275,245.25124726357,245.187943502692,244.014069457598,244.748435366466,246.88841278285,248.178422405021,249.110219682692,249.387084610899,249.186399149244,247.978947520142,248.331298437231,249.333013371289,250.229929734665,249.47636361798,249.470770068489,249.433670712614,252.225456531025,252.648267091666,254.059604055668,254.818919186779,254.332831544728,254.056327714831,253.872899712438,255.106021466932,255.188565456654,255.678298294873,255.652241931241,255.348475214214,253.577780235896,252.794970117405,253.542985735239,253.975852541392,251.64118678321,250.484574569774,250.732002347864,250.516130173871,249.829488716305,250.442222265789,247.075138780407,249.223684004681,249.136286569148,248.172518332447,245.135165852744,243.76687978269,241.994063120393,239.466782097633,236.280298318019,234.415920425201,233.654866242993,231.943603137095,229.339564842222,225.416986620129,223.992540612743,NA,NA,NA,NA,NA,NA,NA,NA,NA,NA,NA
NA,NA,NA,NA,NA,NA,NA,NA,NA,NA,NA,NA,227.437560644611,229.690992712246,233.322616434168,235.667775120865,237.600061901054,241.158261264727,242.4713448443,243.432008056711,242.559683440763,243.126475776689,244.465765017063,243.745788580546,241.584339383985,242.287831275085,241.717359549872,242.872439105363,244.384203084777,245.127736033908,246.236772898447,247.254681965687,249.427492235539,248.645565973216,247.056991966647,246.764031835596,247.739419336406,249.134278304097,249.233844804851,248.694166871336,249.253600946506,251.309821194045,253.07366137074,254.045704840602,253.098478342161,252.446004855265,252.002856751809,254.204189517531,254.114407569541,253.336022655648,254.351511359103,254.876333819894,252.308051347243,252.717471983583,252.851436937369,253.695702751101,251.848438691202,250.177949124463,250.30374404447,249.241039993414,248.492600455863,250.563622044791,249.268098483211,245.505586893482,246.790306851675,244.653761807001,245.274958546755,245.156021718395,242.553537622772,240.566959281409,238.369119029659,235.364579409984,233.636548208793,232.495500667902,232.99519299975,228.04958229744,223.549127980745,NA,NA,NA,NA,NA,NA,NA,NA,NA,NA,NA,NA
NA,NA,NA,NA,NA,NA,NA,NA,NA,NA,NA,NA,NA,228.332842842442,230.773091015259,232.271547700083,234.112057048799,236.308108049798,239.523260853919,240.223466350737,241.253951826688,240.578226676183,241.632072314847,241.554685578819,240.597466767995,240.204614710238,240.032802447959,241.974938617775,242.239544372007,243.493362988838,244.489850198695,244.450026468188,248.328355561259,248.8586715973,248.508190415107,246.936062664405,248.60204541592,247.191347139696,246.698306201294,246.423428444283,248.608176149592,249.822897379705,252.089778948683,252.210688284808,252.668425097101,253.166264041007,253.377217168527,253.714939413774,253.194056094237,252.488354188266,252.229049690516,251.36666754476,250.68220475831,251.990927746639,250.401002537667,251.101513608995,250.335890280867,249.241560016508,248.699979512049,249.779068144594,248.849598363296,248.81573009325,247.673465733153,246.225552341074,245.281079313407,242.960689290584,242.639213083675,242.970246662728,240.450265182867,241.422861716661,237.383506537906,236.249486355957,232.069689440024,231.750429514749,231.050709491527,224.816895967815,NA,NA,NA,NA,NA,NA,NA,NA,NA,NA,NA,NA,NA
NA,NA,NA,NA,NA,NA,NA,NA,NA,NA,NA,NA,NA,NA,224.841694029322,228.311313895881,230.231881576779,232.471425059394,236.148011344115,235.851429190916,237.708575904505,236.808343586911,238.971460008653,238.926938701511,236.862092672511,237.179032559591,235.382071059142,236.537250709411,239.189551595497,239.578149788208,241.395109069617,243.252627415103,244.463258949985,247.613826760882,248.378149675922,249.271951886948,248.359976619313,247.090051350978,247.775070410624,247.40877659236,247.826241586288,249.523616613957,250.996037216499,251.964614476575,250.872614307473,253.088150762117,252.923486791109,253.057199632729,251.843881981169,251.076691129894,251.041701928432,251.205587260312,250.101383281774,250.137182526721,249.758247961011,249.365142451811,248.928539069318,247.154530380617,249.885189921547,249.457386424375,250.467309502355,248.297502511588,247.413293541786,245.88702161637,243.601929270245,240.068374471258,241.251679378642,243.03367827152,241.840483089859,238.668375419953,235.97644406746,234.308340996981,231.782115557154,229.909770455395,228.478761475751,NA,NA,NA,NA,NA,NA,NA,NA,NA,NA,NA,NA,NA,NA
NA,NA,NA,NA,NA,NA,NA,NA,NA,NA,NA,NA,NA,NA,NA,222.699983084344,224.768414187731,229.267622884388,231.90709400892,231.164887149191,232.36465729894,234.407880596263,233.911600802305,235.671094015723,234.48138900307,233.054078171756,234.389246173748,234.769013471472,236.951358875024,238.059730497031,238.024548259917,238.545043759503,240.074081956432,243.554829524615,244.197458402582,244.750036524341,246.631531761901,245.501943123558,247.209812459765,247.730103458318,247.660672599859,249.661578838472,251.479821226104,250.172895802814,250.352872878557,248.563924391139,250.709535199029,249.086303554056,250.206834474923,252.051066732195,251.44883564542,252.444106585421,251.378401102821,248.082100494693,245.915675848853,245.94194801782,245.8804792106,246.740817310508,248.293687765072,248.077920769075,246.842134098063,244.954732523176,245.14155341131,243.445703032262,240.34406180738,238.331234156342,238.97633400767,238.758256771992,239.694112364194,237.816708966361,235.046392872487,233.707483426629,231.169432148065,227.449572114655,NA,NA,NA,NA,NA,NA,NA,NA,NA,NA,NA,NA,NA,NA,NA
NA,NA,NA,NA,NA,NA,NA,NA,NA,NA,NA,NA,NA,NA,NA,NA,NA,225.262385647634,228.158867116285,227.791843633676,228.712173793126,230.848235628172,231.066892599608,232.765248495862,231.858054918478,232.555192442971,232.745584016369,232.859761457056,235.013333392127,235.108629711458,235.541398840873,236.151202479684,236.893501262288,238.986431440749,240.49618465188,242.200439846422,243.298091454589,243.943313948914,247.47001525682,247.436442616562,246.55683161126,245.821783866047,248.303238844832,248.75642738408,248.649117504148,249.66590218843,249.153188884205,248.803832043782,248.65364818424,250.221285092975,252.483119088726,251.271130358803,248.553077719853,245.872494384602,245.673600841912,244.20125077754,245.43245126193,245.856957246544,245.959765499464,245.765659785816,243.117355839814,243.463767107074,242.078651166957,240.955914346274,240.961802320954,238.487159714167,237.780932787012,236.624439739354,237.340945477134,235.826133091033,234.320975136196,232.790650959442,NA,NA,NA,NA,NA,NA,NA,NA,NA,NA,NA,NA,NA,NA,NA,NA,NA
NA,NA,NA,NA,NA,NA,NA,NA,NA,NA,NA,NA,NA,NA,NA,NA,NA,NA,225.211970093774,226.403959173605,229.788199242332,230.487269450968,230.854354071924,231.085371265901,231.122392750883,230.031622828156,230.20096199367,230.279778557222,231.1122938687,231.585191412976,230.696575106579,231.953066465874,233.283431510401,235.936600709934,236.058482518687,237.547076581924,239.103309755673,240.263300061266,242.634719883938,242.706569897776,243.537940023803,245.105283160342,246.730022178083,247.063932171858,249.494262730404,250.191929718295,248.010234222414,247.30640103831,247.261623851663,249.009898841885,245.641209962099,245.596863470355,245.787509328522,244.315829817317,245.475545085002,243.492381240855,243.609075274757,243.685905576749,244.59156862805,244.819704774099,243.916592593874,242.776599340166,238.643130181631,239.032699026138,239.312303561485,238.364851917825,237.453284714036,237.457472460605,235.637548591586,232.429200234001,231.016273423431,NA,NA,NA,NA,NA,NA,NA,NA,NA,NA,NA,NA,NA,NA,NA,NA,NA,NA
NA,NA,NA,NA,NA,NA,NA,NA,NA,NA,NA,NA,NA,NA,NA,NA,NA,NA,NA,223.91049884449,227.653738563141,229.425862669765,231.454214209149,230.452102304073,230.429988949939,228.492189561997,227.941041489622,227.351077871975,227.38058131732,227.257332074951,228.283759711671,228.805295047645,231.508540427506,233.84985323707,235.035190349084,235.50525205623,236.478148209518,237.202900943291,238.472321508096,239.425855490359,240.518582329541,241.434488805212,243.261668156887,244.611426662683,247.096056773186,246.386850318433,245.75649352325,246.269543763006,247.201539999353,245.174465719051,241.833165862135,241.435986071235,242.326226741989,242.728686487721,243.750943244004,240.559863250155,243.390987118612,242.424690493074,241.979632966443,241.19621876408,240.581327226722,239.775666314067,237.913559834162,239.585691994013,238.316556052896,237.178345902282,235.805657048561,235.047570221324,233.569753841737,229.851320810653,NA,NA,NA,NA,NA,NA,NA,NA,NA,NA,NA,NA,NA,NA,NA,NA,NA,NA,NA
NA,NA,NA,NA,NA,NA,NA,NA,NA,NA,NA,NA,NA,NA,NA,NA,NA,NA,NA,NA,NA,227.398271255818,229.396362671855,226.622120231801,227.657331438729,226.773183927973,226.355814246789,225.495993187282,225.723425336784,224.686150818097,226.943262492434,228.317811794803,230.308253931807,230.7775059727,230.56343455328,232.272608225885,233.796690995336,234.80781300844,236.467486482285,237.992982881211,237.82594240062,238.668353013938,238.542172197438,239.196916532292,241.263062135933,241.274280057738,241.371724582806,244.208132900507,243.117231116998,241.817092102385,240.394792683966,240.690041578531,241.262373984431,242.592510317088,240.462390018171,238.441139545107,240.126197182661,239.975889213588,240.090139541824,240.5429023134,237.61617726481,238.076060292987,237.496235854226,237.444904571444,236.546341244628,234.855607329957,233.843005972536,232.055927162288,NA,NA,NA,NA,NA,NA,NA,NA,NA,NA,NA,NA,NA,NA,NA,NA,NA,NA,NA,NA,NA
NA,NA,NA,NA,NA,NA,NA,NA,NA,NA,NA,NA,NA,NA,NA,NA,NA,NA,NA,NA,NA,NA,225.866169135729,225.307152293336,226.101374600792,226.879419204252,225.974681693608,225.791906759374,226.434923652167,226.598536189165,226.526396896718,227.136096374655,227.810036137581,227.913176321944,229.969574852497,231.527759428063,232.99353949111,234.757489597977,236.705350696924,237.22163286715,236.696612271675,237.489113557361,237.18319896232,239.807051302467,238.963961645715,236.518466424167,237.304475687255,240.301648029933,240.536123912712,241.951133944649,240.203426762286,239.668440003774,240.319944785923,238.911442120159,238.278580286535,239.633316466985,238.427666130877,237.112152673833,235.602939216537,235.816499459773,235.250454039899,234.954494843877,235.142805877681,232.909423697748,233.698353508115,233.783019684113,231.27518065785,NA,NA,NA,NA,NA,NA,NA,NA,NA,NA,NA,NA,NA,NA,NA,NA,NA,NA,NA,NA,NA,NA
NA,NA,NA,NA,NA,NA,NA,NA,NA,NA,NA,NA,NA,NA,NA,NA,NA,NA,NA,NA,NA,NA,NA,NA,224.564619275755,225.431574428002,225.627240411453,225.620201311263,224.309200212317,225.341801736692,225.262088360999,225.789033905376,227.82346540632,227.732527871976,230.185086175852,230.177562689888,233.426810376615,234.313254453932,234.592960627083,233.314255476592,234.272322818865,233.871976461282,232.660181937356,232.896616185922,233.880185537335,234.346177043106,236.172451338699,236.530783884435,238.193703685874,238.414984138694,237.780441193874,236.617491176564,236.306064357866,237.355321829237,237.047305861946,236.409332442542,235.26751041965,234.070994681449,232.163906015813,229.736164237619,230.549290307087,231.176477016762,230.272368933726,231.808229935093,232.898026542782,NA,NA,NA,NA,NA,NA,NA,NA,NA,NA,NA,NA,NA,NA,NA,NA,NA,NA,NA,NA,NA,NA,NA,NA
NA,NA,NA,NA,NA,NA,NA,NA,NA,NA,NA,NA,NA,NA,NA,NA,NA,NA,NA,NA,NA,NA,NA,NA,NA,NA,224.274465882333,224.850704054532,223.886101057428,224.635755582639,225.019585225895,227.010682982013,227.612433200592,227.761499352031,228.575058579111,229.492836297813,232.953890007242,234.956260894184,234.598351079676,234.033626217945,232.346434424774,231.563609938662,229.332984318095,230.127957917744,230.528247684109,230.972333739369,230.755759839043,229.402679622137,231.477815031048,231.216674193426,230.832734113513,229.999071394811,231.897156782984,232.845168681312,231.759841023808,232.88791663734,230.033745957393,226.799453649021,226.407226160492,226.027680243587,226.808953072513,228.407601001543,228.741754587759,NA,NA,NA,NA,NA,NA,NA,NA,NA,NA,NA,NA,NA,NA,NA,NA,NA,NA,NA,NA,NA,NA,NA,NA,NA,NA
NA,NA,NA,NA,NA,NA,NA,NA,NA,NA,NA,NA,NA,NA,NA,NA,NA,NA,NA,NA,NA,NA,NA,NA,NA,NA,NA,NA,NA,222.45783765838,222.976971218445,224.726302572978,225.519678639825,227.836282188136,227.353813540143,229.617630360938,230.672937003122,230.125026886319,231.865505293697,230.253295442342,229.89609778566,228.143577793266,227.289245185826,228.188276381597,226.674640097023,225.897841474138,225.29711771213,223.980172183566,225.005457102638,223.133456673535,224.682260025495,225.010965609814,226.087913493375,223.983917178658,223.301726598162,222.477223598486,219.37579712066,222.130990223927,222.627819884622,223.843975741721,NA,NA,NA,NA,NA,NA,NA,NA,NA,NA,NA,NA,NA,NA,NA,NA,NA,NA,NA,NA,NA,NA,NA,NA,NA,NA,NA,NA,NA
NA,NA,NA,NA,NA,NA,NA,NA,NA,NA,NA,NA,NA,NA,NA,NA,NA,NA,NA,NA,NA,NA,NA,NA,NA,NA,NA,NA,NA,NA,NA,225.133964483004,226.430594600432,227.178237570947,227.442370118566,227.495417784588,228.364947478471,228.543961419387,228.504372560268,228.011387892275,225.730174963341,226.087147673266,224.661466393944,224.676341920186,221.565794683623,222.372167695197,221.875057135044,220.181201334509,220.327661378338,217.567373547917,217.578588676868,219.314609582102,217.502891224357,218.568152350684,214.699841604376,214.67588355389,215.621429725739,219.49932162299,NA,NA,NA,NA,NA,NA,NA,NA,NA,NA,NA,NA,NA,NA,NA,NA,NA,NA,NA,NA,NA,NA,NA,NA,NA,NA,NA,NA,NA,NA,NA
NA,NA,NA,NA,NA,NA,NA,NA,NA,NA,NA,NA,NA,NA,NA,NA,NA,NA,NA,NA,NA,NA,NA,NA,NA,NA,NA,NA,NA,NA,NA,NA,NA,NA,NA,225.919033359404,225.487663311322,224.378071003607,225.980820602015,224.309478053358,223.065504777812,223.232847888438,221.607383358636,220.590896079188,220.00474352773,220.083276786421,217.951243990893,216.003302168667,214.879322569217,212.025717087848,213.698684588418,210.919819966281,210.337557140136,210.792055587104,NA,NA,NA,NA,NA,NA,NA,NA,NA,NA,NA,NA,NA,NA,NA,NA,NA,NA,NA,NA,NA,NA,NA,NA,NA,NA,NA,NA,NA,NA,NA,NA,NA,NA,NA
NA,NA,NA,NA,NA,NA,NA,NA,NA,NA,NA,NA,NA,NA,NA,NA,NA,NA,NA,NA,NA,NA,NA,NA,NA,NA,NA,NA,NA,NA,NA,NA,NA,NA,NA,NA,NA,NA,NA,NA,NA,NA,NA,NA,218.019214105744,NA,NA,NA,NA,NA,NA,NA,NA,NA,NA,NA,NA,NA,NA,NA,NA,NA,NA,NA,NA,NA,NA,NA,NA,NA,NA,NA,NA,NA,NA,NA,NA,NA,NA,NA,NA,NA,NA,NA,NA,NA,NA,NA,NA
