"V1","V2","V3","V4","V5","V6","V7","V8","V9","V10","V11","V12","V13","V14","V15","V16","V17","V18","V19","V20","V21","V22","V23","V24","V25","V26","V27","V28","V29","V30","V31","V32","V33","V34","V35","V36","V37","V38","V39","V40","V41","V42","V43","V44","V45","V46","V47","V48","V49","V50","V51","V52","V53","V54","V55","V56","V57","V58","V59","V60","V61","V62","V63","V64","V65","V66","V67","V68","V69","V70","V71","V72","V73","V74","V75","V76","V77","V78","V79","V80","V81","V82","V83","V84","V85","V86","V87","V88","V89"
NA,NA,NA,NA,NA,NA,NA,NA,NA,NA,NA,NA,NA,NA,NA,NA,NA,NA,NA,NA,NA,NA,NA,NA,NA,NA,NA,NA,NA,NA,NA,NA,NA,NA,NA,NA,NA,NA,NA,NA,NA,NA,NA,NA,199.200768411778,NA,NA,NA,NA,NA,NA,NA,NA,NA,NA,NA,NA,NA,NA,NA,NA,NA,NA,NA,NA,NA,NA,NA,NA,NA,NA,NA,NA,NA,NA,NA,NA,NA,NA,NA,NA,NA,NA,NA,NA,NA,NA,NA,NA
NA,NA,NA,NA,NA,NA,NA,NA,NA,NA,NA,NA,NA,NA,NA,NA,NA,NA,NA,NA,NA,NA,NA,NA,NA,NA,NA,NA,NA,NA,NA,NA,NA,NA,NA,193.947279093382,195.728197024131,196.534365264951,197.679455748445,198.041266200613,198.297438150079,198.348732893908,200.02644226047,200.431009696795,202.804369561724,204.289965876135,205.439063918577,207.056663124359,207.781573101564,208.853290836262,210.192396109697,211.679889112012,213.143627926659,212.26628107498,NA,NA,NA,NA,NA,NA,NA,NA,NA,NA,NA,NA,NA,NA,NA,NA,NA,NA,NA,NA,NA,NA,NA,NA,NA,NA,NA,NA,NA,NA,NA,NA,NA,NA,NA
NA,NA,NA,NA,NA,NA,NA,NA,NA,NA,NA,NA,NA,NA,NA,NA,NA,NA,NA,NA,NA,NA,NA,NA,NA,NA,NA,NA,NA,NA,NA,194.915647177085,195.388898788346,196.150987307215,197.742739472364,199.034154077309,200.544203238229,200.889821084997,201.081764177173,201.402846556584,202.138718967794,201.588414601932,203.440534834312,205.193945892097,206.900006787912,209.136865644853,209.851610491581,210.862501020498,212.065904321367,213.068016636751,214.587578542108,214.741423334928,214.809796560511,215.237713140191,213.071667651105,212.283042374384,211.545792490866,212.543326283984,NA,NA,NA,NA,NA,NA,NA,NA,NA,NA,NA,NA,NA,NA,NA,NA,NA,NA,NA,NA,NA,NA,NA,NA,NA,NA,NA,NA,NA,NA,NA
NA,NA,NA,NA,NA,NA,NA,NA,NA,NA,NA,NA,NA,NA,NA,NA,NA,NA,NA,NA,NA,NA,NA,NA,NA,NA,NA,NA,NA,196.50661745761,197.507442973457,199.146741216852,200.230922782085,201.354672430988,202.393319571246,203.152689505865,204.159116398118,204.160166600633,204.515498491203,205.003787572004,205.624903213757,206.049847868556,207.258430726764,208.838606550212,211.233081968847,213.115232719557,213.587998837051,214.510248635163,215.872321019243,217.734412628825,218.809616589901,217.826522813739,217.062686583264,216.708520707304,215.498417513028,214.097094666919,213.464786266044,212.845608779382,211.619879442581,211.973843888139,NA,NA,NA,NA,NA,NA,NA,NA,NA,NA,NA,NA,NA,NA,NA,NA,NA,NA,NA,NA,NA,NA,NA,NA,NA,NA,NA,NA,NA
NA,NA,NA,NA,NA,NA,NA,NA,NA,NA,NA,NA,NA,NA,NA,NA,NA,NA,NA,NA,NA,NA,NA,NA,NA,NA,199.282243429436,199.224288737951,200.672245405586,202.234294732715,202.650920027708,203.532345670752,204.089611488787,205.412156111001,206.510539232439,206.706837656599,207.574592624725,208.422046650489,208.845057580216,209.296070913594,210.328238409713,211.357290279667,213.374807909906,214.805075970009,216.282582512355,216.744978635525,217.916441835977,218.225499031668,219.569449620811,220.354443452364,220.658191688076,219.439478180203,218.949491054072,218.485238347214,218.454860647231,217.490228440524,216.633455481805,215.299808734371,214.453486895566,214.044809394662,214.245728546795,214.557676913381,215.570059480171,NA,NA,NA,NA,NA,NA,NA,NA,NA,NA,NA,NA,NA,NA,NA,NA,NA,NA,NA,NA,NA,NA,NA,NA,NA,NA
NA,NA,NA,NA,NA,NA,NA,NA,NA,NA,NA,NA,NA,NA,NA,NA,NA,NA,NA,NA,NA,NA,NA,NA,200.544986329982,202.311311997267,202.885871739734,202.613807218196,204.557722595695,205.251185780561,206.555613878,207.410227764916,208.742875488961,208.928818137224,210.324740766205,211.397904585841,212.427150413589,212.520999367449,212.959529860578,213.984449006615,214.941213487418,216.549463780041,218.369545189173,218.975943238471,219.445048589579,219.721622639215,220.306317468709,220.688923263241,220.786256792308,220.931651681533,221.525463956503,221.535210786456,222.545546377872,222.516782107214,222.457168502097,221.424537523047,219.517978867467,218.428032520276,217.343767657492,217.189227110093,217.312068809259,218.02563140137,217.464917536057,217.261616644068,216.746557986989,NA,NA,NA,NA,NA,NA,NA,NA,NA,NA,NA,NA,NA,NA,NA,NA,NA,NA,NA,NA,NA,NA,NA,NA
NA,NA,NA,NA,NA,NA,NA,NA,NA,NA,NA,NA,NA,NA,NA,NA,NA,NA,NA,NA,NA,NA,202.527145062246,203.879358127193,206.740567077099,206.685798513603,206.770664521114,206.842374272637,207.943878331842,209.028163972822,210.729110352234,213.001918185808,214.031583927273,215.406386109617,216.568354273159,216.978004803525,216.63737407921,216.984793720826,218.625758645931,219.268268878974,220.180569702163,222.238621447233,222.211556137475,222.561241226167,221.650935769292,221.880448310354,222.030034724323,222.140509961911,222.662764358264,222.822897397031,223.004724614056,223.548540467347,224.257304034137,223.777926824483,223.258577514686,222.758975811723,222.280757457286,220.667998710585,221.122588117197,221.660216181215,220.950677418935,220.684930209012,220.332253807788,220.65569655758,220.182482471592,219.717780746541,219.155663977843,NA,NA,NA,NA,NA,NA,NA,NA,NA,NA,NA,NA,NA,NA,NA,NA,NA,NA,NA,NA,NA,NA
NA,NA,NA,NA,NA,NA,NA,NA,NA,NA,NA,NA,NA,NA,NA,NA,NA,NA,NA,NA,NA,205.422706620835,207.3073952632,209.703592122228,211.060662607135,210.94105170976,211.260160837991,212.13892160189,212.906556074976,214.742077970699,216.253872933394,218.093523120367,218.653441880562,218.937145133602,220.09324100596,220.774122777804,221.140520893838,221.538059928513,222.537023750822,223.853421266752,224.646415233605,224.623263331332,224.675137702748,223.951629496695,224.081598611706,224.082232621303,224.221118805969,225.352791735607,225.989716250189,226.255127070543,226.68602271934,226.725281215797,226.575345398975,225.68356276639,225.660133017572,224.80395120151,224.819974030298,224.30487665954,224.779902896419,224.337632159354,224.317335735227,223.548315097418,222.135452505177,221.656768390105,220.305348645057,220.89183110091,219.794788726128,218.080279161462,NA,NA,NA,NA,NA,NA,NA,NA,NA,NA,NA,NA,NA,NA,NA,NA,NA,NA,NA,NA,NA
NA,NA,NA,NA,NA,NA,NA,NA,NA,NA,NA,NA,NA,NA,NA,NA,NA,NA,NA,204.867268410285,207.375111737506,210.544850392004,212.666267759751,214.328701152938,215.508395328018,215.241098429098,215.918543856487,217.386277484386,217.653600280174,219.601441961592,221.67734350917,224.100925298427,223.541864120364,223.282160598892,223.086835204233,223.454600021781,224.640496366441,225.240383334945,225.744889324203,225.81790538173,225.280537543938,225.617233851173,225.562492546221,225.66486548063,225.999682955931,226.368664697803,227.106234812109,227.40293012454,227.837426977577,227.666976466091,227.602134150362,227.600000935928,226.714839203844,225.789388801936,225.646249248162,225.710906516293,225.880912892775,226.781255135393,226.587301736256,225.370942471415,224.370976119985,223.803702462687,222.333994043465,221.437695564581,220.839738719002,219.895042394428,218.990499981657,218.541927944757,217.65875624768,216.937440588612,NA,NA,NA,NA,NA,NA,NA,NA,NA,NA,NA,NA,NA,NA,NA,NA,NA,NA,NA
NA,NA,NA,NA,NA,NA,NA,NA,NA,NA,NA,NA,NA,NA,NA,NA,NA,NA,206.724910261528,209.091758591447,211.526003259298,214.578771640553,216.190636961964,216.841187137629,218.518728974865,218.644631492584,219.24321374983,220.848911941562,223.114622510522,224.94834557676,225.354132751713,226.73124625285,226.751875276121,227.794139242206,227.351447352001,227.923909943656,228.065394318615,228.440098709075,227.857562119393,227.242166699425,227.036062285232,227.590573583097,227.486271570923,227.080584618765,227.289055392933,227.135565240837,228.01400999277,228.817131701809,228.996025204779,228.94940956821,228.978419730678,227.565549882414,227.070477692761,226.157862181776,227.052714862358,226.648838121228,226.573088046562,226.903163233037,226.490178512097,225.644184622001,223.881229201855,223.379573547153,222.894582214222,222.120710480972,221.518388047558,220.556026769787,220.332286613731,219.578836513138,218.269427588474,217.031135765407,216.29926855666,NA,NA,NA,NA,NA,NA,NA,NA,NA,NA,NA,NA,NA,NA,NA,NA,NA,NA
NA,NA,NA,NA,NA,NA,NA,NA,NA,NA,NA,NA,NA,NA,NA,NA,NA,209.218938225633,210.971264512645,213.204570929332,216.201092962389,218.65443524841,220.175013086781,220.320862985407,221.307198091235,222.601809597596,224.147674962551,226.016766513942,227.410428949752,229.021472998118,229.689475013896,231.122217649348,231.024062307853,231.703013432317,231.808933934809,231.99636799302,232.276946579792,232.560143187045,230.729039518156,230.02228649403,229.699623896848,229.745892500848,229.682933875919,229.684031878356,230.27575825381,229.672733978129,229.267153264615,229.21977896976,229.012806788385,228.417812720265,229.099095276646,228.872911613361,228.087966384633,227.434224373734,227.985620722011,228.463341329578,227.831638951388,226.874245775112,226.350699795462,225.758460317492,224.819558600706,223.340066175748,222.417875628234,221.486506400921,221.190790654977,221.112920963126,220.669533390526,220.151864901319,218.312242084481,217.047998006425,215.640811127078,214.239713679559,NA,NA,NA,NA,NA,NA,NA,NA,NA,NA,NA,NA,NA,NA,NA,NA,NA
NA,NA,NA,NA,NA,NA,NA,NA,NA,NA,NA,NA,NA,NA,NA,209.573616450069,212.019361527039,214.087226820139,216.606982684651,219.597038598352,222.152000906402,223.622759859987,223.929856955364,224.741329901734,226.366940844235,227.530800806628,229.362354978389,230.517268194864,232.832332813257,233.546299407209,234.214676862516,234.471203424876,234.762833485576,235.972316026049,235.46113323158,235.907958013021,235.307377630429,234.407710704858,233.661638065861,232.636425095434,231.933833244429,231.634494831906,231.084658354068,231.394148970141,231.541952253836,231.808298108683,231.176368064699,230.794699260112,230.235500994631,229.558376814598,229.72794535642,229.088287517187,229.002204813451,229.954745267732,229.44297732825,228.291987378139,228.009788692199,226.553282630229,225.066329935314,224.798707073816,223.929203521474,222.51408291629,221.625996984983,221.504195865207,221.242095041301,221.304790771906,221.335906294285,219.960362802197,218.432422988158,216.520717998101,215.513822233989,214.040740419514,212.510895729209,212.352037575204,NA,NA,NA,NA,NA,NA,NA,NA,NA,NA,NA,NA,NA,NA,NA
NA,NA,NA,NA,NA,NA,NA,NA,NA,NA,NA,NA,NA,NA,210.954480355866,214.400773688469,217.07990459187,219.996614271457,222.144230472232,224.146293545392,225.479317803039,227.386989458353,228.988348364708,230.540070188015,231.785240054408,231.843949473871,234.235445672313,235.001092158063,236.29213233562,237.473963549721,238.321540009559,238.914557380713,238.801304561684,239.135426905624,239.147413754456,238.759026603877,237.563709408743,236.717963526629,235.88195943573,235.768614345274,234.636248091508,234.365998888026,233.935472360233,233.908043231081,234.374498507106,234.151581512793,233.617641145614,232.983718725003,232.073454844243,230.973319447779,230.531410430631,230.587001506793,230.337058460286,229.944145040413,229.467238038699,227.759540825308,227.056352023177,226.644650661858,225.931926628705,224.465792066935,222.746384831035,222.68216355271,222.986951800207,221.926016967832,221.503122161107,220.758259666735,220.265639547755,218.87274968466,217.649072375337,215.933249695259,214.390459837408,213.396185105883,212.578595353471,211.898581985017,211.026950899943,NA,NA,NA,NA,NA,NA,NA,NA,NA,NA,NA,NA,NA,NA
NA,NA,NA,NA,NA,NA,NA,NA,NA,NA,NA,NA,NA,213.115105819714,215.391512765274,218.501532439593,220.970154741653,224.149328574683,225.693016643789,227.750521410342,228.780791011604,230.104757412872,232.070056760918,234.168424169622,235.388606725049,236.091544286899,237.276472858051,238.406611050896,240.193304849718,240.429301671538,240.431462392412,240.626679165142,240.790210324164,241.198688694773,240.604382455575,240.038325495474,238.558411892234,238.010446280255,237.639110895328,238.208637416651,237.249792983218,236.62444074934,236.658289773425,237.046087188426,237.124354451099,236.530305487717,235.277090684075,233.879095921558,233.127239405809,232.498734185312,232.513633824918,232.708753673623,231.98898959721,231.215041470161,229.719793178055,229.012742327705,228.458221414706,227.455414288731,226.47653673653,225.379315722749,224.347235918192,224.171019094006,223.799511062787,223.548805546811,223.447319775364,222.094243121055,220.467363763127,218.996384774203,217.584377646989,216.224088192606,214.865113080266,214.864254425557,213.606565513407,213.132989037779,212.792284198966,212.202239118799,NA,NA,NA,NA,NA,NA,NA,NA,NA,NA,NA,NA,NA
NA,NA,NA,NA,NA,NA,NA,NA,NA,NA,NA,NA,213.161323524387,217.094696750512,219.399783267094,222.193311827359,225.076483432722,228.480208041155,229.869133626064,231.731727327186,232.051665131458,234.100640331394,235.409948529558,237.369629824221,238.344544994591,239.482136298934,240.556922990378,241.556865745392,242.27333202773,243.214762773052,243.476808095725,243.280746442758,243.278577100018,243.117632968362,242.545789220107,240.996295127076,240.776519283467,240.049655358586,239.630566333565,239.669082486483,239.128952803358,239.327867723508,239.23817569258,239.611332960834,239.126525074653,238.055397723168,236.323436675487,235.443134612585,234.650306421943,234.142237867909,234.52359453128,233.95249022777,233.546214781963,232.270661315855,231.025447804077,229.979503030615,229.155119705922,228.186871614465,227.092521225159,226.539520850932,226.212291311028,225.864785368929,225.633378220943,224.225067377201,223.651366009871,222.640956342161,221.501069761732,220.061104013847,218.196985582169,217.297796733364,215.867620170233,215.136829075992,214.507849689102,214.321286415811,214.244716455224,213.778290603038,213.190365995292,NA,NA,NA,NA,NA,NA,NA,NA,NA,NA,NA,NA
NA,NA,NA,NA,NA,NA,NA,NA,NA,NA,NA,212.668389245227,216.018590988517,219.27550263159,221.148417049239,224.844752921149,227.19930767118,230.374490782338,232.679974569766,234.716577161943,236.457267389669,237.330134818786,238.992159474085,240.271240338514,241.366121484997,242.981183707287,243.501177152348,244.892321132337,245.947325468936,245.726344262898,245.506765951772,245.623820514477,244.986943962089,244.721724843814,243.13057237102,242.449400122771,242.039502000056,241.961956243063,241.583683411065,240.669401796664,241.345541085213,241.170685418937,240.827370487932,240.59410851466,239.774104810964,239.010192128415,237.72920293147,236.438582786558,235.57435002134,234.915756241555,235.211742755055,234.43111100551,233.409223862883,233.204523656384,233.084848623006,232.318567795918,231.920852373923,231.781748855727,231.339052598411,229.628892562218,228.830190125194,228.565511204427,227.642764724913,226.402726274893,225.128055256883,224.003552070056,222.980370965174,222.018580731036,220.135830680343,218.728869745185,217.171354493809,217.053479041338,215.928245263479,215.181412863907,214.652259995619,214.019896376148,214.222910873871,213.761341678308,NA,NA,NA,NA,NA,NA,NA,NA,NA,NA,NA
NA,NA,NA,NA,NA,NA,NA,NA,NA,NA,NA,214.642144676305,217.284689095193,221.643587317495,224.042049612117,227.788427412295,230.017648506871,232.272522466842,234.456794514046,237.206598557303,238.485046680894,239.93186172002,242.347097535313,243.103840779513,244.038886309095,245.4695092574,246.140379753216,247.66686496015,247.701624051368,247.650477428164,247.482337019245,246.885729149454,246.344465416801,245.9334932579,245.104587627241,245.009371255508,244.708230851968,244.797796559715,243.74500534167,243.346401661857,243.31271640218,241.973019437418,241.817449055091,240.489997797706,240.103298645684,238.732402910345,238.130184881937,237.648261257252,237.299904184031,236.019252822614,235.647049035074,234.483203901951,234.297484807202,233.499767929097,232.911373881464,233.066411525963,233.094559995366,233.270115328733,233.009005630452,231.877750722584,231.384030950954,230.826894510655,229.50464057716,228.358423243954,228.219450511038,227.268985363479,225.563148401854,224.007329310275,222.574109398952,221.410959273049,219.955087078338,218.674352259546,218.104954711676,217.584008199889,217.47952426034,217.195289505753,216.46351102964,215.628953995651,NA,NA,NA,NA,NA,NA,NA,NA,NA,NA,NA
NA,NA,NA,NA,NA,NA,NA,NA,NA,NA,214.936758494555,216.939750539809,219.994161795934,223.581553972726,226.85763131035,229.624354160841,232.282159880313,233.859078084584,236.87195247484,238.253102999796,240.040240242587,241.790973550961,243.327499080331,245.221191972051,246.975523332528,247.741720881297,248.307949647789,249.7929922905,250.42186039944,249.53996671384,248.987731532292,248.77548436266,248.584120937967,247.600509099085,247.01888142417,246.08473177159,245.995263956378,245.701023623145,245.147062494946,244.443270556631,244.170545862752,243.590558582915,241.529853571894,241.051597321427,240.065532030041,239.319015971003,238.249767420969,237.716866091291,236.688386982809,236.425196963022,235.63463573192,235.286514093199,234.788742892147,234.74237639964,234.206099542842,234.195656940669,233.77961437375,233.985853424959,233.973339697565,232.56204273529,231.817084571193,230.561082522643,229.775612895387,229.525158538976,228.905080998909,227.991820099958,226.625654137005,226.151809155057,225.119090607891,223.439645050991,221.756375297308,220.444690157906,220.161946093399,219.699724445504,219.307939291076,218.182276614122,217.911979460326,216.390300481547,215.537161847034,NA,NA,NA,NA,NA,NA,NA,NA,NA,NA
NA,NA,NA,NA,NA,NA,NA,NA,NA,214.909648881209,217.25541830674,219.369234979219,222.85524492174,226.412410646775,229.680946243579,232.621787547901,234.318190054373,236.416755755522,238.604592571214,239.959629031995,242.061403104727,244.013094026272,246.086197143377,247.81646787895,248.638619127914,249.271899315022,250.466768640351,250.182676838182,250.773343544412,250.525756577189,250.377428694543,250.011590483238,249.24548761944,248.162479944613,247.914088377531,247.376133866034,246.952018032779,246.62990524402,246.225016597039,245.581162450736,244.919350670727,243.286352761712,241.74936125717,240.322464611824,239.520718452481,238.513412650312,237.986454501996,238.323725398298,237.957823056063,236.560824121503,235.719215656604,235.856680909444,235.427573786038,234.723884325349,234.538153970613,234.523097880587,234.957085155447,234.405341800246,234.304863222803,233.690552408882,232.842162200587,231.870398280831,231.598461705227,230.948216324577,230.156534099014,228.678574888972,228.064573532602,227.320529124946,227.009394516095,226.059518127055,225.319878405719,224.521071653701,223.399903896168,222.24296563992,220.866482644534,219.557149524189,218.969120361767,217.344853026734,216.0326578467,214.933741605741,NA,NA,NA,NA,NA,NA,NA,NA,NA
NA,NA,NA,NA,NA,NA,NA,NA,212.710461558375,215.692912456243,219.288056736895,221.893212712151,226.192556467996,229.78353842045,232.114319613449,234.97261729354,236.622750052695,238.048737918081,240.125815888063,242.083448554144,243.712994251457,244.823416766159,247.134340382307,248.948753494893,249.497592486237,250.150263053908,250.950449629381,251.515948598407,251.584035525678,251.269393869242,251.098396553093,251.039732174988,250.474061253405,249.806856325165,248.71864039287,248.075786608271,247.826668029356,246.451832368451,245.956100683536,245.688757181881,244.752294994196,243.158503390079,242.069076528344,240.601463970106,239.614635814604,238.693470756129,238.023189177525,237.798138627934,237.351081576239,236.729100158487,236.360422212511,236.857723277063,235.966254901239,235.969573590011,236.106826651938,235.942843985493,236.466873864734,236.612475422437,236.153074449549,236.073938037433,234.825755824648,233.981833200509,233.645295334605,232.439408172571,231.575493518383,230.543047651973,228.929961440891,228.341083790132,228.393639552898,228.517396514766,227.806682930894,227.754865750865,227.171066105051,225.570979142591,223.706907860845,222.326851244991,220.826549427067,219.565227630041,217.947784185878,217.189612590152,216.102651151882,NA,NA,NA,NA,NA,NA,NA,NA
NA,NA,NA,NA,NA,NA,NA,NA,213.554175034759,217.587984629995,220.93214671323,224.90668328261,228.642048092748,232.049503434175,234.792335785471,237.225033502569,239.094046205617,240.623176428234,242.779031990501,244.398586224442,245.779800345491,246.57487120293,247.98537548044,249.757051349473,251.104966460991,252.423015057723,252.874816222975,252.491340111819,252.624932008776,252.621366284491,252.661573540039,251.848456469219,250.683763306436,249.625763354084,249.129436350769,248.686270101436,248.594140773039,247.566305108291,246.05069365605,244.816147863357,244.218722096199,243.388860485236,241.970160408006,240.738339678276,240.487062874986,239.442566860208,238.5351747974,238.049800930314,238.636441345763,237.748030254069,237.289374680799,237.377585039953,237.510172206771,237.464707041565,237.389336629013,237.307710778004,237.480477798149,237.470104086966,236.797280812192,236.79055430654,235.787717103463,235.264597430266,234.506173658807,234.006894906773,232.927282220445,232.160090272426,230.893568216537,230.249259841853,229.895379472424,230.479505071107,231.26135377752,230.25076144795,228.43435608056,226.976845003817,226.43540031977,224.919633832812,223.051765129952,221.989849082051,221.181587215929,219.27816860105,217.876076882712,NA,NA,NA,NA,NA,NA,NA,NA
NA,NA,NA,NA,NA,NA,NA,210.698359230483,214.317828499797,219.48497408023,223.730593075236,227.298078807998,230.831355728052,234.632048261256,236.586628115805,239.241890699415,241.045638760747,243.236581446303,244.768620770433,246.349330833176,247.326975944237,248.613999626207,249.67984508679,251.421834835611,252.446998547739,253.421819916857,253.259304358285,253.229115780594,253.751680513255,253.56758379537,252.579123467483,251.474344884629,250.137081086422,248.892994651307,248.547386864732,248.649673582431,248.600796639198,247.0711948881,245.461799843343,244.649268429826,244.298824888237,243.515568709831,241.720119523983,240.643962188605,240.249661827617,239.012686849463,238.885392595357,238.936920351666,238.87052910922,238.581066835037,238.311816499884,238.694583598972,238.455710122046,238.868001504356,239.208171397582,239.060327253248,238.987895655773,237.988335265759,237.294863939394,236.721680627536,235.997699077108,235.923214812057,235.274618903997,234.180634607243,233.682669870667,232.577849698106,233.085565911291,233.975356109949,233.891399062176,233.191114669263,232.998164288339,232.54146802976,231.616432481991,230.118854995022,228.399498173687,226.498686061115,226.135805712366,224.353737290115,222.578189358308,221.039718280075,219.741687081966,218.131010275974,NA,NA,NA,NA,NA,NA,NA
NA,NA,NA,NA,NA,NA,207.816289408328,212.221872183036,216.833451394235,220.384770594235,224.494581992269,228.828527462619,232.524622399707,235.427789938176,238.506665948046,241.512117645055,242.603382711668,244.411153356969,245.656377718209,246.550299353859,248.806628452938,249.877156287969,251.252815827645,252.794035727441,253.312223028151,253.655165369925,254.234519522792,253.608359472064,253.537389803154,253.163436082273,252.29963942344,250.250454870248,249.14357962134,248.654857911693,248.196600239065,248.417994268939,247.788829693735,246.588109331113,245.991797080363,245.645228895349,244.291434471718,242.730853151023,241.890134215382,240.916171709263,240.352044638587,239.891568355405,239.414899636228,239.605007077622,239.215698830661,239.562537200323,239.073901495424,238.747407923206,239.114650182736,238.862304204414,239.12613568905,238.793179737796,238.637759467782,238.18830805595,236.911114936155,236.303090623076,234.792522273061,234.770300419745,234.142339324806,234.518828574967,234.392552957438,234.334341297067,234.841623832647,235.141387819314,234.743051688368,234.300032915852,234.196019904992,233.493812921106,231.928661416145,230.844976612554,229.44602550628,228.907374879446,228.530377758125,226.413977968012,225.482512214904,223.637782423786,221.436319386376,220.157690619517,218.427697037626,NA,NA,NA,NA,NA,NA
NA,NA,NA,NA,NA,NA,209.150403267847,213.570252629007,218.048263048593,221.177788107147,225.399701260829,228.99687198621,233.761369066248,236.819743977955,239.988948197234,242.567701351355,244.833763178867,246.374567203727,246.736598637323,247.789213694164,249.901256054735,251.033607558466,251.924108572303,253.023012123541,253.747248043505,254.161589707497,254.174402085169,254.119872095808,253.388434595331,252.531931290068,251.46119174697,249.715480609121,248.601234245233,247.763246929988,248.036481815472,248.346666758853,247.356470492563,246.662841838308,245.78399132432,244.768220527485,243.24282257182,241.825242482122,241.215034751206,240.884129924463,239.922058236214,239.484715855829,239.605830461666,239.938918982397,239.594559180342,239.20531914141,238.727619506689,238.042539075265,238.014125913279,237.731833645876,238.053065243623,238.400177583042,237.765271374399,237.265435478102,236.285386441594,235.203634379313,235.281905487896,235.379773762136,234.772824439052,234.780616116967,235.557566555633,235.869218053884,236.039529460823,236.135088284924,235.631871050247,235.061881583225,234.739251892394,233.54909026026,232.656064758759,231.322093967055,230.653698288537,230.322669957265,229.580282878817,228.16989408901,226.646712487354,226.143607910322,224.950972374293,221.991658114434,219.558150569305,NA,NA,NA,NA,NA,NA
NA,NA,NA,NA,NA,207.437482056038,210.883436428286,215.146389606033,218.8959104318,222.498828764342,226.295684502887,230.43317669597,235.015092290881,237.005268156582,241.016065610274,243.761750820332,245.559257209637,247.466382690315,247.239174847205,249.774663988591,250.903624389028,251.712216988088,252.554783503509,253.019174172858,253.384861856382,254.194875885091,254.363358520521,254.057850286229,253.276612231028,251.768638614544,250.258738401862,248.341560857633,247.931420577842,247.976574343993,247.988154037822,247.443701739022,246.342715223948,245.860304012016,245.423922358199,244.159584728153,241.943608717492,241.13187511361,240.600483865401,239.365866934559,238.7420505724,239.146405484136,239.695566170475,239.371483401145,238.662113044361,238.333781970843,237.894588331263,237.228395448287,236.936754514066,237.036706306497,237.434360606979,237.696124646188,237.385026708963,237.214760509035,236.858044761999,236.349381404292,235.4845059266,235.360225540248,236.230084506104,235.926010039893,236.640358194614,236.697572108439,236.671731951963,236.216797265836,235.894382997969,235.431178968051,234.641603238013,234.549477747465,234.17351905365,233.224401903987,232.551899886222,231.578085169168,231.236702927828,229.618250625494,228.928162904064,226.673106418506,225.449972982234,223.16028215043,221.861583841459,218.633347219238,NA,NA,NA,NA,NA
NA,NA,NA,NA,NA,208.658434691567,212.268091271258,216.688681579472,220.660697148978,224.01846604167,227.412070386702,230.822701918607,235.430978427606,238.120975554184,240.474708333453,243.873892559574,244.8478483134,247.537552256946,248.184176758792,249.355959634383,250.045457224131,251.606001890517,252.08946730978,252.911974057649,252.997167905822,253.929880715979,253.88088910399,252.99094906299,252.082727629213,250.973584028425,249.309413537084,247.266143375892,246.386361506914,246.450903252881,246.278936754358,246.163992623033,245.179737139451,244.783410095255,243.532886272653,242.417080585222,240.389406487679,239.557827731549,239.082997142294,238.505052157901,237.767790130477,237.41378405759,236.96713236775,236.94890976951,236.522328672225,236.93211440395,236.652090399489,236.608372266365,235.753746203969,236.309102687681,236.80463551665,237.144343037008,237.320083987772,237.265658283291,237.048510460478,237.132948194321,236.580501926352,236.268266976318,236.672689637061,237.09586923934,237.594461302393,237.318414200906,237.88238402736,237.419658717378,237.063041119522,236.515444250243,235.229406271793,234.842651125093,233.984606864989,234.058473506459,233.344682851434,232.102618188301,230.998518191951,229.813249226702,227.953811428429,226.757167806454,224.789179961945,223.322005355737,221.464428051513,219.747123498768,NA,NA,NA,NA,NA
NA,NA,NA,NA,207.941066371978,210.682105558739,213.385964448471,218.040975951259,222.531169303119,225.297360372536,229.043590011728,232.174660223802,236.216334804796,238.322771100064,241.356538433069,243.811599608764,244.955963876021,247.206402564318,248.001641272767,248.856025012941,249.846282499159,250.165395811944,251.453092444354,252.637421131619,252.510753971266,252.748502999417,252.778454647816,252.808323110144,251.661357303789,251.292853009638,249.261834621699,246.545241272844,245.653794174064,245.537478313735,244.901929766311,244.146199599631,243.647656992292,243.257220005849,242.417225891371,241.213026401903,239.690070057131,238.408627799226,238.017123876328,237.024223378575,236.437386560781,236.919290650277,236.660093454553,236.696493203499,236.155290758576,236.327366955328,235.886870968604,235.436133359508,235.601877407812,235.386424685021,236.237631337922,236.421156815092,236.082293530658,236.899711892694,236.494961008583,236.446142366584,235.978147556249,236.435952311533,237.003203308656,237.800130048077,237.172462820206,237.294874041265,238.113519046042,237.916138835894,238.002232762202,236.836580848313,235.991658292377,235.450587481241,234.006179268892,233.199992748017,232.495262641167,232.337535355213,231.592577614148,230.102681333898,228.396108700365,226.002930423802,224.786725037604,223.36036163742,221.422042666063,220.703093625856,219.500003862379,NA,NA,NA,NA
NA,NA,NA,NA,209.278598729229,211.962902643735,216.947600099093,219.672856769555,223.770443517961,227.294460267113,230.942763923286,233.908483882939,236.825275718566,239.068115870706,242.000822959765,244.159343341043,245.353855600942,247.103048878114,247.708337114291,248.653813204644,249.191229102802,249.790738898107,250.490968628538,251.9307016879,251.519423570756,252.345605327909,251.635043920237,251.832805416687,250.775746237999,249.882366792025,247.915796969103,246.45887975679,245.815072815973,245.156802017637,244.037709778435,243.432797390005,242.819997972684,242.235812972044,242.112682541041,240.801961390727,239.649363471501,238.084817242592,236.675087532175,235.709835532452,235.48971793724,235.336500107785,235.286971802157,234.667950806039,234.267758018188,233.672509604907,234.09099742143,234.141307673822,233.932186974204,233.64693984985,233.307074892471,234.007479463649,233.726437103309,234.578205988416,234.937794576946,235.501532247151,234.544592749642,234.956924605201,236.140249494544,236.700531878708,237.663485582933,237.913938463443,238.149234334289,238.163596444483,237.799847401027,237.876298535583,237.173331943966,236.487550694734,235.16905822588,233.82311033845,233.21826314134,232.650184631217,231.871842815877,231.032111381435,229.522619373804,227.945652933495,226.312076053545,224.759321864724,223.260027602835,221.892661077436,220.539025492157,NA,NA,NA,NA
NA,NA,NA,NA,211.420269048411,214.79053049927,219.368922413309,222.173651266451,225.970137267621,229.692076888269,232.717333377498,235.445137371159,238.438063357055,241.074118178383,242.462135457867,243.543399680182,245.283748229551,246.594242955784,247.691664102588,248.063351269198,248.458022699525,249.257844827619,250.299037389681,250.650351747833,251.281083931758,251.774832027827,251.737252994415,251.216045559868,249.583737595455,248.483516476488,246.880775030523,244.210642988732,243.940986165572,243.500313679234,243.210374002264,243.085100682467,242.556681153092,242.645134109536,241.959378181516,239.786745341785,238.982401883717,237.391363744154,235.730066620375,235.831028031371,235.582285376571,234.850549720405,234.037878445863,232.876886124798,233.056164315254,232.950950564281,231.65228452202,230.941034547946,231.394281973799,232.151555112741,232.140027276849,232.353682174193,232.163597825031,232.526839227863,232.745160584697,232.833029969535,233.345465999326,233.991680571662,235.051196217366,235.717091651362,236.102860857056,236.945119431716,237.93343876883,238.357113916259,238.014442168511,238.061707004582,236.678025637367,236.142229082187,235.024605040313,234.410909692074,234.102534198149,232.62344690614,231.149802152418,230.643085715672,230.163974782588,229.715364062387,228.154519543883,226.701242571274,224.843814486697,223.604147125658,223.804650427033,NA,NA,NA,NA
NA,NA,NA,212.255239419736,214.257209350523,216.598202303337,220.811218779988,224.337709837281,228.319660861264,231.491598169787,234.316147031249,237.105474317494,240.871630302995,242.064871531206,243.275759048587,244.483656286255,245.605681567148,247.040159276996,246.757513756735,246.982454207091,248.044064537883,248.928183783911,249.920542141721,250.085819506107,250.146286010123,250.817082638761,251.024937623173,249.873345597806,248.394032353936,247.732809932262,246.392598629535,244.349311434595,243.713423736848,243.519038082156,243.420611374764,243.561433137464,243.145696234937,242.625705353627,241.132839916377,238.991386035806,238.01122662745,236.200639778317,234.875847708087,233.663129298019,233.372871334806,232.960714557035,232.850124038101,232.077907943652,231.695842677226,231.551424143305,230.623487763751,229.537628570552,228.09986903033,227.953571259465,229.201461171927,229.740524972678,229.639903179692,230.201627713237,230.747017550962,231.688424655048,232.559963449122,233.528452898348,235.115752307071,235.866424056884,236.408813504012,236.637056899608,236.439308245074,236.794603328478,236.358893658619,235.678167593181,235.950702606839,234.753840243726,234.002127246552,233.11768278361,232.988950074833,231.919292091228,231.221121308889,230.076303582737,229.321631305167,229.185037013437,229.079631685791,228.675817513988,226.676454703254,225.603565224907,224.359438236337,225.04302227664,NA,NA,NA
NA,NA,NA,214.475674828082,216.190532212326,218.720142180798,222.690945800638,226.609585536063,229.881353105763,233.751822250562,235.729742829229,238.838476154544,242.182675129146,243.577078485915,244.514463188612,245.829252560425,246.167764641379,246.863838027699,246.676067048545,247.48897313665,248.505084530951,248.636474339163,249.163007858245,249.228192167398,249.392217195383,249.697797566721,249.360302275489,248.771443853011,247.630386067014,247.079965311605,246.690485780538,245.234664266033,244.71030019492,243.933568136675,243.676402269654,243.41434228566,242.36370701731,240.732216231194,239.266185027221,237.853266813414,236.105242757531,233.236102862623,231.672421866494,231.25461205113,231.057298042327,230.096367536725,229.994823527958,229.739689336634,229.446924007714,228.302750979526,226.086856258708,224.251789495623,224.6327889155,225.804453286752,227.059038544142,228.166107039893,228.572316884464,230.034949496807,231.454290146152,232.334982121307,232.471155386339,234.019447324577,234.648239590312,235.304631428582,235.077532764967,235.336870344199,234.998063726925,234.889365197774,234.857608076502,234.427310523536,234.596390508477,234.685420308509,233.730448623859,232.723813826061,233.147001571825,232.661660839652,231.851896145404,231.363991438598,229.618243990798,229.608596918996,229.647314250187,228.63822786797,226.61151194492,225.937462845559,226.014282425591,226.270581820342,NA,NA,NA
NA,NA,213.670534249645,216.80724279878,218.752989989753,221.147408379059,225.106243803197,229.064153354625,232.346551059737,234.898761186396,238.061491872691,241.273001166006,244.167206778384,244.929319025234,246.268687558819,247.433920079193,246.996497261774,247.604585242633,247.23710533278,248.112752125498,248.164418434645,248.693907083682,248.309354804861,248.381491523082,249.469494892719,248.628636831797,249.068208819934,248.843309021435,248.098209624306,247.480328869346,246.23266632246,246.019453459266,245.139567148304,244.295487674805,243.768385508988,242.99401298262,241.723352047604,239.945057159789,237.259530181954,234.950246414179,232.760490601604,231.253719537685,228.698107353852,227.603370148483,227.346874886019,226.368340418356,225.528430301201,225.654727118905,224.272691464053,221.7981992304,219.752691100484,220.49390778813,221.944098780342,223.612171018276,225.09408057883,226.653985789707,227.500357353962,229.02225247097,230.284528769955,230.876924558427,230.355305369092,231.503127439848,232.543902164534,232.895600315255,233.778732410621,233.665436468349,232.993764770246,233.040957405763,232.720358327638,233.376924538812,234.12301748533,234.552269119371,233.261144351354,232.920160545903,232.582152814115,232.770996600095,232.432808355047,232.015272725463,230.812048316527,229.377003884482,229.202553068944,228.993208622828,227.53156116214,227.15907494792,227.39083435324,227.147539299879,226.899987103822,NA,NA
NA,NA,216.039178736709,219.474603440223,221.813710162772,223.804725272742,227.19844758374,231.632210607511,234.049225265367,236.639066256054,239.782103668353,243.207036976241,245.419461341605,246.762480909659,248.01788668091,248.660618035346,248.706028519009,248.943757344893,248.33508344208,249.200974575694,249.742641919468,249.271837132974,248.303219308082,248.165467890906,249.384893017148,249.340139091407,248.972321402878,248.906573063665,248.741477675747,248.049343533724,247.328592925263,245.530615836157,244.334295697065,243.52364066697,241.648729588311,239.883017526533,238.54542976051,236.74546909184,234.496136219079,231.672754508991,229.90794176853,227.162493016031,226.523569325882,225.339876723152,224.368971564921,222.391303789711,220.707926876915,218.947842069788,216.805874661556,216.695283403931,216.485962503204,218.266609490289,218.554511175876,219.987429648084,221.087067081233,222.987927668799,223.89599776408,225.472880415832,226.129778004251,226.915119607935,227.553767527698,228.745231962751,229.997145178791,230.724932356807,231.904304506418,232.314405281477,231.055476255258,231.518945240797,232.174361374628,232.744021383668,233.314480467621,233.460954311427,233.190641271357,232.740157063382,232.000786529212,232.383684697415,232.629689853286,231.512548327128,230.482626973293,230.18321505403,229.544807482868,228.650746948211,228.535739505418,228.252598933609,227.00277458016,227.017643786881,225.539401700457,NA,NA
NA,NA,218.045997414689,222.007029302972,223.867845155498,226.527944465332,229.699652630522,233.550710920002,235.936430045088,239.074923327773,242.102911751068,245.289554626946,248.221341454076,248.681805740076,249.466071317629,250.172836771599,250.360805682282,250.476258620015,249.972453750079,250.168311676851,250.161134226832,249.344607034094,247.907082076123,248.138022330219,248.957868336382,249.062798067285,249.25381141866,249.153086162128,248.982450689033,247.928767823738,246.541538606481,245.529265735196,243.851716752827,241.068700129764,239.353600837793,237.736802278718,235.881511165079,233.775623837231,230.571421996245,228.259979016432,226.772921530328,223.551095543226,221.295475496017,220.297219977274,217.8982991752,216.16843875946,214.946830639498,213.895350917676,213.767171750771,213.69048539766,213.327855852916,215.00523486157,216.174759812187,217.787338037247,219.840843226893,221.006920618202,222.351699067039,223.090072423503,224.652442173347,226.052096005869,227.09968237812,227.945972322588,228.24587481448,230.059145018862,230.571000768939,230.754421053828,230.345190355163,230.975917376989,231.624122076262,232.430302828677,233.191853732788,233.398543088993,233.339953436657,233.764833823347,233.568458137878,234.044865701181,232.972254871346,232.60774443934,231.489637236401,231.067855431607,230.521192490485,229.657352731382,228.830099481244,227.719366060509,226.968725526177,226.11539856793,224.896698205596,NA,NA
NA,NA,220.737322285825,224.468263143094,226.886025122439,228.744330170917,231.799163821424,235.344686469733,238.400164532744,241.833194026786,244.533074423027,246.850937316007,249.629615743666,250.585610963177,250.759749395017,251.405273640048,251.213970155579,250.897854610221,251.08565881294,250.777440091389,250.74922858902,249.855210002958,248.451263523962,248.255541826811,248.695093166775,248.798276652721,248.690984137301,248.496129660965,247.72077710929,246.977575340219,245.711438725861,243.733487215643,242.715084170352,239.437586577137,236.790065633778,235.440705889793,232.877180794323,230.394625539661,226.965148586338,224.37313512425,222.863444274168,219.78508679817,216.989238059645,214.733037689722,212.062586393825,209.99790480475,209.376980675837,208.224010462969,209.103043553724,209.837988539124,213.447173337854,214.834779238432,215.83973990477,217.564031380989,219.591585577779,221.186074024065,222.333295735313,223.870382796375,225.102292286216,226.056307162172,226.949813257623,227.874807126914,228.375789362202,229.416187445146,229.596567290952,230.666593718359,230.710183599417,231.701703513151,231.814969149,233.146526424543,233.66663994557,234.097353392177,234.462048442539,234.427036914281,235.030488152456,234.993482466551,234.442564055511,233.436301835538,233.545793553708,232.025157889855,230.950886803803,229.32223478537,229.268535306755,228.410542057761,227.383666512424,226.183591825571,224.900416363314,NA,NA
NA,218.272762374193,222.85252330205,226.887951714086,229.746950069705,231.895211388751,235.054274156169,237.75294739605,240.497787394843,244.16925355173,246.514516791657,248.862842629795,251.112396348149,252.462670844469,252.138900774507,252.163129665846,252.074017774453,252.685230933327,251.971163029046,251.222408548304,251.414398438634,250.432192215452,249.31910141089,248.725871544365,248.48700299909,248.449500443949,247.71036197597,247.681662201411,246.734457370455,245.439949800476,243.969858834674,242.564789589745,240.421865584828,238.17408851765,236.227370256942,233.726142172636,230.494458772235,227.473278264545,223.353106430603,220.502016242511,217.913031423682,214.62587395059,212.057815885938,207.552565159519,206.286748386163,206.373574427232,205.70268579893,205.032652693184,207.723456658248,210.300355066106,212.823010259794,214.881882122127,216.754237301825,217.795083980168,220.518079971407,221.146864192999,223.227744826171,224.33214087035,225.85823319309,226.35729001257,227.752361186843,229.620886910172,229.530793095413,230.714293069129,231.326997102053,231.250251325037,231.63035014578,231.449835041231,232.002975079143,233.204549071322,233.542124431972,234.333403839049,233.899252262531,234.682001222348,235.30160916841,235.301171362623,234.135622212575,233.326560227793,232.295842198571,231.989278143872,230.763116945284,229.96112906514,229.201583081632,228.337364367991,227.484700112126,226.464228772806,225.617423497311,224.61040396505,NA
NA,220.212852178662,224.260525452089,228.497668397262,231.876141447656,234.831788636989,237.429587630965,240.928628591605,243.280613971404,245.306278933721,248.326671881866,249.536142504176,251.836286820951,254.351080040212,254.258584922022,253.917783562673,253.645928299731,252.731789912962,252.303017668247,251.971630233046,252.30902790743,251.761515533778,250.394584076098,249.892893777358,248.345517357556,248.336713185464,248.283024301619,247.887758065459,246.597118980817,244.880827742966,244.030824147297,242.668545336765,240.865511787803,238.241739053384,235.341189919507,233.099902280146,228.222932550649,224.876499559893,220.309089920473,217.605858986082,215.482056949185,210.869059583329,206.63225527386,203.872834807036,203.030782851044,202.975474173078,205.501680109997,207.006910349049,209.343063490088,211.143470497955,212.450644969086,214.637840367179,216.431875820917,218.55208112926,220.789050952427,222.012912741774,223.446309800524,224.957053979825,226.49915424685,226.757786031237,228.585862973871,229.987614328414,230.767562695693,231.475007913805,231.937311633518,231.589567154505,231.642932962775,231.835858950172,231.703282161373,232.942672362795,233.535025773036,234.730707877113,235.198178378336,235.493436765312,235.036288819503,235.120683252268,234.957009040777,233.770246314857,233.453578344218,232.596633736428,231.390575310394,230.684311973105,230.142304554308,229.095467199833,228.088656722629,226.236035451054,224.465575948202,224.496427348364,NA
NA,222.095855267789,225.503361279406,229.281816779865,232.958529394446,236.37984052296,239.158233413908,242.505257446722,244.98071041094,247.398220267096,249.234738005003,251.143540043545,252.344602844655,254.514848413677,254.463845317474,254.763609571832,254.600689782932,252.990443744199,253.388924123223,253.19665919386,252.933579626555,252.340447388819,251.996464971149,250.588248849104,249.102754029448,248.844199123403,248.345684472226,247.758867122439,245.565046075296,244.140693423442,243.056177548409,241.258636978287,240.079935898043,237.338370824493,234.090375760824,230.288486857879,225.964582146087,222.453148255577,218.563842329207,215.23750624369,211.236564055636,204.927791272068,202.960858019109,202.511810721762,203.518729455718,204.934802662835,206.568533980825,207.990043260818,208.967868371508,211.127040149038,212.228416548596,214.678909244659,216.57974249109,218.115209145449,220.43429502414,222.220724144486,224.335377133334,225.147708896678,226.874574236944,228.24144474048,229.421400338161,230.474451143642,231.450882972189,232.945405083088,233.023769218524,233.058243165794,233.519908803815,233.134910384185,233.088639282769,233.671504716899,234.693910994228,234.94348768964,235.148448180725,235.599169366327,235.883276260609,236.080586565139,235.619504265812,235.034099167287,234.025459748986,233.246823436434,231.863210441163,231.381064767855,231.059287876941,230.299064041488,228.663726001228,227.196969205732,225.308348272801,224.536282588984,NA
NA,223.410843806912,227.16464032653,231.085635300406,233.905620898489,237.450178970391,241.086272756575,243.518543527527,245.270851165322,248.783619800017,250.451569445033,252.487277026197,252.667358167441,253.993855784923,254.974357078184,255.018766968392,255.291123204509,254.066359474302,253.782576965013,253.885405152886,253.926940978913,253.607033343042,252.766188402315,251.237086276263,249.480972656667,248.765647697996,247.861054649974,246.742974331701,245.389024221859,243.822726112565,241.699953848995,239.81507348165,238.173376021678,236.701671286958,232.103084860025,227.694913462077,224.342327315258,220.849979916283,215.449591732142,209.519332954719,205.591232856278,202.363252806047,201.068112984321,203.506467850077,206.550264711598,207.758517459538,208.577698690723,209.844563116416,210.50910922507,212.215104621052,213.470400999218,215.416980069285,217.29432745584,219.503883250435,221.220671517402,222.753222191429,223.983498797887,224.980215589341,226.960354904888,228.223244814019,230.658982646249,231.275271856927,232.488821624083,233.701168891702,234.914002543463,234.917019265679,235.590520261643,234.938181528684,234.454499576012,234.672890109357,236.244115295782,236.750352425727,236.437174137104,235.695263830103,236.10758486454,235.613088551889,235.30661459743,235.56209056454,234.401230959471,234.067861579659,232.398313183895,231.60723478561,231.205444370124,230.489790280516,229.284457529815,229.353209371693,227.103576171626,224.64912729278,NA
NA,224.365739723613,228.143467806454,231.440614579495,234.709526961135,238.52410404278,241.65660554365,244.364788059321,246.124270898737,248.60700057017,250.591255064424,252.725552927473,253.744826934481,254.356796110733,254.151517438096,255.29947318151,255.290541256693,254.583373814984,254.645194542093,254.791238618624,254.386040266913,254.377509809245,253.548358702915,252.343570539872,251.708640325274,249.750624882651,247.555415021408,246.087714458515,244.890748357251,241.898589563563,240.594725434666,238.892785819768,237.621636957307,235.615706296549,231.301104412075,227.879990107107,223.1127851679,219.380027208109,212.781223771055,207.352507855771,202.934707188468,200.05993244536,201.454570245935,204.678823535282,207.797957950761,208.316398066138,208.430630925276,209.149521876007,209.396542305124,211.218744447106,214.146529484655,215.128599333127,216.163339761335,218.311690765548,220.729059583083,223.177948687339,225.26832367232,225.47390260611,226.710869316534,228.413692513993,230.369186275016,232.910492947637,233.724384575091,235.057258734996,235.206729114202,236.077017896566,236.570500495822,236.788760630588,236.054490464919,236.022766138433,237.066553625756,238.021918859199,238.261021747956,238.051842708425,237.265485320098,236.56283675485,235.929738865329,235.732976536796,236.115646517717,235.281319355345,233.430862859861,232.767841747139,232.078595743401,231.300991197269,230.268291244852,230.099173033832,228.007645496235,226.089056961374,NA
NA,225.826686290003,230.104221015042,232.070630049319,235.90853826865,238.811435036764,241.450297793211,243.97561203437,245.91848127203,249.041214269223,250.092160243155,252.217612447436,254.322221021525,254.683436506595,255.049716200692,255.992037614363,255.727712677441,254.395610304565,254.357252581211,254.327531580301,254.755863339712,255.386072959998,255.226366515011,254.066410102597,251.266454351352,250.096862327778,249.161129840928,245.8667601005,244.188935672352,242.567131768125,241.522138769914,239.234681763177,238.078591401542,234.73200453329,230.489378502345,227.357999782967,222.277618728257,215.972772602318,212.271939410321,207.176834967812,202.600133757136,200.994492872712,201.806409276825,204.497352096393,205.839614051185,206.182077300678,207.334716746797,209.784233435509,210.586906864127,210.88190579619,212.909046145946,214.990875726456,217.124289956324,219.398193067592,222.156967560436,224.452703865262,227.021399199716,228.291477538285,229.718064016282,230.277074695563,231.608156667633,233.002019920082,234.130503257386,235.674922878239,236.24152913116,236.966628739474,236.194006415235,237.217458895257,237.365787560476,237.30108063808,238.504093102461,239.835564374176,240.535004922195,240.351264882944,239.041438022697,237.911351714112,236.536597044877,236.227934548473,236.261997647298,236.477014035842,235.255930487756,234.680634732265,234.325677980668,233.198513672974,231.29548680169,230.614429918151,228.766885582353,227.533228468773,NA
NA,225.924056599614,229.893267490223,233.099755798684,236.798632854626,239.719574930474,241.857002251354,245.021726887833,247.297971474667,248.828551396565,250.633071792678,252.919823594355,254.537445397376,255.363016064296,255.456281987482,256.459186065786,256.554556281311,254.84795412599,254.62542958791,254.5978189932,254.626177418576,255.704260772839,254.976049459758,253.886822580664,251.999388794154,251.045476738191,249.335855646034,247.150438772125,244.32929054566,243.328958030275,242.034436895807,240.012785089837,238.264709947668,234.099431612786,230.425649270589,226.474321077502,221.845110539903,217.661123387072,212.596406641269,207.054840755045,202.65493411078,202.538594307604,202.893335528799,204.451979354287,204.157969834559,205.20977690744,206.529824544375,209.262353135548,209.223742054419,212.049308706607,214.268768833062,215.918391296328,218.436867934608,221.111843777587,222.522351009069,224.817693395117,228.136617822391,230.293516171234,230.716575578781,232.05076300037,232.223469282507,232.758247542896,234.731473359151,236.65129684604,238.075609291909,238.670305491969,237.850000578437,238.867661998927,239.248146979876,239.284215051994,239.195131454201,240.49505630826,241.256783593325,241.375332361009,239.784363187906,238.980297808107,238.092383967807,237.142480840746,238.058752846635,237.774319096949,237.637082316399,235.46010737888,234.974081513577,235.085258830488,233.091446125139,231.437076758031,229.081075709077,227.394486161158,NA
NA,226.615955314138,230.931409640804,234.155391010465,237.463184941061,240.399587728456,242.896253721536,245.352553636504,248.010036747193,249.456350308341,250.938373375304,253.213274957621,254.692599552858,254.845856610652,256.103333909775,257.348871082046,256.539383755538,256.320778479025,255.838651526799,256.061517352999,255.728782334938,255.170047719885,255.272643388481,254.111594621528,253.38343011774,251.99804702369,250.722973576177,247.802716789914,245.151163940462,244.531601676048,242.458830728238,240.489920956216,238.330829458988,234.385640605424,230.547902858359,227.87930234014,222.612441603188,218.006577302255,212.781175026262,208.096712433687,202.683802554578,200.213709628221,201.365416341175,202.078752372411,203.996024350393,204.817422162801,206.050911325603,208.321016315315,210.340023457918,212.392684826403,214.9474023533,217.680533415558,220.00113916463,221.240884636313,223.817700791701,226.258193820553,229.090652214367,231.610306780291,232.678041871023,233.299595441861,233.640846250438,234.034381507134,235.873676118297,237.73279412225,239.050489720642,239.560188151629,238.896771161633,239.190026740148,239.932892292552,240.852228865621,241.895389679501,242.53999944261,243.378381822386,243.112211251906,241.205234672679,240.177487006042,238.855178675983,239.00572819261,238.676823128847,238.140866609333,238.597823939155,237.854880978694,236.801678873229,235.70875834588,233.914651202929,231.951137360032,229.622418623294,227.493491076544,NA
NA,227.927153831688,229.999621661001,233.836016665573,238.289628210385,240.287699597122,242.91452963361,245.84039064757,248.167492097295,248.91295993452,250.862405183655,252.235642508204,254.039666934191,254.457997911174,256.139394772103,256.622771011329,257.319405641911,256.676027646541,256.948260321599,256.021552116172,256.387537827462,256.248338345029,254.907936507723,255.539480122871,253.129262281826,251.969952374292,251.381284879402,248.590987536277,246.404179864684,244.982289286335,242.173996924298,239.760062846794,237.66941723223,236.082936699218,232.215277791738,228.299648849609,224.089201810733,219.638616310594,214.876526835841,210.173702610101,203.857404599303,202.567438641312,201.758275731597,202.286852385672,203.385202709967,203.259998965987,205.960069429085,208.580372380574,210.801728498115,213.032704864089,214.523421068321,218.974565949537,221.374889427732,223.861147775604,225.912403196879,227.368788064928,230.203249703038,232.164870166795,234.017374489682,234.943298359256,234.689907100149,234.8908627048,237.567349626639,239.072245081583,241.021166321686,240.109584527315,239.685018596106,239.440268048863,241.118118121201,242.65303382944,243.755648074807,244.154567044877,243.454145013737,242.67407208216,241.476983754036,239.846983139624,240.10515333608,239.835025657626,239.316715922181,239.238783881123,237.84955443521,238.64798465158,237.500030032732,236.852095247654,234.819588870762,232.978758993314,230.662486852598,229.080531810541,NA
224.471397082949,228.043638916213,230.151597278745,233.443865664889,236.566098140187,239.953028620575,242.943527059053,245.51371289918,248.142130262033,249.980682269398,250.92605422808,252.547145417672,253.499280541517,255.246769277442,255.908701218358,257.113999380824,257.701228491395,258.273259215953,257.556090173009,257.402493114464,257.018725130571,256.530941653708,254.719582402222,253.931834769538,254.185055730205,252.85762465665,252.438200654924,249.93056187174,247.950254855978,245.432953816973,244.395075389796,241.914465941001,240.741635620672,237.754835531192,233.974175727265,231.12227168235,226.365051748675,220.792384605775,216.083894486932,210.907496498575,207.464616465359,205.742968257026,203.261101963488,204.596481829596,205.212167588208,205.119238306309,207.347998835884,209.734579636966,210.57831476043,213.623185334833,216.270979953526,219.813883911094,223.091060773392,225.662553916261,227.817041318966,229.867079299766,231.658955610402,233.706181133991,236.018260711238,236.025201228592,236.880171337463,237.22362442027,239.303534150573,240.613189999535,241.238152977803,242.636754138397,241.409099522689,242.413198610504,243.683354145934,245.731504201256,245.662213858898,245.064840467372,244.572521271528,244.050679550385,242.609596017721,241.045585210417,240.33435004267,240.831919502024,240.343258316817,239.946026344954,239.431139087501,239.119869153859,238.157867455553,236.875620229403,234.945846105851,233.588022187443,231.622107410067,230.533063974206,228.516528461204
NA,227.889644844208,230.446870941918,232.800829627256,235.927141714235,239.449767542081,241.830925275282,245.376882423486,247.496378064601,249.128925080676,251.337026851506,252.705543384907,253.803178432779,255.319366625911,255.734595498894,257.505267060664,257.783033304832,258.45170145824,257.631667760339,257.560390265309,257.189931596684,256.713822364727,255.856296319876,254.328177377038,253.39905243942,252.603796556415,253.032200614965,251.885497445942,249.547350106894,247.422983374553,245.617341272464,244.120999421287,241.4799892144,239.038833084527,235.802990638548,233.083551188693,228.675945297658,222.400523168702,217.808004080256,213.717792134144,210.212117316076,207.024008915353,205.26947747719,204.601393317488,206.871137206094,206.015129344072,207.031751569014,209.993891665855,212.364100863151,214.515827434459,217.606447923762,221.410890660367,225.664037530344,228.431313090147,231.299977286988,232.530551427067,234.536893755795,235.817114171454,236.681037803992,237.770122134189,238.708961627032,239.393388914989,240.560430141009,242.050581407538,242.891334464666,244.726108926447,244.741768521051,244.855441038189,246.29159853454,246.96302165632,247.546311340085,245.809579479712,244.746768776627,243.655536652998,243.257347162229,242.568627501881,242.282421391527,241.339939903534,240.802601707736,240.237192870462,239.666415286045,238.492224753868,238.340937150094,237.371669075204,234.857878427399,234.035191198022,232.770385028835,231.311678747346,NA
NA,226.69577976041,229.392684577865,232.141003948918,235.615569190641,238.510739874107,241.605276125787,243.840349713391,245.977526249447,248.236647506164,249.539348561251,251.841869807438,253.550322276634,254.723854174532,256.045964063586,256.876149243163,257.30905361682,257.630071370912,257.507862851314,257.485423813588,257.990192781645,256.942068242592,256.307976158659,255.057488672548,253.837071481955,253.866365568988,253.428836928516,252.750283660895,251.020415706617,248.492039919206,247.337187628951,246.358692291361,243.215199093238,241.244598070242,238.590725849389,235.630689851579,231.81758507252,224.489781463529,218.490733609008,215.315374147832,211.426396097402,210.947297556852,208.566591557472,207.248381972602,207.596888002916,208.337202523001,209.232143853573,210.797788920046,213.873670328522,217.061017401284,221.111390008209,224.255474439802,227.631713386409,230.628766723073,233.306749878908,234.952869044836,235.916028259867,237.635936910179,238.588931964032,240.051424957538,241.166082433155,241.575627206141,242.189881315972,244.024900746549,245.141058810462,246.040112671997,247.003677448527,246.795291466803,248.122708664485,248.96366372042,249.126635230613,247.987843937507,246.14922502349,245.660857714854,245.59101711271,244.591348973625,243.883585921156,242.825392664229,241.86989259319,240.883536645977,239.966914780957,238.952553420252,237.906362907787,236.632376890398,234.884197819184,233.274152045455,232.829542905816,231.694251175669,NA
NA,226.755331461083,229.51074641746,232.1644748282,235.447979453656,238.579127636713,240.563651787581,242.344242287075,244.567535329405,246.925397735768,249.319659091818,250.586961991427,252.765540329655,254.028789565497,255.094997962402,257.226257107525,257.087565916154,256.953848469024,257.573605745738,257.515879217198,258.016457056496,257.892563795451,256.542592928019,255.906791630298,255.324406647418,253.800007206707,253.74728210573,253.281496424071,252.253949914628,250.117272659533,248.247317326015,246.687346428776,244.287837164659,242.065100487691,239.598638883899,237.265715392599,231.861069910349,226.190317432359,220.849352804931,219.339337597168,215.760908428088,213.809058857269,212.278860749556,210.837879046065,209.846734246413,211.741728821219,211.814197778506,214.118141544023,216.163099116926,219.890539654617,223.33625205526,226.865649362465,229.923555314305,232.993806115612,235.099544281539,236.662340951028,238.623178554451,239.465235807232,240.625917611821,241.180241420597,242.502842151494,244.250931687707,245.009623434417,245.689922926785,248.104626115277,248.401292265674,248.797146838449,248.615479489654,250.023616762456,250.854590295658,250.002719413859,249.04665644645,247.124676745681,246.781055752913,246.309626641999,245.558951497146,245.128369572948,244.181209116505,243.57407423121,241.620015244559,239.989401992726,238.945419742686,238.029768818063,237.025041947133,235.559368862638,234.911493997919,233.743455375756,232.194596347069,NA
NA,227.356106947257,229.429075032309,232.716680800982,235.682114781708,237.682883899594,240.14762770525,241.971026663447,243.668989784062,246.167076814333,248.365645258169,250.0695390505,251.999569629433,252.881049678744,254.757297382191,256.198129287335,256.515987088042,256.699242643164,256.744130827672,256.948824480355,257.486344483103,257.810603059941,257.299002221209,257.020787345691,256.194898954841,254.236123490612,254.579328447677,253.563785683641,253.441288510359,251.974282691706,249.62775804291,247.420695022319,245.303779166736,242.337897184358,240.73408878455,236.734823822968,233.187832167178,228.217447718183,224.016637843207,223.649447993059,219.981889459949,217.69155360559,217.155033816024,215.858969189858,217.111496818103,217.942631544014,217.843951390521,219.531428692748,220.768149567116,222.985901465005,225.963037775468,230.122472962564,233.870499950445,236.154913608442,238.345984265233,240.00519167384,241.145181110227,241.879671215503,243.059791905013,243.558304881196,244.834932705339,247.030807557658,247.424452834124,247.596078483919,249.469485888724,249.727299274335,250.354143620761,251.558526834006,251.992076457696,252.228437967558,252.655770420661,251.549833671264,249.958358956049,248.695198442528,247.779101089362,247.133290041505,246.274299769897,245.508036442586,244.654921720857,242.334724649556,241.37060472322,240.185683354144,238.790697493121,237.53104724258,237.407034192839,235.46607892047,233.480364666236,233.266985002244,NA
NA,227.960940847621,230.032046838979,232.348427568619,236.165952386619,238.949489599489,239.881167522073,241.510865039921,242.8739317538,244.503784298516,246.599386694769,248.517945289996,250.415888137664,251.459675101115,252.603361803826,254.819309360955,255.361109410147,255.711032288252,256.093341098735,256.277355819189,256.308270797875,256.417082352472,256.078024262332,257.018256610782,256.502312253791,255.10198740983,254.205060913935,253.536880430775,254.016097048721,252.683493891564,251.026940545245,248.313001677166,246.830756660178,244.296248589453,241.658367608554,239.091464733523,235.661309234404,231.592516221084,227.438366385872,225.713994184639,223.354852017534,221.889039372951,220.448250080472,220.542636346297,221.878050960696,223.122294507519,222.296984671757,222.640947364303,224.063199500668,226.9861421639,229.995554301814,234.196110410554,238.443778151104,240.399374371015,242.067969782944,242.949823272498,243.622560251407,243.60260184968,244.916503773788,245.924654618753,246.942266487909,248.110112877824,249.726655789907,249.959612241536,250.516133370194,251.572948305858,251.664024690668,252.560495004688,253.321766820656,253.076046639936,252.998430000661,252.905173224835,251.847727159439,250.248033621055,249.110087667247,248.019957766209,247.870093725225,246.94702309296,245.894744227049,243.951486507149,242.457825832254,241.563242061903,240.001561478224,238.174437084635,237.044421811051,235.334237621187,233.568086493774,232.451505462226,NA
NA,227.180997562502,228.9682272197,231.612570770965,235.250808817681,238.211901752081,239.680539336906,241.404847927432,242.199448092703,243.489580499641,244.910803426539,247.881518353115,250.27019405726,250.861593622276,252.118581819617,253.146457758947,253.978173332983,254.566507264895,255.311901853473,255.629442730886,255.8194301572,255.723270965645,255.660607706875,256.467130961519,256.41250665104,255.377084812207,255.052607961267,254.661685239144,254.251805233072,253.483509709457,252.720094695115,249.494624120772,248.091688596869,245.313063332141,243.252422069108,240.9550580305,237.920377191731,236.019388624684,231.036484090981,229.58351040041,227.80488492067,226.229031213931,224.24865025996,225.232791306481,225.210910061683,225.006856562594,225.191152963652,227.485049623453,229.551238556861,232.082944057048,234.970269476436,240.034362612851,243.184008412901,244.780291743342,246.309628780881,246.087650821187,246.411884083056,245.458254091495,247.600679263769,248.158758268985,248.847306064351,249.578656483387,250.489698024583,251.442368717811,251.922290617573,252.379814575658,253.571793305208,254.539557968947,254.244411823507,254.734803798765,254.500514020713,254.053634548604,253.290674532957,251.309434399386,250.138249788783,249.360461387554,248.43602117226,248.353461735653,246.051309909392,243.862936625911,242.335778208967,241.845013192222,239.964248658137,238.050709025193,236.871423321826,234.413486084436,232.771615497327,232.175852659582,NA
NA,226.164259217832,228.672360328919,231.828515919166,234.948924423274,237.791455574484,239.257640573499,240.621731563584,241.146804506949,242.312347790288,244.588804230249,246.304862244857,248.529577639471,250.458629868357,250.945052380029,252.363391156268,252.331726687655,253.311814527109,254.029280448571,253.924566147091,254.518674996754,255.176842981114,255.680147070475,254.918047648654,255.43369543913,254.728180467976,255.207185591564,254.957254240827,254.068389825322,253.934061648849,253.516284134841,251.501377346783,249.291705442202,247.311335665466,244.75893647482,242.536641801856,240.661821266953,238.927091566761,235.027215509796,233.062462394508,231.152941466841,229.721745894916,229.662102972399,229.05125892432,228.073527339172,229.071952929077,229.766739319206,231.444354010637,233.885845403662,237.061559694631,241.918890953749,244.707574404049,246.902780280113,247.93943722329,248.725257107219,249.000356614168,249.772447932224,250.531656961485,251.80560686505,251.765215016822,252.113015386185,252.391610991636,253.435348090746,253.369090910407,254.444165049339,253.600813713621,253.926488782232,255.28458558318,256.015972619992,257.054781739407,256.556311326918,255.933932605979,254.477267423266,253.242622401912,251.495015384005,251.15270792559,249.923671134561,247.734773308351,245.506756400191,243.875751468795,241.893476754745,240.870680177263,239.82279124318,238.02183680661,235.50530453799,233.473052259029,232.150066285152,230.841043305328,NA
NA,226.273256793191,229.260035123723,231.445801640927,234.808900026254,236.912091367236,238.441426534594,239.253905769851,239.806454298113,240.831082727672,242.838837635082,245.245295011773,247.322087161793,248.158805735994,250.109539821496,251.374502519619,251.964989908372,252.592906290108,253.61414862343,254.009508236235,253.954456022314,253.957070734771,254.619518196959,254.544354297952,254.658922993442,255.042302856159,254.760728094575,254.275901639017,253.879183523326,253.061097402606,252.569060130042,252.077169813164,251.037726341137,249.062678732061,247.38503895126,245.30796672366,243.433752425048,241.231776610502,238.781552125719,236.289892035297,233.456253969802,232.643625897528,232.680086081228,233.171869180264,233.459041479131,233.310503000663,233.573645350643,236.703509209049,238.981546366932,241.319262553,245.640467897076,247.360537562879,248.972247062998,250.854849564329,250.98352482487,251.503351766067,251.852388935838,251.626908992077,252.839672644042,252.663352757271,253.072267762795,253.064283273446,254.456203803964,255.731746477826,255.41007843413,255.622405057038,256.21063692119,255.957113906701,256.849066437183,257.508140118748,257.244562798321,256.226728825444,254.850804267541,253.524873836194,251.43754542422,250.6783643137,249.13223160887,247.445443377899,245.125187704754,243.748320329638,241.724466032077,240.838169676687,239.684733143202,236.554721675822,234.196123150887,233.045193582607,231.038259775896,229.642777856892,NA
NA,226.807545344111,229.563497187858,232.051937831733,234.596182896823,236.608058014521,237.889291293289,238.60567380024,239.557120375114,240.074995295077,241.984073119943,243.531256498034,245.642044275526,247.280331153359,248.834919107385,250.303326180103,252.027595965615,253.757611869659,254.128620672638,254.553445316062,254.74665639793,253.850204162249,254.274328139769,254.483219883588,254.737377364128,254.233184271302,254.067309323535,253.508346760002,252.88720421679,252.306541935747,252.832808395707,251.819201513571,250.681112756922,248.586713013995,247.627824733571,247.164601154623,245.895291214439,243.786549733187,241.239773331356,239.642021261975,238.2142049351,237.280356498605,235.992299567983,236.834958891438,238.122207864607,238.815178720195,240.298336173554,242.02764092304,243.654807830696,245.303999414122,248.531860546834,250.058887529497,252.409432124609,251.991371101242,251.794237516299,252.333150229175,252.31525386145,252.8361999092,253.741141801363,254.191021621191,254.595904853098,254.841591949076,255.144437712722,255.350305529566,256.17165464858,256.308871473141,257.458255936083,257.479818017621,257.401659829488,257.289279989658,256.743692532899,256.541928835708,254.631957444367,253.467694836748,251.753464011699,250.278689242274,248.119141491422,246.433752600377,244.887412706846,243.249207241212,240.95837963449,239.098247061148,237.59785585932,236.444325734503,234.10442487963,231.133668767953,229.989783274001,228.385019024229,NA
NA,NA,229.478516523766,232.790626616379,234.150239616138,235.981504160724,236.989294638292,237.911280899145,238.772513647266,240.073440944979,240.897832861113,242.494569438148,244.894073660917,246.482817579334,248.041458096017,248.738956100952,250.58944868231,252.502009893166,253.433711865282,252.823821169067,253.012106027738,253.989179723015,254.640874648742,254.939300413035,254.834740696959,254.294352040321,253.507726560364,253.621974073383,253.690580539531,252.424426000557,252.672324412706,251.15907617669,250.666874089237,248.667657749395,247.656157468609,247.141070518904,246.721205697005,245.790117404785,243.835411672307,242.777881417992,241.993902757833,241.277687041808,241.791789090206,242.330314554425,243.486981468192,243.830032955787,244.332806476754,245.791022075471,247.516649509523,249.139732188853,251.461023225512,252.853601972333,253.397180032405,253.966161751391,253.292869663816,253.304309818067,253.637344443007,254.312436154103,255.236611345277,255.189287180668,255.227232279376,255.896938151389,255.758450964879,256.388419800789,257.28915349707,257.321084494892,258.437317790807,257.857907265577,258.223157963412,257.338090511501,256.574614029874,256.154640589206,254.321788788866,253.857191413573,252.116705206167,250.440986204191,247.083088230016,245.478921393427,243.858958237427,242.3695885089,240.592552261883,239.233168799232,237.059082548788,235.941703714979,233.678300090096,231.299843786726,229.422829624588,NA,NA
NA,NA,229.37604283193,232.104395483647,233.749783720905,234.531582822463,236.106491948655,237.989026853383,239.356419207151,240.393776226044,240.946556054617,242.737421482641,243.640727011884,245.770778633834,247.633948219861,248.643140837187,249.51002195109,251.258992184471,251.679790848318,252.682945860572,253.295329038034,253.882486318719,254.617874267432,255.352401297055,255.781517866379,254.077465071345,253.583903272578,252.584947660201,252.745811037351,252.313390132815,252.753675701894,251.850279495265,251.11189824906,249.490678996173,248.519826871947,247.522760293763,247.403049924841,247.459998533937,246.898709079284,246.354023859933,245.176699759342,245.739056371035,245.684059291239,245.843648116666,246.882811905519,247.936570803285,247.790430814625,248.620690935199,249.961533902177,251.993046528284,253.095351735804,253.45980729888,254.387841042563,254.442718215828,253.983685483696,254.008915502827,254.726226444094,255.799697921971,256.391749702389,255.758679822127,255.444985899111,256.13892479697,256.745576043854,257.397400140108,258.05877861168,258.485163401789,259.025221674825,258.58718710649,258.470131432809,258.35250929677,256.699114757614,255.763010390519,253.715055800967,253.41342437137,251.737320445976,250.763190542905,246.962345658708,245.570170449093,244.192502218692,242.076519938686,239.739064402636,238.586180522937,236.015746678028,234.665913289927,232.667458925739,230.480348758175,228.089990919961,NA,NA
NA,NA,228.358991035868,231.20565711923,233.036477420886,233.878071695051,235.804363836865,238.022204641042,239.043275579852,240.691249469994,241.464419869982,243.00163151442,243.746739059769,245.447935411543,247.381673884802,248.535564064908,249.628392744548,249.90248421653,251.92096942826,251.863427603451,253.059079649315,253.683164184995,254.433430046167,254.937868998538,254.682413538221,254.015060588981,251.725780008837,251.7592633167,250.762349110648,250.230481460226,250.851881322206,250.491060310368,250.225039147953,249.833742050679,248.953858802154,248.492774603119,249.378571143981,249.3963473671,249.205571683145,249.113601451266,247.932427396727,248.624305768547,248.206609097876,248.094793375533,249.247033647502,250.340430001876,250.253747640257,251.015141375306,252.16872291714,253.076945244898,253.887131119825,253.744168059647,254.508865414565,255.168735953304,255.074695480184,255.335660576899,255.824051397917,256.213362696367,256.339450640084,255.931332867399,255.323930908383,256.03020992978,256.917585516257,257.811995887228,258.830151173256,258.990977402681,258.857829958777,259.320641331867,258.761680794095,258.511524297527,256.535714871037,255.104380006426,253.432424029574,252.52230146265,251.053761849948,250.058160178074,247.185954937882,245.456833393975,243.77218919585,241.643376672105,239.649035364211,237.714239294076,235.186243365873,233.231021802476,231.806343161914,230.233642225295,227.100282981344,NA,NA
NA,NA,228.654654767165,230.067599135342,233.03827057028,234.329053627589,236.764743945527,238.096348971955,239.585394786116,240.768891711708,241.61213324263,243.315534570949,244.493813952031,245.038029431759,245.962375807734,247.873997138927,248.940779719395,250.012971324926,251.496795668825,251.582277952571,252.406273678747,252.75259743801,253.967363069347,253.811758169599,253.854464635694,253.574922413982,252.865743394438,252.012637214952,250.707982063719,250.037654758584,251.086186400173,250.880924378327,251.256845897995,250.092722356318,250.025638913607,249.96707891414,251.123089056637,251.164175105807,251.323736856037,251.069071567366,250.759059973224,251.182169393297,251.613454062401,251.418227292323,252.461140013702,253.117095765947,252.541011270686,253.648141599276,253.972933628781,254.562465290848,254.849282891179,254.961767332841,255.527690394838,256.058761661033,256.56238127093,256.517362001068,256.410635990655,255.74023676565,255.656133816459,255.804583424928,255.457046702705,256.248734121538,257.307505071794,257.543343004468,258.026459224683,258.706474214743,258.771562748419,258.5803277718,259.024302420295,258.371618114304,256.076487616014,254.946816184472,252.496781066356,252.267076133703,251.014012689864,249.824739744605,247.153506334427,245.451434378327,243.189576392035,240.933559853289,238.780022972752,236.263640556341,233.558859612557,231.690724993736,230.111035523428,228.471991722418,226.666967018978,NA,NA
NA,NA,NA,229.375063621189,232.801321304275,234.326130342239,235.560980234064,236.740431930106,239.721888892545,241.324426836858,242.341238016099,243.908449376322,244.452280785964,244.662414449452,245.741365963159,246.959225411592,247.880440437136,248.765774475618,250.164444673217,250.550331797245,251.380351718238,251.566244683697,252.103851284184,252.627397326652,252.419977939904,252.735139964942,252.463814786849,252.183387272835,251.727523778861,250.782302065431,251.041991756701,250.942251614072,251.191160491763,251.169618768424,251.173057387543,250.856078230045,250.991243429401,251.204711737236,251.050302048234,252.039506329029,251.813157843875,252.595604611546,252.773705691552,253.243879355719,253.818230589113,254.52332845935,254.601633525056,255.082697526438,255.232708372076,255.485437085598,255.573750347643,256.12974715923,256.256670055448,257.474615171681,257.481726901289,257.093102191185,256.747828240816,255.833171856848,256.231437387201,255.441143458794,256.076454337484,256.938899438569,256.921483084276,257.472247869223,256.774591803278,257.637422112171,258.106297170731,258.069415255559,259.31774967302,258.456565352541,256.194782064461,253.949152673439,252.620244163107,252.49854697473,250.281381619739,249.602195048201,246.627697780659,244.325016825515,242.227999388787,240.491827745025,238.372625637488,236.173054235368,233.480330064593,231.157789671023,229.900430653311,228.186494313248,NA,NA,NA
NA,NA,NA,228.650461518663,232.291796031305,233.650154467106,234.694241937546,236.93058307354,239.127277156269,240.649309710337,240.99130243241,242.749230800088,244.0873153595,244.175059389578,245.067676797787,246.028832959709,247.084180191278,247.907968610068,248.526673275211,249.625170364664,251.203521921656,251.446450568171,252.027823340241,251.926320177901,251.396403028039,251.696354714327,251.849388470504,252.128414605211,252.810833945831,251.907756448893,252.540587811141,251.264859017733,251.684030787294,252.707137264287,252.745495715837,251.89830015189,252.038588713171,252.062158650321,251.80957131945,251.456353568043,252.67153293439,253.540004238672,253.554432177101,253.403948152504,253.789025457886,254.828999679494,254.665724266838,255.538473565541,256.12854004415,255.749269636987,256.657536495874,256.422375777736,257.117339546522,257.821719547064,257.350870800283,256.513672110861,256.582136701281,256.279054386563,256.234480773928,256.346654620724,256.600547914096,257.169733677752,256.940739466184,256.646201099861,256.392939936187,256.767004282308,257.497364180631,257.322766051411,258.160755386127,257.828544377572,254.937006308389,253.127222606977,252.152143276649,250.636581008448,249.104736347852,247.781414777203,245.91857842047,244.376155030751,242.260189092486,239.946475526199,237.889314180917,235.795166915586,233.527795696979,231.156726954946,229.196535070507,227.394111194243,NA,NA,NA
NA,NA,NA,NA,230.905968722861,233.065261487206,235.053508572881,236.927082906165,238.544459927858,239.45322805164,240.512165072517,241.550181517843,243.176211848496,243.967556228624,244.087647975052,245.207468740855,246.332890904904,247.006081738586,248.146007978559,249.683768788988,250.491557627323,251.221012577113,251.325579543469,251.682681367058,251.307767245471,251.460807370859,251.958936449006,252.231677901321,252.202865084921,251.89896288208,252.537918015937,252.267677404791,252.590143047887,252.386112564611,252.741210190778,252.123092932387,252.360494410301,252.66139521247,252.634746976987,252.93431518372,253.126216548076,253.985460810594,254.667121754724,254.995898426,254.974524495436,255.708464139377,256.215624810366,256.788381535058,256.754225323587,256.646097204384,256.043735965649,256.436547697659,257.00660508712,257.115070285489,256.746935334183,256.695462844658,257.41203357384,257.144205189472,257.00757389784,256.634879872951,256.875238013826,257.316257890149,257.254542833824,256.734522797919,255.885541822061,256.251206221938,256.823395485701,256.734851869141,256.382226246133,256.927121556074,254.660408931152,251.569855739719,250.895881850584,249.722360769595,248.202930048888,247.0052264514,245.552575351021,244.002621415424,241.941140161898,240.440750721789,238.239591702547,235.91356851265,233.245730259502,230.727831838972,229.046657749073,NA,NA,NA,NA
NA,NA,NA,NA,229.987938860692,232.604198738167,235.136742368709,237.263170618515,238.007216896929,238.702863127456,240.172686922456,241.168753666685,242.755243645657,244.23490184517,244.569373254413,245.094453028085,246.072378817666,247.18489932301,247.559274805409,248.932136896878,250.069625432402,251.057861969486,250.742012013245,250.337659742868,250.750410216193,250.636348919035,251.004748803417,251.136938245718,251.550902661996,252.419701102732,252.836278194546,252.522066728063,252.664727356245,252.43644086037,252.025932816435,252.542482526634,252.783600577288,252.964032222699,253.638488220978,254.573600510637,254.178051553856,255.316736505526,256.10992980878,256.286935982204,256.385896441513,256.100181914341,256.516214661385,256.487946846982,257.027640218665,257.694181977932,256.51295327046,256.549904097004,256.301546312092,256.46598757918,256.171938987507,257.095250707226,258.127571514506,257.516302760028,258.371943850448,257.382904949623,257.472385180394,257.267493631162,256.599039360294,256.433529502955,255.705646783449,255.871998259185,255.642565331386,255.681856421173,255.548024551382,255.8712581753,253.557429332369,251.571303390458,249.024639040735,247.629527192374,246.595680245052,245.455636739311,244.930375400225,243.666429391916,241.232920888454,239.990220982014,237.851366201707,235.541012175367,232.99264378783,230.639629606848,228.299512052572,NA,NA,NA,NA
NA,NA,NA,NA,229.007120623195,232.469799855098,234.290059588539,235.955722530944,237.011031852625,238.575929386245,240.113395514593,241.306307969873,242.231829953068,243.005394102981,244.299177670295,244.138606717643,244.987026712243,246.323620686075,247.024603072581,248.500165638617,249.011765106573,250.391594724546,250.099659631313,250.741936211469,250.802494350238,251.142995453634,251.659549672324,251.439990156801,252.367281381808,252.106028036603,252.268686833036,253.407236931301,253.365215303708,252.371313415371,252.24568040423,252.770772755283,252.89222824814,254.074092016741,254.799941035226,255.229511926473,255.087070777108,256.355055279157,256.806239527703,256.566199791191,255.866256556189,255.9733403214,256.241669195848,256.706057047061,257.52829302053,256.967586179189,256.69403240491,256.11667708063,255.880995711925,256.582988687067,256.913062369199,257.806464302303,257.772904017075,257.39835270083,257.46360213618,257.135918790767,257.367927847858,256.948841471763,256.129906165726,254.623968410171,255.324597085156,255.418365900145,255.156367474526,255.935516482299,255.017782749101,254.283104312386,252.419532332143,249.3575396601,247.463638505023,246.053199302358,245.873677885846,244.856525524482,243.943410069469,242.576159940334,240.378692325043,238.633954571913,237.025794591838,235.074129972192,232.475545844978,230.321294952745,228.393988671519,NA,NA,NA,NA
NA,NA,NA,NA,NA,230.461756472394,232.907801899952,235.042993216536,236.149125426249,238.697785463719,239.736461586826,240.193897811772,240.777673871189,241.931290486507,242.597449535587,243.394779084216,244.181979144545,245.046500719488,246.013029243805,247.012455656189,247.373862045248,249.081621141975,249.731895589318,250.386505357066,251.276317376021,252.217817689271,251.855649481506,251.997710310933,252.541318686588,252.916260852732,251.992894892994,253.037291299662,253.214917601605,252.463403935264,252.496793693592,253.592083476271,254.315919764541,254.368596584978,254.896652405668,255.685556031407,256.959850155771,257.38007137476,257.443886765181,256.793362176985,256.471847562885,256.910991298404,256.688739495055,257.303705413075,257.344917760351,256.946341290873,256.88402860037,256.282499475469,256.670502519749,256.274192174448,256.952780099413,257.642028473463,257.694070963505,256.703995718416,257.02322112153,256.815643294904,257.053281113258,256.433191732606,255.908343515701,255.220558051324,255.104916708713,255.280562266831,255.040340014395,254.174883125641,254.149603129881,253.886175458188,251.356436159627,248.341406082824,246.510408219528,245.349887950229,244.117399553482,243.938994206016,243.720401880447,241.585306203848,239.218589419043,237.495400708913,235.662801532866,234.267275813905,232.777923694024,229.389092732013,NA,NA,NA,NA,NA
NA,NA,NA,NA,NA,229.986881120275,231.970119834344,233.466884442051,235.153233387143,237.298625075596,238.088460852522,240.038234840805,240.868578696071,240.614369408796,241.557559443041,242.285517191708,243.269487455803,244.444122003576,244.529024526875,245.08253911955,245.75789943745,247.277765036489,249.587070657097,250.729599602058,251.474996917811,252.230565337201,252.858540577068,252.720560630603,253.135810937376,252.414739374328,252.922131863807,252.672138462002,252.764462033282,252.486874205864,253.600607823219,253.719148698391,254.305107996968,255.132746059312,255.390273975338,256.2557440253,257.187795699501,257.966512932207,258.153183942215,257.653891232584,257.176148336774,257.180213781736,256.960026718273,257.564710425274,257.647335652683,257.711655661889,256.64318555908,256.542606606182,256.437837250621,256.389666875531,257.040668963697,257.147435681865,256.972892504922,256.673597278538,256.304614599714,256.304623069217,256.594456636138,255.392619961991,255.879232562512,254.726279198386,255.445943000304,254.685265366464,253.839397279838,254.220347022937,252.586980607895,251.851249578568,250.128006731823,247.580333401873,245.507993900512,244.149722132535,243.44854394101,243.40479957232,242.540170477264,240.710979471344,238.141046645076,236.165086938478,234.431964933072,233.811844436146,231.869486400811,229.328580659552,NA,NA,NA,NA,NA
NA,NA,NA,NA,NA,NA,232.560117871157,233.932999363062,235.187428267278,237.163389457604,238.007249003835,238.965249813634,239.943502723719,240.200391360617,240.196823313959,241.25060643592,241.777921841122,242.720313488869,242.805577472043,243.774022833974,244.893628637922,246.625294657103,248.141290651743,250.002182295559,251.242156488209,251.914275300155,251.946022321956,252.423868134589,252.805758177872,252.560353858916,252.731611131723,252.667745577605,251.994738104784,252.021579329128,253.260920461612,254.074037250546,253.872838722262,254.202038951009,255.263361478738,256.460434480348,257.407712770882,258.250697189527,258.18521847327,257.333391707946,256.62945993337,255.912740095162,256.689785426658,257.44484605036,257.917531117312,256.664342750837,256.724518901981,256.496844895238,256.170169537262,256.362818598477,256.494343122972,256.067326254327,256.69290478542,256.288791242409,255.993501843569,255.861839173929,255.942075754445,255.506225713063,255.582018376035,254.85856123268,254.631059236464,253.458999864659,252.703666437534,252.541590587553,252.157136201362,250.652725664876,249.431648331714,247.53009742179,245.131015401381,244.042892058291,243.27818746168,243.140985827387,241.772577572501,239.458122080727,237.05478169115,234.817075461503,233.317069082366,231.969361340624,230.120178543875,NA,NA,NA,NA,NA,NA
NA,NA,NA,NA,NA,NA,232.32117137445,233.476536304965,234.937838320469,236.128067076808,237.017808417928,237.935331372223,238.562934106197,238.039606809516,239.013029160958,239.797678671877,239.884868963672,241.092151058243,242.038303493722,243.072565124708,244.340007934514,245.465421240798,246.98425574944,248.666356364027,250.321830200947,250.4287573176,250.921533511924,251.794982155241,252.220296314169,252.37558450293,252.757675961798,252.746498951163,251.816995063203,252.740485803736,253.55434647583,253.990982813675,253.394260089676,254.747829500642,255.847075412585,256.830979414852,256.461342341191,256.93879044385,256.644239155579,256.432658969032,256.157003742047,255.847177297551,256.422586670743,256.953421594144,256.940935549981,256.596989971903,256.374357957527,256.448432899173,256.104487824586,255.913564967515,255.745591497309,255.585331375374,256.363504696003,255.79111696984,255.330969948723,254.987114022373,255.103675110118,255.765075609557,255.657089206481,254.954206184108,254.412262761992,253.096595747759,251.221488578534,251.012931339264,249.853766670389,249.139051697237,247.823442376938,246.983526428346,244.544412718962,243.51670903527,242.765412471395,242.167565602002,240.446314313456,238.437364539112,235.661625667186,233.114773471053,231.73464432216,230.104333285725,228.730067283866,NA,NA,NA,NA,NA,NA
NA,NA,NA,NA,NA,NA,NA,232.949741484259,233.698498887895,234.684195788611,235.493164363506,235.977608843869,236.844550530355,236.728294868821,237.147429106079,237.823235275733,238.485378757138,239.91736176373,241.298663686706,242.064853855995,243.140474495312,244.583505191366,246.076133926401,248.043551646395,249.480376028618,249.942733933663,251.205004144736,252.193163816417,252.50338071005,252.896935518884,252.347614019528,251.674841463914,251.567557435983,252.326657596878,252.256711084904,253.279429644574,253.399781881938,253.955660084068,255.216036678134,255.681601850912,256.102686486428,256.632418975904,256.838610862711,255.921506923511,255.768655816104,255.182644463354,255.282599405878,256.384816368197,256.088634415964,255.882455279941,255.852817086013,256.0624544361,256.037874061033,256.151878935474,255.19424486402,254.901895425842,255.011538799499,254.480924804983,254.587852697506,254.476235037864,255.227324389394,255.871396500518,256.219501923655,255.778172319985,254.672472909486,253.023478796077,251.150037889783,250.264541849599,249.963525733957,248.385917795009,246.675264367327,245.999720171174,244.544746815425,243.044886352946,241.444869889685,241.357244383954,239.090658484296,236.575663910973,234.207095256325,231.22043274037,230.0315693853,229.320286252288,NA,NA,NA,NA,NA,NA,NA
NA,NA,NA,NA,NA,NA,NA,NA,232.480388693055,233.526139405754,234.43184855507,235.252656819159,235.664924382969,236.14414913839,236.649969766219,236.952709299208,238.087073001058,238.783705541741,240.502813313887,241.12844157666,242.314040792915,243.999479255452,244.800639685888,246.742145922462,248.369085358868,249.724512250262,250.293115190074,251.329201949029,251.341653906791,251.782249310739,252.111688107585,251.951630381103,251.376021148807,252.034349808487,251.761564621318,252.187303178788,252.180891086645,253.532926414932,253.851268789751,254.72885584709,254.940154918167,255.789164685472,254.851748431438,254.787584862049,254.510432988838,254.337383770025,254.647137142259,255.127725403497,255.43042326859,255.231363402722,255.314412420692,255.594032492279,255.377022216242,255.504857531392,254.550552009696,253.597419514665,254.446315914495,254.474909233471,254.116106346494,254.348756906092,254.579385708634,255.805647419076,255.675578006766,255.76309578783,253.494205994198,251.617740657685,250.610431175083,249.870324878249,249.244990935646,247.712055270511,246.244642672427,245.347726588028,243.64010645458,242.593259216206,240.649405222417,240.905658330808,238.352721529638,235.2237680117,233.326115500843,230.686826334077,229.527559234427,NA,NA,NA,NA,NA,NA,NA,NA
NA,NA,NA,NA,NA,NA,NA,NA,231.542723684477,232.773705188547,233.95720198243,235.205276857439,235.010871570096,234.823245948219,235.912434119754,236.90551794402,237.520941219391,238.283951528302,239.356920071834,240.75785025821,241.303360023313,243.25647685324,244.485621299609,246.364603191498,247.139748661252,247.716619794148,248.512614717566,249.794952154981,250.48897799019,251.278492548206,250.941719389191,251.045234350769,251.167275796078,251.355976623581,251.878512205898,252.05589268809,252.635883086199,253.174332794615,254.031935369928,254.085423747455,254.085384219384,254.571446200956,254.127494254529,253.369826518952,253.850873768624,254.386843849385,254.092161411149,254.500444917954,254.324975504049,254.280865086,254.946417208453,254.579951709597,255.015929761258,254.946894238192,254.393324067715,253.487006807902,253.698666965259,254.016612863134,253.944507102946,254.109317724344,254.881543178489,255.505238327711,254.904047120306,254.483260284327,252.526615324715,250.619722187719,250.298970700862,249.428389191002,247.932180886393,246.06668535555,245.811110134752,244.30636634374,243.181744097334,242.018085799557,239.959568673717,239.124620783958,236.9850873502,233.687268578287,232.07411863973,229.530454124053,228.435212226087,NA,NA,NA,NA,NA,NA,NA,NA
NA,NA,NA,NA,NA,NA,NA,NA,NA,232.867261940647,233.579194286631,234.672241780098,234.496367701305,235.017790284051,235.555509626365,235.834305957748,237.129911214806,237.960466928871,239.246258012052,240.092952508996,241.060310329027,242.478430681226,243.851258939211,245.392299127105,246.29189541749,246.89125847169,247.289996118499,248.13175572225,248.964271207405,250.450429602966,250.223190821251,249.643969791035,250.525164985172,251.141474051699,251.76494274171,252.158175394902,252.605301261849,252.943473456669,253.002101064291,253.081682733991,253.259825886971,253.639580759811,252.93505477782,252.375647931755,252.912122006396,252.798636232859,252.865079899998,253.245237781584,253.710604511645,253.693380332296,254.078090648041,254.169439166422,254.261849825723,254.085349720509,253.4286630241,252.373879893048,252.042638092189,252.96014611581,252.873508536868,254.097573613868,254.091574842445,254.15329389935,253.612845927032,253.554074119844,251.241237052876,249.859772100593,248.760255789792,248.800123998471,246.573304285918,245.293831369965,244.752256032455,243.959772925842,242.290530193201,240.867796702296,238.610778175002,237.368412092108,236.281239077643,232.651135102097,230.935234961906,229.319863513392,NA,NA,NA,NA,NA,NA,NA,NA,NA
NA,NA,NA,NA,NA,NA,NA,NA,NA,NA,232.255726904823,233.615751262878,233.862747826459,234.027689498039,235.002677268101,235.402768232266,236.411828055043,237.694441036372,237.982857729894,239.363206325979,239.404340410583,240.550018913198,243.178359043511,244.86115968013,246.180441547426,245.958125486761,246.221879356287,246.62666660295,247.844461921953,249.171361939872,249.817226555463,249.730387725087,250.583271119766,250.782565917039,251.460610362298,251.593025502691,252.179350603961,252.542348555854,252.437881315844,252.373160805021,252.143794571803,252.289056809992,252.095873381227,251.767690433982,252.2916514739,252.499059680662,252.204652172673,252.638771008685,252.951232199767,253.982392828552,254.092963844956,253.64336760372,253.181561178265,252.768025314714,252.776958187554,252.377126201465,251.986662481641,252.602473942655,253.37972953217,253.934821679686,253.755056700491,254.174545264978,252.428120369954,251.888802650535,249.775072592181,248.510831413689,247.425351996631,247.06171791991,245.202336522489,244.622754309459,243.450996171061,243.34275374793,241.373472392999,239.896588288288,238.656248914175,236.428135543417,234.983542473047,232.434571931491,229.881956236675,NA,NA,NA,NA,NA,NA,NA,NA,NA,NA
NA,NA,NA,NA,NA,NA,NA,NA,NA,NA,NA,232.767949736663,233.782011708891,233.300741795381,233.387733597292,233.991391910194,234.846055703158,236.038646034286,236.894199083694,238.319565292285,239.420247169113,241.13843443035,241.989761381136,243.733007862546,244.836002007597,245.161464299581,244.851193056086,245.337957002225,246.785395193489,247.90602263864,248.607506248837,248.751999887276,249.834060302115,250.009594804903,251.025544517689,251.445826927251,251.810618779586,252.115277432323,251.613809423647,252.511743283389,252.157899841653,252.194739825971,252.581521793021,252.207761400556,251.874160978918,251.592267675673,251.7634553891,252.195936972022,253.476708633543,253.349742902703,253.356184584765,251.446969886313,251.293557350893,251.895137754021,251.807941771969,252.265498110064,252.232716413872,252.367378151548,252.665349942045,253.150075698107,252.993969487526,252.613391616083,251.476240062403,250.502910251822,249.342730187378,247.084796981902,246.687093077193,244.45635501759,243.884289043163,244.893118971336,243.152841340941,241.761514145821,240.493487713629,239.588416288468,237.991341113853,235.301998588587,233.05382735934,230.390490592636,NA,NA,NA,NA,NA,NA,NA,NA,NA,NA,NA
NA,NA,NA,NA,NA,NA,NA,NA,NA,NA,NA,231.538074986416,232.490771646954,232.481353018306,232.216752534028,232.068217420194,232.609541699589,234.717956961254,235.891844396971,237.44288771793,238.098927866585,240.300170206768,241.992576732392,242.79815906182,243.338919253649,243.576609123961,243.614420704315,243.813900016911,244.218497727576,245.603067825344,247.144419743363,247.870455647546,249.092825488194,249.658033802792,249.747421742492,250.629953214727,252.20028151503,252.035765422444,251.277212574876,251.492497344026,251.116841573037,251.492018562957,251.930780339155,251.743556486703,251.662180917562,251.738398487881,252.191193166819,252.657676306879,252.564869911656,252.852680673711,252.863191775183,251.502949416866,250.81898491891,251.398801609315,251.832776510937,251.664057298988,251.269744333767,251.562438008763,251.185919735698,252.089051352877,251.740347821567,251.549797409365,250.954551213991,250.220618497855,247.761094575896,246.158521232525,244.692679164719,243.055254046762,242.954917105388,243.46749622219,241.945813182612,241.440476800215,239.482973067886,237.971986142711,236.729382174866,233.151778215529,231.691798538856,229.027937851483,NA,NA,NA,NA,NA,NA,NA,NA,NA,NA,NA
NA,NA,NA,NA,NA,NA,NA,NA,NA,NA,NA,NA,230.32628697424,230.875865342389,230.747665240404,230.975731867621,231.896905019638,233.314624541156,234.477288791189,236.013671777293,237.260517196653,238.929616329678,240.462056058689,241.741171427217,242.781752277767,242.573370143287,242.746994324754,242.476114713424,243.534348504926,245.143396307514,246.287484112768,247.232100472895,248.316900007457,249.213772649909,250.192167827376,250.690498666201,251.469504648954,251.160478847498,250.192128199621,250.753894299902,250.331221594617,250.708559664347,250.999008999598,251.352849886345,252.050077625357,252.682920409939,252.938913096479,252.80240779254,252.875174569701,253.266084319836,253.10439227324,251.802420362823,251.069904522322,251.330652957302,251.827593231366,250.80114754284,250.912588087822,251.100195812233,251.165499135466,251.774350052136,251.396362959484,251.154500224989,250.106834297516,248.919507614226,246.892035139664,244.911359126715,242.936478657746,242.241918480061,242.366046440057,242.606484573049,240.868858218276,240.072762864695,239.839646847304,237.428178844139,234.177432009135,231.567444650377,230.001601762936,NA,NA,NA,NA,NA,NA,NA,NA,NA,NA,NA,NA
NA,NA,NA,NA,NA,NA,NA,NA,NA,NA,NA,NA,NA,229.436353962766,229.838877206555,229.652184885518,231.100417540954,231.852991310602,233.310292881186,234.775652619971,236.037658200485,237.246251534304,238.747319784848,240.090334004695,241.10426715805,241.368126614614,241.396346841778,242.635134141718,243.447179471455,244.280666241029,245.615557013758,246.566774196279,247.891764026795,248.53991337251,249.003018212332,249.461236566875,249.832176479286,249.091405505791,249.789011372644,249.819204004216,250.078267422061,250.256516116593,250.216634601787,251.011770290266,251.43623657766,252.347537556539,252.382826684624,252.652646162873,252.189032552772,253.148870606609,252.429915751028,250.672580241761,249.794471815348,249.858532482889,250.048634706544,250.125344746724,250.35152440335,250.073713375915,250.722926977589,250.940184666507,250.112706734764,249.986684078837,248.669542060616,247.272162839757,245.499710557233,243.11962098363,243.050901299918,241.981901784304,241.526628803344,241.322127643263,239.836425708661,239.233596690282,238.145392361301,234.993101738059,233.093258698067,230.361781576771,NA,NA,NA,NA,NA,NA,NA,NA,NA,NA,NA,NA,NA
NA,NA,NA,NA,NA,NA,NA,NA,NA,NA,NA,NA,NA,NA,228.760246448205,229.521778446823,230.736162152849,231.026554588529,232.266025676635,233.251162553978,234.513091259895,236.17319886507,237.9891851842,239.224682043671,240.324833113665,240.333018707534,240.854912641659,240.996285528372,242.588282589002,244.088059321917,245.174134007559,245.993725923375,246.615576856149,247.279354612991,247.048242986614,247.665164906638,248.26582484377,248.100478753334,248.358090170401,249.087107397336,249.009251972509,249.638853755655,249.931951759247,250.045090234231,250.212142076684,251.544269541124,251.743219391291,251.728466379817,251.243675450091,251.677740995015,250.91139002305,249.463153446912,249.730728628484,249.183690105293,248.968496789032,249.291740941833,249.547864782884,249.834976375966,250.321628857322,250.229949763053,249.412075450592,248.542889100594,247.244439952251,245.603423208319,244.459732136124,242.718130710313,242.315342101458,240.612148126413,240.305202680935,239.831436573636,238.414262026301,238.073496004354,236.446881248187,233.941629825488,231.772368116529,NA,NA,NA,NA,NA,NA,NA,NA,NA,NA,NA,NA,NA,NA
NA,NA,NA,NA,NA,NA,NA,NA,NA,NA,NA,NA,NA,NA,NA,228.437920060855,230.408845081605,231.264824473977,232.408128818834,233.231318793852,233.716811266388,235.244925428667,236.871105138126,238.568717184906,239.338889759754,239.710228988322,240.152321495161,241.125074559179,242.54687313313,244.24207677754,245.024028167142,244.970943752309,245.030423252675,245.85620897188,246.467400383954,246.144006270454,246.389062723342,246.280233364922,247.059843019283,247.429525302943,247.159235743127,247.793616971652,248.652588999828,248.61467007754,249.086837920023,249.838724640444,250.572620023122,250.102184087951,249.805015018875,249.731610390664,249.439677325056,248.61806064441,248.777131813542,248.988056192724,248.739421006601,249.139565020287,249.264412298011,249.782122286348,250.284439334601,249.41397308491,247.915319576521,247.066373579027,245.557705984876,243.569261058395,242.947466922837,241.701123484666,241.551215822122,240.157043104615,239.221137797706,238.407595927337,237.029662085309,236.654208087317,234.832294914325,233.24643881367,NA,NA,NA,NA,NA,NA,NA,NA,NA,NA,NA,NA,NA,NA,NA
NA,NA,NA,NA,NA,NA,NA,NA,NA,NA,NA,NA,NA,NA,NA,NA,NA,231.198486265917,232.618856961816,234.029976628101,234.664625580003,235.759982039458,236.639960692742,237.757860471267,238.394339559903,239.65141387258,241.538166187469,241.640774517538,242.242156331396,244.030149870049,244.162673274997,244.504612503311,244.508057250912,244.653701819969,245.253833524414,244.723091773158,245.021270021167,245.573394896406,246.104299413199,245.974759961832,245.505686355062,246.434405887892,246.627187538367,246.780996643247,246.803967668302,247.426794941618,248.129902830868,248.202691358749,247.738413592123,248.465250046185,247.675542323168,247.225618353829,247.925087404371,248.134415835475,248.745126453794,249.498129790022,249.766053574364,249.888480483294,249.314703465161,248.587573383752,246.789714544152,245.520100740475,243.644708205724,242.343184139473,241.56877828933,240.75298973709,240.144768855072,239.501728347301,238.493207405764,237.707206506207,235.97953889964,234.648744427218,NA,NA,NA,NA,NA,NA,NA,NA,NA,NA,NA,NA,NA,NA,NA,NA,NA
NA,NA,NA,NA,NA,NA,NA,NA,NA,NA,NA,NA,NA,NA,NA,NA,NA,NA,232.689198476535,233.517239560145,234.031987945258,235.138019582899,235.506508723202,236.697118280512,238.21421620567,239.091943926953,239.973879961619,240.860122194425,241.564989732111,242.345101481347,243.624840916056,243.532146769514,243.912955006352,243.823817586203,243.826730278366,243.464504396678,243.542053453212,243.76072772243,244.805915284059,244.479263700333,243.957036813944,244.399917223854,244.755378474469,244.929165102348,244.842786730915,245.417813068007,245.896349768145,245.975438512976,246.243367677823,246.166861161821,246.693186654727,246.705371311727,246.821666253085,248.375067645945,248.847064799749,249.251367550289,249.366749288109,249.112116293806,247.843639954417,246.774016812995,246.132963133016,244.311832327917,242.585572063297,241.220972936793,240.457576741496,239.429940387334,238.771252971481,238.088146539771,237.439523038285,236.38428993009,234.709592466181,NA,NA,NA,NA,NA,NA,NA,NA,NA,NA,NA,NA,NA,NA,NA,NA,NA,NA
NA,NA,NA,NA,NA,NA,NA,NA,NA,NA,NA,NA,NA,NA,NA,NA,NA,NA,NA,232.717089834728,232.932958351461,233.901610552609,234.736813501078,235.346649549561,236.752545206309,237.529029423779,238.380360314516,239.020328294242,239.222521246318,240.075102164088,241.201009376322,241.431801158306,241.770233818451,242.292917554394,242.349359469202,242.491721805594,242.804701633208,242.443689030804,242.819354176753,243.40801498823,243.545007751441,243.383526145169,243.246894094157,243.006745510473,243.649291219954,244.024548845745,244.227087386651,245.571138871434,244.934262605871,245.129258784745,245.728018598775,245.67276475359,246.791846512104,246.962890738664,247.291454206768,248.625906019263,248.806781476846,248.249417774864,246.428287150737,245.925312529639,244.823816608138,243.899848467394,241.972553758278,240.113822649208,239.376676522544,238.691011232247,237.493570891811,236.983393727589,236.059876865117,236.111133683735,NA,NA,NA,NA,NA,NA,NA,NA,NA,NA,NA,NA,NA,NA,NA,NA,NA,NA,NA
NA,NA,NA,NA,NA,NA,NA,NA,NA,NA,NA,NA,NA,NA,NA,NA,NA,NA,NA,NA,NA,232.208647613225,232.612361464412,233.186898451846,233.579192011383,235.137149587349,236.285719865199,236.960937933138,237.356766511126,237.510243045345,238.666931083713,238.796505241932,239.807124949005,240.499594792282,240.036398011757,240.728525575293,241.29723208236,241.004787820159,240.417918114383,241.368813614543,241.672759338348,241.692800305163,242.119255114406,242.340795807696,242.599435908409,244.016056057888,244.765002785753,244.476868766636,243.862729640266,243.861515809532,244.485736373651,244.751045313324,246.127028570631,246.720831551259,246.247639194463,247.91114548573,247.482419429575,246.894012642011,245.796190533145,245.406278440309,244.548483985252,243.251582558137,241.410271314242,239.413879556354,238.155171592715,237.192153908291,236.497831730514,236.140330549351,NA,NA,NA,NA,NA,NA,NA,NA,NA,NA,NA,NA,NA,NA,NA,NA,NA,NA,NA,NA,NA
NA,NA,NA,NA,NA,NA,NA,NA,NA,NA,NA,NA,NA,NA,NA,NA,NA,NA,NA,NA,NA,NA,230.676243878329,231.672316668073,232.105189887823,233.244389263717,234.278334209055,234.403773017253,235.066997503087,235.756026071209,237.027391871131,237.297258137831,237.914989205317,238.495786178375,239.340849029094,239.056079212789,239.871630351173,240.2405831115,239.866378437586,240.114901815553,240.35015981897,240.981805866105,241.373745861142,241.570961641108,242.257863790919,243.841808438205,243.657642158924,243.535574582949,242.976015409014,242.718984913372,243.490823903733,244.267877019015,245.851255673437,246.566006557897,246.942511825765,246.619626046334,246.009456645621,246.275031976597,245.566110279019,244.627200619928,243.287329165663,240.977540490384,239.743730667656,238.528748699675,237.482050803705,236.632933777329,235.273097761046,NA,NA,NA,NA,NA,NA,NA,NA,NA,NA,NA,NA,NA,NA,NA,NA,NA,NA,NA,NA,NA,NA
NA,NA,NA,NA,NA,NA,NA,NA,NA,NA,NA,NA,NA,NA,NA,NA,NA,NA,NA,NA,NA,NA,NA,NA,230.913985693524,230.909496592693,231.321879036392,231.939233074899,232.679102733617,234.319773375529,235.554681527715,236.235065729941,236.886596496669,237.536092230986,237.648386139201,238.228690047418,239.125120164784,239.557014320526,239.33354806679,238.74213914754,239.699269631398,240.116641071367,240.505005999248,241.094383902249,241.891732231546,242.477858741652,242.478495834747,241.375614869372,241.098648372008,240.826358917543,242.510221985475,244.050011828333,245.410500239631,246.29988276067,245.961659402087,246.079046005891,245.532965196976,245.008616040106,243.66795723292,243.390581328805,242.272399831844,240.191271596896,238.313004271822,236.810911567986,236.233569278771,NA,NA,NA,NA,NA,NA,NA,NA,NA,NA,NA,NA,NA,NA,NA,NA,NA,NA,NA,NA,NA,NA,NA,NA
NA,NA,NA,NA,NA,NA,NA,NA,NA,NA,NA,NA,NA,NA,NA,NA,NA,NA,NA,NA,NA,NA,NA,NA,NA,NA,229.802626182046,230.640463920163,231.79204986639,233.106740292962,233.912891527213,234.464726987428,235.265649452946,236.103941445969,236.281975098287,237.419009827335,237.507158746406,237.68845664114,237.571716653387,237.473891327885,238.46459771081,239.315779205164,239.392710775999,240.3131174207,240.57864841713,240.279548465708,240.225995259222,240.022305825682,239.870184643048,239.290163176504,241.270080830416,242.942193267892,244.488707285966,245.729603766912,244.949064147411,244.463153955613,244.352652515203,243.669619137985,243.034704042507,241.891426194164,239.769959225653,237.98435808608,237.339213062853,NA,NA,NA,NA,NA,NA,NA,NA,NA,NA,NA,NA,NA,NA,NA,NA,NA,NA,NA,NA,NA,NA,NA,NA,NA,NA
NA,NA,NA,NA,NA,NA,NA,NA,NA,NA,NA,NA,NA,NA,NA,NA,NA,NA,NA,NA,NA,NA,NA,NA,NA,NA,NA,NA,NA,230.980893318194,232.661157969458,233.607533807405,234.317099122943,235.409655217744,235.594482159567,236.160141794412,235.620038538757,235.880060142543,236.501212860736,237.354240096437,238.221046486837,238.241624283593,238.776368001825,238.597855675126,238.630648089437,238.717130254379,238.377052002575,237.479932545316,237.737954781261,238.587398087385,240.627387937496,242.986947275125,243.35459866011,243.828558887786,243.344045631906,242.694469953046,241.842502986054,241.426749878172,240.344190815018,239.374034839806,NA,NA,NA,NA,NA,NA,NA,NA,NA,NA,NA,NA,NA,NA,NA,NA,NA,NA,NA,NA,NA,NA,NA,NA,NA,NA,NA,NA,NA
NA,NA,NA,NA,NA,NA,NA,NA,NA,NA,NA,NA,NA,NA,NA,NA,NA,NA,NA,NA,NA,NA,NA,NA,NA,NA,NA,NA,NA,NA,NA,232.099703970914,233.166261055578,233.177273543351,233.701259111265,234.041873998808,233.703256806789,234.766383664778,235.442639155288,236.441396631889,237.173068879741,237.252324855026,237.18385287617,237.319387684326,237.002458546442,236.964488112479,236.621710318144,236.968767415929,237.530980330876,238.747846164802,240.851499065807,242.124637097627,242.820575501123,242.388636049861,241.363926497493,240.260527485415,239.171332620466,239.096491493338,NA,NA,NA,NA,NA,NA,NA,NA,NA,NA,NA,NA,NA,NA,NA,NA,NA,NA,NA,NA,NA,NA,NA,NA,NA,NA,NA,NA,NA,NA,NA
NA,NA,NA,NA,NA,NA,NA,NA,NA,NA,NA,NA,NA,NA,NA,NA,NA,NA,NA,NA,NA,NA,NA,NA,NA,NA,NA,NA,NA,NA,NA,NA,NA,NA,NA,232.797086608388,233.465883945394,234.319572463291,235.335229907079,236.96870234939,237.088851055345,237.070601322069,236.819445915849,236.024846274901,235.822424181315,236.939308694171,236.251432465436,236.576242002082,236.486604840118,238.679250508743,240.459813944173,241.355044043832,241.259008965188,240.962259431533,NA,NA,NA,NA,NA,NA,NA,NA,NA,NA,NA,NA,NA,NA,NA,NA,NA,NA,NA,NA,NA,NA,NA,NA,NA,NA,NA,NA,NA,NA,NA,NA,NA,NA,NA
NA,NA,NA,NA,NA,NA,NA,NA,NA,NA,NA,NA,NA,NA,NA,NA,NA,NA,NA,NA,NA,NA,NA,NA,NA,NA,NA,NA,NA,NA,NA,NA,NA,NA,NA,NA,NA,NA,NA,NA,NA,NA,NA,NA,234.755435594209,NA,NA,NA,NA,NA,NA,NA,NA,NA,NA,NA,NA,NA,NA,NA,NA,NA,NA,NA,NA,NA,NA,NA,NA,NA,NA,NA,NA,NA,NA,NA,NA,NA,NA,NA,NA,NA,NA,NA,NA,NA,NA,NA,NA
