"V1","V2","V3","V4","V5","V6","V7","V8","V9","V10","V11","V12","V13","V14","V15","V16","V17","V18","V19","V20","V21","V22","V23","V24","V25","V26","V27","V28","V29","V30","V31","V32","V33","V34","V35","V36","V37","V38","V39","V40","V41","V42","V43","V44","V45","V46","V47","V48","V49","V50","V51","V52","V53","V54","V55","V56","V57","V58","V59","V60","V61","V62","V63","V64","V65","V66","V67","V68","V69","V70","V71","V72","V73","V74","V75","V76","V77","V78","V79","V80","V81","V82","V83","V84","V85","V86","V87","V88","V89"
NA,NA,NA,NA,NA,NA,NA,NA,NA,NA,NA,NA,NA,NA,NA,NA,NA,NA,NA,NA,NA,NA,NA,NA,NA,NA,NA,NA,NA,NA,NA,NA,NA,NA,NA,NA,NA,NA,NA,NA,NA,NA,NA,NA,719.809002444398,NA,NA,NA,NA,NA,NA,NA,NA,NA,NA,NA,NA,NA,NA,NA,NA,NA,NA,NA,NA,NA,NA,NA,NA,NA,NA,NA,NA,NA,NA,NA,NA,NA,NA,NA,NA,NA,NA,NA,NA,NA,NA,NA,NA
NA,NA,NA,NA,NA,NA,NA,NA,NA,NA,NA,NA,NA,NA,NA,NA,NA,NA,NA,NA,NA,NA,NA,NA,NA,NA,NA,NA,NA,NA,NA,NA,NA,NA,NA,764.852927038918,787.199296798863,787.792669223737,794.512429103535,800.390529679106,807.000619578449,805.062109405231,814.324873745117,818.153051960775,831.038506929733,832.727235171832,815.857004979354,794.512429103535,805.062109405231,799.608897556314,800.390529679106,818.91696770796,789.382670192347,792.540922072815,NA,NA,NA,NA,NA,NA,NA,NA,NA,NA,NA,NA,NA,NA,NA,NA,NA,NA,NA,NA,NA,NA,NA,NA,NA,NA,NA,NA,NA,NA,NA,NA,NA,NA,NA
NA,NA,NA,NA,NA,NA,NA,NA,NA,NA,NA,NA,NA,NA,NA,NA,NA,NA,NA,NA,NA,NA,NA,NA,NA,NA,NA,NA,NA,NA,NA,776.611228350453,787.199296798863,780.022777762131,807.000247950015,810.47788700724,831.602177892197,817.579176786843,822.341049233184,824.621125123532,831.038506929733,831.038506929733,850.367567584747,852.934846414037,868.725264765693,873.927622027722,883.529852353615,872.299642235979,886.002257333467,883.883476483184,862.590403779968,853.302408293801,867.827747885489,878.741836632982,860.232526704263,859.142013871979,845.946215784432,828.402076289045,NA,NA,NA,NA,NA,NA,NA,NA,NA,NA,NA,NA,NA,NA,NA,NA,NA,NA,NA,NA,NA,NA,NA,NA,NA,NA,NA,NA,NA,NA,NA
NA,NA,NA,NA,NA,NA,NA,NA,NA,NA,NA,NA,NA,NA,NA,NA,NA,NA,NA,NA,NA,NA,NA,NA,NA,NA,NA,NA,NA,806.225774829855,801.56097709407,847.605301678791,871.958099096024,867.827747885489,874.821392113397,880.695747690427,870.7037383634,867.827747885489,854.765971678053,872.13817712562,860.958767886128,883.529852353615,888.994367983239,901.387818865997,919.238815542512,924.142012172807,933.742409871597,928.035559663529,941.076511235936,942.900977227099,943.39811320566,922.293337284836,932.233393954945,916.856041044612,912.414379544733,908.639092269312,908.639092269312,901.734439843572,901.734439843572,883.883476483184,NA,NA,NA,NA,NA,NA,NA,NA,NA,NA,NA,NA,NA,NA,NA,NA,NA,NA,NA,NA,NA,NA,NA,NA,NA,NA,NA,NA,NA
NA,NA,NA,NA,NA,NA,NA,NA,NA,NA,NA,NA,NA,NA,NA,NA,NA,NA,NA,NA,NA,NA,NA,NA,NA,NA,813.941029804985,850.73465914816,850.183783792374,876.427407147905,902.25370613771,918.87607785541,930.38970329642,937.083240699566,937.083240699566,915.491671180028,936.082261342453,922.293337284836,921.954445729289,917.877987534291,928.035559663529,941.076511235936,929.045208803102,951.971638232989,963.229136081152,962.094070244693,965.012953280939,960.949277516285,963.391078182253,961.438731957788,977.880360780397,976.281209488332,976.281209488332,965.983954318083,963.226294966505,961.769203083567,958.18839483684,955.24865872714,955.24865872714,952.955927627296,955.24865872714,957.209485953832,958.00197430038,NA,NA,NA,NA,NA,NA,NA,NA,NA,NA,NA,NA,NA,NA,NA,NA,NA,NA,NA,NA,NA,NA,NA,NA,NA,NA
NA,NA,NA,NA,NA,NA,NA,NA,NA,NA,NA,NA,NA,NA,NA,NA,NA,NA,NA,NA,NA,NA,NA,NA,840.200848259576,867.827747885489,900.347155268455,900.173577634228,937.083240699566,945.045908619325,962.086174577461,976.915946951578,990.736842153292,994.043524825477,990.580637807947,990.580637807947,995.301461869719,986.154146165801,983.614957699518,984.249140692613,981.541692771149,1007.16166274859,1012.42283656583,998.123238883857,1007.78221853732,989.002022242624,1006.23058987491,983.933432707721,980.906896744059,986.154146165801,978.997574988015,991.526600752597,1000.62480480947,1015.19702521235,1001.69880306216,1011.18742080783,1000.76602587231,992.47166206396,1004.98756211209,1012.87293605622,999.055008938149,1011.4964162072,1017.50046396545,1022.40195135928,1000.31245118713,NA,NA,NA,NA,NA,NA,NA,NA,NA,NA,NA,NA,NA,NA,NA,NA,NA,NA,NA,NA,NA,NA,NA,NA
NA,NA,NA,NA,NA,NA,NA,NA,NA,NA,NA,NA,NA,NA,NA,NA,NA,NA,NA,NA,NA,NA,832.353569560999,855.862138431184,884.216547125379,926.350365682445,948.351775987398,975,975.320460156558,982.024110951677,1002.80855600658,1011.48962187483,1032.59382140317,1057.70566363314,1046.72107077292,1044.32992871027,1032.13886841707,1025,1006.54110695987,1031.53217226421,1051.48704224065,1050.29757688,1035.30406177934,1027.74023955472,1012.26819783747,1012.42283656583,1004.05428140116,1009.63931737226,1010.40314663414,1012.73140801678,1006.54110695987,1025,1020.11028815516,1029.5630140987,1038.47757139442,1040.2823159896,1039.83171715427,1057.41429912783,1041.48200970276,1054.75115548645,1052.67516357136,1058.58984080643,1075.29065838033,1059.18452891199,1053.71315952891,1063.60236930913,1076.16216250154,NA,NA,NA,NA,NA,NA,NA,NA,NA,NA,NA,NA,NA,NA,NA,NA,NA,NA,NA,NA,NA,NA
NA,NA,NA,NA,NA,NA,NA,NA,NA,NA,NA,NA,NA,NA,NA,NA,NA,NA,NA,NA,NA,899.476986208405,905.538513813742,916.17385611232,952.955927627296,978.197999341982,1000.31245118713,1000,1022.70756043783,1017.81013771375,1027.74023955472,1054.75115548645,1070.91852395521,1064.48344280219,1068.8779163216,1068.43919224314,1056.23084571414,1062.57343529293,1074.41809302976,1068.00046816469,1051.48704224065,1051.33842216104,1040.2823159896,1044.62912078881,1030.77640640442,1040.73291482493,1034.25670382697,1041.33310701683,1041.93329920874,1038.77801398441,1043.73111548076,1026.21878758869,1040.43260233424,1039.83171715427,1040.13215974426,1060.66017177982,1061.24926383956,1065.06637873855,1079.0619372953,1081.95425041912,1077.61310311262,1071.94165384868,1062.86635332087,1075.29065838033,1075.58108125077,1092.86832775633,1100.28405423327,1076.16216250154,NA,NA,NA,NA,NA,NA,NA,NA,NA,NA,NA,NA,NA,NA,NA,NA,NA,NA,NA,NA,NA
NA,NA,NA,NA,NA,NA,NA,NA,NA,NA,NA,NA,NA,NA,NA,NA,NA,NA,NA,853.851391412777,908.982948134892,927.69485164821,954.919444038764,980.114789195633,1002.80855600658,1020.11028815516,1025.30483272049,1050,1037.12342563458,1041.93260853809,1052.67516357136,1084.25997051208,1083.82885420014,1094.30104668257,1093.44638643145,1098.29413182444,1082.09587112933,1090.01146782958,1092.01648339208,1099.14739684903,1085.41466730462,1091.44399764715,1070.77299792194,1071.79612781541,1061.98466998481,1063.60236930913,1062.1322893124,1060.2178818585,1063.60236930913,1054.75115548645,1033.50133042972,1047.0195795686,1039.83171715427,1035.91746775503,1050.2971975861,1057.41429912783,1075.29065838033,1079.64114408446,1079.64114408446,1091.1480203228,1076.16216250154,1076.59756196422,1075,1076.16216250154,1089.1510455396,1098.72076433674,1096.58560997307,1093.58717384385,1077.61310311262,1079.4964006653,NA,NA,NA,NA,NA,NA,NA,NA,NA,NA,NA,NA,NA,NA,NA,NA,NA,NA,NA
NA,NA,NA,NA,NA,NA,NA,NA,NA,NA,NA,NA,NA,NA,NA,NA,NA,NA,862.046982478333,882.105330422991,941.408519188137,961.769203083567,999.062060134404,1004.98756211209,1026.21878758869,1044.47952474954,1068.00046816469,1050.29757688,1050.14878844,1062.57343529293,1083.10895112172,1105.66664138883,1110.18016555873,1113.83347049727,1114.95515604889,1114.39431327308,1124.86040783387,1113.83347049727,1116.07571427749,1116.35567808831,1099.71572554115,1085.41466730462,1069.02359805816,1062.57343529293,1053.8619454179,1066.97537421554,1057.26419866066,1055.04739230046,1062.13127054448,1044.32718499083,1030.32145130336,1042.9819750499,1037.87459245465,1035.46477248963,1052.67449382928,1054.75115548645,1068.00046816469,1079.0619372953,1092.4451920393,1102.55385356,1083.10895112172,1082.6759961087,1089.58125668459,1096.72763502278,1095.58565321823,1097.72492000501,1102.55385356,1102.55385356,1104.53610171873,1082.6759961087,1065.80141873691,NA,NA,NA,NA,NA,NA,NA,NA,NA,NA,NA,NA,NA,NA,NA,NA,NA,NA
NA,NA,NA,NA,NA,NA,NA,NA,NA,NA,NA,NA,NA,NA,NA,NA,NA,903.465549979633,904.674548289652,967.91867261416,965.983954318083,994.032041188514,1011.18742080783,1032.59382140317,1054.75115548645,1055.04739230046,1075.29065838033,1075.29065838033,1075,1095.73035004056,1104.11155222547,1112.14754311146,1117.89316847511,1115.51543516319,1118.7323238059,1135.36747321494,1128.05141726785,1131.92314226718,1127.35617638475,1115.51543516319,1123.61025271221,1106.93833616658,1087.99729791067,1080.79769725179,1085.55814438961,1063.60236930913,1051.48704224065,1048.6585782243,1050.74368948072,1033.04757591644,1028.65203057205,1038.47757139442,1034.70939909238,1046.72107077292,1054.75115548645,1060.66017177982,1077.61310311262,1079.0619372953,1089.58125668459,1106.79718105893,1103.54497763936,1087.7130675671,1100.28405423327,1100.28405423327,1089.58125668459,1102.55385356,1107.3617295175,1104.53610171873,1107.07949127423,1090.72773273837,1085.99017895483,1053.8619454179,NA,NA,NA,NA,NA,NA,NA,NA,NA,NA,NA,NA,NA,NA,NA,NA,NA
NA,NA,NA,NA,NA,NA,NA,NA,NA,NA,NA,NA,NA,NA,NA,850.367567584747,883.529852353615,934.07708461347,976.281209488332,988.525810327695,995.301461869719,1039.83171715427,1041.93329920874,1056.08272730714,1068.00046816469,1077.61310311262,1097.86650341105,1100.28405423327,1125,1131.92314226718,1129.43569980765,1133.71622596016,1129.57402628858,1138.52975367357,1141.81859346546,1147.27939055838,1152.44305716161,1139.35258938635,1131.92314226718,1132.75077357132,1134.95511130591,1137.15654155442,1114.95515604889,1100.28405423327,1077.0329614269,1063.60236930913,1075.29065838033,1062.1322893124,1051.48704224065,1049.40459309077,1041.93329920874,1037.87459245465,1046.86726090052,1054.75115548645,1052.67516357136,1060.80746523798,1068.8779163216,1075.29065838033,1082.6759961087,1098.29413182444,1103.1204281461,1100.28405423327,1101.13577727726,1106.79718105893,1110.46161572564,1105.80779649648,1107.07949127423,1107.07949127423,1110.18016555873,1104.81667241711,1110.46161572564,1090.29752159338,1068.8779163216,1022.40195135928,NA,NA,NA,NA,NA,NA,NA,NA,NA,NA,NA,NA,NA,NA,NA
NA,NA,NA,NA,NA,NA,NA,NA,NA,NA,NA,NA,NA,NA,845.946215784432,878.026408845503,931.226471966413,960.141232540766,1015.19324507047,1025,1050.74368948072,1051.33842216104,1087.85836807232,1085.41466730462,1103.54497763936,1104.53610171873,1126.11056295552,1150.27170703273,1164.31260724693,1153.93341878373,1163.77605731634,1154.33963806152,1137.014736072,1143.18473505561,1161.6248941126,1142.63948820264,1147.27939055838,1135.0929323906,1133.85404704486,1131.64699608283,1137.84314761399,1139.35258938635,1126.66130274086,1103.9664791681,1108.48939028806,1086.56569060504,1079.64114408446,1063.3084752913,1051.48704224065,1044.32992871027,1041.93329920874,1040.8825081815,1047.0195795686,1045.67475413943,1040.72667717242,1044.18028980066,1051.48704224065,1066.97537421554,1075.29065838033,1085.41466730462,1085.41466730462,1099.71572554115,1106.09064826962,1103.54497763936,1107.35942816181,1119.43065886191,1113.68765706697,1110.18016555873,1113.83347049727,1095.01599820226,1091.29871598553,1093.44638643145,1092.4451920393,1075.29065838033,1025.15241636025,NA,NA,NA,NA,NA,NA,NA,NA,NA,NA,NA,NA,NA,NA
NA,NA,NA,NA,NA,NA,NA,NA,NA,NA,NA,NA,NA,862.046982478333,892.328414878737,919.238815542512,973.716258469418,1037.12342563458,1040.73291482493,1044.18028980066,1056.07808429611,1073.69105371246,1090.29752159338,1105.80779649648,1123.19291567825,1148.63934086409,1156.23298162927,1171.8041645258,1176.46178911394,1180.04237212059,1177.39118393166,1177.2567844307,1166.98404722137,1184.53577404821,1165.78742760619,1167.26175299288,1151.76475024187,1134.5398419108,1153.65398782308,1140.17542509914,1147.00697469545,1141.27122105133,1140.31244894742,1132.75107592092,1109.61705105861,1101.84481541863,1083.25242429666,1073.83657974573,1056.80966577653,1048.50932382646,1032.59382140317,1042.53280072999,1048.6585782243,1048.50932382646,1050.29757688,1050.29757688,1060.66017177982,1075.29065838033,1079.0619372953,1078.48238017938,1080.50851994267,1098.43615842702,1104.53610171873,1109.61705105861,1110.46161572564,1117.05485151369,1126.52297625993,1113.83347049727,1118.03398874989,1113.83347049727,1116.07515231205,1113.83347049727,1128.05141726785,1128.05141726785,1128.74355853775,1085.41466730462,NA,NA,NA,NA,NA,NA,NA,NA,NA,NA,NA,NA,NA
NA,NA,NA,NA,NA,NA,NA,NA,NA,NA,NA,NA,873.212459828649,909.326414214689,956.882960450232,1000.4686279983,1040.8825081815,1052.52587374967,1061.24926383956,1077.75690987384,1079.35165724615,1094.588368236,1104.11155222547,1125.55374054509,1156.77353012593,1173.53504594006,1195.04184027171,1200.26038841578,1200,1201.04121494643,1204.15945787923,1190.85053638146,1193.47079218887,1184.53577404821,1187.96043705167,1167.26175299288,1171.8041645258,1166.45828396343,1166.32397753677,1164.84965215008,1154.33963806152,1149.86122385999,1147.00697469545,1140.4494727957,1119.98870020633,1114.39431327308,1096.58560997307,1083.25242429666,1068.00046816469,1061.24779314716,1041.33310701683,1032.43928671326,1040.58275857959,1042.53280072999,1050,1050.29757688,1065.95028026639,1076.16216250154,1089.1510455396,1085.99017895483,1089.58125668459,1097.72492000501,1104.81667241711,1101.41895389663,1110.46161572564,1113.83347049727,1118.03398874989,1113.83347049727,1122.77557864428,1132.33710909405,1128.05141726785,1130.1271291145,1136.19190035921,1140.86034692352,1158.12348219005,1163.23901241318,1076.88763280708,NA,NA,NA,NA,NA,NA,NA,NA,NA,NA,NA,NA
NA,NA,NA,NA,NA,NA,NA,NA,NA,NA,NA,851.46931829632,886.70739254841,919.238815542512,982.980162566875,1024.53757517275,1049.85108498538,1068.00046816469,1083.82977464796,1103.5406176461,1103.68700273221,1116.4778721015,1122.77557864428,1151.6292806281,1164.84965215008,1188.22343472607,1195.17200251325,1207.91653246639,1225.25507548428,1226.01998352392,1227.29377086336,1221.16747418198,1208.04525042975,1209.33866224478,1207.52821798709,1191.89974410602,1196.34861140054,1185.45876462545,1182.42335903855,1171.00384286304,1164.17826852098,1160.1437060535,1147.00697469545,1136.74417964538,1127.91145786251,1109.61705105861,1096.58560997307,1073.83657974573,1064.04290605566,1050.44581766571,1051.48704224065,1041.93329920874,1033.50133042972,1035.01207722422,1050.29757688,1061.24926383956,1076.16216250154,1079.64114408446,1079.64114408446,1082.24304109567,1085.41466730462,1097.15526498904,1095.73035004056,1102.55385356,1109.61705105861,1107.22061039587,1109.89860830867,1122.77557864428,1128.05141726785,1152.44305716161,1133.85404704486,1142.76836418451,1148.09573407578,1152.03616889486,1163.23901241318,1150.81377530887,1130.40327485306,1105.66664138883,NA,NA,NA,NA,NA,NA,NA,NA,NA,NA,NA
NA,NA,NA,NA,NA,NA,NA,NA,NA,NA,NA,906.228448019593,929.045208803102,951.971638232989,1016.57513381145,1044.03065089106,1083.10895112172,1075.72641044094,1090.29752159338,1116.07571427749,1123.46394361994,1146.31883645616,1147.27939055838,1167.26175299288,1184.53577404821,1197.26215401636,1204.15945787923,1226.01998352392,1225.25507548428,1230.4723064247,1231.99344617232,1229.07485532819,1208.95081884988,1221.03800744358,1212.69328356349,1225.37446616618,1218.73342803209,1209.98444201566,1188.48643240047,1172.86992635659,1171.00384286304,1154.33963806152,1139.35258938635,1133.16474039819,1123.61025271221,1109.61705105861,1086.56569060504,1068.8779163216,1061.39623054611,1053.11909886355,1052.67516357136,1043.1316139595,1033.50133042972,1032.13886841707,1050.29757688,1066.97537421554,1085.99017895483,1079.64114408446,1096.58560997307,1084.98263273941,1087.28285642211,1090.01146782958,1100.42399269222,1108.77094753812,1115.93372962358,1111.72526077794,1118.7323238059,1133.71622596016,1143.86886863126,1161.08735286448,1175.26592735432,1171.8041645258,1186.77573729256,1167.26175299288,1171.00384286304,1158.12348219005,1127.77432282291,1112.14754311146,NA,NA,NA,NA,NA,NA,NA,NA,NA,NA,NA
NA,NA,NA,NA,NA,NA,NA,NA,NA,NA,912.747566656962,928.035559663529,962.094070244693,1002.01258039794,1049.09593706409,1079.78367676587,1091.44399764715,1091.29871598553,1118.86536734658,1123.05387226081,1140.17542509914,1150.27170703273,1152.98512833377,1173.53504594006,1187.96043705167,1209.33866224478,1229.07485532819,1239.32801290355,1250.249975005,1238.69868296902,1240.33734217735,1227.29377086336,1232.37533697844,1234.14950471975,1237.43686707646,1236.42537191842,1225.76506721313,1206.75183861472,1192.94756886599,1194.51861694883,1171.00384286304,1171.00372122898,1151.35786197512,1138.52975367357,1123.61025271221,1124.30512635611,1096.58560997307,1076.15965512594,1073.83657974573,1073.54552767919,1052.67516357136,1047.0195795686,1048.5097897843,1052.97047878394,1066.97537421554,1078.62712359854,1077.75784596653,1078.48273050615,1083.68445886187,1077.61310311262,1084.98263273941,1084.55059817419,1096.30056040611,1107.07949127423,1107.07949127423,1114.39431327308,1131.23252386334,1147.27939055838,1158.12348219005,1171.8041645258,1178.71740415095,1179.11476945771,1182.42335903855,1158.12348219005,1155.55658409372,1147.27939055838,1101.41895389663,1100.28405423327,1077.75784596653,NA,NA,NA,NA,NA,NA,NA,NA,NA,NA
NA,NA,NA,NA,NA,NA,NA,NA,NA,891.095618114075,921.954445729289,950.821884979717,979.156969168388,1040.73291482493,1070.91852395521,1088.42933247589,1100.28405423327,1114.95515604889,1130.5419054595,1148.63934086409,1147.14318262691,1164.3131022195,1187.69735202197,1202.73041777631,1221.03950944473,1233.76957153707,1247.24334440896,1248.24234622487,1250.249975005,1250,1250.249975005,1241.21915873064,1247.49588533405,1231.10722522451,1237.43686707646,1240.33734217735,1225.76506721313,1210.62956097278,1208.17443947751,1188.48643240047,1172.73656978669,1171.00384286304,1155.01603559707,1134.54144682864,1123.61025271221,1132.75107592092,1119.43065886191,1102.41139000473,1085.41466730462,1062.1322893124,1051.33842216104,1044.47952474954,1050.89230956033,1052.67516357136,1057.26419866066,1075.29065838033,1078.48273050615,1076.45188074647,1079.0619372953,1079.64114408446,1079.0619372953,1077.61310311262,1081.6653826392,1096.58560997307,1109.61705105861,1118.03398874989,1140.31244894742,1151.6292806281,1164.3131022195,1171.00384286304,1179.24764150708,1179.64500681384,1198.69618889853,1162.70147116506,1164.3131022195,1141.40745665089,1118.03398874989,1105.66664138883,1094.7309486353,1082.09864575739,NA,NA,NA,NA,NA,NA,NA,NA,NA
NA,NA,NA,NA,NA,NA,NA,NA,856.22221108289,905.711030206707,933.742409871597,983.933432707721,1026.37011977736,1069.46232213662,1086.56569060504,1110.18016555873,1133.29058547071,1136.74284997759,1154.33963806152,1161.35584271781,1171.8041645258,1180.96347898994,1203.3804024799,1226.65687719364,1241.34503026208,1249.74994997999,1251.24897682091,1253.99362039845,1250.99960031968,1251.62378947825,1250.249975005,1245.73456686782,1241.21915873064,1229.07485532819,1233.3896383544,1233.51157384978,1220.91154470748,1225.76506721313,1206.75183861472,1182.42335903855,1171.00384286304,1171.00384286304,1154.33963806152,1155.28326967583,1147.00697469545,1132.75107592092,1119.43065886191,1107.07949127423,1084.55059817419,1067.41409829399,1053.26721727056,1041.93329920874,1042.9819750499,1048.6585782243,1057.41429912783,1063.01458127346,1071.94165384868,1076.15965512594,1064.48344280219,1073.83657974573,1079.35165724615,1079.4964006653,1085.41466730462,1097.0122409325,1114.95459238738,1120.54674155075,1130.1271291145,1147.00697469545,1154.33963806152,1172.46976552521,1177.78917536324,1185.85412256314,1185.85412256314,1170.46999107196,1171.40400369442,1151.08644332213,1138.52975367357,1116.35567808831,1098.29413182444,1082.6759961087,1075.29065838033,NA,NA,NA,NA,NA,NA,NA,NA
NA,NA,NA,NA,NA,NA,NA,NA,876.425593869655,930.38970329642,979.935625436662,1035.30406177934,1076.16180990361,1100.14158706315,1138.52975367357,1147.00697469545,1155.96280216969,1168.86587203242,1166.99397097534,1176.32855564299,1198.30449990816,1205.45564824697,1229.07485532819,1229.83738762488,1249.87493748249,1262.19055613643,1258.96783120142,1265.77443677036,1266.26863922583,1274.7548783982,1250.249975005,1244.73396600632,1225.25507548428,1230.09146001425,1227.54741942605,1228.56360437422,1216.55250605964,1221.03950944473,1201.3013776734,1195.04184027171,1182.42335903855,1164.3131022195,1147.00697469545,1150.13546838913,1138.52975367357,1123.61025271221,1103.1204281461,1096.15798000681,1079.64114408446,1074.85384509037,1054.89927389345,1042.9819750499,1052.67516357136,1057.41429912783,1065.95028026639,1079.0619372953,1080.94209259006,1078.48273050615,1073.83657974573,1066.97537421554,1068.00046816469,1075.29065838033,1090.58376446584,1101.84481541863,1110.18016555873,1125.69415322411,1132.33710909405,1144.96178162271,1158.93241633218,1166.32397753677,1187.96043705167,1201.3013776734,1209.46785129254,1191.89974410602,1185.85412256314,1158.78932523735,1151.35786197512,1129.7123527695,1107.07949127423,1080.94209259006,1076.45188074647,NA,NA,NA,NA,NA,NA,NA,NA
NA,NA,NA,NA,NA,NA,NA,860.050390879054,901.387818865997,961.769203083567,1011.18742080783,1060.80746523798,1092.44069779008,1125.55374054509,1153.39134761157,1152.44305716161,1164.31260724693,1176.86022959398,1179.24764150708,1193.99539362596,1204.41715842123,1219.11853402366,1230.09104027635,1250.249975005,1264.91106406735,1274.14139006654,1258.22295321616,1267.37918556366,1269.83297123277,1262.31385120614,1250.99960031968,1239.20129473941,1225,1223.08331009588,1227.29377086336,1231.36103560248,1212.69328356349,1216.55250605964,1202.21149682912,1195.04184027171,1182.42335903855,1158.12348219005,1140.31244894742,1131.64699608283,1130.5419054595,1114.95515604889,1093.44638643145,1086.56569060504,1074.99937112364,1062.57343529293,1056.81496113376,1052.67516357136,1048.6585782243,1060.66017177982,1068.00046816469,1077.46590123239,1076.88669444324,1073.10444522659,1069.46232213662,1063.60236930913,1068.43919224314,1075.29065838033,1089.1510455396,1106.79718105893,1118.7323238059,1119.98870020633,1136.05624391802,1152.57824006702,1152.98512833377,1165.78829052486,1183.47956654338,1202.60134708057,1202.60134708057,1209.59704034029,1187.82889453682,1189.93009057885,1163.77605731634,1151.76475024187,1132.33710909405,1096.72763502278,1093.87341671632,1080.79769725179,NA,NA,NA,NA,NA,NA,NA
NA,NA,NA,NA,NA,NA,831.038506929733,890.916541023409,956.065809588686,981.547475881254,1055.04739230046,1080.94209259006,1093.87341671632,1128.74355853775,1173.13488510868,1163.23901241318,1175.26592735432,1188.48643240047,1188.48643240047,1197.26215401636,1212.69328356349,1234.65571871166,1257.60114192076,1274.63215255489,1276.46964721485,1270.08857958805,1273.0377056474,1281.1127975319,1256.23445264011,1253.99362039845,1252.24797863682,1229.20049804394,1225.25507548428,1226.01998352392,1226.01998352392,1229.07485532819,1212.69328356349,1206.62234490804,1191.89974410602,1196.34861140054,1176.86022959398,1158.12348219005,1140.17542509914,1135.0929323906,1121.80030690578,1106.79718105893,1091.44399764715,1077.0329614269,1073.83657974573,1062.1322893124,1039.83171715427,1029.5630140987,1036.52044669481,1045.52549974159,1061.24926383956,1065.21686153429,1078.48273050615,1078.48273050615,1069.46232213662,1065.95028026639,1052.67516357136,1068.43919224314,1082.24304109567,1100.28405423327,1117.05485151369,1123.61025271221,1132.75107592092,1148.63934086409,1156.36816614781,1164.84965215008,1185.45876462545,1206.49285120137,1201.04121494643,1205.3261545403,1195.0377203691,1179.24764150708,1179.24764150708,1167.39154664573,1162.96586472169,1147.00697469545,1125.27774349269,1110.18016555873,1097.72492000501,NA,NA,NA,NA,NA,NA
NA,NA,NA,NA,NA,NA,850.367567584747,927.024565723209,972.91219597369,1031.68391331601,1076.16216250154,1076.16216250154,1108.34827116642,1141.95535462699,1195.69522583613,1186.7755035948,1185.72234635054,1198.17569663218,1198.17569663218,1211.66208160526,1241.21915873064,1257.22909606802,1268.73388257586,1285.49601321824,1279.89257361702,1279.03603822205,1270.08857958805,1275.48925476815,1267.37918556366,1267.37918556366,1244.86429226052,1229.07485532819,1226.01998352392,1225.12753774214,1230.09146001425,1231.23413041349,1220.91154470748,1199.21668352734,1187.96043705167,1191.89974410602,1171.8041645258,1149.45433559324,1132.88859465602,1118.31122791412,1116.07571427749,1099.14739684903,1085.41466730462,1075.72641044094,1054.30655045217,1044.47643938867,1033.50133042972,1019.80390271856,1037.42189718925,1044.32992871027,1050.29757688,1058.14832807001,1061.10201126785,1052.08110290601,1059.48100502085,1049.40459309077,1054.75115548645,1068.43919224314,1082.6759961087,1091.44399764715,1109.61705105861,1123.61025271221,1139.35258938635,1144.82323144905,1152.44305716161,1168.86587203242,1177.39118393166,1192.94756886599,1195.04184027171,1201.82142165725,1204.15945787923,1180.43893565836,1177.39118393166,1176.06334863391,1175.26592735432,1154.33963806152,1150.13585351637,1141.27122105133,1121.10311875309,NA,NA,NA,NA,NA,NA
NA,NA,NA,NA,NA,847.973107892216,893.198553592494,952.955927627296,991.053619280272,1056.81496113376,1070.91852395521,1089.1510455396,1129.43569980765,1153.52719950593,1200.26036017715,1201.8212810135,1199.34820849324,1215.90590879358,1208.95081884988,1230.09104027635,1250.49980015984,1280.01417688738,1278.05976684367,1291.55913530895,1283.79320764678,1285.37348763508,1293.12993646568,1286.95376762338,1279.89257361702,1253.12079951763,1230.4723064247,1231.10722522451,1215.13805772674,1223.59500823464,1212.69106585665,1206.62234490804,1204.15945787923,1195.17200251325,1184.53577404821,1185.45876462545,1163.23901241318,1147.14318262691,1128.05141726785,1109.89860830867,1100.70991575527,1092.01648339208,1077.75784596653,1059.48100502085,1041.93329920874,1030.77640640442,1016.58033939373,1011.48962187483,1029.5630140987,1040.43260233424,1044.03065089106,1051.48704224065,1051.33842216104,1054.75115548645,1053.8619454179,1046.72107077292,1055.04739230046,1079.64114408446,1097.15526498904,1090.72773273837,1114.95515604889,1123.61025271221,1131.23252386334,1130.5419054595,1140.4494727957,1154.33963806152,1165.38620208067,1173.93568818739,1184.53577404821,1201.56137148178,1197.65111434375,1198.04152760907,1184.53577404821,1187.0385012692,1179.24764150708,1163.6417185904,1150.67907517743,1130.1271291145,1131.92314226718,1091.29871598553,NA,NA,NA,NA,NA
NA,NA,NA,NA,NA,886.70739254841,926.350365682445,975.800834822445,1000.93701226726,1051.33842216104,1076.59756196422,1082.24304109567,1123.19291567825,1170.7369169675,1205.3261545403,1207.52846757333,1206.49285120137,1209.33866224478,1218.86217432489,1248.2457355139,1255.48795294897,1278.05976684367,1280.50268557446,1274.38705451114,1274.01923062409,1285.49601321824,1267.99373485264,1275.98001551748,1265.89889011722,1241.21915873064,1229.83738762488,1212.69328356349,1209.46785129254,1205.3261545403,1202.3414656411,1200.26038841578,1185.59057013794,1177.39118393166,1166.99397097534,1169.93540780957,1159.74135047432,1138.52975367357,1117.1948334191,1097.72492000501,1073.83657974573,1079.35165724615,1061.24926383956,1050.29757688,1027.74023955472,1017.81013771375,1017.65662185238,1026.97951357171,1020.41658159793,1030.16971025156,1040.2823159896,1045.52549974159,1044.32992871027,1041.93260853809,1028.65203057205,1037.12342563458,1035.91746775503,1059.03723545383,1076.16216250154,1079.64114408446,1098.72076433674,1109.61705105861,1126.24861418898,1129.43569980765,1140.17542509914,1151.08644332213,1158.93241633218,1171.40400369442,1176.46178911394,1191.89974410602,1196.0869148265,1185.05833110506,1184.53577404821,1176.32855564299,1161.08735286448,1152.98512833377,1151.08644332213,1141.81859346546,1137.84314761399,1118.03398874989,NA,NA,NA,NA,NA
NA,NA,NA,NA,871.42095774451,900.347155268455,938.579386289194,976.281209488332,1025.30483272049,1055.04739230046,1060.66017177982,1077.61310311262,1126.11056295552,1176.06334863391,1202.60134708057,1209.33866224478,1202.08152801713,1221.28624479178,1226.01998352392,1228.18431309577,1260.57919366893,1269.83297123277,1273.0377056474,1279.15838748819,1281.1127975319,1274.01923062409,1267.37918556366,1275.36744695784,1255.48795294897,1241.21915873064,1218.86217432489,1209.07746640331,1200.5207203543,1206.49285120137,1201.4310929977,1188.09189221122,1172.86992635659,1175.13296367716,1155.96280216969,1154.33963806152,1147.14318262691,1131.92314226718,1107.07949127423,1087.85836807232,1065.95028026639,1069.02359805816,1049.40459309077,1040.58275857959,1020.11028815516,1007.78221853732,1007.78221853732,1020.11028815516,1011.18742080783,1025.91422643416,1015.19702521235,1030.77640640442,1027.74023955472,1026.06650701142,1015.19702521235,1020.41658159793,1029.25926338717,1054.75115548645,1055.04739230046,1085.99017895483,1098.29413182444,1101.41895389663,1118.7323238059,1120.40478369709,1131.92314226718,1141.27069548936,1150.13585351637,1166.32397753677,1164.3131022195,1179.24764150708,1178.71740415095,1186.90727980741,1180.43893565836,1176.06334863391,1173.26666985294,1164.17826852098,1142.36596587959,1151.76475024187,1129.43569980765,1133.4395442744,1110.32089064218,NA,NA,NA,NA
NA,NA,NA,NA,880.695747690427,911.214057852399,975.800834822445,994.043524825477,1044.32992871027,1052.67516357136,1085.41466730462,1091.01397561083,1130.95637767899,1152.71304069183,1188.09189221122,1206.49285120137,1203.25046176017,1209.33866224478,1229.07485532819,1231.23413041349,1266.63903784044,1257.72602464209,1267.37918556366,1273.0377056474,1268.36470652113,1264.91106406735,1257.22909606802,1250,1241.21915873064,1231.10722522451,1212.69328356349,1188.48643240047,1179.24764150708,1191.89974410602,1173.53504594006,1181.63022980965,1177.39118393166,1175.26592735432,1152.44305716161,1152.44305716161,1135.64388200898,1129.43569980765,1098.29413182444,1082.24304109567,1060.66017177982,1044.18028980066,1044.32992871027,1032.59382140317,1013.03997946774,996.242942258564,996.869313235425,1004.05428140116,995.615387586994,999.062060134404,993.414031311158,1008.40201103392,1011.4964162072,1007.78221853732,1007.00640420611,1008.40201103392,1025.15241636025,1044.03065089106,1061.24926383956,1084.55059817419,1090.58376446584,1092.01648339208,1106.93833616658,1111.72526077794,1125.27774349269,1133.85351110127,1147.00697469545,1155.96280216969,1173.53504594006,1182.42335903855,1186.90727980741,1182.41910582251,1196.34861140054,1195.56369150362,1201.30092702844,1182.42335903855,1171.13707779888,1157.44850615799,1156.36816614781,1156.36816614781,1128.05141726785,NA,NA,NA,NA
NA,NA,NA,NA,901.561129354784,946.366365842974,1006.69574329663,1025.15241636025,1048.36053538646,1085.41466730462,1083.08681516556,1119.43065886191,1128.46646409281,1190.19308825325,1202.21149682912,1200.65080168111,1213.72360939384,1202.3414656411,1231.10722522451,1261.19982556294,1260.08382838218,1262.68475677,1274.01923062409,1266.63903784044,1273.0377056474,1260.45538880691,1249.49989995998,1234.14950471975,1219.11853402366,1209.59704034029,1202.08152801713,1186.64369808232,1178.05393555053,1171.8041645258,1171.8041645258,1173.53504594006,1179.24764150708,1176.06334863391,1164.31260724693,1148.77554879556,1126.11056295552,1101.13577727726,1076.16216250154,1068.8779163216,1054.75115548645,1040.43260233424,1039.83171715427,1026.37011977736,1006.54110695987,993.414031311158,980.433577556379,965.660395791398,984.88578017961,986.154146165801,977.880360780397,985.203024761902,995.615387586994,990.580637807947,995.301461869719,999.062060134404,1020.11028815516,1040.43260233424,1063.60236930913,1073.83657974573,1084.26180921317,1091.44399764715,1099.14739684903,1101.13577727726,1114.39431327308,1118.7323238059,1133.85404704486,1156.36816614781,1160.01077581202,1179.64500681384,1185.19494830568,1185.06035553026,1187.82889453682,1182.81647112927,1185.19494830568,1200.65080168111,1195.04184027171,1193.47079218887,1172.20283962968,1163.10467368724,1151.6292806281,NA,NA,NA,NA
NA,NA,NA,862.764093215076,927.024565723209,973.074810823179,1008.40201103392,1040.13215974426,1083.10895112172,1098.29280498653,1117.61456866256,1131.23252386334,1154.06774514712,1178.31941271937,1201.17129630991,1212.69328356349,1223.08331009588,1221.42324284624,1230.34170460888,1238.44619635026,1250.99960031968,1267.37918556366,1264.16968797705,1264.16968797705,1253.99362039845,1244.23671381293,1235.0354181132,1230.09104027635,1211.66208160526,1202.34143754885,1195.04184027171,1185.85412256314,1178.18716679482,1164.3131022195,1164.84965215008,1169.13279792796,1168.8669727561,1165.38620208067,1152.44305716161,1133.16474039819,1119.43065886191,1096.58560997307,1068.43919224314,1056.23084571414,1047.90946143512,1032.59382140317,1034.2556445791,1019.80390271856,1000.62480480947,982.344135219425,965.012953280939,965.983954318083,975,972.270748327451,964.689069078737,963.553511762816,976.281209488332,973.717104707522,976.281209488332,989.002022242624,1020.11028815516,1032.13886841707,1050.29757688,1069.02359805816,1080.94209259006,1083.10895112172,1087.85836807232,1098.00952591472,1089.1510455396,1103.68700273221,1127.77432282291,1131.92314226718,1158.12348219005,1152.71304069183,1166.19037896906,1175.26592735432,1178.31941271937,1159.87606314317,1159.74135047432,1186.90727980741,1211.14516195189,1196.74030039091,1196.34861140054,1194.51861694883,1140.17542509914,1123.19291567825,NA,NA,NA
NA,NA,NA,864.39688682316,935.580162656518,989.002022242624,1023.16540401604,1064.62486600212,1103.54497763936,1103.54497763936,1109.89860830867,1136.33181773635,1155.82761765116,1180.30526291668,1201.82142165725,1231.23413041349,1228.18431309577,1231.10722522451,1247.11835690647,1255.48795294897,1263.17895922547,1275,1272.05390510607,1261.19982556294,1256.23445264011,1241.47090179351,1231.10722522451,1208.95081884988,1202.08152801713,1201.17129630991,1188.48643240047,1185.59057013794,1185.59054083806,1162.16392991695,1151.76475024187,1158.12348219005,1155.01603559707,1149.18449345612,1134.95594628162,1119.43065886191,1104.53610171873,1079.64114408446,1054.75115548645,1040.73291482493,1026.52253613761,1026.21878758869,1007.78221853732,1007.78221853732,995.301461869719,973.717104707522,958.18839483684,946.868103311152,947.684875719325,946.863501821535,940.41190884828,956.065809588686,956.065809588686,955.24865872714,956.065809588686,987.578084204212,1000,1033.34693707972,1044.32992871027,1059.33178148369,1065.21686153429,1075.29065838033,1075.5793153959,1073.83657974573,1073.83657974573,1098.29413182444,1106.09064826962,1118.03398874989,1141.40745665089,1135.64388200898,1151.08644332213,1169.53295875934,1177.39118393166,1179.24764150708,1176.32855564299,1189.40548671656,1187.69735202197,1192.29289414684,1174.60080777085,1154.33963806152,1147.14318262691,1144.68647028752,NA,NA,NA
NA,NA,866.566481863079,901.387818865997,954.921406664489,982.980162566875,1059.03723545383,1076.45188074647,1123.88778932214,1129.43569980765,1147.68497804631,1155.82761765116,1169.13279792796,1210.37184369102,1216.80241413548,1250.99960031968,1255.48795294897,1241.21915873064,1256.23445264011,1261.19982556294,1305.9957886609,1298.31586027577,1274.8774391991,1257.22909606802,1263.42787684933,1237.94184031399,1231.36103560248,1218.86217432489,1196.34861140054,1195.69522583613,1198.17569663218,1188.48643240047,1185.59057013794,1170.46999107196,1154.33963806152,1147.00697469545,1140.17542509914,1128.05141726785,1110.18016555873,1098.29413182444,1073.83657974573,1064.48344280219,1035.91746775503,1029.8664962023,1007.78221853732,1006.38584841739,996.242942258564,984.88578017961,980.114789195633,955.24865872714,941.076511235936,927.698765763974,925,933.407735129724,935.245487914645,941.076511235936,940.41190884828,941.076511235936,951.1502643352,973.235463812354,985.203024761902,1020.41658159793,1029.25926338717,1040.73291482493,1059.48100502085,1056.08272730714,1044.03065089106,1051.18980208143,1065.95028026639,1078.91719387615,1082.09864575739,1092.73143491176,1102.55385356,1117.05485151369,1130.67942103741,1160.68124730162,1167.38823189959,1167.92527680275,1178.31941271937,1179.24764150708,1195.69522583613,1209.8552529679,1197.13198938129,1176.86022959398,1155.01603559707,1128.88188501867,1101.98552848274,NA,NA
NA,NA,865.480786483546,929.045208803102,948.683298050514,987.102523502263,1065.21686153429,1101.41719979062,1125.55528147776,1137.84314761399,1147.14318262691,1178.05393555053,1219.75725358679,1241.21915873064,1244.48744112635,1257.60114192076,1264.04472312682,1256.23445264011,1264.5403760222,1280.50268557446,1290.59094991403,1297.2326258201,1277.20397744448,1256.23445264011,1256.73177435406,1252.99640861417,1231.36103560248,1219.11853402366,1207.52846757333,1196.34861140054,1196.34861140054,1193.99539362596,1176.32855564299,1165.38620208067,1152.98512833377,1132.75107592092,1114.95515604889,1104.81895349187,1097.43887344479,1071.79612781541,1044.62912078881,1018.88377814684,1004.05428140116,1000.62480480947,990.580637807947,975,963.877233018046,961.118919349247,950.328890437411,927.192962672987,920.5966306359,912.414379544733,903.465549979633,898.780117656372,906.228448019593,905.883546599672,912.752703670046,925.337776166087,941.242515212036,976.281209488332,989.791330025286,1007.78221853732,1030.77640640442,1037.87459245465,1043.58147657115,1060.07058840034,1046.72107077292,1055.04739230046,1074.56361906303,1090.29752159338,1096.30056040611,1108.62982841648,1113.83347049727,1125,1128.74355853775,1151.76475024187,1156.77353012593,1152.03616889486,1176.06334863391,1186.77573729256,1211.53256362726,1226.01998352392,1212.69328356349,1188.48643240047,1164.3131022195,1146.18881980913,1102.41139000473,NA,NA
NA,NA,905.883546599672,931.730748508319,941.076511235936,1011.18742080783,1044.32992871027,1113.83347049727,1131.64699608283,1151.35584648103,1188.74515712198,1215.13805772674,1250.249975005,1246.87032199505,1256.23445264011,1274.7548783982,1285.00972758964,1278.30243150203,1274.7548783982,1286.95376762338,1290.59094991403,1288.7723587687,1273.52846813575,1271.19396656301,1275.98001551748,1256.85545308257,1245.86589241329,1231.10722522451,1215.90590879358,1210.50037192502,1207.52846757333,1188.48643240047,1173.93568818739,1151.6292806281,1129.43569980765,1117.61456866256,1100.70991575527,1084.55059817419,1062.57343529293,1039.83171715427,1018.73026228547,995.615387586994,973.717104707522,949.506094243962,939.747306460625,930.38970329642,908.121092089829,896.172416446746,896.869284998779,879.275269753449,874.821392113397,894.427190999916,883.883476483184,883.883476483184,894.252054379345,894.427190999916,896.172416446746,901.387818865997,923.646110947688,957.209485953832,988.99879180002,1009.48481967258,1016.58033939373,1027.74023955472,1030.77640640442,1044.18028980066,1057.26419866066,1057.26419866066,1071.94165384868,1093.58717384385,1101.41895389663,1124.30512635611,1125.27774349269,1131.92314226718,1141.40745665089,1165.25038270303,1161.49018144375,1163.23901241318,1171.8041645258,1188.87693333458,1203.25046176017,1213.20844647866,1198.17160897255,1175.12574218506,1164.3131022195,1152.44305716161,1116.07571427749,NA,NA
NA,NA,907.433247367282,925.337776166087,963.391078182253,1003.58295588467,1090.56810407363,1131.92314226718,1149.18449345612,1198.56168414442,1223.3383059603,1231.10722522451,1252.49661035906,1261.19982556294,1267.62455879791,1285.49601321824,1300.24036239458,1285.00972758964,1279.89257361702,1281.35667966476,1290.34879005639,1270.08857958805,1275.98001551748,1282.81916106675,1267.13064577298,1250.62478766234,1234.90890352285,1243.48301154459,1221.93494098499,1201.56137148178,1196.34861140054,1175.26592735432,1155.96280216969,1133.71622596016,1121.52045578706,1092.4451920393,1080.21849046263,1065.95028026639,1039.83171715427,995.615387586994,986.470982847443,957.209485953832,933.742409871597,905.883546599672,868.727052215897,844.651302728041,823.482667646729,794.512429103535,770.956771029562,772.172260574025,827.442750218631,833.288627641577,855.131568824354,855.862138431184,886.002257333467,882.112800022021,885.296278990587,895.125689498408,928.540384233316,942.403316196898,971.628454443108,995.458424728356,995.458424728356,1005.29841508401,1020.11028815516,1044.18028980066,1062.42581657434,1071.94165384868,1079.4964006653,1080.79769725179,1100.28405423327,1125.27774349269,1127.77432282291,1134.95594628162,1156.77353012593,1167.26175299288,1167.26175299288,1175.39795889069,1171.8041645258,1158.93241633218,1173.93058750181,1171.8041645258,1188.22343472607,1171.00384286304,1147.00697469545,1127.9098244761,1104.11155222547,NA,NA
NA,869.982962505555,897.566153550812,937.249240149313,974.358552353761,1057.26419866066,1098.29413182444,1135.0929323906,1191.89974410602,1206.87824910976,1237.94184031399,1250,1274.63215255489,1277.08031536428,1267.37918556366,1285.49601321824,1298.07549857472,1295.54497693441,1280.2587105518,1270.20844560553,1287.67925882302,1283.30514469363,1265.89889011722,1275.49000775874,1257.60114192076,1244.23671381293,1225.25507548428,1225.25507548428,1222.9574808635,1213.72360939384,1192.68604418766,1146.05261187766,1134.54144682864,1128.88188501867,1098.00952591472,1063.01458127346,1045.67509578086,1007.78221853732,976.281209488332,943.39811320566,908.121092089829,872.675318477135,828.402076289045,783.620766724344,761.781096205482,706.443245930601,681.449269812078,664.266512779321,677.30834483281,673.145600891813,723.487195455218,755.188984552572,784.617741323761,831.038506929733,873.927622027722,866.566481863079,883.883476483184,893.378419260282,925.168888083044,930.221732591667,951.1502643352,983.933432707721,984.88578017961,1012.42283656583,1034.70939909238,1054.30655045217,1064.48344280219,1070.04672795163,1077.61310311262,1094.01480381011,1104.81895349187,1120.54393050535,1123.33206248651,1131.92314226718,1147.14318262691,1156.36816614781,1157.04314217987,1153.39134761157,1163.23851606822,1152.44305716161,1139.89801487853,1142.76836418451,1149.04670900879,1147.14318262691,1148.77554879556,1128.74355853775,1099.14739684903,1047.90946143512,NA
NA,903.465549979633,939.081762708399,950.328890437411,998.121471129282,1074.56361906303,1153.39134761157,1200.38852185637,1209.59704034029,1241.21915873064,1255.23902106332,1263.55081010189,1281.1127975319,1294.09469164897,1280.50268557446,1284.88259720894,1304.43939732717,1300.48059156288,1293.49333202765,1277.20397744448,1277.20397744448,1274.7548783982,1266.26863922583,1264.29298486866,1231.23413041349,1207.52821798709,1200.26038841578,1200.26038841578,1188.09189221122,1181.63022980965,1169.66848191403,1125.27774349269,1100.28405423327,1079.64114408446,1051.33842216104,1028.65203057205,1005.91992896542,949.341649025257,913.95302536238,875,866.566481863079,783.820364746026,715.672460699237,626.996810199223,594.243216200236,549.715174320567,557.053538577155,567.886568749404,585.234995535981,604.41081490106,625.749102153542,651.920240520265,705.998252470876,804.28502170232,826.513762740827,851.46931829632,860.958767886128,877.137634876724,904.674548289652,920.936460188997,948.512273402389,974.358552353761,998.123238883857,1025,1046.87032517076,1044.32992871027,1039.83171715427,1058.44765207434,1075.58108125077,1085.41466730462,1090.01146782958,1109.89860830867,1131.23252386334,1134.95594628162,1138.52975367357,1152.44305716161,1147.27939055838,1152.44305716161,1134.80556245339,1133.85404704486,1123.61025271221,1109.61705105861,1141.40771933765,1127.08099011168,1130.5419054595,1106.79718105893,1084.26180921317,1072.08131533312,NA
NA,906.566664784743,936.082261342453,1008.40201103392,1071.79612781541,1146.18881980913,1193.99539362596,1220.91154470748,1226.65687719364,1237.43686707646,1249.49989995998,1264.04472312682,1285.12647934181,1298.67626975093,1286.34642734288,1286.83106223781,1300.71596159092,1290.59094991403,1281.1127975319,1281.1127975319,1273.65119422439,1255.23902106332,1258.71713910153,1245.49187070812,1219.88728987559,1215.77772894419,1184.53577404821,1175.26592735432,1154.33963806152,1142.76836418451,1149.18449345612,1101.13577727726,1077.0329614269,1060.95475869615,1026.06650701142,995.615387586994,952.788774582275,925.337776166087,879.275269753449,840.386815698581,760.345316287277,664.971430282019,612.623237299564,553.398590529466,534.438958160799,513.869310133215,492.442890089805,506.211418282915,506.211418282915,528.558040126826,570.087712549569,613.900613709503,691.465834296967,760.345316287277,824.428986455377,823.861455565443,849.631954951115,857.682047764308,884.942866908326,925.168888083044,951.971638232989,973.074810823179,991.210577862563,1026.82723299444,1039.83171715427,1050.74368948072,1067.26508537691,1081.37504760309,1077.901653293,1077.61310311262,1093.58717384385,1104.53610171873,1108.34827116642,1123.61025271221,1139.35258938635,1147.27939055838,1139.35258938635,1137.84314761399,1130.54160133399,1126.80389566674,1122.76560856393,1105.80779649648,1127.49722837797,1120.40478369709,1106.79718105893,1114.95515604889,1090.29752159338,1068.00046816469,NA
NA,937.749729827869,974.999157097927,1033.50133042972,1137.56568569038,1163.10467368724,1211.66208160526,1211.66208160526,1221.80652121844,1237.18221457345,1271.06703198093,1273.28315782468,1297.35287328186,1294.70073762241,1290.59094991403,1288.04348156614,1281.60056179763,1281.60056179763,1276.46964721485,1262.31385120614,1290.59094991403,1272.79220613579,1255.73673685172,1237.94184031399,1220.91154470748,1212.69328356349,1187.69735202197,1171.537451386,1152.44305716161,1140.17542509914,1125,1088.71557534835,1051.48704224065,1040.8825081815,1002.18336629414,976.281209488332,918.217815967359,892.328414878737,809.706737035082,728.868986855663,673.145600891813,604.41081490106,548.577632494518,496.23583103198,494.65645205744,480.884601541784,471.69905660283,475.657439761011,485.41219597369,505.902564343416,561.805126356106,594.243216200236,657.402428548133,716.311364315342,816.620920726538,816.241385865725,822.344210169926,838.525491562421,877.834014739617,903.46316633987,951.1502643352,974.358552353761,996.242942258564,1012.73140801678,1045.52549974159,1054.89927389345,1075.29065838033,1083.82885420014,1075.29065838033,1076.16216250154,1078.48238017938,1092.01648339208,1110.18016555873,1113.83347049727,1123.05387226081,1129.98880263358,1152.57824006702,1146.05261187766,1140.17542509914,1147.00697469545,1133.85404704486,1130.5419054595,1121.52045578706,1110.18016555873,1133.4395442744,1136.74284997759,1092.84936076894,1077.0329614269,NA
NA,939.079875967751,979.156969168388,1078.19230933652,1142.36596587959,1189.798548064,1200.26038841578,1223.46627069755,1221.16747418198,1221.16747418198,1257.72602464209,1285.49601321824,1303.24070519255,1290.59094991403,1280.2587105518,1279.03603822205,1289.62167340001,1281.1127975319,1286.22489042081,1275,1273.28315782468,1270.08857958805,1255.48795294897,1239.07542320797,1239.45552562405,1220.65556157337,1187.96043705167,1151.08644332213,1144.96178162271,1127.49722837797,1110.18016555873,1081.80981652916,1040.73291482493,1020.26343487654,997.807693793497,958.18839483684,901.387818865997,850,762.599121663098,706.443245930601,609.558781940491,548.577632494518,491.807478849759,459.619407771256,451.731583169935,431.566912540802,443.001128666734,450.693909432999,465.026880943457,495.599272106091,547.435350849271,603.116013809672,634.425817550784,697.534242889293,753.737820905097,825.378700960959,816.620920726538,827.647267862342,835.53874835342,886.002257333467,928.035559663529,983.773579990663,1005.60926805594,1035.91746775503,1040.2823159896,1053.8619454179,1060.66017177982,1075.29065838033,1076.16216250154,1077.61310311262,1082.24304109567,1085.41466730462,1093.44638643145,1108.77055349993,1127.08099011168,1133.85404704486,1146.05261187766,1154.33963806152,1162.16392991695,1162.16392991695,1130.5419054595,1131.92314226718,1116.2156961829,1109.89860830867,1113.12793991811,1113.82551990425,1087.7130675671,1053.8619454179,NA
NA,964.689069078737,1016.26656236049,1072.08131533312,1142.36596587959,1185.59057013794,1211.53256362726,1208.30459735946,1217.06441102297,1250.62478766234,1274.7548783982,1291.07504261149,1308.14754519511,1304.31974607456,1297.35307453291,1280.50268557446,1284.03328257764,1276.95927891221,1276.95927891221,1263.17895922547,1272.16923223794,1264.2895055633,1265.03457847768,1246.24274354746,1223.97746225446,1206.75183861472,1185.85412256314,1145.91614444049,1129.57402628858,1113.26792182352,1104.53610171873,1075.29065838033,1044.03065089106,1018.88345500377,955.24865872714,932.065423250192,890.916541023409,805.062109405231,761.987532706409,678.001601947175,583.630876496438,492.759981586353,420.541462213665,393.298301791755,364.005494464026,381.19854667752,405.42893771879,430.841587946467,455.854125337008,481.857399718741,521.115813306324,593.45334787836,618.718381999823,691.465834296967,756.828879205478,831.038506929733,822.719837151898,828.02475808396,849.264068711929,867.827747885489,921.954445729289,977.880360780397,1017.50046396545,1029.8664962023,1051.18980208143,1053.26855449463,1055.04739230046,1051.33842216104,1063.30522602311,1060.07058840034,1068.71947452743,1087.85836807232,1079.63924287591,1103.68700273221,1121.52045578706,1138.52975367357,1143.18473505561,1159.87606314317,1163.77605731634,1141.95535462699,1147.00697469545,1128.87553796046,1123.61025271221,1118.72186160474,1096.15798000681,1086.56569060504,1084.11553662212,1060.2178818585,NA
NA,941.075573854582,1012.42283656583,1073.24159933542,1162.9703349613,1177.2567844307,1197.65384300673,1218.85999012081,1231.74054918433,1251.62378947825,1263.42787684933,1301.55956352958,1312.20232559043,1299.75950420661,1297.11217710728,1283.06126256077,1274.7548783982,1256.73177435406,1264.66389043253,1259.71138938955,1256.23445264011,1274.7548783982,1263.79878241319,1238.31641724854,1226.01998352392,1208.82162980212,1185.85412256314,1140.58462093811,1104.10763427574,1110.18016555873,1090.01146782958,1075.29065838033,1053.11909886355,969.850529512803,949.173149885187,931.898719213072,866.566481863079,805.062109405231,727.795539771547,643.96120081866,535.605861000198,476.312164681785,391.311896062463,348.209706929603,340.036762718386,356.631143335353,380.788655293195,436.606229914325,460.977222864644,485.41219597369,515.388203202208,587.628090798139,638.844931471192,691.465834296967,797.456871316145,832.353569560999,840.014880820572,841.871602685115,854.400374531753,892.328414878737,926.350365682445,954.102293177218,1007.00640420611,1027.74023955472,1033.04757591644,1052.08110290601,1052.67516357136,1076.16216250154,1068.43919224314,1060.66017177982,1060.07058840034,1068.8779163216,1075.43477058631,1090.58376446584,1117.7531865697,1125.55264476433,1130.5419054595,1147.00697469545,1155.96280216969,1155.96280216969,1151.6292806281,1109.61705105861,1109.61705105861,1109.61705105861,1101.13577727726,1085.41466730462,1053.8619454179,1047.0195795686,NA
NA,945.713785054588,1040.73291482493,1092.44069779008,1131.63355225497,1178.18716679482,1177.65549507049,1205.84396272628,1242.35108513761,1252.99640861417,1255.86120279454,1299.27864601863,1299.27864601863,1299.27864601863,1292.5262336683,1286.95376762338,1270.08857958805,1274.01901811144,1268.73388257586,1272.17511373931,1259.21446081548,1254.11771483874,1242.47695666905,1231.10722522451,1219.88685951618,1193.99539362596,1178.71740415095,1147.27939055838,1110.32089064218,1102.55385356,1072.08428735096,1060.50833421848,1042.08082293227,980.114789195633,958.18839483684,901.734439843572,854.400374531753,797.652806677191,718.935461788905,617.454451761423,485.41219597369,430.116263352131,381.608438061844,357.945526581909,357.945526581909,360.555127546399,397.642353760524,436.606229914325,476.640884562291,491.807478849759,526.48523939197,589.739105868108,659.06517608201,729.293075551327,850.367567584747,847.605301678791,860.232526704263,872.13817712562,880.695747690427,904.501570004547,941.076511235936,970.82439194738,1004.98756211209,1030.16971025156,1051.18980208143,1050.29757688,1054.75115548645,1051.48704224065,1061.24926383956,1066.24195548344,1040.2823159896,1068.00046816469,1071.64556327251,1094.30104668257,1102.97228895398,1114.95515604889,1123.61025271221,1132.75107592092,1141.81859346546,1141.27122105133,1142.36596587959,1117.1929074554,1110.46161572564,1102.55385356,1097.15526498904,1081.95421186743,1048.95543642717,1041.93329920874,NA
NA,976.281209488332,1025.91422643416,1084.55059817419,1119.98870020633,1163.23901241318,1170.72815316169,1205.45564824697,1243.48301154459,1254.74078667371,1277.44860568127,1290.46986998521,1290.59094991403,1291.07504261149,1303.84048104053,1290.59094991403,1282.81916106675,1276.59199648098,1286.34642734288,1258.22295321616,1268.85163510157,1255.36348700615,1238.69868296902,1232.62836497213,1199.34820849324,1181.89170777764,1165.38620208067,1141.27069548936,1122.77557864428,1087.28285642211,1076.16216250154,1051.18980208143,1035.46477248963,1004.98756211209,973.717104707522,907.433247367282,832.541290267336,784.81683236457,706.884911799985,604.669331122391,484.121196934695,434.086571227563,390.512483795333,369.120576505835,375,381.608438061844,406.970514902493,436.963811013861,485.41219597369,506.211418282915,548.292804986533,618.970920156997,723.916173890115,812.974061450404,854.765971678053,866.746791167986,875,898.780117656372,901.387818865997,911.214057852399,937.083240699566,971.789107432283,1000.93701226726,1026.21878758869,1036.52044669481,1032.59382140317,1035.91746775503,1037.87459245465,1050.88536752752,1048.21208632968,1055.04739230046,1057.26419866066,1061.24926383956,1066.24195548344,1083.10895112172,1091.44399764715,1108.34827116642,1120.40478369709,1121.52045578706,1129.7123527695,1129.43569980765,1119.43065886191,1107.07949127423,1117.1948334191,1107.49885872218,1084.55059817419,1044.32992871027,1039.83171715427,NA
883.706664418399,989.002022242624,1026.97951357171,1073.54552767919,1102.55385356,1143.04826761843,1186.64396107995,1211.01696264814,1227.54623155458,1269.35022747861,1274.8774391991,1282.81916106675,1296.63024798899,1288.7723587687,1297.95444700381,1298.07549857472,1286.70505549039,1284.2771647105,1282.81916106675,1269.35022747861,1269.35022747861,1255.11403651928,1231.10722522451,1216.93623117359,1203.37661980857,1183.47859446131,1152.98512833377,1134.95511130591,1117.19514857522,1089.1510455396,1059.03723545383,1028.49759699655,1027.74023955472,1013.80993088909,991.526600752597,909.498342147479,836.845739532715,764.239134687193,705.114925427462,604.669331122391,514.78150704935,450.693909432999,406.970514902493,390.912189928898,381.608438061844,395.284707521047,424.632034355964,456.207189772366,491.807478849759,525.594901040716,588.937046348337,675.231402152657,828.208603945346,886.70739254841,874.642784226795,883.883476483184,895.125689498408,896.172416446746,925,934.07708461347,961.769203083567,977.880360780397,1000.31245118713,1016.42682353236,1035.91746775503,1041.93329920874,1044.32992871027,1049.40459309077,1055.04739230046,1055.04739230046,1061.24926383956,1040.57703826282,1044.03065089106,1051.33842216104,1056.67147521938,1068.00046816469,1085.55814438961,1115.93372962358,1128.88188501867,1127.21784990383,1118.03398874989,1129.43569980765,1127.77313138159,1121.52045578706,1107.3617295175,1085.41466730462,1068.57394849416,1051.33842216104,973.717104707522
NA,995.458424728356,1039.52836242166,1066.82454863038,1085.41466730462,1131.92314226718,1166.72606598097,1187.69735202197,1200.5207203543,1261.9429464124,1277.69323391806,1290.34879005639,1302.04042171756,1295.6654928057,1299.15793048465,1300.23536451476,1290.59094991403,1290.34879005639,1277.20397744448,1272.42172899313,1260.32302291849,1263.42787684933,1241.21915873064,1219.11853402366,1197.13198938129,1175.26592735432,1144.68647028752,1128.05141726785,1099.14739684903,1077.75690987384,1064.04290605566,1050.74368948072,1035.91746775503,1025,975.800834822445,925.337776166087,861.502875182231,760.345316287277,707.106781186548,626.996810199223,539.096154668262,456.194332339063,412.310562561766,403.112887414927,403.500123975008,412.310562561766,439.808271218625,474.341649025257,515.388203202208,549.715174320567,661.910114743686,755.595885179507,910.013736160065,903.119593409422,905.883546599672,909.498342147479,915.491671180028,925,929.045208803102,941.242515212036,955.24865872714,975.800834822445,1002.02888786581,1025.30483272049,1039.83171715427,1049.40459309077,1055.04739230046,1055.04739230046,1061.24926383956,1047.90848547546,1053.26721727056,1044.18028980066,1051.48704224065,1035.91746775503,1062.86732931077,1071.2117220004,1083.10895112172,1100.28405423327,1117.05485151369,1129.43569980765,1129.43569980765,1123.61025271221,1110.18016555873,1113.12793991811,1085.41466730462,1085.41466730462,1076.16216250154,1062.42581657434,NA
NA,984.88578017961,1030.77640640442,1059.17676239779,1096.58560997307,1121.77291163339,1166.32397753677,1182.68466561678,1186.36420815413,1241.21915873064,1241.21915873064,1274.01901811144,1286.95376762338,1291.07504261149,1310.89143304158,1286.95376762338,1291.55913530895,1273.0377056474,1274.7548783982,1274.8774391991,1276.95927891221,1257.22870292814,1241.97423483742,1208.30459735946,1195.17200251325,1175.26592735432,1151.35786197512,1132.75107592092,1091.44399764715,1068.00046816469,1061.24926383956,1049.40459309077,1044.32992871027,1029.8664962023,1001.56050359685,938.416218956173,882.643024169067,758.078069589413,709.531622795855,646.86524179092,568.43845749365,485.41219597369,448.953752466478,429.023666283862,431.566912540802,431.566912540802,475.982989194413,505.902564343416,547.150523341286,618.21268595921,743.303437365925,881.402561053532,917.196816392207,922.293337284836,928.540384233316,925,917.196816392207,925.168888083044,937.083240699566,952.463782930142,958.18839483684,983.138783963573,1004.98756211209,1015.19702521235,1025,1030.77640640442,1044.03065089106,1051.48704224065,1051.48704224065,1051.48704224065,1059.48100502085,1056.67147521938,1037.87459245465,1045.67509578086,1058.000209663,1063.60236930913,1073.83657974573,1085.55814438961,1095.73035004056,1118.7323238059,1110.18016555873,1121.10311875309,1099.00448711914,1100.70991575527,1083.82885420014,1078.62712359854,1085.41466730462,1051.18980208143,NA
NA,1007.78221853732,1054.75115548645,1062.42581657434,1089.1510455396,1137.15654155442,1147.54851060913,1171.8041645258,1175.26592735432,1220.65556157337,1233.00806437368,1249.74994997999,1265.158092888,1297.11217710728,1304.67902984419,1290.59094991403,1285.73908706238,1265.158092888,1273.65119422439,1264.16968797705,1273.8962920228,1264.16968797705,1229.96442381957,1220.78355314042,1209.98444201566,1175.66343605953,1139.48961323464,1135.35346042949,1107.07949127423,1085.41466730462,1060.66017177982,1050.74368948072,1037.12342563458,1019.80390271856,1002.80855600658,951.971638232989,860.232526704263,784.617741323761,707.106781186548,659.778718320991,594.243216200236,550.567888638631,503.115294937453,480.884601541784,475.982989194413,484.121196934695,505.593710403917,532.384522025355,622.993558709356,704.006392016436,852.38586329506,923.477222864644,929.045208803102,933.407735129724,925.337776166087,919.918474648705,921.954445729289,933.407735129724,945.868704812774,954.921406664489,977.880360780397,986.470982847443,995.301461869719,1017.50046396545,1035.31237803215,1042.38178285799,1044.92668651208,1054.75115548645,1064.48243076993,1047.01685693979,1053.26855449463,1044.62912078881,1044.62912078881,1053.8619454179,1063.60236930913,1071.94165384868,1084.55059817419,1095.73035004056,1106.23176739126,1106.93833616658,1099.28909302885,1106.0854523093,1110.46161572564,1084.39609481203,1074.56361906303,1064.04290605566,1068.00046816469,1059.59513512306,NA
NA,1026.21878758869,1055.04739230046,1081.6653826392,1081.6653826392,1132.75107592092,1146.72620460086,1155.82761765116,1174.60080777085,1200.26038841578,1226.01998352392,1230.09146001425,1251.85741196214,1274.38705451114,1295.30275456747,1286.95376762338,1286.95376762338,1274.7548783982,1272.79220613579,1258.22295321616,1265.03457847768,1258.22295321616,1247.49588533405,1226.01998352392,1213.33618481378,1162.56713243912,1155.1512201156,1137.15654155442,1124.44399810245,1102.55385356,1080.65326336183,1065.06637873855,1019.03697086514,1003.58295588467,980.114789195633,955.24865872714,882.289612086806,797.652806677191,741.197874365417,698.881285177581,640.06272290411,593.45334787836,561.805126356106,549.431230001252,553.679066819363,551.983239584049,590.546797176738,689.655711206686,723.271742241545,765.245703162373,908.121092089829,929.717456049761,933.407735129724,930.38970329642,930.221732591667,929.212631479975,933.064224751334,942.237312220798,951.314879522022,955.24865872714,963.553511762816,981.388856387902,1006.54110695987,1020.11028815516,1027.74023955472,1035.91746775503,1044.62912078881,1053.8619454179,1053.8619454179,1062.13192255651,1073.83657974573,1042.5314217676,1050.2971975861,1051.18980208143,1062.1322893124,1062.1322893124,1073.54552767919,1085.41466730462,1097.72492000501,1093.44638643145,1084.82630595702,1089.1510455396,1089.1510455396,1082.6759961087,1073.83657974573,1077.0329614269,1047.0195795686,1047.0195795686,NA
NA,1038.17503504464,1074.56361906303,1075.29065838033,1103.68177275375,1147.68497804631,1145.09824905988,1145.09824905988,1180.04237212059,1189.27394420171,1208.30459735946,1220.39855765494,1235.0354181132,1275.36744695784,1274.7548783982,1275.36744695784,1279.03603822205,1290.59094991403,1274.7548783982,1262.80921649288,1258.22295321616,1249.74994997999,1239.45552562405,1220.78355314042,1196.34861140054,1165.38620208067,1156.36816614781,1146.05261187766,1138.52975367357,1123.05387226081,1104.81895349187,1071.79612781541,1048.6585782243,1013.03997946774,976.281209488332,951.314879522022,913.434888602339,851.46931829632,804.28502170232,735.484503485373,696.867848954137,649.518874643679,618.465843842649,607.756851316098,638.112028079065,666.586721517415,696.867848954137,732.713075909074,773.988093417329,875.53509568735,929.044234530197,930.221732591667,933.407735129724,943.39811320566,942.237312220798,939.581008931711,938.416218956173,941.734563763981,961.769203083567,963.553511762816,976.281209488332,985.678585463851,996.242942258564,1011.80512868683,1019.95709543686,1030.77640640442,1050.29757688,1050.14878844,1048.50932382646,1051.18980208143,1064.0412847894,1062.1322893124,1057.41429912783,1061.83737652664,1062.86635332087,1063.60236930913,1073.83657974573,1087.85836807232,1089.1510455396,1089.1510455396,1085.69704331763,1082.53160077042,1075.29065838033,1076.88669444324,1060.95475869615,1065.80141873691,1044.32992871027,1021.33491079077,NA
NA,1055.04739230046,1068.00046816469,1066.97537421554,1114.95515604889,1140.17542509914,1139.35258938635,1158.93241633218,1175.26592735432,1175.26592735432,1202.34143754885,1209.59704034029,1236.16319197758,1264.15576640211,1256.23445264011,1263.05544481515,1274.7548783982,1273.16043173604,1273.28315782468,1258.22295321616,1254.11771483874,1237.94184031399,1226.01998352392,1219.50291194962,1201.43086774817,1171.6708079559,1159.87606314317,1155.69243313262,1137.84314761399,1125,1114.95515604889,1085.41466730462,1064.04290605566,1027.43540908037,1007.78221853732,987.736502545034,933.407735129724,912.414379544733,884.236888565445,799.608897556314,711.07299685774,691.465834296967,673.145600891813,682.596108692596,694.171584957997,711.503797614535,711.29280310214,802.130777766774,863.133825081603,926.518270965031,928.035559663529,930.38970329642,937.083240699566,939.747306460625,939.245879943851,941.076511235936,951.971638232989,941.242515212036,956.882960450232,965.012953280939,983.138783963573,1004.05428140116,1007.78221853732,1007.78221853732,1017.96365357512,1026.97951357171,1029.8664962023,1039.83171715427,1039.83171715427,1050.14878844,1051.48704224065,1051.48704224065,1063.60236930913,1060.95475869615,1065.80141873691,1076.88763280708,1078.48238017938,1098.72076433674,1081.95425041912,1081.6653826392,1081.6653826392,1088.42933247589,1089.43052686804,1066.97537421554,1063.73051353973,1040.43260233424,1038.17503504464,1005.60926805594,NA
NA,1052.67248459023,1060.95475869615,1083.10895112172,1124.30512635611,1136.33181773635,1131.23252386334,1155.69243313262,1155.69243313262,1171.00384286304,1187.69735202197,1204.15945787923,1227.9286855744,1241.59669678403,1243.73419486428,1261.69519084969,1267.37918556366,1276.46915420187,1252.36946051165,1252.74449803416,1251.12398931841,1239.45552562405,1226.65687719364,1211.14516195189,1202.60134708057,1176.72726628278,1152.44305716161,1144.96178162271,1134.40499666324,1118.03398874989,1115.09457429279,1087.28285642211,1067.26508537691,1048.21208632968,1022.70829079896,988.525810327695,973.717104707522,952.788774582275,899.476986208405,905.538513813742,859.678970194856,803.893375961962,770.956771029562,765.261393250698,745.821694508815,800.384434977254,807.774721070176,883.883476483184,913.945861847178,935.580162656518,937.749729827869,941.408519188137,946.374661537385,951.971638232989,958.18839483684,965.012953280939,973.717104707522,982.18350513205,989.002022242624,1006.23058987491,1013.80993088909,1026.21878758869,1029.10752233537,1030.77640640442,1025,1019.80390271856,1029.5630140987,1032.43928671326,1045.8243501787,1041.93329920874,1043.1316139595,1054.75115548645,1070.77299792194,1069.46232213662,1074.56361906303,1085.41466730462,1089.1510455396,1089.1510455396,1085.41466730462,1075.29065838033,1075.29065838033,1075.29065838033,1090.01146782958,1090.01146782958,1059.03723545383,1035.46477248963,989.002022242624,994.357302161262,NA
NA,1043.73111548076,1075.29065838033,1101.84481541863,1123.61025271221,1152.44305716161,1147.00697469545,1152.44305716161,1152.44305716161,1167.52867586258,1195.04184027171,1209.98444201566,1219.88728987559,1229.58315767122,1236.9316876853,1245.49187070812,1246.36578793781,1242.72793627179,1265.89889011722,1246.87032199505,1239.45552562405,1230.72624780836,1219.11853402366,1205.3261545403,1199.21804252398,1170.33556864095,1154.33963806152,1141.40745665089,1131.92314226718,1114.95515604889,1108.34827116642,1097.86650341105,1099.28909302885,1079.64114408446,1060.95475869615,1030.16971025156,1017.50046396545,997.18309057121,941.076511235936,907.261319434492,891.801554999262,890.224690738243,901.387818865997,903.635682732835,904.846998999613,907.433247367282,920.936460188997,939.414711402797,950.328890437411,952.955927627296,951.971638232989,962.094070244693,962.094070244693,977.880360780397,977.080785134365,973.717104707522,984.568228734811,983.933432707721,1004.98756211209,1007.78221853732,1020.26343487654,1033.50133042972,1033.50133042972,1037.12342563458,1033.50133042972,1041.93329920874,1028.80336787851,1026.97951357171,1034.70939909238,1044.62912078881,1040.43260233424,1060.95475869615,1075.29065838033,1074.56361906303,1077.61310311262,1082.24304109567,1089.1510455396,1077.75690987384,1083.54002497191,1060.07058840034,1074.56361906303,1078.04791680938,1085.99017895483,1061.24926383956,1060.07058840034,1033.9499160195,1008.40201103392,961.111219617386,NA
NA,1027.74023955472,1075.72641044094,1098.29413182444,1124.58221760817,1138.52975367357,1148.63934086409,1137.014736072,1150.27170703273,1167.26175299288,1167.26175299288,1191.37514024374,1215.13642487604,1219.88728987559,1231.10722522451,1255.48795294897,1264.2895055633,1271.31669265165,1271.67960054057,1245.49187070812,1236.29939989001,1215.78139704097,1217.83552004165,1203.25046176017,1200.13019420789,1172.86992635659,1177.12382075354,1158.25744030012,1144.95943938051,1114.39431327308,1113.83347049727,1103.54497763936,1096.58560997307,1078.48273050615,1063.3084752913,1059.03723545383,1043.13230225125,1020.11024215824,981.547475881254,963.391569661715,961.118919349247,941.076511235936,925.669273043969,925.337776166087,920.936460188997,939.081762708399,965.012953280939,959.978798960204,960.468635614927,961.93163666413,976.281209488332,964.689069078737,972.753822917186,977.880360780397,980.114789195633,990.580637807947,992.47166206396,999.062060134404,1011.80512868683,1015.03972920911,1026.21878758869,1030.77640640442,1038.17503504464,1040.43260233424,1040.43260233424,1040.43260233424,1042.38126552226,1047.0195795686,1035.91746775503,1040.43260233424,1052.67516357136,1069.02359805816,1070.04672795163,1061.69077657598,1070.04672795163,1077.61310311262,1085.41466730462,1070.04672795163,1070.04672795163,1062.86635332087,1075.29065838033,1073.83657974573,1079.35165724615,1077.32115781324,1065.21686153429,1030.77640640442,995.615387586994,937.249240149313,NA
NA,NA,1099.43034864113,1113.83347049727,1140.31244894742,1140.17542509914,1133.85404704486,1128.74355853775,1149.18449345612,1155.67421168653,1155.55658409372,1178.17952361297,1189.78880715996,1199.86666823093,1225.76506721313,1261.19982556294,1274.01923062409,1274.7548783982,1265.158092888,1255.48795294897,1228.6905095632,1211.01597290414,1209.8552529679,1200.26038841578,1195.69522583613,1179.24764150708,1171.537451386,1152.44305716161,1134.95511130591,1124.16580787675,1107.07657638867,1097.43987089875,1080.79769725179,1081.6653826392,1065.95028026639,1060.80746523798,1062.13192255651,1051.48637022568,1042.9819750499,1028.49759699655,1005.60926805594,1011.18742080783,995.458424728356,984.88578017961,1006.54110695987,995.301461869719,990.580637807947,980.430261673636,980.114789195633,976.281209488332,982.344135219425,976.281209488332,972.753822917186,984.091593664388,993.414031311158,1000,1010.10461216918,1002.33954310532,1012.42283656583,1020.41658159793,1035.01207722422,1044.32988583993,1044.62912078881,1035.91746775503,1050.29757688,1035.01207722422,1050.29757688,1050.29757688,1060.66017177982,1057.41429912783,1070.04672795163,1076.16216250154,1065.95028026639,1065.95028026639,1073.69105371246,1075.72641044094,1072.08428735096,1070.91852395521,1065.95028026639,1066.97537421554,1074.99937112364,1082.09864575739,1063.01458127346,1048.06283193184,1049.40459309077,1048.21208632968,976.281209488332,NA,NA
NA,NA,1096.01551083915,1116.49457239939,1140.17542509914,1138.52975367357,1125.41349795606,1131.37084989848,1143.72822374558,1149.18449345612,1155.01603559707,1185.59057013794,1182.41910582251,1195.04184027171,1235.16193270356,1265.52849150261,1265.52849150261,1271.56314261773,1262.19055613643,1258.96783120142,1234.65571871166,1225.51007134871,1212.30366418129,1215.01028802229,1195.69522583613,1175.26592735432,1171.8041645258,1159.87606314317,1140.17542509914,1125.55528147776,1105.10180526502,1085.41466730462,1089.1510455396,1077.901653293,1078.62712359854,1061.24926383956,1076.16216250154,1066.82454863038,1054.75115548645,1053.8619454179,1037.12342563458,1037.12342563458,1041.93118402266,1039.83171715427,1026.06650701142,1025.60939379434,1001.24921972504,1006.23058987491,1006.54110695987,1005.76433453598,998.123238883857,992.47166206396,993.88656196684,1004.05428140116,1006.69574329663,992.47166206396,1009.02180353053,1011.4964162072,1026.21878758869,1030.77640640442,1030.16971025156,1045.52549974159,1046.72107077292,1053.71315952891,1046.72107077292,1046.72107077292,1046.72107077292,1061.83737652664,1064.48344280219,1077.901653293,1079.64114408446,1077.61310311262,1053.86127793591,1065.80141873691,1076.59756196422,1079.35165724615,1070.91852395521,1076.16180990361,1079.64114408446,1062.13192255651,1064.04290605566,1063.74901203783,1037.87459245465,1044.32992871027,1042.08082293227,1000.93530807049,957.209485953832,NA,NA
NA,NA,1078.48273050615,1114.95515604889,1131.92314226718,1133.4395442744,1131.92314226718,1147.27939055838,1150.27170703273,1156.22691648681,1155.82761765116,1171.8041645258,1185.19494830568,1209.33866224478,1223.33777254865,1260.57919366893,1275.36744695784,1276.59199648098,1280.01417688738,1253.12079951763,1242.35128885457,1230.59934261938,1220.65556157337,1212.69328356349,1197.13198938129,1176.32855564299,1153.93341878373,1151.08644332213,1125,1106.09064826962,1096.15798000681,1081.95421186743,1081.6653826392,1087.28285642211,1076.16216250154,1062.42581657434,1073.54552767919,1075.29065838033,1065.80141873691,1065.80141873691,1051.48704224065,1064.04290605566,1060.66017177982,1052.67516357136,1048.21208632968,1031.23015880273,1032.59382140317,1019.80390271856,1017.96365357512,1020.11028815516,1003.89805905933,1005.91992896542,1010.72232004818,1015.19702521235,1020.11028815516,1009.02180353053,1025.91422643416,1009.02180353053,1023.16745539539,1026.06650701142,1043.13230225125,1060.66017177982,1057.85378204014,1053.26855449463,1054.75115548645,1061.24926383956,1061.24926383956,1073.83657974573,1068.8779163216,1078.48273050615,1082.09864575739,1066.24195548344,1063.01458127346,1070.91852395521,1073.83657974573,1074.41828987286,1071.9389581608,1076.16216250154,1072.5167147958,1058.44765207434,1061.24926383956,1047.90946143512,1027.74023955472,1014.11850234004,1000.74673279724,976.281209488332,925.499827266196,NA,NA
NA,NA,1079.64114408446,1108.34827116642,1133.57840487546,1147.27939055838,1152.44305716161,1152.44305716161,1152.44305716161,1163.23901241318,1165.38620208067,1175.39254644654,1198.04152760907,1206.62234490804,1228.69261543881,1257.22789207519,1276.83662471777,1269.71940353333,1275.97942792134,1254.74078667371,1248.24877328199,1236.9316876853,1220.9098275942,1198.82499453697,1201.56137148178,1180.83550027281,1158.12348219005,1144.96178162271,1124.86040783387,1109.89860830867,1095.73035004056,1081.6653826392,1083.82977464796,1068.00046816469,1079.0619372953,1080.79734917091,1073.83657974573,1083.10895112172,1080.65326336183,1095.58565321823,1073.83657974573,1070.77299792194,1066.97537421554,1064.48344280219,1052.67516357136,1060.66017177982,1041.18295077149,1037.12342563458,1027.74023955472,1029.71421848823,1017.96365357512,1020.87574619435,1020.41658159793,1021.33491079077,1027.74023955472,1026.06650701142,1030.16971025156,1027.74023955472,1030.16971025156,1029.10752233537,1044.32992871027,1062.1322893124,1061.24926383956,1061.69077657598,1063.60236930913,1068.00046816469,1078.48273050615,1078.48273050615,1074.56361906303,1068.8779163216,1065.21686153429,1060.66017177982,1054.89927389345,1061.24926383956,1073.83657974573,1077.32115781324,1078.48273050615,1075.72641044094,1060.66017177982,1050.2971975861,1047.90946143512,1052.08110290601,1039.52136405764,1007.78221853732,1005.60926805594,955.24865872714,919.918474648705,NA,NA
NA,NA,NA,1106.93833616658,1147.14318262691,1142.63948820264,1140.44785977658,1155.69243313262,1171.00384286304,1175.26592735432,1184.53577404821,1183.47956654338,1205.3261545403,1200.78096765036,1202.3414656411,1251.12119684022,1254.74078667371,1260.2067546763,1256.23445264011,1251.62378947825,1235.92029560407,1231.10722522451,1220.52673750433,1200.5207203543,1187.82889453682,1179.24522970181,1151.08644332213,1144.82531418553,1131.92314226718,1116.35567808831,1097.72492000501,1095.73035004056,1088.28857921731,1079.64114408446,1090.29752159338,1085.41466730462,1079.35165724615,1075.29065838033,1089.1510455396,1101.13577727726,1085.41466730462,1079.64114408446,1075.29065838033,1076.16216250154,1061.10201126785,1064.48344280219,1054.75115548645,1057.26419866066,1037.12342563458,1035.91746775503,1035.91746775503,1031.68511390379,1030.77640640442,1039.83171715427,1049.40459309077,1043.13230225125,1047.0195795686,1046.72107077292,1055.04739230046,1061.10201126785,1063.60236930913,1076.16216250154,1052.97047878394,1063.3084752913,1064.48243076993,1075.29065838033,1076.88763280708,1079.35165724615,1083.82885420014,1079.64114408446,1066.97537421554,1059.03723545383,1056.08272730714,1064.04290605566,1076.88763280708,1078.48273050615,1083.10895112172,1063.60236930913,1063.60236930913,1066.24195548344,1068.43919224314,1061.10201126785,1046.71493956563,1007.78221853732,989.949493661167,974.999157097927,NA,NA,NA
NA,NA,NA,1093.44638643145,1121.80030690578,1142.63948820264,1147.14318262691,1166.58388638999,1180.04237212059,1182.0267944241,1180.04237212059,1205.3261545403,1204.15945787923,1200.5207203543,1201.56137148178,1230.09104027635,1253.24377663433,1250.1249875025,1249.124386641,1243.48301154459,1237.43686707646,1215.90590879358,1221.16747418198,1205.3261545403,1174.46784409369,1163.6417185904,1163.10467368724,1147.00697469545,1129.57402628858,1126.52297625993,1110.46161572564,1095.73035004056,1084.55059817419,1097.43987089875,1099.14739684903,1091.44399764715,1085.41466730462,1085.41466730462,1101.84481541863,1099.00448711914,1096.30056040611,1093.58717384385,1085.41466730462,1082.24304109567,1085.41466730462,1073.83657974573,1061.24926383956,1057.41429912783,1054.30655045217,1051.18980208143,1039.83171715427,1044.47952474954,1047.0195795686,1062.27856400264,1063.3084752913,1061.69077657598,1063.60236930913,1070.04672795163,1076.16216250154,1089.58125668459,1097.15526498904,1087.28285642211,1068.00046816469,1064.04290605566,1070.04672795163,1069.02359805816,1071.79612781541,1068.00046816469,1079.35165724615,1093.44638643145,1068.8779163216,1063.01458127346,1047.90848547546,1063.01458127346,1071.2117220004,1064.77632478776,1079.64114408446,1087.7130675671,1074.56361906303,1063.01458127346,1075.43477058631,1063.01458127346,1044.32992871027,1003.89805905933,982.658906978767,962.578852346832,NA,NA,NA
NA,NA,NA,NA,1105.10180526502,1138.52975367357,1163.23901241318,1164.3131022195,1181.63022980965,1183.47956654338,1185.06035553026,1190.19308825325,1205.3261545403,1200.26038841578,1219.48934243906,1225.51007134871,1250.1249875025,1252.99640861417,1250.1249875025,1234.01945645491,1237.18427738088,1229.83738762488,1212.17768258438,1207.52846757333,1185.32695911297,1173.93568818739,1151.6292806281,1144.68647028752,1125.55374054509,1119.43065886191,1119.43065886191,1098.43483210317,1087.85836807232,1086.56569060504,1096.01551083915,1098.29413182444,1097.43987089875,1096.15798000681,1110.18016555873,1104.53610171873,1096.15798000681,1100.28405423327,1083.10895112172,1085.41466730462,1089.58125668459,1079.35165724615,1071.94165384868,1068.00046816469,1056.08272730714,1053.8619454179,1050.74368948072,1045.52549974159,1052.97047878394,1063.3084752913,1065.80141873691,1078.04791680938,1073.83657974573,1085.41466730462,1095.73035004056,1107.07949127423,1107.3617295175,1112.70838588726,1116.07571427749,1088.28857921731,1077.61310311262,1072.66869316598,1083.10895112172,1082.09587112933,1070.04672795163,1085.41466730462,1073.83657974573,1054.89927389345,1058.44765207434,1060.07058840034,1073.83657974573,1077.32303226976,1085.41466730462,1085.41466730462,1082.53160077042,1073.83657974573,1085.41466730462,1079.35165724615,1046.72107077292,980.114789195633,977.880360780397,NA,NA,NA,NA
NA,NA,NA,NA,1093.01348933437,1134.95594628162,1156.77353012593,1170.7369169675,1171.8041645258,1177.39118393166,1177.39118393166,1201.04121494643,1200.26038841578,1207.91575672307,1225.12753774214,1221.93494098499,1231.10722522451,1246.24274354746,1241.21915873064,1230.4723064247,1251.24897682091,1241.47090179351,1218.86217432489,1198.82499453697,1180.83550027281,1162.9703349613,1147.00697469545,1152.44305716161,1129.57402628858,1125.55264476433,1109.61705105861,1100.28405423327,1101.13577727726,1099.28909302885,1099.14739684903,1106.93833616658,1100.70991575527,1110.18016555873,1108.77055349993,1108.91167262157,1100.28405423327,1103.54497763936,1104.53610171873,1091.01397561083,1098.29413182444,1085.41466730462,1076.59756196422,1068.00046816469,1076.01648071345,1073.54552767919,1063.60236930913,1055.04739230046,1061.24926383956,1070.04672795163,1071.79612781541,1091.44399764715,1100.28405423327,1101.84481541863,1116.2156961829,1119.98870020633,1132.33710909405,1134.40499666324,1140.31244894742,1109.61705105861,1100.70991575527,1079.64114408446,1075.29065838033,1075.29065838033,1075.29065838033,1076.45188074647,1064.77632478776,1064.77632478776,1060.2178818585,1063.60236930913,1079.4964006653,1076.59756196422,1090.01146782958,1089.58125668459,1073.69105371246,1066.97537421554,1070.04672795163,1070.04672795163,1030.16971025156,1000,976.281209488332,NA,NA,NA,NA
NA,NA,NA,NA,1075.29065838033,1124.4430707999,1141.81859346546,1152.44305716161,1177.39118393166,1173.93568818739,1175.26592735432,1175.13296367716,1200,1215.25306821338,1231.10722522451,1225.50999176196,1223.20615244351,1229.07485532819,1226.65687719364,1228.56360437422,1244.48744112635,1225.38253360656,1206.75183861472,1188.87693333458,1167.26175299288,1163.23851606822,1165.38620208067,1147.00697469545,1141.27122105133,1123.61025271221,1110.59760000739,1128.74355853775,1116.07515231205,1116.07571427749,1109.89860830867,1112.14754311146,1105.10180526502,1121.51699437495,1125.55528147776,1116.07515231205,1101.84481541863,1108.34827116642,1109.61705105861,1099.57369842452,1103.68700273221,1091.73024051962,1083.10895112172,1077.0329614269,1075.29065838033,1076.16216250154,1069.02359805816,1068.00046816469,1073.83657974573,1084.98263273941,1092.01648339208,1097.72492000501,1101.13577727726,1124.30512635611,1127.49722837797,1129.98880263358,1147.00697469545,1144.68647028752,1138.11358366647,1126.38748593533,1109.61705105861,1100.28405423327,1079.64114408446,1081.6653826392,1068.00046816469,1061.54352400427,1061.10201126785,1055.04739230046,1055.04739230046,1062.42581657434,1084.26180921317,1082.6759961087,1095.73035004056,1077.0329614269,1075.29065838033,1055.04739230046,1035.01207722422,1025.60952957733,1020.72259947297,995.615387586994,989.002022242624,NA,NA,NA,NA
NA,NA,NA,NA,NA,1108.20711605877,1128.46646409281,1128.60479057373,1152.44305716161,1155.15036481593,1158.25178398923,1169.93540780957,1193.97887021888,1201.04121494643,1209.33866224478,1206.49285120137,1207.01065938735,1218.99035417428,1212.69328356349,1216.55250605964,1226.65687719364,1225.76506721313,1198.17569663218,1178.71740415095,1164.31260724693,1165.51964558865,1155.96280216969,1158.25178398923,1154.33963806152,1130.5419054595,1114.39431327308,1123.05387226081,1133.85404704486,1128.05141726785,1130.5419054595,1119.29036515032,1120.54674155075,1127.49722837797,1126.80389566674,1116.77541333176,1107.3617295175,1110.18016555873,1114.39431327308,1105.24209189557,1116.07571427749,1103.11879127114,1098.29413182444,1086.56569060504,1088.28857921731,1077.61310311262,1080.65326336183,1081.6653826392,1079.4964006653,1082.09864575739,1085.99017895483,1128.05141726785,1124.4430707999,1125,1137.15654155442,1149.72501592853,1150.27170703273,1148.09573407578,1147.00697469545,1136.33181773635,1112.006818028,1095.15530760826,1076.16216250154,1070.91852395521,1077.32244650385,1072.66869316598,1070.04672795163,1048.6585782243,1060.95475869615,1072.08428735096,1081.6653826392,1099.00448711914,1103.54497763936,1081.6653826392,1062.42581657434,1020.11028815516,1020.11028815516,1025.60952957733,1020.11028815516,1000,NA,NA,NA,NA,NA
NA,NA,NA,NA,NA,1083.38207432611,1126.11056295552,1131.23252386334,1154.74500083781,1162.9703349613,1155.55658409372,1172.06645005521,1176.06334863391,1186.90669575672,1196.47047952623,1203.25046176017,1191.37514024374,1197.26215401636,1208.30459735946,1201.56137148178,1223.97746225446,1211.66208160526,1209.33866224478,1184.53577404821,1170.46999107196,1165.38620208067,1162.16392991695,1153.39134761157,1147.00697469545,1123.05387226081,1129.43569980765,1133.85404704486,1136.33181773635,1133.57840487546,1134.95594628162,1131.92314226718,1136.33181773635,1151.08644332213,1142.63683707951,1127.49722837797,1118.03398874989,1112.14754311146,1118.03398874989,1116.2156961829,1116.07571427749,1106.79718105893,1100.28405423327,1096.58560997307,1097.43987089875,1083.68445886187,1080.65326336183,1085.99017895483,1090.01146782958,1089.1510455396,1104.53610171873,1122.77557864428,1140.17542509914,1133.85404704486,1150.67907517743,1153.52719950593,1151.76475024187,1154.33963806152,1136.74284997759,1119.43065886191,1112.006818028,1100.14158706315,1080.79769725179,1082.53160077042,1076.16216250154,1069.46232213662,1074.56361906303,1063.60236930913,1068.00046816469,1083.82977464796,1090.01146782958,1107.07949127423,1109.61705105861,1079.64114408446,1049.25331090463,1023.31768459331,1026.21878758869,1030.62078499222,1020.11028815516,1000.62460986252,NA,NA,NA,NA,NA
NA,NA,NA,NA,NA,NA,1138.39064526603,1152.03616889486,1173.93568818739,1155.1512201156,1166.5900374878,1175.26592735432,1163.23901241318,1166.05619551923,1181.63022980965,1185.06317209308,1185.59057013794,1178.31941271937,1195.17200251325,1179.24764150708,1204.54709914097,1211.01597290414,1202.08152801713,1185.85412256314,1168.19502247185,1175.26592735432,1156.23298162927,1147.14318262691,1141.95535462699,1137.84314761399,1138.52975367357,1138.52975367357,1136.33181773635,1134.95594628162,1137.43078570496,1149.18449345612,1152.44305716161,1151.08644332213,1139.34889180797,1131.92314226718,1135.64388200898,1125,1129.57402628858,1123.61025271221,1123.05387226081,1114.95515604889,1110.32089064218,1107.07949127423,1114.39431327308,1098.29413182444,1098.43483210317,1102.41139000473,1105.10180526502,1104.39440399861,1110.18016555873,1129.7123527695,1142.63948820264,1145.09824905988,1144.96178162271,1157.04314217987,1152.44305716161,1151.35786197512,1138.52975367357,1140.31244894742,1123.88778932214,1099.28909302885,1095.01599820226,1078.33705275568,1076.16216250154,1079.0619372953,1092.01648339208,1082.53160077042,1081.6653826392,1095.73035004056,1103.1204281461,1110.18016555873,1107.07949127423,1086.56569060504,1054.75115548645,1030.32145130336,1026.37011977736,1033.50133042972,1012.42283656583,NA,NA,NA,NA,NA,NA
NA,NA,NA,NA,NA,NA,1125.69415322411,1148.09573407578,1164.84965215008,1163.10467368724,1151.6292806281,1165.38620208067,1170.7369169675,1168.86587203242,1176.06307847415,1187.96043705167,1190.19308825325,1180.43893565836,1179.24764150708,1168.59518330323,1190.19308825325,1195.69522583613,1185.85412256314,1186.11656303509,1178.18716679482,1179.24764150708,1164.3131022195,1158.12348219005,1149.18291694026,1133.85404704486,1143.73210746973,1142.63948820264,1152.44305716161,1150.13585351637,1151.35738209717,1150.27170703273,1150.67907517743,1151.76475024187,1150.27170703273,1138.52975367357,1141.27122105133,1134.95511130591,1140.17542509914,1132.33710909405,1130.5419054595,1124.30512635611,1131.92314226718,1118.7323238059,1119.43065886191,1114.95515604889,1102.55385356,1118.03398874989,1108.48867330883,1117.19514857522,1117.19514857522,1131.92314226718,1140.31244894742,1137.15654155442,1143.73210746973,1152.44305716161,1152.44305716161,1153.52719950593,1150.13546838913,1140.4494727957,1129.7123527695,1108.34827116642,1096.58560997307,1079.64114408446,1076.16180990361,1075.72641044094,1083.82977464796,1091.73024051962,1098.00952591472,1107.07949127423,1113.83347049727,1113.83347049727,1105.52436612486,1097.15526498904,1063.60236930913,1034.25670382697,1026.82723299444,1020.41658159793,1006.83602814543,NA,NA,NA,NA,NA,NA
NA,NA,NA,NA,NA,NA,NA,1145.63561052567,1152.44305716161,1133.16474039819,1135.22644797037,1154.33963806152,1156.77353012593,1161.49018144375,1158.25744030012,1153.39134761157,1167.65847254127,1176.86022959398,1187.69315521483,1188.22343472607,1198.04152760907,1200.26038841578,1182.0267944241,1195.04184027171,1186.51215556747,1182.42335903855,1174.60080777085,1164.3131022195,1166.19037896906,1151.08644332213,1151.35738209717,1155.69243313262,1153.39134761157,1150.27170703273,1149.18449345612,1164.84965215008,1161.47709306275,1152.44305716161,1152.44305716161,1140.17542509914,1147.27939055838,1152.98512833377,1152.03616889486,1143.59564003256,1147.00697469545,1132.75107592092,1140.17542509914,1131.37084989848,1136.04928368316,1131.92314226718,1117.19514857522,1125.69415322411,1120.54674155075,1125.55528147776,1129.43569980765,1129.43569980765,1134.95594628162,1137.43078570496,1138.66598332678,1150.27170703273,1147.27939055838,1155.01603559707,1164.31260724693,1158.12348219005,1140.4494727957,1129.7123527695,1113.83347049727,1086.56569060504,1096.58560997307,1087.85836807232,1083.10895112172,1099.28909302885,1107.3617295175,1114.95515604889,1107.07949127423,1117.1948334191,1107.07945528822,1085.41466730462,1063.74901203783,1020.41658159793,1007.78221853732,1014.09940006762,NA,NA,NA,NA,NA,NA,NA
NA,NA,NA,NA,NA,NA,NA,NA,1118.7323238059,1127.49722837797,1129.43569980765,1147.00697469545,1156.36816614781,1152.71304069183,1147.68497804631,1147.27939055838,1157.04314217987,1163.5015517336,1177.12570676282,1195.04184027171,1203.12049294818,1202.3414656411,1191.24091301321,1202.47140636084,1190.58623829406,1186.7755035948,1191.37514024374,1191.89974410602,1168.86587203242,1154.33963806152,1159.74135047432,1156.23298162927,1152.44305716161,1151.08644332213,1161.0798661033,1167.26175299288,1157.44850615799,1156.77353012593,1160.01077581202,1154.06774514712,1152.44305716161,1164.3131022195,1151.35786197512,1146.05261187766,1152.43846329437,1140.4494727957,1140.86034692352,1140.86034692352,1141.27122105133,1142.63948820264,1133.57840487546,1132.33710909405,1129.01956691873,1133.16474039819,1131.92314226718,1127.49722837797,1131.92314226718,1152.44305716161,1153.39134761157,1152.44305716161,1158.12348219005,1175.26592735432,1171.40400369442,1169.39960218944,1140.17542509914,1140.31244894742,1121.52045578706,1114.39431327308,1114.95515604889,1101.98552848274,1106.79718105893,1114.95515604889,1117.19514857522,1117.61456866256,1117.1948334191,1112.84638266805,1102.55385356,1084.55059817419,1039.83171715427,1002.95272871059,995.615387586994,NA,NA,NA,NA,NA,NA,NA,NA
NA,NA,NA,NA,NA,NA,NA,NA,1079.64114408446,1104.53610171873,1114.95459238738,1112.006818028,1113.83347049727,1123.19291567825,1147.00697469545,1151.76475024187,1164.31260724693,1164.3131022195,1182.42335903855,1190.58623829406,1200.65080168111,1221.55120758349,1225.89252536852,1206.49285120137,1196.34861140054,1196.34861140054,1193.47079218887,1205.97000466268,1186.11656303509,1171.8041645258,1156.77353012593,1155.69243313262,1154.33963806152,1167.26175299288,1169.66848191403,1184.53577404821,1181.63022980965,1171.6708079559,1170.20221207105,1171.00372122898,1162.16193901576,1166.72606598097,1162.16392991695,1151.76475024187,1154.06774514712,1152.44305716161,1152.03616889486,1149.04670900879,1147.00490382083,1151.35786197512,1150.27170703273,1144.68647028752,1151.35738209717,1143.73210746973,1149.18449345612,1140.31244894742,1151.08644332213,1154.33963806152,1157.44850615799,1161.35584271781,1163.23901241318,1174.60080777085,1164.31260724693,1154.60829364377,1150.27170703273,1140.17542509914,1127.76669748969,1130.5419054595,1119.43065886191,1125,1118.03398874989,1131.64699608283,1130.67942103741,1128.46646409281,1125,1099.14739684903,1096.15798000681,1066.24195548344,1028.19613506339,1011.80512868683,1001.55817076778,NA,NA,NA,NA,NA,NA,NA,NA
NA,NA,NA,NA,NA,NA,NA,NA,NA,1077.0329614269,1097.43987089875,1108.20711605877,1105.24209189557,1123.61025271221,1123.61025271221,1151.76475024187,1158.12348219005,1165.78742760619,1185.85412256314,1201.69145284526,1209.46785129254,1223.3383059603,1226.01998352392,1216.55250605964,1212.69328356349,1218.22087025674,1209.33866224478,1202.73041777631,1188.09189221122,1185.85412256314,1177.12570676282,1171.27064712452,1169.93540780957,1180.43893565836,1180.43893565836,1185.06317209308,1185.85412256314,1179.64179431626,1171.8041645258,1175.26592735432,1177.2567844307,1178.18716679482,1154.33963806152,1152.44305716161,1155.96280216969,1152.44305716161,1152.98512833377,1144.82531418553,1144.96178162271,1151.08644332213,1155.69243313262,1152.44305716161,1151.76475024187,1150.27170703273,1156.23298162927,1163.23901241318,1158.93241633218,1152.44305716161,1161.6248941126,1163.23901241318,1166.05619551923,1184.53577404821,1166.19037896906,1157.44850615799,1155.01603559707,1152.44305716161,1140.17542509914,1131.92314226718,1123.61025271221,1129.98880263358,1128.46646409281,1129.57402628858,1135.0929323906,1119.29036515032,1131.92314226718,1098.00952591472,1074.99937112364,1063.60236930913,1017.96365357512,1007.00640420611,NA,NA,NA,NA,NA,NA,NA,NA,NA
NA,NA,NA,NA,NA,NA,NA,NA,NA,NA,1085.41466730462,1105.24209189557,1101.41895389663,1118.86536734658,1135.64041479724,1129.98880263358,1159.06712900103,1168.33018502051,1190.58623829406,1202.08152801713,1220.78355314042,1228.18431309577,1237.43686707646,1227.29377086336,1220.01503936557,1208.04525042975,1207.91653246639,1204.15945787923,1192.68604418766,1178.31941271937,1180.04237212059,1177.39118393166,1186.77573729256,1196.0869148265,1187.17027748181,1191.37514024374,1195.17200251325,1191.76829028456,1182.42335903855,1185.59057013794,1171.8041645258,1185.85412256314,1171.537451386,1162.9703349613,1152.03616889486,1162.9703349613,1153.93341878373,1153.52719950593,1155.82761765116,1165.38620208067,1165.38620208067,1155.69243313262,1156.77353012593,1160.68124730162,1166.7261889578,1168.8669727561,1162.70147116506,1152.44305716161,1173.4020822629,1173.53504594006,1163.23901241318,1176.72726628278,1160.1437060535,1163.23901241318,1156.89660527252,1158.25744030012,1143.73240119409,1152.03616889486,1117.7531865697,1138.52975367357,1131.92314226718,1144.96178162271,1142.50036964233,1133.85404704486,1128.88188501867,1100.14158706315,1073.83657974573,1053.8619454179,1019.80390271856,NA,NA,NA,NA,NA,NA,NA,NA,NA,NA
NA,NA,NA,NA,NA,NA,NA,NA,NA,NA,NA,1106.79718105893,1110.45648088575,1106.79718105893,1119.42564646088,1115.51543516319,1156.22691648681,1175.26592735432,1194.50357637738,1194.90901678447,1223.59500823464,1241.21915873064,1239.70555095694,1226.01616809584,1224.61435592418,1209.33866224478,1201.1675772557,1200.5207203543,1183.08300192893,1184.93136658059,1195.04184027171,1196.0869148265,1195.04184027171,1191.76413633609,1208.82162980212,1215.13805772674,1201.69145284526,1198.30449990816,1191.37514024374,1202.34143754885,1194.51861694883,1193.99539362596,1188.48643240047,1173.93568818739,1166.19037896906,1165.38620208067,1166.19037896906,1168.8669727561,1171.27064712452,1175.26592735432,1172.86992635659,1166.32397753677,1168.8669727561,1175.26592735432,1185.72234635054,1187.69735202197,1171.00372122898,1171.537451386,1175.26592735432,1174.60080777085,1171.6708079559,1162.70147116506,1171.00384286304,1159.74135047432,1166.05299258464,1162.16392991695,1159.87606314317,1131.92314226718,1132.33710909405,1136.33181773635,1149.18449345612,1151.08644332213,1143.04826761843,1147.00490382083,1138.52975367357,1105.38324700322,1062.571807291,1018.88377814684,NA,NA,NA,NA,NA,NA,NA,NA,NA,NA,NA
NA,NA,NA,NA,NA,NA,NA,NA,NA,NA,NA,1067.24837576277,1091.73024051962,1119.56479326915,1092.01648339208,1124.0269361304,1147.00697469545,1164.3131022195,1171.00384286304,1183.86703695377,1204.41715842123,1226.01998352392,1239.32801290355,1226.65687719364,1223.59372885295,1208.95015563218,1198.69618889853,1194.12417775328,1192.68604418766,1181.23286557957,1197.65111434375,1206.49285120137,1206.75183861472,1209.33866224478,1203.3804024799,1202.34143754885,1206.75183861472,1208.04525042975,1202.34143754885,1209.46785129254,1200.26038841578,1195.04184027171,1197.26215401636,1185.45876462545,1190.19169810481,1180.04237212059,1185.06317209308,1180.04237212059,1179.24764150708,1186.77573729256,1187.69735202197,1179.24764150708,1180.83550027281,1191.37514024374,1199.21804252398,1185.72234635054,1173.53504594006,1171.537451386,1171.13087649644,1179.24764150708,1181.88886846638,1156.36816614781,1173.53504594006,1155.96280216969,1160.01077581202,1156.36816614781,1140.4494727957,1141.81859346546,1142.50036964233,1147.00697469545,1151.35786197512,1165.78829052486,1153.52719950593,1151.08644332213,1113.83347049727,1083.82885420014,1044.62912078881,987.578084204212,NA,NA,NA,NA,NA,NA,NA,NA,NA,NA,NA
NA,NA,NA,NA,NA,NA,NA,NA,NA,NA,NA,NA,1079.35165724615,1096.57613033467,1106.09064826962,1137.56568569038,1152.44305716161,1153.39134761157,1178.05393555053,1191.89974410602,1222.44180061839,1235.0354181132,1233.00806437368,1234.90890352285,1229.20049804394,1226.01998352392,1204.54709914097,1201.30112418571,1192.68604418766,1200.26038841578,1215.01028802229,1211.01696264814,1212.69328356349,1210.11087556841,1206.49285120137,1204.15945787923,1206.75183861472,1215.90590879358,1208.95015563218,1202.08152801713,1193.99539362596,1201.43086774817,1199.21804252398,1197.13198938129,1201.4310929977,1197.13198938129,1192.68604418766,1192.68604418766,1200.26038841578,1200.12861232465,1206.62234490804,1195.04184027171,1202.21149682912,1196.34861140054,1206.75183861472,1191.89974410602,1201.69145284526,1182.0267944241,1188.48643240047,1185.85412256314,1185.72234635054,1171.8041645258,1177.39118393166,1164.84965215008,1161.35584271781,1153.93341878373,1138.52975367357,1142.63948820264,1155.15036481593,1157.04314217987,1158.12348219005,1154.33963806152,1160.68124730162,1140.17542509914,1107.07949127423,1066.24195548344,1060.95471780969,NA,NA,NA,NA,NA,NA,NA,NA,NA,NA,NA,NA
NA,NA,NA,NA,NA,NA,NA,NA,NA,NA,NA,NA,NA,1074.25953020303,1109.61705105861,1123.05387226081,1154.33963806152,1162.16392991695,1173.40168937016,1187.96043705167,1208.56184115287,1229.07485532819,1234.27578552898,1234.52453276925,1242.85380780322,1241.21915873064,1221.16747418198,1221.93494098499,1206.49285120137,1201.69145284526,1215.01028802229,1208.82162980212,1216.55250605964,1216.55250605964,1202.60134708057,1202.34143754885,1206.75183861472,1206.75183861472,1219.50291194962,1206.75183861472,1205.3261545403,1202.08152801713,1204.54709914097,1209.33866224478,1207.14015309402,1201.8212810135,1206.49285120137,1210.37184369102,1205.06490732695,1208.95015563218,1212.17768258438,1206.75183861472,1203.3804024799,1204.15945787923,1220.91154470748,1200.78088304459,1199.73853715279,1186.77573729256,1195.04184027171,1200.26038841578,1201.17129630991,1171.8041645258,1171.40400369442,1175.26592735432,1159.74135047432,1168.86587203242,1162.9703349613,1159.74135047432,1163.23901241318,1166.32397753677,1168.06436287449,1165.78829052486,1171.00384286304,1128.74355853775,1105.66664138883,1082.6759961087,NA,NA,NA,NA,NA,NA,NA,NA,NA,NA,NA,NA,NA
NA,NA,NA,NA,NA,NA,NA,NA,NA,NA,NA,NA,NA,NA,1092.01648339208,1127.21784990383,1154.33963806152,1174.33219705989,1191.37514024374,1202.60134708057,1221.28624479178,1231.23224684129,1247.74593535406,1249.87493748249,1252.24797863682,1241.21915873064,1242.35128885457,1227.54741942605,1227.29377086336,1241.21915873064,1222.9574808635,1211.01696264814,1220.01503936557,1220.01503936557,1220.91154470748,1219.88728987559,1219.11853402366,1209.33866224478,1207.52821798709,1212.17768258438,1215.01028802229,1218.99035417428,1221.55120758349,1212.17768258438,1215.01028802229,1231.10722522451,1227.29377086336,1222.06247752274,1228.56557924412,1226.01998352392,1224.36127403831,1222.44621092425,1219.50291194962,1206.75183861472,1222.44621092425,1209.46785129254,1210.37184369102,1209.33866224478,1215.01028802229,1207.14015309402,1201.17129630991,1182.0267944241,1175.26592735432,1166.19037896906,1175.26592735432,1163.23901241318,1171.8041645258,1166.99397097534,1171.40400369442,1181.89170777764,1171.27064712452,1158.93241633218,1152.44305716161,1120.40478369709,1103.68700273221,NA,NA,NA,NA,NA,NA,NA,NA,NA,NA,NA,NA,NA,NA
NA,NA,NA,NA,NA,NA,NA,NA,NA,NA,NA,NA,NA,NA,NA,1123.05387226081,1175.26592735432,1206.49285120137,1210.37184369102,1226.01998352392,1234.90890352285,1255.48795294897,1253.99362039845,1247.87092285656,1251.62378947825,1250.99960031968,1252.99640861417,1243.48301154459,1248.24877328199,1258.22295321616,1241.21915873064,1225.6375295041,1214.36694870806,1230.09146001425,1231.10722522451,1226.01998352392,1219.11853402366,1202.08152801713,1209.59704034029,1220.91151787768,1230.09146001425,1226.01998352392,1235.0354181132,1232.24843178946,1231.10722522451,1238.69868296902,1241.21915873064,1241.21915873064,1241.21915873064,1241.97423483742,1240.33734217735,1239.45552562405,1237.18427738088,1225.89252536852,1240.33734217735,1241.59669678403,1228.56557924412,1211.53256362726,1211.14516195189,1219.11853402366,1220.01503936557,1194.5173277941,1177.39118393166,1179.24764150708,1183.08300192893,1181.89170777764,1175.26592735432,1180.83630096512,1179.24764150708,1179.24764150708,1165.38620208067,1159.74135047432,1132.74892587056,1114.95459238738,NA,NA,NA,NA,NA,NA,NA,NA,NA,NA,NA,NA,NA,NA,NA
NA,NA,NA,NA,NA,NA,NA,NA,NA,NA,NA,NA,NA,NA,NA,NA,NA,1209.59704034029,1226.01998352392,1237.43686707646,1256.85545308257,1264.04472312682,1258.09846363472,1264.16968797705,1261.69519084969,1260.08382838218,1253.99362039845,1256.23445264011,1248.24877328199,1265.89889011722,1250.249975005,1234.65571871166,1239.32801290355,1239.32801290355,1240.33734217735,1223.97874043175,1226.01998352392,1220.91154470748,1217.57956618859,1215.13805772674,1228.18431309577,1241.97423483742,1249.124386641,1237.68935369523,1241.34503026208,1243.85986267876,1250,1255.48795294897,1241.59669678403,1253.99362039845,1255.48795294897,1252.61951053166,1251.62319180958,1236.55188650878,1242.35128885457,1246.87032199505,1245.49187070812,1230.09146001425,1223.4674704925,1220.65556157337,1207.14015309402,1199.6084557893,1179.24764150708,1200.26038841578,1197.13198938129,1185.32695911297,1179.24764150708,1187.69735202197,1176.86022959398,1187.69735202197,1166.32397753677,1147.00697469545,NA,NA,NA,NA,NA,NA,NA,NA,NA,NA,NA,NA,NA,NA,NA,NA,NA
NA,NA,NA,NA,NA,NA,NA,NA,NA,NA,NA,NA,NA,NA,NA,NA,NA,NA,1235.16066301985,1248.87433662099,1258.22295321616,1263.42700523987,1250.1249875025,1262.68475677,1260.08382838218,1253.99362039845,1265.158092888,1266.63903784044,1269.35022747861,1263.5505196502,1255.48795294897,1250.249975005,1244.48744112635,1244.86429226052,1237.18221457345,1237.43686707646,1221.03950944473,1234.5292041213,1231.23413041349,1226.01998352392,1246.87032199505,1247.74593535406,1252.74397647449,1253.49501450631,1255.48795294897,1248.24877328199,1255.48795294897,1251.12398931841,1241.47090179351,1255.86120279454,1248.87433662099,1241.21915873064,1242.35108513761,1237.94184031399,1250,1258.71713910153,1265.158092888,1250,1223.97746225446,1221.55120758349,1227.29377086336,1207.91653246639,1200.5207203543,1201.04121494643,1200.91104901385,1206.49285120137,1197.26215401636,1199.21804252398,1192.42296500371,1185.06035553026,1164.31260724693,NA,NA,NA,NA,NA,NA,NA,NA,NA,NA,NA,NA,NA,NA,NA,NA,NA,NA
NA,NA,NA,NA,NA,NA,NA,NA,NA,NA,NA,NA,NA,NA,NA,NA,NA,NA,NA,1234.65143795823,1238.19360665468,1249.74274555328,1257.22789207519,1264.16968797705,1274.7548783982,1275,1265.158092888,1267.99373485264,1261.19982556294,1261.19982556294,1266.26863922583,1258.22295321616,1250,1243.23167591564,1228.05572176909,1233.3896383544,1241.21915873064,1251.99681019922,1242.47695666905,1258.22295321616,1261.19982556294,1265.158092888,1262.68541163086,1256.23445264011,1269.35022747861,1263.18012205674,1267.2541601833,1261.19982556294,1263.55081010189,1262.68541163086,1261.57138598767,1270.08569584972,1259.71138938955,1254.61543062714,1246.61583795782,1264.66338348327,1275.48925476815,1261.57138598767,1235.0354181132,1242.47695666905,1230.4723064247,1231.10722522451,1221.93494098499,1206.62234490804,1219.11853402366,1207.52846757333,1202.34143754885,1201.56137148178,1199.21804252398,1188.09189221122,NA,NA,NA,NA,NA,NA,NA,NA,NA,NA,NA,NA,NA,NA,NA,NA,NA,NA,NA
NA,NA,NA,NA,NA,NA,NA,NA,NA,NA,NA,NA,NA,NA,NA,NA,NA,NA,NA,NA,NA,1253.99362039845,1264.16968797705,1274.7548783982,1285.73908706238,1279.89257361702,1274.8774391991,1282.45300258934,1271.31669265165,1260.08294981428,1272.0525529384,1261.19982556294,1251.99681019922,1250,1240.33734217735,1241.21915873064,1258.22295321616,1245.46912446408,1253.99362039845,1258.22295321616,1277.20397744448,1267.2541601833,1258.22295321616,1265.158092888,1261.19982556294,1275.98001551748,1279.15904070232,1275,1274.7548783982,1274.7548783982,1271.68586870637,1250.36544588572,1248.24877328199,1248.86992467247,1252.99640861417,1275,1255.86120279454,1250.1249875025,1244.86429226052,1244.48744112635,1231.36103560248,1213.58830326444,1209.33822052524,1219.75886794913,1219.11853402366,1207.52846757333,1206.74906006201,1202.60134708057,NA,NA,NA,NA,NA,NA,NA,NA,NA,NA,NA,NA,NA,NA,NA,NA,NA,NA,NA,NA,NA
NA,NA,NA,NA,NA,NA,NA,NA,NA,NA,NA,NA,NA,NA,NA,NA,NA,NA,NA,NA,NA,NA,1264.16968797705,1288.65127883988,1291.07504261149,1297.11217710728,1294.09703482503,1279.89257361702,1275.49000775874,1274.38705451114,1290.59094991403,1281.1127975319,1274.8774391991,1263.79878241319,1264.91106406735,1257.22870292814,1266.26863922583,1255.23902106332,1255.11403651928,1258.22295321616,1234.52453276925,1241.97423483742,1239.45552562405,1255.73673685172,1261.9429464124,1291.07504261149,1295.54497693441,1290.59094991403,1276.10198872224,1264.16968797705,1253.99362039845,1230.59934261938,1242.47695666905,1259.21250438827,1265.89889011722,1262.19055613643,1250.249975005,1252.24797863682,1255.86120279454,1228.18431309577,1225.89252536852,1206.49285120137,1207.52846757333,1231.23413041349,1225.6375295041,1220.91154470748,1218.86217432489,NA,NA,NA,NA,NA,NA,NA,NA,NA,NA,NA,NA,NA,NA,NA,NA,NA,NA,NA,NA,NA,NA
NA,NA,NA,NA,NA,NA,NA,NA,NA,NA,NA,NA,NA,NA,NA,NA,NA,NA,NA,NA,NA,NA,NA,NA,1283.66982443,1275,1273.16043173604,1260.32848645867,1280.2587105518,1290.46986998521,1275.98001551748,1282.31620620174,1266.26863922583,1265.158092888,1261.19982556294,1259.71138938955,1273.28315782468,1255.73673685172,1256.23445264011,1250,1243.85986267876,1243.10547432518,1254.61632073088,1273.28315782468,1275.98001551748,1291.55913530895,1292.5262336683,1269.71940353333,1258.71713910153,1226.01998352392,1231.10722522451,1221.55120758349,1250,1257.22870292814,1265.52849150261,1276.95927891221,1268.73388257586,1274.63158667108,1253.99362039845,1230.09104027635,1227.29377086336,1212.69284549955,1213.20844647866,1225.6375295041,1224.48873219371,NA,NA,NA,NA,NA,NA,NA,NA,NA,NA,NA,NA,NA,NA,NA,NA,NA,NA,NA,NA,NA,NA,NA,NA
NA,NA,NA,NA,NA,NA,NA,NA,NA,NA,NA,NA,NA,NA,NA,NA,NA,NA,NA,NA,NA,NA,NA,NA,NA,NA,1248.86992467247,1266.26863922583,1263.17895922547,1268.73388257586,1281.1127975319,1275.24356763458,1273.52846813575,1273.0377056474,1274.14157891234,1258.22295321616,1258.22295321616,1256.73098713974,1265.158092888,1256.23445264011,1255.86120279454,1258.22295321616,1273.03768198023,1273.28315782468,1276.59199648098,1278.54827553075,1257.22870292814,1257.22870292814,1242.72862319101,1224.48873219371,1240.33734217735,1237.94184031399,1254.61632073088,1262.06296204471,1262.19055613643,1258.22295321616,1274.7548783982,1257.60114192076,1242.22541732314,1231.10722522451,1225.6375295041,1208.95015563218,1188.48643240047,NA,NA,NA,NA,NA,NA,NA,NA,NA,NA,NA,NA,NA,NA,NA,NA,NA,NA,NA,NA,NA,NA,NA,NA,NA,NA
NA,NA,NA,NA,NA,NA,NA,NA,NA,NA,NA,NA,NA,NA,NA,NA,NA,NA,NA,NA,NA,NA,NA,NA,NA,NA,NA,NA,NA,1230.72163779155,1261.9429464124,1270.08857958805,1281.1127046421,1290.59094991403,1277.69323391806,1276.95927891221,1256.73098713974,1256.23445264011,1252.99640861417,1263.42787684933,1259.71138938955,1261.9429464124,1275.36744695784,1270.08857958805,1275.36744695784,1257.22870292814,1237.30872916381,1207.14015309402,1211.53256362726,1217.83552004165,1252.24797863682,1242.72862319101,1253.99362039845,1256.23445264011,1261.19982556294,1263.05544481515,1266.26863922583,1252.62219362549,1226.01998352392,1196.60876845194,NA,NA,NA,NA,NA,NA,NA,NA,NA,NA,NA,NA,NA,NA,NA,NA,NA,NA,NA,NA,NA,NA,NA,NA,NA,NA,NA,NA,NA
NA,NA,NA,NA,NA,NA,NA,NA,NA,NA,NA,NA,NA,NA,NA,NA,NA,NA,NA,NA,NA,NA,NA,NA,NA,NA,NA,NA,NA,NA,NA,1251.99681019922,1269.71940353333,1275,1277.08162817835,1272.42172899313,1264.16968797705,1274.7548783982,1256.23445264011,1261.69052305208,1271.44039286192,1274.99997644194,1274.26411615518,1257.22870292814,1244.23671381293,1228.56360437422,1218.34905010613,1208.56275395681,1204.15945787923,1206.62234490804,1235.16193270356,1243.23167591564,1255.86120279454,1257.72602464209,1250.24837595941,1258.71713910153,1237.16945057007,1218.34905010613,NA,NA,NA,NA,NA,NA,NA,NA,NA,NA,NA,NA,NA,NA,NA,NA,NA,NA,NA,NA,NA,NA,NA,NA,NA,NA,NA,NA,NA,NA,NA
NA,NA,NA,NA,NA,NA,NA,NA,NA,NA,NA,NA,NA,NA,NA,NA,NA,NA,NA,NA,NA,NA,NA,NA,NA,NA,NA,NA,NA,NA,NA,NA,NA,NA,NA,1265.03457847768,1274.01901811144,1259.71138938955,1272.42172899313,1278.91441246552,1291.55913530895,1293.36900315141,1282.20902756667,1242.60295537653,1228.18431309577,1240.33734217735,1215.01028802229,1201.30112418571,1205.45564824697,1210.49894046147,1228.56557924412,1241.34503026208,1255.23902106332,1237.94184031399,NA,NA,NA,NA,NA,NA,NA,NA,NA,NA,NA,NA,NA,NA,NA,NA,NA,NA,NA,NA,NA,NA,NA,NA,NA,NA,NA,NA,NA,NA,NA,NA,NA,NA,NA
NA,NA,NA,NA,NA,NA,NA,NA,NA,NA,NA,NA,NA,NA,NA,NA,NA,NA,NA,NA,NA,NA,NA,NA,NA,NA,NA,NA,NA,NA,NA,NA,NA,NA,NA,NA,NA,NA,NA,NA,NA,NA,NA,NA,1172.86795921314,NA,NA,NA,NA,NA,NA,NA,NA,NA,NA,NA,NA,NA,NA,NA,NA,NA,NA,NA,NA,NA,NA,NA,NA,NA,NA,NA,NA,NA,NA,NA,NA,NA,NA,NA,NA,NA,NA,NA,NA,NA,NA,NA,NA
