"V1","V2","V3","V4","V5","V6","V7","V8","V9","V10","V11","V12","V13","V14","V15","V16","V17","V18","V19","V20","V21","V22","V23","V24","V25","V26","V27","V28","V29","V30","V31","V32","V33","V34","V35","V36","V37","V38","V39","V40","V41","V42","V43","V44","V45","V46","V47","V48","V49","V50","V51","V52","V53","V54","V55","V56","V57","V58","V59","V60","V61","V62","V63","V64","V65","V66","V67","V68","V69","V70","V71","V72","V73","V74","V75","V76","V77","V78","V79","V80","V81","V82","V83","V84","V85","V86","V87","V88","V89"
NA,NA,NA,NA,NA,NA,NA,NA,NA,NA,NA,NA,NA,NA,NA,NA,NA,NA,NA,NA,NA,NA,NA,NA,NA,NA,NA,NA,NA,NA,NA,NA,NA,NA,NA,NA,NA,NA,NA,NA,NA,NA,NA,NA,140.578250377695,NA,NA,NA,NA,NA,NA,NA,NA,NA,NA,NA,NA,NA,NA,NA,NA,NA,NA,NA,NA,NA,NA,NA,NA,NA,NA,NA,NA,NA,NA,NA,NA,NA,NA,NA,NA,NA,NA,NA,NA,NA,NA,NA,NA
NA,NA,NA,NA,NA,NA,NA,NA,NA,NA,NA,NA,NA,NA,NA,NA,NA,NA,NA,NA,NA,NA,NA,NA,NA,NA,NA,NA,NA,NA,NA,NA,NA,NA,NA,143.509506733606,143.8894666844,145.966071435905,146.162042669863,146.021797802674,144.881002994865,145.088063620837,143.781225369045,145.24989445287,144.173260303913,144.622552597443,144.9901352883,140.89350151134,134.092413904271,130.28796781849,127.230616013908,125.968348819605,127.005432682532,128.618496302801,NA,NA,NA,NA,NA,NA,NA,NA,NA,NA,NA,NA,NA,NA,NA,NA,NA,NA,NA,NA,NA,NA,NA,NA,NA,NA,NA,NA,NA,NA,NA,NA,NA,NA,NA
NA,NA,NA,NA,NA,NA,NA,NA,NA,NA,NA,NA,NA,NA,NA,NA,NA,NA,NA,NA,NA,NA,NA,NA,NA,NA,NA,NA,NA,NA,NA,139.731012731805,142.27549646571,143.817509511651,144.200901568774,146.834931976728,146.612220825091,147.444766478714,148.441888068947,146.29540625071,146.585876140973,145.874746493745,146.205908373005,146.390149689329,144.943295474429,143.890083920237,143.757934378877,141.627017834779,134.608090696806,132.996992801367,129.30944639054,126.39553288731,126.851561990321,129.619464124917,130.692625118649,132.014079572477,127.985046550615,127.51439664258,NA,NA,NA,NA,NA,NA,NA,NA,NA,NA,NA,NA,NA,NA,NA,NA,NA,NA,NA,NA,NA,NA,NA,NA,NA,NA,NA,NA,NA,NA,NA
NA,NA,NA,NA,NA,NA,NA,NA,NA,NA,NA,NA,NA,NA,NA,NA,NA,NA,NA,NA,NA,NA,NA,NA,NA,NA,NA,NA,NA,141.608795762787,142.162151469437,143.26744124413,144.804523762067,144.454072909628,146.49432352951,148.091586415277,150.768971731602,149.801443021896,149.121920923648,148.908369385303,147.230058419849,146.932770668688,146.537554138339,146.935924045291,146.042830648457,144.632686956543,143.899504965928,141.180190576559,137.465293922213,133.618036630514,130.246178514658,131.19161288227,131.477944254957,131.323815311649,131.922998442659,132.97625729885,130.51152817839,126.264745388981,125.188002930352,125.270065588186,NA,NA,NA,NA,NA,NA,NA,NA,NA,NA,NA,NA,NA,NA,NA,NA,NA,NA,NA,NA,NA,NA,NA,NA,NA,NA,NA,NA,NA
NA,NA,NA,NA,NA,NA,NA,NA,NA,NA,NA,NA,NA,NA,NA,NA,NA,NA,NA,NA,NA,NA,NA,NA,NA,NA,139.252006494845,141.300481365431,144.125290401214,144.396389802693,144.868100757588,145.733186339273,142.882286223208,145.38924698433,146.596481343746,150.143371106896,150.416814342489,149.536215771792,150.313449604749,149.917823807405,148.888303126908,148.541680974759,148.353476375028,149.156871722264,148.119234300401,147.811415965852,144.68985206056,141.935819339393,139.717734609574,136.471868785062,131.626588403953,134.243205874751,133.17608347662,133.785297637877,133.79700046841,135.217287017214,132.812882234238,131.08075521305,130.934149970705,132.592469295202,128.842245191759,128.021613392614,127.505414324782,NA,NA,NA,NA,NA,NA,NA,NA,NA,NA,NA,NA,NA,NA,NA,NA,NA,NA,NA,NA,NA,NA,NA,NA,NA,NA
NA,NA,NA,NA,NA,NA,NA,NA,NA,NA,NA,NA,NA,NA,NA,NA,NA,NA,NA,NA,NA,NA,NA,NA,134.111952948912,138.098210701209,138.720368895382,141.35071396806,146.902155012475,145.661189215747,145.351275732948,147.126450894604,144.965857654924,146.559215050125,148.520499281147,149.089644248543,149.184597459713,149.355550983281,150.176442633226,149.119880495906,149.729183421395,148.151840322235,150.894190424019,152.098849593527,149.556819823396,148.068983975575,147.15171794743,143.719492448914,140.294416983434,138.291383588136,134.015462683404,136.482619764701,135.77265633841,136.631767555762,135.98897595513,137.556185497973,138.549009202798,137.041312395342,135.807139174716,134.681645051506,133.702498378409,132.12891983463,132.80089755909,131.704680379744,129.065713454827,NA,NA,NA,NA,NA,NA,NA,NA,NA,NA,NA,NA,NA,NA,NA,NA,NA,NA,NA,NA,NA,NA,NA,NA
NA,NA,NA,NA,NA,NA,NA,NA,NA,NA,NA,NA,NA,NA,NA,NA,NA,NA,NA,NA,NA,NA,131.43678691949,132.037733894283,135.575005707009,142.101125682312,143.032213188488,146.356841077263,147.740783536256,147.094117125833,146.78141008832,145.714988852345,148.805015444277,150.536685039899,151.642458432699,151.635937812137,150.595016180253,150.919464273424,150.648372299197,151.537513119183,151.498300297035,152.244773375645,150.974315317733,150.441662534131,152.459493592828,150.130264096942,146.862130825019,144.427463976744,141.860527906233,137.664681468944,136.480108554899,138.82945001934,136.583035924704,138.515084805114,138.560532781983,139.346245673066,141.560179753539,140.319739649943,139.329362236849,137.474656883069,136.214058627606,134.779800730277,134.852081526633,134.346297019354,132.24665688257,129.965512936821,128.171894683912,NA,NA,NA,NA,NA,NA,NA,NA,NA,NA,NA,NA,NA,NA,NA,NA,NA,NA,NA,NA,NA,NA
NA,NA,NA,NA,NA,NA,NA,NA,NA,NA,NA,NA,NA,NA,NA,NA,NA,NA,NA,NA,NA,132.818979406669,133.463827841606,133.905375060348,136.026087771812,141.992553612932,147.147805167567,147.394029925192,145.878638865692,146.668219162632,146.621902392207,148.410832672367,148.524958683815,151.035701139065,151.769021476782,153.18393825274,151.976847497143,151.685314031946,150.439342829832,152.143726869681,152.188821728721,152.323835505317,152.27927330587,151.520678031723,153.073685239572,148.528020942691,146.801193113142,146.151842450603,143.183501312194,136.999916056569,137.151031558818,138.88651080405,139.7339130453,141.315237203585,142.026725207061,144.01813050086,144.225278780686,142.087757782617,139.921655998755,139.75989324025,137.822848651249,135.441618922874,136.454192293827,134.687942188557,132.694486488462,130.70898934503,131.229725496431,131.561071929173,NA,NA,NA,NA,NA,NA,NA,NA,NA,NA,NA,NA,NA,NA,NA,NA,NA,NA,NA,NA,NA
NA,NA,NA,NA,NA,NA,NA,NA,NA,NA,NA,NA,NA,NA,NA,NA,NA,NA,NA,136.562519054558,133.134474542998,132.508100298644,135.545918127634,135.221851636082,139.306384684918,146.455694298593,144.779123236835,147.515046819186,149.667033054697,146.684630563721,146.908679208114,149.395959943308,152.084288608462,151.234131652705,153.747451782212,154.237256481942,153.821038940006,152.456400503444,153.190797786008,153.047640786116,153.153472101553,152.354361947288,152.641269334122,151.330617786788,151.296362100059,147.723895725248,147.705723551002,144.43749837624,143.054114946502,139.873256946334,139.01615838548,141.353508234563,140.505262514541,142.67331731282,142.337249004916,143.196417199622,143.641999941238,145.547706899923,143.95505145779,142.644053489762,140.65750009418,139.294942126243,134.960354833012,134.777442586289,133.898266146084,131.262732760248,130.571880652844,131.299448314414,132.506258469549,129.938545259055,NA,NA,NA,NA,NA,NA,NA,NA,NA,NA,NA,NA,NA,NA,NA,NA,NA,NA,NA
NA,NA,NA,NA,NA,NA,NA,NA,NA,NA,NA,NA,NA,NA,NA,NA,NA,NA,133.745115378442,134.95013567653,128.19466327605,133.480190902657,135.74741982981,138.480727947463,142.03202171075,141.178407940162,145.961746920882,148.135716157247,149.143810351447,148.703887433534,150.485715604177,152.802126346482,152.775280976741,155.137406402608,155.656420554595,155.255246217117,154.105273324642,154.049305053241,155.305273518852,155.097020678184,155.052988189731,153.963413618723,153.20019923137,152.340253024591,151.887307369037,149.241657061374,149.184719003659,145.220679453111,143.002595701437,141.806288712039,139.69850368541,140.997958607996,142.984110122754,143.253292914334,143.183514959622,144.207173986537,144.870882400654,145.584634794895,145.297804919448,143.324007814278,141.810696468952,139.517306715995,138.175123509294,136.914876496902,135.76094729931,133.401484373065,134.085810869186,133.088556274706,132.292190695171,132.498609300146,132.461783115188,NA,NA,NA,NA,NA,NA,NA,NA,NA,NA,NA,NA,NA,NA,NA,NA,NA,NA
NA,NA,NA,NA,NA,NA,NA,NA,NA,NA,NA,NA,NA,NA,NA,NA,NA,132.09012025302,132.811193170487,134.279307184119,131.545032435921,135.190216563256,138.758630000589,139.578844054892,143.289737861902,145.064462379995,145.331576214062,147.277183967344,150.531325743014,151.322995189096,153.223537092192,153.296417589687,154.811268309481,158.155301051142,156.728620783619,156.159561156689,155.509871185583,155.762074449141,156.777790462916,157.020894414103,155.746486893505,155.593754536913,154.823181784402,153.243117441002,151.255376367292,150.26179679913,150.691362993752,148.831663946496,144.303772384628,140.576211467454,140.729914489477,143.099809392996,143.90040040895,145.592681719226,145.232914397443,144.350548301504,144.293541222908,145.467187440158,144.185104154986,145.762689026357,144.466195186488,142.615748720822,139.899112735543,136.702705009548,135.676808489687,133.813715991276,136.100294817561,134.251535061649,133.493500286734,134.746006684879,134.08962502285,135.115346396762,NA,NA,NA,NA,NA,NA,NA,NA,NA,NA,NA,NA,NA,NA,NA,NA,NA
NA,NA,NA,NA,NA,NA,NA,NA,NA,NA,NA,NA,NA,NA,NA,129.521556627891,132.362506407297,134.073617230854,133.736456690774,134.215056451194,132.658614574708,134.476117582645,140.124053525083,143.274639193844,142.911106971082,146.940788414953,148.047884215673,150.913687890252,152.444264942665,154.282970091414,154.336270555289,153.359495871952,154.570891410587,157.193181479789,157.689952998199,156.121920692777,155.081560656704,156.80113451231,159.719680199763,159.264871287082,157.46345142405,156.662422127391,154.986002162781,153.025510241851,152.448544349273,152.072753317679,148.733781625302,148.966519514808,141.398509251789,141.092871453993,142.611589575278,142.991530271813,147.255208958963,146.530990625524,146.210729512242,145.460668751298,144.925580594852,145.023307984029,144.109525335984,144.182287266992,145.48994113839,144.743142488067,141.172288395817,139.972778449452,138.384375846391,136.693414069193,137.984211151477,137.877393177339,137.296732110943,139.021623044796,137.024067687973,135.221090291755,135.666854536202,133.55017856132,NA,NA,NA,NA,NA,NA,NA,NA,NA,NA,NA,NA,NA,NA,NA
NA,NA,NA,NA,NA,NA,NA,NA,NA,NA,NA,NA,NA,NA,134.224585056581,133.32263557574,131.747795105276,136.392359141645,132.493359554193,136.629334458143,134.595413224562,138.245808466161,139.157262276899,142.411917346228,144.927630943788,145.912843159715,146.613916650508,150.941068511716,152.33672521108,152.68967608068,156.091562526285,156.778074305706,154.656546490263,156.436571762929,156.974065823153,155.603470916449,157.099312176887,156.582485463061,158.949038808059,158.931455509039,157.846917409694,158.523816694326,156.920080876789,155.551610478518,154.390560544528,151.754884354477,148.919281496959,146.38812810865,141.479407955691,141.855119723894,142.776518443114,145.052469142259,145.902144202839,147.140179206742,145.587242044286,145.657668004721,145.512574482093,145.211539437523,144.87731230595,145.129439616952,145.325687945753,146.09224197016,144.895626359574,144.057298844661,143.444856398424,142.54476094088,142.660501505963,141.704137535954,140.333358211033,140.317024369007,138.77725634718,137.994520450697,135.38282134287,132.730952999537,131.950486044335,NA,NA,NA,NA,NA,NA,NA,NA,NA,NA,NA,NA,NA,NA
NA,NA,NA,NA,NA,NA,NA,NA,NA,NA,NA,NA,NA,130.698192762396,134.418177616375,133.967184093843,135.802903770002,132.610504793896,134.919521571033,138.126536449854,137.768091962566,136.942478138169,140.397636138095,140.729266266169,145.667191372047,148.341837680215,150.088724384602,153.07635484072,153.946192139134,153.906277333948,154.817529707868,156.746365129785,157.161609821016,156.888448665248,155.11515984287,158.051578318476,157.286775231376,157.978828758965,158.154369249575,159.386707744149,158.358011306402,157.712131487449,157.347629902424,155.686264637722,156.07703794231,153.480751508234,150.490405796715,145.169085761059,142.077807312898,141.616935678249,142.898731737635,144.127024274799,144.503390522027,145.724612260891,146.186941480914,145.102642460752,144.816698642198,145.279337944284,145.90936987562,146.139009687712,145.20689580572,143.710209625634,144.035163658552,143.312896517633,145.176631969023,145.197142828417,144.371277525948,144.69986449092,141.3097096559,140.593214300932,139.457021136662,138.230545308498,137.012793485657,133.081500198899,132.429091785931,131.119270090989,NA,NA,NA,NA,NA,NA,NA,NA,NA,NA,NA,NA,NA
NA,NA,NA,NA,NA,NA,NA,NA,NA,NA,NA,NA,129.56301685772,130.782953284557,135.364635554583,135.03110178827,138.016976139445,134.899669102402,136.430789365544,140.736070540534,139.592718143382,143.82306133182,144.589964250598,147.282724613109,148.702713425144,152.088352671467,153.212793882962,155.059958523768,155.667427044623,155.38816413252,158.261130871696,158.887600540989,159.984645837266,157.986615936825,158.425048472825,159.269113581036,160.622342518763,159.635632382926,159.998810169849,158.279651174719,157.789046813796,157.190642808685,156.686048034516,156.762346549051,158.051859083511,156.585005831477,151.10426783353,142.785838911738,141.726056944185,141.449759577192,144.230001288534,141.420528702294,143.629332210184,142.920404424867,144.021233003837,143.987289472566,144.085235206311,143.658557592311,144.742901013797,145.748241048594,145.967479901432,144.87567137905,144.257006774656,144.978100178514,143.964609089115,145.436758881571,146.303695546248,144.927795373047,143.375090991571,141.601732681942,140.846414081789,139.69790666832,136.830867841581,134.2163819818,132.546464127072,132.264792264058,131.034037875898,NA,NA,NA,NA,NA,NA,NA,NA,NA,NA,NA,NA
NA,NA,NA,NA,NA,NA,NA,NA,NA,NA,NA,124.932220992809,133.018647648472,135.735935372857,134.18862024214,134.881549751087,135.836641994171,134.571277308597,137.491624525069,143.906381350195,144.876859939096,145.29274710043,147.994383727412,149.148177930845,147.949596945208,149.267899742898,154.318380672882,154.991121764902,154.866113911716,157.958455676884,160.523014004103,160.447503284866,160.492432192515,161.258609504206,160.102737379725,159.283513799305,160.865035990422,160.398004973183,160.44553359258,159.296073393742,158.079755005235,157.155683669327,156.889801900203,158.638922851134,158.367982193415,156.657358320796,152.430672288048,143.636300284445,141.225294012179,141.542202525213,142.093859623043,142.151272157519,142.768268636186,141.668374978933,141.015221908764,143.077281597352,141.604197603083,143.281058330702,145.032545128522,145.499074318498,146.171043997549,144.299926456153,143.192594218765,144.660220153143,144.566039966637,145.530457458552,145.453658582015,146.232866892905,143.257408116162,142.293843749034,141.349697127833,140.013107488827,138.504571010644,135.550376523254,133.1662481854,131.416542409929,130.250527984174,128.676579878501,NA,NA,NA,NA,NA,NA,NA,NA,NA,NA,NA
NA,NA,NA,NA,NA,NA,NA,NA,NA,NA,NA,131.075525043309,133.537462003507,135.269607322929,139.744715009488,133.376238891461,136.450025831067,136.359885252438,141.870536329919,144.211040496792,145.407676790677,150.285447314366,152.745704548299,154.72805931253,152.385726083849,153.067542974095,152.81898401425,153.576446614691,155.916509299262,158.240550649543,160.144749857741,162.525996241812,162.695290720571,161.432776394505,160.32333339086,159.83395226902,161.067399245224,162.726550848008,160.758139515668,159.752420782231,158.8517001306,156.734982610611,156.875724704442,159.503933202947,157.996314119364,156.698373094758,151.520747904042,141.958916759221,140.188078889927,142.940761903496,144.669513932787,143.194407508787,142.164443967322,139.478540136423,140.623789089638,142.066699120328,142.215679664815,141.04078022324,143.40588558304,143.910724545024,142.836456809358,144.344309520133,144.52394849318,144.895187546848,145.133995882083,145.606419139057,143.791862010935,142.471978913168,142.841569913723,143.026352954327,141.701865006899,141.407959783971,139.38820214,138.441587544174,135.207188228072,132.064272287958,131.022901539563,130.13131190187,NA,NA,NA,NA,NA,NA,NA,NA,NA,NA,NA
NA,NA,NA,NA,NA,NA,NA,NA,NA,NA,131.632731024956,133.242194294313,135.362968662323,138.76505228708,138.059526383754,139.045372246531,135.18940450887,141.128753636757,144.127983962185,143.83596507229,145.769244238558,150.715603442364,153.393463741884,155.215177811281,154.43531035471,155.852641683415,154.063748622406,152.913357480119,154.54512726432,157.900638548895,160.606124942077,162.919743614233,162.910867048325,163.062509401239,162.915822466256,162.79864938593,161.594650626395,164.055057503131,163.364753549691,160.451973713382,158.076721665266,156.497778688392,155.720791511149,157.686006054503,158.493380370188,157.077748301242,150.332148142313,142.07993479265,139.498383586547,141.303887678385,142.571645334673,142.138996616121,141.506205267647,139.725112684016,138.292640103145,140.852269337283,140.451829998344,141.074749844243,141.542473695576,142.506553836843,143.28923937122,142.178990472516,145.270806448823,145.811449638983,146.585300041455,145.898231593265,145.830389189288,145.093251889316,144.359131057149,141.944295361595,141.152286743441,139.864953584859,137.964719136593,137.736937288827,136.605129022537,133.542220905755,131.306330127273,130.175748407485,129.683704507083,NA,NA,NA,NA,NA,NA,NA,NA,NA,NA
NA,NA,NA,NA,NA,NA,NA,NA,NA,132.216631101209,138.230308021231,135.3718090965,138.505532269384,140.145935210739,142.47599804818,140.254551652858,138.552025838138,142.451714353127,149.902719308777,147.042012647101,150.407832669014,149.73307407009,154.612160787763,156.802886614321,158.871937567138,158.084986730257,158.230786207238,153.917219813662,154.380401552326,155.935152086718,159.301710804822,160.636864514095,162.159396401944,163.797643069863,162.118828080779,162.881716521462,164.386140783891,164.381046752109,163.188935237549,161.260911668565,158.703098143352,158.270226127419,157.495293244014,157.212341820666,156.915249137646,152.754299888854,149.953024313483,141.949310789306,139.366983229363,139.212123180152,140.18506843729,141.291085848434,139.797952401075,137.316900142309,137.854192897137,138.959346568409,137.387239842196,139.863383874208,140.552396077012,141.828808887291,142.70762083542,143.873724087169,143.850072437621,144.658227931572,145.216164092658,145.447450185855,145.674547737007,145.788786576977,146.392824096634,143.494915850583,140.890344345682,140.301643249197,138.578302424755,138.708369921729,137.351463928615,135.007525454629,131.140486254536,130.202562833076,130.740748383769,130.695795183564,NA,NA,NA,NA,NA,NA,NA,NA,NA
NA,NA,NA,NA,NA,NA,NA,NA,133.323470051515,137.506507805896,139.805053003371,142.641682779145,140.127997122502,142.155587695914,142.406588493755,144.157919917777,144.625816708694,145.708674142495,150.734354054502,151.394170376256,149.466132112257,148.79820747191,150.2077158087,157.561039932059,159.243911997099,158.332492210081,155.756635261679,153.741495986238,154.816234393986,155.537064698212,156.938094016519,159.615363449887,162.546899453213,163.214021125728,163.093149230869,161.740096013595,162.874004952071,162.831305254805,163.661094783153,161.737311642052,160.607419913287,159.101168443877,156.377349115102,156.024272750989,153.065825969733,150.928999520697,144.856034926289,138.701475427287,139.619729921455,139.720260796686,140.129622272053,139.834139995469,137.805903168842,138.582826578045,137.667324728042,137.913029431748,138.596982617673,139.712311106879,139.63275981318,140.65535108284,139.355465615866,144.288992666948,142.662710702743,145.468050884171,145.135971328323,145.699634553868,146.659192251372,147.073099197221,144.483819958871,143.154909122354,142.993228241943,140.390437678961,139.604034859633,139.210219333319,136.439089832245,135.45192366063,133.095215172873,132.022267546327,131.197389368577,129.746321539228,128.764232716934,NA,NA,NA,NA,NA,NA,NA,NA
NA,NA,NA,NA,NA,NA,NA,NA,136.116991496459,138.634913307807,142.712960359837,145.440143661508,143.676847396677,145.482978987115,146.835227338475,146.247792803396,145.969310981164,148.126635230889,150.225556527126,156.141378080484,149.870205044874,146.792408669794,151.155504048533,154.142791801053,157.529439529708,159.150788052281,157.702486506908,157.988323449692,154.146194372093,157.344961741931,157.800949492369,159.984588639739,164.754665671531,164.546871121611,165.472495283162,162.020031483496,161.752774075466,161.815424417777,160.260501123291,160.754008966532,160.583040663873,158.535291373709,155.09384313398,154.04567150843,150.014898785558,149.314336725803,140.235037492948,138.534378247536,137.520391775037,138.205931418523,139.246205945795,139.662293997918,138.325435330597,138.919381192034,136.773973621173,137.982422850993,138.030741606744,139.271496634353,138.781974331468,138.867439181598,139.978502676818,141.936312819913,140.746350344074,141.571127219186,144.666292770427,146.316853643436,144.993587965743,144.752660169003,144.051134994745,140.784775433952,141.37885515303,140.02581958476,140.039722789999,139.514367233407,137.255524996012,134.727370802083,133.12810953205,131.803692512172,130.047787364593,129.335035505892,129.204759176538,NA,NA,NA,NA,NA,NA,NA,NA
NA,NA,NA,NA,NA,NA,NA,141.234883108771,140.467632399983,141.962236813956,148.120967229856,148.209881269003,147.870375074694,147.818800558396,146.160646221191,147.763300933357,150.521640264471,152.400829009779,151.955402742765,156.414159539456,155.761920749192,148.500772109256,151.576116179264,152.719132927068,153.858953945339,157.554515231746,155.786018176233,156.638688771826,157.825800488688,158.932761589159,160.477284099713,162.439808854815,163.074299570139,164.121642103868,167.222145665494,165.670048539742,164.064205431718,162.333129246002,160.659699380799,159.197483468702,159.45589592076,157.165783711022,153.584917603572,151.246140507781,149.189291331408,143.140659917645,136.700551785451,135.877521466349,136.907662889656,138.329462511799,138.849208319886,139.560620739413,139.860971740416,139.361991824376,135.703313977363,134.779545042385,137.924859113666,137.785567309273,139.474925654308,139.47707713277,139.255064994937,140.444447240012,141.031337709744,142.135958428375,144.845556819141,144.083528173422,145.767379720964,143.581461202632,143.745258932034,143.798098380973,142.63320180082,139.990813073059,139.52698071209,139.086524141104,137.444777134545,134.676317155899,132.731352546065,132.286554052708,132.721129191592,129.623089560032,130.283302668944,128.813494301275,NA,NA,NA,NA,NA,NA,NA
NA,NA,NA,NA,NA,NA,148.136185387609,143.945976069679,145.049525215767,146.801410300008,148.600794665995,149.704939794913,149.308061770561,148.208504935837,148.282104744181,149.903980430748,153.290146785956,153.101805803533,156.101966480992,156.728515487529,158.847366008489,155.316018742362,153.056709254042,153.397823943964,154.641676842363,155.910345187248,157.291922464266,157.770931095587,157.639049413674,160.731740507288,164.296104796091,163.695674924744,163.943825330792,164.591236240591,166.896553203694,164.809804848499,165.097599110541,162.517386074075,160.390153097847,160.02433733609,157.365574626529,155.866152230948,152.673646600579,150.991649551484,148.785842678052,142.596353769337,135.132916085111,135.242624244619,135.9824008752,135.330092840281,136.085259928321,135.595051397023,135.984962879846,136.787150847121,137.22388269293,136.327449642144,137.502542942033,136.234696527789,138.377596744483,139.431387526758,140.637789878445,140.478658185052,142.751823401619,142.622278422205,144.110779487124,143.707267992778,142.142012073943,142.64906536325,143.065875251707,144.768482260741,141.825165511476,140.211819767532,140.266762294251,139.42406299074,137.95278805852,135.838581617395,134.934582615749,133.603002540347,131.245208935591,130.333530671442,128.883574875231,127.691193962438,125.69484687625,NA,NA,NA,NA,NA,NA
NA,NA,NA,NA,NA,NA,149.002426870379,151.205693387585,147.34037508647,149.296075925149,149.832143476784,149.67044029152,150.603421728327,150.132502431724,150.847088331017,154.618791281313,153.281933240225,157.384285634691,158.277218461683,158.561525320545,159.095408619248,159.495649919049,156.987470999423,154.124249680623,155.237632729038,157.624465540187,158.296731104238,159.075891399631,159.892579860524,161.449163346887,164.327317715248,165.276987451729,166.589364611538,164.958049783374,166.855809635373,165.913870195043,165.282942578651,159.744396233722,159.561432972609,159.026648096781,158.099160943912,155.54341488536,151.773912531284,148.633827909223,145.147866653793,137.32894262375,133.502007958506,131.984221614518,133.467509702794,133.198249986924,135.711506529125,136.047035942105,136.139913438072,137.525746368611,137.932653105835,138.017680413806,139.351540649631,140.311543529389,139.758155434997,139.035017148924,139.782290550867,141.18952440344,141.804105314472,141.754363389973,142.530509129739,142.003105802202,141.61533691986,142.43665679486,144.599572159889,142.97792500794,142.475572934554,140.248434198768,137.998753122728,138.254487409017,137.141365932103,134.692718093179,134.745935432848,133.948808364124,132.281673870732,130.3508630191,129.301215302752,126.83989889417,125.285336010623,NA,NA,NA,NA,NA,NA
NA,NA,NA,NA,NA,151.052767379648,153.188747362628,152.473533140567,151.930076232866,152.385896847516,155.93262418897,154.415896889691,153.461596441282,151.698332672129,154.925185387675,156.052316399445,158.294977510759,159.103389877283,159.181591516642,159.436101012687,156.998157962851,159.185242081869,158.848929968379,154.979322635576,156.518361334127,159.317270220523,159.900099717155,160.193731539041,162.523948807689,161.638814879007,165.315713517757,167.039047656572,169.927942561989,168.531358667318,166.660628252592,163.588635088997,162.762916302963,159.072954838949,159.400497430186,156.698093654443,153.218853372788,152.179031275012,150.128468946274,146.490464596676,142.948860278726,132.114080191394,129.556587817489,128.035657268417,130.649538160994,131.701641411711,132.21885281198,132.5166726022,134.172083906543,133.195036141226,133.902093158273,136.860857527477,138.238287351524,140.429471679262,139.166152203255,139.821928216255,141.107455164927,141.567728412721,140.011356145757,140.22638334979,140.482616169427,141.642489615091,143.195347127674,142.953414323838,144.2830164369,142.952014678198,141.413135244145,138.528287029225,138.399370304835,138.488600986985,138.387296987854,135.605663658783,133.654328689776,133.903603569603,132.430664407959,130.804566507239,128.736668831621,126.828831346121,125.759839422454,124.310181511825,NA,NA,NA,NA,NA
NA,NA,NA,NA,NA,154.223445476841,156.012572700296,154.089753717427,154.655143308961,155.459780370041,157.130278655077,155.33471198225,153.605680709054,151.879893022117,150.844630983554,155.748355200147,156.370237879838,157.443182751801,161.312052995853,161.173677885803,156.625754160817,161.996691100904,159.231904658381,159.272610833489,162.178755815159,160.540593745503,161.670710256986,162.795972423861,163.84257986607,164.383363811245,166.086254874762,167.456803788118,165.545936148206,166.529357660955,165.673317027815,160.944578077623,159.065582567563,160.811787996764,157.393743350467,153.774799245496,152.11512023166,149.693828118351,146.532816114085,140.152981320447,135.866426439397,127.032621261528,122.612891434857,127.192788637044,127.21847375868,129.527805307009,128.439938488578,128.974068495085,128.102150168295,128.048898755609,132.742733749189,133.798185950271,137.117853835731,139.654711790199,140.30427258925,140.639365098585,140.874116306999,139.87673767363,141.015354428586,140.37956040482,140.881896813359,142.685429704833,141.811363570152,143.053759958189,143.973716447507,141.986183028458,141.745175445294,140.025518346046,139.243300367008,138.311498509367,138.044991331521,136.682359537492,134.053636787742,133.423480981723,132.705261543808,131.758462961681,130.408609347389,128.063088987242,125.715768314873,123.559245718991,NA,NA,NA,NA,NA
NA,NA,NA,NA,151.97826351677,154.743341696506,157.363466661019,156.859124027842,154.035091062416,155.983714843684,156.909207405996,155.559547050539,155.07373867653,154.866516181974,152.807862336552,157.153806973717,156.411631267019,157.592181252421,160.695152671985,160.037832350117,159.046998417757,162.331370876295,159.310027526742,159.251412819641,162.14121049126,161.693320169798,162.799959964062,165.10687176297,165.240459352045,164.441229927458,165.147410647597,166.21532511976,166.729415902139,165.956032474776,164.309404692233,161.012924470336,158.538307773328,158.26390328851,156.688015716459,152.53603536549,147.581223817921,148.923813435037,142.383797935205,135.839785496743,132.896824888644,120.128038955055,120.581391923588,121.955974349696,126.244776966154,125.531621455265,124.808206983588,126.595109207821,125.659909361247,126.596069085125,128.744114090448,131.387668160174,134.829870656495,138.2957740244,139.574186127571,140.732179282641,140.938446884507,140.17149546896,141.334038332541,141.767820760944,143.850944200309,144.567772144719,144.545018764866,144.019737707998,142.761497488788,143.018733625509,143.617505087966,144.031874025433,142.777322294748,141.354083863879,138.706738562127,137.773228987621,136.448052912576,134.223742559073,133.648569920017,133.24339989069,132.570658951637,128.915562789936,126.379626623867,124.024094894182,122.64566531062,NA,NA,NA,NA
NA,NA,NA,NA,154.379538284376,156.387468821581,158.928406311791,160.398828616347,157.913931984452,156.380145356628,156.271684018909,156.043663877694,154.681780102506,156.931647173616,153.207853414588,158.527608428516,161.66358571734,160.223872981234,161.437733470849,159.427866117636,158.065641722688,163.684456906578,162.790355042043,162.619558614071,164.086904601607,163.135608749285,163.704385800738,165.9752678959,164.090516338448,165.348042452148,166.443038155054,166.558610632736,167.383542398313,167.142174460814,162.723829369173,163.853414756487,157.37908975423,155.16546546052,150.862676003201,148.033144926977,143.701361409765,141.14076648139,134.786325530284,130.215577136727,126.717836466163,116.377316707834,117.919854513451,119.533134477706,122.044067088249,123.271357736974,125.253364766373,124.693615074903,126.019521580107,126.821798410232,127.107598998015,129.155842149565,134.200801881055,137.040798271435,137.695578192202,140.552790902394,139.514651240016,139.937984575212,140.773913070081,142.919499210681,143.980437655942,145.606401314267,144.50844091107,145.508514249883,143.51915884377,144.781596635693,143.241618691104,144.06589071019,143.477144615796,142.615911001805,139.617983248125,138.910542882632,137.610312576861,134.554700638821,133.865409191523,132.716045899026,131.826624363304,130.026882064167,126.662806380584,123.30491484776,121.7090174331,NA,NA,NA,NA
NA,NA,NA,NA,152.638098061362,154.276836681576,157.395264000765,158.674730791202,160.331029082318,157.403843026036,157.781531441119,157.618842961483,156.746872550811,157.176513034069,160.449938982393,162.794044243421,162.461508991251,163.167336859507,162.158220001362,161.168918946036,163.260292162477,165.070157233022,164.199094053236,166.542262057064,166.71770073062,166.367285911347,166.378886728324,166.704291867193,166.970428246171,164.535456946437,164.819943658284,164.215693576962,166.113262587563,163.529052903076,163.268545601386,160.702603071802,157.78120255764,153.131362816156,148.220991542369,142.069174138268,138.267524186019,133.146450836882,128.916654492583,125.933929515049,119.600394882983,112.784468678661,111.519025689016,117.541520132356,117.690934574799,118.068484645427,118.172023926131,121.327970635665,123.385718163492,123.727204957498,124.387333033351,129.503012493142,132.062538113471,135.854987025067,138.109706936562,139.018124178721,139.292385173176,139.2445712601,139.354470770927,142.4541510799,145.083503241526,145.261288700642,146.503851585652,145.971058962252,145.264925032325,146.705827000371,144.328503127426,145.642459813736,143.918958306656,141.135680984408,140.759943149767,139.401216839761,137.247835371798,136.807521712689,133.725740589996,133.092940091397,131.11774759504,130.264394181406,128.020023388905,125.647532772587,123.563544399729,NA,NA,NA,NA
NA,NA,NA,151.72222728937,153.030237320448,155.56514632529,158.250365880079,160.812863305265,160.268505847829,160.282076172244,159.150540173358,158.342935890387,160.527908234455,161.697352242681,159.951320506903,165.470015463769,164.889248678383,164.143330863228,165.414880234693,164.783451085233,163.897144183303,163.809304547192,165.315807011781,165.030072875514,168.947843539942,167.908851015163,166.042720979993,166.769694335561,164.66797122689,164.703603187309,164.084030426291,163.663944820992,163.782518680077,162.790600186562,161.105531775481,159.588545932455,153.554345001186,149.735492732239,145.448821778337,141.7229435669,133.148752567606,127.325291307546,123.666904158799,118.348106664281,111.578425701649,108.134759925151,109.049569391031,112.322436000154,112.21711616769,114.990395898566,114.959880541999,116.814977667095,120.804299310303,122.659126440048,124.258584071062,125.951253288924,130.42949208053,133.408792010942,135.293504481448,138.454704282486,140.055927629491,140.468922290968,141.360735589575,142.05375857565,143.061453329405,144.069357809386,146.351325037401,147.499885901384,148.241060690337,147.38337883321,145.951294482117,146.155401150131,144.4395808834,142.916612445839,139.21986008091,139.051217443921,136.045150102889,136.120250983285,135.052285040807,132.639644874684,131.480909204061,131.057013154818,127.759969556823,126.183417545155,123.593864608657,122.803105073389,NA,NA,NA
NA,NA,NA,154.360048278836,154.693011461028,157.101427606819,157.171282073978,161.020965951432,164.464845732959,163.366686313475,161.670569240071,160.854246407312,161.256331932291,159.680222517046,160.72902190158,167.710006321881,167.885604200504,169.630459423818,170.022754365076,167.777671086597,165.381820423901,167.57571956646,165.082008410754,164.051791921029,166.895059005443,168.18637575609,165.126556614773,163.447612358911,163.559704961252,163.16361643571,162.770022812563,162.28709354944,160.871714742723,160.39234405017,160.160757562817,155.516246774948,151.575383711766,144.131356403962,142.766844601988,136.237310625055,131.743512906377,125.081288852396,120.547840493594,117.381710585921,109.859823353648,108.185599095917,107.927875047063,108.77705555902,107.374644124981,109.682368524463,112.076069945733,115.383746835692,117.263507368485,120.720928800662,122.021633915064,125.943712296701,127.221215422657,129.90411625431,135.367588019203,136.196072779292,138.317724907302,140.076544385738,140.698234966542,142.359720210856,142.535369615,143.678901444119,146.373192627266,146.888343104681,147.052243849707,147.587806706152,147.374967183751,145.688231658921,144.616379481853,142.834369193746,141.113021389618,139.346173026716,137.344709705589,137.092619619289,135.473160083125,132.717409259041,133.64867752216,131.447961702097,129.384949564182,126.899713663788,124.923568341597,123.729432387919,NA,NA,NA
NA,NA,149.649295109026,153.382440464686,156.750554412984,157.413562759076,158.486468175209,160.755546364231,163.104096066402,164.252305524695,164.5548728892,163.579445708247,163.667629835229,162.915164865795,166.022090993811,167.134250682711,168.269537870671,170.158687425764,171.637660309187,168.911567120167,167.272376077255,167.311355187685,169.051283836875,166.748521801964,166.633950280412,167.848338979339,164.770130725276,162.750482954864,161.398617033158,161.832551803228,161.765981695634,160.203688277679,158.19575679438,157.513472529393,156.167544086044,154.242765906659,147.907076303579,142.905726054654,138.558715362117,133.159657684463,125.332439608052,120.621936814153,116.11278170876,110.335616101507,106.091481786723,103.849343455596,103.964076182306,109.183593859325,107.146454461786,106.81517529931,110.69823947094,113.125033167986,114.70973662069,117.289768050561,119.691557864799,123.330986678196,125.364951460159,127.930005530618,130.928356100438,133.957285534974,136.735558066746,139.13841634229,142.056419502398,142.032323916542,144.971582791104,146.434959192724,145.400279219756,146.480159380181,146.607151655305,146.780676251615,147.119462247304,146.606828814943,144.468971416139,144.832542754739,140.578471075705,139.857644482722,138.837180259377,135.737148851933,134.380471769013,134.153585118438,134.697951271528,130.903277732125,130.01536918372,127.705730473128,125.2163364974,124.251038082925,124.269877125411,NA,NA
NA,NA,151.666215559136,153.916975358097,156.431492655681,157.357376036844,160.677300663892,162.199986490065,161.837040924856,164.364418592951,166.281435444972,165.281583098583,167.900303879389,166.551716118221,167.92655128295,170.321727941832,170.212395727668,172.983528066653,172.576036377606,170.677116924355,168.476942513547,168.419252572605,166.817855593237,165.489274691324,165.562103991373,164.573517447208,163.930103200437,161.782371103099,159.744751884963,161.038631019077,160.197778220671,155.939120955514,156.916341953385,154.116316308494,151.701573323017,148.153207253436,145.694420911684,138.793630240716,133.106878889752,128.074533364067,123.794664742146,116.584054405206,113.818398585695,108.826265285644,104.679266010959,102.773945141326,105.470019503502,106.562261616999,103.823429419334,104.649181391202,108.440018062241,109.194144981404,111.211698958517,112.676636888653,116.455712638028,118.691735842662,124.480345237673,126.147859988453,128.048253822531,131.227535469054,135.026077539882,137.730287300488,140.281866131977,143.750651150629,143.707552069222,147.195667617616,147.806214872013,148.274913332386,147.239472314266,147.655196101653,147.234687997998,146.663347124135,146.243766132249,146.351272706858,144.067776159673,139.903698262051,137.894610957228,137.392119509817,137.439401329028,134.979731807324,134.814346375954,133.190124578276,129.694685834618,129.023238277818,124.811459744828,122.995132198759,124.270578842633,NA,NA
NA,NA,152.735167160792,157.22697232706,157.679235555594,162.963491448234,161.480281077366,158.756600613518,160.789028994766,164.882598816251,164.222413992634,166.049798711806,168.934858691743,168.547648506787,170.397307761546,170.985558589298,172.442973809998,174.349524823479,174.535198561314,171.440443325498,169.416180340025,169.291301951103,168.247432519953,165.617346043475,162.957587292764,163.3500955318,160.89310101139,158.898358473771,156.854774610816,157.78182923881,158.735825999412,155.670552906333,153.114145699145,150.418224602511,150.656234340428,146.687731557872,143.278795313125,137.990307684729,129.995103715125,126.146539144648,119.647170532052,114.074302873167,111.023414256316,106.535745919472,103.849717823139,102.650620291915,102.620191912935,104.573685266759,101.029824383664,102.836527445024,105.752331091123,107.223256978527,106.837590741681,110.824636306201,112.564005885774,117.264806989216,119.992043775859,124.169312378754,127.404665216886,130.241663483917,132.245872253808,136.054509420239,139.205463774946,141.235056010112,143.863985050989,145.333924312945,146.19646278322,146.98161058985,145.662765171542,146.951268000114,146.824327176549,147.202085704631,146.465677743658,144.957749006275,144.684096893489,142.462454227921,139.4601676256,136.729290146799,138.207457353471,135.157707685588,133.067343026165,133.589251443879,131.837900980354,129.122524761284,127.392883927224,123.819747137381,125.108898203662,NA,NA
NA,NA,157.43022911211,158.390191669444,161.101261912562,163.522031847603,161.514385527987,158.84192141719,160.656659587167,166.202143914444,168.318358927868,169.233370731819,168.742640597279,166.83459064265,170.549319456544,168.537525122349,173.662421824317,172.089636587877,172.643410705757,171.103303651261,171.431886062953,168.050860629854,167.029468532342,166.405805788257,163.885263764331,164.495355239206,160.727772103508,157.577374993248,158.046360963914,157.936031961992,155.149586000506,152.312821832413,150.046305125038,149.935638002346,148.155687677311,143.759422354832,138.872728143056,133.90176563677,128.649608687611,126.08581511006,119.910541299756,114.565378636657,108.492612934875,104.452306685204,104.01702889377,105.004675843701,106.323479644657,103.84956849505,102.520536906135,103.325244646873,103.929936256271,103.918382023053,107.316907858486,107.321995212314,109.339528030894,113.636142777814,118.284574789071,123.445098066998,126.73695911474,127.400642584025,129.585993319353,132.385210820394,137.943844615993,140.377692414297,144.525732745878,143.708032290899,144.7455121535,143.194044072178,145.453260971784,145.820334828204,145.740068623053,146.350532548584,145.474474571487,146.581583933996,145.451545410373,145.413486132498,140.720377961446,139.108013012163,139.061885460028,138.642386368034,134.928923274207,135.149369593933,132.890334009612,130.217631135809,127.960813064547,127.510411868077,125.538046635971,NA,NA
NA,158.804474126086,159.832843603525,161.804646959364,161.148350941874,161.338014158296,159.865946871312,159.611061450399,160.357277545383,162.064019380488,167.020369680959,171.399617469712,170.386416489203,167.52855026435,168.646248566661,169.344466831891,173.33449959391,174.113253297682,170.818363957871,171.464431572815,171.21732524281,168.225839233208,166.357869594594,163.810379648306,164.837315620578,163.520107130056,161.744407939142,158.435538118643,158.736884943003,156.646585783709,152.151777815977,150.684534107287,148.484572092085,149.184503840652,148.104716045896,140.512787182929,135.930649658978,130.916969848859,122.797376534988,121.824968652591,118.36200955116,113.428944345371,104.426467014367,100.971328808203,100.321236026985,100.045793404479,107.897708873991,103.20850250143,103.959949772198,104.553726411102,103.086572611117,103.483279860119,105.589985287491,107.659752952516,110.211415879635,113.676588423157,116.492336389875,121.444585851321,125.602489823556,126.578763162685,128.773850338451,130.271274479281,137.774049971832,140.265502544862,143.119717838434,142.590948704866,143.60952218637,143.840088058742,143.715042798881,144.500184041275,145.632283143563,145.765316134349,146.122341194991,145.957263372538,145.282755786671,144.345266283221,143.073646335344,140.206809666595,138.211297107348,136.37276991656,135.512436781243,135.249761447213,133.055536050289,131.723795282388,128.529262903818,126.287953806965,125.626972431579,124.964936446271,NA
NA,160.601843937884,159.589448169304,160.19707988407,159.864761264284,160.688771255516,161.38577952196,159.541087135739,160.401739800542,161.975200611851,166.057310907857,169.511761075325,170.652699967914,167.920464470457,169.660796310447,170.185158415334,170.812672007947,172.218948763904,169.297942628889,171.823876474155,172.554037800093,166.80792942118,165.800450616162,164.232331105009,163.014862031158,163.001234602375,160.635995394285,157.93632041045,158.227882705169,157.479788409047,153.742686447617,148.405057234024,147.481750781658,145.664911764658,142.523238458777,139.748012833741,137.001001831131,126.413805643407,122.908737759959,118.855578390121,114.664343023324,110.334752193788,106.577869360447,105.436333776302,103.547511091133,99.1795585355792,98.2105762426485,103.676691877311,103.778493371175,104.990335349032,104.695468300483,103.067830853944,107.289808498305,109.32250720389,112.333522129319,114.307855313,116.081432736535,121.047041429625,124.66562606495,126.450105651173,126.681264440961,130.176898348188,135.750268648967,139.495868413559,141.331110278257,142.059488418618,142.213233152459,142.666121106846,144.9510933832,144.216987029142,144.799797462389,145.113852400653,144.488598575371,145.519660874482,144.813493858065,143.440039504214,143.032316672502,140.604895462188,139.504615220172,138.175083908223,136.529717244616,134.938243784121,133.650427073512,132.086247417901,129.180463801093,127.388992819848,125.083206361828,124.551598484644,NA
NA,156.106424052762,157.741686749055,158.112539287018,158.571418857364,159.357191179998,162.070667525277,161.194868814298,158.968576034296,161.421917486706,165.496357356208,167.551405253528,171.374854687717,171.022478379294,170.390117721376,170.886505416779,171.621955990369,172.243228252112,168.335004148315,171.418564674885,170.802309503873,169.262657590991,164.934362637566,162.454092820506,162.530671099252,161.286488437214,162.138213058399,158.276419963383,157.098911362784,158.417367837814,155.89384833768,152.252617167383,149.162168013017,146.322667430981,143.713525860017,139.799423371465,135.766886873432,127.068940778246,124.066740891347,120.658239362411,115.202281062352,110.65137799906,109.930888429803,105.819551951543,105.379247129316,101.315712248939,101.516770921856,106.722288256246,105.126942655277,102.104237636839,103.940773100872,104.297724057182,105.380405727544,109.769436683018,113.826104380538,114.725882465599,116.844226809817,119.745685348586,122.211372098053,124.682095830913,126.943313708083,129.832879539979,132.644137706777,136.734344917065,139.273164222396,140.232718750176,141.790952107216,141.440980574438,144.680064376295,144.737672515304,145.885096830128,145.628326399966,144.902025178252,145.310617120652,142.763993654448,141.910411647286,143.331821454748,140.58935290366,139.45434028949,139.292823212162,138.216184006056,138.249616393675,135.258280324449,133.883548530638,129.076559182785,126.395946124149,124.804311150275,123.027053608897,NA
NA,156.377369255159,158.776172643259,160.300244050764,158.590266601337,160.172633344403,162.83726914436,163.325135971804,162.025586896945,161.868500419704,162.751300016612,166.405504337642,169.670452464134,168.575059272548,169.99925007896,169.599228234831,170.003688265188,168.48630204582,166.659641529209,169.881494913721,170.432788066899,167.067545499418,166.68500110848,164.316907017618,163.490788330926,163.760843883677,160.115378542842,157.642792532967,158.723757829971,158.976992321078,156.534606950952,153.261275287797,148.580373521004,145.543768670899,144.007176144126,139.251014288141,132.378975556802,123.751287876518,121.373573465699,120.051943605065,117.510142090424,114.310254310194,111.528327321985,106.275673584028,100.039874860085,102.271032207684,100.613688177755,106.20941174069,105.641855364247,106.1464335651,103.80038478184,104.902088108636,106.477347295266,111.951695858744,114.032695470145,114.042428445401,114.242928528179,116.329749630042,120.217570099635,123.09294569281,125.918101540489,127.487169250183,131.024021199323,133.089758085945,136.456866289172,140.115337985089,140.020752279746,140.925241671068,141.639262504689,141.989058573026,144.757560063766,144.425742503443,144.747267526072,145.195142403571,143.824139810755,142.459732073581,141.880962794986,141.684516704739,142.259333863464,140.420583331086,139.220511335381,139.210994275513,137.392314508213,133.721149491894,130.867731075517,127.801905606897,125.302585151547,123.519791338297,NA
NA,157.642442498743,159.170931817223,159.387693508479,160.744128395447,160.41188315099,161.424721730936,162.921729839193,162.221261264954,160.281262285172,164.623924928853,166.123485681568,167.629024506778,169.182854778208,168.93843356662,168.299981301225,166.491360533123,163.835765912516,164.191920277354,167.731139222463,168.465791693147,167.679234258015,166.372453574121,163.667731656324,162.256049147502,163.380396049345,160.06850907453,158.451409543704,159.5436600538,158.425181211828,156.22862473701,154.154660641506,150.162318269939,144.311326666277,142.796051080335,139.368028952163,131.558236614722,123.845008823678,123.491983280225,117.513577923338,119.161615610271,111.77089726421,109.686407200107,105.080475199037,103.394629071298,102.951575667594,104.312983116832,108.036139522621,106.982253736942,104.724342364164,105.620422871827,105.829563232058,109.09240836314,108.444886160522,112.40948375219,113.175012076587,114.425288502841,117.917872249642,119.788719246407,123.222417171786,127.210718916737,129.855827017709,131.044339401634,134.068722335222,136.63900503414,139.023898968511,139.624611694687,139.626143013686,141.413234866824,143.294206240666,145.798015963286,144.020204798134,143.962999747089,145.373800437365,142.16124803529,141.71055577423,140.686977137747,141.272877513885,140.340188041952,141.59381554375,140.664099429438,138.837300316002,138.490184836315,134.261203771579,132.743024742999,129.838860365536,126.598355145094,121.422731509493,NA
NA,157.543581047203,158.205088529771,160.5666144638,159.152649563857,161.990738128614,159.754111687192,162.884673980158,161.14669190947,163.230102335136,163.096827784416,169.171240916919,167.163918939195,172.149268443482,168.33952126837,168.562714775024,166.95880613712,165.013117054921,163.663165063701,166.769702154936,168.7660693507,167.300024054241,166.813245896109,163.614143300468,163.514271218317,160.241591713824,160.030001901539,158.665383222167,160.58561111944,158.52195339035,155.342601833465,153.045720858059,149.517360988633,146.154695733472,142.082375820301,143.03320000585,133.458095429558,125.431026426159,122.083971216494,120.658381058996,119.709706073682,109.099731571289,107.502255895569,100.221135218985,99.8349761943578,105.277816760905,106.490746814963,114.519602814519,110.809427975704,109.969065610145,109.181262666537,108.308253737234,107.66953782498,109.313739236759,109.256202037297,112.316175309932,112.512337613968,114.730920100461,117.44766313147,120.835549731089,124.031049598659,127.623162035153,131.897641908055,134.0559740458,136.053859208528,139.027787865864,139.602888579072,139.764801920774,141.298771238082,143.028521936576,143.750171745066,144.067607435283,144.511028590911,144.204575455922,142.106779696545,142.774192516303,140.732363037043,140.244287244074,139.245605314154,143.1151998504,142.738201192711,140.099223034116,137.834453393026,135.620069840588,131.479249504059,127.459041648822,124.53406295603,120.849062598114,NA
NA,155.797720011481,159.479962287102,159.799091664719,160.928701624861,158.92266029588,158.870858566489,160.084380082713,161.146638626312,165.26089822953,167.56812605036,169.759356878033,169.180854923347,167.596804425124,168.69026615481,169.182687614408,170.822229782751,166.409339457923,166.204523072438,165.466958456548,166.920026695567,165.238698499478,166.109593963299,162.979519208823,163.056406971349,159.415906423056,159.044734042856,159.446370178657,160.265630038239,156.831562552163,155.960680026929,151.930053679258,147.134997264853,142.805767622675,142.615601909074,140.061990564229,134.577639479689,124.052088431649,121.929616425615,121.44033642846,112.954165712243,109.255210230528,109.050421337884,107.415114052112,108.536751503606,107.424330859014,110.746908225193,113.838388025641,115.469499970142,115.042267944578,113.8975678963,110.732193067068,110.340501494337,108.441879855922,108.423709547642,113.607279419236,113.510856473393,113.749859018256,119.189083407248,121.137041408173,124.748497414376,128.21726279135,131.856145351052,132.656520341844,135.672328292133,138.024519597636,138.82458273486,139.704247177297,140.104650548774,141.632243559928,142.638038152099,144.651722562057,144.082980916047,143.517936058928,143.95352621719,141.326879800293,141.934953369421,139.805327066162,139.692657863715,141.016117925772,141.302642026351,140.414483367702,138.48730423967,133.916036296187,131.812633313721,128.681876814178,125.437324732249,121.015567671063,NA
NA,156.314297781427,156.687468658482,157.809182102244,158.225449184505,159.42380481855,157.137238429264,158.89779154258,161.476855767942,167.180478193855,170.478549089822,168.672738715833,170.507177000146,168.517744612103,173.5434359774,171.454159047845,170.032798482862,169.332666885782,166.5904748649,167.427804941233,165.992074968007,165.554958133355,164.411220071389,163.029268907011,161.716328069433,159.729165349514,159.933928811753,159.376581313259,158.741637778877,156.034018140614,154.364756065725,151.806339951116,146.114391927412,143.566778410717,140.722743228446,142.3391204556,135.873062250314,126.729118903624,124.391894409748,122.395425302518,112.468428758688,107.734901760025,110.751600126216,113.249769187061,115.76472247297,119.714326793194,121.460509158404,123.286323710924,119.427662123842,119.884391026869,115.864923962029,114.325663754605,112.505056865827,111.069273875428,111.120915526056,115.194829735938,114.396728457927,115.265341044642,119.215423486337,121.609014432515,125.670361086964,130.154599216915,128.737568721555,130.969433481515,134.291652023322,138.046214504787,139.729614812116,140.391729448137,141.024724187311,143.510525836298,142.244387347953,142.677259259702,143.445499957124,143.989112112903,142.690538804984,142.724781052067,143.228948718816,140.325590973935,139.32662299572,140.479591595659,141.372963311371,138.599518042054,137.595604386488,134.99807938181,132.115336707934,130.003193593551,124.15041176627,122.000528246852,NA
NA,155.348508622454,157.025223013179,156.984348429865,157.538932564284,158.447223547731,157.137710091442,158.063016068918,163.210340301057,167.606383748716,170.33746369908,171.493424745668,170.05472731825,170.028904612565,169.726375370469,172.800334596798,173.264073717106,169.388652095502,167.195363241781,166.887192223314,166.28071697351,165.961692294669,164.424966866195,161.818736340539,161.438899123366,161.906700112918,158.86989017164,159.002092050879,155.975795898574,156.075342223197,152.916450576947,152.493966138959,148.072054140281,143.472070501219,141.148505762865,140.79310856898,137.377423720538,124.637577820195,126.160777218408,119.850273607512,108.861718812769,109.041588275204,107.058331371885,116.66296849348,121.381598878204,122.964909941593,123.081131161416,127.786472490657,127.07088231654,126.057869702023,122.970314933619,118.599907903801,114.685101077333,110.875015613375,112.891980445664,119.736478644572,116.690429525376,117.034312471233,119.973655238998,121.458667361434,125.673265971198,128.237214590204,129.135997882978,129.576240926155,133.37555924583,138.526258664437,140.500642268866,139.30949750763,140.404244513921,141.141798478867,140.351138625721,141.445066703241,142.843808483925,143.319879471102,142.981489599067,142.308797616388,141.246735812325,139.810442810345,141.188314754338,140.644826311808,139.692625108836,140.225866573556,137.235767458023,133.714950606873,130.880570644422,125.730326468555,124.090032031508,118.902081532055,NA
153.281722957929,156.17083714372,157.234112938214,156.068025055963,155.875554653436,156.78377554868,156.191055825497,156.218119145772,160.59046677259,169.18122728449,172.298643732071,172.412735139883,170.996166989083,171.700058314706,170.715917503601,172.453215325127,172.819395418939,167.387236820407,165.499873258515,165.531520465365,167.100226845589,165.256921084816,163.986686068553,162.325204639216,162.639497683313,161.475545688726,159.735490741646,159.892835613402,156.818954562564,157.382129519495,153.240801945919,150.819289633541,148.017326923426,144.961334356877,142.596933584811,142.422236793795,133.413151844053,121.810096441718,123.836646707828,117.071307884113,111.758169989875,109.87511659086,106.960711089896,121.328526222808,127.112283960548,125.741379026303,125.742569111302,124.530600462596,130.170039289144,129.18731238814,124.151284458782,120.530869645839,119.214062170421,115.772750044562,115.724655911767,117.219412045902,115.994208643183,116.716057782662,120.768070763954,121.109711394958,126.290796232166,127.682193975402,130.101842058181,130.180131760483,134.500180591247,136.596633098289,140.241281625031,139.492874837937,139.493337581433,139.879755651261,139.656384985732,141.027540642227,141.58558994792,144.050417461922,142.488331572414,140.524890562133,140.142451823479,139.057648854911,140.399084374199,141.19557582169,139.824147390976,139.178355949869,136.349806086773,134.698803397424,128.757255036444,126.813680212243,122.776023871366,118.755061118957,116.130106516434
NA,155.264583507654,156.898760331578,156.075318487237,155.913812946752,158.531586424783,159.157640705074,156.746633879915,160.786920448756,168.915052470496,171.168832552341,172.928355155392,174.350286183403,171.768338297336,171.683135503492,171.222659809927,168.506657227476,168.681143395921,165.860443059203,164.126168909749,164.199728513446,165.808502103085,166.731740521474,162.576844705517,162.712970361192,162.256193341392,160.868447138735,158.115715611159,155.052958402515,156.394516044083,151.50309047036,152.389945010238,150.050122700984,145.406868181809,141.033000351439,141.863649090458,131.97327806972,122.184740193863,120.298717195374,114.668325328658,109.448289387424,110.550899368797,113.541653525404,122.208808667327,129.335057986292,127.987219706411,130.461235203967,126.822979147958,131.280354106479,133.992003130976,131.238843871157,123.947611463963,118.105827740905,117.613074059433,114.523395538914,116.488772880131,116.214311209118,118.06817985489,118.226458174806,122.160150264405,127.065298643014,128.272525686659,128.156120126319,130.468101384174,132.93876179728,138.224130435963,139.072416936988,139.406404879629,139.581717629705,138.599915886387,141.434113205088,139.985900785249,142.293110533684,144.025790592694,142.615188208211,139.696225432569,138.9146916452,139.914912135103,142.410789028006,141.627496080886,140.225023267731,138.260339366869,136.988175120114,134.001589142337,128.912948985275,127.148024157514,124.015209314418,119.451906426262,NA
NA,154.690054741544,157.172666486735,154.783061006543,156.197274015233,158.538568060582,158.726346319798,157.544067857521,159.324097246393,164.783382714282,166.636959079994,169.876479443032,173.430434709539,171.327677852207,172.075924159401,170.904883559365,168.939512404273,170.282198396284,168.789977766808,166.777401688182,166.500025676361,168.231204674122,166.002439737465,164.558921352106,163.608227931756,161.407741677323,160.992884398789,158.926448637201,154.356222913509,156.938983894397,154.725395245353,153.383036089647,151.773719532312,146.76923488106,140.042648138645,138.947289025762,131.733844374383,120.54495969427,113.543517928258,110.244422896751,105.337653339852,110.190194697808,117.396911692305,120.730683635552,129.27100328099,133.559258619523,135.473009878737,130.430747001976,130.300283134618,136.128748983441,133.092864141015,129.018606508525,122.216481036842,116.780377525837,113.720408574071,115.674768824319,115.921493329889,118.170257883651,119.401519688361,122.28159332467,126.117276864299,129.006730124441,129.500600314673,131.658599035611,133.646302252935,136.292693479628,138.311540187293,138.106307355311,138.282582217009,138.690469816704,139.607412727681,140.375029745766,142.212280142213,144.408966457798,142.41477847179,139.581225649116,139.174678616089,139.273638239276,140.675893532934,140.609097797589,139.727882256656,138.081071238267,135.579432703264,135.258003388884,131.193802311258,128.639016512735,125.444556038286,121.46535422891,NA
NA,152.905156700039,155.431263271135,157.278446710984,156.907802329346,157.557575553838,158.528058307257,158.783121347548,158.628738182805,163.869304734255,165.725523653346,168.239630230919,173.64360510191,170.472112857613,173.536496849778,171.418600071065,170.340193899445,170.070253996273,168.774943216547,167.275930095456,166.415916406916,167.654790642934,165.926831276039,163.442733609475,159.966914762157,161.836993832147,160.790335836434,157.142480735593,154.587261757178,155.621539182881,155.235565140944,153.799260054803,151.038341266621,147.044417317811,141.345641125074,138.134687015109,133.300007783996,121.521707127571,113.222048348619,110.146464017042,110.421643192953,107.241785876066,115.506874886161,120.421225053017,128.508498151,132.678003666909,134.087039647446,126.33564215857,127.54953074017,130.66745210255,133.069636277132,128.169900273828,123.074541947995,116.763946139967,114.788297600031,117.198063905175,116.833132197739,120.232242357595,119.24817095183,125.057593915772,127.406501844961,127.948888267057,130.142620370042,130.860423549227,134.37019118444,137.122567392421,138.547884099079,137.826596848347,138.480355615072,137.779803361566,139.060197156209,138.950626608076,141.072719112536,143.560233234125,142.135586832068,138.821128719735,138.457024493558,138.480274827131,139.768340992379,139.347372720663,139.993732610081,137.479051003318,135.14095635007,133.468827212529,131.303811958856,128.399126894057,125.478134125041,121.082977876826,NA
NA,152.975098654822,156.229893927237,158.687584655472,157.222452654018,157.265490956923,158.869832717609,159.544432922027,163.371047390631,165.730793625837,167.396257519218,169.436842547824,170.185886068376,172.225814847565,172.603117867753,173.955644056532,168.959877313011,169.569749984368,170.021270373689,168.862399219483,168.960831040696,167.890107374119,163.734891608859,162.129584007198,162.101199130496,162.568141561933,159.137692556756,156.887374653674,154.150108543034,153.587402748872,153.862813341297,153.656804084857,153.104949573729,146.457264092564,142.1877941986,138.810190912506,133.980633514989,117.55320148405,111.67513559798,111.895062328884,109.071097875005,113.909142123333,115.217984026394,116.702966965532,123.18843784377,128.213906134627,129.368237004931,121.990280572796,126.245116172814,130.765652197861,132.512478575984,129.757276563836,126.711605575285,118.658322577161,117.115914611786,118.12361215539,119.012406673594,120.483966485397,121.213012024213,124.765848375274,128.435742887995,128.333783884997,131.221725686275,130.103893593718,132.95592680652,135.72746274034,136.477510722754,138.206668499049,138.902880111452,137.399828414521,138.392999050077,139.006551824616,140.252935675188,141.940011428984,140.5644379402,139.688818958294,136.53314404539,138.343506708914,139.3829884901,139.30864805707,139.103921577046,139.488869150531,135.870547448743,132.045385264279,130.250047958752,126.9911516559,125.623950667203,122.561504543436,NA
NA,154.195288834407,156.590248552202,156.825173305312,158.468671086122,159.231154981125,157.438729395228,160.886069496038,164.291063495244,166.932620805853,166.983169983089,171.070463964706,170.805465722115,172.691863152259,172.845838183156,173.155041632216,172.30679806971,169.233311405019,170.679469418271,170.437536779614,170.767561719059,167.374995962546,166.486604683467,164.199555292018,161.830531112372,160.052361676402,158.2771953665,157.039771131714,152.204039322124,150.811657336192,154.010856767011,153.565559573456,151.120777657944,149.282081906498,140.398697120013,139.290534832363,132.179576797489,120.02560561515,115.990802040609,112.728466228235,109.783952819528,113.484742281629,110.351706383087,116.708091985022,120.615991162588,123.870205630128,122.967340464224,118.617277226517,122.74901077801,127.709303638966,130.425172381607,128.757257572033,125.659920406417,120.119370421592,118.667186828512,118.270957298184,118.559015651716,120.792528960171,121.099701428465,124.411968942187,126.357783651732,129.604686274598,129.918772963184,131.427082681268,132.709206802736,137.032022335255,136.986980724678,136.548030776269,137.691904330288,136.960618263422,137.864646812266,138.595941400959,140.764158775811,141.228736466287,140.003144474553,138.793559207822,138.292227682039,136.026788278812,138.43826211817,139.999672256309,137.432187253189,136.436668042601,135.359292507288,134.756241612866,130.659318883971,128.653442001485,125.961033074959,123.38658304972,NA
NA,153.812955404769,156.590419767897,157.311767494445,158.925647391568,159.328274289057,159.899381409205,161.008752508388,162.494490996378,165.316903427391,166.558089104024,171.995149275573,170.731836386917,173.68627094096,172.324800047967,172.439494320227,172.42275408314,171.317853127344,170.312755252056,170.186027899823,171.156221031003,171.78477530966,169.321639578393,168.896403917485,165.529344076183,162.960926354552,161.117522297839,155.775903853336,152.438582846816,150.49833251096,154.001785279431,152.776428951586,151.672453016357,147.691802328548,140.635027221506,139.630103742022,135.411096241434,124.898948803301,116.565657673599,115.03652705776,110.551772189716,113.217403041916,113.973757117478,115.200276601833,117.82680933512,121.113302996356,120.453400160365,111.368986130862,116.475687210036,124.013379620523,128.35550777934,126.152862732704,123.805749198629,119.408574410054,118.521039629019,118.430177132608,117.24573619379,120.821435022024,124.366250834652,126.556522133963,128.231735602205,129.653756797407,129.723770363119,131.6958148847,132.833342295159,137.459134158022,136.748671081985,136.680950576964,136.801272261336,136.885822355788,137.755714516288,139.543755641495,140.240495409108,141.013985612757,139.492570548757,139.650714300937,138.404177829469,139.384212975339,138.19948670669,137.405935012589,136.654961832757,137.291267441084,137.787142799887,136.225255638514,132.80918273895,128.963525664394,127.685370159548,123.255493363907,NA
NA,155.57353521949,155.110350589829,158.768648358572,159.354255313348,160.063568769277,161.666467676167,162.455082860386,162.909769550637,165.541591925042,166.25199995376,170.758027796267,172.721445066654,175.442727103972,174.649346864316,173.185837309323,171.821566090995,170.335607325932,170.971006655279,171.157231815578,170.818683362274,171.222744901925,170.325919620289,169.139154698489,167.237425067696,166.186584711919,162.520897079153,155.936262684878,152.675964416695,151.872231769748,150.446912829357,151.12070407791,150.826013852912,148.13575070928,141.40274093367,138.737273199939,134.704739734504,122.694370771966,120.002652169366,116.558491316855,112.82245256173,111.938767497368,115.169918934763,114.089265421946,116.261258527144,116.605951630379,113.637965930719,110.693726683952,115.098064178367,119.124096455554,121.920664668099,125.540152084332,122.334829925528,118.993731848309,118.209009541124,118.081312313462,117.543866335853,119.318648876235,124.811422694745,127.210613790033,129.36685904342,129.789380078953,131.542377431691,131.921447728238,135.254522625239,135.093174429881,137.99896333771,137.014418748883,137.374046188437,136.188323847785,137.260030978471,140.110694544788,141.311391737943,139.613851856285,139.812501235766,138.489259468639,138.466166026109,137.799805174381,136.626596701403,137.31120114538,136.154536665676,136.13400902617,136.284360676309,134.505016071542,131.011931825662,130.563571305639,129.046805655345,125.073417036264,NA
NA,154.286543186201,156.742577185889,157.452820896626,158.951412036471,161.203681095698,161.714611227807,166.082325558267,167.057228048621,166.018658668433,164.935626080209,167.670561853259,170.892992758263,172.454749417087,174.998894524316,174.231560988636,173.777135658342,174.196470513133,171.363001540691,169.607329317337,170.586691650477,172.388185380876,172.437185138035,171.244809574971,169.901478843099,168.6317512142,166.796870752356,158.353650910659,153.411308451592,152.38032827508,151.144486848467,152.5281481547,150.463121088152,143.325068650563,139.69605730195,137.897873489065,135.31366911847,125.858037398738,120.777069650562,116.775976912392,113.661318812537,111.365674637251,112.461421438056,113.72885031842,112.384962624807,112.422072305205,108.224142682394,107.15544050703,112.505837334392,118.31727032011,118.960262888985,120.217689863206,120.83980883843,119.822044367174,118.064061648086,119.468953552376,119.105548764528,123.931648463472,125.044649002725,130.152597348581,131.715278567696,132.105979825443,130.888561143046,133.391051227879,135.884118935134,137.441602206705,137.391825918083,137.570229173646,136.422539152556,136.390879579008,138.713463645073,140.344055083554,141.135571657176,141.002954805274,140.114083563777,138.49667068968,138.066024531718,136.114897000232,134.586542473435,137.151893661959,135.45104673642,134.929066870755,135.500893953183,133.959475912773,131.770373426424,130.57948766317,128.342799921506,125.486009200443,NA
NA,155.121286885887,153.239845804876,156.388346216194,158.067301017474,160.249473182972,159.619816999822,162.902784093161,166.554376462485,168.317569192983,166.979176521721,168.254699224536,171.353914427067,171.688622641301,175.333930019699,176.355626922153,174.998688113997,176.323247235629,173.6421608619,172.663973440851,170.878095694355,172.26419049679,172.956175716897,171.052439435931,170.960825691578,170.136039905703,167.823350567012,158.54280869838,156.088721618773,154.158666502712,152.756446145353,152.273878723232,149.827906440304,143.484293302686,139.814514279791,137.885752986936,135.434743208461,129.272038312481,120.381032162482,117.019774765484,113.108497452781,112.698146989439,114.038625684493,114.666934310291,112.013563974054,111.76591585671,109.237026583048,109.287262464553,111.734951044453,118.881072454033,118.372652551061,115.154607164891,118.502517596699,118.494265658112,118.322024367115,118.287716657002,121.950657337769,126.188256853185,128.11967548448,131.727910820007,133.10991406787,132.26982010612,132.039625932179,134.178077109909,135.211181707147,135.175583055825,135.420099806318,136.033067571711,138.315021202477,136.998709491125,137.952763972177,140.256609441171,141.264336378296,140.300649102968,138.278339058746,135.744104461742,137.548140366881,136.10997732529,134.282772539061,135.187489739613,134.758421139509,136.567268742177,134.936776371056,134.647740952846,130.532232817484,130.115756403668,127.972871030316,124.940047691619,NA
NA,NA,153.418745248958,152.907482194086,155.435308229368,160.419861126792,162.037591809444,163.172183374719,166.104495447746,168.040833569785,169.405307475543,170.26115928961,170.617722476543,171.118473894303,173.479455712405,173.575689191565,174.829784742891,175.748405590493,175.305687072416,172.555242407604,172.528077848292,173.086184961098,172.82655284575,172.438863639671,172.640234717057,172.463159970881,168.85792015303,163.700742620575,158.552074194534,155.839340681961,154.066488941152,152.775201878285,150.310841699918,144.64070953513,139.634368849174,136.863880633512,133.88875148806,126.171894111191,119.764802029497,116.923363322476,117.47952021098,114.560601799837,112.222194759799,112.270673455811,111.817700420295,110.981153665009,108.970436950544,108.550171635938,112.373637696927,112.398645087709,113.845240536271,113.742031217072,116.189616996832,117.891748820584,119.874449037292,120.251851779006,123.313415390024,125.421951305519,128.251830451648,132.141589877077,134.89083821708,132.93336296039,133.546999057879,134.803748554676,136.023445224115,135.248025854814,135.53127060842,136.258954476369,136.609240616122,137.310502922517,139.773447983115,139.301198329531,140.322214805448,139.314484564872,137.609487373202,136.171658851767,136.75602005158,138.308661918747,134.328944750204,134.760080102255,135.020319570693,134.712879708303,135.467328900286,134.352862615068,132.173557195735,130.961937889269,128.603694809424,NA,NA
NA,NA,152.53164482284,153.612520163734,152.422863045911,157.019203580919,159.341053863802,161.771899938224,164.929029882961,168.222027717645,168.314429005394,169.482386991539,170.52615483875,172.223083651859,172.295335309655,173.496042054062,175.256502039379,175.371679305605,174.547019662139,173.234907053375,174.530750040089,174.821440379088,174.367407221002,173.302315182488,172.40935067497,171.817440999456,168.386113485597,163.961862760949,160.07781901041,158.24330644583,155.863834783936,154.166759933235,152.255954577734,146.460423856821,140.423246132216,134.684461994225,133.048593213567,133.448799220005,120.711798759621,119.970696297036,117.542224706334,118.160638806038,112.800348083373,113.716325958414,110.649205425285,110.451921860832,109.872995403641,110.536485363871,114.213218082768,114.018044411259,117.205838979789,116.286869171767,114.977857644166,118.515369789328,118.598912944853,121.856624319655,126.767256096652,127.303173405732,127.301709193001,130.954864565425,132.531804986413,134.6277117485,134.467169164371,134.570409298452,136.425900061352,135.124202793117,135.554953118086,136.961136582543,138.003685218382,134.725691180508,136.77200713825,140.331164292382,139.962601376098,138.367032766345,137.92775907904,135.911245600489,137.616502121632,137.959319789649,136.576942797808,136.022357522116,134.805391183824,136.181062579494,135.637011297132,134.213263207278,133.071343951443,128.38323943604,126.394458784057,NA,NA
NA,NA,154.357216630673,152.266088234434,152.320646815564,157.726494048237,159.488507892876,159.523486785971,163.518702798028,166.276800253769,166.976279848019,168.230970759596,169.80846440316,171.289400227516,171.844961354932,172.412093755269,173.972355994897,173.986682108536,174.214859473893,173.945724405436,174.832518722293,175.616392098608,176.182417302321,174.563450565588,173.222342917879,171.764595338271,168.128821588371,162.472490912219,158.397790502961,158.9433394757,156.454745656728,154.951929341207,152.901697086805,148.467538509832,142.880147888773,136.038895518559,136.51618665462,133.456093006562,117.203845797039,118.263563189006,118.741732735146,117.411192565635,115.912283340947,114.625137867364,112.392375910456,112.225129046736,110.525408270975,111.546678193807,114.772027172295,115.693216564957,116.776673576151,116.216879789573,118.062247404602,117.346591581565,117.831332142963,121.726088295557,125.96176804476,127.691847547642,130.22791966414,132.993884030474,134.169880404593,134.333775547345,134.1372537258,135.400845368035,137.081860478185,137.232798274805,137.676106030227,137.848979398976,138.340578781945,136.284080349637,137.532737769921,139.368601350713,140.788180948682,139.697088340443,137.812918712908,137.561309160611,138.293621556742,137.837821719425,137.524123291981,135.830670926779,134.498205444333,135.325416798608,134.746170229335,135.307595917484,133.077261791855,126.478573273842,123.237988495979,NA,NA
NA,NA,156.677409612664,153.298173063284,154.586467249568,155.742454155135,159.001081140552,159.449108101835,161.817719660554,161.443175922776,165.010660375772,166.902647096876,167.474667739743,170.182895083437,169.90027047925,169.046234864978,171.022074848579,172.050791287246,173.400591199803,175.083599688953,174.329915042667,175.615636938766,175.381695925721,176.557155307435,173.561484436862,170.757098859273,167.754462999108,162.640845328543,159.17454109283,157.061219722538,155.492919839227,154.153331647828,152.495315139865,148.755135244787,145.585221601079,139.581366537631,135.890099765756,134.410060426202,118.75377286855,117.046523789933,119.417447902305,117.542016483167,116.535372352372,114.453615998109,113.565857696839,110.093213367043,112.242590677818,112.436184730259,113.737381780825,113.739694828408,115.350546080555,117.315047750606,116.852162848825,116.73711264543,119.816791362025,122.16126795035,125.223512800714,129.215423582463,132.561044896694,134.735104400584,133.49770169963,136.051149411024,137.240938999362,135.86786710498,136.164094928259,137.227051123555,136.684750101679,137.697062047564,137.163948415899,135.705253993699,136.191046672341,138.262936144187,138.525953725273,139.890706435864,140.162200500779,137.331485382441,137.947344992834,138.315405479907,137.299178753641,135.695879455257,135.742485184702,134.870461997263,133.617353453488,131.345713712053,130.519495620845,128.461725074764,122.741684104314,NA,NA
NA,NA,NA,156.080473788802,155.82706086786,156.317431053676,157.685703923409,161.325556282156,159.358835220664,161.875114969296,162.897435773681,165.20516377895,167.693614122903,166.298912349581,167.766228377593,165.852714855743,166.267137689611,170.231625274797,172.262529259754,172.058406160258,172.088844170928,172.348122317401,174.899389512956,175.718236421916,175.061069212265,171.375323800616,167.766672875598,163.961555700886,158.040283756077,159.9596861986,156.117909115611,154.069475211622,152.286251631132,148.468356145625,144.16093368922,140.654843686524,137.751222742887,133.375413555079,118.714525781837,118.73138126495,116.112506752357,115.214434670221,114.688584923994,114.19817502802,111.275293826846,111.837247163263,112.608561085162,113.812778299967,113.421037012899,113.9686868162,113.913675770671,117.111474841596,115.537769019502,118.782334003811,122.568272428063,124.725512952144,127.870168284074,130.400714141746,134.704689844495,133.218288720884,135.323651539894,137.714251365551,138.618871631532,138.164295616261,135.416483954021,135.536324005188,136.592659702966,138.763745658218,136.247002818613,136.449290896835,135.896644046998,135.910340993895,137.608605741435,139.076765196897,138.176416186947,136.691469908926,138.277925029644,138.612492841697,137.738787494648,136.489073540059,133.463807612585,133.69424777658,133.915861659249,128.712041787513,127.422082862867,125.374664138125,NA,NA,NA
NA,NA,NA,154.850123048256,155.659087363665,157.616637666964,156.398117550156,157.718408948484,158.788165221107,159.744672788434,160.922486094711,165.801861576049,167.834934258245,167.182479226637,165.680309712155,165.018977688668,164.707265213686,168.738186027639,168.890113428811,169.411707384006,169.876470581945,170.143755769027,171.240475238369,172.014235159561,173.19258320506,171.332934546612,169.946008466045,167.091365971065,162.357468151858,158.899945838919,157.137944149142,155.13372681705,153.855035143106,150.0084382747,146.181019673397,140.309162726003,135.525361370196,130.299363670805,118.590509367753,117.481148616645,115.293086069142,114.434586165425,115.459276010294,113.581191948423,112.869899492671,111.733458698981,112.587832336969,113.980795432635,113.425159590498,112.077129459821,114.261562960003,113.779391991795,118.482988998949,120.328265968733,124.00576948882,126.83148285638,130.612029447761,133.573708603478,135.099439728268,136.122497234251,136.762854971651,138.112390357811,137.577485156715,135.834908784569,136.076376376496,135.431766617177,136.917129792084,138.477851767194,137.230509544643,137.499940430515,135.177394148245,135.123433405813,134.575648338328,138.137601786644,138.376690792193,137.384154898651,137.680590553372,137.459916006093,136.849486678932,137.87279146338,133.961783273707,132.216859317825,130.514130880253,127.121622730124,127.354243681698,124.437904994866,NA,NA,NA
NA,NA,NA,NA,159.463796070051,159.33618586789,155.271274935088,157.15907331189,161.869576234168,160.76010106543,162.04359835433,163.346781911197,164.993786696776,164.214250438682,162.334300466899,162.473473876387,163.926740690492,164.781611861917,166.75498405009,167.194130218124,168.027104497494,168.451976644438,170.319874467453,168.663383844325,169.76841781569,170.251478788983,169.661510014174,164.659007750677,160.740421994855,158.503161491855,156.426152798951,155.91001337298,153.47760235651,150.955589657746,147.92447385771,139.690437056048,137.471810748818,130.469792379212,117.998399414235,116.402726897056,114.757723566943,115.307454130896,113.289847922644,112.865403887281,111.620499478008,113.185612804976,114.569687007429,114.235223313141,113.502501669881,113.035294788155,114.623095464677,114.66159463051,118.46751315223,121.288931672444,123.734043109683,128.208563795549,130.02137302162,132.543515199134,133.722031676081,135.305483946991,138.080915025858,137.941643513778,138.289064023968,137.090472616844,136.309781777903,137.222568230599,137.395801845955,137.503048677531,139.227574788696,136.125353302729,134.20198567985,136.337693579031,136.337004883449,136.030930676628,135.82180081273,135.786674072035,138.087639256056,137.647839946133,136.914425068103,136.472871130404,132.939127629401,132.299159618182,127.333594678575,126.441314408595,124.912926840784,NA,NA,NA,NA
NA,NA,NA,NA,158.825979858526,159.542958863984,159.101083028916,158.809280990868,159.018501896396,163.429916081538,164.659130354794,164.464155211173,164.464888798297,162.540982962744,159.902740472064,161.778246407463,162.678415241971,163.877722693749,164.686794780838,164.682617535398,164.198649599093,166.511778617347,167.347798809202,169.016330790504,168.365496803925,168.295305770018,168.36874486212,164.784746204556,161.848568209945,158.246455716285,158.288204957989,155.487131212636,154.077919239373,149.595690377571,148.451077187714,142.739287845219,137.720514723546,132.474598264032,117.890340880111,115.713345126122,114.275887898841,113.326099705758,112.085183216585,111.366227412041,113.089825624586,113.720743400061,115.672491750632,115.05178843397,112.779111017485,113.379825259245,112.593723913726,116.338556694507,116.999109848495,121.800521084444,125.380865900167,129.257530220633,130.805793370705,133.981468393194,135.152670796028,137.277150590417,138.126413484103,138.083629817689,136.169509529095,135.065604929906,135.751646895668,134.5314955446,134.68092859675,136.286903176029,137.029557989296,137.000266178828,133.018324479226,136.021335546345,135.437769279683,133.677228465877,135.347645612028,136.458314080258,136.668397784083,136.686923694097,135.933760450551,135.524412969028,132.71632941861,131.655804026639,128.097934371747,124.608735285732,123.441406632742,NA,NA,NA,NA
NA,NA,NA,NA,159.147470749726,159.237989198045,159.207997597821,160.118929078235,161.280356396927,164.053248179396,163.560018984833,163.89839152358,162.496015686478,161.267108435183,161.340156256779,160.322393343631,161.692989450548,161.829881396171,162.669480990822,161.631639311197,162.116068395532,164.11720706245,165.841586330465,167.983921244916,168.125270721756,168.607716051051,166.859323966417,165.092645774523,163.514732991067,162.650107201321,158.701019255338,157.040395509519,154.783341476746,150.678177538312,145.061915424039,142.563197019907,139.194305851592,134.507580671602,119.167856243448,117.57555760582,114.823659291361,112.293030093257,112.652759114787,112.43244358576,114.395859467514,114.446228411409,115.402137200042,115.095743644381,114.281912654913,112.828668272523,115.490893060598,117.355198074356,118.66242218785,124.709759701238,124.198958518523,130.610174191338,131.238988238498,134.789112588901,136.875968388027,135.964482927826,137.186294172987,136.053687124825,134.375738199436,134.243115259256,132.923057522511,132.741507191084,134.640625248345,136.881068934208,135.318469252394,137.380912266635,132.877316933202,134.072021179062,134.844263689711,132.612382929012,131.654097678277,134.477935507694,136.128837607381,135.92328710245,135.258277486951,135.479049413438,130.849513503126,126.074763408089,127.063323637788,124.50778538966,122.823201309712,NA,NA,NA,NA
NA,NA,NA,NA,NA,158.671914610231,158.104310069769,158.022764601451,160.158602282518,160.603880652583,164.013027269039,161.936577972023,163.162468498574,162.384441845852,162.355949295169,162.124683590664,163.103579512666,163.546491686757,162.359471702851,161.440734490049,161.78609949501,163.754790284741,165.26153580348,167.8049686136,165.612715644808,164.280542472806,164.870775367991,163.67089327792,162.449516843544,160.310143579389,158.195796299557,157.361024054739,154.016079666924,149.733023159768,147.10772679476,144.309458627898,140.003233078147,133.283628769523,118.946369627561,117.785611287119,114.508320817773,114.238112399474,115.126761021219,114.133520027549,115.024987784882,116.439577652101,115.041161350124,114.497865854527,116.740381761266,116.225343984494,117.872740818181,120.115888835079,122.740394881545,123.42734741297,127.176765931995,130.732617238896,131.535109650037,136.122352498244,137.505728225216,137.610485806283,136.667511745656,134.828917826299,132.536781703025,132.275637511567,134.221078233984,133.694762030671,132.674640586822,133.140418387519,136.440981655106,132.525393285821,132.171178484479,132.857083228567,133.580644831566,130.937598666924,132.4749892216,131.383302239667,134.927926727161,134.889278306074,133.204355872567,132.124737026876,129.430302070183,126.756904977609,126.854574066604,125.742705891689,NA,NA,NA,NA,NA
NA,NA,NA,NA,NA,155.811237675741,158.868067374108,159.841441764547,160.396748186676,159.748129619746,162.089195253049,162.18857694871,164.23756889345,162.527354084001,161.143795977849,161.741683959714,161.64506575555,163.896781769575,162.13989793875,162.714834209913,162.718762296892,161.939055411517,163.513323314925,162.761333708859,162.867924304404,161.70694502734,162.4752177132,160.757306411737,158.116245160246,157.155877440878,155.567102352137,153.722775870298,152.330530120875,151.571411380348,144.99861614968,142.524954367729,138.463562160872,130.983850573014,119.194241837026,116.99512626082,114.556808460778,114.967110458731,115.776303492626,117.777628769079,117.688533426556,114.770058245305,116.143217665218,116.904485155806,117.165982426324,119.307284038612,120.000100132239,123.531842959955,122.402709396498,127.109858515641,129.159029790403,132.817407278893,134.159175307857,136.510426353994,138.037288655113,139.308421527339,136.43888248504,132.357597449824,132.744963602025,130.705282676391,132.593847653055,133.245503178602,132.906446986053,134.13906296345,132.237957648298,133.069765238076,131.66022849099,133.078488389424,133.49753519983,131.648306139451,133.198728827778,131.656544871719,130.373191419788,133.359469622363,133.013832031636,130.890024934334,126.551433769199,127.23570392985,124.744116188454,123.260843484583,NA,NA,NA,NA,NA
NA,NA,NA,NA,NA,NA,157.671243406371,157.273098353808,157.536454473382,157.836047379109,160.670464057038,161.651342194832,163.787817373081,165.479934441013,163.042491709982,163.309611034369,163.682254165412,164.70109143077,164.416599490639,161.6634304664,163.192825905735,162.254480721036,161.818388142094,162.02727024049,162.960780134689,161.691352408914,161.349868477011,159.328519983357,156.951209428768,156.85730303234,155.206900139392,154.355808149653,153.772417779137,151.693406294469,146.898002847884,142.735014009096,136.348968995058,129.650268343233,122.177666049639,117.858348926265,116.054444313081,115.682863158703,117.532731022994,118.031009091593,118.242455778714,119.812439637952,117.021182858143,115.08566331332,116.574789505587,119.562825378253,123.750234524503,125.092708108419,125.913007438369,129.144362074953,130.954351310668,133.484659120824,134.621523887107,137.028329753655,137.762429590314,137.597330685487,135.037995148005,134.305075986707,130.472944280062,131.767171933414,130.799082500165,132.913027768563,133.184400129116,133.134515059262,132.672807953543,132.398595526751,130.209807015161,132.514322175373,132.969836649744,133.215860206524,132.484216168605,132.86082138431,133.054485324932,131.865160851274,131.840262756002,131.861580065514,128.642813487185,128.127839973195,124.127435517214,NA,NA,NA,NA,NA,NA
NA,NA,NA,NA,NA,NA,155.541254291695,154.699720773914,157.54443072126,157.721511496869,158.933969214004,163.062435369896,163.750815087914,166.617168383748,165.393489807394,164.923016745884,165.362814599007,166.701793675813,163.728522431743,164.775033018317,160.799195565645,162.415434096085,160.930085935694,162.597565609138,163.914407006646,163.68323606408,160.690880427021,158.51109198821,156.902561530278,154.943700224415,152.325748334722,151.034464283788,151.841776735838,150.060388648692,145.077237048923,141.305141626372,138.28182962765,130.003311479201,122.988029315976,121.231791846579,119.049797924703,116.770041266569,117.159224921846,118.153344193827,121.349924936726,121.88028104925,118.272051584307,117.630097233462,120.183010615754,121.510322410352,126.762534486672,126.808704475968,126.868505051899,128.923806266771,129.336881128615,132.903975349508,134.676019707426,136.29720283411,137.642689988661,133.831872971214,133.423686372716,131.083956689832,132.694986723159,128.540132700503,130.904081498036,134.118459165035,133.689500623996,133.020289597883,131.124363518872,133.349028686624,133.116422542696,132.064119792363,133.680306882047,132.730704058902,133.071860060525,134.144657838965,132.295637194379,132.050129475749,133.271854778646,129.696651143531,127.547135821998,128.944407964753,124.471619289723,NA,NA,NA,NA,NA,NA
NA,NA,NA,NA,NA,NA,NA,156.679177884892,157.984471202405,159.970641355117,161.446217491066,164.589601816236,165.190744760363,166.805545488545,167.221912852309,168.166058766191,166.289973889508,165.309190388279,168.28215399132,165.291279861881,162.899349574841,163.053804456233,162.664102866319,162.856967586051,160.847156793763,160.559162269006,160.090775006951,154.669247861166,154.964524432698,154.208132781459,152.024036136156,150.075369907198,149.808611281077,147.950202167574,145.056420325155,143.009063546028,138.889304629182,133.364807126613,124.576330483898,123.672789402345,120.545586232149,120.317048378797,120.418658111317,120.182263012841,119.487996217024,121.569792392415,120.183487410833,119.775224768021,123.279687388843,126.245048659825,127.539347969823,125.291860377114,124.686500957637,128.536195176992,130.087925803086,130.359475475451,134.628445787339,134.688733198034,134.349874714995,131.094371371522,130.760664369327,129.64518960681,129.262937382118,131.314744350109,133.282404866873,134.956246943644,133.25497272173,132.031696678739,132.006327740597,133.377169984761,133.983741984817,134.4003032021,133.962719266926,133.575113626381,133.652555869215,133.343891548805,131.230275602442,130.522201123984,132.3700643844,129.371866466519,126.718496770249,130.106718918674,NA,NA,NA,NA,NA,NA,NA
NA,NA,NA,NA,NA,NA,NA,NA,156.013155505834,158.854140716327,161.546471375966,163.500692484584,164.911575571243,165.132111984386,166.565723286887,166.707344927937,166.082756844437,167.531997641085,168.071829678435,167.097304589156,166.936056019584,166.219111054199,165.46209191262,165.335241854827,162.196617684945,160.271503156407,158.356763292148,156.534781124009,155.051340958688,152.159128630713,152.39116463326,153.447158301661,152.933308634077,149.243574165388,144.400525253641,144.033678777975,140.628297654837,133.031522931535,125.585797348788,124.876967341986,123.46759524266,121.972998056543,121.826791612712,120.074615880352,121.594854602709,122.155297382237,123.856921662562,124.897746611164,126.423684753529,125.695676694846,125.270994567543,122.62969119314,123.831699757182,126.44827364669,128.740448830211,130.525468488827,132.101008101628,133.503298396195,131.465522786984,130.57782354519,128.712198245685,129.627136528069,127.808627120469,131.111727530505,130.699135566192,132.399141574903,132.629901396725,132.076503256044,131.672953132216,133.593500468908,133.511049080835,133.408474138715,133.622276993483,132.458567493605,133.615628551156,132.213542156733,131.981552707246,131.949708378206,131.051888642693,128.032683948434,124.064689304262,NA,NA,NA,NA,NA,NA,NA,NA
NA,NA,NA,NA,NA,NA,NA,NA,157.615696162105,159.648064907294,163.091724246773,163.686696474118,164.096799483598,164.47762191975,163.932414260195,164.43380282706,167.334040729475,166.525571874387,167.218774886817,166.72258005498,166.637083553822,166.295435800178,165.450790944018,164.250027836463,164.03837686955,160.97577168239,157.971330017586,157.478223541765,154.447376405929,152.656691398276,154.276519766765,153.423239013399,151.743787435756,147.564055254726,146.418476169072,145.223570515136,142.659963425746,131.78156647898,127.121753754967,127.682110002586,127.437821692639,124.523141778116,123.586328679426,122.424230394695,123.280532139513,124.386859991862,126.613478708812,126.532911409833,127.60942899089,123.99754309483,122.903415134144,124.040688011122,124.172210112745,125.252575228233,124.931577832836,127.211918216635,127.703532343066,131.895984923316,129.591449587865,129.332835818659,128.149365205101,131.972325885377,130.620114049631,130.480032575638,131.760095989937,133.191829204595,133.093832871174,129.843791246229,129.693458562468,130.616366668999,132.674338464604,131.465966373551,133.099555514517,133.526987654243,131.379338723358,131.28873370171,131.243742464928,129.713503608941,124.803422696858,125.000779647628,123.624242479135,NA,NA,NA,NA,NA,NA,NA,NA
NA,NA,NA,NA,NA,NA,NA,NA,NA,159.028140820525,163.621030105609,164.371197986533,164.335764654704,164.610598185958,163.644977713931,164.170730098909,167.447725565971,167.877011734877,166.937367704698,167.335309606508,167.222841065874,164.763221093515,162.364524464369,161.887548469613,162.775816958247,158.896078204156,156.70636986071,155.285720857483,151.793979644869,149.764181260578,149.51711194802,150.413265758037,147.095863764789,146.67554169503,146.400124490486,144.468266253041,141.050738272199,134.099724577438,128.796804883149,128.955383614833,127.360554825402,125.724942808229,124.782196924738,125.151971625543,124.619306402686,126.425514773409,125.523060995691,126.76449298178,124.31606253967,124.410663512327,124.062386626605,123.406730215576,123.295549151498,123.756809232347,122.920831122628,126.088152074758,130.230263850633,129.837310484701,128.421035208358,128.670233012782,128.29698031293,128.528001443876,130.643243398482,134.143542018946,132.740020029312,131.641343623621,132.956769348018,129.566866473915,127.285018177061,128.965435319771,131.937943759341,134.686954185133,130.2226448373,130.519234984989,129.098645486356,130.612951064136,130.037177164612,126.218279008067,124.237434010666,122.894979503655,NA,NA,NA,NA,NA,NA,NA,NA,NA
NA,NA,NA,NA,NA,NA,NA,NA,NA,NA,162.607083631307,164.381803474779,162.957444627789,163.762387142891,162.083902379346,164.271106854906,167.379497788242,167.951843266145,167.711722342579,167.073225818163,166.515600283618,164.051190139878,163.477190822787,162.343818615676,161.124264936932,155.66126843106,153.3458357613,152.491349374638,151.002861588325,146.610647314626,148.035004457308,147.096962322285,145.776911423282,146.453656259579,145.13596581563,146.127398323756,143.096901493579,133.747267093894,132.56215321271,130.163158812453,130.476478884254,128.974143063666,127.183854719261,126.117867822088,125.334322866386,126.043978363522,126.47555403166,126.228888561778,125.394624453659,124.211811703537,123.18777514415,123.247762580272,119.336812655145,121.35511669752,123.664595254122,126.233555781474,126.98925203434,129.449051296906,128.521049200896,128.034466378977,128.763273343892,131.28218051252,133.155704602276,134.014321616545,132.27189268002,132.302493761721,130.433675397277,129.069938582261,128.167283036764,129.023315083907,131.79275002116,131.277929567153,129.52776065523,129.29530874156,130.439361041604,129.48911857017,128.430969737317,125.80262323963,121.713535846321,NA,NA,NA,NA,NA,NA,NA,NA,NA,NA
NA,NA,NA,NA,NA,NA,NA,NA,NA,NA,NA,161.664918102387,162.55436300176,162.505561112149,163.334520068376,163.814957221421,165.328186630857,166.074667012517,163.881828086599,165.093964231054,164.00906836311,162.197792164586,161.99279344058,161.380930947099,157.583191719393,154.158629239847,151.690267956571,149.50392696194,148.643597681562,147.53880369983,145.537676269805,144.326784029656,144.148725315869,145.988491659188,144.726289224796,143.379585270259,140.373692455569,134.578396958543,132.040972617286,132.005760377079,132.447686045898,130.621365166835,128.448222493339,127.22261242973,125.584914328448,128.207709403453,127.220241310264,127.456829366529,126.782024711741,124.439334041282,121.812543164811,120.334619267935,121.166893093167,119.825693476836,122.918242313619,125.816810922901,127.035525636839,130.594263610469,128.321422055274,128.966196814942,128.953842336763,130.282404551339,132.027418731333,132.734671516024,133.724106646635,133.023909354552,130.639874111322,128.271397956466,128.671169298687,131.653615148155,131.34401243367,131.975957178518,128.404093571572,127.908624703794,127.774037407288,128.67785709801,129.149433562916,125.156222740029,NA,NA,NA,NA,NA,NA,NA,NA,NA,NA,NA
NA,NA,NA,NA,NA,NA,NA,NA,NA,NA,NA,160.814417956884,162.080595920253,162.319442273359,162.117629702213,166.272176000664,164.935837789595,161.963321396788,159.358192405151,160.49411434116,159.68397857919,160.665978118259,159.925474411681,158.084348811084,155.3768979747,151.788526618869,148.083465078714,149.658251597435,148.299573827454,146.402020661261,145.63721227522,144.211117371587,143.388244934963,144.047971102149,144.588306500818,144.212966101381,144.464269185526,135.551508038604,134.823553705818,131.982488310716,132.012687891554,130.493084333451,130.188724105924,129.388719687739,127.441849654261,127.677000426736,127.419693828622,126.785587278609,125.46907794317,125.364658216956,121.826973977917,119.338464074513,116.914658038609,120.570267259194,124.861809182682,127.038414348234,128.529863583719,131.195531526825,128.180135631049,128.595050023766,129.762506771792,129.773421542593,130.853261839098,132.652891813812,133.131162480309,131.256539974738,131.301759887259,129.687419265044,127.955538196751,129.73125397393,130.160202598349,128.267842412658,127.103414123306,124.328702925587,124.649534318868,124.499855946709,125.355354792889,120.515450201991,NA,NA,NA,NA,NA,NA,NA,NA,NA,NA,NA
NA,NA,NA,NA,NA,NA,NA,NA,NA,NA,NA,NA,158.054411769154,161.336047213252,161.858184977017,161.955518124733,162.834940460916,160.687794850417,161.052181760537,162.045018488407,159.731438549607,157.311950932579,156.039464027932,153.151715518669,151.975599644777,151.365887584894,149.866012354557,148.650128316407,147.714277493608,147.499674479005,148.324848411614,144.39907717893,145.836366385518,144.466075912991,145.091064056223,147.021455475054,144.138764031732,141.609987206024,134.660148970697,133.257700883374,132.10345207971,132.383550689102,131.965809790341,132.43227343394,130.190610587423,128.805360652109,128.708800705928,128.058630210666,124.432962328415,122.391549611572,120.912447602399,117.165422122447,120.109257060426,123.927398608901,128.801903458107,130.394693902824,130.943658533474,131.38647598089,128.902112508333,128.385563260553,131.014726687437,130.374884151088,130.794022483945,131.087041719962,131.853008048615,129.881886190032,130.036637154615,128.889493616557,126.726259883599,127.596807776741,127.506245058822,125.008908076038,123.34954991623,123.079564247566,121.792691861826,123.301121620958,119.808656871446,NA,NA,NA,NA,NA,NA,NA,NA,NA,NA,NA,NA
NA,NA,NA,NA,NA,NA,NA,NA,NA,NA,NA,NA,NA,159.720928498394,157.968859058324,157.448367256912,157.65373825184,157.476942497474,159.972998789285,159.397371029425,157.915846586411,157.068949645042,154.849981420189,152.716008920696,151.760255459678,149.634761866015,150.736894278705,152.8233863482,149.016559913556,148.172060948368,148.179592224602,149.5080843744,146.454080542698,148.660028157488,148.054615914773,149.030598769271,145.108141471356,141.671167918969,137.698306609067,134.962674023373,133.659305973287,132.940733295841,132.993504824401,132.305824858375,131.346532270271,128.861223869356,128.724228427295,128.107012257546,126.732493149435,124.608677657193,123.045916789815,120.914842366808,125.140731039713,128.485661376818,129.630676285258,131.845354759491,131.88004381956,130.628222003376,129.683584212323,129.582394644798,130.517499734917,129.273225989862,129.47567901182,131.378221809231,129.99106214655,131.143754664518,129.56038648441,128.715309319701,126.416149818738,126.235862406485,124.676415603813,122.617114760704,124.064097547972,122.2850869406,120.915239307855,118.401455108666,NA,NA,NA,NA,NA,NA,NA,NA,NA,NA,NA,NA,NA
NA,NA,NA,NA,NA,NA,NA,NA,NA,NA,NA,NA,NA,NA,156.49241801688,154.85856792698,156.710107291075,156.795003214378,158.662066571603,158.136710422615,158.782485391656,158.421167664784,153.471384422005,152.832165857437,153.445959470418,153.882519333573,153.118815771433,153.291645945253,152.087653963904,151.938828725102,150.692683440302,150.820002861577,150.828585085631,150.441212067431,150.438560846977,149.279128035613,145.158563668889,142.260898152785,139.295613799353,135.698803477023,135.05796385429,135.918200281309,135.370555326785,136.579297062716,133.495027482261,131.771120877143,130.613039179047,129.184950476343,127.773061669341,125.981030347932,125.513384546578,125.426512360773,126.602485187331,130.648110961518,130.621784506876,129.784260587549,130.425829929306,128.994789036175,128.75349624708,129.365652526817,131.342795253304,130.046017472941,130.19190214617,130.297258660854,130.564422784025,129.923980878091,129.170307280643,127.996595986443,124.700751788114,121.665352231282,122.937576853622,121.816178546777,120.876219998721,121.894385770776,120.825565945313,NA,NA,NA,NA,NA,NA,NA,NA,NA,NA,NA,NA,NA,NA
NA,NA,NA,NA,NA,NA,NA,NA,NA,NA,NA,NA,NA,NA,NA,154.098633957573,154.406243718977,155.360356530192,156.30632935476,156.44489778414,155.361071851207,154.568523928749,155.788801664178,155.296464465411,153.543366548932,153.597223738111,153.777853282222,152.570315241223,152.811318351379,153.293293271831,153.015479226215,153.127818416901,150.824582795859,152.712510977516,152.390956733355,153.122207865035,149.081172896537,143.361434591071,138.902385042612,136.156527945597,134.777367711476,136.005225144439,134.860605863952,135.997458074365,132.773997899505,131.480095056606,130.18189323842,128.578719363877,127.451814832195,125.08167839745,126.973369988002,127.05301683841,128.065214071909,129.326669610549,129.434237322252,129.696541912962,128.576033364444,127.660195492764,129.140345485608,129.047351678471,130.869472061523,129.660976482785,130.38883291973,127.833532737807,129.699729383684,128.282387500069,127.712634953497,125.622982976984,122.075329326021,121.258451410021,121.866528458209,122.528731736222,123.382413031756,120.894740750176,NA,NA,NA,NA,NA,NA,NA,NA,NA,NA,NA,NA,NA,NA,NA
NA,NA,NA,NA,NA,NA,NA,NA,NA,NA,NA,NA,NA,NA,NA,NA,NA,150.231898548391,151.142837209355,151.929571728073,153.790768875443,152.189988397603,153.301308302626,153.013500905299,154.724930835351,153.865922996428,154.773506060956,156.752923835935,155.404001580885,154.804383092101,155.193599143377,154.367758588433,153.031747261329,152.573959878059,154.449195627627,152.968367189075,149.531681182955,144.158921046858,141.72942083767,137.748289964788,136.941364024613,135.74697266026,136.677786010593,136.908850097243,137.428357467204,132.454993892333,132.495485827233,128.535007086612,128.133287483875,126.428949366318,126.0286259308,126.488853318115,129.726445253619,127.944719996532,126.671655708462,128.270021292938,127.932329863417,126.968115462421,128.088620718471,129.053325627908,130.619399739828,128.654414565793,129.123453574034,128.401870840734,126.276887653108,123.742351844691,124.352257791176,123.750460909103,119.92664207057,119.510849069142,122.097439721463,121.145248479995,NA,NA,NA,NA,NA,NA,NA,NA,NA,NA,NA,NA,NA,NA,NA,NA,NA
NA,NA,NA,NA,NA,NA,NA,NA,NA,NA,NA,NA,NA,NA,NA,NA,NA,NA,147.749834986099,149.593393185451,151.125025296161,151.134063327779,153.405982912515,152.351001529399,153.368880887946,155.382564409569,155.784126347984,155.120433808931,154.848224640934,153.551591872587,155.708766747253,154.490625668758,153.459086597288,154.562533949545,152.75593080989,152.420550902272,148.559604881857,144.39438237132,139.682446928332,139.042546848112,137.427473754867,138.352584833268,137.991576663076,137.642864850474,136.031598589497,135.958693141783,132.253846366958,128.793237015953,127.861975328276,126.942416827402,126.523330898719,125.865010415234,126.164899914476,126.509462996375,125.203845385572,125.456663319496,126.522941449805,128.352649244081,128.630479912761,129.998118476534,128.193229112586,128.068753040288,127.243228876257,126.973810781336,124.590130753409,123.018501205627,120.943117902714,120.348065623281,118.415673413157,118.554215398864,120.221544349199,NA,NA,NA,NA,NA,NA,NA,NA,NA,NA,NA,NA,NA,NA,NA,NA,NA,NA
NA,NA,NA,NA,NA,NA,NA,NA,NA,NA,NA,NA,NA,NA,NA,NA,NA,NA,NA,146.612187048057,146.654095413318,150.468165281482,153.004830211975,154.075445721174,154.875850216314,154.245968437495,154.234545749204,153.989988562425,154.744729876484,154.390226515452,152.925676306995,151.775588154323,151.561608445953,153.072859695375,149.901499749869,151.218342368075,145.912814741536,144.144941439073,139.950332860387,137.774853392312,138.410786854109,138.894959326336,138.456320679276,138.125797382996,135.6948709353,137.036187978682,133.29646247354,128.79952618989,128.428053684416,126.170939022398,124.304687161246,126.175834949509,128.253850032541,127.227652978993,125.763674272721,124.105902772879,125.502809129785,126.685791859044,126.847251715092,127.514497070645,127.810903199667,127.284464755778,125.805360525234,124.623192131987,121.843510130854,119.742501852383,119.094138042067,119.051274486561,117.995120617196,118.634857511247,NA,NA,NA,NA,NA,NA,NA,NA,NA,NA,NA,NA,NA,NA,NA,NA,NA,NA,NA
NA,NA,NA,NA,NA,NA,NA,NA,NA,NA,NA,NA,NA,NA,NA,NA,NA,NA,NA,NA,NA,147.98884340055,151.908813264452,153.355640689011,154.694076511997,155.292637906342,155.145388041764,155.872901460933,155.875928360498,153.684231966424,151.39360680802,151.592356208468,151.674912806188,149.48495837366,149.600300915875,151.53465583676,144.583061786544,145.318876350887,139.351935458685,138.277076837181,139.319115831751,138.841638848886,136.445990581083,136.216247435623,135.969139777879,136.982637596262,131.922738797228,130.068556986993,128.288507560798,126.111676602651,125.387244426208,124.747363710893,126.591716759422,127.104589975609,125.130479753916,123.74572441058,124.966862569449,125.018974143574,126.252216246898,125.767289221375,125.98105950248,126.4617452176,124.092902966408,121.950972234474,120.906289286679,118.954755167184,117.580567592096,117.48491171807,NA,NA,NA,NA,NA,NA,NA,NA,NA,NA,NA,NA,NA,NA,NA,NA,NA,NA,NA,NA,NA
NA,NA,NA,NA,NA,NA,NA,NA,NA,NA,NA,NA,NA,NA,NA,NA,NA,NA,NA,NA,NA,NA,148.335621895349,149.14795665094,150.043486179837,153.156532531277,152.670086169001,154.133042330713,152.287505395631,151.98007271678,151.043766136237,150.903359631006,149.991044577041,148.968469571475,147.530963786688,147.952139576879,148.139055434098,143.238776896656,139.523437948312,136.505318300844,136.956458583627,135.868818580287,135.024170867352,136.536568581413,139.166412506897,135.543056123338,133.02304337037,130.33700155236,128.687479627811,129.565815329069,125.485506611309,126.132754095761,122.335538377582,124.717299749104,124.752940962434,123.904190070211,123.669490866695,126.587511547679,125.00935285401,124.991029092252,122.983245558416,122.350034629587,122.768246127156,119.949178648567,119.003834473957,117.732571551826,117.847159662099,NA,NA,NA,NA,NA,NA,NA,NA,NA,NA,NA,NA,NA,NA,NA,NA,NA,NA,NA,NA,NA,NA
NA,NA,NA,NA,NA,NA,NA,NA,NA,NA,NA,NA,NA,NA,NA,NA,NA,NA,NA,NA,NA,NA,NA,NA,147.418054913607,148.028601064555,148.254561455521,148.051114117462,149.584653582899,147.796486611657,145.728380000462,145.809923972845,146.717521472235,148.007807860933,149.764150621581,147.761979655345,145.548911903147,138.231017470802,135.116463173523,135.008064739717,133.858886936645,134.521847160401,133.956134707375,136.811907627265,135.36468399574,135.212516311519,130.673438043022,129.138148321634,128.826752134441,127.471590984938,127.425735938488,125.400542730388,124.554724655546,124.498741706285,123.335593991899,122.542377466464,122.27613986951,123.794040487322,124.778451496491,125.608845126983,121.44567971362,120.782504588311,119.921346853312,118.326719928293,117.029609071574,NA,NA,NA,NA,NA,NA,NA,NA,NA,NA,NA,NA,NA,NA,NA,NA,NA,NA,NA,NA,NA,NA,NA,NA
NA,NA,NA,NA,NA,NA,NA,NA,NA,NA,NA,NA,NA,NA,NA,NA,NA,NA,NA,NA,NA,NA,NA,NA,NA,NA,145.074131495129,145.91756785966,146.164419348233,146.580217388911,144.077446772515,144.785823824665,144.82653420368,144.576291990748,142.493518992128,145.417081462248,141.300954237478,137.521819269098,134.47661521399,133.309509831209,131.444380373819,132.417848521469,133.276176276459,133.652142721661,132.852082211444,131.755908711646,126.78606757163,125.188282695301,123.63113573387,125.927599581686,126.949525870775,123.82815920424,121.755108970195,121.732232301455,120.612541497394,122.122913838566,122.75468927444,124.820600760683,122.624661561733,122.259417811875,121.07093009512,119.734209649345,117.686934807516,NA,NA,NA,NA,NA,NA,NA,NA,NA,NA,NA,NA,NA,NA,NA,NA,NA,NA,NA,NA,NA,NA,NA,NA,NA,NA
NA,NA,NA,NA,NA,NA,NA,NA,NA,NA,NA,NA,NA,NA,NA,NA,NA,NA,NA,NA,NA,NA,NA,NA,NA,NA,NA,NA,NA,143.630361590232,143.985749933301,142.36699949397,142.45080823036,142.926895881882,142.047260088731,140.329401334436,137.31961819162,132.577611693599,129.614720732994,129.960073642583,127.458680440903,128.401570382294,129.479181617976,128.839804102658,126.960352019088,129.317838385798,123.599066038779,123.636060125186,122.284669895519,121.893218842241,121.354432517363,119.601098815239,119.790083482168,119.424984213789,118.819142720388,120.571422066325,121.441884681945,122.806163081959,121.531492487991,119.980613414947,NA,NA,NA,NA,NA,NA,NA,NA,NA,NA,NA,NA,NA,NA,NA,NA,NA,NA,NA,NA,NA,NA,NA,NA,NA,NA,NA,NA,NA
NA,NA,NA,NA,NA,NA,NA,NA,NA,NA,NA,NA,NA,NA,NA,NA,NA,NA,NA,NA,NA,NA,NA,NA,NA,NA,NA,NA,NA,NA,NA,141.319182431754,142.551272006314,137.114281931728,137.027458187863,135.231650812432,131.016302113105,127.050439032108,126.481337587157,125.750658412542,125.36405876288,127.246115499055,127.568707559279,124.46672114209,124.654559921345,125.263323338952,122.764563704541,118.549520499233,118.649755135419,116.735011258051,116.875835044231,118.136340510185,120.102015419952,119.361664447035,119.121381436654,119.144134398362,119.583352556797,120.17298826035,NA,NA,NA,NA,NA,NA,NA,NA,NA,NA,NA,NA,NA,NA,NA,NA,NA,NA,NA,NA,NA,NA,NA,NA,NA,NA,NA,NA,NA,NA,NA
NA,NA,NA,NA,NA,NA,NA,NA,NA,NA,NA,NA,NA,NA,NA,NA,NA,NA,NA,NA,NA,NA,NA,NA,NA,NA,NA,NA,NA,NA,NA,NA,NA,NA,NA,131.403948940213,126.687587807344,123.316188999349,124.611725776577,123.367602828477,123.712117722103,124.686615282425,124.683124065321,124.48115267984,126.222895297303,124.538893972212,118.758873169877,116.129042262964,113.104518729728,115.005288218754,114.103627635731,114.176370423038,114.294056284851,118.258737891084,NA,NA,NA,NA,NA,NA,NA,NA,NA,NA,NA,NA,NA,NA,NA,NA,NA,NA,NA,NA,NA,NA,NA,NA,NA,NA,NA,NA,NA,NA,NA,NA,NA,NA,NA
NA,NA,NA,NA,NA,NA,NA,NA,NA,NA,NA,NA,NA,NA,NA,NA,NA,NA,NA,NA,NA,NA,NA,NA,NA,NA,NA,NA,NA,NA,NA,NA,NA,NA,NA,NA,NA,NA,NA,NA,NA,NA,NA,NA,123.343411969029,NA,NA,NA,NA,NA,NA,NA,NA,NA,NA,NA,NA,NA,NA,NA,NA,NA,NA,NA,NA,NA,NA,NA,NA,NA,NA,NA,NA,NA,NA,NA,NA,NA,NA,NA,NA,NA,NA,NA,NA,NA,NA,NA,NA
