"V1","V2","V3","V4","V5","V6","V7","V8","V9","V10","V11","V12","V13","V14","V15","V16","V17","V18","V19","V20","V21","V22","V23","V24","V25","V26","V27","V28","V29","V30","V31","V32","V33","V34","V35","V36","V37","V38","V39","V40","V41","V42","V43","V44","V45","V46","V47","V48","V49","V50","V51","V52","V53","V54","V55","V56","V57","V58","V59","V60","V61","V62","V63","V64","V65","V66","V67","V68","V69","V70","V71","V72","V73","V74","V75","V76","V77","V78","V79","V80","V81","V82","V83","V84","V85","V86","V87","V88","V89"
NA,NA,NA,NA,NA,NA,NA,NA,NA,NA,NA,NA,NA,NA,NA,NA,NA,NA,NA,NA,NA,NA,NA,NA,NA,NA,NA,NA,NA,NA,NA,NA,NA,NA,NA,NA,NA,NA,NA,NA,NA,NA,NA,NA,569.894299977382,NA,NA,NA,NA,NA,NA,NA,NA,NA,NA,NA,NA,NA,NA,NA,NA,NA,NA,NA,NA,NA,NA,NA,NA,NA,NA,NA,NA,NA,NA,NA,NA,NA,NA,NA,NA,NA,NA,NA,NA,NA,NA,NA,NA
NA,NA,NA,NA,NA,NA,NA,NA,NA,NA,NA,NA,NA,NA,NA,NA,NA,NA,NA,NA,NA,NA,NA,NA,NA,NA,NA,NA,NA,NA,NA,NA,NA,NA,NA,667.012785945642,674.275237555895,682.367203197809,660.480408142172,660.229934664117,673.040755825221,666.912512873701,645.174395028197,640.430234003835,617.947505401021,618.440559040618,600.883130893421,610.186319545078,617.224996793133,570.864598480492,571.182982939793,552.168669712542,548.848218627104,505.531750017255,NA,NA,NA,NA,NA,NA,NA,NA,NA,NA,NA,NA,NA,NA,NA,NA,NA,NA,NA,NA,NA,NA,NA,NA,NA,NA,NA,NA,NA,NA,NA,NA,NA,NA,NA
NA,NA,NA,NA,NA,NA,NA,NA,NA,NA,NA,NA,NA,NA,NA,NA,NA,NA,NA,NA,NA,NA,NA,NA,NA,NA,NA,NA,NA,NA,NA,617.2570600159,624.899677935468,654.071678167625,685.815071593172,707.068026321921,705.733211049243,711.062142354175,707.106781186548,694.62219947249,659.029729727417,674.275237555895,690.125393455326,666.918429143187,673.145600891813,660.14279665784,634.854961776819,632.455532033676,625.721412317432,617.454451761423,594.243216200236,550.567888638631,536.7508963413,539.515566090153,561.637250266687,548.762087893967,529.4193493384,535.023363975817,NA,NA,NA,NA,NA,NA,NA,NA,NA,NA,NA,NA,NA,NA,NA,NA,NA,NA,NA,NA,NA,NA,NA,NA,NA,NA,NA,NA,NA,NA,NA
NA,NA,NA,NA,NA,NA,NA,NA,NA,NA,NA,NA,NA,NA,NA,NA,NA,NA,NA,NA,NA,NA,NA,NA,NA,NA,NA,NA,NA,588.229370621156,609.276372811293,636.278611907034,654.252807017749,715.697993578096,713.409305649693,726.722092687432,730.06829330956,756.61663565534,741.877188970356,707.106781186548,687.141613827057,687.726679448684,703.692878073449,697.316284049068,707.973359004607,673.145600891813,694.552745319784,672.86471373811,664.059349188756,654.31261641512,623.673772276793,593.896863510193,574.904574573495,554.15242545402,550.560790030648,561.805126356106,575.543221661067,552.268050859363,534.832169320003,506.211418282915,NA,NA,NA,NA,NA,NA,NA,NA,NA,NA,NA,NA,NA,NA,NA,NA,NA,NA,NA,NA,NA,NA,NA,NA,NA,NA,NA,NA,NA
NA,NA,NA,NA,NA,NA,NA,NA,NA,NA,NA,NA,NA,NA,NA,NA,NA,NA,NA,NA,NA,NA,NA,NA,NA,NA,534.336236354027,556.891397328692,589.921418799958,604.669331122391,664.160323437893,675.433839262646,707.106781186548,751.291417579322,767.642682934249,750.81159922284,768.150113405955,797.126767219022,784.956120123368,776.611228350453,746.234820277255,740.056730954503,715.891053163818,721.543484483091,729.895466053484,740.087734110111,735.192020097175,693.010075767959,687.646642130552,681.808496595919,676.756725592988,637.116135154487,608.200913405338,570.710109637782,579.273551400081,588.256491114082,604.565613031162,577.16981903076,561.805126356106,555.090082779363,554.588414809274,520.21630116712,505.593710403917,NA,NA,NA,NA,NA,NA,NA,NA,NA,NA,NA,NA,NA,NA,NA,NA,NA,NA,NA,NA,NA,NA,NA,NA,NA,NA
NA,NA,NA,NA,NA,NA,NA,NA,NA,NA,NA,NA,NA,NA,NA,NA,NA,NA,NA,NA,NA,NA,NA,NA,550.560702120739,566.789202437732,585.715279463085,583.469350059796,630.822186376043,691.465834296967,700.446286306095,720.950625467731,749.952978068737,828.719575532919,800.892679718853,806.659537730165,790.420623199137,816.116190727777,809.706737035082,802.051525223936,785.015923405379,761.546510728913,763.216876123687,779.925451073821,756.109571200138,767.041175904453,743.303437365925,759.069201059074,704.006392016436,711.512473537885,723.179133937877,700.345614494923,682.825014187383,659.923971579658,644.32053636111,648.556088553642,628.831180961466,626.767399998349,630.934284266061,625,629.643184173452,605.18592184551,569.810944595203,566.789202437732,552.168669712542,NA,NA,NA,NA,NA,NA,NA,NA,NA,NA,NA,NA,NA,NA,NA,NA,NA,NA,NA,NA,NA,NA,NA,NA
NA,NA,NA,NA,NA,NA,NA,NA,NA,NA,NA,NA,NA,NA,NA,NA,NA,NA,NA,NA,NA,NA,555.090082779363,565.310302935043,566.720115092636,604.636961095107,620.96191495294,645.035117168434,637.377439199098,704.006392016436,745.821694508815,778.818097970559,784.502558569258,851.46931829632,831.038506929733,848.207793373284,853.201457775784,855.241547643648,822.054535664524,866.205068591018,832.68501696578,783.939308789112,838.38951376617,854.776774782197,854.762949996209,831.038506929733,794.413853751999,782.887354073363,765.138466333441,740.851712806011,749.450274723201,750.416550990182,725,702.167401460015,695.026921034648,682.107598044636,679.153885360306,659.034219804935,651.872234507258,630.971473206198,610.327780786685,643.061840367125,624.371596020074,631.836461802068,612.767376592145,612.882533606563,612.271223136324,NA,NA,NA,NA,NA,NA,NA,NA,NA,NA,NA,NA,NA,NA,NA,NA,NA,NA,NA,NA,NA,NA
NA,NA,NA,NA,NA,NA,NA,NA,NA,NA,NA,NA,NA,NA,NA,NA,NA,NA,NA,NA,NA,595.971575728499,586.652147377337,576.336187878792,617.128715547624,678.675511704354,662.754693560508,672.541252375001,724.256036286297,747.584196997947,745.821694508815,800.390529679106,861.646909663216,854.290365168459,860.232526704263,850.339291300696,874.529906946011,853.219848086455,897.735861891588,925.295484535627,930.356090934087,869.509160445553,866.601600888691,853.229037276074,845.807230782285,850.179189197564,838.179435765328,806.196683194239,762.10948200862,765.138491326613,750.416550990182,750.411344102804,725.447665376553,726.098626429769,710.55068107558,695.071938722892,686.385223469801,661.892391317905,676.074639570204,681.855775986456,701.40076909357,667.083203206317,648.746241535152,642.304306443894,640.294101158482,648.410886505029,618.964606703068,575.543221661067,NA,NA,NA,NA,NA,NA,NA,NA,NA,NA,NA,NA,NA,NA,NA,NA,NA,NA,NA,NA,NA
NA,NA,NA,NA,NA,NA,NA,NA,NA,NA,NA,NA,NA,NA,NA,NA,NA,NA,NA,601.040764008565,618.088560997358,643.061840367125,648.879728709615,648.586092385329,676.803022063516,691.181026575462,706.940268814536,752.038850403707,758.372541021175,760.11789586528,763.353351932847,840.014880820572,864.28923960627,870.604814683515,854.975688161682,876.427407147905,885.0737338316,901.253040201232,890.224690738243,933.407735129724,912.414379544733,906.96997370404,876.381023628583,843.319269996987,863.195139866972,848.808740557066,867.701338993813,850.321581830725,840.209360997155,813.921824018974,796.855036745988,775.196521469726,739.841003690451,728.868986855663,716.321984270584,704.133716603546,686.476510887299,694.315824565623,671.321058971148,735.186858490702,719.883959680674,729.277039460446,675.462804305315,674.976820011148,661.351849883873,648.474260662852,626.996810199223,634.430954711669,568.397226117252,553.327822982195,NA,NA,NA,NA,NA,NA,NA,NA,NA,NA,NA,NA,NA,NA,NA,NA,NA,NA,NA
NA,NA,NA,NA,NA,NA,NA,NA,NA,NA,NA,NA,NA,NA,NA,NA,NA,NA,604.263350714256,654.31261641512,656.112737497833,659.01638124896,656.91594110334,691.403467754346,697.220526888538,727.598526043298,752.702745251356,769.901070693713,766.636687884203,784.511848496218,806.196683194239,832.052884329854,875.695860984604,855.040012561153,876.994540853375,933.380763724565,928.319542769258,924.918988772231,917.354239958331,925.309281272898,908.30125720004,887.667031009609,878.468479778746,862.046982478333,889.139786724621,883.413547797407,891.762133392737,877.816837137672,853.118503481066,849.563532256683,813.941029804985,797.942975968114,775.271695190389,734.270708545748,745.642760524462,735.686326228471,728.868986855663,726.451316699341,716.316529446448,747.023247916168,760.034454561456,769.652851561286,728.84215067856,704.006392016436,672.681202353686,658.974697430421,661.576264088935,654.143712221166,626.84656787971,596.308117315379,569.984180222151,NA,NA,NA,NA,NA,NA,NA,NA,NA,NA,NA,NA,NA,NA,NA,NA,NA,NA
NA,NA,NA,NA,NA,NA,NA,NA,NA,NA,NA,NA,NA,NA,NA,NA,NA,612.431152577922,657.335498726543,672.98743388918,675.404874219977,687.84082460988,707.554260799719,728.868986855663,726.451316699341,752.080447824566,760.513474993279,770.146090037468,769.901070693713,782.910448738569,813.941029804985,851.25615136029,855.862138431184,870.26870511166,874.607026116841,929.803261565328,924.813435049081,933.231300893542,924.920309068668,928.035559663529,932.85289319779,905.933416594101,872.084296760119,872.910642197715,902.975998142221,909.919103956553,921.076220183819,883.732586417235,866.285992311352,877.79449288553,854.234344974996,827.99858801468,826.597870445799,781.19366240863,756.502353967995,756.471365083051,764.852927038918,789.32808585751,762.781996583316,759.792712205387,752.080447824566,761.458295660654,745.821694508815,704.450140180269,678.421119399124,659.105331495297,664.266512779321,664.083194451321,634.688170537874,614.765471044489,593.990895670657,571.182982939793,NA,NA,NA,NA,NA,NA,NA,NA,NA,NA,NA,NA,NA,NA,NA,NA,NA
NA,NA,NA,NA,NA,NA,NA,NA,NA,NA,NA,NA,NA,NA,NA,603.7253493007,617.947505401021,651.872234507258,687.473444016929,686.385223469801,695.071938722892,727.80593926596,745.721878172519,770.956771029562,766.760188210836,772.172260574025,776.555741253248,783.022988168291,797.260935955099,843.235617218919,834.028488521282,857.086660785071,864.719344476431,874.642784226795,915.182369235763,928.99886589514,923.53647231492,910.655770947189,952.955927627296,919.90148317105,908.639092269312,901.387818865997,910.567507332595,909.910481421055,921.852534274414,930.284262576831,941.034966240107,944.853666874984,919.841913808603,915.16072205397,910.013736160065,855.113288967038,875.348143250565,835.3485784355,845.807230782285,811.249036979398,805.59054191459,813.941029804985,794.512429103535,797.391468930233,784.956120123368,778.620575119872,778.163693649057,764.852927038918,660.492240681145,672.817434347573,671.75144212722,663.058858786058,637.377439199098,608.192537366175,605.18592184551,592.079425753517,566.376831440653,530.818975696792,NA,NA,NA,NA,NA,NA,NA,NA,NA,NA,NA,NA,NA,NA,NA
NA,NA,NA,NA,NA,NA,NA,NA,NA,NA,NA,NA,NA,NA,577.16981903076,611.777627069392,629.201592562186,694.327269840363,704.006392016436,711.506981776992,707.537539811303,753.647154794465,765.261393250698,781.024967590665,813.8639509458,806.304962856903,793.891431580728,783.415844362629,830.524314873783,848.463589382871,845.881470131612,866.059078451564,860.232526704263,886.70739254841,909.816111631577,915.896786969381,916.659213721869,909.979370062796,908.579709858258,916.856041044612,916.573102863841,922.316516710943,943.721381621181,941.17185780564,929.27188116086,937.709487531575,929.552761243742,950.328890437411,939.634760996976,956.958942298506,925.151281450292,905.883546599672,924.954675165937,894.831272323746,882.249765476896,862.001621083982,853.302408293801,840.014880820572,832.137665306539,816.241385865725,800.230206594352,795.455783779174,797.260935955099,760.739291796527,752.018014168809,693.435493544604,682.825014187383,673.145600891813,644.864739880988,608.186079982136,592.610562496991,592.663479556485,579.639798619373,555.054807380363,550.230737349538,NA,NA,NA,NA,NA,NA,NA,NA,NA,NA,NA,NA,NA,NA
NA,NA,NA,NA,NA,NA,NA,NA,NA,NA,NA,NA,NA,571.182982939793,629.087513047403,649.025707769016,661.874667892123,687.473444016929,695.026921034648,750.301679578148,740.354644748042,778.570341450637,806.045672163562,820.013014508952,819.24441468814,810.030473657796,797.44605326507,818.91696770796,839.649138207723,831.038506929733,834.506691023593,825.373967198947,845.946215784432,863.491277247566,873.212459828649,903.119593409422,909.798088227713,902.691660007523,887.764045228235,927.840294912044,926.172576928947,942.387249623381,945.004713733984,941.408519188137,933.723119364351,938.249082194977,924.920011379527,965.980671943043,956.882960450232,954.35212075537,949.729427318537,939.738991584179,928.035559663529,917.034086204648,909.457493886769,869.970793774517,893.238059909481,880.695747690427,879.168388009612,872.933322894891,855.131568824354,828.402076289045,822.066830840163,798.827265433523,766.253728323747,761.099430827878,719.809002444398,670.75010785502,625,604.578616944546,612.664277733392,592.220970537793,600.091668111147,582.618452463265,570.379996771663,570.635610525666,NA,NA,NA,NA,NA,NA,NA,NA,NA,NA,NA,NA,NA
NA,NA,NA,NA,NA,NA,NA,NA,NA,NA,NA,NA,570.635610525666,604.656405311325,637.222721209109,670.691291342827,674.997459712929,705.960631983207,743.176880257069,760.345316287277,780.572143409836,794.169957772895,807.275169774015,817.350832932735,817.360442454894,825.378700960959,826.475362105277,850.191591353159,859.032668749763,843.760703367652,883.55398303019,863.034029801363,853.656645362003,862.888039661908,874.607026116841,883.463334243101,906.193911794093,883.883476483184,910.934419835718,905.853257600992,917.196816392207,934.644414465102,930.38970329642,937.083240699566,933.332284333891,942.195672332662,933.544951640628,962.094070244693,942.37890552493,942.87049380764,956.487799219874,938.876293306084,964.54252183339,974.761346843326,951.860077685496,921.835194901982,916.830304957088,919.918474648705,925.295484535627,905.883546599672,883.784334692694,867.791708502306,831.038506929733,813.888101145361,813.018493894878,795.364829866551,760.345316287277,691.418277200064,658.720117657871,636.879364513156,617.391057812699,610.186319545078,603.957066765081,601.88381612113,597.26395102972,604.617472076776,558.791569515574,NA,NA,NA,NA,NA,NA,NA,NA,NA,NA,NA,NA
NA,NA,NA,NA,NA,NA,NA,NA,NA,NA,NA,583.075064209482,602.079728939615,614.765471044489,659.914370644094,688.817518632014,694.62219947249,745.470468220102,750,794.693692459452,804.670123424909,817.389136213591,827.647267862342,836.334921974215,830.897011780514,839.759480994275,851.22937540604,849.181433278433,867.569606092141,859.142013871979,861.443853649474,869.922548745077,875.24073670965,870.452794957779,862.046982478333,874.354990428143,883.83902283168,861.887387109761,921.805186859673,900.277630225514,901.387818865997,912.752703670046,895.61850642326,930.330849705597,920.727894891895,924.954675165937,944.686328439906,951.971638232989,951.707560256867,957.252399412228,958.114901434097,955.211818286826,952.955927627296,974.560399876177,964.453058819947,970.82439194738,951.029816760776,941.312139589167,955.24865872714,938.004674625501,907.948920744442,873.07784203007,866.386172558173,840.386815698581,813.17279836453,795.691523141977,760.345316287277,742.931652161967,726.462226347614,691.465834296967,635.108092202097,648.116473169956,630.971473206198,610.282911718569,629.183179004726,610.431641763298,592.663479556485,571.073138427242,NA,NA,NA,NA,NA,NA,NA,NA,NA,NA,NA
NA,NA,NA,NA,NA,NA,NA,NA,NA,NA,NA,614.551917976801,632.306598840511,671.871618589547,705.7353777082,728.555448161639,751.734465454244,760.961313436834,800.312135667035,800.233741654964,830.364609890856,828.01523697036,845.479291900131,850.904671056639,849.181433278433,841.964842067247,867.610604535151,863.034029801363,851.441774528531,857.974438474139,869.554367411846,867.827747885489,874.118388820586,861.892361377155,860.205263883456,834.772848350273,874.10927482847,850.316613369697,905.266736467895,892.117291418849,903.387590111853,897.671154061306,901.387818865997,901.387818865997,907.888388190715,930.321987974747,925.014691250553,920.692519708133,961.626146730493,973.515686984619,975.320460156558,951.971638232989,975.320460156558,978.197999341982,982.920245873552,965.012953280939,965.277108157549,930.053761886914,948.683298050514,941.010003928942,919.850433192292,892.887023588104,883.883476483184,870.416755574597,837.043474766418,799.502023434976,777.33197390255,746.410218994994,713.130482327071,691.465834296967,675.462804305315,645.052845746074,645.174395028197,626.498204307083,617.365368374239,608.789783094296,610.257050165881,564.413969485075,NA,NA,NA,NA,NA,NA,NA,NA,NA,NA,NA
NA,NA,NA,NA,NA,NA,NA,NA,NA,NA,617.454451761423,644.856423453334,679.003678248594,706.940268814536,715.781588673169,761.380365385421,789.263546970633,797.44605326507,809.277591661026,831.038506929733,834.123448459193,872.960493959973,861.264485564171,860.013446494064,851.223721543076,860.803668457184,885.260135564982,866.205068591018,867.791708502306,880.589039176864,877.852493303972,860.159624802106,862.019777113528,853.302408293801,856.075844995436,854.400374531753,871.922117746443,880.695747690427,879.053168760397,876.347033464924,892.328414878737,896.172416446746,892.275821775225,909.205793109435,921.928996090781,927.537924312001,940.623649612435,940.683042859189,940.980651534608,960.018918195426,985.963459599121,983.893700270514,980.759224325458,980.297738117469,986.256217295767,965.959679292154,963.346318079169,958.18839483684,951.129729987755,940.97711635108,927.639741024026,908.574422990691,901.361802276059,883.27191754049,831.038506929733,813.602267301838,778.580356942918,766.770443763836,721.543484483091,710.467841973566,695.071938722892,672.994040949676,652.911725618118,650.4429637634,614.918928413031,624.873983672656,594.223469492189,581.48516748065,570.878833225672,NA,NA,NA,NA,NA,NA,NA,NA,NA,NA
NA,NA,NA,NA,NA,NA,NA,NA,NA,600.85107860531,649.939679937852,686.293445249124,705.545703254269,751.428676716695,817.369930826414,818.91696770796,796.052717441497,812.748507402686,850.367567584747,862.329583154941,872.13817712562,876.427407147905,851.46931829632,850.187541288666,872.969543381896,863.495801958527,874.485009363294,864.089713427096,876.405099361391,875.348143250565,877.565835285327,863.495801958527,878.199505757301,874.829664346429,855.076346229783,850.25703378974,854.400374531753,855.131568824354,843.35638967165,867.76907385044,874.70334562704,885.94928781221,873.149741792018,906.167940155173,919.918474648705,928.035559663529,944.853666874984,957.568878344162,971.74802672966,977.880360780397,983.837966619919,980.066869449292,982.948330254244,986.154146165801,981.17849253829,987.159241897792,951.955219265214,961.507844994529,957.037471065922,948.670898868468,946.374661537385,930.38970329642,906.107432290753,891.975414594582,879.530338568949,813.941029804985,781.424980404389,776.611228350453,750.416550990182,712.835582288588,686.235831078468,679.958257408486,648.46299470558,638.648095014567,602.079728939615,626.996810199223,602.079728939615,600.487536222385,573.628765790164,584.992701189108,NA,NA,NA,NA,NA,NA,NA,NA,NA
NA,NA,NA,NA,NA,NA,NA,NA,605.029391316897,610.327780786685,648.349996933383,714.786538013027,709.254556207825,834.218408397104,833.262779702306,847.962639784939,876.901120921039,877.948887121839,854.924394903649,862.046982478333,846.595149706721,878.208403512515,873.810104442332,869.695602982234,862.046982478333,874.10927482847,854.994084448409,880.695747690427,870.631838601452,875.869932609887,871.913272804995,863.432376106717,875.276597678706,880.633564085979,863.495801958527,840.386815698581,855.614240365016,862.046982478333,853.302408293801,862.590403779968,885.869594592391,887.73762891124,901.50449161439,889.515541218874,919.918474648705,941.076511235936,970.484019297541,951.030874265254,983.460420722052,980.433577556379,980.114789195633,987.055036033754,992.882039538061,990.580637807947,985.841426364535,970.703381006648,961.736688896851,947.334437960616,928.010284815021,941.358673993503,942.403841248538,927.993429814002,916.684983422499,901.387818865997,878.020786883787,853.076351815165,805.800242526182,781.024967590665,740.04066712363,713.196567508378,703.737954378773,691.465834296967,682.733235966706,654.252807017749,638.846616959032,640.748544413451,626.990577625571,598.633171277263,581.435853159273,604.435310710252,577.16981903076,NA,NA,NA,NA,NA,NA,NA,NA
NA,NA,NA,NA,NA,NA,NA,NA,625,651.920240520265,687.025968716066,745.758738080243,789.567466059404,860.000260315958,877.852493303972,880.677991716215,878.105597658099,893.124207021138,894.947284214775,862.024301781158,886.70739254841,891.93330587266,877.64683988503,872.016904435648,878.145954216467,867.660158075719,866.410681596131,860.928611814657,873.689456917635,874.96422721407,854.216988559077,874.6465510077,875.348143250565,883.458999737035,873.212459828649,850.367567584747,838.520832051791,847.816458321832,831.588086118136,869.364247979446,863.857803646208,883.812538071051,903.032860991616,903.076299045837,919.463873778577,939.534031636921,957.053894282899,974.766509894785,971.789107432283,961.679682877399,973.074810823179,979.355048445014,983.9096009542,988.779841416449,996.242942258564,976.016410598506,961.507844994529,934.07708461347,936.167330230273,929.032588188858,941.208499586676,912.414379544733,908.836364266755,896.172416446746,873.494026895846,861.252036260083,822.095662809669,752.411933844411,726.722092687432,707.19151665936,704.439046476173,707.404456341162,665.534912568155,672.634682126092,672.552758620209,654.246680576023,630.822186376043,628.165241740209,612.882533606563,620.987117418711,604.100484436226,NA,NA,NA,NA,NA,NA,NA,NA
NA,NA,NA,NA,NA,NA,NA,617.070083690878,691.181026575462,686.309874512355,798.166461843953,818.758327796984,855.862138431184,901.213803169345,894.172258636401,894.915232074658,896.054103648017,884.916382147697,883.349689780091,863.414220077171,879.158337090439,884.942866908326,891.01232879193,883.29872516764,876.390590485686,875,875.168836947703,872.216831968702,866.746791167986,860.218895293859,851.46931829632,851.46931829632,862.001621083982,875.339212856235,866.665516437749,838.525491562421,849.613564635274,850.358378395129,849.264387573151,848.822589154156,866.737623659135,887.764045228235,905.874920780024,921.886554974619,928.474789783515,947.014186530228,957.037471065922,968.343667662365,975.120455505814,976.281209488332,985.504108597878,980.574337850962,972.753822917186,981.747839232863,996.061919258165,970.703381006648,961.483195267413,950.056035961545,930.385504028801,921.954445729289,930.27184028504,917.877987534291,905.874920780024,901.374810571028,863.459581471522,836.260913648639,812.561383481872,785.010946129359,718.927162873289,707.106781186548,700.446286306095,707.029271457295,679.958257408486,702.688099255518,673.110746922698,670.820393249937,654.282711716434,655.242581655162,640.591662177186,624.943364055801,618.056190970073,597.345889694194,NA,NA,NA,NA,NA,NA,NA
NA,NA,NA,NA,NA,NA,604.565613031162,714.764286665971,725.333720878739,768.920368733372,826.499574468579,830.178349064917,848.207150657938,905.61460017214,961.524263962303,933.361136659409,915.453205034587,914.982521637987,905.823096684171,891.439904497578,902.876064055694,898.645075196469,894.915232074658,909.850031505554,887.73762891124,874.7936697792,878.208403512515,901.047224525053,887.764045228235,874.955240431561,853.302408293801,857.03488359506,862.046982478333,867.827747885489,848.896342317482,850.362972989938,838.085968788448,843.109074528002,854.331645272132,853.279494668832,876.34526551863,883.529852353615,908.501104797815,950.328890437411,950.081921633776,952.408206717569,951.643258877505,970.706400723118,977.880360780397,983.9096009542,973.693022662764,995.497158456284,962.094070244693,980.265665735157,972.39231381405,961.769203083567,953.249015852291,950.328890437411,927.968115076093,927.171897748224,909.485457297164,917.860958255739,909.798088227713,908.836364266755,874.855216045318,822.344210169926,816.19347306271,804.945319912078,765.240866109622,728.858261881568,724.956793556039,725,726.008415100347,715.671446364386,704.439046476173,682.813568912644,669.075199208726,656.064731484826,664.011605934096,645.174395028197,637.352905795818,618.970920156997,601.738488586049,NA,NA,NA,NA,NA,NA
NA,NA,NA,NA,NA,NA,653.314660142326,747.157493790961,781.354870272276,794.443389362269,849.926689745273,895.940531968725,922.284864995947,919.865260904352,918.209320256533,905.538513813742,933.323885798653,940.976679472526,916.637667320743,927.883531815173,903.465549979633,915.414738889145,909.987966459435,919.179246180064,895.566037020231,908.604647948442,903.076299045837,902.25370613771,883.741599658918,880.695747690427,854.372925375804,855.79814517775,878.543850316286,872.905627832837,863.495801958527,849.750372020514,851.075401871766,859.981308131465,840.153107979359,884.295752946416,915.845325197195,900.870517086608,927.645030160559,942.403841248538,956.842102907155,957.209485953832,957.793397459936,965.979909836499,964.931859526005,980.831233344968,972.299225515645,975,965.656347241601,977.060795743214,964.689069078737,976.281209488332,974.513387706787,959.260333166668,925.295484535627,922.293337284836,912.354363460116,915.491671180028,927.639741024026,912.684229482297,910.855748332061,870.7037383634,837.462006325495,821.174051296043,784.916149510011,769.931870551191,760.13869457571,743.271879031347,728.685849296348,707.968029631846,725,715.891053163818,691.465834296967,673.145600891813,664.017665370216,640.06272290411,632.599981936068,628.209274082447,610.153949517793,NA,NA,NA,NA,NA,NA
NA,NA,NA,NA,NA,638.667862950895,706.911269350428,756.230231201752,809.551766959191,814.223635008676,874.950584693943,903.061265839722,934.913211860011,930.305574857089,933.984900080544,925.83984872219,939.588817177353,948.683298050514,931.17194038733,946.325026283774,930.452375959803,929.027843937929,917.856698563894,924.80066071796,927.144759465218,921.954445729289,901.387818865997,909.927559375682,900.511527308095,880.633564085979,867.610604535151,862.046982478333,883.292202738711,885.905020900681,867.800723967551,858.813256650735,867.68322875031,891.715898203906,883.652459176775,885.940447208971,894.175704840679,883.71933720436,926.350365682445,935.939947391302,955.150314247012,960.88656533787,964.968357850944,961.647047017734,970.82439194738,970.747700411522,974.279902129713,974.47342387062,986.042964263197,973.717104707522,970.82439194738,975.999503083147,960.280817915237,944.911953642565,912.414379544733,918.017643612338,923.43915343626,928.02713981604,921.954445729289,910.013736160065,891.206290029361,880.508665493882,854.716416892805,846.15765011333,784.991011714916,792.491634397047,776.601166012017,763.216876123687,750.359115284165,738.00684885777,726.722092687432,715.742494899475,700.221775005867,686.476510887299,664.266512779321,654.084160880447,637.377439199098,640.23904912968,625.873122907589,583.276200454178,NA,NA,NA,NA,NA
NA,NA,NA,NA,NA,632.562070226179,741.528663495299,794.849824804822,812.578045160225,862.952032915343,867.791708502306,873.181100810333,919.730872271106,952.931320392438,976.269200121685,950.898420507718,944.809557654743,929.893570613433,933.298671971558,941.055738738021,941.400218989332,939.51336638152,922.940187691058,933.332284333891,933.370009731807,933.407735129724,951.670156503968,916.856041044612,910.013736160065,867.800723967551,882.070090854677,863.133825081603,871.403027259982,855.122428895696,874.955311495716,859.573377751527,871.115976638086,894.021721312731,894.125836481556,880.802609822551,874.759876207973,877.781180971373,903.119593409422,925.337776166087,936.886475469076,948.302348126148,950.328890437411,946.374661537385,953.569185723887,958.057583156601,972.165934092454,980.42560784736,984.861971492813,965.174732435068,961.752945990209,948.592538313546,936.082261342453,929.935862243893,932.938198647763,933.407735129724,937.083240699566,930.672584072413,912.414379544733,925.337776166087,886.70739254841,870.7037383634,862.576818247427,854.729382593447,825.09275918206,781.024967590665,775.779322353295,784.442695334046,784.79574369057,752.676797093038,753.62630987418,741.696143578251,694.857053027002,675.462804305315,675.462804305315,664.201142967671,649.692842968438,624.868162015767,588.430114796991,583.630876496438,NA,NA,NA,NA,NA
NA,NA,NA,NA,609.276372811293,682.159823201101,750.164955204396,778.408712992812,830.69727266183,877.731743771501,882.249765476896,916.312782255957,941.076511235936,963.70173824456,956.882960450232,941.076511235936,939.389749091631,933.252365818305,944.986681888709,948.501428578954,937.083240699566,939.747282926511,952.955927627296,961.357473529765,950.242255722014,951.971638232989,940.980651534608,933.407735129724,908.639092269312,909.910481421055,867.827747885489,867.791708502306,886.396826857565,870.631838601452,884.90453092948,867.827747885489,880.351323541229,878.208403512515,876.302068817776,888.386776465138,860.123266997436,875.35707000058,903.076299045837,910.013736160065,931.810502094981,932.629656464823,926.325050944536,941.076511235936,944.517649609555,955.146198867341,965.473595767534,951.971638232989,973.693022662764,954.5250889969,950.23003471491,943.393928222518,928.871641543518,916.590351218987,925.337776166087,937.083240699566,931.688823842783,933.984900080544,925.329331761935,925.164665880968,901.556796592565,893.136625389235,872.030416394617,855.724774160024,832.522505475616,817.235633732736,794.164980496874,785.005968853339,770.023972617799,772.84125210599,764.973375209033,716.103791305133,726.868474304562,682.367203197809,694.891160870067,660.018939122204,638.498808184412,626.996810199223,601.778265367632,601.962025822326,575.253142881413,NA,NA,NA,NA
NA,NA,NA,NA,656.142642196518,707.548584904245,799.956341141336,828.098059028462,862.543750622063,863.034029801363,921.920500351954,925.907583847117,930.051361740125,989.389474392342,982.363044102983,958.18839483684,950.328890437411,937.65115896862,951.732443308377,956.690215186106,943.373243280441,973.717104707522,974.967927617688,978.969644632825,965.660395791398,976.233100831463,939.414711402797,919.238815542512,919.918474648705,897.566153550812,901.725774319132,883.652459176775,883.589843999245,874.235515588975,848.896342317482,874.083885662183,893.551560697568,897.224086624121,855.085790692753,883.616701066821,880.908103412061,883.529852353615,895.277988405246,894.915232074658,917.045378182329,901.187583875854,905.77115340633,925.202293628153,942.195672332662,951.955219265214,946.275391030164,946.776867106139,956.882960450232,960.468635614927,927.698765763974,933.984900080544,906.150726654339,912.414379544733,919.63649008922,921.954445729289,922.233965718932,919.670856186489,909.328284064825,919.619228816984,905.883546599672,886.70739254841,877.736492467089,872.016904435648,854.400374531753,840.330963573916,827.825663465432,810.512006679722,799.565594803123,771.767452021657,761.546510728913,735.058309347507,700.446286306095,700.395950400509,687.703984074578,664.244957825343,625,643.930870963421,605.179464461471,590.021186060297,581.442625932753,NA,NA,NA,NA
NA,NA,NA,NA,705.021788015422,758.052401154312,776.204580548874,832.541290267336,878.208403512515,900.870517086608,909.979370062796,976.361041084364,993.057290569886,1000.98250517711,999.882536546743,946.341617713245,949.103187676492,941.026595354231,964.939981205033,956.825740304022,972.490029283904,976.249179251123,995.489518842518,976.281209488332,970.703381006648,973.684990013305,957.256444848522,927.756071698056,919.918474648705,909.850031505554,886.70739254841,895.055757632916,879.78932543203,873.14515092936,862.749081677592,890.324345130413,874.52155346078,887.58733778979,853.256581043864,863.495801958527,874.494890926523,880.017625375826,914.955769406736,896.034360398574,875.474476147869,883.409823700653,895.003164529404,880.695747690427,915.221243107768,927.508438180113,941.366988869949,942.888548827635,939.576851493488,929.53687843146,906.228448019593,917.877987534291,901.730107081352,901.630232686253,919.068204642567,921.928996090781,919.558975627831,919.498502617723,933.723119364351,928.817314003933,914.829411322962,910.00085130975,901.55175862248,867.800723967551,867.755578869811,850.358378395129,840.014880820572,822.653365556671,804.945319912078,775.532671522391,772.436679468075,728.868986855663,713.52553845507,700.27166411336,686.476510887299,661.543633461952,649.037749287358,636.481569458002,612.882533606563,602.060239921285,590.021186060297,NA,NA,NA,NA
NA,NA,NA,625.49980015984,725.20331974403,774.835611570737,800.961122793901,860.013446494064,890.057319778627,887.58733778979,919.037325265848,970.35307310452,1005.6903807591,1007.6849408056,989.703626049528,972.412415376443,957.184975613499,957.062120793037,950.328890437411,972.39231381405,964.689069078737,986.470982847443,980.270198521497,986.154146165801,978.118049358433,986.463061930402,950.19699089077,921.954445729289,917.860958255739,921.655927990058,905.592759294164,890.224690738243,901.463992373068,860.940611856582,853.265722784937,883.652459176775,867.76907385044,880.543760695057,838.525491562421,849.07956795095,840.330963573916,860.105002757265,849.402266289861,866.746791167986,851.385420705893,850.89548186702,874.941831532377,880.695747690427,897.994436458353,897.426205482979,921.655927990058,922.216974241278,919.238815542512,919.238815542512,901.595389258651,904.475669503924,903.119593409422,902.902283349184,905.814447769916,905.645105972795,909.901855601407,905.883546599672,921.954445729289,919.47353206373,915.491671180028,906.224136751844,896.172416446746,883.883476483184,873.185602761073,860.693987878594,850.367567584747,805.062109405231,797.652806677191,791.086630425363,751.025081605308,752.038850403707,728.868986855663,687.84082460988,680.073525436772,666.506263177195,638.550371790037,626.229592554039,602.079728939615,600.416167838731,580.657740205862,565.958632920632,NA,NA,NA
NA,NA,NA,660.109294539822,726.68981303093,840.831813989891,858.879405481359,874.882359916049,895.714418368177,890.136758283497,941.333711682337,994.592890028518,995.489518842518,1015.12767049618,1006.87300586955,997.673574166812,977.681714296401,957.209485953832,976.015689145908,976.144789049808,980.369747136979,995.78157149253,984.838139739292,980.42959270187,984.88578017961,973.693022662764,957.205404385037,941.238365112634,940.683042859189,919.008188557951,924.608642173104,909.457493886769,900.216618624204,880.265749047129,874.820693697137,874.653493864782,875.348143250565,850.312300687243,834.246746025142,831.038506929733,850.916157523813,835.524713541677,825.245757770506,840.096548676998,839.902977508893,850.118048787593,855.131568824354,875.161052118366,866.386172558173,884.492936823775,894.400971706425,890.083830985979,887.73762891124,893.299576047231,890.136758283497,890.136758283497,883.883476483184,880.553353998166,899.935563298824,892.525995179077,909.841382591299,900.277630225514,900.312392746985,915.491671180028,915.354722804529,909.987966459435,905.640768345849,886.70739254841,894.083904917179,866.746791167986,849.898655394611,846.2681411165,807.735997414168,777.676329336923,778.540138765964,766.770443763836,749.952738675808,716.207064955799,711.324821499849,685.835869233185,642.65047186787,618.918294036867,601.738488586049,583.630876496438,579.87067523716,577.16981903076,NA,NA,NA
NA,NA,653.176004211933,700.26690992827,741.908991527026,851.368117315186,894.154757533758,935.633941630659,974.339505186205,936.693244523317,973.523775947786,975.914196102596,1011.22462592225,1019.89494135646,1025.60952957733,1008.60804999386,1011.02079735361,962.626984457656,973.328886960755,985.414263266663,991.193385717332,1012.03246423144,1007.78221853732,976.348021453373,972.432516938836,970.82439194738,961.118919349247,956.825740304022,950.26294066409,930.053761886914,935.077950369606,924.40969547165,919.225921615315,903.579486136164,887.65819040637,856.052093155752,883.123787782943,869.066431406427,838.431904254513,840.153107979359,827.79706332456,823.636162097317,812.814160041254,830.934803972115,835.426242317828,819.965483655909,832.541290267336,844.339166381206,831.920307887544,862.001621083982,862.046982478333,873.985217744578,870.819692313535,869.581391329784,863.459581471522,862.046982478333,874.607026116841,876.067896531166,883.468571309273,875.399206611644,894.427190999916,902.797220842643,895.749987779414,908.639092269312,917.196816392207,890.163174600493,907.395014555833,887.667031009609,887.715538118922,872.003392476679,842.966335092552,834.415963413932,790.370774469166,777.757100846661,766.893082508898,760.314466443457,751.84433736011,737.953176503564,740.142380089722,724.323949680965,663.19459696774,612.882533606563,602.079728939615,580.657740205862,583.09518948453,583.054883056438,571.155601180037,NA,NA
NA,NA,682.269558667499,769.642437786531,800.390529679106,901.385179978188,925.831413555312,950.196620637701,953.548649295776,955.24865872714,957.209485953832,990.159049480437,994.653051047832,1027.62586866626,1027.70220325557,1019.59621555577,1010.19718758557,1000.84033657986,979.994930969656,995.227809097317,986.216238513465,999.97655150336,986.154146165801,973.684990013305,976.281209488332,965.789065331052,961.922934956754,958.18839483684,962.069691472307,950.07680845946,935.906335028969,938.499911982119,922.293337284836,904.553159162741,883.768271314941,872.13817712562,882.920819362146,856.061282345371,839.241847142963,838.338316946604,813.898275300366,780.994912684781,778.540138765964,800.961122793901,815.562826318768,806.981248459734,811.902220158006,806.976388201283,811.123455425659,822.413788398281,835.350898596684,849.719233534087,840.386815698581,850.25703378974,851.46931829632,850.298510937099,860.958767886128,843.35638967165,855.779793094878,860.105002757265,876.373791772627,887.684701613722,886.52156074713,897.53131012321,901.322626335757,905.706717296883,901.322700313733,896.172416446746,883.874635879945,878.989742908587,854.762949996209,834.575293333446,804.940438291089,773.285909794497,747.379610872876,755.759069108862,731.767731678043,726.657360084877,739.873535006661,704.796265610401,671.835665974534,600.831331897263,588.310133839477,589.914874551115,579.87067523716,584.399492352917,570.087712549569,NA,NA
NA,NA,666.983330970196,741.711801054613,800.390529679106,870.7037383634,954.5250889969,945.019795230249,977.558675592911,978.118049358433,960.823091085323,999.9058957758,1007.71235212669,1022.46260298021,1027.74023955472,1021.08894842619,1007.78221853732,989.906012275995,1001.3222520253,995.218903608183,995.615387586994,1001.21798923191,983.11891774497,1000,984.822239055606,970.69529204348,944.849180517376,970.82439194738,958.032975921744,956.882960450232,938.399556727965,933.332284333891,909.910481421055,911.964699831113,894.012823557517,866.104807464827,833.798232754461,822.134130660803,815.621981679181,818.91696770796,801.56097709407,755.497608522986,728.544538513366,739.819165174064,779.542353190509,756.109571200138,772.172260574025,782.970558550338,775.276349367131,782.675677790552,800.390529679106,813.941029804985,816.743405258791,807.687478585979,813.941029804985,827.749598754055,843.319269996987,832.522505475616,840.08236040475,870.460114101468,884.492936823775,876.400648719222,883.883476483184,880.695747690427,883.529852353615,886.974818432525,892.117291418849,883.529852353615,879.221886765261,871.593911887099,840.312180045023,830.759211086284,812.092679563335,784.467812168663,762.938465416209,764.709386926306,752.080447824566,745.821694508815,705.421863765213,686.293445249124,661.296797855072,626.796162948167,604.100484436226,602.040750902955,583.577233771043,575.543221661067,570.470362978373,NA,NA
NA,NA,703.950818275548,728.191848243794,797.46993394583,890.105578950145,956.882960450232,964.689069078737,1000.05619370875,970.508492019616,976.237554571202,1008.85647834004,1018.60683224403,1015.16192609774,1024.86676736591,1027.72122140515,1020.11028815516,1030.06617222465,1020.11028815516,1006.51781098727,999.018976727562,997.532988907459,984.02799071981,978.150079595641,983.933432707721,973.684990013305,961.655210155324,964.616072428858,951.798669991459,941.076511235936,928.914467501161,933.235498525606,909.732895697472,890.066160381866,886.63237434516,839.25156882577,809.639084098666,804.871978453004,807.745682973525,789.033181461627,759.982225742816,689.524864852583,651.63004510084,664.509105244253,676.756725592988,664.266512779321,676.849318534044,716.316529446448,745.77443712724,727.768703594444,743.303437365925,782.58382151157,794.512429103535,790.420623199137,790.554580731473,807.000619578449,831.038506929733,837.908964351436,845.807230782285,850.067618173751,862.046982478333,873.87838395443,890.149966441995,880.633564085979,880.553353998166,883.70224411678,876.347033464924,862.195571996423,867.800723967551,863.477691715025,850.996117595595,818.951576620319,776.971629864752,782.80720707564,772.215654137747,772.743247686893,761.453810259758,728.772262184271,697.170022805265,673.145600891813,677.303748521796,617.454451761423,616.821395495645,601.88381612113,603.957066765081,600,592.557645437498,NA,NA
NA,625.784806266157,725.885821150074,730.06829330956,849.264387573151,892.557371057496,937.083240699566,954.794523276451,958.12714890407,982.192562076148,977.375825270771,997.752886138334,1020.11028815516,1017.740107324,1016.8111743094,1017.65662185238,1026.96049542213,1026.81161160433,1027.74023955472,1014.07611069569,1012.26414533938,1000.62480480947,995.301461869719,991.502512132754,979.882529264427,957.830144161308,954.365907813895,940.964036474917,950.064350837991,925.253192905167,920.911010550489,921.954445729289,915.008689811696,892.613927633823,872.787703610005,845.078786314306,797.336884595396,790.569415042095,789.183727947648,776.204580548874,720.957935773072,649.741134896677,605.18592184551,592.484439082935,585.181500384695,604.408678249337,585.234995535981,700.446286306095,679.900327323148,704.006392016436,705.7353777082,726.722092687432,784.617741323761,783.800430331583,790.430577751177,794.512429103535,803.449273716429,826.352443005877,843.35638967165,840.158964342147,851.455546412425,844.355710039653,870.332698365095,880.602206592155,864.714016037671,855.131568824354,872.075381611137,895.125689498408,875,870.690271090686,830.963163208589,830.792609050399,783.022988168291,784.566916851925,773.789800685757,779.775408918108,761.287877821731,735.092336604602,710.773840052736,667.06560510449,640.800280898815,632.319063987815,579.87067523716,585.234995535981,594.243216200236,600,583.630876496438,585.742002578042,NA
NA,647.561930917159,684.370490696435,744.202354122074,831.038506929733,922.293337284836,943.39811320566,937.058216215638,960.383075304605,984.912468230928,982.908528232594,1009.65177787226,999.407030237208,1027.5571481058,1025.91760154002,1029.53022538472,1029.65654960683,1025.73796663938,1033.50133042972,1025.77678531325,1003.34892087634,1005.60926805594,995.266089372147,984.578779131224,973.211345925232,953.569185723887,942.838750517629,933.332284333891,930.053761886914,930.263405118161,917.196816392207,905.883546599672,893.542746507382,893.189552800168,869.071229608921,826.232996917442,790.38075437025,766.852290277443,761.915627452109,744.499529388505,697.170022805265,659.947610088366,608.622031740429,558.967907980003,561.805126356106,549.693856462616,531.507290636732,577.115573554991,640.312423743285,651.414645923097,656.220237420334,700.12883829796,745.55795360841,755.554628933971,765.235836786611,784.986021764373,801.546346501383,824.507121329015,828.392643333917,826.404614530668,835.524713541677,834.415963413932,863.05673922654,867.827747885489,878.208403512515,870.595799218269,878.128193424702,888.40444703558,877.852493303972,860.383511344749,845.807230782285,832.362225534676,802.422396929667,782.476515947311,761.900127061353,772.708892613929,751.824162655377,735.479192360554,686.235831078468,661.910114743686,657.629483342321,653.77784384422,602.079728939615,577.16981903076,585.234995535981,603.904571617741,591.309304139689,603.342160003718,NA
NA,655.638467611291,678.675511704354,749.124396830088,815.274876387118,902.945913985355,926.142772650033,914.579689525924,933.323885798653,961.63069981499,984.527479571351,1006.37757928587,1004.74540960603,995.611463515528,1019.03234723876,1044.32992871027,1033.41045957403,1051.18980208143,1027.74023955472,1013.23127746243,1012.20964473524,1000.60918468924,999.882536546743,990.374725243234,960.411629595475,943.695261568624,950.328890437411,938.148282626368,935.906335028969,920.911010550489,902.849813946155,902.797220842643,880.624666330766,883.387802890905,874.80570345791,818.802165358889,785.010946129359,766.852290277443,752.059649114136,726.581796747566,670.738469744054,585.768725692999,550.525252922728,540.832691319598,503.037412564016,506.071748072405,494.002189034896,491.172067609712,514.551812133214,540.818230535892,596.343022093828,660.385440599625,696.419413859206,715.891053163818,728.858261881568,740.310509948149,794.384185130755,806.10915488646,813.888101145361,809.706737035082,817.545732013815,831.771113806814,855.830141804467,866.651731451786,870.631838601452,874.472408318262,886.472655367955,884.590300647707,873.12280724659,861.937859110483,855.131568824354,835.4872453156,823.937120394321,776.188594466765,780.984873737097,764.377146225665,745.821694508815,735.696948478108,667.018539600534,637.377439199098,642.748006609122,629.421737965671,602.053754816339,600.416167838731,582.993999615973,594.243216200236,602.053754816339,586.93459461762,NA
NA,664.130678222594,688.008832395169,723.017336469816,831.912407624852,887.222510729825,927.585014075943,912.319997362848,928.02713981604,982.802431258463,986.308604048101,999.661774571186,995.422298679442,1022.49372829079,1011.10229075107,1029.77149647253,1054.69925568857,1060.42712803935,1039.55222498972,1019.03697086514,1007.78221853732,990.580637807947,985.075818872745,978.305488921505,963.043953583796,951.699260058062,956.842102907155,939.389749091631,916.832792156321,906.219825484095,904.42417657092,880.660235742002,874.54430808021,873.07784203007,866.006788659874,817.336486053386,794.225193080154,752.007591708667,738.515553654067,719.705588900769,642.648494833051,588.750749376645,527.286316130722,502.927394366669,447.108283829127,445.059564951562,452.769256906871,456.069357763882,456.138273768124,471.582543745428,527.375577743225,608.198994750214,632.455532033676,670.820393249937,689.655711206686,721.045015068686,762.928074693561,781.304636603041,794.512429103535,803.235211690096,831.038506929733,832.503720683896,850.367567584747,874.995534802835,884.590300647707,876.212415666345,883.608668584481,895.033668945031,883.309691505077,869.71398760253,849.977009123633,848.827092909409,826.668653808422,794.399019441377,794.512429103535,776.107822957027,752.080447824566,728.968934639912,682.367203197809,649.818700165228,637.254391519963,626.84656787971,596.290526946488,593.991263107986,591.906275839123,590.556412781548,559.209770619198,579.138105572197,NA
NA,661.737598614122,705.779710674655,742.041103982791,833.756061086054,870.158553462252,910.013736160065,926.494489133201,940.195695437661,974.47342387062,984.45528501506,1014.31996931193,1014.47887415323,1011.48869132221,1022.64262863076,1040.23663281096,1035.01207722422,1035.91746775503,1054.6578330134,1040.0772569656,1026.01240923835,1002.80855600658,982.716471426174,970.82439194738,958.18839483684,948.675009998936,943.306843037034,939.130232609315,908.42605924523,896.135773522494,873.994233080124,854.372925375804,862.046982478333,863.495801958527,854.400374531753,816.241385865725,807.195796576515,761.739855584362,687.823770688348,700.94887167833,633.332008354923,577.094983579623,491.172067609712,477.62432936357,425.678885601601,406.970514902493,410.030486671418,406.883755129306,427.14518258423,425,471.414038070708,535.023363975817,594.723133822715,649.037749287358,676.109764949152,703.961890695057,769.901070693713,781.024967590665,784.617741323761,797.058353997058,818.792569260386,839.996263454845,855.040012561153,872.13817712562,878.208403512515,886.654465250892,897.461460193549,903.413606701792,889.989175432855,863.495801958527,867.710399815392,865.075376510786,830.901730354794,809.503093036557,801.910264285254,783.013008267207,760.09709715485,716.196081434012,696.469455401217,656.172546895204,625,579.87067523716,598.862031646308,589.807785595806,575,575.543221661067,552.268050859363,555.068939126239,NA
NA,685.028236435961,749.832585934148,751.670860340905,824.184741488995,866.104807464827,895.003164529404,922.250919618612,938.291006860512,961.204028977486,989.493555794164,957.201322816242,989.868473618866,1018.57257664248,1039.60533438552,1060.93076533923,1051.48704224065,1032.5483860282,1041.89578178687,1026.96049542213,1025.23990091343,992.289270797916,980.01894970295,960.440132605201,951.901676024294,951.864469170147,950.287750627738,928.035559663529,893.722919815557,855.503198231381,850.505880952369,845.946215784432,850,850.25703378974,834.415963413932,819.994177414605,807.433328261257,772.03982369918,682.583028854994,672.858253877351,653.88923698472,491.494777751243,474.159071357294,436.33444064517,382.406012883018,378.318648760539,380.757780211537,375.832409459323,371.651718682963,395.15534765446,427.200187265877,502.431436529643,564.025708633924,617.09599081263,664.237057803876,703.647565452361,735.686326228471,782.168954123235,784.442695334046,794.11900871343,814.315277646613,839.996263454845,861.439167314044,867.048286186782,875.35707000058,893.378419260282,908.896837276863,905.478040803634,906.211199664447,885.82376085571,863.133825081603,867.827747885489,838.394626926718,813.941029804985,794.512429103535,794.064722236792,749.775747741863,731.789181626233,708.692982974542,654.31261641512,559.016994374947,601.618507628535,572.470505287059,570.635610525666,583.09518948453,593.816381270999,564.234863445898,570.948536525201,NA
NA,694.41855725786,752.048843096456,764.409721820554,797.260935955099,813.767519549322,873.12280724659,928.952522987177,933.235982319436,961.203318424931,984.670665912329,972.234589417949,980.566491814677,1026.96049542213,1046.34642270234,1050.29757688,1033.50133042972,1020.31283111699,1030.70050223317,1026.33586678293,1005.60926805594,974.636715890373,964.502079500614,958.032975921744,930.053761886914,929.178994760819,929.178994760819,910.013736160065,862.046982478333,860.248330945658,850.869033326785,849.525962673243,840.37751732663,854.18902056307,843.097023240433,831.162224877684,805.764947189702,776.327482472959,703.692878073449,691.323430436214,655.785896908802,527.375577743225,452.717373220024,427.14518258423,385.194441664392,371.651718682963,339.944358679847,353.542161844433,355.749458587591,357.769181447122,382.426463519459,450.693909432999,535.489452905073,559.016994374947,632.319063987815,659.923971579658,748.670217658607,775.271695190389,781.024967590665,816.241385865725,831.019619860881,844.310982833083,854.837189345536,881.390516778054,897.321100842748,878.208403512515,887.720000530866,894.600133537882,908.639092269312,905.486630126895,878.208403512515,862.001621083982,859.32492372715,843.048442603102,823.206708174357,804.699792046153,753.714723425749,729.441803905508,703.950818275548,629.483915600709,601.778265367632,600.004359167314,579.87067523716,583.415104584027,591.264001731073,582.947055223186,576.99276636873,583.449017592675,NA
NA,705.194397987734,751.182029419662,782.912927842081,797.093647932274,800.277933500361,806.007133114675,903.465549979633,917.050700551429,934.060350876377,975.796253262379,976.835975895476,988.907047305606,1054.71035407088,1077.0329614269,1061.93999121408,1044.32992871027,1011.4964162072,1007.75119074788,1026.64234394623,1002.80855600658,992.940072384719,952.955927627296,949.972724710037,919.918474648705,899.594008643652,902.400712783895,893.295031426384,867.273757567769,838.39423239394,850.013098939356,845.573523063064,838.520832051791,849.264387573151,839.724560707284,809.392474452724,816.144826522692,811.518508773441,699.661912772182,669.812227790659,651.584469455633,484.040282049872,450.554370331402,412.310562561766,391.311896062463,341.78112326309,318.198051533946,302.050242218113,325.936117253629,340.036762718386,355.272675851409,413.737969943313,497.747144319993,548.185092781989,572.482452681654,636.347290581678,736.845754960184,774.128792981945,789.213698240662,806.569538634414,827.571614293872,836.173570191072,867.423334292024,877.293950808787,879.20407318831,878.683975895855,886.70739254841,895.125689498408,905.478040803634,903.119593409422,885.966958416323,875,845.946215784432,839.752799612729,824.199965022198,806.177150417515,758.320644704539,738.24115301167,700.221775005867,612.850599196315,602.040750902955,593.816381270999,582.270053207542,579.803153832,577.16981903076,579.762488897758,555.047795473115,575.303301605861,NA
NA,694.452665100925,755.297353781576,775.517054390116,790.400688784693,820.060973342836,848.822589154156,879.275269753449,917.020851104922,943.165087490856,958.032975921744,951.901676024294,1007.73561932312,1041.81305236938,1063.54100934764,1061.20505736909,1031.48294331007,1011.43455089028,995.615387586994,995.230716874575,990.580637807947,974.967105788167,943.306843037034,939.189086200137,933.332284333891,896.102551109061,885.975772572839,886.002257333467,873.212459828649,840.330963573916,849.609158748935,850.608619156081,847.140156930832,845.946215784432,855.026240677258,834.513090372173,806.38107062885,797.182387774057,735.192020097175,649.677569882561,599.067987712502,505.233169334062,454.488223339619,427.774547911052,378.246087659767,320.156211871642,276.134025429682,269.111300698321,276.062554432558,304.138126514911,326.742940009501,371.460563077489,450.693909432999,506.009169604074,549.957320124663,600.258121937893,676.522964107481,765.256287423051,794.329600795918,820.959845929432,824.592663686612,851.441774528531,854.476905718049,864.165253873189,880.633564085979,873.212459828649,890.224690738243,899.93915383877,903.076299045837,901.387818865997,897.53131012321,894.061840084883,847.378306425882,832.165848854662,814.054450251474,807.619377470773,775.202094293812,740.354644748042,696.618626714176,626.959384948238,605.088778004533,602.060239921285,601.280679188085,602.66898835283,583.469350059796,574.101565534139,564.025708633924,574.087874654261,NA
625,687.646642130552,752.941715274275,752.080447824566,820.060973342836,838.520832051791,862.046982478333,880.660207010596,902.427016626497,935.064305610903,948.526311630465,939.747306460625,972.753822917186,1027.74023955472,1042.92929662558,1059.37016470284,1020.41658159793,995.611463515528,986.40754409395,985.203004337294,980.114789195633,974.967105788167,952.931320392438,933.407735129724,928.035559663529,883.27191754049,879.123699505329,860.059273744001,854.756831749396,845.432027913845,845.751378657621,849.264387573151,831.834626825994,830.897011780514,835.426242317828,833.337241234816,817.114868189194,776.036773124308,738.579331675714,622.624689941479,574.389197215966,520.053036620141,456.207189772366,427.200187265877,363.853995266973,313.046971859537,254.858373550849,246.221445044903,257.329759078549,279.424135393529,304.638186405646,356.598283754189,424.264068711929,482.700051182396,549.513562689594,570.313581436519,648.486413897009,740.310509948149,775.322349453803,817.389136213591,838.525491562421,838.525491562421,851.789113240792,863.106654016522,865.422112448498,883.697074749802,896.023723304034,905.779818930769,900.347155268455,900,891.762133392737,893.189552800168,862.284832875088,828.719575532919,826.48538619633,814.054450251474,775.322349453803,730.5215539378,686.667481629246,650,625,626.229592554039,626.996810199223,629.483915600709,604.669331122391,594.037898186398,588.430114796991,577.16981903076,546.008241696039
NA,729.580009570948,744.884607851239,770.023972617799,827.920675520997,854.901934998356,886.486020067299,901.734439843572,930.263405118161,955.207695970963,929.501133874238,949.822012223648,974.749502002502,1027.49582490523,1030.73845431879,1040.43260233424,1030.06332315612,1007.75119074788,977.582950618839,980.058928485252,955.24865872714,970.679105980719,951.290229794907,949.867593115504,903.119593409422,905.538513813742,892.328414878737,860.958767886128,850.367567584747,838.450822982196,850.794137261631,860.648002124572,831.753329708528,831.038506929733,834.279564218937,832.137665306539,806.196683194239,784.450063806392,746.226856818539,685.862350983709,607.983089778069,515.388203202208,480.884601541784,427.14518258423,394.963251421008,313.046971859537,254.950975679639,246.221445044903,251.215718264822,270.299778151263,292.617497767991,350.620347228653,406.970514902493,459.534102321284,515.158783579225,556.896123136266,612.818664786066,704.249372022242,765.199942288656,800.390529679106,818.91696770796,818.850078161904,852.486725341273,860.594498175156,845.946215784432,855.752317927813,872.102316156565,885.975772572839,890.224690738243,886.636794646779,892.134962022962,883.879056181565,880.265749047129,834.364403567609,835.595807454546,817.01776919692,773.297844965048,735.696948478108,675.462804305315,653.980497785114,643.271421864541,626.229592554039,626.438623222302,614.662459745191,608.276253029822,608.276253029822,607.925427109082,570.087712549569,NA
NA,707.763829814517,783.013008267207,784.56789259379,815.961903954213,878.988812748164,872.969543381896,902.945913985355,950.056035961545,933.26498643255,919.90148317105,974.987116075548,982.296371277849,1024.98843937932,1030.50975344818,1042.51192905557,1034.90618545373,1011.94804613203,973.717104707522,980.056450819423,976.281209488332,941.076511235936,953.688887347639,927.171897748224,921.621561892789,901.221854457745,873.212459828649,873.136274519304,853.210455887433,839.97178972633,840.153107979359,851.432585338912,845.783964230583,838.15273071201,840.386815698581,814.03171303861,809.672910566874,784.805806029006,741.74392871636,693.595896612053,646.116332131775,525.460436043876,485.899741249899,436.606229914325,381.608438061844,316.227766016838,246.108312288249,235.715505379688,256.140367379094,259.153996758743,284.947149988691,328.752072431922,403.112887414927,456.138273768124,480.803094737328,536.338458149997,594.243216200236,672.681202353686,745.727179745664,781.304636603041,803.805804804891,805.062109405231,834.415963413932,853.256581043864,855.825594333699,849.264387573151,862.952032915343,875.096577380113,892.214305637475,899.324506626678,886.861128932167,880.660207010596,874.988034432945,831.038506929733,831.038506929733,825.369233436935,771.123051443751,726.722092687432,701.750013479039,675.462804305315,642.68263474468,625.49980015984,625.49980015984,614.893241809869,602.079728939615,610.784998969026,601.040764008565,585.099932410048,NA
NA,728.868986855663,797.260935955099,797.260935955099,849.912524616495,863.158406909564,863.268416272858,889.447640934445,921.954445729289,943.354213105402,957.78436608392,965.045798677512,1005.48465647478,1027.70220325557,1021.33491079077,1030.77640640442,1032.01100320422,1010.31319460101,975.991405978092,982.344135219425,977.840381998096,955.726310056063,944.225510888725,941.333711682337,938.416218956173,895.425511461973,883.883476483184,869.464043259687,867.741976358931,859.999674610169,850.339988084458,833.810137360306,848.495863403364,851.46931829632,851.46931829632,854.729382593447,826.207691409558,797.221661864578,782.362503836154,691.465834296967,637.068003219121,570.681692473314,515.388203202208,447.213595499958,413.652305955454,325.948118756881,279.281193399282,237.170824512628,263.32132923812,265.753645318366,284.905472297602,328.333892473452,388.908729652601,431.566912540802,480.803094737328,526.158094149822,568.221516874337,618.440559040618,726.722092687432,761.987532706409,794.512429103535,818.850078161904,828.02475808396,838.520832051791,855.040012561153,852.062620553446,854.372925375804,878.1638786034,874.642784226795,883.874635879945,880.695747690427,883.535880208563,871.667282904825,851.192255731376,827.647267862342,816.241385865725,755.759069108862,738.177547898331,701.78344238091,672.874478905442,650.480591562884,640.23904912968,612.818664786066,630.85964148372,603.989540965345,617.818931575901,584.659685804464,583.469350059796,NA
NA,771.767452021657,805.062109405231,813.844589117796,849.074885934697,839.432887078799,867.009670955903,880.265749047129,915.652004802595,927.800590642124,951.707560256867,942.403841248538,993.519884334366,1020.05662229066,1027.70220325557,1035.78894122127,1014.03432547111,1002.55013365801,972.432516938836,996.176143556345,972.39231381405,954.528591692618,941.404369088734,959.432348054578,922.119655362618,910.00085130975,900.347155268455,878.208403512515,855.131568824354,832.512983506939,850.066856173559,838.15273071201,840.386815698581,843.132879015207,849.222910425792,849.264387573151,826.499574468579,800.233741654964,776.148208711896,747.338076073047,626.479476753245,539.617672814982,521.849647389445,474.283720358709,450.693909432999,374.916292967074,313.249102153542,284.98882767978,285.043856274785,292.617497767991,301.039864469807,334.452541676291,395.284707521047,436.525105332297,474.537834551155,520.095598717998,577.16981903076,632.387298010745,726.722092687432,735.601126226536,782.947649729382,806.98606446993,822.287129249249,832.541290267336,850.118048787593,830.953725953048,845.946215784432,861.82836812372,855.862138431184,859.142013871979,861.892361377155,880.481808426307,863.120239549062,852.335405902302,828.402076289045,812.722522152109,769.901070693713,728.868986855663,679.153885360306,676.849318534044,655.86835608871,650.226387367394,625.49980015984,618.017212933413,582.947055223186,592.59742221908,594.243216200236,585.214944047987,NA
NA,793.346455398686,804.674743321585,829.243782735161,838.525491562421,838.525491562421,855.072018808858,855.35405367924,928.788461295781,927.436217029679,956.505379025064,945.848739403103,995.017261140669,1002.5567183829,1028.54525879184,1039.83171715427,1026.60564350896,1006.69574329663,991.463486289848,992.170709951271,966.26470140961,956.673693274036,939.743149022402,950.114032270575,928.035559663529,908.639092269312,905.3912010916,875.65117248032,855.512375037533,832.503720683896,839.977646089118,837.974875117454,839.264497254702,843.132879015207,851.455546412425,864.81974421997,851.46931829632,849.996847103964,787.039272347053,721.438799941173,660.331690638374,555.047795473115,548.862460002504,529.681379391247,469.707355701398,405.390398289198,364.005494464026,316.227766016838,311.011890469994,310.659255547996,328.787866690535,340.036762718386,405.390398289198,466.988250772653,477.62432936357,539.675828623073,577.16981903076,612.882533606563,693.668672804161,725,755.810822891549,785.015923405379,800.390529679106,816.241385865725,826.513762740827,825.378700960959,840.077764258215,849.981609689329,854.707097871545,835.595807454546,838.422753358709,851.432585338912,872.969389806336,850.076914943839,839.893491044641,803.50793399941,771.767452021657,743.266577458202,682.367203197809,666.535483001864,632.862806822161,638.786558802713,625.418189159805,599.856080405006,585.181500384695,589.626503109805,579.803153832,579.653482929726,NA
NA,771.999488890942,824.478521188143,840.386815698581,830.963163208589,833.857797432509,851.224726220065,844.695786656712,856.998198086197,915.764951514213,927.25371820484,905.640768345849,941.034966240107,962.090009405179,998.975893320719,1001.24921972504,1010.60172710191,1012.87697972439,992.142951928535,976.221102037588,977.028744433454,961.074098409689,958.032975921744,942.378958197028,934.07708461347,908.91408563201,898.904470174362,887.667031009609,869.929082140053,840.237544391464,849.940594086168,830.69727266183,838.106021120784,845.946215784432,861.855817279669,859.142013871979,875.303454746282,873.212459828649,839.724560707284,761.287877821731,707.237116995001,599.180619689705,545.616287800886,523.67752952014,469.455157003145,419.038947344397,382.406012883018,353.553390593274,335.363481749423,347.129241310799,357.945526581909,380.757780211537,408.462251139844,471.088721829642,509.901951359278,552.77668489302,581.323038293634,617.391057812699,694.765765609505,710.633520177595,760.345316287277,776.158278885014,779.792716449384,803.429998891402,819.90797475439,818.897823005368,826.285647077646,834.415963413932,838.474122460565,830.821149510738,840.153107979359,835.360331551811,838.525491562421,825.175144846556,830.948992244363,811.195931761886,779.962605861456,745.55795360841,707.106781186548,657.647321898295,632.949445058608,618.465843842649,606.613311404126,594.243216200236,589.901531297189,577.129154096517,569.880647894732,570.780660435782,NA
NA,760.086683380096,804.056879846073,797.221700634771,815.758761582886,825.302838691183,835.53874835342,872.02562272507,861.930791988888,887.73762891124,917.17124238521,925.253192905167,928.568887659843,950.328890437411,983.933432707721,1003.24822109537,983.88968451833,990.580637807947,986.470982847443,984.838139739292,986.431352780747,975,971.543802928765,962.085948565665,950.154234268349,927.665055761935,911.555423206804,884.572630043594,869.603873938044,858.87724990417,850.168417594211,840.195326185412,838.177882401449,843.35638967165,859.041752745788,871.403027259982,880.265749047129,869.436872194605,863.905967001549,815.250631927844,746.153478033074,612.780214843757,595.823027083009,580.058437126973,530.330085889911,459.270695594149,412.177061370284,378.204234143304,371.651718682963,375.832409459323,382.323768150486,406.874074215303,450.693909432999,464.891694114152,515.380619500297,558.87653427881,604.048491212735,624.811361294036,710.633520177595,729.775678049968,745.821694508815,763.186142538255,776.208734813001,784.926149830354,800.385648058117,801.463272833648,806.177256001667,818.105260308399,825.297929295296,807.774721070176,821.942664221223,805.062109405231,824.621125123532,809.65843663596,813.941029804985,802.510118585423,783.994544096371,756.637297521078,697.180786884546,637.377439199098,612.882533606563,618.465843842649,620.701409031755,588.350236815466,594.243216200236,577.693520213655,552.268050859363,555.090082779363,NA
NA,728.868986855663,782.468102566957,785.015923405379,852.97951847892,850.996117595595,835.53874835342,840.386815698581,852.335405902302,883.661389571105,923.337241981385,901.555497258743,919.756384997546,928.035559663529,951.955219265214,976.281209488332,1003.71662108014,987.792871320494,995.299506961491,991.483218984414,980.084381174614,976.281209488332,973.693022662764,974.866365682197,948.359543280905,935.054608268849,925.295498477996,907.458916621401,877.81686615007,854.966483039341,840.340282595177,827.362120812427,831.038506929733,849.25518644176,870.425771039842,873.14515092936,867.610604535151,851.648358424618,865.661774922008,815.916690480855,781.041952877279,672.614966882524,617.237835044745,640.504641939577,617.237835044745,509.481329402369,450.341717445032,407.6931947362,391.311896062463,400.643094021385,403.112887414927,425.493365780139,452.769256906871,477.575157123506,548.23569090427,566.789202437732,617.391057812699,657.611644786346,716.32743909472,735.111981701713,735.526249437547,741.739343855851,755.759069108862,775.357675101768,800.145001813181,778.178822490985,797.60377458881,813.854274677154,818.850078161904,817.360442454894,804.798367397689,794.512429103535,800.390529679106,787.144712464026,785.015923405379,790.539746420851,784.467812168663,736.810390285945,680.073525436772,637.297364624187,594.243216200236,602.079728939615,600.791141755687,592.477767455972,579.87067523716,574.670128158903,552.225480973652,546.351183203569,NA
NA,707.270355628119,755.301928454741,760.2989660527,846.68316708875,845.946215784432,854.753651624259,874.10927482847,875.339212856235,905.421437596654,902.919745811647,912.354363460116,905.779818930769,939.310831195467,952.943624009867,977.880360780397,991.495043521222,992.003793491936,986.367811656742,990.580637807947,976.217106868812,981.829761916028,982.980162566875,977.880360780397,961.769203083567,950.821884979717,921.992083294935,915.251468065519,917.860958255739,866.629295950745,842.982531837085,807.377994055665,830.859080645626,845.709328577025,843.143249189804,855.79814517775,853.256581043864,851.46931829632,852.97951847892,818.811720818139,765.892924151001,664.183772893308,665.676347784717,633.55034943699,637.117923474101,569.35633701882,480.069903754374,425.73465914816,409.992237024307,431.566912540802,427.876158963906,436.44398075027,460.94327748731,509.901951359278,554.798342372574,583.167537707248,630.971473206198,660.018939122204,706.670444893219,716.294690174946,738.579528218656,732.697012078201,749.832585934148,761.853776826775,776.611228350453,775.14957777072,790.569415042095,794.275016461081,798.807686315042,806.211229012047,798.719394525273,806.952156824118,776.208734813001,783.022988168291,765.107641482792,759.111322534449,753.719918787073,743.009756929406,659.923971579658,618.465843842649,608.276253029822,583.630876496438,593.977907707641,583.428685125553,596.290526946488,569.810944595203,549.691115556913,540.774786054445,NA
NA,NA,726.581796747566,735.144109363459,763.056872059519,852.471372420026,866.087791781251,874.892593459085,866.386172558173,867.835588966056,897.321100842748,901.387818865997,896.172416446746,924.842794607279,930.385504028801,972.39231381405,982.547168397488,984.71064469463,970.82439194738,992.289946131409,992.448035531176,984.843558941539,951.930569538099,957.205404385037,961.736688896851,939.747306460625,927.959670671941,927.145149576632,904.496324035415,876.495545872225,855.549494712196,830.897011780514,837.861756512731,836.334921974215,836.334921974215,839.330148875087,838.338316946604,828.354868450339,828.402076289045,831.038506929733,782.179520497776,738.419451427732,681.191693345277,687.192556863225,664.16623970738,554.733647992869,512.576499132706,490.963520866862,450.48394045527,443.001128666734,450.693909432999,490.914880958014,492.88545115517,531.492575577397,548.570511806819,597.158116910732,640.794182684371,686.379500832432,694.149076113875,707.968029631846,716.316529446448,726.679040370246,741.807903280949,752.05785849013,751.664818918645,759.080397221782,776.14764461689,781.694051070112,776.188594466765,788.472167012933,794.21521317907,783.013008267207,772.576563538965,758.893953245842,766.893082508898,751.8610225631,761.339889017345,719.809002444398,637.726243814484,601.040764008565,600.870825313357,608.186079982136,585.194892559993,565.636921216824,571.182982939793,553.398590529466,547.946458815889,NA,NA
NA,NA,711.501486620882,741.871877845538,784.527921980433,850,850.918442940534,854.313326241973,867.273757567769,864.632364422092,887.238613876729,893.238059909481,907.554018470655,920.637622387644,947.298698402652,963.019694763604,977.860371389246,986.453817800414,986.184187203705,990.513417644872,984.822239055606,972.043778026621,957.694090439823,948.856183386298,950.328890437411,941.034966240107,936.082261342453,927.859615382072,909.378150272256,885.020167775768,863.36399887219,849.808997347228,838.030847531723,830.878072384578,824.621125123532,809.706737035082,813.873729984346,814.128153725799,805.59054191459,806.225774829855,809.619712979952,797.085437393726,750.0674467226,704.125532533186,686.235831078468,579.816582067459,577.129154096517,551.902245206384,493.029447946071,464.925639491487,470.61158955598,502.470416416125,530.233964727462,582.770002561156,604.057083956553,614.752632792877,639.082803971708,696.402570420002,701.750013479039,715.891053163818,715.869213892316,728.010988928052,743.303437365925,752.080447824566,750.406137215427,750.395714755284,762.376598785823,774.326137151225,764.755636698866,771.876586966856,769.269337646368,776.611228350453,761.145896791604,753.740671584067,743.303437365925,728.815314501457,719.458270150155,679.888717359695,632.455532033676,617.237835044745,594.243216200236,594.243216200236,579.349333215605,571.182982939793,552.225546803845,555.090082779363,536.772763839597,NA,NA
NA,NA,729.775678049968,764.890272194186,804.788531887936,839.977646089118,849.544747464963,859.999674610169,867.41878714576,874.282527788732,880.695747690427,901.561129354784,915.804205181162,901.213803169345,924.271138628671,956.618372771266,980.069103989747,972.753822917186,995.607539444062,986.193437290988,985.147453207026,972.375098289352,942.188255119998,950.105881156179,955.24865872714,943.072902957929,922.284864995947,908.905463096512,906.116097815192,867.800723967551,853.155380062729,834.085629122493,827.682260975489,814.14176739095,814.049455707851,807.377994055665,789.961208306599,798.719394525273,784.537922300776,782.981451352583,785.015923405379,784.440213637905,750.301679578148,700.146642717852,707.990112925315,649.891529414725,611.444676312846,570.087712549569,540.752769655113,500,527.196595828822,530.256223186243,550.567888638631,617.340153807552,640.23904912968,651.88424929633,682.825014187383,697.316284049068,693.223810204605,714.819714775824,724.743126752253,738.664335134708,766.831763136367,752.028436628952,760.329891365367,751.591779863523,760.345316287277,775.362735208672,744.047225811612,760.864151925556,772.141873335413,777.777241192897,774.145072440176,752.080447824566,728.868986855663,727.80593926596,705.779710674655,673.034612290407,637.217290049276,581.431225625027,569.880647894732,579.803153832,566.855717686326,575.543221661067,550.525252922728,550.223010518655,525.594901040716,NA,NA
NA,NA,700.379106961305,773.747305013914,767.32065373192,827.618930234305,849.221637272237,849.898655394611,866.013251201627,878.128193424702,903.097946227629,909.901855601407,908.639092269312,902.558997266447,915.043533239297,902.400712783895,970.336654136746,975.732624603183,986.860677623327,988.875307504252,977.703961559572,965.644209728637,957.037471065922,956.882960450232,951.158330248267,930.385504028801,910.013736160065,901.387818865997,887.605008123868,871.150078101876,861.754997105994,824.621125123532,813.455314787449,798.812584699069,792.491634397047,794.512429103535,785.015923405379,794.512429103535,789.382670192347,760.252615818122,763.145087127777,766.842078622149,770.146090037468,751.982997582838,682.367203197809,701.615654789459,632.39983609292,625,579.762488897758,566.789202437732,552.268050859363,555.090082779363,585.715279463085,642.725086800938,673.005157314961,673.139795910086,694.317928551116,702.833701426359,707.106781186548,724.772276329095,725,738.410340615163,745.758738080243,747.582229964513,759.604209844649,766.770443763836,743.303437365925,752.080447824566,741.882500095174,745.695135183431,756.366907445771,770.146090037468,760.329891365367,741.956684761589,715.638269601589,705.779710674655,687.037413990805,656.220237420334,620.898800777279,566.664600535691,579.762079083443,569.810944595203,559.016994374947,558.911380553244,545.578600012627,525.460436043876,510.291027409387,NA,NA
NA,NA,NA,747.452142490203,784.916149510011,825.677543837173,837.636540443688,832.062321585394,870.7037383634,878.208403512515,905.883546599672,906.835403717086,889.844073469787,909.571603128032,897.505141949502,900.28188694633,942.946604779671,973.522995834139,976.281209488332,981.201595382232,975.296370232984,974.967927617688,972.412415376443,956.882960450232,940.809341037448,930.01725249351,896.146248273038,883.883476483184,886.672093597595,905.605868940909,873.53331577688,851.46931829632,806.045672163562,798.827265433523,790.569415042095,794.512429103535,779.606141967861,770.146090037468,764.481603862945,759.919269314244,756.637297521078,743.303437365925,751.664818918645,743.276926802321,740.099630962479,710.682153061856,679.118948277419,670.118583583917,661.862835353149,614.752632792877,576.910303615934,631.898545544111,672.092134654783,687.84082460988,680.913511544831,673.145600891813,682.825014187383,698.842160149368,726.705952859181,721.500122432123,719.765482902527,731.864058415222,742.041103982791,739.207875119812,749.905776503074,740.925897472426,738.24115301167,728.353988194561,728.847536907472,749.166203188585,735.111981701713,752.080447824566,742.041103982791,734.904247627174,691.335197506968,670.550356896744,670.726963498846,640.658826332589,566.376831440653,564.679809065599,553.270945890893,561.637250266687,548.862460002504,560.122345356451,525.594901040716,506.032651214958,NA,NA,NA
NA,NA,NA,674.152806796533,737.834798029615,806.225774829855,816.241385865725,830.735468449189,854.64174831258,843.471871125135,870.314434124924,921.073269399767,903.353001036482,905.883546599672,907.403022409532,907.948641379868,925.337776166087,941.010003928942,973.684990013305,976.184992174594,968.961804850774,962.094070244693,972.753822917186,951.635049393618,951.034609595181,920.562685258566,903.080598491804,887.337065816843,902.836642449168,903.119593409422,884.492936823775,867.68322875031,824.564123226274,784.56789259379,771.706522402747,761.577310586391,761.546510728913,745.821694508815,757.928129045292,735.429524766155,743.017452892158,735.272058492637,728.868986855663,725.430906427345,725,717.801053438101,707.973552178317,711.135147045918,694.114249550642,650.480591562884,619.55791338338,673.069820920744,684.605118828592,699.559180079945,687.623651128641,701.716392024389,705.7353777082,719.809002444398,718.646613431963,721.543484483091,727.908464097006,730.100515715575,743.271879031347,750,756.224060206313,743.303437365925,726.722092687432,705.779710674655,707.504363048506,728.868986855663,711.512473537885,718.435414104196,696.867848954137,711.012456652392,693.134930843161,670.407071264637,637.377439199098,609.853002904483,553.270945890893,548.199553565696,555.047795473115,548.862460002504,536.815348000718,527.068309677789,527.286316130722,494.425345655347,NA,NA,NA
NA,NA,NA,NA,726.330868686906,761.777293869899,800.312289836006,797.241318294935,815.84511446106,851.46931829632,863.133825081603,869.581391329784,921.403688666425,897.56672589682,903.084964570276,929.081595147897,937.008086797413,930.195663849194,957.519359713703,972.347865424493,982.780658502703,984.88578017961,950.328890437411,954.487522997728,943.39811320566,925.27003489712,901.520801787093,916.810256978491,901.734439843572,890.224690738243,880.516878001274,845.913842958022,835.276867484115,807.791493368822,782.792105733304,738.590150468293,728.847536907472,727.978766522036,738.653755581632,723.813494603972,735.299749827265,721.532653748333,717.964514158228,711.418647518867,707.665606758143,715.504933992375,703.950818275548,703.917389373678,682.825014187383,651.920240520265,658.30283900998,667.083203206317,675.462804305315,682.367203197809,691.465834296967,682.825014187383,701.78344238091,705.733211049243,716.103791305133,721.500122432123,719.809002444398,715.891053163818,736.765716564722,738.419451427732,738.664335134708,738.54189328122,705.779710674655,695.203411853887,711.062142354175,707.322160498925,730.015545546924,720.682658515889,703.771787202837,682.136663140159,672.825364825214,618.869614498383,604.152298679729,601.928997153623,550.511011547329,561.805126356106,550.525252922728,548.826782273673,540.731193132598,525.505411650836,505.593710403917,NA,NA,NA,NA
NA,NA,NA,NA,677.217997929199,691.465834296967,756.303951017199,778.459367256226,778.620575119872,796.954810641356,828.47612308701,855.058229058713,883.803783263365,878.29547818763,876.257380882865,884.590300647707,901.734439843572,931.226471966413,948.625582137686,955.207695970963,991.360580238272,977.840381998096,975.320460156558,951.963428749101,958.630977093021,949.704112580628,915.354722804529,922.378726779806,919.918474648705,905.80145780747,877.852493303972,851.404993896849,830.896872837227,800.390529679106,773.310632371861,738.419451427732,715.891053163818,715.891053163818,716.201328957452,740.889652177673,728.544538513366,707.979074724788,715.212403807308,698.819738394622,704.450140180269,700.446286306095,691.341101211725,679.153885360306,681.018495231654,675.462804305315,656.028633698667,656.172546895204,665.475622137557,679.958257408486,673.11653579629,681.191693345277,700.446286306095,703.917389373678,716.32743909472,728.675018561591,711.073132666395,711.490499703878,721.413083348381,710.512174940021,715.770605151382,715.399535488462,704.649523101924,693.271231193102,694.588425265506,715.65608623935,704.006392016436,680.073525436772,673.145600891813,651.920240520265,638.093663357066,604.669331122391,581.377283769403,569.810944595203,561.735423056577,566.580662490982,555.090082779363,553.643791420363,540.832691319598,523.706448497971,497.06025705586,NA,NA,NA,NA
NA,NA,NA,NA,666.363236526937,705.500772894601,735.686326228471,758.716125405236,784.387375814755,778.540138765964,825.017424161834,848.896342317482,874.982119122865,879.168388009612,866.386172558173,893.163110149863,900.676561697174,891.064592063836,925.846359510427,974.774598857952,977.060795743214,988.954534774115,980.114789195633,951.60957106748,951.302554658465,938.416218956173,930.38970329642,928.944078583025,921.886554974619,906.150726654339,873.14515092936,832.057077969765,824.440325400784,818.821323711145,796.929898950892,776.611228350453,760.128303853062,749.89554236272,730.121965663765,720.990684692846,728.555448161639,694.588425265506,694.62219947249,695.060695241632,695.071938722892,696.913886055773,691.465834296967,680.033222850488,671.563690676249,661.910114743686,656.772449956904,640.312423743285,656.172546895204,687.726679448684,690.154358497995,675.462804305315,700.217564574221,700.161542387084,710.478935677662,728.820624519967,711.062009940736,704.450140180269,705.960631983207,710.990345260318,711.708899398281,704.411259605729,704.222719246304,694.62219947249,706.670504437051,705.679803967311,694.62219947249,674.951163242401,661.12393240909,657.964604577494,606.425998142897,604.623974033468,592.663479556485,575.488718677051,565.643932041355,561.805126356106,577.149486563639,570.087712549569,550.567888638631,515.251046906134,481.833079764317,NA,NA,NA,NA
NA,NA,NA,NA,NA,678.675511704354,704.444593328221,724.772276329095,729.441803905508,738.025796613075,760.13869457571,830.829586514925,851.177168393332,866.191250135502,869.545351946601,886.002257333467,887.750837069737,896.054103648017,920.668325529447,951.769637036233,990.672670180102,972.479207421345,973.717104707522,960.362423147653,941.076511235936,928.014494738766,938.361979776889,933.323885798653,918.904933818941,896.172416446746,873.949267863604,831.038506929733,826.490104770611,807.377994055665,800.390529679106,778.620575119872,777.380655729754,760.646130003123,719.689214440882,728.390607465321,726.575785057636,697.759112514494,694.936533034987,696.29557437015,691.465834296967,696.732798587708,700.261229570561,677.7105308569,664.266512779321,658.072104499996,645.174395028197,660.018939122204,671.458129552095,679.842197132101,682.251933168984,682.194593225497,700.311927616515,693.226096270699,715.891053163818,715.017482303755,710.556396795761,710.940797116601,693.929828229304,688.026371043,694.62219947249,700.446286306095,700.223143153047,707.543062357774,705.779710674655,696.170841284908,686.476510887299,672.326967616212,660.018939122204,630.971473206198,604.669331122391,583.09518948453,589.848036145903,581.227193594869,571.11436980364,577.16981903076,577.16981903076,559.446200383461,534.438958160799,512.880734170635,NA,NA,NA,NA,NA
NA,NA,NA,NA,NA,636.111200491196,687.141613827057,691.39789513725,707.106781186548,711.073132666395,728.772262184271,775.14441742236,813.17279836453,867.827747885489,885.904834160706,886.55710142696,895.918162468914,900.941435823899,929.019967574613,938.219832667391,974.981678729733,965.563115973702,973.717104707522,956.731376759949,951.657715062234,943.39811320566,934.711566658429,924.855970388563,904.635674417646,887.750837069737,858.502832980669,843.160948638694,835.360331551811,832.08587985428,782.5237116998,793.796473503456,761.987532706409,759.919269314244,741.666405244168,719.721963360656,725,723.087225014602,699.958957354388,700.446286306095,711.062142354175,707.029271457295,697.316284049068,680.073525436772,707.667158570254,691.249813794227,694.149076113875,687.806716766816,682.510053109289,687.703984074578,703.844588288258,704.350043833414,693.180843193442,695.026921034648,704.350043833414,704.006392016436,701.750013479039,691.375209054789,696.419413859206,691.465834296967,697.316284049068,697.316284049068,703.917389373678,701.750013479039,700.446286306095,689.655711206686,682.367203197809,655.266426917727,629.483915600709,602.160472175125,599.139666681149,570.635610525666,575.543221661067,570.635610525666,570.032683954565,570.087712549569,577.149486563639,550.453897465066,539.471615173414,532.936478554715,NA,NA,NA,NA,NA
NA,NA,NA,NA,NA,NA,624.899677935468,679.153885360306,696.166057069403,724.87022506111,735.186858490702,755.943089754442,815.395985570904,832.541290267336,870.7037383634,870.268655993323,913.515487773234,917.586749046424,924.872961866218,955.146198867341,958.18839483684,972.705587142941,964.505906485654,956.882960450232,950.328890437411,956.878693479504,933.129875183601,930.368424271678,910.421513560067,874.865658913658,851.266495080703,843.226298197659,837.944432518496,819.917570852893,804.87687683703,781.999400797808,760.345316287277,755.639329098427,745.301152146095,742.921126154978,726.700566528839,715.891053163818,703.917389373678,707.322160498925,710.633520177595,715.869213892316,727.80593926596,715.671446364386,723.222495988845,700.334392940724,707.029271457295,698.343796756176,707.990112925315,696.822951198356,703.693277560316,720.990684692846,707.106781186548,695.071938722892,700.217564574221,700.368036249669,704.006392016436,705.7353777082,704.293957198929,686.442198462713,691.465834296967,695.071938722892,696.335028934844,680.050534434861,680.073525436772,680.073525436772,677.001839124297,620.898800777279,605.179464461471,584.992701189108,560.291846921817,561.524195413169,550.525252922728,570.087712549569,576.99276636873,575.324371180484,566.720115092636,553.398590529466,546.008241696039,NA,NA,NA,NA,NA,NA
NA,NA,NA,NA,NA,NA,569.7053307735,594.097888665155,672.681202353686,682.309861253783,711.418895422308,751.53228896209,816.217429464218,831.038506929733,854.400374531753,855.131568824354,873.212459828649,911.23263764158,921.920500351954,937.083240699566,915.491671180028,956.538991387397,977.844356270642,958.155758977175,944.986681888709,941.076511235936,937.083240699566,930.38970329642,908.982948134892,883.652459176775,853.118503481066,845.299084723392,825.217157629634,814.315277646613,807.776862776135,789.961208306599,762.891661107972,750.406137215427,729.301507965642,750.207164814997,735.504799489357,727.978737896793,728.868986855663,727.978766522036,721.413083348381,726.462226347614,745.758738080243,735.111981701713,726.679040370246,721.270735375453,714.653202403813,721.380334428607,725.322890143982,707.46003008205,731.789181626233,726.700566528839,726.679040370246,723.179133937877,710.567434996288,696.385726980798,696.419413859206,703.950818275548,701.78344238091,692.122127313523,680.050534434861,679.061608333931,691.341101211725,682.32703672484,679.153885360306,656.196392157769,640.312423743285,625,585.735306490393,570.087712549569,540.832691319598,522.015325445528,535.023363975817,570.005249796773,571.128060683517,575.324371180484,575.420531382682,555.054807380363,536.772763839597,NA,NA,NA,NA,NA,NA
NA,NA,NA,NA,NA,NA,NA,570.087712549569,618.71639173043,665.439945025608,686.80834107717,742.2654374913,781.424980404389,819.90797475439,840.37751732663,867.490152686612,895.91370005697,917.586749046424,916.856041044612,929.183204684563,930.38970329642,943.340073156417,954.365907813895,950.27946257616,939.676428687536,935.026985634802,927.968115076093,928.035559663529,887.764045228235,874.472408318262,853.118503481066,838.120959527609,822.114924874791,827.429010358483,803.361555816354,794.329600795918,780.564637094176,759.264931523146,750.122745593795,751.602353525394,745.153691711925,756.61663565534,745.821694508815,750.301679578148,749.89554236272,741.956684761589,752.080447824566,748.061687043481,731.789181626233,728.815314501457,743.287658198636,752.905411445774,745.727179745664,730.06829330956,724.913119147277,721.455811529343,724.956793556039,732.022611940434,728.395192998496,715.825401282743,704.006392016436,707.034818309343,700.345614494923,704.006392016436,686.373778195062,700.435129148443,695.75317940924,680.073525436772,672.681202353686,650.480591562884,637.117923474101,602.079728939615,566.754658765184,535.023363975817,535.023363975817,536.772763839597,530.027924407925,555.090082779363,571.155601180037,561.805126356106,566.223516474879,548.292804986533,NA,NA,NA,NA,NA,NA,NA
NA,NA,NA,NA,NA,NA,NA,NA,588.430114796991,626.84656787971,651.848178239442,679.900327323148,738.00684885777,805.062109405231,825.178961842275,881.491560974254,896.102566517084,920.826221035364,928.035559663529,939.407925661931,951.971638232989,955.0390298045,939.655680332671,927.665055761935,947.6908995046,931.688823842783,928.035559663529,908.639092269312,894.427190999916,872.13817712562,852.97951847892,847.663459733385,819.500769176195,827.304611910909,806.079893701086,804.954469778625,766.872686393171,775.403120963541,753.740671584067,770.146090037468,749.019634043018,751.455784379827,751.170264990927,752.054453752812,765.215342217395,755.810822891549,755.507999245634,751.591779863523,751.014667830553,766.542277726839,768.431313792577,776.611228350453,752.635176620072,745.727179745664,735.186858490702,736.088419254407,735.111981701713,727.768703594444,741.871877845538,728.783034844955,720.848336719918,710.478935677662,703.917389373678,707.990112925315,700.446286306095,713.218541342386,698.910538274481,659.971455350931,654.31261641512,636.161120746176,601.040764008565,594.137285068895,568.397226117252,527.375577743225,531.433385766782,525.580028514698,531.507290636732,550.567888638631,550.511011547329,547.056876329003,543.876604600259,NA,NA,NA,NA,NA,NA,NA,NA
NA,NA,NA,NA,NA,NA,NA,NA,577.16981903076,632.455532033676,640.800280898815,679.003678248594,705.779710674655,740.925897472426,810.593209140047,827.413932890038,860.958767886128,872.13817712562,895.865192947657,917.86521320317,951.930569538099,953.39210002202,936.082261342453,943.298528160589,928.035559663529,939.414711402797,916.856041044612,919.90148317105,883.347702664551,860.840149766256,851.145722627973,845.573523063064,837.547438189335,839.850069498815,816.078019644959,794.225193080154,760.252615818122,745.821694508815,755.810822891549,771.178068382453,766.564272235778,752.080447824566,750.910210193274,761.94647729593,777.625675073509,770.146090037468,761.577310586391,766.893082508898,765.873004773908,776.611228350453,784.467812168663,785.015923405379,764.93936404837,761.688520540081,751.923978991672,735.272058492637,743.303437365925,753.714723425749,751.644008682162,738.651152907826,728.868986855663,721.110255092798,706.619870378353,702.60919012613,701.649341667867,686.476510887299,680.628100779714,656.220237420334,637.377439199098,618.970920156997,583.630876496438,580.319584545278,548.292804986533,515.388203202208,520.21630116712,522.015325445528,536.692230365226,548.848218627104,555.047795473115,548.791104544842,531.463120933575,NA,NA,NA,NA,NA,NA,NA,NA
NA,NA,NA,NA,NA,NA,NA,NA,NA,608.789783094296,640.714709856322,673.145600891813,705.779710674655,743.187459810145,789.64049265721,806.225774829855,850.367567584747,873.185602761073,883.883476483184,896.076316407546,908.982948134892,943.348320683125,939.389749091631,930.053761886914,929.045208803102,901.108740662803,887.764045228235,892.108450815609,858.045168355241,855.012468793363,850.25703378974,825.150268083578,810.512006679722,815.09541958704,796.890403991097,747.262628952774,749.019634043018,761.94647729593,760.252615818122,757.807176890884,750.212212585971,753.740671584067,764.693886535549,776.58102566578,767.484347887461,778.570341450637,775.403120963541,780.766751480976,779.530683323705,790.430577751177,795.662045791016,781.424980404389,776.404950412509,760.345316287277,762.545782211854,769.916470622452,764.740236770127,763.031724792884,776.535579804007,745.821694508815,745.632180971386,728.783034844955,710.996057172868,695.026862417568,673.862111940881,680.86664911975,670.550356896744,637.377439199098,632.418386828264,600.098364198796,570.587530424567,559.016994374947,534.438958160799,525.460436043876,530.889233619499,515.373035798386,527.375577743225,531.507290636732,547.961068961265,538.51648071345,NA,NA,NA,NA,NA,NA,NA,NA,NA
NA,NA,NA,NA,NA,NA,NA,NA,NA,NA,617.454451761423,673.145600891813,705.779710674655,750.385292295142,775.403120963541,798.472027330779,818.105260308399,840.386815698581,863.595175712571,883.652459176775,894.260612355624,919.110056202505,928.963752739556,924.796401026115,939.41640120165,919.238815542512,896.172416446746,863.120239549062,850.367567584747,832.541290267336,816.173918158307,818.878771920601,807.619377470773,807.44316377101,786.940644147197,760.13869457571,741.99889437219,758.021388421966,756.564881872653,760.252615818122,753.688775267431,756.637297521078,770.013760962504,790.350635897608,778.276383917848,782.593821831913,789.263546970633,790.38075437025,782.983037974194,800.390529679106,789.595646552303,776.611228350453,778.570341450637,778.570341450637,764.852927038918,772.172260574025,784.856039698241,752.884611545999,754.291521328968,745.700749302352,742.041103982791,728.868986855663,707.322160498925,703.950818275548,674.037233305105,660.249673632188,653.944426728226,637.377439199098,605.18592184551,585.708583375436,570.56688448126,566.789202437732,550.567888638631,535.023363975817,520.21630116712,521.093325502844,515.251046906134,515.388203202208,520.095598717998,NA,NA,NA,NA,NA,NA,NA,NA,NA,NA
NA,NA,NA,NA,NA,NA,NA,NA,NA,NA,NA,649.963902213841,705.779710674655,735.526249437547,772.172260574025,801.531715908696,816.241385865725,828.020039456189,850.367567584747,853.302408293801,881.063190724331,880.695747690427,887.720000530866,895.02946108116,892.187889320479,909.979370062796,874.945768028895,854.216988559077,837.974875117454,839.245712462982,813.8639509458,824.986901862812,805.629396299735,805.587992696408,784.467812168663,728.863449244803,727.795539771547,775.205530652907,753.688775267431,751.664818918645,750.416550990182,750.416550990182,776.58102566578,781.389925338333,794.968531126049,776.596127008117,778.957932476747,783.969568839151,790.554580731473,807.531270620891,790.539746420851,797.647773495044,770.064764849254,765.107641482792,770.146090037468,772.172260574025,760.231953952384,749.979155079715,761.577310586391,760.345316287277,728.522699241865,714.929857084608,707.504363048506,700.221775005867,661.561472017926,645.095297802332,617.480487653176,625,601.93631126847,568.397226117252,565.518714184881,555.090082779363,550.567888638631,534.438958160799,517.741900960103,509.809688032369,500,503.115294937453,NA,NA,NA,NA,NA,NA,NA,NA,NA,NA,NA
NA,NA,NA,NA,NA,NA,NA,NA,NA,NA,NA,626.694857289553,682.583028854994,715.836320918494,749.166203188585,794.21521317907,823.47086289596,831.038506929733,853.302408293801,874.642784226795,876.427407147905,867.44479129226,879.275269753449,878.150499389058,857.464682811714,867.827747885489,855.131568824354,854.36373632881,831.038506929733,813.941029804985,814.14176739095,806.040812094947,784.537922300776,782.623792124926,756.908539560246,738.54189328122,741.266904699882,750.165003334128,756.512985556017,755.759069108862,760.13869457571,760.180200169697,775.403120963541,783.175565117372,797.19222328381,797.647908293165,785.010946129359,803.50793399941,794.595117107916,809.706737035082,807.368308496308,795.886682529317,765.251181595404,761.951580079259,775.190370002175,775.812149349858,763.180981625732,754.296716690292,745.821694508815,725.322890143982,702.181837839886,695.271190159883,680.073525436772,673.145600891813,648.471546215506,626.84656787971,630.872106631024,619.947502868153,585.714395114312,581.213928556776,570.005249796773,561.458742576198,536.729028843003,535.023363975817,506.211418282915,505.593710403917,502.493781056044,506.134015199278,NA,NA,NA,NA,NA,NA,NA,NA,NA,NA,NA
NA,NA,NA,NA,NA,NA,NA,NA,NA,NA,NA,NA,650.15301275379,704.210019738916,749.082590471591,777.059917822001,794.11900871343,806.225774829855,840.386815698581,863.133825081603,867.273757567769,860.159624802106,840.386815698581,830.867889795781,837.974875117454,845.946215784432,849.181433278433,824.912993867397,822.272829178813,800.380766437128,803.267779095761,794.463141427767,781.324236396654,778.595458285254,752.733338074429,759.111322534449,775,745.568575858047,759.127535137544,760.345316287277,776.611228350453,778.600497224505,784.537922300776,800.390529679106,806.177256001667,805.585632145846,801.56097709407,805.210618219191,802.473120370374,805.171650665187,778.327387804598,770.146090037468,756.523376278665,759.645761352073,760.345316287277,769.972859689624,775.312229239994,772.172260574025,739.170355763527,693.271231193102,682.367203197809,691.341101211725,675.2181428923,645.174395028197,612.818664786066,620.898800777279,632.168821668302,602.079728939615,583.630876496438,565.685424949238,550.546570780679,545.878852936628,540.803769752185,534.438566289321,506.211418282915,488.644962690043,474.275584214696,NA,NA,NA,NA,NA,NA,NA,NA,NA,NA,NA,NA
NA,NA,NA,NA,NA,NA,NA,NA,NA,NA,NA,NA,NA,670.820393249937,710.027585259749,749.711854771079,772.106270848211,778.408712992812,797.652806677191,811.249036979398,827.938117252052,803.429998891402,801.56097709407,795.184313087517,835.45417336204,822.282271745472,803.005746865392,827.314208009412,822.258529108377,824.621125123532,798.620819173737,795.327539806394,766.026297726578,751.787302747653,770.013760962504,765.847502830533,759.049471909115,776.541525456303,752.080447824566,760.2989660527,766.893082508898,764.852927038918,766.852290277443,800,816.183876964207,822.067062668797,817.389136213591,809.706737035082,806.907945557627,814.1659082998,784.482624154815,775.664431942001,766.842078622149,765.049928009358,752.070057101918,745.91051613708,741.134535884649,738.209350455001,730.329084240948,702.398165069755,667.012785945642,671.434400606283,642.65047186787,621.221223169162,610.327780786685,601.928997153623,592.663479556485,604.609735306668,592.079425753517,575.543221661067,556.93390138421,550.567888638631,535.023363975817,534.262373650359,506.203696934427,480.486081416847,NA,NA,NA,NA,NA,NA,NA,NA,NA,NA,NA,NA,NA
NA,NA,NA,NA,NA,NA,NA,NA,NA,NA,NA,NA,NA,NA,712.799765159074,721.759476427968,775.322349453803,781.143008145216,752.002213408119,790.499996396636,783.175565117372,782.5237116998,782.458376688228,760.242005431494,777.817459305202,784.467812168663,782.973037653851,800.145001813181,807.000619578449,783.022988168291,794.159949327656,776.208734813001,782.668086101705,760.288635119831,769.931870551191,769.850628994195,790.569415042095,774.032382171385,778.570341450637,778.620575119872,776.966590852708,774.571602553631,775.403120963541,800.325871999906,826.271300198298,806.225774829855,813.786872086615,794.512429103535,801.910264285254,821.174051296043,792.299841956871,766.760188210836,753.89900566972,764.832476402477,750.416550990182,760.017622855424,740.254929259599,701.309481676072,703.917389373678,684.313148752409,660.018939122204,637.222721209109,617.224996793133,605.082292899587,610.327780786685,624.899677935468,608.596057617153,596.251033530395,583.09518948453,565.37291186328,558.918821585058,532.315897474805,545.733619753033,525.460436043876,514.720512603224,NA,NA,NA,NA,NA,NA,NA,NA,NA,NA,NA,NA,NA,NA
NA,NA,NA,NA,NA,NA,NA,NA,NA,NA,NA,NA,NA,NA,NA,696.419413859206,728.868986855663,742.707986926799,751.670860340905,761.234193606325,783.003013071243,760.313491709771,743.303437365925,761.577310586391,766.755243372592,766.713963431447,755.429764829187,784.133832621934,798.481981882819,776.208734813001,784.644177571181,770.146090037468,805.475348829434,749.124396830088,721.500122432123,784.467812168663,780.773879235248,784.916149510011,786.720340968483,776.253384293121,795.852326193672,769.808370224558,800.115333191937,799.764235376052,784.81185508855,801.56097709407,807.682418677787,801.531715908696,801.531715908696,804.984287466082,787.222659448714,775.796724427948,752.080447824566,759.919269314244,749.832585934148,731.826620020728,705.746471412295,660.018939122204,626.996810199223,648.453042743513,629.371817710691,632.862806822161,614.922543225432,605.173001555938,618.217523198134,618.465843842649,608.686771794998,585.168071197295,558.250611669507,552.225546803845,544.34794915513,527.331060825662,526.462980933189,520.21630116712,NA,NA,NA,NA,NA,NA,NA,NA,NA,NA,NA,NA,NA,NA,NA
NA,NA,NA,NA,NA,NA,NA,NA,NA,NA,NA,NA,NA,NA,NA,NA,NA,686.143238137412,711.324821499849,707.106781186548,764.879858419431,742.511842237852,742.974703764915,760.345316287277,777.79735024905,755.717563514874,743.187459810145,765.169291184091,784.684711620786,769.972815756848,767.433344000711,760.642416911025,760.345316287277,751.602353525394,728.620648728994,740.408390773311,775.98228357635,775.403120963541,794.115132753943,775.067731257113,770.079925499986,811.23358034779,806.167464858158,785.015923405379,798.551400528278,794.512429103535,800.233741654964,807.765044801529,803.990322982253,807.648511031975,750.416550990182,745.790216294529,745.821694508815,735.686326228471,728.868986855663,715.891053163818,689.452284027397,663.789209835543,632.306598840511,629.483915600709,604.50663465858,617.121897934381,594.243216200236,598.161472569925,605.18592184551,594.117777055946,608.744734828686,585.755382439074,571.182982939793,566.496724446272,549.957320124663,535.87619640941,NA,NA,NA,NA,NA,NA,NA,NA,NA,NA,NA,NA,NA,NA,NA,NA,NA
NA,NA,NA,NA,NA,NA,NA,NA,NA,NA,NA,NA,NA,NA,NA,NA,NA,NA,661.515933241001,691.443207758338,694.543290343102,707.548584904245,745.758738080243,741.953581981029,759.64043347699,721.105057171424,703.408070351945,726.679040370246,735.272058492637,757.419816467463,747.545370056789,766.729388353358,737.999377966371,731.826620020728,730.329084240948,738.00684885777,751.041250762865,781.056362542189,784.562852382967,779.867042806594,789.0633841463,827.876196575051,805.968278729529,778.620575119872,781.424980404389,751.664818918645,794.384185130755,805.062109405231,807.755368532882,792.8376999329,770.064764849254,736.951400484449,728.489806268042,702.867130328229,703.917389373678,672.994040949676,653.086523769007,632.562070226179,608.699686563076,608.686771794998,604.669331122391,592.630450887783,581.336618835161,594.243216200236,602.053754816339,594.097888665155,604.818410812859,579.762488897758,563.830260729381,555.068939126239,520.095598717998,NA,NA,NA,NA,NA,NA,NA,NA,NA,NA,NA,NA,NA,NA,NA,NA,NA,NA
NA,NA,NA,NA,NA,NA,NA,NA,NA,NA,NA,NA,NA,NA,NA,NA,NA,NA,NA,654.31261641512,673.145600891813,667.083203206317,721.374067338618,680.050534434861,685.689810794487,657.647321898295,682.136663140159,692.662632684266,700.221775005867,715.891053163818,735.696948478108,711.073132666395,729.796074192162,709.475458066674,707.106781186548,731.692197479197,731.821309287979,765.302757960995,774.468516789602,774.794060063313,780.766751480976,777.028976909936,772.281424883627,784.321662928179,765.878336918434,765.261393250698,764.852927038918,799.851187877346,800.351448072966,778.742793718502,766.831763136367,740.1368167221,704.006392016436,696.250321292893,671.599564768658,673.145600891813,642.748006609122,595.292164215064,600.520607473216,601.040764008565,585.033366123351,586.792616175724,577.16981903076,600.745386169067,588.363580069391,602.079728939615,601.040764008565,583.292297397766,558.87653427881,528.394472259794,NA,NA,NA,NA,NA,NA,NA,NA,NA,NA,NA,NA,NA,NA,NA,NA,NA,NA,NA
NA,NA,NA,NA,NA,NA,NA,NA,NA,NA,NA,NA,NA,NA,NA,NA,NA,NA,NA,NA,NA,637.377439199098,669.576330757958,618.970920156997,651.721264527725,654.02350116997,666.666181431464,648.483487529336,661.612361875094,704.378570048658,720.870310553925,707.106781186548,704.439046476173,692.345965283833,684.605118828592,715.387418741999,710.628085129562,719.557122664339,750.052479669,776.368274704414,761.801735920429,775.057475704112,776.392803107327,778.620575119872,753.449164923994,771.989277235647,759.678909651823,776.132951753307,763.165614833016,778.327387804598,738.664335134708,724.662811838447,698.382514177064,703.518817894416,679.107746847119,660.225944686376,637.297364624187,600.442140082303,599.856080405006,600.402097745253,581.431225625027,575.543221661067,582.947055223186,570.621913076264,583.630876496438,590.021186060297,571.100572585033,539.661336774202,NA,NA,NA,NA,NA,NA,NA,NA,NA,NA,NA,NA,NA,NA,NA,NA,NA,NA,NA,NA,NA
NA,NA,NA,NA,NA,NA,NA,NA,NA,NA,NA,NA,NA,NA,NA,NA,NA,NA,NA,NA,NA,NA,629.221090714616,605.658898865744,624.096005435807,626.950139604313,638.550371790037,637.377439199098,626.74551011886,679.321687300853,682.590386055226,679.929292365817,679.153885360306,669.99703365249,701.699548585185,699.994309228388,706.608078350599,701.945556554835,719.711053712384,741.871877845538,757.419816467463,756.110079174122,760.06583845981,728.010988928052,750.029487351067,735.026029691005,740.536939916506,760.09709715485,759.049471909115,735.686326228471,749.631801462316,728.308343332536,710.985018972341,676.756725592988,655.944091360531,659.876281054527,645.51855698543,617.422754787061,605.069288986203,590.021186060297,596.343022093828,569.936162451678,600.271262215804,565.37291186328,566.789202437732,555.090082779363,558.967907980003,NA,NA,NA,NA,NA,NA,NA,NA,NA,NA,NA,NA,NA,NA,NA,NA,NA,NA,NA,NA,NA,NA
NA,NA,NA,NA,NA,NA,NA,NA,NA,NA,NA,NA,NA,NA,NA,NA,NA,NA,NA,NA,NA,NA,NA,NA,581.703773351058,583.251066021368,604.565613031162,620.592087529381,627.104231903378,626.946889944242,657.563954261216,646.283353387175,674.933736257843,680.015891422629,670.820393249937,672.907596641023,674.953640022295,696.402570420002,719.74910844264,718.639744773846,742.462120245875,749.546601460381,707.106781186548,715.891053163818,728.395192998496,726.592159517523,728.868986855663,735.601126226536,707.548584904245,711.512473537885,719.809002444398,698.343161893738,672.958869564136,667.97752249323,648.313351763777,638.093663357066,656.112737497833,632.948751771621,596.343022093828,583.630876496438,580.278919611035,557.00445218221,575.255283835388,563.73176718956,548.501872456461,NA,NA,NA,NA,NA,NA,NA,NA,NA,NA,NA,NA,NA,NA,NA,NA,NA,NA,NA,NA,NA,NA,NA,NA
NA,NA,NA,NA,NA,NA,NA,NA,NA,NA,NA,NA,NA,NA,NA,NA,NA,NA,NA,NA,NA,NA,NA,NA,NA,NA,584.773850708525,601.040764008565,625.184368496008,618.440559040618,636.260487321351,654.31261641512,651.920240520265,654.0702389703,672.817434347573,673.11653579629,682.367203197809,682.338532225796,682.338532225796,726.722092687432,728.555448161639,728.760501485677,705.779710674655,724.068055982707,728.815314501457,716.030506621859,697.316284049068,717.297557194118,689.450550171821,682.136663140159,662.952288964923,662.142725950763,669.812227790659,672.857951540593,654.302361691494,659.780480433221,638.809887515034,624.979038433904,604.604591067822,579.87067523716,570.087712549569,570.005249796773,554.977027925845,NA,NA,NA,NA,NA,NA,NA,NA,NA,NA,NA,NA,NA,NA,NA,NA,NA,NA,NA,NA,NA,NA,NA,NA,NA,NA
NA,NA,NA,NA,NA,NA,NA,NA,NA,NA,NA,NA,NA,NA,NA,NA,NA,NA,NA,NA,NA,NA,NA,NA,NA,NA,NA,NA,NA,602.079728939615,618.465843842649,630.209099933385,664.953807344452,659.768465644149,650.942071367053,648.471546215506,654.252807017749,677.972794861847,673.145600891813,675.393264256524,703.53560271654,707.934852869048,691.465834296967,705.204317793879,696.954002302526,693.112363381959,676.333591506202,679.003678248594,667.683590366408,688.353556096813,663.334770214819,648.623193856016,650.468576773812,659.762444904777,651.836136721099,642.65047186787,630.927801941274,618.894815325117,577.16981903076,555.090082779363,NA,NA,NA,NA,NA,NA,NA,NA,NA,NA,NA,NA,NA,NA,NA,NA,NA,NA,NA,NA,NA,NA,NA,NA,NA,NA,NA,NA,NA
NA,NA,NA,NA,NA,NA,NA,NA,NA,NA,NA,NA,NA,NA,NA,NA,NA,NA,NA,NA,NA,NA,NA,NA,NA,NA,NA,NA,NA,NA,NA,624.905680647018,624.949838967734,626.272110493442,645.016200576468,646.792640766613,654.252807017749,667.821059033968,644.51403081005,640.800280898815,664.213418108607,683.860083783662,673.069820920744,670.656546238172,672.657942239889,669.081205915317,649.458554581532,650.970668290376,636.210804033763,637.217290049276,637.473113389206,643.26485851101,642.736390640884,660.385440599625,656.003067164568,637.821682484766,624.899677935468,575,NA,NA,NA,NA,NA,NA,NA,NA,NA,NA,NA,NA,NA,NA,NA,NA,NA,NA,NA,NA,NA,NA,NA,NA,NA,NA,NA,NA,NA,NA,NA
NA,NA,NA,NA,NA,NA,NA,NA,NA,NA,NA,NA,NA,NA,NA,NA,NA,NA,NA,NA,NA,NA,NA,NA,NA,NA,NA,NA,NA,NA,NA,NA,NA,NA,NA,595.273372438985,617.454451761423,618.94215720718,626.996810199223,642.961294944689,624.918323048033,648.78297097915,662.332198329006,656.220237420334,648.831812577645,625,626.694857289553,626.360427134874,631.818807875717,650.936117253629,632.949445058608,620.72063400291,614.918693812442,603.904571617741,NA,NA,NA,NA,NA,NA,NA,NA,NA,NA,NA,NA,NA,NA,NA,NA,NA,NA,NA,NA,NA,NA,NA,NA,NA,NA,NA,NA,NA,NA,NA,NA,NA,NA,NA
NA,NA,NA,NA,NA,NA,NA,NA,NA,NA,NA,NA,NA,NA,NA,NA,NA,NA,NA,NA,NA,NA,NA,NA,NA,NA,NA,NA,NA,NA,NA,NA,NA,NA,NA,NA,NA,NA,NA,NA,NA,NA,NA,NA,602.066741877977,NA,NA,NA,NA,NA,NA,NA,NA,NA,NA,NA,NA,NA,NA,NA,NA,NA,NA,NA,NA,NA,NA,NA,NA,NA,NA,NA,NA,NA,NA,NA,NA,NA,NA,NA,NA,NA,NA,NA,NA,NA,NA,NA,NA
