track_id,fase,inicio,fim
19790001,incipient,1979-01-01 00:00:00,1979-01-01 18:00:00
19790001,intensification,1979-01-01 21:00:00,1979-01-03 12:00:00
19790001,mature,1979-01-03 15:00:00,1979-01-04 06:00:00
19790001,decay,1979-01-04 09:00:00,1979-01-06 00:00:00
19790006,intensification,1979-01-01 12:00:00,1979-01-05 09:00:00
19790026,incipient,1979-01-08 09:00:00,1979-01-08 15:00:00
19790026,intensification,1979-01-08 18:00:00,1979-01-10 00:00:00
19790026,mature,1979-01-10 03:00:00,1979-01-10 18:00:00
19790026,decay,1979-01-10 21:00:00,1979-01-13 12:00:00
19790036,intensification,1979-01-12 15:00:00,1979-01-16 09:00:00
19790036,mature,1979-01-16 12:00:00,1979-01-17 00:00:00
19790036,decay,1979-01-17 03:00:00,1979-01-20 03:00:00
19790048,incipient,1979-01-17 06:00:00,1979-01-17 06:00:00
19790048,intensification,1979-01-17 09:00:00,1979-01-19 00:00:00
19790048,mature,1979-01-19 03:00:00,1979-01-20 00:00:00
19790048,decay,1979-01-20 03:00:00,1979-01-24 18:00:00
19790052,decay,1979-01-19 00:00:00,1979-01-20 09:00:00
19790052,intensification,1979-01-20 12:00:00,1979-01-21 00:00:00
19790057,decay,1979-01-20 18:00:00,1979-01-21 03:00:00
19790057,intensification,1979-01-21 06:00:00,1979-01-22 21:00:00
19790063,incipient,1979-01-22 18:00:00,1979-01-22 18:00:00
19790063,intensification,1979-01-22 21:00:00,1979-01-24 09:00:00
19790063,mature,1979-01-24 12:00:00,1979-01-24 18:00:00
19790063,decay,1979-01-24 21:00:00,1979-01-26 09:00:00
19790071,incipient,1979-01-25 03:00:00,1979-01-25 09:00:00
19790071,intensification,1979-01-25 12:00:00,1979-01-25 15:00:00
19790071,decay,1979-01-25 18:00:00,1979-01-26 00:00:00
19790071,intensification 2,1979-01-26 03:00:00,1979-01-26 09:00:00
19790076,intensification,1979-01-27 06:00:00,1979-01-28 06:00:00
19790079,incipient,1979-01-29 00:00:00,1979-01-29 03:00:00
19790079,intensification,1979-01-29 06:00:00,1979-01-30 09:00:00
19790079,mature,1979-01-30 12:00:00,1979-01-31 00:00:00
19790079,decay,1979-01-31 03:00:00,1979-02-02 15:00:00
19790080,incipient,1979-01-29 03:00:00,1979-01-29 09:00:00
19790080,decay,1979-01-29 12:00:00,1979-01-30 09:00:00
19790087,incipient,1979-01-31 18:00:00,1979-02-01 00:00:00
19790087,intensification,1979-02-01 03:00:00,1979-02-02 06:00:00
19790087,mature,1979-02-02 09:00:00,1979-02-02 15:00:00
19790087,decay,1979-02-02 18:00:00,1979-02-03 21:00:00
19790094,incipient,1979-02-03 18:00:00,1979-02-04 06:00:00
19790094,intensification,1979-02-04 09:00:00,1979-02-07 00:00:00
19790094,mature,1979-02-07 03:00:00,1979-02-08 03:00:00
19790094,decay,1979-02-08 06:00:00,1979-02-12 18:00:00
19790097,incipient,1979-02-04 03:00:00,1979-02-04 12:00:00
19790097,intensification,1979-02-04 15:00:00,1979-02-06 06:00:00
19790097,mature,1979-02-06 09:00:00,1979-02-07 00:00:00
19790097,decay,1979-02-07 03:00:00,1979-02-09 18:00:00
19790097,residual,1979-02-09 21:00:00,1979-02-12 21:00:00
19790101,incipient,1979-02-06 12:00:00,1979-02-07 03:00:00
19790101,intensification,1979-02-07 06:00:00,1979-02-09 00:00:00
19790101,mature,1979-02-09 03:00:00,1979-02-09 18:00:00
19790101,decay,1979-02-09 21:00:00,1979-02-11 18:00:00
19790101,intensification 2,1979-02-11 21:00:00,1979-02-13 09:00:00
19790101,mature 2,1979-02-13 12:00:00,1979-02-13 18:00:00
19790101,decay 2,1979-02-13 21:00:00,1979-02-14 18:00:00
19790119,incipient,1979-02-14 06:00:00,1979-02-14 12:00:00
19790119,intensification,1979-02-14 15:00:00,1979-02-15 09:00:00
19790119,mature,1979-02-15 12:00:00,1979-02-15 18:00:00
19790119,decay,1979-02-15 21:00:00,1979-02-17 03:00:00
19790131,decay,1979-02-19 00:00:00,1979-02-19 03:00:00
19790131,intensification,1979-02-19 06:00:00,1979-02-19 15:00:00
19790131,decay 2,1979-02-19 18:00:00,1979-02-19 21:00:00
19790135,incipient,1979-02-20 00:00:00,1979-02-20 12:00:00
19790135,intensification,1979-02-20 15:00:00,1979-02-22 06:00:00
19790135,mature,1979-02-22 09:00:00,1979-02-23 00:00:00
19790135,decay,1979-02-23 03:00:00,1979-02-26 03:00:00
19790135,residual,1979-02-26 06:00:00,1979-02-26 21:00:00
19790137,decay,1979-02-20 12:00:00,1979-02-20 15:00:00
19790137,intensification,1979-02-20 18:00:00,1979-02-21 00:00:00
19790137,decay 2,1979-02-21 03:00:00,1979-02-21 09:00:00
19790140,incipient,1979-02-22 12:00:00,1979-02-22 15:00:00
19790140,intensification,1979-02-22 18:00:00,1979-02-23 15:00:00
19790140,mature,1979-02-23 18:00:00,1979-02-23 21:00:00
19790140,decay,1979-02-24 00:00:00,1979-02-24 06:00:00
19790144,incipient,1979-02-24 12:00:00,1979-02-25 03:00:00
19790144,intensification,1979-02-25 06:00:00,1979-02-26 15:00:00
19790144,mature,1979-02-26 18:00:00,1979-02-27 03:00:00
19790144,decay,1979-02-27 06:00:00,1979-02-28 06:00:00
19790147,decay,1979-02-26 12:00:00,1979-02-27 00:00:00
19790147,intensification,1979-02-27 03:00:00,1979-02-28 00:00:00
19790147,mature,1979-02-28 03:00:00,1979-02-28 09:00:00
19790147,decay 2,1979-02-28 12:00:00,1979-03-01 18:00:00
19790166,incipient,1979-03-05 00:00:00,1979-03-06 12:00:00
19790166,intensification,1979-03-06 15:00:00,1979-03-09 18:00:00
19790166,mature,1979-03-09 21:00:00,1979-03-10 09:00:00
19790166,decay,1979-03-10 12:00:00,1979-03-12 03:00:00
19790168,incipient,1979-03-05 15:00:00,1979-03-05 15:00:00
19790168,intensification,1979-03-05 18:00:00,1979-03-06 09:00:00
19790168,mature,1979-03-06 12:00:00,1979-03-06 18:00:00
19790168,decay,1979-03-06 21:00:00,1979-03-07 18:00:00
19790168,intensification 2,1979-03-07 21:00:00,1979-03-08 12:00:00
19790168,mature 2,1979-03-08 15:00:00,1979-03-08 18:00:00
19790168,decay 2,1979-03-08 21:00:00,1979-03-09 06:00:00
19790171,intensification,1979-03-06 12:00:00,1979-03-07 21:00:00
19790171,mature,1979-03-08 00:00:00,1979-03-08 15:00:00
19790171,decay,1979-03-08 18:00:00,1979-03-12 21:00:00
19790178,incipient,1979-03-10 03:00:00,1979-03-10 09:00:00
19790178,intensification,1979-03-10 12:00:00,1979-03-11 18:00:00
19790178,mature,1979-03-11 21:00:00,1979-03-12 03:00:00
19790178,decay,1979-03-12 06:00:00,1979-03-12 18:00:00
19790193,intensification,1979-03-14 12:00:00,1979-03-16 12:00:00
19790193,mature,1979-03-16 15:00:00,1979-03-17 09:00:00
19790193,decay,1979-03-17 12:00:00,1979-03-21 09:00:00
19790193,residual,1979-03-21 12:00:00,1979-03-24 09:00:00
19790194,incipient,1979-03-14 12:00:00,1979-03-14 12:00:00
19790194,intensification,1979-03-14 15:00:00,1979-03-15 12:00:00
19790194,mature,1979-03-15 15:00:00,1979-03-16 03:00:00
19790194,decay,1979-03-16 06:00:00,1979-03-18 21:00:00
19790205,incipient,1979-03-18 15:00:00,1979-03-19 06:00:00
19790205,intensification,1979-03-19 09:00:00,1979-03-23 21:00:00
19790205,mature,1979-03-24 00:00:00,1979-03-25 00:00:00
19790205,decay,1979-03-25 03:00:00,1979-03-26 21:00:00
19790213,incipient,1979-03-21 12:00:00,1979-03-23 09:00:00
19790213,intensification,1979-03-23 12:00:00,1979-03-27 09:00:00
19790213,mature,1979-03-27 12:00:00,1979-03-28 18:00:00
19790213,decay,1979-03-28 21:00:00,1979-04-01 21:00:00
19790221,intensification,1979-03-24 15:00:00,1979-03-25 03:00:00
19790221,decay,1979-03-25 06:00:00,1979-03-25 21:00:00
19790236,incipient,1979-03-28 12:00:00,1979-03-28 15:00:00
19790236,intensification,1979-03-28 18:00:00,1979-03-29 15:00:00
19790236,mature,1979-03-29 18:00:00,1979-03-30 00:00:00
19790236,decay,1979-03-30 03:00:00,1979-03-31 18:00:00
19790236,residual,1979-03-31 21:00:00,1979-04-01 09:00:00
19790237,incipient,1979-03-29 06:00:00,1979-03-29 21:00:00
19790237,intensification,1979-03-30 00:00:00,1979-04-01 06:00:00
19790237,mature,1979-04-01 09:00:00,1979-04-02 00:00:00
19790237,decay,1979-04-02 03:00:00,1979-04-04 15:00:00
19790237,intensification 2,1979-04-04 18:00:00,1979-04-07 18:00:00
19790237,mature 2,1979-04-07 21:00:00,1979-04-08 15:00:00
19790237,decay 2,1979-04-08 18:00:00,1979-04-11 06:00:00
19790256,incipient,1979-04-03 15:00:00,1979-04-05 03:00:00
19790256,intensification,1979-04-05 06:00:00,1979-04-08 03:00:00
19790256,mature,1979-04-08 06:00:00,1979-04-09 12:00:00
19790256,decay,1979-04-09 15:00:00,1979-04-13 21:00:00
19790257,incipient,1979-04-03 18:00:00,1979-04-04 00:00:00
19790257,decay,1979-04-04 03:00:00,1979-04-05 12:00:00
19790257,intensification,1979-04-05 15:00:00,1979-04-05 21:00:00
19790273,incipient,1979-04-09 12:00:00,1979-04-09 12:00:00
19790273,intensification,1979-04-09 15:00:00,1979-04-13 09:00:00
19790273,mature,1979-04-13 12:00:00,1979-04-14 03:00:00
19790273,decay,1979-04-14 06:00:00,1979-04-15 06:00:00
19790293,intensification,1979-04-16 12:00:00,1979-04-17 00:00:00
19790293,decay,1979-04-17 03:00:00,1979-04-17 21:00:00
19790300,incipient,1979-04-18 12:00:00,1979-04-18 18:00:00
19790300,intensification,1979-04-18 21:00:00,1979-04-19 18:00:00
19790300,mature,1979-04-19 21:00:00,1979-04-20 00:00:00
19790300,decay,1979-04-20 03:00:00,1979-04-20 03:00:00
19790304,incipient,1979-04-19 06:00:00,1979-04-19 15:00:00
19790304,intensification,1979-04-19 18:00:00,1979-04-21 06:00:00
19790304,mature,1979-04-21 09:00:00,1979-04-21 21:00:00
19790304,decay,1979-04-22 00:00:00,1979-04-24 03:00:00
19790317,decay,1979-04-22 00:00:00,1979-04-22 15:00:00
19790317,intensification,1979-04-22 18:00:00,1979-04-22 18:00:00
19790317,decay 2,1979-04-22 21:00:00,1979-04-23 03:00:00
19790322,incipient,1979-04-23 12:00:00,1979-04-23 21:00:00
19790322,intensification,1979-04-24 00:00:00,1979-04-30 00:00:00
19790322,mature,1979-04-30 03:00:00,1979-05-01 03:00:00
19790322,decay,1979-05-01 06:00:00,1979-05-03 09:00:00
19790336,intensification,1979-04-28 06:00:00,1979-04-28 15:00:00
19790336,mature,1979-04-28 18:00:00,1979-04-28 21:00:00
19790336,decay,1979-04-29 00:00:00,1979-04-30 06:00:00
19790339,incipient,1979-04-28 09:00:00,1979-04-28 21:00:00
19790339,intensification,1979-04-29 00:00:00,1979-04-30 21:00:00
19790339,mature,1979-05-01 00:00:00,1979-05-01 15:00:00
19790339,decay,1979-05-01 18:00:00,1979-05-04 09:00:00
19790349,intensification,1979-05-02 15:00:00,1979-05-04 09:00:00
19790349,residual,1979-05-04 12:00:00,1979-05-04 21:00:00
19790361,decay,1979-05-05 15:00:00,1979-05-06 09:00:00
19790361,intensification,1979-05-06 12:00:00,1979-05-06 21:00:00
19790368,decay,1979-05-07 12:00:00,1979-05-09 00:00:00
19790369,incipient,1979-05-07 15:00:00,1979-05-07 18:00:00
19790369,intensification,1979-05-07 21:00:00,1979-05-09 06:00:00
19790369,mature,1979-05-09 09:00:00,1979-05-09 18:00:00
19790369,decay,1979-05-09 21:00:00,1979-05-10 18:00:00
19790369,residual,1979-05-10 21:00:00,1979-05-14 09:00:00
19790384,intensification,1979-05-13 03:00:00,1979-05-13 18:00:00
19790384,mature,1979-05-13 21:00:00,1979-05-14 03:00:00
19790384,decay,1979-05-14 06:00:00,1979-05-16 09:00:00
19790385,incipient,1979-05-13 15:00:00,1979-05-13 18:00:00
19790385,intensification,1979-05-13 21:00:00,1979-05-14 12:00:00
19790385,mature,1979-05-14 15:00:00,1979-05-14 21:00:00
19790385,decay,1979-05-15 00:00:00,1979-05-16 15:00:00
19790391,incipient,1979-05-15 00:00:00,1979-05-15 03:00:00
19790391,intensification,1979-05-15 06:00:00,1979-05-17 06:00:00
19790391,mature,1979-05-17 09:00:00,1979-05-18 06:00:00
19790391,decay,1979-05-18 09:00:00,1979-05-23 00:00:00
19790394,incipient,1979-05-15 12:00:00,1979-05-15 12:00:00
19790394,intensification,1979-05-15 15:00:00,1979-05-16 09:00:00
19790394,mature,1979-05-16 12:00:00,1979-05-16 21:00:00
19790394,decay,1979-05-17 00:00:00,1979-05-18 21:00:00
19790406,incipient,1979-05-19 09:00:00,1979-05-19 15:00:00
19790406,intensification,1979-05-19 18:00:00,1979-05-21 09:00:00
19790406,mature,1979-05-21 12:00:00,1979-05-22 06:00:00
19790406,decay,1979-05-22 09:00:00,1979-05-25 21:00:00
19790407,intensification,1979-05-19 12:00:00,1979-05-20 03:00:00
19790407,decay,1979-05-20 06:00:00,1979-05-20 09:00:00
19790410,intensification,1979-05-21 03:00:00,1979-05-21 21:00:00
19790410,decay,1979-05-22 00:00:00,1979-05-22 15:00:00
19790414,incipient,1979-05-22 12:00:00,1979-05-22 21:00:00
19790414,intensification,1979-05-23 00:00:00,1979-05-24 09:00:00
19790414,mature,1979-05-24 12:00:00,1979-05-25 03:00:00
19790414,decay,1979-05-25 06:00:00,1979-05-28 00:00:00
19790414,residual,1979-05-28 03:00:00,1979-05-28 09:00:00
19790419,intensification,1979-05-24 00:00:00,1979-05-27 21:00:00
19790419,mature,1979-05-28 00:00:00,1979-05-28 15:00:00
19790419,decay,1979-05-28 18:00:00,1979-05-30 06:00:00
19790419,residual,1979-05-30 09:00:00,1979-05-31 21:00:00
19790430,incipient,1979-05-28 09:00:00,1979-05-28 15:00:00
19790430,intensification,1979-05-28 18:00:00,1979-05-28 21:00:00
19790430,decay,1979-05-29 00:00:00,1979-05-29 06:00:00
19790430,intensification 2,1979-05-29 09:00:00,1979-05-30 09:00:00
19790434,incipient,1979-05-30 06:00:00,1979-05-30 12:00:00
19790434,decay,1979-05-30 15:00:00,1979-05-31 00:00:00
19790434,intensification,1979-05-31 03:00:00,1979-05-31 03:00:00
19790451,intensification,1979-06-02 06:00:00,1979-06-03 03:00:00
19790451,mature,1979-06-03 06:00:00,1979-06-03 15:00:00
19790451,decay,1979-06-03 18:00:00,1979-06-05 21:00:00
19790455,incipient,1979-06-03 03:00:00,1979-06-03 15:00:00
19790455,intensification,1979-06-03 18:00:00,1979-06-08 00:00:00
19790455,mature,1979-06-08 03:00:00,1979-06-09 00:00:00
19790455,decay,1979-06-09 03:00:00,1979-06-11 09:00:00
19790473,incipient,1979-06-08 03:00:00,1979-06-08 18:00:00
19790473,intensification,1979-06-08 21:00:00,1979-06-10 06:00:00
19790473,mature,1979-06-10 09:00:00,1979-06-10 18:00:00
19790473,decay,1979-06-10 21:00:00,1979-06-11 15:00:00
19790473,residual,1979-06-11 18:00:00,1979-06-11 18:00:00
19790483,incipient,1979-06-11 06:00:00,1979-06-11 18:00:00
19790483,intensification,1979-06-11 21:00:00,1979-06-12 21:00:00
19790483,mature,1979-06-13 00:00:00,1979-06-13 09:00:00
19790483,decay,1979-06-13 12:00:00,1979-06-14 18:00:00
19790497,incipient,1979-06-15 06:00:00,1979-06-15 06:00:00
19790497,intensification,1979-06-15 09:00:00,1979-06-16 00:00:00
19790497,mature,1979-06-16 03:00:00,1979-06-16 06:00:00
19790497,decay,1979-06-16 09:00:00,1979-06-16 09:00:00
19790506,decay,1979-06-16 12:00:00,1979-06-18 03:00:00
19790513,intensification,1979-06-18 03:00:00,1979-06-18 21:00:00
19790513,decay,1979-06-19 00:00:00,1979-06-19 09:00:00
19790535,incipient,1979-06-23 15:00:00,1979-06-23 15:00:00
19790535,intensification,1979-06-23 18:00:00,1979-06-24 06:00:00
19790535,mature,1979-06-24 09:00:00,1979-06-24 12:00:00
19790535,decay,1979-06-24 15:00:00,1979-06-26 03:00:00
19790540,intensification,1979-06-25 00:00:00,1979-06-25 21:00:00
19790542,incipient,1979-06-27 00:00:00,1979-06-27 09:00:00
19790542,intensification,1979-06-27 12:00:00,1979-06-27 15:00:00
19790542,decay,1979-06-27 18:00:00,1979-06-28 00:00:00
19790542,intensification 2,1979-06-28 03:00:00,1979-06-28 09:00:00
19790550,incipient,1979-06-30 09:00:00,1979-06-30 09:00:00
19790550,intensification,1979-06-30 12:00:00,1979-07-03 21:00:00
19790550,mature,1979-07-04 00:00:00,1979-07-04 15:00:00
19790550,decay,1979-07-04 18:00:00,1979-07-05 18:00:00
19790561,incipient,1979-07-01 18:00:00,1979-07-02 00:00:00
19790561,intensification,1979-07-02 03:00:00,1979-07-02 18:00:00
19790561,mature,1979-07-02 21:00:00,1979-07-03 00:00:00
19790561,decay,1979-07-03 03:00:00,1979-07-03 15:00:00
19790574,intensification,1979-07-05 00:00:00,1979-07-06 09:00:00
19790583,intensification,1979-07-07 00:00:00,1979-07-07 03:00:00
19790583,decay,1979-07-07 06:00:00,1979-07-08 00:00:00
19790585,incipient,1979-07-08 00:00:00,1979-07-08 09:00:00
19790585,intensification,1979-07-08 12:00:00,1979-07-09 15:00:00
19790585,mature,1979-07-09 18:00:00,1979-07-10 00:00:00
19790585,decay,1979-07-10 03:00:00,1979-07-11 09:00:00
19790589,intensification,1979-07-09 12:00:00,1979-07-10 00:00:00
19790589,decay,1979-07-10 03:00:00,1979-07-10 09:00:00
19790594,incipient,1979-07-10 06:00:00,1979-07-10 18:00:00
19790594,intensification,1979-07-10 21:00:00,1979-07-12 18:00:00
19790594,mature,1979-07-12 21:00:00,1979-07-13 12:00:00
19790594,decay,1979-07-13 15:00:00,1979-07-16 12:00:00
19790595,decay,1979-07-10 12:00:00,1979-07-10 21:00:00
19790595,intensification,1979-07-11 00:00:00,1979-07-11 00:00:00
19790595,decay 2,1979-07-11 03:00:00,1979-07-11 09:00:00
19790612,decay,1979-07-15 00:00:00,1979-07-16 21:00:00
19790613,incipient,1979-07-15 06:00:00,1979-07-15 09:00:00
19790613,intensification,1979-07-15 12:00:00,1979-07-16 21:00:00
19790613,mature,1979-07-17 00:00:00,1979-07-17 15:00:00
19790613,decay,1979-07-17 18:00:00,1979-07-21 03:00:00
19790613,residual,1979-07-21 06:00:00,1979-07-21 09:00:00
19790618,incipient,1979-07-17 06:00:00,1979-07-17 18:00:00
19790618,intensification,1979-07-17 21:00:00,1979-07-19 18:00:00
19790618,mature,1979-07-19 21:00:00,1979-07-20 18:00:00
19790618,decay,1979-07-20 21:00:00,1979-07-25 00:00:00
19790626,decay,1979-07-19 12:00:00,1979-07-20 00:00:00
19790626,intensification,1979-07-20 03:00:00,1979-07-20 21:00:00
19790626,mature,1979-07-21 00:00:00,1979-07-21 06:00:00
19790626,decay 2,1979-07-21 09:00:00,1979-07-22 12:00:00
19790632,intensification,1979-07-21 00:00:00,1979-07-21 12:00:00
19790632,decay,1979-07-21 15:00:00,1979-07-22 09:00:00
19790632,residual,1979-07-22 12:00:00,1979-07-22 12:00:00
19790637,incipient,1979-07-22 06:00:00,1979-07-22 06:00:00
19790637,intensification,1979-07-22 09:00:00,1979-07-23 00:00:00
19790637,mature,1979-07-23 03:00:00,1979-07-23 09:00:00
19790637,decay,1979-07-23 12:00:00,1979-07-24 18:00:00
19790637,residual,1979-07-24 21:00:00,1979-07-25 03:00:00
19790644,incipient,1979-07-25 00:00:00,1979-07-25 15:00:00
19790644,intensification,1979-07-25 18:00:00,1979-07-27 18:00:00
19790644,mature,1979-07-27 21:00:00,1979-07-28 15:00:00
19790644,decay,1979-07-28 18:00:00,1979-07-31 21:00:00
19790651,intensification,1979-07-26 06:00:00,1979-07-27 03:00:00
19790651,mature,1979-07-27 06:00:00,1979-07-27 18:00:00
19790651,decay,1979-07-27 21:00:00,1979-07-30 12:00:00
19790656,intensification,1979-07-27 18:00:00,1979-07-28 18:00:00
19790656,mature,1979-07-28 21:00:00,1979-07-29 03:00:00
19790656,decay,1979-07-29 06:00:00,1979-07-30 00:00:00
19790656,intensification 2,1979-07-30 03:00:00,1979-07-31 03:00:00
19790656,mature 2,1979-07-31 06:00:00,1979-07-31 12:00:00
19790656,decay 2,1979-07-31 15:00:00,1979-08-01 15:00:00
19790661,intensification,1979-07-28 15:00:00,1979-07-28 18:00:00
19790661,mature,1979-07-28 21:00:00,1979-07-29 00:00:00
19790661,decay,1979-07-29 03:00:00,1979-07-30 06:00:00
19790661,residual,1979-07-30 09:00:00,1979-07-30 09:00:00
19790664,incipient,1979-07-29 12:00:00,1979-07-29 12:00:00
19790664,intensification,1979-07-29 15:00:00,1979-07-30 12:00:00
19790664,mature,1979-07-30 15:00:00,1979-07-31 00:00:00
19790664,decay,1979-07-31 03:00:00,1979-08-01 21:00:00
19790669,incipient,1979-07-31 03:00:00,1979-07-31 12:00:00
19790669,intensification,1979-07-31 15:00:00,1979-08-01 21:00:00
19790669,mature,1979-08-02 00:00:00,1979-08-02 15:00:00
19790669,decay,1979-08-02 18:00:00,1979-08-05 18:00:00
19800005,incipient,1980-01-01 12:00:00,1980-01-01 15:00:00
19800005,intensification,1980-01-01 18:00:00,1980-01-02 18:00:00
19800005,mature,1980-01-02 21:00:00,1980-01-03 00:00:00
19800005,decay,1980-01-03 03:00:00,1980-01-03 09:00:00
19800006,incipient,1980-01-02 03:00:00,1980-01-02 09:00:00
19800006,intensification,1980-01-02 12:00:00,1980-01-04 09:00:00
19800006,mature,1980-01-04 12:00:00,1980-01-05 06:00:00
19800006,decay,1980-01-05 09:00:00,1980-01-09 09:00:00
19800015,incipient,1980-01-06 00:00:00,1980-01-06 03:00:00
19800015,intensification,1980-01-06 06:00:00,1980-01-07 03:00:00
19800015,mature,1980-01-07 06:00:00,1980-01-07 09:00:00
19800015,decay,1980-01-07 12:00:00,1980-01-08 00:00:00
19800015,residual,1980-01-08 03:00:00,1980-01-08 21:00:00
19800016,incipient,1980-01-06 00:00:00,1980-01-06 15:00:00
19800016,intensification,1980-01-06 18:00:00,1980-01-08 09:00:00
19800016,mature,1980-01-08 12:00:00,1980-01-08 21:00:00
19800016,decay,1980-01-09 00:00:00,1980-01-09 21:00:00
19800021,incipient,1980-01-08 18:00:00,1980-01-09 09:00:00
19800021,intensification,1980-01-09 12:00:00,1980-01-11 00:00:00
19800021,mature,1980-01-11 03:00:00,1980-01-11 12:00:00
19800021,decay,1980-01-11 15:00:00,1980-01-12 21:00:00
19800028,incipient,1980-01-12 06:00:00,1980-01-12 09:00:00
19800028,intensification,1980-01-12 12:00:00,1980-01-15 21:00:00
19800028,mature,1980-01-16 00:00:00,1980-01-16 18:00:00
19800028,decay,1980-01-16 21:00:00,1980-01-18 21:00:00
19800033,incipient,1980-01-14 18:00:00,1980-01-14 18:00:00
19800033,intensification,1980-01-14 21:00:00,1980-01-20 09:00:00
19800033,mature,1980-01-20 12:00:00,1980-01-21 03:00:00
19800033,decay,1980-01-21 06:00:00,1980-01-23 12:00:00
19800036,intensification,1980-01-16 00:00:00,1980-01-16 12:00:00
19800036,decay,1980-01-16 15:00:00,1980-01-17 09:00:00
19800042,intensification,1980-01-18 03:00:00,1980-01-19 15:00:00
19800043,intensification,1980-01-18 06:00:00,1980-01-18 09:00:00
19800043,decay,1980-01-18 12:00:00,1980-01-19 03:00:00
19800050,decay,1980-01-20 09:00:00,1980-01-22 06:00:00
19800055,incipient,1980-01-22 03:00:00,1980-01-22 06:00:00
19800055,decay,1980-01-22 09:00:00,1980-01-22 21:00:00
19800055,intensification,1980-01-23 00:00:00,1980-01-23 03:00:00
19800055,decay 2,1980-01-23 06:00:00,1980-01-23 09:00:00
19800064,incipient,1980-01-25 03:00:00,1980-01-25 06:00:00
19800064,intensification,1980-01-25 09:00:00,1980-01-27 09:00:00
19800064,mature,1980-01-27 12:00:00,1980-01-28 03:00:00
19800064,decay,1980-01-28 06:00:00,1980-01-31 06:00:00
19800068,incipient,1980-01-27 00:00:00,1980-01-27 06:00:00
19800068,intensification,1980-01-27 09:00:00,1980-01-28 18:00:00
19800068,mature,1980-01-28 21:00:00,1980-01-29 03:00:00
19800068,decay,1980-01-29 06:00:00,1980-01-29 09:00:00
19800070,decay,1980-01-28 09:00:00,1980-01-28 12:00:00
19800070,intensification,1980-01-28 15:00:00,1980-01-29 09:00:00
19800073,incipient,1980-01-29 12:00:00,1980-01-29 18:00:00
19800073,intensification,1980-01-29 21:00:00,1980-01-31 09:00:00
19800073,mature,1980-01-31 12:00:00,1980-02-01 00:00:00
19800073,decay,1980-02-01 03:00:00,1980-02-04 09:00:00
19800085,incipient,1980-02-02 12:00:00,1980-02-02 12:00:00
19800085,intensification,1980-02-02 15:00:00,1980-02-03 09:00:00
19800085,mature,1980-02-03 12:00:00,1980-02-03 21:00:00
19800085,decay,1980-02-04 00:00:00,1980-02-06 03:00:00
19800090,incipient,1980-02-04 00:00:00,1980-02-04 03:00:00
19800090,intensification,1980-02-04 06:00:00,1980-02-05 12:00:00
19800090,mature,1980-02-05 15:00:00,1980-02-05 21:00:00
19800090,decay,1980-02-06 00:00:00,1980-02-06 18:00:00
19800090,residual,1980-02-06 21:00:00,1980-02-09 06:00:00
19800094,incipient,1980-02-05 00:00:00,1980-02-05 00:00:00
19800094,intensification,1980-02-05 03:00:00,1980-02-06 03:00:00
19800094,mature,1980-02-06 06:00:00,1980-02-06 09:00:00
19800094,decay,1980-02-06 12:00:00,1980-02-06 21:00:00
19800097,incipient,1980-02-06 03:00:00,1980-02-06 09:00:00
19800097,intensification,1980-02-06 12:00:00,1980-02-08 03:00:00
19800097,mature,1980-02-08 06:00:00,1980-02-08 15:00:00
19800097,decay,1980-02-08 18:00:00,1980-02-10 09:00:00
19800114,incipient,1980-02-10 12:00:00,1980-02-10 18:00:00
19800114,intensification,1980-02-10 21:00:00,1980-02-11 15:00:00
19800114,mature,1980-02-11 18:00:00,1980-02-12 03:00:00
19800114,decay,1980-02-12 06:00:00,1980-02-14 00:00:00
19800123,incipient,1980-02-14 00:00:00,1980-02-14 09:00:00
19800123,intensification,1980-02-14 12:00:00,1980-02-15 06:00:00
19800123,mature,1980-02-15 09:00:00,1980-02-15 12:00:00
19800123,decay,1980-02-15 15:00:00,1980-02-15 21:00:00
19800134,incipient,1980-02-18 03:00:00,1980-02-18 03:00:00
19800134,intensification,1980-02-18 06:00:00,1980-02-18 18:00:00
19800134,mature,1980-02-18 21:00:00,1980-02-19 00:00:00
19800134,decay,1980-02-19 03:00:00,1980-02-19 21:00:00
19800155,incipient,1980-02-23 12:00:00,1980-02-24 00:00:00
19800155,intensification,1980-02-24 03:00:00,1980-02-25 12:00:00
19800155,mature,1980-02-25 15:00:00,1980-02-26 00:00:00
19800155,decay,1980-02-26 03:00:00,1980-02-27 15:00:00
19800157,incipient,1980-02-24 03:00:00,1980-02-24 03:00:00
19800157,intensification,1980-02-24 06:00:00,1980-02-25 00:00:00
19800157,mature,1980-02-25 03:00:00,1980-02-25 06:00:00
19800157,decay,1980-02-25 09:00:00,1980-02-25 21:00:00
19800168,decay,1980-02-28 00:00:00,1980-02-28 03:00:00
19800168,intensification,1980-02-28 06:00:00,1980-02-28 09:00:00
19800168,decay 2,1980-02-28 12:00:00,1980-02-29 03:00:00
19800170,incipient,1980-02-28 12:00:00,1980-02-28 18:00:00
19800170,intensification,1980-02-28 21:00:00,1980-02-29 06:00:00
19800170,mature,1980-02-29 09:00:00,1980-02-29 12:00:00
19800170,decay,1980-02-29 15:00:00,1980-03-01 09:00:00
19800179,decay,1980-03-01 06:00:00,1980-03-01 15:00:00
19800179,intensification,1980-03-01 18:00:00,1980-03-02 09:00:00
19800179,mature,1980-03-02 12:00:00,1980-03-02 15:00:00
19800179,decay 2,1980-03-02 18:00:00,1980-03-04 09:00:00
19800184,incipient,1980-03-04 00:00:00,1980-03-04 00:00:00
19800184,intensification,1980-03-04 03:00:00,1980-03-05 12:00:00
19800184,mature,1980-03-05 15:00:00,1980-03-05 18:00:00
19800184,decay,1980-03-05 21:00:00,1980-03-06 12:00:00
19800190,incipient,1980-03-07 03:00:00,1980-03-07 12:00:00
19800190,intensification,1980-03-07 15:00:00,1980-03-07 15:00:00
19800190,decay,1980-03-07 18:00:00,1980-03-08 09:00:00
19800190,intensification 2,1980-03-08 12:00:00,1980-03-08 21:00:00
19800190,residual,1980-03-09 00:00:00,1980-03-09 00:00:00
19800192,incipient,1980-03-08 15:00:00,1980-03-08 15:00:00
19800192,intensification,1980-03-08 18:00:00,1980-03-11 09:00:00
19800192,mature,1980-03-11 12:00:00,1980-03-12 03:00:00
19800192,decay,1980-03-12 06:00:00,1980-03-13 21:00:00
19800200,decay,1980-03-10 00:00:00,1980-03-10 15:00:00
19800200,intensification,1980-03-10 18:00:00,1980-03-11 21:00:00
19800204,incipient,1980-03-11 06:00:00,1980-03-11 21:00:00
19800204,intensification,1980-03-12 00:00:00,1980-03-13 06:00:00
19800204,mature,1980-03-13 09:00:00,1980-03-13 15:00:00
19800204,decay,1980-03-13 18:00:00,1980-03-14 00:00:00
19800205,intensification,1980-03-11 18:00:00,1980-03-14 18:00:00
19800205,residual,1980-03-14 21:00:00,1980-03-15 09:00:00
19800213,incipient,1980-03-14 00:00:00,1980-03-14 00:00:00
19800213,intensification,1980-03-14 03:00:00,1980-03-14 18:00:00
19800213,mature,1980-03-14 21:00:00,1980-03-15 00:00:00
19800213,decay,1980-03-15 03:00:00,1980-03-15 09:00:00
19800221,incipient,1980-03-17 00:00:00,1980-03-18 00:00:00
19800221,intensification,1980-03-18 03:00:00,1980-03-20 09:00:00
19800221,mature,1980-03-20 12:00:00,1980-03-21 09:00:00
19800221,decay,1980-03-21 12:00:00,1980-03-25 09:00:00
19800232,incipient,1980-03-20 06:00:00,1980-03-20 18:00:00
19800232,intensification,1980-03-20 21:00:00,1980-03-21 21:00:00
19800232,mature,1980-03-22 00:00:00,1980-03-22 06:00:00
19800232,decay,1980-03-22 09:00:00,1980-03-23 00:00:00
19800237,incipient,1980-03-22 03:00:00,1980-03-22 06:00:00
19800237,intensification,1980-03-22 09:00:00,1980-03-23 00:00:00
19800237,mature,1980-03-23 03:00:00,1980-03-23 09:00:00
19800237,decay,1980-03-23 12:00:00,1980-03-24 06:00:00
19800246,incipient,1980-03-24 09:00:00,1980-03-24 15:00:00
19800246,decay,1980-03-24 18:00:00,1980-03-25 03:00:00
19800246,intensification,1980-03-25 06:00:00,1980-03-26 03:00:00
19800250,incipient,1980-03-26 00:00:00,1980-03-26 15:00:00
19800250,decay,1980-03-26 18:00:00,1980-03-27 00:00:00
19800250,intensification,1980-03-27 03:00:00,1980-03-27 06:00:00
19800250,decay 2,1980-03-27 09:00:00,1980-03-27 18:00:00
19800256,incipient,1980-03-28 09:00:00,1980-03-28 15:00:00
19800256,intensification,1980-03-28 18:00:00,1980-03-30 00:00:00
19800256,mature,1980-03-30 03:00:00,1980-03-30 15:00:00
19800256,decay,1980-03-30 18:00:00,1980-04-02 00:00:00
19800259,incipient,1980-03-30 06:00:00,1980-03-30 12:00:00
19800259,intensification,1980-03-30 15:00:00,1980-03-30 15:00:00
19800259,decay,1980-03-30 18:00:00,1980-03-31 00:00:00
19800259,intensification 2,1980-03-31 03:00:00,1980-03-31 09:00:00
19800263,incipient,1980-04-01 00:00:00,1980-04-01 06:00:00
19800263,intensification,1980-04-01 09:00:00,1980-04-02 03:00:00
19800263,mature,1980-04-02 06:00:00,1980-04-02 15:00:00
19800263,decay,1980-04-02 18:00:00,1980-04-04 15:00:00
19800273,intensification,1980-04-03 18:00:00,1980-04-04 09:00:00
19800273,decay,1980-04-04 12:00:00,1980-04-05 03:00:00
19800280,incipient,1980-04-04 18:00:00,1980-04-05 09:00:00
19800280,intensification,1980-04-05 12:00:00,1980-04-05 12:00:00
19800280,decay,1980-04-05 15:00:00,1980-04-06 09:00:00
19800280,intensification 2,1980-04-06 12:00:00,1980-04-07 18:00:00
19800280,mature,1980-04-07 21:00:00,1980-04-08 00:00:00
19800280,decay 2,1980-04-08 03:00:00,1980-04-08 09:00:00
19800286,incipient,1980-04-06 15:00:00,1980-04-07 00:00:00
19800286,intensification,1980-04-07 03:00:00,1980-04-07 03:00:00
19800286,decay,1980-04-07 06:00:00,1980-04-07 21:00:00
19800286,intensification 2,1980-04-08 00:00:00,1980-04-09 03:00:00
19800288,intensification,1980-04-08 03:00:00,1980-04-08 09:00:00
19800288,mature,1980-04-08 12:00:00,1980-04-08 15:00:00
19800288,decay,1980-04-08 18:00:00,1980-04-10 00:00:00
19800288,residual,1980-04-10 03:00:00,1980-04-10 03:00:00
19800291,incipient,1980-04-08 12:00:00,1980-04-08 15:00:00
19800291,intensification,1980-04-08 18:00:00,1980-04-09 06:00:00
19800291,mature,1980-04-09 09:00:00,1980-04-09 15:00:00
19800291,decay,1980-04-09 18:00:00,1980-04-11 00:00:00
19800296,incipient,1980-04-09 00:00:00,1980-04-09 03:00:00
19800296,intensification,1980-04-09 06:00:00,1980-04-09 18:00:00
19800296,mature,1980-04-09 21:00:00,1980-04-10 03:00:00
19800296,decay,1980-04-10 06:00:00,1980-04-11 06:00:00
19800300,incipient,1980-04-10 03:00:00,1980-04-10 09:00:00
19800300,intensification,1980-04-10 12:00:00,1980-04-11 03:00:00
19800300,mature,1980-04-11 06:00:00,1980-04-11 09:00:00
19800300,decay,1980-04-11 12:00:00,1980-04-12 06:00:00
19800308,decay,1980-04-12 12:00:00,1980-04-12 21:00:00
19800308,intensification,1980-04-13 00:00:00,1980-04-13 06:00:00
19800308,decay 2,1980-04-13 09:00:00,1980-04-13 18:00:00
19800314,intensification,1980-04-15 00:00:00,1980-04-15 09:00:00
19800314,decay,1980-04-15 12:00:00,1980-04-15 21:00:00
19800318,incipient,1980-04-15 12:00:00,1980-04-16 12:00:00
19800318,intensification,1980-04-16 15:00:00,1980-04-18 21:00:00
19800318,mature,1980-04-19 00:00:00,1980-04-20 00:00:00
19800318,decay,1980-04-20 03:00:00,1980-04-24 03:00:00
19800322,intensification,1980-04-16 09:00:00,1980-04-16 21:00:00
19800322,decay,1980-04-17 00:00:00,1980-04-17 15:00:00
19800328,decay,1980-04-18 12:00:00,1980-04-18 21:00:00
19800328,intensification,1980-04-19 00:00:00,1980-04-19 12:00:00
19800328,mature,1980-04-19 15:00:00,1980-04-19 18:00:00
19800328,decay 2,1980-04-19 21:00:00,1980-04-20 15:00:00
19800328,residual,1980-04-20 18:00:00,1980-04-21 09:00:00
19800336,decay,1980-04-21 00:00:00,1980-04-21 09:00:00
19800336,intensification,1980-04-21 12:00:00,1980-04-21 18:00:00
19800336,decay 2,1980-04-21 21:00:00,1980-04-22 00:00:00
19800343,intensification,1980-04-22 15:00:00,1980-04-23 00:00:00
19800343,decay,1980-04-23 03:00:00,1980-04-23 15:00:00
19800347,intensification,1980-04-23 03:00:00,1980-04-23 15:00:00
19800347,mature,1980-04-23 18:00:00,1980-04-23 21:00:00
19800347,decay,1980-04-24 00:00:00,1980-04-26 12:00:00
19800356,incipient,1980-04-26 12:00:00,1980-04-27 03:00:00
19800356,decay,1980-04-27 06:00:00,1980-04-28 21:00:00
19800356,intensification,1980-04-29 00:00:00,1980-04-30 21:00:00
19800356,mature,1980-05-01 00:00:00,1980-05-01 09:00:00
19800356,decay 2,1980-05-01 12:00:00,1980-05-02 12:00:00
19800361,incipient,1980-04-28 00:00:00,1980-04-28 12:00:00
19800361,intensification,1980-04-28 15:00:00,1980-04-30 12:00:00
19800361,mature,1980-04-30 15:00:00,1980-05-01 06:00:00
19800361,decay,1980-05-01 09:00:00,1980-05-04 09:00:00
19800370,incipient,1980-05-02 00:00:00,1980-05-02 21:00:00
19800370,intensification,1980-05-03 00:00:00,1980-05-05 00:00:00
19800370,mature,1980-05-05 03:00:00,1980-05-05 15:00:00
19800370,decay,1980-05-05 18:00:00,1980-05-06 21:00:00
19800382,intensification,1980-05-05 12:00:00,1980-05-06 06:00:00
19800382,mature,1980-05-06 09:00:00,1980-05-06 21:00:00
19800382,decay,1980-05-07 00:00:00,1980-05-10 09:00:00
19800401,incipient,1980-05-10 09:00:00,1980-05-11 06:00:00
19800401,intensification,1980-05-11 09:00:00,1980-05-13 03:00:00
19800401,mature,1980-05-13 06:00:00,1980-05-13 12:00:00
19800401,decay,1980-05-13 15:00:00,1980-05-14 15:00:00
19800411,incipient,1980-05-14 12:00:00,1980-05-15 18:00:00
19800411,intensification,1980-05-15 21:00:00,1980-05-18 06:00:00
19800411,mature,1980-05-18 09:00:00,1980-05-19 03:00:00
19800411,decay,1980-05-19 06:00:00,1980-05-21 00:00:00
19800418,incipient,1980-05-16 12:00:00,1980-05-16 18:00:00
19800418,intensification,1980-05-16 21:00:00,1980-05-18 18:00:00
19800418,mature,1980-05-18 21:00:00,1980-05-19 06:00:00
19800418,decay,1980-05-19 09:00:00,1980-05-20 06:00:00
19800423,incipient,1980-05-18 09:00:00,1980-05-18 09:00:00
19800423,intensification,1980-05-18 12:00:00,1980-05-19 03:00:00
19800423,mature,1980-05-19 06:00:00,1980-05-19 09:00:00
19800423,decay,1980-05-19 12:00:00,1980-05-20 09:00:00
19800434,decay,1980-05-22 12:00:00,1980-05-23 12:00:00
19800440,incipient,1980-05-23 15:00:00,1980-05-23 18:00:00
19800440,intensification,1980-05-23 21:00:00,1980-05-24 15:00:00
19800440,mature,1980-05-24 18:00:00,1980-05-25 00:00:00
19800440,decay,1980-05-25 03:00:00,1980-05-26 18:00:00
19800445,intensification,1980-05-25 06:00:00,1980-05-25 18:00:00
19800445,mature,1980-05-25 21:00:00,1980-05-26 00:00:00
19800445,decay,1980-05-26 03:00:00,1980-05-27 06:00:00
19800448,incipient,1980-05-26 00:00:00,1980-05-26 12:00:00
19800448,intensification,1980-05-26 15:00:00,1980-05-28 09:00:00
19800448,mature,1980-05-28 12:00:00,1980-05-29 00:00:00
19800448,decay,1980-05-29 03:00:00,1980-05-30 18:00:00
19800455,incipient,1980-05-27 15:00:00,1980-05-27 18:00:00
19800455,intensification,1980-05-27 21:00:00,1980-05-29 03:00:00
19800455,mature,1980-05-29 06:00:00,1980-05-29 18:00:00
19800455,decay,1980-05-29 21:00:00,1980-06-01 18:00:00
19800460,incipient,1980-05-29 12:00:00,1980-05-29 21:00:00
19800460,intensification,1980-05-30 00:00:00,1980-05-30 00:00:00
19800460,decay,1980-05-30 03:00:00,1980-05-30 12:00:00
19800460,intensification 2,1980-05-30 15:00:00,1980-05-30 21:00:00
19800464,incipient,1980-05-31 03:00:00,1980-05-31 15:00:00
19800464,intensification,1980-05-31 18:00:00,1980-06-02 00:00:00
19800464,mature,1980-06-02 03:00:00,1980-06-02 15:00:00
19800464,decay,1980-06-02 18:00:00,1980-06-04 21:00:00
19800473,incipient,1980-06-02 06:00:00,1980-06-02 18:00:00
19800473,intensification,1980-06-02 21:00:00,1980-06-02 21:00:00
19800473,decay,1980-06-03 00:00:00,1980-06-03 12:00:00
19800473,intensification 2,1980-06-03 15:00:00,1980-06-04 03:00:00
19800473,residual,1980-06-04 06:00:00,1980-06-04 06:00:00
19800482,incipient,1980-06-04 18:00:00,1980-06-05 21:00:00
19800482,decay,1980-06-06 00:00:00,1980-06-06 00:00:00
19800482,intensification,1980-06-06 03:00:00,1980-06-07 00:00:00
19800482,mature,1980-06-07 03:00:00,1980-06-07 06:00:00
19800482,decay 2,1980-06-07 09:00:00,1980-06-08 03:00:00
19800510,incipient,1980-06-12 00:00:00,1980-06-12 00:00:00
19800510,decay,1980-06-12 03:00:00,1980-06-12 18:00:00
19800510,intensification,1980-06-12 21:00:00,1980-06-13 21:00:00
19800510,mature,1980-06-14 00:00:00,1980-06-14 06:00:00
19800510,decay 2,1980-06-14 09:00:00,1980-06-15 06:00:00
19800525,intensification,1980-06-15 03:00:00,1980-06-16 09:00:00
19800537,intensification,1980-06-19 03:00:00,1980-06-19 12:00:00
19800537,decay,1980-06-19 15:00:00,1980-06-20 09:00:00
19800550,incipient,1980-06-23 06:00:00,1980-06-23 06:00:00
19800550,intensification,1980-06-23 09:00:00,1980-06-24 18:00:00
19800550,mature,1980-06-24 21:00:00,1980-06-25 06:00:00
19800550,decay,1980-06-25 09:00:00,1980-06-29 03:00:00
19800553,intensification,1980-06-24 00:00:00,1980-06-25 18:00:00
19800553,decay,1980-06-25 21:00:00,1980-06-28 06:00:00
19800557,incipient,1980-06-25 09:00:00,1980-06-25 18:00:00
19800557,decay,1980-06-25 21:00:00,1980-06-26 00:00:00
19800557,intensification,1980-06-26 03:00:00,1980-06-26 06:00:00
19800557,decay 2,1980-06-26 09:00:00,1980-06-26 21:00:00
19800580,incipient,1980-07-02 00:00:00,1980-07-02 03:00:00
19800580,intensification,1980-07-02 06:00:00,1980-07-02 21:00:00
19800580,mature,1980-07-03 00:00:00,1980-07-03 03:00:00
19800580,decay,1980-07-03 06:00:00,1980-07-03 21:00:00
19800583,intensification,1980-07-03 12:00:00,1980-07-03 21:00:00
19800583,decay,1980-07-04 00:00:00,1980-07-04 09:00:00
19800587,intensification,1980-07-04 00:00:00,1980-07-06 09:00:00
19800590,incipient,1980-07-04 12:00:00,1980-07-04 15:00:00
19800590,intensification,1980-07-04 18:00:00,1980-07-05 15:00:00
19800590,mature,1980-07-05 18:00:00,1980-07-05 21:00:00
19800590,decay,1980-07-06 00:00:00,1980-07-06 09:00:00
19800601,intensification,1980-07-07 06:00:00,1980-07-08 06:00:00
19800601,mature,1980-07-08 09:00:00,1980-07-08 15:00:00
19800601,decay,1980-07-08 18:00:00,1980-07-09 15:00:00
19800601,intensification 2,1980-07-09 18:00:00,1980-07-10 18:00:00
19800601,mature 2,1980-07-10 21:00:00,1980-07-11 03:00:00
19800601,decay 2,1980-07-11 06:00:00,1980-07-12 06:00:00
19800610,incipient,1980-07-11 03:00:00,1980-07-11 06:00:00
19800610,intensification,1980-07-11 09:00:00,1980-07-12 09:00:00
19800610,mature,1980-07-12 12:00:00,1980-07-12 21:00:00
19800610,decay,1980-07-13 00:00:00,1980-07-14 15:00:00
19800610,residual,1980-07-14 18:00:00,1980-07-15 21:00:00
19800614,incipient,1980-07-12 12:00:00,1980-07-12 15:00:00
19800614,intensification,1980-07-12 18:00:00,1980-07-13 15:00:00
19800614,mature,1980-07-13 18:00:00,1980-07-14 03:00:00
19800614,decay,1980-07-14 06:00:00,1980-07-15 21:00:00
19800621,incipient,1980-07-13 12:00:00,1980-07-14 00:00:00
19800621,intensification,1980-07-14 03:00:00,1980-07-15 00:00:00
19800621,mature,1980-07-15 03:00:00,1980-07-15 06:00:00
19800621,decay,1980-07-15 09:00:00,1980-07-15 18:00:00
19800622,decay,1980-07-14 00:00:00,1980-07-14 15:00:00
19800622,intensification,1980-07-14 18:00:00,1980-07-16 15:00:00
19800622,mature,1980-07-16 18:00:00,1980-07-17 00:00:00
19800622,decay 2,1980-07-17 03:00:00,1980-07-17 21:00:00
19800626,incipient,1980-07-15 12:00:00,1980-07-15 12:00:00
19800626,decay,1980-07-15 15:00:00,1980-07-16 00:00:00
19800626,intensification,1980-07-16 03:00:00,1980-07-16 12:00:00
19800636,incipient,1980-07-19 15:00:00,1980-07-19 18:00:00
19800636,intensification,1980-07-19 21:00:00,1980-07-20 09:00:00
19800636,mature,1980-07-20 12:00:00,1980-07-20 15:00:00
19800636,decay,1980-07-20 18:00:00,1980-07-21 15:00:00
19800640,incipient,1980-07-21 09:00:00,1980-07-21 09:00:00
19800640,intensification,1980-07-21 12:00:00,1980-07-23 03:00:00
19800640,mature,1980-07-23 06:00:00,1980-07-23 12:00:00
19800640,decay,1980-07-23 15:00:00,1980-07-23 21:00:00
19800646,incipient,1980-07-23 06:00:00,1980-07-24 06:00:00
19800646,intensification,1980-07-24 09:00:00,1980-07-26 15:00:00
19800646,mature,1980-07-26 18:00:00,1980-07-27 12:00:00
19800646,decay,1980-07-27 15:00:00,1980-07-30 00:00:00
19800647,decay,1980-07-23 18:00:00,1980-07-24 06:00:00
19800647,intensification,1980-07-24 09:00:00,1980-07-25 00:00:00
19800647,mature,1980-07-25 03:00:00,1980-07-25 06:00:00
19800647,decay 2,1980-07-25 09:00:00,1980-07-26 03:00:00
19800657,incipient,1980-07-26 09:00:00,1980-07-26 15:00:00
19800657,intensification,1980-07-26 18:00:00,1980-07-27 18:00:00
19800657,mature,1980-07-27 21:00:00,1980-07-28 03:00:00
19800657,decay,1980-07-28 06:00:00,1980-07-29 09:00:00
19800673,incipient,1980-07-30 15:00:00,1980-07-30 18:00:00
19800673,decay,1980-07-30 21:00:00,1980-07-31 00:00:00
19800673,intensification,1980-07-31 03:00:00,1980-07-31 15:00:00
19800683,incipient,1980-08-03 12:00:00,1980-08-04 00:00:00
19800683,intensification,1980-08-04 03:00:00,1980-08-05 21:00:00
19800683,mature,1980-08-06 00:00:00,1980-08-06 12:00:00
19800683,decay,1980-08-06 15:00:00,1980-08-09 03:00:00
19800685,intensification,1980-08-04 09:00:00,1980-08-05 09:00:00
19800685,mature,1980-08-05 12:00:00,1980-08-05 18:00:00
19800685,decay,1980-08-05 21:00:00,1980-08-06 21:00:00
19800685,residual,1980-08-07 00:00:00,1980-08-09 15:00:00
19800690,intensification,1980-08-05 12:00:00,1980-08-05 21:00:00
19800690,mature,1980-08-06 00:00:00,1980-08-06 06:00:00
19800690,decay,1980-08-06 09:00:00,1980-08-08 09:00:00
19800695,incipient,1980-08-06 15:00:00,1980-08-06 21:00:00
19800695,intensification,1980-08-07 00:00:00,1980-08-07 09:00:00
19800695,mature,1980-08-07 12:00:00,1980-08-07 15:00:00
19800695,decay,1980-08-07 18:00:00,1980-08-07 21:00:00
19810002,incipient,1981-01-02 12:00:00,1981-01-02 18:00:00
19810002,intensification,1981-01-02 21:00:00,1981-01-03 21:00:00
19810002,mature,1981-01-04 00:00:00,1981-01-04 06:00:00
19810002,decay,1981-01-04 09:00:00,1981-01-05 18:00:00
19810002,residual,1981-01-05 21:00:00,1981-01-06 12:00:00
19810003,intensification,1981-01-02 12:00:00,1981-01-02 21:00:00
19810003,mature,1981-01-03 00:00:00,1981-01-03 03:00:00
19810003,decay,1981-01-03 06:00:00,1981-01-04 03:00:00
19810013,intensification,1981-01-06 00:00:00,1981-01-06 09:00:00
19810013,decay,1981-01-06 12:00:00,1981-01-06 21:00:00
19810014,incipient,1981-01-06 03:00:00,1981-01-06 06:00:00
19810014,intensification,1981-01-06 09:00:00,1981-01-08 06:00:00
19810014,mature,1981-01-08 09:00:00,1981-01-09 18:00:00
19810014,decay,1981-01-09 21:00:00,1981-01-17 18:00:00
19810022,decay,1981-01-09 00:00:00,1981-01-09 12:00:00
19810022,intensification,1981-01-09 15:00:00,1981-01-11 09:00:00
19810023,incipient,1981-01-09 00:00:00,1981-01-09 06:00:00
19810023,intensification,1981-01-09 09:00:00,1981-01-10 06:00:00
19810023,mature,1981-01-10 09:00:00,1981-01-10 15:00:00
19810023,decay,1981-01-10 18:00:00,1981-01-11 12:00:00
19810042,intensification,1981-01-15 09:00:00,1981-01-16 00:00:00
19810042,mature,1981-01-16 03:00:00,1981-01-16 09:00:00
19810042,decay,1981-01-16 12:00:00,1981-01-18 09:00:00
19810042,residual,1981-01-18 12:00:00,1981-01-20 03:00:00
19810052,incipient,1981-01-19 03:00:00,1981-01-19 09:00:00
19810052,intensification,1981-01-19 12:00:00,1981-01-19 12:00:00
19810052,decay,1981-01-19 15:00:00,1981-01-19 18:00:00
19810052,intensification 2,1981-01-19 21:00:00,1981-01-20 18:00:00
19810055,intensification,1981-01-20 00:00:00,1981-01-20 18:00:00
19810055,decay,1981-01-20 21:00:00,1981-01-21 03:00:00
19810063,incipient,1981-01-22 00:00:00,1981-01-22 00:00:00
19810063,intensification,1981-01-22 03:00:00,1981-01-22 18:00:00
19810063,mature,1981-01-22 21:00:00,1981-01-23 00:00:00
19810063,decay,1981-01-23 03:00:00,1981-01-23 15:00:00
19810078,intensification,1981-01-26 12:00:00,1981-01-28 06:00:00
19810078,residual,1981-01-28 09:00:00,1981-01-28 21:00:00
19810086,incipient,1981-01-29 18:00:00,1981-01-29 21:00:00
19810086,decay,1981-01-30 00:00:00,1981-01-30 06:00:00
19810086,intensification,1981-01-30 09:00:00,1981-01-30 15:00:00
19810086,decay 2,1981-01-30 18:00:00,1981-01-31 00:00:00
19810093,incipient,1981-02-01 06:00:00,1981-02-01 15:00:00
19810093,intensification,1981-02-01 18:00:00,1981-02-02 21:00:00
19810093,mature,1981-02-03 00:00:00,1981-02-03 09:00:00
19810093,decay,1981-02-03 12:00:00,1981-02-04 18:00:00
19810096,incipient,1981-02-03 06:00:00,1981-02-03 12:00:00
19810096,intensification,1981-02-03 15:00:00,1981-02-04 15:00:00
19810096,mature,1981-02-04 18:00:00,1981-02-05 00:00:00
19810096,decay,1981-02-05 03:00:00,1981-02-06 00:00:00
19810100,decay,1981-02-04 12:00:00,1981-02-05 09:00:00
19810100,intensification,1981-02-05 12:00:00,1981-02-05 21:00:00
19810109,incipient,1981-02-06 03:00:00,1981-02-06 06:00:00
19810109,intensification,1981-02-06 09:00:00,1981-02-07 00:00:00
19810109,mature,1981-02-07 03:00:00,1981-02-07 09:00:00
19810109,decay,1981-02-07 12:00:00,1981-02-08 06:00:00
19810109,residual,1981-02-08 09:00:00,1981-02-09 06:00:00
19810116,incipient,1981-02-07 03:00:00,1981-02-07 06:00:00
19810116,decay,1981-02-07 09:00:00,1981-02-07 18:00:00
19810116,intensification,1981-02-07 21:00:00,1981-02-08 03:00:00
19810133,incipient,1981-02-12 12:00:00,1981-02-12 12:00:00
19810133,intensification,1981-02-12 15:00:00,1981-02-13 06:00:00
19810133,mature,1981-02-13 09:00:00,1981-02-13 12:00:00
19810133,decay,1981-02-13 15:00:00,1981-02-14 09:00:00
19810142,incipient,1981-02-14 09:00:00,1981-02-14 09:00:00
19810142,intensification,1981-02-14 12:00:00,1981-02-15 03:00:00
19810142,mature,1981-02-15 06:00:00,1981-02-15 09:00:00
19810142,decay,1981-02-15 12:00:00,1981-02-15 18:00:00
19810160,incipient,1981-02-20 00:00:00,1981-02-20 00:00:00
19810160,intensification,1981-02-20 03:00:00,1981-02-21 09:00:00
19810160,mature,1981-02-21 12:00:00,1981-02-21 15:00:00
19810160,decay,1981-02-21 18:00:00,1981-02-22 09:00:00
19810169,incipient,1981-02-22 00:00:00,1981-02-22 21:00:00
19810169,intensification,1981-02-23 00:00:00,1981-02-25 03:00:00
19810169,mature,1981-02-25 06:00:00,1981-02-25 21:00:00
19810169,decay,1981-02-26 00:00:00,1981-02-27 15:00:00
19810175,decay,1981-02-23 03:00:00,1981-02-23 15:00:00
19810175,intensification,1981-02-23 18:00:00,1981-02-24 12:00:00
19810179,incipient,1981-02-24 15:00:00,1981-02-24 18:00:00
19810179,intensification,1981-02-24 21:00:00,1981-02-25 15:00:00
19810179,mature,1981-02-25 18:00:00,1981-02-26 03:00:00
19810179,decay,1981-02-26 06:00:00,1981-02-28 09:00:00
19810189,intensification,1981-03-01 12:00:00,1981-03-02 06:00:00
19810189,mature,1981-03-02 09:00:00,1981-03-02 12:00:00
19810189,decay,1981-03-02 15:00:00,1981-03-03 00:00:00
19810189,intensification 2,1981-03-03 03:00:00,1981-03-04 06:00:00
19810189,mature 2,1981-03-04 09:00:00,1981-03-04 12:00:00
19810189,decay 2,1981-03-04 15:00:00,1981-03-04 21:00:00
19810191,intensification,1981-03-02 03:00:00,1981-03-04 21:00:00
19810196,incipient,1981-03-04 12:00:00,1981-03-04 12:00:00
19810196,intensification,1981-03-04 15:00:00,1981-03-05 15:00:00
19810196,mature,1981-03-05 18:00:00,1981-03-06 06:00:00
19810196,decay,1981-03-06 09:00:00,1981-03-09 03:00:00
19810207,decay,1981-03-08 00:00:00,1981-03-08 09:00:00
19810207,intensification,1981-03-08 12:00:00,1981-03-09 21:00:00
19810219,incipient,1981-03-11 15:00:00,1981-03-11 18:00:00
19810219,intensification,1981-03-11 21:00:00,1981-03-12 09:00:00
19810219,mature,1981-03-12 12:00:00,1981-03-12 15:00:00
19810219,decay,1981-03-12 18:00:00,1981-03-13 12:00:00
19810225,intensification,1981-03-14 00:00:00,1981-03-14 18:00:00
19810225,decay,1981-03-14 21:00:00,1981-03-15 06:00:00
19810227,incipient,1981-03-14 06:00:00,1981-03-14 06:00:00
19810227,intensification,1981-03-14 09:00:00,1981-03-15 03:00:00
19810227,mature,1981-03-15 06:00:00,1981-03-15 12:00:00
19810227,decay,1981-03-15 15:00:00,1981-03-17 00:00:00
19810229,intensification,1981-03-15 03:00:00,1981-03-16 18:00:00
19810229,mature,1981-03-16 21:00:00,1981-03-17 09:00:00
19810229,decay,1981-03-17 12:00:00,1981-03-19 18:00:00
19810229,intensification 2,1981-03-19 21:00:00,1981-03-22 03:00:00
19810229,mature 2,1981-03-22 06:00:00,1981-03-22 15:00:00
19810229,decay 2,1981-03-22 18:00:00,1981-03-24 03:00:00
19810229,residual,1981-03-24 06:00:00,1981-03-26 15:00:00
19810237,incipient,1981-03-17 06:00:00,1981-03-17 09:00:00
19810237,decay,1981-03-17 12:00:00,1981-03-17 18:00:00
19810237,intensification,1981-03-17 21:00:00,1981-03-18 06:00:00
19810241,incipient,1981-03-18 12:00:00,1981-03-19 00:00:00
19810241,intensification,1981-03-19 03:00:00,1981-03-22 18:00:00
19810241,mature,1981-03-22 21:00:00,1981-03-23 15:00:00
19810241,decay,1981-03-23 18:00:00,1981-03-25 03:00:00
19810248,incipient,1981-03-20 12:00:00,1981-03-20 18:00:00
19810248,decay,1981-03-20 21:00:00,1981-03-21 21:00:00
19810248,intensification,1981-03-22 00:00:00,1981-03-22 15:00:00
19810248,mature,1981-03-22 18:00:00,1981-03-22 21:00:00
19810248,decay 2,1981-03-23 00:00:00,1981-03-23 21:00:00
19810260,incipient,1981-03-25 06:00:00,1981-03-26 00:00:00
19810260,intensification,1981-03-26 03:00:00,1981-03-28 15:00:00
19810260,mature,1981-03-28 18:00:00,1981-03-29 06:00:00
19810260,decay,1981-03-29 09:00:00,1981-03-30 09:00:00
19810279,incipient,1981-04-03 00:00:00,1981-04-03 06:00:00
19810279,intensification,1981-04-03 09:00:00,1981-04-05 03:00:00
19810279,mature,1981-04-05 06:00:00,1981-04-05 21:00:00
19810279,decay,1981-04-06 00:00:00,1981-04-08 21:00:00
19810292,incipient,1981-04-07 12:00:00,1981-04-07 18:00:00
19810292,intensification,1981-04-07 21:00:00,1981-04-08 12:00:00
19810292,mature,1981-04-08 15:00:00,1981-04-08 18:00:00
19810292,decay,1981-04-08 21:00:00,1981-04-09 15:00:00
19810300,incipient,1981-04-09 09:00:00,1981-04-10 00:00:00
19810300,intensification,1981-04-10 03:00:00,1981-04-12 18:00:00
19810300,mature,1981-04-12 21:00:00,1981-04-13 09:00:00
19810300,decay,1981-04-13 12:00:00,1981-04-15 03:00:00
19810303,incipient,1981-04-11 06:00:00,1981-04-12 03:00:00
19810303,intensification,1981-04-12 06:00:00,1981-04-14 12:00:00
19810303,mature,1981-04-14 15:00:00,1981-04-15 09:00:00
19810303,decay,1981-04-15 12:00:00,1981-04-18 21:00:00
19810315,incipient,1981-04-15 00:00:00,1981-04-15 12:00:00
19810315,intensification,1981-04-15 15:00:00,1981-04-18 06:00:00
19810315,mature,1981-04-18 09:00:00,1981-04-18 21:00:00
19810315,decay,1981-04-19 00:00:00,1981-04-25 18:00:00
19810332,incipient,1981-04-20 12:00:00,1981-04-20 18:00:00
19810332,intensification,1981-04-20 21:00:00,1981-04-21 09:00:00
19810332,mature,1981-04-21 12:00:00,1981-04-21 15:00:00
19810332,decay,1981-04-21 18:00:00,1981-04-21 21:00:00
19810336,intensification,1981-04-22 12:00:00,1981-04-23 12:00:00
19810338,intensification,1981-04-23 00:00:00,1981-04-24 03:00:00
19810349,incipient,1981-04-25 12:00:00,1981-04-25 18:00:00
19810349,intensification,1981-04-25 21:00:00,1981-04-26 18:00:00
19810349,mature,1981-04-26 21:00:00,1981-04-27 00:00:00
19810349,decay,1981-04-27 03:00:00,1981-04-27 15:00:00
19810353,incipient,1981-04-27 00:00:00,1981-04-27 00:00:00
19810353,decay,1981-04-27 03:00:00,1981-04-28 03:00:00
19810353,intensification,1981-04-28 06:00:00,1981-04-30 06:00:00
19810353,mature,1981-04-30 09:00:00,1981-04-30 18:00:00
19810353,decay 2,1981-04-30 21:00:00,1981-05-02 09:00:00
19810354,incipient,1981-04-27 00:00:00,1981-04-27 06:00:00
19810354,decay,1981-04-27 09:00:00,1981-04-28 00:00:00
19810354,intensification,1981-04-28 03:00:00,1981-04-28 15:00:00
19810367,incipient,1981-05-02 03:00:00,1981-05-02 12:00:00
19810367,intensification,1981-05-02 15:00:00,1981-05-03 18:00:00
19810367,mature,1981-05-03 21:00:00,1981-05-04 09:00:00
19810367,decay,1981-05-04 12:00:00,1981-05-06 06:00:00
19810370,incipient,1981-05-03 12:00:00,1981-05-03 15:00:00
19810370,intensification,1981-05-03 18:00:00,1981-05-05 06:00:00
19810370,mature,1981-05-05 09:00:00,1981-05-05 15:00:00
19810370,decay,1981-05-05 18:00:00,1981-05-06 00:00:00
19810388,incipient,1981-05-07 18:00:00,1981-05-08 00:00:00
19810388,intensification,1981-05-08 03:00:00,1981-05-09 03:00:00
19810388,mature,1981-05-09 06:00:00,1981-05-09 15:00:00
19810388,decay,1981-05-09 18:00:00,1981-05-11 21:00:00
19810392,incipient,1981-05-10 03:00:00,1981-05-10 12:00:00
19810392,intensification,1981-05-10 15:00:00,1981-05-10 15:00:00
19810392,decay,1981-05-10 18:00:00,1981-05-11 06:00:00
19810392,intensification 2,1981-05-11 09:00:00,1981-05-11 15:00:00
19810394,incipient,1981-05-10 12:00:00,1981-05-11 00:00:00
19810394,intensification,1981-05-11 03:00:00,1981-05-12 21:00:00
19810394,mature,1981-05-13 00:00:00,1981-05-13 12:00:00
19810394,decay,1981-05-13 15:00:00,1981-05-15 15:00:00
19810394,intensification 2,1981-05-15 18:00:00,1981-05-17 12:00:00
19810394,mature 2,1981-05-17 15:00:00,1981-05-18 06:00:00
19810394,decay 2,1981-05-18 09:00:00,1981-05-20 21:00:00
19810394,residual,1981-05-21 00:00:00,1981-05-21 03:00:00
19810404,decay,1981-05-13 12:00:00,1981-05-13 15:00:00
19810404,intensification,1981-05-13 18:00:00,1981-05-14 12:00:00
19810409,incipient,1981-05-14 15:00:00,1981-05-14 15:00:00
19810409,intensification,1981-05-14 18:00:00,1981-05-15 09:00:00
19810409,mature,1981-05-15 12:00:00,1981-05-15 15:00:00
19810409,decay,1981-05-15 18:00:00,1981-05-16 06:00:00
19810414,incipient,1981-05-15 18:00:00,1981-05-15 21:00:00
19810414,intensification,1981-05-16 00:00:00,1981-05-16 18:00:00
19810414,mature,1981-05-16 21:00:00,1981-05-17 00:00:00
19810414,decay,1981-05-17 03:00:00,1981-05-17 18:00:00
19810417,incipient,1981-05-16 03:00:00,1981-05-16 15:00:00
19810417,intensification,1981-05-16 18:00:00,1981-05-17 18:00:00
19810417,mature,1981-05-17 21:00:00,1981-05-18 06:00:00
19810417,decay,1981-05-18 09:00:00,1981-05-19 09:00:00
19810430,intensification,1981-05-19 00:00:00,1981-05-21 00:00:00
19810430,mature,1981-05-21 03:00:00,1981-05-21 18:00:00
19810430,decay,1981-05-21 21:00:00,1981-05-24 12:00:00
19810430,intensification 2,1981-05-24 15:00:00,1981-05-26 21:00:00
19810430,mature 2,1981-05-27 00:00:00,1981-05-27 18:00:00
19810430,decay 2,1981-05-27 21:00:00,1981-05-31 21:00:00
19810440,intensification,1981-05-23 15:00:00,1981-05-24 06:00:00
19810440,mature,1981-05-24 09:00:00,1981-05-24 15:00:00
19810440,decay,1981-05-24 18:00:00,1981-05-26 12:00:00
19810448,intensification,1981-05-26 18:00:00,1981-05-28 09:00:00
19810448,residual,1981-05-28 12:00:00,1981-05-28 21:00:00
19810450,incipient,1981-05-27 15:00:00,1981-05-27 18:00:00
19810450,intensification,1981-05-27 21:00:00,1981-05-31 12:00:00
19810450,mature,1981-05-31 15:00:00,1981-05-31 21:00:00
19810450,decay,1981-06-01 00:00:00,1981-06-02 00:00:00
19810460,incipient,1981-05-30 03:00:00,1981-05-30 15:00:00
19810460,intensification,1981-05-30 18:00:00,1981-05-30 18:00:00
19810460,decay,1981-05-30 21:00:00,1981-05-31 09:00:00
19810460,intensification 2,1981-05-31 12:00:00,1981-05-31 21:00:00
19810462,incipient,1981-05-30 18:00:00,1981-05-31 03:00:00
19810462,intensification,1981-05-31 06:00:00,1981-06-02 09:00:00
19810462,mature,1981-06-02 12:00:00,1981-06-03 00:00:00
19810462,decay,1981-06-03 03:00:00,1981-06-04 09:00:00
19810473,incipient,1981-06-03 00:00:00,1981-06-03 03:00:00
19810473,intensification,1981-06-03 06:00:00,1981-06-03 21:00:00
19810473,mature,1981-06-04 00:00:00,1981-06-04 03:00:00
19810473,decay,1981-06-04 06:00:00,1981-06-04 21:00:00
19810475,incipient,1981-06-03 06:00:00,1981-06-03 06:00:00
19810475,intensification,1981-06-03 09:00:00,1981-06-04 00:00:00
19810475,mature,1981-06-04 03:00:00,1981-06-04 06:00:00
19810475,decay,1981-06-04 09:00:00,1981-06-04 09:00:00
19810478,incipient,1981-06-04 00:00:00,1981-06-04 06:00:00
19810478,intensification,1981-06-04 09:00:00,1981-06-04 09:00:00
19810478,decay,1981-06-04 12:00:00,1981-06-04 21:00:00
19810478,intensification 2,1981-06-05 00:00:00,1981-06-05 15:00:00
19810481,intensification,1981-06-04 15:00:00,1981-06-05 03:00:00
19810481,decay,1981-06-05 06:00:00,1981-06-05 21:00:00
19810495,intensification,1981-06-08 12:00:00,1981-06-09 09:00:00
19810495,mature,1981-06-09 12:00:00,1981-06-10 00:00:00
19810495,decay,1981-06-10 03:00:00,1981-06-13 09:00:00
19810519,incipient,1981-06-14 12:00:00,1981-06-15 03:00:00
19810519,intensification,1981-06-15 06:00:00,1981-06-17 12:00:00
19810519,mature,1981-06-17 15:00:00,1981-06-18 12:00:00
19810519,decay,1981-06-18 15:00:00,1981-06-22 21:00:00
19810526,decay,1981-06-17 06:00:00,1981-06-18 21:00:00
19810545,decay,1981-06-22 09:00:00,1981-06-22 15:00:00
19810545,intensification,1981-06-22 18:00:00,1981-06-23 09:00:00
19810554,incipient,1981-06-24 12:00:00,1981-06-25 00:00:00
19810554,intensification,1981-06-25 03:00:00,1981-06-26 15:00:00
19810554,mature,1981-06-26 18:00:00,1981-06-27 09:00:00
19810554,decay,1981-06-27 12:00:00,1981-06-30 00:00:00
19810568,incipient,1981-06-27 18:00:00,1981-07-01 00:00:00
19810568,intensification,1981-07-01 03:00:00,1981-07-03 12:00:00
19810568,mature,1981-07-03 15:00:00,1981-07-04 06:00:00
19810568,decay,1981-07-04 09:00:00,1981-07-07 12:00:00
19810570,intensification,1981-06-28 12:00:00,1981-06-29 06:00:00
19810570,mature,1981-06-29 09:00:00,1981-06-29 15:00:00
19810570,decay,1981-06-29 18:00:00,1981-07-01 15:00:00
19810576,incipient,1981-06-30 03:00:00,1981-06-30 09:00:00
19810576,decay,1981-06-30 12:00:00,1981-07-01 00:00:00
19810576,intensification,1981-07-01 03:00:00,1981-07-01 15:00:00
19810576,decay 2,1981-07-01 18:00:00,1981-07-02 00:00:00
19810578,decay,1981-06-30 12:00:00,1981-07-01 00:00:00
19810578,intensification,1981-07-01 03:00:00,1981-07-03 15:00:00
19810578,mature,1981-07-03 18:00:00,1981-07-04 06:00:00
19810578,decay 2,1981-07-04 09:00:00,1981-07-05 09:00:00
19810586,incipient,1981-07-02 15:00:00,1981-07-02 21:00:00
19810586,intensification,1981-07-03 00:00:00,1981-07-05 15:00:00
19810586,mature,1981-07-05 18:00:00,1981-07-06 12:00:00
19810586,decay,1981-07-06 15:00:00,1981-07-09 15:00:00
19810594,incipient,1981-07-06 03:00:00,1981-07-06 12:00:00
19810594,intensification,1981-07-06 15:00:00,1981-07-06 15:00:00
19810594,decay,1981-07-06 18:00:00,1981-07-07 15:00:00
19810594,intensification 2,1981-07-07 18:00:00,1981-07-10 09:00:00
19810597,incipient,1981-07-08 06:00:00,1981-07-08 06:00:00
19810597,intensification,1981-07-08 09:00:00,1981-07-08 21:00:00
19810597,mature,1981-07-09 00:00:00,1981-07-09 03:00:00
19810597,decay,1981-07-09 06:00:00,1981-07-10 06:00:00
19810602,incipient,1981-07-09 15:00:00,1981-07-09 18:00:00
19810602,intensification,1981-07-09 21:00:00,1981-07-10 06:00:00
19810602,mature,1981-07-10 09:00:00,1981-07-10 12:00:00
19810602,decay,1981-07-10 15:00:00,1981-07-11 12:00:00
19810602,residual,1981-07-11 15:00:00,1981-07-11 15:00:00
19810609,incipient,1981-07-12 03:00:00,1981-07-12 09:00:00
19810609,intensification,1981-07-12 12:00:00,1981-07-14 00:00:00
19810609,mature,1981-07-14 03:00:00,1981-07-14 12:00:00
19810609,decay,1981-07-14 15:00:00,1981-07-18 15:00:00
19810618,incipient,1981-07-15 00:00:00,1981-07-15 06:00:00
19810618,intensification,1981-07-15 09:00:00,1981-07-17 15:00:00
19810618,mature,1981-07-17 18:00:00,1981-07-18 06:00:00
19810618,decay,1981-07-18 09:00:00,1981-07-19 09:00:00
19810626,incipient,1981-07-18 09:00:00,1981-07-19 03:00:00
19810626,intensification,1981-07-19 06:00:00,1981-07-24 03:00:00
19810626,mature,1981-07-24 06:00:00,1981-07-25 06:00:00
19810626,decay,1981-07-25 09:00:00,1981-07-27 06:00:00
19810635,intensification,1981-07-20 09:00:00,1981-07-20 15:00:00
19810635,decay,1981-07-20 18:00:00,1981-07-21 09:00:00
19810641,decay,1981-07-23 09:00:00,1981-07-24 09:00:00
19810641,intensification,1981-07-24 12:00:00,1981-07-24 21:00:00
19810650,incipient,1981-07-26 00:00:00,1981-07-26 03:00:00
19810650,intensification,1981-07-26 06:00:00,1981-07-26 21:00:00
19810650,mature,1981-07-27 00:00:00,1981-07-27 03:00:00
19810650,decay,1981-07-27 06:00:00,1981-07-27 12:00:00
19810655,decay,1981-07-27 15:00:00,1981-07-28 15:00:00
19810659,incipient,1981-07-28 12:00:00,1981-07-30 00:00:00
19810659,intensification,1981-07-30 03:00:00,1981-08-02 06:00:00
19810659,mature,1981-08-02 09:00:00,1981-08-03 06:00:00
19810659,decay,1981-08-03 09:00:00,1981-08-05 06:00:00
19810663,decay,1981-07-29 18:00:00,1981-07-30 03:00:00
19810663,intensification,1981-07-30 06:00:00,1981-07-30 09:00:00
19810663,decay 2,1981-07-30 12:00:00,1981-07-30 21:00:00
19810666,incipient,1981-07-30 12:00:00,1981-07-30 21:00:00
19810666,intensification,1981-07-31 00:00:00,1981-08-01 06:00:00
19810666,mature,1981-08-01 09:00:00,1981-08-01 21:00:00
19810666,decay,1981-08-02 00:00:00,1981-08-04 09:00:00
19810667,incipient,1981-07-30 15:00:00,1981-07-31 00:00:00
19810667,intensification,1981-07-31 03:00:00,1981-08-01 09:00:00
19810667,mature,1981-08-01 12:00:00,1981-08-02 00:00:00
19810667,decay,1981-08-02 03:00:00,1981-08-04 00:00:00
19810691,incipient,1981-08-07 06:00:00,1981-08-07 15:00:00
19810691,decay,1981-08-07 18:00:00,1981-08-08 12:00:00
19810691,intensification,1981-08-08 15:00:00,1981-08-09 06:00:00
19810691,mature,1981-08-09 09:00:00,1981-08-09 12:00:00
19810691,decay 2,1981-08-09 15:00:00,1981-08-10 09:00:00
19810692,intensification,1981-08-08 00:00:00,1981-08-08 00:00:00
19810692,decay,1981-08-08 03:00:00,1981-08-08 21:00:00
19810695,incipient,1981-08-09 03:00:00,1981-08-09 09:00:00
19810695,decay,1981-08-09 12:00:00,1981-08-10 15:00:00
19810695,intensification,1981-08-10 18:00:00,1981-08-12 12:00:00
19810695,mature,1981-08-12 15:00:00,1981-08-13 03:00:00
19810695,decay 2,1981-08-13 06:00:00,1981-08-15 03:00:00
19810708,intensification,1981-08-13 12:00:00,1981-08-13 21:00:00
19810708,mature,1981-08-14 00:00:00,1981-08-14 03:00:00
19810708,decay,1981-08-14 06:00:00,1981-08-15 06:00:00
19810708,residual,1981-08-15 09:00:00,1981-08-16 09:00:00
19810712,incipient,1981-08-15 15:00:00,1981-08-15 15:00:00
19810712,intensification,1981-08-15 18:00:00,1981-08-17 03:00:00
19810712,mature,1981-08-17 06:00:00,1981-08-17 12:00:00
19810712,decay,1981-08-17 15:00:00,1981-08-18 21:00:00
19810712,intensification 2,1981-08-19 00:00:00,1981-08-19 15:00:00
19810712,mature 2,1981-08-19 18:00:00,1981-08-20 00:00:00
19810712,decay 2,1981-08-20 03:00:00,1981-08-21 12:00:00
19810721,incipient,1981-08-17 15:00:00,1981-08-17 18:00:00
19810721,intensification,1981-08-17 21:00:00,1981-08-21 06:00:00
19810721,mature,1981-08-21 09:00:00,1981-08-21 21:00:00
19810721,decay,1981-08-22 00:00:00,1981-08-22 18:00:00
19810724,incipient,1981-08-18 12:00:00,1981-08-18 15:00:00
19810724,decay,1981-08-18 18:00:00,1981-08-19 00:00:00
19810724,intensification,1981-08-19 03:00:00,1981-08-19 09:00:00
19810733,incipient,1981-08-21 12:00:00,1981-08-21 15:00:00
19810733,intensification,1981-08-21 18:00:00,1981-08-23 09:00:00
19810733,mature,1981-08-23 12:00:00,1981-08-24 06:00:00
19810733,decay,1981-08-24 09:00:00,1981-08-27 21:00:00
19820005,incipient,1982-01-02 09:00:00,1982-01-02 09:00:00
19820005,intensification,1982-01-02 12:00:00,1982-01-03 18:00:00
19820005,mature,1982-01-03 21:00:00,1982-01-04 09:00:00
19820005,decay,1982-01-04 12:00:00,1982-01-07 18:00:00
19820005,residual,1982-01-07 21:00:00,1982-01-07 21:00:00
19820011,intensification,1982-01-04 12:00:00,1982-01-04 15:00:00
19820011,decay,1982-01-04 18:00:00,1982-01-05 12:00:00
19820020,intensification,1982-01-08 03:00:00,1982-01-08 15:00:00
19820020,decay,1982-01-08 18:00:00,1982-01-09 00:00:00
19820023,incipient,1982-01-09 06:00:00,1982-01-10 00:00:00
19820023,intensification,1982-01-10 03:00:00,1982-01-11 18:00:00
19820023,mature,1982-01-11 21:00:00,1982-01-12 09:00:00
19820023,decay,1982-01-12 12:00:00,1982-01-13 09:00:00
19820026,incipient,1982-01-11 03:00:00,1982-01-11 09:00:00
19820026,intensification,1982-01-11 12:00:00,1982-01-13 21:00:00
19820026,mature,1982-01-14 00:00:00,1982-01-14 21:00:00
19820026,decay,1982-01-15 00:00:00,1982-01-18 18:00:00
19820026,intensification 2,1982-01-18 21:00:00,1982-01-23 06:00:00
19820026,mature 2,1982-01-23 09:00:00,1982-01-24 15:00:00
19820026,decay 2,1982-01-24 18:00:00,1982-01-29 09:00:00
19820035,intensification,1982-01-14 03:00:00,1982-01-14 21:00:00
19820035,decay,1982-01-15 00:00:00,1982-01-15 06:00:00
19820038,incipient,1982-01-16 12:00:00,1982-01-16 15:00:00
19820038,intensification,1982-01-16 18:00:00,1982-01-18 00:00:00
19820038,mature,1982-01-18 03:00:00,1982-01-18 06:00:00
19820038,decay,1982-01-18 09:00:00,1982-01-18 12:00:00
19820047,intensification,1982-01-20 00:00:00,1982-01-20 21:00:00
19820050,incipient,1982-01-21 06:00:00,1982-01-21 06:00:00
19820050,intensification,1982-01-21 09:00:00,1982-01-22 00:00:00
19820050,mature,1982-01-22 03:00:00,1982-01-22 09:00:00
19820050,decay,1982-01-22 12:00:00,1982-01-23 18:00:00
19820052,incipient,1982-01-22 06:00:00,1982-01-22 18:00:00
19820052,intensification,1982-01-22 21:00:00,1982-01-24 18:00:00
19820052,mature,1982-01-24 21:00:00,1982-01-25 09:00:00
19820052,decay,1982-01-25 12:00:00,1982-01-27 06:00:00
19820057,intensification,1982-01-25 00:00:00,1982-01-25 15:00:00
19820057,decay,1982-01-25 18:00:00,1982-01-26 03:00:00
19820073,decay,1982-01-30 12:00:00,1982-01-30 21:00:00
19820073,intensification,1982-01-31 00:00:00,1982-01-31 06:00:00
19820073,decay 2,1982-01-31 09:00:00,1982-01-31 15:00:00
19820081,incipient,1982-02-01 15:00:00,1982-02-01 15:00:00
19820081,intensification,1982-02-01 18:00:00,1982-02-02 00:00:00
19820081,mature,1982-02-02 03:00:00,1982-02-02 06:00:00
19820081,decay,1982-02-02 09:00:00,1982-02-03 03:00:00
19820084,incipient,1982-02-02 03:00:00,1982-02-03 06:00:00
19820084,intensification,1982-02-03 09:00:00,1982-02-03 12:00:00
19820084,decay,1982-02-03 15:00:00,1982-02-05 06:00:00
19820084,intensification 2,1982-02-05 09:00:00,1982-02-06 15:00:00
19820084,mature,1982-02-06 18:00:00,1982-02-07 06:00:00
19820084,decay 2,1982-02-07 09:00:00,1982-02-10 18:00:00
19820090,incipient,1982-02-03 12:00:00,1982-02-03 15:00:00
19820090,decay,1982-02-03 18:00:00,1982-02-03 21:00:00
19820090,intensification,1982-02-04 00:00:00,1982-02-04 03:00:00
19820090,decay 2,1982-02-04 06:00:00,1982-02-04 12:00:00
19820092,incipient,1982-02-04 12:00:00,1982-02-04 12:00:00
19820092,decay,1982-02-04 15:00:00,1982-02-05 00:00:00
19820092,intensification,1982-02-05 03:00:00,1982-02-05 06:00:00
19820092,decay 2,1982-02-05 09:00:00,1982-02-05 15:00:00
19820097,incipient,1982-02-05 15:00:00,1982-02-08 03:00:00
19820097,intensification,1982-02-08 06:00:00,1982-02-10 18:00:00
19820097,mature,1982-02-10 21:00:00,1982-02-11 12:00:00
19820097,decay,1982-02-11 15:00:00,1982-02-13 09:00:00
19820097,residual,1982-02-13 12:00:00,1982-02-16 00:00:00
19820099,incipient,1982-02-06 15:00:00,1982-02-06 21:00:00
19820099,intensification,1982-02-07 00:00:00,1982-02-09 03:00:00
19820099,mature,1982-02-09 06:00:00,1982-02-09 15:00:00
19820099,decay,1982-02-09 18:00:00,1982-02-11 03:00:00
19820102,incipient,1982-02-08 00:00:00,1982-02-09 09:00:00
19820102,intensification,1982-02-09 12:00:00,1982-02-12 09:00:00
19820102,mature,1982-02-12 12:00:00,1982-02-13 09:00:00
19820102,decay,1982-02-13 12:00:00,1982-02-15 15:00:00
19820104,intensification,1982-02-09 12:00:00,1982-02-10 03:00:00
19820104,decay,1982-02-10 06:00:00,1982-02-11 00:00:00
19820109,incipient,1982-02-12 00:00:00,1982-02-12 06:00:00
19820109,intensification,1982-02-12 09:00:00,1982-02-13 03:00:00
19820109,mature,1982-02-13 06:00:00,1982-02-13 09:00:00
19820109,decay,1982-02-13 12:00:00,1982-02-14 06:00:00
19820112,incipient,1982-02-14 18:00:00,1982-02-14 21:00:00
19820112,intensification,1982-02-15 00:00:00,1982-02-15 21:00:00
19820112,mature,1982-02-16 00:00:00,1982-02-16 03:00:00
19820112,decay,1982-02-16 06:00:00,1982-02-16 12:00:00
19820116,intensification,1982-02-15 15:00:00,1982-02-15 21:00:00
19820116,decay,1982-02-16 00:00:00,1982-02-16 18:00:00
19820119,intensification,1982-02-16 12:00:00,1982-02-17 21:00:00
19820119,mature,1982-02-18 00:00:00,1982-02-18 06:00:00
19820119,decay,1982-02-18 09:00:00,1982-02-19 18:00:00
19820119,intensification 2,1982-02-19 21:00:00,1982-02-21 09:00:00
19820119,mature 2,1982-02-21 12:00:00,1982-02-21 18:00:00
19820119,decay 2,1982-02-21 21:00:00,1982-02-23 06:00:00
19820128,incipient,1982-02-19 03:00:00,1982-02-20 15:00:00
19820128,intensification,1982-02-20 18:00:00,1982-02-23 18:00:00
19820128,mature,1982-02-23 21:00:00,1982-02-24 18:00:00
19820128,decay,1982-02-24 21:00:00,1982-02-27 03:00:00
19820130,incipient,1982-02-20 12:00:00,1982-02-20 18:00:00
19820130,intensification,1982-02-20 21:00:00,1982-02-21 12:00:00
19820130,mature,1982-02-21 15:00:00,1982-02-21 18:00:00
19820130,decay,1982-02-21 21:00:00,1982-02-22 09:00:00
19820138,intensification,1982-02-22 12:00:00,1982-02-23 06:00:00
19820138,mature,1982-02-23 09:00:00,1982-02-23 15:00:00
19820138,decay,1982-02-23 18:00:00,1982-02-24 21:00:00
19820138,residual,1982-02-25 00:00:00,1982-02-26 21:00:00
19820143,incipient,1982-02-23 12:00:00,1982-02-24 06:00:00
19820143,intensification,1982-02-24 09:00:00,1982-02-26 09:00:00
19820143,mature,1982-02-26 12:00:00,1982-02-27 00:00:00
19820143,decay,1982-02-27 03:00:00,1982-02-28 18:00:00
19820143,residual,1982-02-28 21:00:00,1982-03-01 09:00:00
19820145,decay,1982-02-25 00:00:00,1982-02-26 00:00:00
19820145,intensification,1982-02-26 03:00:00,1982-02-28 00:00:00
19820145,mature,1982-02-28 03:00:00,1982-02-28 15:00:00
19820145,decay 2,1982-02-28 18:00:00,1982-03-02 09:00:00
19820148,intensification,1982-02-26 12:00:00,1982-03-03 09:00:00
19820162,incipient,1982-03-02 12:00:00,1982-03-02 21:00:00
19820162,decay,1982-03-03 00:00:00,1982-03-03 03:00:00
19820162,intensification,1982-03-03 06:00:00,1982-03-03 09:00:00
19820162,decay 2,1982-03-03 12:00:00,1982-03-03 18:00:00
19820175,incipient,1982-03-05 12:00:00,1982-03-05 12:00:00
19820175,intensification,1982-03-05 15:00:00,1982-03-06 06:00:00
19820175,mature,1982-03-06 09:00:00,1982-03-06 12:00:00
19820175,decay,1982-03-06 15:00:00,1982-03-07 09:00:00
19820206,incipient,1982-03-14 12:00:00,1982-03-15 06:00:00
19820206,intensification,1982-03-15 09:00:00,1982-03-17 21:00:00
19820206,mature,1982-03-18 00:00:00,1982-03-19 03:00:00
19820206,decay,1982-03-19 06:00:00,1982-03-24 12:00:00
19820207,incipient,1982-03-14 12:00:00,1982-03-14 15:00:00
19820207,intensification,1982-03-14 18:00:00,1982-03-14 21:00:00
19820207,mature,1982-03-15 00:00:00,1982-03-15 03:00:00
19820207,decay,1982-03-15 06:00:00,1982-03-16 00:00:00
19820218,intensification,1982-03-19 06:00:00,1982-03-19 09:00:00
19820218,decay,1982-03-19 12:00:00,1982-03-20 06:00:00
19820231,incipient,1982-03-22 18:00:00,1982-03-23 03:00:00
19820231,intensification,1982-03-23 06:00:00,1982-03-24 12:00:00
19820231,mature,1982-03-24 15:00:00,1982-03-25 00:00:00
19820231,decay,1982-03-25 03:00:00,1982-03-26 15:00:00
19820253,incipient,1982-03-29 06:00:00,1982-03-29 06:00:00
19820253,intensification,1982-03-29 09:00:00,1982-03-30 15:00:00
19820253,mature,1982-03-30 18:00:00,1982-03-31 06:00:00
19820253,decay,1982-03-31 09:00:00,1982-04-03 09:00:00
19820256,incipient,1982-03-30 18:00:00,1982-03-30 18:00:00
19820256,intensification,1982-03-30 21:00:00,1982-03-31 18:00:00
19820256,mature,1982-03-31 21:00:00,1982-04-01 03:00:00
19820256,decay,1982-04-01 06:00:00,1982-04-02 06:00:00
19820266,incipient,1982-04-02 12:00:00,1982-04-03 12:00:00
19820266,intensification,1982-04-03 15:00:00,1982-04-06 12:00:00
19820266,mature,1982-04-06 15:00:00,1982-04-07 09:00:00
19820266,decay,1982-04-07 12:00:00,1982-04-09 12:00:00
19820292,incipient,1982-04-08 18:00:00,1982-04-09 00:00:00
19820292,intensification,1982-04-09 03:00:00,1982-04-10 00:00:00
19820292,mature,1982-04-10 03:00:00,1982-04-10 09:00:00
19820292,decay,1982-04-10 12:00:00,1982-04-11 21:00:00
19820297,intensification,1982-04-09 12:00:00,1982-04-09 21:00:00
19820297,mature,1982-04-10 00:00:00,1982-04-10 03:00:00
19820297,decay,1982-04-10 06:00:00,1982-04-11 18:00:00
19820314,intensification,1982-04-15 18:00:00,1982-04-16 09:00:00
19820314,decay,1982-04-16 12:00:00,1982-04-17 03:00:00
19820318,decay,1982-04-17 12:00:00,1982-04-17 18:00:00
19820318,intensification,1982-04-17 21:00:00,1982-04-18 06:00:00
19820318,decay 2,1982-04-18 09:00:00,1982-04-18 15:00:00
19820323,incipient,1982-04-19 03:00:00,1982-04-19 12:00:00
19820323,intensification,1982-04-19 15:00:00,1982-04-20 15:00:00
19820323,mature,1982-04-20 18:00:00,1982-04-20 21:00:00
19820323,decay,1982-04-21 00:00:00,1982-04-21 09:00:00
19820337,incipient,1982-04-24 18:00:00,1982-04-25 06:00:00
19820337,intensification,1982-04-25 09:00:00,1982-04-27 00:00:00
19820337,mature,1982-04-27 03:00:00,1982-04-28 03:00:00
19820337,decay,1982-04-28 06:00:00,1982-05-03 09:00:00
19820351,incipient,1982-04-29 00:00:00,1982-04-29 00:00:00
19820351,decay,1982-04-29 03:00:00,1982-04-29 12:00:00
19820351,intensification,1982-04-29 15:00:00,1982-04-30 21:00:00
19820362,intensification,1982-05-02 09:00:00,1982-05-03 18:00:00
19820391,intensification,1982-05-09 12:00:00,1982-05-09 15:00:00
19820391,mature,1982-05-09 18:00:00,1982-05-09 21:00:00
19820391,decay,1982-05-10 00:00:00,1982-05-11 00:00:00
19820401,incipient,1982-05-13 12:00:00,1982-05-13 15:00:00
19820401,intensification,1982-05-13 18:00:00,1982-05-14 15:00:00
19820401,mature,1982-05-14 18:00:00,1982-05-15 03:00:00
19820401,decay,1982-05-15 06:00:00,1982-05-17 03:00:00
19820426,incipient,1982-05-20 12:00:00,1982-05-20 21:00:00
19820426,intensification,1982-05-21 00:00:00,1982-05-21 18:00:00
19820426,mature,1982-05-21 21:00:00,1982-05-22 03:00:00
19820426,decay,1982-05-22 06:00:00,1982-05-23 00:00:00
19820442,decay,1982-05-25 15:00:00,1982-05-26 00:00:00
19820442,intensification,1982-05-26 03:00:00,1982-05-26 06:00:00
19820442,decay 2,1982-05-26 09:00:00,1982-05-26 21:00:00
19820450,incipient,1982-05-28 18:00:00,1982-05-29 18:00:00
19820450,intensification,1982-05-29 21:00:00,1982-05-31 21:00:00
19820450,mature,1982-06-01 00:00:00,1982-06-01 15:00:00
19820450,decay,1982-06-01 18:00:00,1982-06-03 09:00:00
19820452,incipient,1982-05-29 12:00:00,1982-05-30 00:00:00
19820452,intensification,1982-05-30 03:00:00,1982-06-01 12:00:00
19820452,mature,1982-06-01 15:00:00,1982-06-02 03:00:00
19820452,decay,1982-06-02 06:00:00,1982-06-03 21:00:00
19820453,incipient,1982-05-30 12:00:00,1982-05-30 18:00:00
19820453,intensification,1982-05-30 21:00:00,1982-06-01 06:00:00
19820453,mature,1982-06-01 09:00:00,1982-06-01 15:00:00
19820453,decay,1982-06-01 18:00:00,1982-06-02 00:00:00
19820453,residual,1982-06-02 03:00:00,1982-06-04 09:00:00
19820469,intensification,1982-06-05 03:00:00,1982-06-05 09:00:00
19820469,mature,1982-06-05 12:00:00,1982-06-05 15:00:00
19820469,decay,1982-06-05 18:00:00,1982-06-07 03:00:00
19820471,incipient,1982-06-05 12:00:00,1982-06-05 12:00:00
19820471,intensification,1982-06-05 15:00:00,1982-06-09 12:00:00
19820471,mature,1982-06-09 15:00:00,1982-06-10 09:00:00
19820471,decay,1982-06-10 12:00:00,1982-06-12 15:00:00
19820475,incipient,1982-06-08 03:00:00,1982-06-08 06:00:00
19820475,decay,1982-06-08 09:00:00,1982-06-08 15:00:00
19820475,intensification,1982-06-08 18:00:00,1982-06-09 06:00:00
19820476,intensification,1982-06-08 03:00:00,1982-06-08 12:00:00
19820476,decay,1982-06-08 15:00:00,1982-06-09 03:00:00
19820478,intensification,1982-06-09 06:00:00,1982-06-09 09:00:00
19820478,mature,1982-06-09 12:00:00,1982-06-09 15:00:00
19820478,decay,1982-06-09 18:00:00,1982-06-10 12:00:00
19820482,incipient,1982-06-10 06:00:00,1982-06-10 15:00:00
19820482,intensification,1982-06-10 18:00:00,1982-06-11 21:00:00
19820482,mature,1982-06-12 00:00:00,1982-06-12 09:00:00
19820482,decay,1982-06-12 12:00:00,1982-06-13 18:00:00
19820487,incipient,1982-06-11 12:00:00,1982-06-12 00:00:00
19820487,decay,1982-06-12 03:00:00,1982-06-12 06:00:00
19820487,intensification,1982-06-12 09:00:00,1982-06-12 18:00:00
19820487,decay 2,1982-06-12 21:00:00,1982-06-13 00:00:00
19820492,intensification,1982-06-12 12:00:00,1982-06-12 18:00:00
19820492,mature,1982-06-12 21:00:00,1982-06-13 00:00:00
19820492,decay,1982-06-13 03:00:00,1982-06-13 21:00:00
19820514,incipient,1982-06-19 06:00:00,1982-06-19 18:00:00
19820514,intensification,1982-06-19 21:00:00,1982-06-21 18:00:00
19820514,mature,1982-06-21 21:00:00,1982-06-22 12:00:00
19820514,decay,1982-06-22 15:00:00,1982-06-26 00:00:00
19820516,incipient,1982-06-20 12:00:00,1982-06-20 12:00:00
19820516,intensification,1982-06-20 15:00:00,1982-06-21 06:00:00
19820516,mature,1982-06-21 09:00:00,1982-06-21 18:00:00
19820516,decay,1982-06-21 21:00:00,1982-06-24 06:00:00
19820519,incipient,1982-06-20 18:00:00,1982-06-20 18:00:00
19820519,intensification,1982-06-20 21:00:00,1982-06-21 03:00:00
19820519,mature,1982-06-21 06:00:00,1982-06-21 09:00:00
19820519,decay,1982-06-21 12:00:00,1982-06-22 09:00:00
19820527,incipient,1982-06-23 03:00:00,1982-06-23 06:00:00
19820527,intensification,1982-06-23 09:00:00,1982-06-23 21:00:00
19820527,mature,1982-06-24 00:00:00,1982-06-24 06:00:00
19820527,decay,1982-06-24 09:00:00,1982-06-25 12:00:00
19820538,incipient,1982-06-25 12:00:00,1982-06-25 15:00:00
19820538,intensification,1982-06-25 18:00:00,1982-06-26 06:00:00
19820538,mature,1982-06-26 09:00:00,1982-06-26 12:00:00
19820538,decay,1982-06-26 15:00:00,1982-06-27 12:00:00
19820541,decay,1982-06-25 18:00:00,1982-06-26 06:00:00
19820541,intensification,1982-06-26 09:00:00,1982-06-27 06:00:00
19820543,decay,1982-06-26 12:00:00,1982-06-27 09:00:00
19820549,incipient,1982-06-28 09:00:00,1982-06-28 12:00:00
19820549,intensification,1982-06-28 15:00:00,1982-06-29 21:00:00
19820549,mature,1982-06-30 00:00:00,1982-06-30 12:00:00
19820549,decay,1982-06-30 15:00:00,1982-07-03 18:00:00
19820563,incipient,1982-07-02 00:00:00,1982-07-02 21:00:00
19820563,intensification,1982-07-03 00:00:00,1982-07-04 21:00:00
19820563,mature,1982-07-05 00:00:00,1982-07-05 15:00:00
19820563,decay,1982-07-05 18:00:00,1982-07-08 03:00:00
19820578,incipient,1982-07-05 15:00:00,1982-07-05 21:00:00
19820578,intensification,1982-07-06 00:00:00,1982-07-06 09:00:00
19820578,mature,1982-07-06 12:00:00,1982-07-06 15:00:00
19820578,decay,1982-07-06 18:00:00,1982-07-06 21:00:00
19820586,decay,1982-07-07 12:00:00,1982-07-08 15:00:00
19820586,intensification,1982-07-08 18:00:00,1982-07-12 00:00:00
19820586,mature,1982-07-12 03:00:00,1982-07-12 18:00:00
19820586,decay 2,1982-07-12 21:00:00,1982-07-15 03:00:00
19820602,incipient,1982-07-12 15:00:00,1982-07-12 15:00:00
19820602,intensification,1982-07-12 18:00:00,1982-07-14 06:00:00
19820602,mature,1982-07-14 09:00:00,1982-07-14 15:00:00
19820602,decay,1982-07-14 18:00:00,1982-07-15 12:00:00
19820602,intensification 2,1982-07-15 15:00:00,1982-07-16 12:00:00
19820602,mature 2,1982-07-16 15:00:00,1982-07-16 21:00:00
19820602,decay 2,1982-07-17 00:00:00,1982-07-18 15:00:00
19820625,incipient,1982-07-18 12:00:00,1982-07-18 18:00:00
19820625,decay,1982-07-18 21:00:00,1982-07-19 12:00:00
19820625,intensification,1982-07-19 15:00:00,1982-07-20 00:00:00
19820629,decay,1982-07-19 12:00:00,1982-07-19 18:00:00
19820629,intensification,1982-07-19 21:00:00,1982-07-20 03:00:00
19820629,decay 2,1982-07-20 06:00:00,1982-07-21 00:00:00
19820633,intensification,1982-07-20 18:00:00,1982-07-21 00:00:00
19820633,decay,1982-07-21 03:00:00,1982-07-21 18:00:00
19820645,incipient,1982-07-24 06:00:00,1982-07-24 09:00:00
19820645,intensification,1982-07-24 12:00:00,1982-07-25 03:00:00
19820645,mature,1982-07-25 06:00:00,1982-07-25 09:00:00
19820645,decay,1982-07-25 12:00:00,1982-07-25 18:00:00
19820652,incipient,1982-07-26 12:00:00,1982-07-26 12:00:00
19820652,intensification,1982-07-26 15:00:00,1982-07-30 00:00:00
19820652,mature,1982-07-30 03:00:00,1982-07-30 21:00:00
19820652,decay,1982-07-31 00:00:00,1982-08-02 00:00:00
19820660,incipient,1982-07-29 09:00:00,1982-07-29 12:00:00
19820660,intensification,1982-07-29 15:00:00,1982-08-01 09:00:00
19820660,mature,1982-08-01 12:00:00,1982-08-01 21:00:00
19820660,decay,1982-08-02 00:00:00,1982-08-02 15:00:00
19820667,incipient,1982-07-30 09:00:00,1982-07-30 18:00:00
19820667,intensification,1982-07-30 21:00:00,1982-08-02 09:00:00
19820667,mature,1982-08-02 12:00:00,1982-08-03 00:00:00
19820667,decay,1982-08-03 03:00:00,1982-08-04 00:00:00
19820671,incipient,1982-07-31 12:00:00,1982-08-01 06:00:00
19820671,intensification,1982-08-01 09:00:00,1982-08-03 03:00:00
19820671,mature,1982-08-03 06:00:00,1982-08-03 18:00:00
19820671,decay,1982-08-03 21:00:00,1982-08-05 03:00:00
19820674,intensification,1982-08-01 12:00:00,1982-08-01 15:00:00
19820674,mature,1982-08-01 18:00:00,1982-08-01 21:00:00
19820674,decay,1982-08-02 00:00:00,1982-08-02 18:00:00
19820676,incipient,1982-08-02 15:00:00,1982-08-02 15:00:00
19820676,intensification,1982-08-02 18:00:00,1982-08-03 09:00:00
19820676,mature,1982-08-03 12:00:00,1982-08-03 18:00:00
19820676,decay,1982-08-03 21:00:00,1982-08-04 15:00:00
19820677,incipient,1982-08-03 00:00:00,1982-08-03 03:00:00
19820677,intensification,1982-08-03 06:00:00,1982-08-04 00:00:00
19820677,mature,1982-08-04 03:00:00,1982-08-04 12:00:00
19820677,decay,1982-08-04 15:00:00,1982-08-06 21:00:00
19820684,incipient,1982-08-04 06:00:00,1982-08-04 12:00:00
19820684,intensification,1982-08-04 15:00:00,1982-08-05 06:00:00
19820684,mature,1982-08-05 09:00:00,1982-08-05 12:00:00
19820684,decay,1982-08-05 15:00:00,1982-08-06 09:00:00
19830018,intensification,1983-01-07 18:00:00,1983-01-08 21:00:00
19830018,mature,1983-01-09 00:00:00,1983-01-09 03:00:00
19830018,decay,1983-01-09 06:00:00,1983-01-09 12:00:00
19830018,intensification 2,1983-01-09 15:00:00,1983-01-10 21:00:00
19830018,mature 2,1983-01-11 00:00:00,1983-01-11 03:00:00
19830018,decay 2,1983-01-11 06:00:00,1983-01-11 21:00:00
19830021,incipient,1983-01-08 15:00:00,1983-01-08 21:00:00
19830021,intensification,1983-01-09 00:00:00,1983-01-10 15:00:00
19830021,mature,1983-01-10 18:00:00,1983-01-11 03:00:00
19830021,decay,1983-01-11 06:00:00,1983-01-12 00:00:00
19830021,intensification 2,1983-01-12 03:00:00,1983-01-14 21:00:00
19830021,mature 2,1983-01-15 00:00:00,1983-01-15 18:00:00
19830021,decay 2,1983-01-15 21:00:00,1983-01-18 12:00:00
19830024,incipient,1983-01-10 06:00:00,1983-01-10 12:00:00
19830024,intensification,1983-01-10 15:00:00,1983-01-10 15:00:00
19830024,decay,1983-01-10 18:00:00,1983-01-11 03:00:00
19830024,intensification 2,1983-01-11 06:00:00,1983-01-11 09:00:00
19830032,intensification,1983-01-12 18:00:00,1983-01-13 12:00:00
19830032,decay,1983-01-13 15:00:00,1983-01-13 18:00:00
19830034,incipient,1983-01-14 00:00:00,1983-01-14 09:00:00
19830034,intensification,1983-01-14 12:00:00,1983-01-15 15:00:00
19830034,mature,1983-01-15 18:00:00,1983-01-16 03:00:00
19830034,decay,1983-01-16 06:00:00,1983-01-17 03:00:00
19830040,incipient,1983-01-16 00:00:00,1983-01-16 15:00:00
19830040,intensification,1983-01-16 18:00:00,1983-01-18 21:00:00
19830040,mature,1983-01-19 00:00:00,1983-01-19 21:00:00
19830040,decay,1983-01-20 00:00:00,1983-01-23 18:00:00
19830043,decay,1983-01-16 18:00:00,1983-01-17 00:00:00
19830043,intensification,1983-01-17 03:00:00,1983-01-17 03:00:00
19830043,decay 2,1983-01-17 06:00:00,1983-01-18 00:00:00
19830046,incipient,1983-01-17 12:00:00,1983-01-17 18:00:00
19830046,intensification,1983-01-17 21:00:00,1983-01-17 21:00:00
19830046,decay,1983-01-18 00:00:00,1983-01-18 09:00:00
19830046,intensification 2,1983-01-18 12:00:00,1983-01-18 15:00:00
19830046,decay 2,1983-01-18 18:00:00,1983-01-18 21:00:00
19830050,incipient,1983-01-18 15:00:00,1983-01-19 00:00:00
19830050,intensification,1983-01-19 03:00:00,1983-01-21 00:00:00
19830050,mature,1983-01-21 03:00:00,1983-01-21 21:00:00
19830050,decay,1983-01-22 00:00:00,1983-01-25 18:00:00
19830051,intensification,1983-01-18 15:00:00,1983-01-19 03:00:00
19830051,mature,1983-01-19 06:00:00,1983-01-19 09:00:00
19830051,decay,1983-01-19 12:00:00,1983-01-21 09:00:00
19830062,intensification,1983-01-22 03:00:00,1983-01-22 12:00:00
19830062,mature,1983-01-22 15:00:00,1983-01-22 21:00:00
19830062,decay,1983-01-23 00:00:00,1983-01-24 21:00:00
19830065,incipient,1983-01-23 00:00:00,1983-01-23 03:00:00
19830065,intensification,1983-01-23 06:00:00,1983-01-24 00:00:00
19830065,mature,1983-01-24 03:00:00,1983-01-24 09:00:00
19830065,decay,1983-01-24 12:00:00,1983-01-26 03:00:00
19830078,decay,1983-01-28 12:00:00,1983-01-28 21:00:00
19830078,intensification,1983-01-29 00:00:00,1983-01-29 21:00:00
19830080,intensification,1983-01-29 06:00:00,1983-01-30 21:00:00
19830081,intensification,1983-01-30 12:00:00,1983-01-31 06:00:00
19830081,decay,1983-01-31 09:00:00,1983-01-31 18:00:00
19830084,incipient,1983-01-31 09:00:00,1983-01-31 12:00:00
19830084,decay,1983-01-31 15:00:00,1983-02-01 03:00:00
19830084,intensification,1983-02-01 06:00:00,1983-02-01 06:00:00
19830088,intensification,1983-02-01 06:00:00,1983-02-02 21:00:00
19830088,mature,1983-02-03 00:00:00,1983-02-03 15:00:00
19830088,decay,1983-02-03 18:00:00,1983-02-09 06:00:00
19830090,intensification,1983-02-01 15:00:00,1983-02-01 21:00:00
19830090,decay,1983-02-02 00:00:00,1983-02-02 18:00:00
19830093,incipient,1983-02-02 06:00:00,1983-02-02 12:00:00
19830093,intensification,1983-02-02 15:00:00,1983-02-08 12:00:00
19830093,mature,1983-02-08 15:00:00,1983-02-09 18:00:00
19830093,decay,1983-02-09 21:00:00,1983-02-12 21:00:00
19830093,residual,1983-02-13 00:00:00,1983-02-14 18:00:00
19830097,intensification,1983-02-05 12:00:00,1983-02-06 18:00:00
19830097,mature,1983-02-06 21:00:00,1983-02-07 03:00:00
19830097,decay,1983-02-07 06:00:00,1983-02-08 09:00:00
19830097,intensification 2,1983-02-08 12:00:00,1983-02-09 18:00:00
19830097,mature 2,1983-02-09 21:00:00,1983-02-10 03:00:00
19830097,decay 2,1983-02-10 06:00:00,1983-02-11 18:00:00
19830100,intensification,1983-02-07 00:00:00,1983-02-07 12:00:00
19830100,mature,1983-02-07 15:00:00,1983-02-08 00:00:00
19830100,decay,1983-02-08 03:00:00,1983-02-11 00:00:00
19830111,intensification,1983-02-11 00:00:00,1983-02-12 18:00:00
19830119,decay,1983-02-13 06:00:00,1983-02-14 15:00:00
19830126,incipient,1983-02-15 12:00:00,1983-02-15 15:00:00
19830126,intensification,1983-02-15 18:00:00,1983-02-18 00:00:00
19830126,mature,1983-02-18 03:00:00,1983-02-19 00:00:00
19830126,decay,1983-02-19 03:00:00,1983-02-27 00:00:00
19830130,incipient,1983-02-17 15:00:00,1983-02-18 12:00:00
19830130,decay,1983-02-18 15:00:00,1983-02-19 03:00:00
19830130,intensification,1983-02-19 06:00:00,1983-02-19 12:00:00
19830130,mature,1983-02-19 15:00:00,1983-02-19 18:00:00
19830130,decay 2,1983-02-19 21:00:00,1983-02-20 21:00:00
19830133,incipient,1983-02-18 15:00:00,1983-02-19 03:00:00
19830133,intensification,1983-02-19 06:00:00,1983-02-20 12:00:00
19830133,mature,1983-02-20 15:00:00,1983-02-20 21:00:00
19830133,decay,1983-02-21 00:00:00,1983-02-21 18:00:00
19830138,decay,1983-02-20 09:00:00,1983-02-20 15:00:00
19830138,intensification,1983-02-20 18:00:00,1983-02-21 09:00:00
19830138,mature,1983-02-21 12:00:00,1983-02-21 15:00:00
19830138,decay 2,1983-02-21 18:00:00,1983-02-22 09:00:00
19830142,decay,1983-02-21 12:00:00,1983-02-22 00:00:00
19830142,intensification,1983-02-22 03:00:00,1983-02-22 15:00:00
19830142,decay 2,1983-02-22 18:00:00,1983-02-22 21:00:00
19830144,intensification,1983-02-21 18:00:00,1983-02-27 12:00:00
19830144,residual,1983-02-27 15:00:00,1983-02-28 21:00:00
19830149,incipient,1983-02-23 00:00:00,1983-02-23 00:00:00
19830149,intensification,1983-02-23 03:00:00,1983-02-23 21:00:00
19830149,mature,1983-02-24 00:00:00,1983-02-24 09:00:00
19830149,decay,1983-02-24 12:00:00,1983-02-26 06:00:00
19830150,intensification,1983-02-23 09:00:00,1983-02-24 09:00:00
19830150,mature,1983-02-24 12:00:00,1983-02-25 03:00:00
19830150,decay,1983-02-25 06:00:00,1983-02-28 21:00:00
19830152,incipient,1983-02-24 00:00:00,1983-02-24 09:00:00
19830152,intensification,1983-02-24 12:00:00,1983-02-26 15:00:00
19830152,mature,1983-02-26 18:00:00,1983-02-27 06:00:00
19830152,decay,1983-02-27 09:00:00,1983-02-28 21:00:00
19830163,incipient,1983-02-28 12:00:00,1983-02-28 12:00:00
19830163,intensification,1983-02-28 15:00:00,1983-03-02 03:00:00
19830163,mature,1983-03-02 06:00:00,1983-03-02 15:00:00
19830163,decay,1983-03-02 18:00:00,1983-03-04 18:00:00
19830166,incipient,1983-03-01 00:00:00,1983-03-02 18:00:00
19830166,decay,1983-03-02 21:00:00,1983-03-03 06:00:00
19830166,intensification,1983-03-03 09:00:00,1983-03-04 18:00:00
19830166,decay 2,1983-03-04 21:00:00,1983-03-05 09:00:00
19830175,intensification,1983-03-03 03:00:00,1983-03-03 12:00:00
19830175,decay,1983-03-03 15:00:00,1983-03-04 03:00:00
19830179,incipient,1983-03-04 06:00:00,1983-03-04 15:00:00
19830179,intensification,1983-03-04 18:00:00,1983-03-06 00:00:00
19830179,mature,1983-03-06 03:00:00,1983-03-06 15:00:00
19830179,decay,1983-03-06 18:00:00,1983-03-08 09:00:00
19830181,incipient,1983-03-04 12:00:00,1983-03-04 18:00:00
19830181,intensification,1983-03-04 21:00:00,1983-03-05 18:00:00
19830181,mature,1983-03-05 21:00:00,1983-03-06 03:00:00
19830181,decay,1983-03-06 06:00:00,1983-03-07 00:00:00
19830185,incipient,1983-03-06 03:00:00,1983-03-06 12:00:00
19830185,intensification,1983-03-06 15:00:00,1983-03-08 03:00:00
19830185,mature,1983-03-08 06:00:00,1983-03-08 15:00:00
19830185,decay,1983-03-08 18:00:00,1983-03-10 06:00:00
19830187,incipient,1983-03-06 18:00:00,1983-03-07 00:00:00
19830187,intensification,1983-03-07 03:00:00,1983-03-08 09:00:00
19830187,mature,1983-03-08 12:00:00,1983-03-09 00:00:00
19830187,decay,1983-03-09 03:00:00,1983-03-11 15:00:00
19830202,incipient,1983-03-10 15:00:00,1983-03-10 18:00:00
19830202,intensification,1983-03-10 21:00:00,1983-03-11 12:00:00
19830202,mature,1983-03-11 15:00:00,1983-03-11 18:00:00
19830202,decay,1983-03-11 21:00:00,1983-03-11 21:00:00
19830204,incipient,1983-03-11 03:00:00,1983-03-11 09:00:00
19830204,intensification,1983-03-11 12:00:00,1983-03-12 15:00:00
19830204,mature,1983-03-12 18:00:00,1983-03-13 03:00:00
19830204,decay,1983-03-13 06:00:00,1983-03-15 03:00:00
19830205,intensification,1983-03-12 03:00:00,1983-03-13 03:00:00
19830205,mature,1983-03-13 06:00:00,1983-03-13 12:00:00
19830205,decay,1983-03-13 15:00:00,1983-03-14 21:00:00
19830205,intensification 2,1983-03-15 00:00:00,1983-03-16 21:00:00
19830205,mature 2,1983-03-17 00:00:00,1983-03-17 09:00:00
19830205,decay 2,1983-03-17 12:00:00,1983-03-18 12:00:00
19830215,incipient,1983-03-15 15:00:00,1983-03-16 12:00:00
19830215,intensification,1983-03-16 15:00:00,1983-03-18 12:00:00
19830215,mature,1983-03-18 15:00:00,1983-03-19 06:00:00
19830215,decay,1983-03-19 09:00:00,1983-03-21 06:00:00
19830218,incipient,1983-03-16 12:00:00,1983-03-16 18:00:00
19830218,intensification,1983-03-16 21:00:00,1983-03-17 18:00:00
19830218,mature,1983-03-17 21:00:00,1983-03-18 03:00:00
19830218,decay,1983-03-18 06:00:00,1983-03-19 09:00:00
19830224,intensification,1983-03-18 15:00:00,1983-03-19 09:00:00
19830224,mature,1983-03-19 12:00:00,1983-03-19 21:00:00
19830224,decay,1983-03-20 00:00:00,1983-03-24 21:00:00
19830228,decay,1983-03-19 15:00:00,1983-03-19 21:00:00
19830228,intensification,1983-03-20 00:00:00,1983-03-20 09:00:00
19830228,decay 2,1983-03-20 12:00:00,1983-03-20 21:00:00
19830228,intensification 2,1983-03-21 00:00:00,1983-03-21 09:00:00
19830240,intensification,1983-03-22 18:00:00,1983-03-23 18:00:00
19830242,incipient,1983-03-24 00:00:00,1983-03-24 03:00:00
19830242,decay,1983-03-24 06:00:00,1983-03-24 18:00:00
19830242,intensification,1983-03-24 21:00:00,1983-03-25 09:00:00
19830250,incipient,1983-03-27 12:00:00,1983-03-27 18:00:00
19830250,intensification,1983-03-27 21:00:00,1983-03-29 03:00:00
19830250,mature,1983-03-29 06:00:00,1983-03-29 12:00:00
19830250,decay,1983-03-29 15:00:00,1983-03-30 06:00:00
19830250,intensification 2,1983-03-30 09:00:00,1983-03-31 15:00:00
19830250,mature 2,1983-03-31 18:00:00,1983-04-01 00:00:00
19830250,decay 2,1983-04-01 03:00:00,1983-04-02 03:00:00
19830257,decay,1983-03-28 18:00:00,1983-03-29 09:00:00
19830257,intensification,1983-03-29 12:00:00,1983-03-29 12:00:00
19830257,decay 2,1983-03-29 15:00:00,1983-03-30 00:00:00
19830257,intensification 2,1983-03-30 03:00:00,1983-03-30 09:00:00
19830263,intensification,1983-03-30 18:00:00,1983-03-31 12:00:00
19830263,decay,1983-03-31 15:00:00,1983-04-01 12:00:00
19830281,incipient,1983-04-05 00:00:00,1983-04-05 00:00:00
19830281,intensification,1983-04-05 03:00:00,1983-04-07 00:00:00
19830281,mature,1983-04-07 03:00:00,1983-04-07 09:00:00
19830281,decay,1983-04-07 12:00:00,1983-04-08 06:00:00
19830285,incipient,1983-04-06 00:00:00,1983-04-06 06:00:00
19830285,intensification,1983-04-06 09:00:00,1983-04-06 09:00:00
19830285,decay,1983-04-06 12:00:00,1983-04-06 21:00:00
19830285,intensification 2,1983-04-07 00:00:00,1983-04-07 03:00:00
19830286,incipient,1983-04-06 03:00:00,1983-04-06 06:00:00
19830286,intensification,1983-04-06 09:00:00,1983-04-07 09:00:00
19830286,mature,1983-04-07 12:00:00,1983-04-07 15:00:00
19830286,decay,1983-04-07 18:00:00,1983-04-08 06:00:00
19830286,intensification 2,1983-04-08 09:00:00,1983-04-09 09:00:00
19830286,mature 2,1983-04-09 12:00:00,1983-04-09 15:00:00
19830286,decay 2,1983-04-09 18:00:00,1983-04-10 00:00:00
19830287,decay,1983-04-06 06:00:00,1983-04-06 18:00:00
19830287,intensification,1983-04-06 21:00:00,1983-04-07 18:00:00
19830287,mature,1983-04-07 21:00:00,1983-04-08 03:00:00
19830287,decay 2,1983-04-08 06:00:00,1983-04-09 00:00:00
19830293,incipient,1983-04-07 09:00:00,1983-04-07 09:00:00
19830293,intensification,1983-04-07 12:00:00,1983-04-09 09:00:00
19830293,mature,1983-04-09 12:00:00,1983-04-09 21:00:00
19830293,decay,1983-04-10 00:00:00,1983-04-11 09:00:00
19830313,incipient,1983-04-14 09:00:00,1983-04-14 09:00:00
19830313,intensification,1983-04-14 12:00:00,1983-04-17 03:00:00
19830313,mature,1983-04-17 06:00:00,1983-04-18 00:00:00
19830313,decay,1983-04-18 03:00:00,1983-04-20 15:00:00
19830313,residual,1983-04-20 18:00:00,1983-04-20 18:00:00
19830333,incipient,1983-04-19 12:00:00,1983-04-19 21:00:00
19830333,intensification,1983-04-20 00:00:00,1983-04-20 15:00:00
19830333,mature,1983-04-20 18:00:00,1983-04-20 21:00:00
19830333,decay,1983-04-21 00:00:00,1983-04-21 18:00:00
19830358,incipient,1983-04-27 03:00:00,1983-04-27 03:00:00
19830358,intensification,1983-04-27 06:00:00,1983-04-28 09:00:00
19830358,mature,1983-04-28 12:00:00,1983-04-28 18:00:00
19830358,decay,1983-04-28 21:00:00,1983-05-02 18:00:00
19830362,incipient,1983-04-29 12:00:00,1983-04-29 18:00:00
19830362,intensification,1983-04-29 21:00:00,1983-04-30 15:00:00
19830362,mature,1983-04-30 18:00:00,1983-05-01 00:00:00
19830362,decay,1983-05-01 03:00:00,1983-05-01 21:00:00
19830371,incipient,1983-05-02 15:00:00,1983-05-02 21:00:00
19830371,intensification,1983-05-03 00:00:00,1983-05-03 00:00:00
19830371,decay,1983-05-03 03:00:00,1983-05-03 15:00:00
19830371,intensification 2,1983-05-03 18:00:00,1983-05-04 06:00:00
19830371,decay 2,1983-05-04 09:00:00,1983-05-04 15:00:00
19830375,incipient,1983-05-03 12:00:00,1983-05-03 12:00:00
19830375,intensification,1983-05-03 15:00:00,1983-05-04 09:00:00
19830375,mature,1983-05-04 12:00:00,1983-05-04 21:00:00
19830375,decay,1983-05-05 00:00:00,1983-05-07 03:00:00
19830376,incipient,1983-05-03 15:00:00,1983-05-03 15:00:00
19830376,decay,1983-05-03 18:00:00,1983-05-04 21:00:00
19830376,intensification,1983-05-05 00:00:00,1983-05-06 00:00:00
19830376,mature,1983-05-06 03:00:00,1983-05-06 09:00:00
19830376,decay 2,1983-05-06 12:00:00,1983-05-07 15:00:00
19830382,incipient,1983-05-06 09:00:00,1983-05-06 09:00:00
19830382,intensification,1983-05-06 12:00:00,1983-05-08 09:00:00
19830382,mature,1983-05-08 12:00:00,1983-05-09 06:00:00
19830382,decay,1983-05-09 09:00:00,1983-05-13 15:00:00
19830382,residual,1983-05-13 18:00:00,1983-05-14 06:00:00
19830386,incipient,1983-05-08 06:00:00,1983-05-08 06:00:00
19830386,intensification,1983-05-08 09:00:00,1983-05-09 15:00:00
19830386,mature,1983-05-09 18:00:00,1983-05-09 21:00:00
19830386,decay,1983-05-10 00:00:00,1983-05-10 09:00:00
19830399,incipient,1983-05-11 00:00:00,1983-05-11 12:00:00
19830399,intensification,1983-05-11 15:00:00,1983-05-13 12:00:00
19830399,mature,1983-05-13 15:00:00,1983-05-14 03:00:00
19830399,decay,1983-05-14 06:00:00,1983-05-16 03:00:00
19830402,incipient,1983-05-11 15:00:00,1983-05-11 21:00:00
19830402,decay,1983-05-12 00:00:00,1983-05-12 15:00:00
19830402,intensification,1983-05-12 18:00:00,1983-05-12 21:00:00
19830490,incipient,1983-06-07 09:00:00,1983-06-07 15:00:00
19830490,intensification,1983-06-07 18:00:00,1983-06-09 00:00:00
19830490,mature,1983-06-09 03:00:00,1983-06-09 09:00:00
19830490,decay,1983-06-09 12:00:00,1983-06-11 00:00:00
19830496,intensification,1983-06-09 12:00:00,1983-06-10 06:00:00
19830496,decay,1983-06-10 09:00:00,1983-06-10 12:00:00
19830505,incipient,1983-06-11 15:00:00,1983-06-11 18:00:00
19830505,intensification,1983-06-11 21:00:00,1983-06-14 03:00:00
19830505,mature,1983-06-14 06:00:00,1983-06-14 15:00:00
19830505,decay,1983-06-14 18:00:00,1983-06-15 03:00:00
19830515,incipient,1983-06-15 06:00:00,1983-06-15 12:00:00
19830515,intensification,1983-06-15 15:00:00,1983-06-17 06:00:00
19830515,mature,1983-06-17 09:00:00,1983-06-18 00:00:00
19830515,decay,1983-06-18 03:00:00,1983-06-20 18:00:00
19830516,decay,1983-06-15 12:00:00,1983-06-15 21:00:00
19830516,intensification,1983-06-16 00:00:00,1983-06-16 00:00:00
19830516,decay 2,1983-06-16 03:00:00,1983-06-16 21:00:00
19830532,incipient,1983-06-19 15:00:00,1983-06-19 21:00:00
19830532,intensification,1983-06-20 00:00:00,1983-06-20 00:00:00
19830532,decay,1983-06-20 03:00:00,1983-06-20 18:00:00
19830532,intensification 2,1983-06-20 21:00:00,1983-06-21 06:00:00
19830532,decay 2,1983-06-21 09:00:00,1983-06-22 03:00:00
19830534,incipient,1983-06-20 06:00:00,1983-06-20 15:00:00
19830534,intensification,1983-06-20 18:00:00,1983-06-21 15:00:00
19830534,mature,1983-06-21 18:00:00,1983-06-21 21:00:00
19830534,decay,1983-06-22 00:00:00,1983-06-22 09:00:00
19830536,incipient,1983-06-21 00:00:00,1983-06-21 06:00:00
19830536,intensification,1983-06-21 09:00:00,1983-06-21 21:00:00
19830536,mature,1983-06-22 00:00:00,1983-06-22 06:00:00
19830536,decay,1983-06-22 09:00:00,1983-06-23 06:00:00
19830540,incipient,1983-06-21 18:00:00,1983-06-22 03:00:00
19830540,intensification,1983-06-22 06:00:00,1983-06-22 21:00:00
19830540,mature,1983-06-23 00:00:00,1983-06-23 03:00:00
19830540,decay,1983-06-23 06:00:00,1983-06-23 12:00:00
19830548,decay,1983-06-24 06:00:00,1983-06-24 18:00:00
19830548,intensification,1983-06-24 21:00:00,1983-06-25 12:00:00
19830548,mature,1983-06-25 15:00:00,1983-06-25 21:00:00
19830548,decay 2,1983-06-26 00:00:00,1983-06-26 18:00:00
19830553,incipient,1983-06-26 06:00:00,1983-06-26 15:00:00
19830553,intensification,1983-06-26 18:00:00,1983-06-26 18:00:00
19830553,decay,1983-06-26 21:00:00,1983-06-27 18:00:00
19830553,intensification 2,1983-06-27 21:00:00,1983-06-28 03:00:00
19830553,decay 2,1983-06-28 06:00:00,1983-06-28 21:00:00
19830575,incipient,1983-07-02 06:00:00,1983-07-02 09:00:00
19830575,intensification,1983-07-02 12:00:00,1983-07-03 18:00:00
19830575,mature,1983-07-03 21:00:00,1983-07-04 18:00:00
19830575,decay,1983-07-04 21:00:00,1983-07-10 06:00:00
19830575,residual,1983-07-10 09:00:00,1983-07-10 18:00:00
19830581,incipient,1983-07-04 09:00:00,1983-07-04 21:00:00
19830581,intensification,1983-07-05 00:00:00,1983-07-06 18:00:00
19830581,mature,1983-07-06 21:00:00,1983-07-07 03:00:00
19830581,decay,1983-07-07 06:00:00,1983-07-08 00:00:00
19830581,residual,1983-07-08 03:00:00,1983-07-09 06:00:00
19830591,incipient,1983-07-07 18:00:00,1983-07-07 21:00:00
19830591,intensification,1983-07-08 00:00:00,1983-07-09 09:00:00
19830591,mature,1983-07-09 12:00:00,1983-07-10 00:00:00
19830591,decay,1983-07-10 03:00:00,1983-07-11 18:00:00
19830591,intensification 2,1983-07-11 21:00:00,1983-07-13 12:00:00
19830591,mature 2,1983-07-13 15:00:00,1983-07-13 21:00:00
19830591,decay 2,1983-07-14 00:00:00,1983-07-14 09:00:00
19830600,intensification,1983-07-10 06:00:00,1983-07-10 15:00:00
19830600,mature,1983-07-10 18:00:00,1983-07-10 21:00:00
19830600,decay,1983-07-11 00:00:00,1983-07-12 15:00:00
19830604,intensification,1983-07-11 09:00:00,1983-07-14 09:00:00
19830604,residual,1983-07-14 12:00:00,1983-07-15 00:00:00
19830624,intensification,1983-07-17 12:00:00,1983-07-18 18:00:00
19830624,mature,1983-07-18 21:00:00,1983-07-19 03:00:00
19830624,decay,1983-07-19 06:00:00,1983-07-20 21:00:00
19830624,residual,1983-07-21 00:00:00,1983-07-23 15:00:00
19830635,incipient,1983-07-21 06:00:00,1983-07-21 12:00:00
19830635,intensification,1983-07-21 13:00:00,1983-07-23 00:00:00
19830635,mature,1983-07-23 01:00:00,1983-07-23 11:00:00
19830635,decay,1983-07-23 12:00:00,1983-07-24 16:00:00
19830662,decay,1983-07-29 18:00:00,1983-07-30 15:00:00
19830671,decay,1983-08-01 12:00:00,1983-08-01 18:00:00
19830671,intensification,1983-08-01 21:00:00,1983-08-02 12:00:00
19830671,mature,1983-08-02 15:00:00,1983-08-02 21:00:00
19830671,decay 2,1983-08-03 00:00:00,1983-08-03 21:00:00
19830683,incipient,1983-08-04 15:00:00,1983-08-05 00:00:00
19830683,intensification,1983-08-05 03:00:00,1983-08-06 18:00:00
19830683,mature,1983-08-06 21:00:00,1983-08-07 15:00:00
19830683,decay,1983-08-07 18:00:00,1983-08-11 15:00:00
19830689,incipient,1983-08-06 00:00:00,1983-08-06 12:00:00
19830689,intensification,1983-08-06 15:00:00,1983-08-08 06:00:00
19830689,mature,1983-08-08 09:00:00,1983-08-08 21:00:00
19830689,decay,1983-08-09 00:00:00,1983-08-10 18:00:00
19830689,residual,1983-08-10 21:00:00,1983-08-11 09:00:00
19830693,incipient,1983-08-07 18:00:00,1983-08-07 21:00:00
19830693,intensification,1983-08-08 00:00:00,1983-08-08 09:00:00
19830693,mature,1983-08-08 12:00:00,1983-08-08 15:00:00
19830693,decay,1983-08-08 18:00:00,1983-08-09 15:00:00
19830698,intensification,1983-08-09 09:00:00,1983-08-09 15:00:00
19830698,decay,1983-08-09 18:00:00,1983-08-10 06:00:00
19830710,incipient,1983-08-12 06:00:00,1983-08-12 06:00:00
19830710,intensification,1983-08-12 09:00:00,1983-08-13 18:00:00
19830710,mature,1983-08-13 21:00:00,1983-08-14 03:00:00
19830710,decay,1983-08-14 06:00:00,1983-08-15 03:00:00
19840004,incipient,1984-01-02 03:00:00,1984-01-02 12:00:00
19840004,intensification,1984-01-02 15:00:00,1984-01-04 12:00:00
19840004,mature,1984-01-04 15:00:00,1984-01-05 06:00:00
19840004,decay,1984-01-05 09:00:00,1984-01-08 12:00:00
19840005,intensification,1984-01-02 12:00:00,1984-01-03 09:00:00
19840005,mature,1984-01-03 12:00:00,1984-01-03 18:00:00
19840005,decay,1984-01-03 21:00:00,1984-01-04 15:00:00
19840005,intensification 2,1984-01-04 18:00:00,1984-01-05 21:00:00
19840005,mature 2,1984-01-06 00:00:00,1984-01-06 06:00:00
19840005,decay 2,1984-01-06 09:00:00,1984-01-07 03:00:00
19840010,incipient,1984-01-05 00:00:00,1984-01-06 03:00:00
19840010,intensification,1984-01-06 06:00:00,1984-01-08 18:00:00
19840010,mature,1984-01-08 21:00:00,1984-01-09 18:00:00
19840010,decay,1984-01-09 21:00:00,1984-01-12 18:00:00
19840010,residual,1984-01-12 21:00:00,1984-01-12 21:00:00
19840018,incipient,1984-01-07 00:00:00,1984-01-07 09:00:00
19840018,intensification,1984-01-07 12:00:00,1984-01-09 03:00:00
19840018,mature,1984-01-09 06:00:00,1984-01-10 00:00:00
19840018,decay,1984-01-10 03:00:00,1984-01-13 12:00:00
19840031,incipient,1984-01-12 18:00:00,1984-01-13 00:00:00
19840031,intensification,1984-01-13 03:00:00,1984-01-14 00:00:00
19840031,mature,1984-01-14 03:00:00,1984-01-14 09:00:00
19840031,decay,1984-01-14 12:00:00,1984-01-15 06:00:00
19840031,residual,1984-01-15 09:00:00,1984-01-15 21:00:00
19840033,incipient,1984-01-13 00:00:00,1984-01-13 03:00:00
19840033,intensification,1984-01-13 06:00:00,1984-01-14 03:00:00
19840033,mature,1984-01-14 06:00:00,1984-01-14 12:00:00
19840033,decay,1984-01-14 15:00:00,1984-01-15 15:00:00
19840039,intensification,1984-01-15 03:00:00,1984-01-15 12:00:00
19840039,mature,1984-01-15 15:00:00,1984-01-15 18:00:00
19840039,decay,1984-01-15 21:00:00,1984-01-16 21:00:00
19840039,residual,1984-01-17 00:00:00,1984-01-18 03:00:00
19840045,incipient,1984-01-16 00:00:00,1984-01-16 03:00:00
19840045,intensification,1984-01-16 06:00:00,1984-01-18 12:00:00
19840045,mature,1984-01-18 15:00:00,1984-01-18 21:00:00
19840045,decay,1984-01-19 00:00:00,1984-01-19 09:00:00
19840053,decay,1984-01-18 12:00:00,1984-01-18 15:00:00
19840053,intensification,1984-01-18 18:00:00,1984-01-19 09:00:00
19840054,incipient,1984-01-18 12:00:00,1984-01-18 18:00:00
19840054,intensification,1984-01-18 21:00:00,1984-01-20 00:00:00
19840054,mature,1984-01-20 03:00:00,1984-01-20 12:00:00
19840054,decay,1984-01-20 15:00:00,1984-01-22 06:00:00
19840061,incipient,1984-01-20 09:00:00,1984-01-20 15:00:00
19840061,intensification,1984-01-20 18:00:00,1984-01-20 18:00:00
19840061,decay,1984-01-20 21:00:00,1984-01-21 06:00:00
19840061,intensification 2,1984-01-21 09:00:00,1984-01-21 09:00:00
19840073,incipient,1984-01-23 18:00:00,1984-01-23 21:00:00
19840073,intensification,1984-01-24 00:00:00,1984-01-25 09:00:00
19840073,mature,1984-01-25 12:00:00,1984-01-26 06:00:00
19840073,decay,1984-01-26 09:00:00,1984-01-30 12:00:00
19840074,incipient,1984-01-24 00:00:00,1984-01-25 18:00:00
19840074,decay,1984-01-25 21:00:00,1984-01-26 06:00:00
19840074,intensification,1984-01-26 09:00:00,1984-01-27 12:00:00
19840074,decay 2,1984-01-27 15:00:00,1984-01-28 12:00:00
19840077,incipient,1984-01-26 09:00:00,1984-01-26 15:00:00
19840077,intensification,1984-01-26 18:00:00,1984-01-28 12:00:00
19840077,mature,1984-01-28 15:00:00,1984-01-28 21:00:00
19840077,decay,1984-01-29 00:00:00,1984-01-29 03:00:00
19840080,incipient,1984-01-29 00:00:00,1984-01-29 12:00:00
19840080,intensification,1984-01-29 15:00:00,1984-01-29 15:00:00
19840080,decay,1984-01-29 18:00:00,1984-01-31 06:00:00
19840080,intensification 2,1984-01-31 09:00:00,1984-02-01 00:00:00
19840080,mature,1984-02-01 03:00:00,1984-02-01 09:00:00
19840080,decay 2,1984-02-01 12:00:00,1984-02-02 12:00:00
19840093,incipient,1984-02-01 09:00:00,1984-02-01 09:00:00
19840093,intensification,1984-02-01 12:00:00,1984-02-02 00:00:00
19840093,mature,1984-02-02 03:00:00,1984-02-02 06:00:00
19840093,decay,1984-02-02 09:00:00,1984-02-03 15:00:00
19840096,incipient,1984-02-03 12:00:00,1984-02-03 12:00:00
19840096,decay,1984-02-03 15:00:00,1984-02-04 00:00:00
19840096,intensification,1984-02-04 03:00:00,1984-02-04 09:00:00
19840098,incipient,1984-02-04 03:00:00,1984-02-04 09:00:00
19840098,intensification,1984-02-04 12:00:00,1984-02-05 18:00:00
19840098,mature,1984-02-05 21:00:00,1984-02-06 09:00:00
19840098,decay,1984-02-06 12:00:00,1984-02-09 00:00:00
19840098,residual,1984-02-09 03:00:00,1984-02-09 18:00:00
19840106,intensification,1984-02-07 15:00:00,1984-02-08 00:00:00
19840106,decay,1984-02-08 03:00:00,1984-02-09 09:00:00
19840114,incipient,1984-02-10 06:00:00,1984-02-10 12:00:00
19840114,intensification,1984-02-10 15:00:00,1984-02-11 15:00:00
19840114,mature,1984-02-11 18:00:00,1984-02-11 21:00:00
19840114,decay,1984-02-12 00:00:00,1984-02-12 15:00:00
19840116,intensification,1984-02-11 03:00:00,1984-02-11 12:00:00
19840116,mature,1984-02-11 15:00:00,1984-02-11 18:00:00
19840116,decay,1984-02-11 21:00:00,1984-02-13 06:00:00
19840141,incipient,1984-02-19 09:00:00,1984-02-19 15:00:00
19840141,intensification,1984-02-19 18:00:00,1984-02-20 06:00:00
19840141,mature,1984-02-20 09:00:00,1984-02-20 12:00:00
19840141,decay,1984-02-20 15:00:00,1984-02-21 03:00:00
19840149,intensification,1984-02-22 09:00:00,1984-02-23 12:00:00
19840159,incipient,1984-02-25 12:00:00,1984-02-26 06:00:00
19840159,intensification,1984-02-26 09:00:00,1984-02-27 21:00:00
19840159,mature,1984-02-28 00:00:00,1984-02-28 12:00:00
19840159,decay,1984-02-28 15:00:00,1984-03-01 09:00:00
19840163,intensification,1984-02-27 09:00:00,1984-02-27 15:00:00
19840163,mature,1984-02-27 18:00:00,1984-02-27 21:00:00
19840163,decay,1984-02-28 00:00:00,1984-02-28 18:00:00
19840167,incipient,1984-02-28 09:00:00,1984-02-28 09:00:00
19840167,intensification,1984-02-28 12:00:00,1984-03-01 21:00:00
19840167,mature,1984-03-02 00:00:00,1984-03-02 12:00:00
19840167,decay,1984-03-02 15:00:00,1984-03-04 21:00:00
19840172,incipient,1984-03-01 03:00:00,1984-03-01 03:00:00
19840172,intensification,1984-03-01 06:00:00,1984-03-01 21:00:00
19840172,mature,1984-03-02 00:00:00,1984-03-02 03:00:00
19840172,decay,1984-03-02 06:00:00,1984-03-03 21:00:00
19840174,incipient,1984-03-02 12:00:00,1984-03-03 18:00:00
19840174,intensification,1984-03-03 21:00:00,1984-03-06 06:00:00
19840174,mature,1984-03-06 09:00:00,1984-03-07 00:00:00
19840174,decay,1984-03-07 03:00:00,1984-03-08 00:00:00
19840181,incipient,1984-03-06 00:00:00,1984-03-06 06:00:00
19840181,intensification,1984-03-06 09:00:00,1984-03-06 09:00:00
19840181,decay,1984-03-06 12:00:00,1984-03-06 21:00:00
19840181,intensification 2,1984-03-07 00:00:00,1984-03-07 06:00:00
19840181,decay 2,1984-03-07 09:00:00,1984-03-07 21:00:00
19840188,incipient,1984-03-08 09:00:00,1984-03-09 21:00:00
19840188,intensification,1984-03-10 00:00:00,1984-03-13 12:00:00
19840188,mature,1984-03-13 15:00:00,1984-03-14 18:00:00
19840188,decay,1984-03-14 21:00:00,1984-03-17 15:00:00
19840195,decay,1984-03-12 18:00:00,1984-03-13 00:00:00
19840195,intensification,1984-03-13 03:00:00,1984-03-14 18:00:00
19840205,incipient,1984-03-15 18:00:00,1984-03-15 18:00:00
19840205,intensification,1984-03-15 21:00:00,1984-03-16 12:00:00
19840205,mature,1984-03-16 15:00:00,1984-03-16 18:00:00
19840205,decay,1984-03-16 21:00:00,1984-03-17 00:00:00
19840222,incipient,1984-03-21 12:00:00,1984-03-22 00:00:00
19840222,intensification,1984-03-22 03:00:00,1984-03-24 03:00:00
19840222,mature,1984-03-24 06:00:00,1984-03-24 21:00:00
19840222,decay,1984-03-25 00:00:00,1984-03-27 09:00:00
19840229,incipient,1984-03-23 12:00:00,1984-03-23 18:00:00
19840229,intensification,1984-03-23 21:00:00,1984-03-24 21:00:00
19840229,mature,1984-03-25 00:00:00,1984-03-25 06:00:00
19840229,decay,1984-03-25 09:00:00,1984-03-26 06:00:00
19840229,residual,1984-03-26 09:00:00,1984-03-27 18:00:00
19840233,decay,1984-03-24 12:00:00,1984-03-24 15:00:00
19840233,intensification,1984-03-24 18:00:00,1984-03-24 21:00:00
19840233,decay 2,1984-03-25 00:00:00,1984-03-25 09:00:00
19840242,decay,1984-03-27 09:00:00,1984-03-28 03:00:00
19840242,intensification,1984-03-28 06:00:00,1984-04-01 03:00:00
19840242,mature,1984-04-01 06:00:00,1984-04-02 03:00:00
19840242,decay 2,1984-04-02 06:00:00,1984-04-05 15:00:00
19840243,incipient,1984-03-27 12:00:00,1984-03-27 15:00:00
19840243,intensification,1984-03-27 18:00:00,1984-03-27 18:00:00
19840243,decay,1984-03-27 21:00:00,1984-03-28 00:00:00
19840243,intensification 2,1984-03-28 03:00:00,1984-03-28 09:00:00
19840249,incipient,1984-03-28 12:00:00,1984-03-29 06:00:00
19840249,decay,1984-03-29 09:00:00,1984-03-30 00:00:00
19840249,intensification,1984-03-30 03:00:00,1984-04-03 00:00:00
19840249,mature,1984-04-03 03:00:00,1984-04-03 21:00:00
19840249,decay 2,1984-04-04 00:00:00,1984-04-05 15:00:00
19840252,incipient,1984-03-29 09:00:00,1984-03-29 15:00:00
19840252,decay,1984-03-29 18:00:00,1984-03-30 00:00:00
19840252,intensification,1984-03-30 03:00:00,1984-03-30 09:00:00
19840303,incipient,1984-04-14 18:00:00,1984-04-14 21:00:00
19840303,intensification,1984-04-15 00:00:00,1984-04-16 03:00:00
19840303,mature,1984-04-16 06:00:00,1984-04-16 12:00:00
19840303,decay,1984-04-16 15:00:00,1984-04-17 12:00:00
19840308,incipient,1984-04-16 06:00:00,1984-04-16 15:00:00
19840308,decay,1984-04-16 18:00:00,1984-04-18 00:00:00
19840308,intensification,1984-04-18 03:00:00,1984-04-19 18:00:00
19840308,intensification 2,1984-04-21 12:00:00,1984-04-23 21:00:00
19840308,mature,1984-04-24 00:00:00,1984-04-24 12:00:00
19840308,decay 2,1984-04-24 15:00:00,1984-04-26 00:00:00
19840311,decay,1984-04-17 00:00:00,1984-04-17 06:00:00
19840311,intensification,1984-04-17 09:00:00,1984-04-17 15:00:00
19840311,decay 2,1984-04-17 18:00:00,1984-04-18 15:00:00
19840315,decay,1984-04-18 00:00:00,1984-04-20 00:00:00
19840320,incipient,1984-04-19 12:00:00,1984-04-19 15:00:00
19840320,intensification,1984-04-19 18:00:00,1984-04-20 15:00:00
19840320,mature,1984-04-20 18:00:00,1984-04-20 21:00:00
19840320,decay,1984-04-21 00:00:00,1984-04-21 12:00:00
19840325,decay,1984-04-20 18:00:00,1984-04-21 18:00:00
19840350,incipient,1984-04-30 06:00:00,1984-04-30 06:00:00
19840350,intensification,1984-04-30 09:00:00,1984-04-30 18:00:00
19840350,mature,1984-04-30 21:00:00,1984-05-01 00:00:00
19840350,decay,1984-05-01 03:00:00,1984-05-02 09:00:00
19840364,intensification,1984-05-04 09:00:00,1984-05-05 00:00:00
19840364,decay,1984-05-05 03:00:00,1984-05-05 15:00:00
19840365,incipient,1984-05-05 00:00:00,1984-05-05 03:00:00
19840365,intensification,1984-05-05 06:00:00,1984-05-06 03:00:00
19840365,mature,1984-05-06 06:00:00,1984-05-06 12:00:00
19840365,decay,1984-05-06 15:00:00,1984-05-07 18:00:00
19840366,decay,1984-05-05 09:00:00,1984-05-06 09:00:00
19840366,intensification,1984-05-06 12:00:00,1984-05-08 06:00:00
19840366,mature,1984-05-08 09:00:00,1984-05-09 00:00:00
19840366,decay 2,1984-05-09 03:00:00,1984-05-12 00:00:00
19840379,incipient,1984-05-09 03:00:00,1984-05-09 15:00:00
19840379,intensification,1984-05-09 18:00:00,1984-05-11 03:00:00
19840379,mature,1984-05-11 06:00:00,1984-05-11 15:00:00
19840379,decay,1984-05-11 18:00:00,1984-05-12 21:00:00
19840402,incipient,1984-05-17 09:00:00,1984-05-17 15:00:00
19840402,intensification,1984-05-17 18:00:00,1984-05-18 09:00:00
19840402,mature,1984-05-18 12:00:00,1984-05-18 15:00:00
19840402,decay,1984-05-18 18:00:00,1984-05-19 09:00:00
19840416,intensification,1984-05-22 00:00:00,1984-05-22 18:00:00
19840416,mature,1984-05-22 21:00:00,1984-05-23 00:00:00
19840416,decay,1984-05-23 03:00:00,1984-05-24 06:00:00
19840416,residual,1984-05-24 09:00:00,1984-05-25 09:00:00
19840419,intensification,1984-05-23 03:00:00,1984-05-23 12:00:00
19840419,decay,1984-05-23 15:00:00,1984-05-24 03:00:00
19840420,intensification,1984-05-23 18:00:00,1984-05-24 00:00:00
19840420,decay,1984-05-24 03:00:00,1984-05-25 06:00:00
19840433,incipient,1984-05-26 15:00:00,1984-05-27 03:00:00
19840433,intensification,1984-05-27 06:00:00,1984-05-28 18:00:00
19840433,mature,1984-05-28 21:00:00,1984-05-29 09:00:00
19840433,decay,1984-05-29 12:00:00,1984-05-31 21:00:00
19840455,decay,1984-06-02 03:00:00,1984-06-05 03:00:00
19840455,intensification,1984-06-05 06:00:00,1984-06-08 15:00:00
19840455,mature,1984-06-08 18:00:00,1984-06-09 12:00:00
19840455,decay 2,1984-06-09 15:00:00,1984-06-11 12:00:00
19840463,intensification,1984-06-05 00:00:00,1984-06-05 06:00:00
19840463,decay,1984-06-05 09:00:00,1984-06-05 21:00:00
19840475,intensification,1984-06-08 06:00:00,1984-06-08 18:00:00
19840475,decay,1984-06-08 21:00:00,1984-06-09 09:00:00
19840475,residual,1984-06-09 12:00:00,1984-06-09 12:00:00
19840478,incipient,1984-06-08 15:00:00,1984-06-08 21:00:00
19840478,intensification,1984-06-09 00:00:00,1984-06-11 15:00:00
19840478,mature,1984-06-11 18:00:00,1984-06-12 03:00:00
19840478,decay,1984-06-12 06:00:00,1984-06-13 00:00:00
19840505,incipient,1984-06-16 00:00:00,1984-06-16 06:00:00
19840505,intensification,1984-06-16 09:00:00,1984-06-17 15:00:00
19840505,mature,1984-06-17 18:00:00,1984-06-18 00:00:00
19840505,decay,1984-06-18 03:00:00,1984-06-19 06:00:00
19840518,incipient,1984-06-20 00:00:00,1984-06-20 09:00:00
19840518,intensification,1984-06-20 12:00:00,1984-06-22 12:00:00
19840518,mature,1984-06-22 15:00:00,1984-06-23 03:00:00
19840518,decay,1984-06-23 06:00:00,1984-06-24 03:00:00
19840520,incipient,1984-06-21 00:00:00,1984-06-21 09:00:00
19840520,intensification,1984-06-21 12:00:00,1984-06-22 21:00:00
19840520,mature,1984-06-23 00:00:00,1984-06-23 12:00:00
19840520,decay,1984-06-23 15:00:00,1984-06-25 09:00:00
19840531,incipient,1984-06-24 00:00:00,1984-06-24 21:00:00
19840531,intensification,1984-06-25 00:00:00,1984-06-27 06:00:00
19840531,mature,1984-06-27 09:00:00,1984-06-28 00:00:00
19840531,decay,1984-06-28 03:00:00,1984-06-30 09:00:00
19840531,residual,1984-06-30 12:00:00,1984-07-02 09:00:00
19840533,incipient,1984-06-24 03:00:00,1984-06-24 18:00:00
19840533,intensification,1984-06-24 21:00:00,1984-06-27 12:00:00
19840533,mature,1984-06-27 15:00:00,1984-06-28 06:00:00
19840533,decay,1984-06-28 09:00:00,1984-06-29 09:00:00
19840547,incipient,1984-06-29 12:00:00,1984-06-29 21:00:00
19840547,intensification,1984-06-30 00:00:00,1984-06-30 15:00:00
19840547,mature,1984-06-30 18:00:00,1984-06-30 21:00:00
19840547,decay,1984-07-01 00:00:00,1984-07-01 12:00:00
19840557,incipient,1984-07-03 09:00:00,1984-07-03 09:00:00
19840557,intensification,1984-07-03 12:00:00,1984-07-05 06:00:00
19840557,mature,1984-07-05 09:00:00,1984-07-06 09:00:00
19840557,decay,1984-07-06 12:00:00,1984-07-12 09:00:00
19840557,residual,1984-07-12 12:00:00,1984-07-13 09:00:00
19840570,incipient,1984-07-08 09:00:00,1984-07-09 03:00:00
19840570,intensification,1984-07-09 06:00:00,1984-07-11 00:00:00
19840570,mature,1984-07-11 03:00:00,1984-07-11 18:00:00
19840570,decay,1984-07-11 21:00:00,1984-07-14 03:00:00
19840588,incipient,1984-07-15 00:00:00,1984-07-15 03:00:00
19840588,intensification,1984-07-15 06:00:00,1984-07-16 06:00:00
19840588,mature,1984-07-16 09:00:00,1984-07-16 15:00:00
19840588,decay,1984-07-16 18:00:00,1984-07-17 15:00:00
19840606,incipient,1984-07-19 00:00:00,1984-07-19 12:00:00
19840606,intensification,1984-07-19 15:00:00,1984-07-23 00:00:00
19840606,mature,1984-07-23 03:00:00,1984-07-24 03:00:00
19840606,decay,1984-07-24 06:00:00,1984-07-28 09:00:00
19840635,incipient,1984-07-26 00:00:00,1984-07-26 06:00:00
19840635,intensification,1984-07-26 09:00:00,1984-07-27 21:00:00
19840635,mature,1984-07-28 00:00:00,1984-07-28 18:00:00
19840635,decay,1984-07-28 21:00:00,1984-08-01 06:00:00
19840658,incipient,1984-08-01 00:00:00,1984-08-01 00:00:00
19840658,decay,1984-08-01 03:00:00,1984-08-02 00:00:00
19840658,intensification,1984-08-02 03:00:00,1984-08-04 12:00:00
19840658,mature,1984-08-04 15:00:00,1984-08-05 03:00:00
19840658,decay 2,1984-08-05 06:00:00,1984-08-09 06:00:00
19840661,intensification,1984-08-02 03:00:00,1984-08-02 09:00:00
19840661,mature,1984-08-02 12:00:00,1984-08-02 15:00:00
19840661,decay,1984-08-02 18:00:00,1984-08-04 09:00:00
19840674,incipient,1984-08-06 12:00:00,1984-08-06 18:00:00
19840674,intensification,1984-08-06 21:00:00,1984-08-08 06:00:00
19840674,mature,1984-08-08 09:00:00,1984-08-09 03:00:00
19840674,decay,1984-08-09 06:00:00,1984-08-12 18:00:00
19840683,incipient,1984-08-09 00:00:00,1984-08-09 06:00:00
19840683,intensification,1984-08-09 09:00:00,1984-08-09 09:00:00
19840683,decay,1984-08-09 12:00:00,1984-08-10 00:00:00
19840683,intensification 2,1984-08-10 03:00:00,1984-08-10 18:00:00
19840683,mature,1984-08-10 21:00:00,1984-08-11 00:00:00
19840683,decay 2,1984-08-11 03:00:00,1984-08-11 18:00:00
19840694,decay,1984-08-12 12:00:00,1984-08-13 09:00:00
19850005,incipient,1985-01-04 09:00:00,1985-01-04 09:00:00
19850005,intensification,1985-01-04 12:00:00,1985-01-05 18:00:00
19850005,mature,1985-01-05 21:00:00,1985-01-06 03:00:00
19850005,decay,1985-01-06 06:00:00,1985-01-07 03:00:00
19850010,decay,1985-01-05 03:00:00,1985-01-05 21:00:00
19850010,intensification,1985-01-06 00:00:00,1985-01-08 15:00:00
19850010,mature,1985-01-08 18:00:00,1985-01-09 06:00:00
19850010,decay 2,1985-01-09 09:00:00,1985-01-10 09:00:00
19850012,incipient,1985-01-06 09:00:00,1985-01-06 12:00:00
19850012,intensification,1985-01-06 15:00:00,1985-01-07 15:00:00
19850012,mature,1985-01-07 18:00:00,1985-01-08 00:00:00
19850012,decay,1985-01-08 03:00:00,1985-01-09 12:00:00
19850021,incipient,1985-01-09 18:00:00,1985-01-10 06:00:00
19850021,intensification,1985-01-10 09:00:00,1985-01-12 09:00:00
19850021,mature,1985-01-12 12:00:00,1985-01-13 00:00:00
19850021,decay,1985-01-13 03:00:00,1985-01-14 09:00:00
19850021,intensification 2,1985-01-14 12:00:00,1985-01-16 21:00:00
19850021,mature 2,1985-01-17 00:00:00,1985-01-17 21:00:00
19850021,decay 2,1985-01-18 00:00:00,1985-01-21 12:00:00
19850038,incipient,1985-01-15 03:00:00,1985-01-15 03:00:00
19850038,intensification,1985-01-15 06:00:00,1985-01-15 21:00:00
19850038,mature,1985-01-16 00:00:00,1985-01-16 09:00:00
19850038,decay,1985-01-16 12:00:00,1985-01-18 21:00:00
19850045,incipient,1985-01-18 00:00:00,1985-01-18 03:00:00
19850045,intensification,1985-01-18 06:00:00,1985-01-19 06:00:00
19850045,mature,1985-01-19 09:00:00,1985-01-19 18:00:00
19850045,decay,1985-01-19 21:00:00,1985-01-22 09:00:00
19850052,decay,1985-01-20 12:00:00,1985-01-21 03:00:00
19850052,intensification,1985-01-21 06:00:00,1985-01-22 03:00:00
19850052,mature,1985-01-22 06:00:00,1985-01-22 12:00:00
19850052,decay 2,1985-01-22 15:00:00,1985-01-23 09:00:00
19850053,decay,1985-01-21 03:00:00,1985-01-21 06:00:00
19850053,intensification,1985-01-21 09:00:00,1985-01-21 15:00:00
19850053,decay 2,1985-01-21 18:00:00,1985-01-22 03:00:00
19850053,intensification 2,1985-01-22 06:00:00,1985-01-22 15:00:00
19850062,intensification,1985-01-25 12:00:00,1985-01-25 18:00:00
19850062,mature,1985-01-25 21:00:00,1985-01-26 00:00:00
19850062,decay,1985-01-26 03:00:00,1985-01-26 21:00:00
19850062,residual,1985-01-27 00:00:00,1985-01-28 03:00:00
19850063,incipient,1985-01-25 18:00:00,1985-01-26 15:00:00
19850063,intensification,1985-01-26 18:00:00,1985-01-29 18:00:00
19850063,mature,1985-01-29 21:00:00,1985-01-30 15:00:00
19850063,decay,1985-01-30 18:00:00,1985-02-02 06:00:00
19850063,residual,1985-02-02 09:00:00,1985-02-07 12:00:00
19850080,intensification,1985-01-29 00:00:00,1985-01-30 03:00:00
19850080,mature,1985-01-30 06:00:00,1985-01-30 18:00:00
19850080,decay,1985-01-30 21:00:00,1985-02-02 18:00:00
19850087,incipient,1985-02-03 03:00:00,1985-02-03 09:00:00
19850087,intensification,1985-02-03 12:00:00,1985-02-04 12:00:00
19850087,mature,1985-02-04 15:00:00,1985-02-05 00:00:00
19850087,decay,1985-02-05 03:00:00,1985-02-07 03:00:00
19850089,incipient,1985-02-03 18:00:00,1985-02-04 03:00:00
19850089,intensification,1985-02-04 06:00:00,1985-02-07 03:00:00
19850089,mature,1985-02-07 06:00:00,1985-02-07 15:00:00
19850089,decay,1985-02-07 18:00:00,1985-02-08 03:00:00
19850099,incipient,1985-02-07 06:00:00,1985-02-07 12:00:00
19850099,intensification,1985-02-07 15:00:00,1985-02-09 06:00:00
19850099,mature,1985-02-09 09:00:00,1985-02-09 21:00:00
19850099,decay,1985-02-10 00:00:00,1985-02-13 15:00:00
19850112,incipient,1985-02-11 12:00:00,1985-02-11 15:00:00
19850112,decay,1985-02-11 18:00:00,1985-02-12 06:00:00
19850112,intensification,1985-02-12 09:00:00,1985-02-12 09:00:00
19850118,incipient,1985-02-14 00:00:00,1985-02-14 21:00:00
19850118,intensification,1985-02-15 00:00:00,1985-02-17 06:00:00
19850118,mature,1985-02-17 09:00:00,1985-02-17 21:00:00
19850118,decay,1985-02-18 00:00:00,1985-02-19 03:00:00
19850118,intensification 2,1985-02-19 06:00:00,1985-02-20 06:00:00
19850118,mature 2,1985-02-20 09:00:00,1985-02-20 18:00:00
19850118,decay 2,1985-02-20 21:00:00,1985-02-22 15:00:00
19850122,incipient,1985-02-15 00:00:00,1985-02-15 03:00:00
19850122,intensification,1985-02-15 06:00:00,1985-02-16 09:00:00
19850122,mature,1985-02-16 12:00:00,1985-02-17 00:00:00
19850122,decay,1985-02-17 03:00:00,1985-02-19 21:00:00
19850124,incipient,1985-02-16 06:00:00,1985-02-16 18:00:00
19850124,intensification,1985-02-16 21:00:00,1985-02-16 21:00:00
19850124,decay,1985-02-17 00:00:00,1985-02-17 21:00:00
19850124,intensification 2,1985-02-18 00:00:00,1985-02-18 15:00:00
19850124,decay 2,1985-02-18 18:00:00,1985-02-19 06:00:00
19850130,incipient,1985-02-19 12:00:00,1985-02-20 00:00:00
19850130,intensification,1985-02-20 03:00:00,1985-02-22 00:00:00
19850130,mature,1985-02-22 03:00:00,1985-02-23 00:00:00
19850130,decay,1985-02-23 03:00:00,1985-02-28 03:00:00
19850175,incipient,1985-03-06 00:00:00,1985-03-06 06:00:00
19850175,intensification,1985-03-06 09:00:00,1985-03-07 00:00:00
19850175,mature,1985-03-07 03:00:00,1985-03-07 06:00:00
19850175,decay,1985-03-07 09:00:00,1985-03-07 15:00:00
19850185,incipient,1985-03-08 12:00:00,1985-03-09 06:00:00
19850185,intensification,1985-03-09 09:00:00,1985-03-12 18:00:00
19850185,mature,1985-03-12 21:00:00,1985-03-14 03:00:00
19850185,decay,1985-03-14 06:00:00,1985-03-18 15:00:00
19850210,incipient,1985-03-16 12:00:00,1985-03-16 18:00:00
19850210,decay,1985-03-16 21:00:00,1985-03-17 06:00:00
19850210,intensification,1985-03-17 09:00:00,1985-03-17 09:00:00
19850213,intensification,1985-03-17 03:00:00,1985-03-17 18:00:00
19850213,decay,1985-03-17 21:00:00,1985-03-18 09:00:00
19850214,intensification,1985-03-17 06:00:00,1985-03-18 06:00:00
19850215,decay,1985-03-17 12:00:00,1985-03-18 09:00:00
19850231,incipient,1985-03-23 00:00:00,1985-03-23 21:00:00
19850231,intensification,1985-03-24 00:00:00,1985-03-26 15:00:00
19850231,mature,1985-03-26 18:00:00,1985-03-27 15:00:00
19850231,decay,1985-03-27 18:00:00,1985-03-30 06:00:00
19850231,residual,1985-03-30 09:00:00,1985-03-31 21:00:00
19850238,incipient,1985-03-26 03:00:00,1985-03-26 09:00:00
19850238,intensification,1985-03-26 12:00:00,1985-03-28 00:00:00
19850238,mature,1985-03-28 03:00:00,1985-03-28 18:00:00
19850238,decay,1985-03-28 21:00:00,1985-03-31 09:00:00
19850244,intensification,1985-03-28 15:00:00,1985-03-30 15:00:00
19850248,incipient,1985-03-31 06:00:00,1985-03-31 18:00:00
19850248,intensification,1985-03-31 21:00:00,1985-04-02 09:00:00
19850248,mature,1985-04-02 12:00:00,1985-04-02 21:00:00
19850248,decay,1985-04-03 00:00:00,1985-04-04 06:00:00
19850253,incipient,1985-04-01 09:00:00,1985-04-01 09:00:00
19850253,intensification,1985-04-01 12:00:00,1985-04-02 12:00:00
19850253,mature,1985-04-02 15:00:00,1985-04-02 18:00:00
19850253,decay,1985-04-02 21:00:00,1985-04-03 09:00:00
19850253,intensification 2,1985-04-03 12:00:00,1985-04-03 21:00:00
19850253,mature 2,1985-04-04 00:00:00,1985-04-04 03:00:00
19850253,decay 2,1985-04-04 06:00:00,1985-04-05 09:00:00
19850262,intensification,1985-04-02 12:00:00,1985-04-02 18:00:00
19850262,decay,1985-04-02 21:00:00,1985-04-03 09:00:00
19850265,incipient,1985-04-03 00:00:00,1985-04-03 00:00:00
19850265,intensification,1985-04-03 03:00:00,1985-04-04 15:00:00
19850265,mature,1985-04-04 18:00:00,1985-04-05 03:00:00
19850265,decay,1985-04-05 06:00:00,1985-04-06 09:00:00
19850265,intensification 2,1985-04-06 12:00:00,1985-04-07 21:00:00
19850265,mature 2,1985-04-08 00:00:00,1985-04-08 06:00:00
19850265,decay 2,1985-04-08 09:00:00,1985-04-09 21:00:00
19850270,incipient,1985-04-06 03:00:00,1985-04-06 15:00:00
19850270,intensification,1985-04-06 18:00:00,1985-04-08 21:00:00
19850270,mature,1985-04-09 00:00:00,1985-04-10 00:00:00
19850270,decay,1985-04-10 03:00:00,1985-04-15 03:00:00
19850271,incipient,1985-04-06 12:00:00,1985-04-06 18:00:00
19850271,intensification,1985-04-06 21:00:00,1985-04-07 21:00:00
19850271,mature,1985-04-08 00:00:00,1985-04-08 03:00:00
19850271,decay,1985-04-08 06:00:00,1985-04-08 21:00:00
19850276,intensification,1985-04-08 12:00:00,1985-04-09 03:00:00
19850276,decay,1985-04-09 06:00:00,1985-04-10 15:00:00
19850282,incipient,1985-04-10 12:00:00,1985-04-10 18:00:00
19850282,intensification,1985-04-10 21:00:00,1985-04-11 09:00:00
19850282,mature,1985-04-11 12:00:00,1985-04-11 15:00:00
19850282,decay,1985-04-11 18:00:00,1985-04-12 09:00:00
19850286,incipient,1985-04-11 03:00:00,1985-04-11 06:00:00
19850286,intensification,1985-04-11 09:00:00,1985-04-14 12:00:00
19850286,mature,1985-04-14 15:00:00,1985-04-15 00:00:00
19850286,decay,1985-04-15 03:00:00,1985-04-15 21:00:00
19850296,incipient,1985-04-13 15:00:00,1985-04-14 03:00:00
19850296,intensification,1985-04-14 06:00:00,1985-04-15 09:00:00
19850296,mature,1985-04-15 12:00:00,1985-04-15 18:00:00
19850296,decay,1985-04-15 21:00:00,1985-04-16 00:00:00
19850306,intensification,1985-04-16 06:00:00,1985-04-16 15:00:00
19850306,mature,1985-04-16 18:00:00,1985-04-16 21:00:00
19850306,decay,1985-04-17 00:00:00,1985-04-18 09:00:00
19850310,incipient,1985-04-17 15:00:00,1985-04-17 15:00:00
19850310,intensification,1985-04-17 18:00:00,1985-04-20 12:00:00
19850310,mature,1985-04-20 15:00:00,1985-04-21 06:00:00
19850310,decay,1985-04-21 09:00:00,1985-04-23 09:00:00
19850313,intensification,1985-04-18 15:00:00,1985-04-19 06:00:00
19850313,decay,1985-04-19 09:00:00,1985-04-20 00:00:00
19850316,incipient,1985-04-19 15:00:00,1985-04-19 18:00:00
19850316,intensification,1985-04-19 21:00:00,1985-04-20 18:00:00
19850316,mature,1985-04-20 21:00:00,1985-04-21 06:00:00
19850316,decay,1985-04-21 09:00:00,1985-04-23 09:00:00
19850329,incipient,1985-04-25 09:00:00,1985-04-25 21:00:00
19850329,intensification,1985-04-26 00:00:00,1985-04-27 09:00:00
19850329,mature,1985-04-27 12:00:00,1985-04-28 03:00:00
19850329,decay,1985-04-28 06:00:00,1985-05-01 03:00:00
19850333,intensification,1985-04-26 06:00:00,1985-04-26 21:00:00
19850333,decay,1985-04-27 00:00:00,1985-04-27 09:00:00
19850337,decay,1985-04-27 12:00:00,1985-04-28 12:00:00
19850338,intensification,1985-04-27 12:00:00,1985-04-28 00:00:00
19850338,mature,1985-04-28 03:00:00,1985-04-28 06:00:00
19850338,decay,1985-04-28 09:00:00,1985-04-29 03:00:00
19850338,residual,1985-04-29 06:00:00,1985-04-30 21:00:00
19850342,incipient,1985-04-28 12:00:00,1985-04-28 21:00:00
19850342,intensification,1985-04-29 00:00:00,1985-04-30 03:00:00
19850342,mature,1985-04-30 06:00:00,1985-04-30 15:00:00
19850342,decay,1985-04-30 18:00:00,1985-05-01 21:00:00
19850343,incipient,1985-04-29 00:00:00,1985-04-29 06:00:00
19850343,intensification,1985-04-29 09:00:00,1985-04-30 00:00:00
19850343,mature,1985-04-30 03:00:00,1985-04-30 06:00:00
19850343,decay,1985-04-30 09:00:00,1985-04-30 18:00:00
19850347,decay,1985-04-30 00:00:00,1985-04-30 15:00:00
19850347,intensification,1985-04-30 18:00:00,1985-05-02 12:00:00
19850347,mature,1985-05-02 15:00:00,1985-05-03 03:00:00
19850347,decay 2,1985-05-03 06:00:00,1985-05-04 21:00:00
19850348,incipient,1985-04-30 03:00:00,1985-04-30 15:00:00
19850348,intensification,1985-04-30 18:00:00,1985-05-02 12:00:00
19850348,mature,1985-05-02 15:00:00,1985-05-03 06:00:00
19850348,decay,1985-05-03 09:00:00,1985-05-05 21:00:00
19850359,incipient,1985-05-04 03:00:00,1985-05-04 06:00:00
19850359,intensification,1985-05-04 09:00:00,1985-05-05 18:00:00
19850359,mature,1985-05-05 21:00:00,1985-05-06 09:00:00
19850359,decay,1985-05-06 12:00:00,1985-05-09 12:00:00
19850371,incipient,1985-05-07 12:00:00,1985-05-08 06:00:00
19850371,intensification,1985-05-08 09:00:00,1985-05-08 09:00:00
19850371,decay,1985-05-08 12:00:00,1985-05-09 09:00:00
19850371,intensification 2,1985-05-09 12:00:00,1985-05-11 06:00:00
19850371,mature,1985-05-11 09:00:00,1985-05-11 15:00:00
19850371,decay 2,1985-05-11 18:00:00,1985-05-12 00:00:00
19850375,incipient,1985-05-08 18:00:00,1985-05-09 00:00:00
19850375,intensification,1985-05-09 03:00:00,1985-05-10 03:00:00
19850375,mature,1985-05-10 06:00:00,1985-05-10 12:00:00
19850375,decay,1985-05-10 15:00:00,1985-05-12 06:00:00
19850384,intensification,1985-05-12 00:00:00,1985-05-13 09:00:00
19850390,incipient,1985-05-13 12:00:00,1985-05-13 12:00:00
19850390,decay,1985-05-13 15:00:00,1985-05-15 06:00:00
19850392,intensification,1985-05-14 00:00:00,1985-05-16 09:00:00
19850396,intensification,1985-05-15 12:00:00,1985-05-16 00:00:00
19850396,decay,1985-05-16 03:00:00,1985-05-16 09:00:00
19850398,intensification,1985-05-16 00:00:00,1985-05-17 03:00:00
19850398,mature,1985-05-17 06:00:00,1985-05-18 00:00:00
19850398,decay,1985-05-18 03:00:00,1985-05-22 18:00:00
19850402,incipient,1985-05-18 00:00:00,1985-05-18 09:00:00
19850402,intensification,1985-05-18 12:00:00,1985-05-19 21:00:00
19850402,mature,1985-05-20 00:00:00,1985-05-20 12:00:00
19850402,decay,1985-05-20 15:00:00,1985-05-22 18:00:00
19850402,residual,1985-05-22 21:00:00,1985-05-23 03:00:00
19850409,intensification,1985-05-21 00:00:00,1985-05-21 12:00:00
19850409,decay,1985-05-21 15:00:00,1985-05-22 00:00:00
19850426,incipient,1985-05-25 15:00:00,1985-05-26 03:00:00
19850426,decay,1985-05-26 06:00:00,1985-05-26 15:00:00
19850426,intensification,1985-05-26 18:00:00,1985-05-27 00:00:00
19850426,decay 2,1985-05-27 03:00:00,1985-05-27 21:00:00
19850438,incipient,1985-05-30 00:00:00,1985-05-30 12:00:00
19850438,intensification,1985-05-30 15:00:00,1985-06-02 00:00:00
19850438,mature,1985-06-02 03:00:00,1985-06-03 06:00:00
19850438,decay,1985-06-03 09:00:00,1985-06-09 03:00:00
19850442,incipient,1985-05-31 09:00:00,1985-05-31 15:00:00
19850442,intensification,1985-05-31 18:00:00,1985-06-02 03:00:00
19850442,mature,1985-06-02 06:00:00,1985-06-02 15:00:00
19850442,decay,1985-06-02 18:00:00,1985-06-03 12:00:00
19850445,incipient,1985-06-01 00:00:00,1985-06-02 15:00:00
19850445,decay,1985-06-02 18:00:00,1985-06-05 09:00:00
19850445,intensification,1985-06-05 12:00:00,1985-06-07 21:00:00
19850445,mature,1985-06-08 00:00:00,1985-06-08 18:00:00
19850445,decay 2,1985-06-08 21:00:00,1985-06-12 21:00:00
19850450,intensification,1985-06-02 06:00:00,1985-06-02 15:00:00
19850450,decay,1985-06-02 18:00:00,1985-06-04 09:00:00
19850454,incipient,1985-06-03 06:00:00,1985-06-03 18:00:00
19850454,intensification,1985-06-03 21:00:00,1985-06-05 09:00:00
19850454,mature,1985-06-05 12:00:00,1985-06-06 03:00:00
19850454,decay,1985-06-06 06:00:00,1985-06-08 18:00:00
19850472,intensification,1985-06-08 00:00:00,1985-06-08 18:00:00
19850472,mature,1985-06-08 21:00:00,1985-06-09 03:00:00
19850472,decay,1985-06-09 06:00:00,1985-06-11 03:00:00
19850472,residual,1985-06-11 06:00:00,1985-06-11 21:00:00
19850479,incipient,1985-06-10 18:00:00,1985-06-11 06:00:00
19850479,intensification,1985-06-11 09:00:00,1985-06-13 03:00:00
19850479,mature,1985-06-13 06:00:00,1985-06-13 18:00:00
19850479,decay,1985-06-13 21:00:00,1985-06-16 09:00:00
19850499,incipient,1985-06-17 12:00:00,1985-06-18 06:00:00
19850499,intensification,1985-06-18 09:00:00,1985-06-20 03:00:00
19850499,mature,1985-06-20 06:00:00,1985-06-20 18:00:00
19850499,decay,1985-06-20 21:00:00,1985-06-22 03:00:00
19850506,intensification,1985-06-19 15:00:00,1985-06-20 03:00:00
19850506,decay,1985-06-20 06:00:00,1985-06-20 18:00:00
19850509,incipient,1985-06-20 12:00:00,1985-06-20 18:00:00
19850509,intensification,1985-06-20 21:00:00,1985-06-22 03:00:00
19850509,mature,1985-06-22 06:00:00,1985-06-22 18:00:00
19850509,decay,1985-06-22 21:00:00,1985-06-25 12:00:00
19850516,incipient,1985-06-23 15:00:00,1985-06-23 21:00:00
19850516,decay,1985-06-24 00:00:00,1985-06-25 03:00:00
19850520,decay,1985-06-24 03:00:00,1985-06-25 03:00:00
19850529,incipient,1985-06-27 15:00:00,1985-06-28 03:00:00
19850529,intensification,1985-06-28 06:00:00,1985-06-30 18:00:00
19850529,mature,1985-06-30 21:00:00,1985-07-01 15:00:00
19850529,decay,1985-07-01 18:00:00,1985-07-04 15:00:00
19850534,incipient,1985-06-28 12:00:00,1985-06-28 15:00:00
19850534,intensification,1985-06-28 18:00:00,1985-06-29 15:00:00
19850534,mature,1985-06-29 18:00:00,1985-06-30 00:00:00
19850534,decay,1985-06-30 03:00:00,1985-07-01 15:00:00
19850545,intensification,1985-07-02 00:00:00,1985-07-04 03:00:00
19850545,mature,1985-07-04 06:00:00,1985-07-05 00:00:00
19850545,decay,1985-07-05 03:00:00,1985-07-08 21:00:00
19850545,residual,1985-07-09 00:00:00,1985-07-11 03:00:00
19850559,decay,1985-07-06 09:00:00,1985-07-07 15:00:00
19850559,intensification,1985-07-07 18:00:00,1985-07-07 21:00:00
19850560,incipient,1985-07-06 12:00:00,1985-07-06 18:00:00
19850560,intensification,1985-07-06 21:00:00,1985-07-07 18:00:00
19850560,mature,1985-07-07 21:00:00,1985-07-08 06:00:00
19850560,decay,1985-07-08 09:00:00,1985-07-10 12:00:00
19850565,incipient,1985-07-07 15:00:00,1985-07-07 21:00:00
19850565,intensification,1985-07-08 00:00:00,1985-07-10 12:00:00
19850565,mature,1985-07-10 15:00:00,1985-07-11 06:00:00
19850565,decay,1985-07-11 09:00:00,1985-07-13 03:00:00
19850575,incipient,1985-07-11 09:00:00,1985-07-12 00:00:00
19850575,intensification,1985-07-12 03:00:00,1985-07-13 15:00:00
19850575,mature,1985-07-13 18:00:00,1985-07-14 03:00:00
19850575,decay,1985-07-14 06:00:00,1985-07-15 06:00:00
19850605,incipient,1985-07-22 03:00:00,1985-07-22 18:00:00
19850605,intensification,1985-07-22 21:00:00,1985-07-24 12:00:00
19850605,mature,1985-07-24 15:00:00,1985-07-25 03:00:00
19850605,decay,1985-07-25 06:00:00,1985-07-26 21:00:00
19850615,incipient,1985-07-25 00:00:00,1985-07-25 00:00:00
19850615,intensification,1985-07-25 03:00:00,1985-07-26 15:00:00
19850615,mature,1985-07-26 18:00:00,1985-07-27 00:00:00
19850615,decay,1985-07-27 03:00:00,1985-07-28 00:00:00
19850615,intensification 2,1985-07-28 03:00:00,1985-07-28 21:00:00
19850615,mature 2,1985-07-29 00:00:00,1985-07-29 09:00:00
19850615,decay 2,1985-07-29 12:00:00,1985-07-31 06:00:00
19850628,incipient,1985-07-30 06:00:00,1985-07-30 12:00:00
19850628,intensification,1985-07-30 15:00:00,1985-07-30 15:00:00
19850628,decay,1985-07-30 18:00:00,1985-07-31 12:00:00
19850628,intensification 2,1985-07-31 15:00:00,1985-08-01 03:00:00
19850628,decay 2,1985-08-01 06:00:00,1985-08-02 00:00:00
19850633,intensification,1985-08-01 00:00:00,1985-08-01 18:00:00
19850633,decay,1985-08-01 21:00:00,1985-08-02 15:00:00
19850639,incipient,1985-08-01 18:00:00,1985-08-02 03:00:00
19850639,intensification,1985-08-02 06:00:00,1985-08-03 18:00:00
19850639,mature,1985-08-03 21:00:00,1985-08-04 09:00:00
19850639,decay,1985-08-04 12:00:00,1985-08-06 03:00:00
19850639,intensification 2,1985-08-06 06:00:00,1985-08-08 03:00:00
19850639,mature 2,1985-08-08 06:00:00,1985-08-08 18:00:00
19850639,decay 2,1985-08-08 21:00:00,1985-08-10 21:00:00
19850648,incipient,1985-08-04 12:00:00,1985-08-05 00:00:00
19850648,intensification,1985-08-05 03:00:00,1985-08-06 18:00:00
19850648,mature,1985-08-06 21:00:00,1985-08-07 06:00:00
19850648,decay,1985-08-07 09:00:00,1985-08-08 09:00:00
19850654,intensification,1985-08-07 00:00:00,1985-08-08 09:00:00
19850654,mature,1985-08-08 12:00:00,1985-08-08 18:00:00
19850654,decay,1985-08-08 21:00:00,1985-08-10 09:00:00
19850654,intensification 2,1985-08-10 12:00:00,1985-08-12 06:00:00
19850654,mature 2,1985-08-12 09:00:00,1985-08-12 18:00:00
19850654,decay 2,1985-08-12 21:00:00,1985-08-14 09:00:00
19850679,incipient,1985-08-15 00:00:00,1985-08-15 06:00:00
19850679,intensification,1985-08-15 09:00:00,1985-08-15 09:00:00
19850679,decay,1985-08-15 12:00:00,1985-08-15 15:00:00
19850679,intensification 2,1985-08-15 18:00:00,1985-08-15 21:00:00
19850703,incipient,1985-08-22 09:00:00,1985-08-22 15:00:00
19850703,intensification,1985-08-22 18:00:00,1985-08-23 06:00:00
19850703,mature,1985-08-23 09:00:00,1985-08-23 12:00:00
19850703,decay,1985-08-23 15:00:00,1985-08-23 15:00:00
19850710,incipient,1985-08-25 00:00:00,1985-08-25 12:00:00
19850710,intensification,1985-08-25 15:00:00,1985-08-26 21:00:00
19850710,mature,1985-08-27 00:00:00,1985-08-27 09:00:00
19850710,decay,1985-08-27 12:00:00,1985-08-28 06:00:00
19860006,incipient,1986-01-02 12:00:00,1986-01-02 12:00:00
19860006,intensification,1986-01-02 15:00:00,1986-01-03 06:00:00
19860006,mature,1986-01-03 09:00:00,1986-01-03 12:00:00
19860006,decay,1986-01-03 15:00:00,1986-01-04 09:00:00
19860007,incipient,1986-01-02 12:00:00,1986-01-02 12:00:00
19860007,intensification,1986-01-02 15:00:00,1986-01-03 21:00:00
19860007,mature,1986-01-04 00:00:00,1986-01-04 09:00:00
19860007,decay,1986-01-04 12:00:00,1986-01-07 00:00:00
19860008,incipient,1986-01-03 12:00:00,1986-01-04 18:00:00
19860008,intensification,1986-01-04 21:00:00,1986-01-07 18:00:00
19860008,mature,1986-01-07 21:00:00,1986-01-08 18:00:00
19860008,decay,1986-01-08 21:00:00,1986-01-15 03:00:00
19860009,incipient,1986-01-04 00:00:00,1986-01-04 12:00:00
19860009,intensification,1986-01-04 15:00:00,1986-01-06 12:00:00
19860009,mature,1986-01-06 15:00:00,1986-01-07 09:00:00
19860009,decay,1986-01-07 12:00:00,1986-01-10 12:00:00
19860029,incipient,1986-01-12 00:00:00,1986-01-12 06:00:00
19860029,intensification,1986-01-12 09:00:00,1986-01-14 09:00:00
19860029,mature,1986-01-14 12:00:00,1986-01-15 09:00:00
19860029,decay,1986-01-15 12:00:00,1986-01-19 21:00:00
19860035,decay,1986-01-14 06:00:00,1986-01-14 12:00:00
19860035,intensification,1986-01-14 15:00:00,1986-01-14 15:00:00
19860035,decay 2,1986-01-14 18:00:00,1986-01-15 03:00:00
19860048,intensification,1986-01-18 03:00:00,1986-01-18 09:00:00
19860048,decay,1986-01-18 12:00:00,1986-01-19 03:00:00
19860056,incipient,1986-01-22 12:00:00,1986-01-23 12:00:00
19860056,intensification,1986-01-23 15:00:00,1986-01-25 18:00:00
19860056,mature,1986-01-25 21:00:00,1986-01-26 12:00:00
19860056,decay,1986-01-26 15:00:00,1986-01-28 21:00:00
19860066,intensification,1986-01-26 18:00:00,1986-01-27 21:00:00
19860073,incipient,1986-01-28 18:00:00,1986-01-28 18:00:00
19860073,intensification,1986-01-28 21:00:00,1986-01-29 15:00:00
19860073,mature,1986-01-29 18:00:00,1986-01-29 21:00:00
19860073,decay,1986-01-30 00:00:00,1986-02-01 03:00:00
19860076,incipient,1986-01-30 12:00:00,1986-01-30 21:00:00
19860076,intensification,1986-01-31 00:00:00,1986-02-01 12:00:00
19860076,mature,1986-02-01 15:00:00,1986-02-02 00:00:00
19860076,decay,1986-02-02 03:00:00,1986-02-02 21:00:00
19860092,incipient,1986-02-04 06:00:00,1986-02-04 15:00:00
19860092,intensification,1986-02-04 18:00:00,1986-02-06 03:00:00
19860092,mature,1986-02-06 06:00:00,1986-02-06 18:00:00
19860092,decay,1986-02-06 21:00:00,1986-02-09 03:00:00
19860095,incipient,1986-02-06 12:00:00,1986-02-06 21:00:00
19860095,intensification,1986-02-07 00:00:00,1986-02-08 03:00:00
19860095,mature,1986-02-08 06:00:00,1986-02-08 09:00:00
19860095,decay,1986-02-08 12:00:00,1986-02-08 18:00:00
19860106,decay,1986-02-11 12:00:00,1986-02-11 18:00:00
19860106,intensification,1986-02-11 21:00:00,1986-02-12 18:00:00
19860114,incipient,1986-02-15 09:00:00,1986-02-15 21:00:00
19860114,intensification,1986-02-16 00:00:00,1986-02-19 12:00:00
19860114,mature,1986-02-19 15:00:00,1986-02-20 12:00:00
19860114,decay,1986-02-20 15:00:00,1986-02-24 00:00:00
19860118,intensification,1986-02-16 00:00:00,1986-02-16 18:00:00
19860118,decay,1986-02-16 21:00:00,1986-02-17 15:00:00
19860125,incipient,1986-02-19 06:00:00,1986-02-19 09:00:00
19860125,decay,1986-02-19 12:00:00,1986-02-19 21:00:00
19860125,intensification,1986-02-20 00:00:00,1986-02-20 03:00:00
19860129,incipient,1986-02-20 03:00:00,1986-02-20 15:00:00
19860129,intensification,1986-02-20 18:00:00,1986-02-22 15:00:00
19860129,mature,1986-02-22 18:00:00,1986-02-23 03:00:00
19860129,decay,1986-02-23 06:00:00,1986-02-24 18:00:00
19860133,intensification,1986-02-21 18:00:00,1986-02-22 21:00:00
19860138,incipient,1986-02-23 03:00:00,1986-02-23 09:00:00
19860138,intensification,1986-02-23 12:00:00,1986-02-24 12:00:00
19860138,mature,1986-02-24 15:00:00,1986-02-25 00:00:00
19860138,decay,1986-02-25 03:00:00,1986-02-26 21:00:00
19860139,incipient,1986-02-23 12:00:00,1986-02-23 18:00:00
19860139,intensification,1986-02-23 21:00:00,1986-02-25 03:00:00
19860139,mature,1986-02-25 06:00:00,1986-02-25 09:00:00
19860139,decay,1986-02-25 12:00:00,1986-02-26 03:00:00
19860139,residual,1986-02-26 06:00:00,1986-02-27 09:00:00
19860141,incipient,1986-02-24 12:00:00,1986-02-24 18:00:00
19860141,intensification,1986-02-24 21:00:00,1986-02-24 21:00:00
19860141,decay,1986-02-25 00:00:00,1986-02-25 12:00:00
19860141,intensification 2,1986-02-25 15:00:00,1986-02-26 03:00:00
19860141,decay 2,1986-02-26 06:00:00,1986-02-27 00:00:00
19860143,intensification,1986-02-25 00:00:00,1986-02-25 06:00:00
19860143,mature,1986-02-25 09:00:00,1986-02-25 12:00:00
19860143,decay,1986-02-25 15:00:00,1986-02-26 12:00:00
19860146,incipient,1986-02-26 00:00:00,1986-02-26 06:00:00
19860146,intensification,1986-02-26 09:00:00,1986-02-28 06:00:00
19860146,mature,1986-02-28 09:00:00,1986-02-28 18:00:00
19860146,decay,1986-02-28 21:00:00,1986-03-01 21:00:00
19860146,intensification 2,1986-03-02 00:00:00,1986-03-03 12:00:00
19860146,mature 2,1986-03-03 15:00:00,1986-03-04 03:00:00
19860146,decay 2,1986-03-04 06:00:00,1986-03-06 21:00:00
19860154,incipient,1986-03-02 00:00:00,1986-03-02 09:00:00
19860154,intensification,1986-03-02 12:00:00,1986-03-04 00:00:00
19860154,mature,1986-03-04 03:00:00,1986-03-04 18:00:00
19860154,decay,1986-03-04 21:00:00,1986-03-07 18:00:00
19860162,incipient,1986-03-04 06:00:00,1986-03-04 21:00:00
19860162,intensification,1986-03-05 00:00:00,1986-03-07 03:00:00
19860162,mature,1986-03-07 06:00:00,1986-03-08 09:00:00
19860162,decay,1986-03-08 12:00:00,1986-03-13 18:00:00
19860171,incipient,1986-03-08 03:00:00,1986-03-08 15:00:00
19860171,intensification,1986-03-08 18:00:00,1986-03-10 09:00:00
19860171,mature,1986-03-10 12:00:00,1986-03-11 00:00:00
19860171,decay,1986-03-11 03:00:00,1986-03-12 18:00:00
19860173,decay,1986-03-10 00:00:00,1986-03-10 03:00:00
19860173,intensification,1986-03-10 06:00:00,1986-03-10 15:00:00
19860173,decay 2,1986-03-10 18:00:00,1986-03-11 06:00:00
19860178,incipient,1986-03-11 00:00:00,1986-03-11 06:00:00
19860178,intensification,1986-03-11 09:00:00,1986-03-12 06:00:00
19860178,mature,1986-03-12 09:00:00,1986-03-12 15:00:00
19860178,decay,1986-03-12 18:00:00,1986-03-14 09:00:00
19860185,intensification,1986-03-13 03:00:00,1986-03-13 21:00:00
19860185,mature,1986-03-14 00:00:00,1986-03-14 03:00:00
19860185,decay,1986-03-14 06:00:00,1986-03-15 03:00:00
19860195,incipient,1986-03-15 03:00:00,1986-03-15 09:00:00
19860195,intensification,1986-03-15 12:00:00,1986-03-17 09:00:00
19860195,mature,1986-03-17 12:00:00,1986-03-18 00:00:00
19860195,decay,1986-03-18 03:00:00,1986-03-20 15:00:00
19860197,intensification,1986-03-16 00:00:00,1986-03-16 18:00:00
19860197,decay,1986-03-16 21:00:00,1986-03-17 00:00:00
19860202,incipient,1986-03-17 12:00:00,1986-03-18 15:00:00
19860202,intensification,1986-03-18 18:00:00,1986-03-21 03:00:00
19860202,mature,1986-03-21 06:00:00,1986-03-22 00:00:00
19860202,decay,1986-03-22 03:00:00,1986-03-24 15:00:00
19860208,incipient,1986-03-20 00:00:00,1986-03-20 12:00:00
19860208,intensification,1986-03-20 15:00:00,1986-03-22 00:00:00
19860208,mature,1986-03-22 03:00:00,1986-03-22 15:00:00
19860208,decay,1986-03-22 18:00:00,1986-03-24 21:00:00
19860218,incipient,1986-03-25 15:00:00,1986-03-26 00:00:00
19860218,intensification,1986-03-26 03:00:00,1986-03-27 18:00:00
19860218,mature,1986-03-27 21:00:00,1986-03-28 03:00:00
19860218,decay,1986-03-28 06:00:00,1986-03-28 18:00:00
19860228,intensification,1986-03-28 18:00:00,1986-03-29 00:00:00
19860228,mature,1986-03-29 03:00:00,1986-03-29 06:00:00
19860228,decay,1986-03-29 09:00:00,1986-03-30 06:00:00
19860228,residual,1986-03-30 09:00:00,1986-03-31 09:00:00
19860229,incipient,1986-03-29 03:00:00,1986-03-30 15:00:00
19860229,intensification,1986-03-30 18:00:00,1986-04-03 15:00:00
19860229,mature,1986-04-03 18:00:00,1986-04-04 18:00:00
19860229,decay,1986-04-04 21:00:00,1986-04-06 21:00:00
19860229,intensification 2,1986-04-07 00:00:00,1986-04-08 09:00:00
19860229,mature 2,1986-04-08 12:00:00,1986-04-09 00:00:00
19860229,decay 2,1986-04-09 03:00:00,1986-04-12 09:00:00
19860238,incipient,1986-04-02 00:00:00,1986-04-02 03:00:00
19860238,intensification,1986-04-02 06:00:00,1986-04-02 18:00:00
19860238,mature,1986-04-02 21:00:00,1986-04-03 00:00:00
19860238,decay,1986-04-03 03:00:00,1986-04-03 21:00:00
19860245,intensification,1986-04-05 00:00:00,1986-04-05 03:00:00
19860245,decay,1986-04-05 06:00:00,1986-04-05 21:00:00
19860249,decay,1986-04-05 15:00:00,1986-04-05 21:00:00
19860249,intensification,1986-04-06 00:00:00,1986-04-07 06:00:00
19860251,incipient,1986-04-07 03:00:00,1986-04-08 00:00:00
19860251,intensification,1986-04-08 03:00:00,1986-04-10 09:00:00
19860251,mature,1986-04-10 12:00:00,1986-04-11 00:00:00
19860251,decay,1986-04-11 03:00:00,1986-04-12 18:00:00
19860254,decay,1986-04-07 18:00:00,1986-04-08 03:00:00
19860254,intensification,1986-04-08 06:00:00,1986-04-09 09:00:00
19860261,incipient,1986-04-09 12:00:00,1986-04-09 18:00:00
19860261,intensification,1986-04-09 21:00:00,1986-04-09 21:00:00
19860261,decay,1986-04-10 00:00:00,1986-04-10 09:00:00
19860261,intensification 2,1986-04-10 12:00:00,1986-04-11 03:00:00
19860265,incipient,1986-04-10 18:00:00,1986-04-11 00:00:00
19860265,intensification,1986-04-11 03:00:00,1986-04-11 21:00:00
19860265,mature,1986-04-12 00:00:00,1986-04-12 06:00:00
19860265,decay,1986-04-12 09:00:00,1986-04-14 00:00:00
19860278,incipient,1986-04-15 00:00:00,1986-04-15 00:00:00
19860278,intensification,1986-04-15 03:00:00,1986-04-16 12:00:00
19860278,mature,1986-04-16 15:00:00,1986-04-16 18:00:00
19860278,decay,1986-04-16 21:00:00,1986-04-17 06:00:00
19860281,intensification,1986-04-16 15:00:00,1986-04-17 03:00:00
19860281,decay,1986-04-17 06:00:00,1986-04-17 21:00:00
19860287,intensification,1986-04-18 15:00:00,1986-04-20 09:00:00
19860287,mature,1986-04-20 12:00:00,1986-04-21 15:00:00
19860287,decay,1986-04-21 18:00:00,1986-04-27 18:00:00
19860295,incipient,1986-04-21 06:00:00,1986-04-21 18:00:00
19860295,intensification,1986-04-21 21:00:00,1986-04-25 00:00:00
19860295,mature,1986-04-25 03:00:00,1986-04-25 18:00:00
19860295,decay,1986-04-25 21:00:00,1986-04-27 09:00:00
19860298,incipient,1986-04-22 09:00:00,1986-04-23 03:00:00
19860298,intensification,1986-04-23 06:00:00,1986-04-27 21:00:00
19860298,mature,1986-04-28 00:00:00,1986-04-29 00:00:00
19860298,decay,1986-04-29 03:00:00,1986-05-01 06:00:00
19860299,decay,1986-04-22 12:00:00,1986-04-23 21:00:00
19860306,incipient,1986-04-26 18:00:00,1986-04-27 00:00:00
19860306,intensification,1986-04-27 03:00:00,1986-04-27 12:00:00
19860306,mature,1986-04-27 15:00:00,1986-04-27 18:00:00
19860306,decay,1986-04-27 21:00:00,1986-04-28 03:00:00
19860306,residual,1986-04-28 06:00:00,1986-04-28 09:00:00
19860313,incipient,1986-04-29 03:00:00,1986-04-29 15:00:00
19860313,intensification,1986-04-29 18:00:00,1986-05-03 03:00:00
19860313,mature,1986-05-03 06:00:00,1986-05-03 21:00:00
19860313,decay,1986-05-04 00:00:00,1986-05-05 06:00:00
19860314,incipient,1986-04-29 03:00:00,1986-04-29 06:00:00
19860314,intensification,1986-04-29 09:00:00,1986-04-30 21:00:00
19860314,mature,1986-05-01 00:00:00,1986-05-01 12:00:00
19860314,decay,1986-05-01 15:00:00,1986-05-04 03:00:00
19860323,incipient,1986-05-01 15:00:00,1986-05-03 12:00:00
19860323,decay,1986-05-03 15:00:00,1986-05-03 15:00:00
19860323,intensification,1986-05-03 18:00:00,1986-05-04 21:00:00
19860323,mature,1986-05-05 00:00:00,1986-05-05 06:00:00
19860323,decay 2,1986-05-05 09:00:00,1986-05-06 09:00:00
19860325,intensification,1986-05-02 06:00:00,1986-05-03 21:00:00
19860325,decay,1986-05-04 00:00:00,1986-05-04 09:00:00
19860330,incipient,1986-05-04 12:00:00,1986-05-04 18:00:00
19860330,intensification,1986-05-04 21:00:00,1986-05-08 21:00:00
19860330,mature,1986-05-09 00:00:00,1986-05-09 18:00:00
19860330,decay,1986-05-09 21:00:00,1986-05-11 09:00:00
19860337,incipient,1986-05-07 12:00:00,1986-05-07 18:00:00
19860337,intensification,1986-05-07 21:00:00,1986-05-08 00:00:00
19860337,decay,1986-05-08 03:00:00,1986-05-08 06:00:00
19860337,intensification 2,1986-05-08 09:00:00,1986-05-08 18:00:00
19860344,incipient,1986-05-09 00:00:00,1986-05-09 09:00:00
19860344,intensification,1986-05-09 12:00:00,1986-05-09 12:00:00
19860344,decay,1986-05-09 15:00:00,1986-05-10 06:00:00
19860344,intensification 2,1986-05-10 09:00:00,1986-05-10 15:00:00
19860345,incipient,1986-05-09 06:00:00,1986-05-09 09:00:00
19860345,intensification,1986-05-09 12:00:00,1986-05-10 15:00:00
19860345,mature,1986-05-10 18:00:00,1986-05-11 12:00:00
19860345,decay,1986-05-11 15:00:00,1986-05-16 12:00:00
19860345,residual,1986-05-16 15:00:00,1986-05-17 09:00:00
19860346,incipient,1986-05-09 15:00:00,1986-05-09 21:00:00
19860346,intensification,1986-05-10 00:00:00,1986-05-11 12:00:00
19860346,mature,1986-05-11 15:00:00,1986-05-12 03:00:00
19860346,decay,1986-05-12 06:00:00,1986-05-14 00:00:00
19860346,residual,1986-05-14 03:00:00,1986-05-16 09:00:00
19860349,incipient,1986-05-10 12:00:00,1986-05-11 06:00:00
19860349,intensification,1986-05-11 09:00:00,1986-05-12 18:00:00
19860349,mature,1986-05-12 21:00:00,1986-05-13 03:00:00
19860349,decay,1986-05-13 06:00:00,1986-05-14 00:00:00
19860369,incipient,1986-05-18 06:00:00,1986-05-20 00:00:00
19860369,decay,1986-05-20 03:00:00,1986-05-20 12:00:00
19860369,intensification,1986-05-20 15:00:00,1986-05-22 00:00:00
19860369,decay 2,1986-05-22 03:00:00,1986-05-22 21:00:00
19860374,intensification,1986-05-19 15:00:00,1986-05-20 09:00:00
19860374,mature,1986-05-20 12:00:00,1986-05-20 15:00:00
19860374,decay,1986-05-20 18:00:00,1986-05-23 09:00:00
19860380,intensification,1986-05-21 15:00:00,1986-05-21 18:00:00
19860380,mature,1986-05-21 21:00:00,1986-05-22 00:00:00
19860380,decay,1986-05-22 03:00:00,1986-05-23 09:00:00
19860384,incipient,1986-05-23 00:00:00,1986-05-23 06:00:00
19860384,intensification,1986-05-23 09:00:00,1986-05-24 03:00:00
19860384,mature,1986-05-24 06:00:00,1986-05-24 12:00:00
19860384,decay,1986-05-24 15:00:00,1986-05-25 21:00:00
19860400,incipient,1986-05-28 12:00:00,1986-05-28 12:00:00
19860400,decay,1986-05-28 15:00:00,1986-05-29 00:00:00
19860400,intensification,1986-05-29 03:00:00,1986-05-29 18:00:00
19860400,decay 2,1986-05-29 21:00:00,1986-05-30 09:00:00
19860405,incipient,1986-05-30 09:00:00,1986-05-30 15:00:00
19860405,intensification,1986-05-30 18:00:00,1986-05-30 18:00:00
19860405,decay,1986-05-30 21:00:00,1986-05-31 15:00:00
19860405,intensification 2,1986-05-31 18:00:00,1986-06-01 00:00:00
19860407,intensification,1986-05-30 15:00:00,1986-05-30 18:00:00
19860407,decay,1986-05-30 21:00:00,1986-06-01 15:00:00
19860409,incipient,1986-05-31 09:00:00,1986-05-31 12:00:00
19860409,intensification,1986-05-31 15:00:00,1986-06-01 18:00:00
19860409,mature,1986-06-01 21:00:00,1986-06-02 09:00:00
19860409,decay,1986-06-02 12:00:00,1986-06-05 21:00:00
19860410,incipient,1986-05-31 12:00:00,1986-06-01 03:00:00
19860410,intensification,1986-06-01 06:00:00,1986-06-03 12:00:00
19860410,mature,1986-06-03 15:00:00,1986-06-04 03:00:00
19860410,decay,1986-06-04 06:00:00,1986-06-05 18:00:00
19860410,intensification 2,1986-06-05 21:00:00,1986-06-08 06:00:00
19860410,mature 2,1986-06-08 09:00:00,1986-06-08 21:00:00
19860410,decay 2,1986-06-09 00:00:00,1986-06-11 03:00:00
19860417,incipient,1986-06-02 06:00:00,1986-06-02 12:00:00
19860417,intensification,1986-06-02 15:00:00,1986-06-03 09:00:00
19860417,mature,1986-06-03 12:00:00,1986-06-03 15:00:00
19860417,decay,1986-06-03 18:00:00,1986-06-04 06:00:00
19860430,incipient,1986-06-05 12:00:00,1986-06-06 00:00:00
19860430,intensification,1986-06-06 03:00:00,1986-06-07 03:00:00
19860430,mature,1986-06-07 06:00:00,1986-06-07 15:00:00
19860430,decay,1986-06-07 18:00:00,1986-06-08 12:00:00
19860441,decay,1986-06-09 15:00:00,1986-06-10 03:00:00
19860441,intensification,1986-06-10 06:00:00,1986-06-10 15:00:00
19860441,decay 2,1986-06-10 18:00:00,1986-06-11 03:00:00
19860441,intensification 2,1986-06-11 06:00:00,1986-06-11 09:00:00
19860443,incipient,1986-06-10 06:00:00,1986-06-10 15:00:00
19860443,intensification,1986-06-10 18:00:00,1986-06-12 09:00:00
19860443,mature,1986-06-12 12:00:00,1986-06-13 03:00:00
19860443,decay,1986-06-13 06:00:00,1986-06-16 03:00:00
19860448,incipient,1986-06-12 12:00:00,1986-06-12 21:00:00
19860448,intensification,1986-06-13 00:00:00,1986-06-14 00:00:00
19860448,mature,1986-06-14 03:00:00,1986-06-14 09:00:00
19860448,decay,1986-06-14 12:00:00,1986-06-15 15:00:00
19860452,incipient,1986-06-13 06:00:00,1986-06-13 06:00:00
19860452,decay,1986-06-13 09:00:00,1986-06-13 15:00:00
19860452,intensification,1986-06-13 18:00:00,1986-06-13 21:00:00
19860452,decay 2,1986-06-14 00:00:00,1986-06-14 09:00:00
19860462,incipient,1986-06-15 15:00:00,1986-06-16 03:00:00
19860462,intensification,1986-06-16 06:00:00,1986-06-18 00:00:00
19860462,mature,1986-06-18 03:00:00,1986-06-18 21:00:00
19860462,decay,1986-06-19 00:00:00,1986-06-22 09:00:00
19860469,incipient,1986-06-17 15:00:00,1986-06-17 18:00:00
19860469,intensification,1986-06-17 21:00:00,1986-06-18 09:00:00
19860469,mature,1986-06-18 12:00:00,1986-06-18 15:00:00
19860469,decay,1986-06-18 18:00:00,1986-06-19 18:00:00
19860476,incipient,1986-06-19 06:00:00,1986-06-19 12:00:00
19860476,decay,1986-06-19 15:00:00,1986-06-20 00:00:00
19860476,intensification,1986-06-20 03:00:00,1986-06-20 09:00:00
19860480,incipient,1986-06-20 12:00:00,1986-06-20 12:00:00
19860480,decay,1986-06-20 15:00:00,1986-06-21 03:00:00
19860480,intensification,1986-06-21 06:00:00,1986-06-21 21:00:00
19860480,mature,1986-06-22 00:00:00,1986-06-22 03:00:00
19860480,decay 2,1986-06-22 06:00:00,1986-06-22 21:00:00
19860482,incipient,1986-06-21 00:00:00,1986-06-21 00:00:00
19860482,intensification,1986-06-21 03:00:00,1986-06-21 21:00:00
19860482,mature,1986-06-22 00:00:00,1986-06-22 03:00:00
19860482,decay,1986-06-22 06:00:00,1986-06-22 18:00:00
19860491,incipient,1986-06-23 03:00:00,1986-06-23 12:00:00
19860491,intensification,1986-06-23 15:00:00,1986-06-25 00:00:00
19860491,mature,1986-06-25 03:00:00,1986-06-25 15:00:00
19860491,decay,1986-06-25 18:00:00,1986-06-27 12:00:00
19860493,intensification,1986-06-23 15:00:00,1986-06-26 21:00:00
19860493,mature,1986-06-27 00:00:00,1986-06-27 18:00:00
19860493,decay,1986-06-27 21:00:00,1986-06-30 15:00:00
19860496,decay,1986-06-24 09:00:00,1986-06-24 12:00:00
19860496,intensification,1986-06-24 15:00:00,1986-06-25 03:00:00
19860496,decay 2,1986-06-25 06:00:00,1986-06-25 12:00:00
19860512,incipient,1986-06-29 12:00:00,1986-06-29 12:00:00
19860512,intensification,1986-06-29 15:00:00,1986-06-30 09:00:00
19860512,mature,1986-06-30 12:00:00,1986-06-30 18:00:00
19860512,decay,1986-06-30 21:00:00,1986-07-01 18:00:00
19860513,incipient,1986-06-29 18:00:00,1986-06-30 00:00:00
19860513,intensification,1986-06-30 03:00:00,1986-07-01 09:00:00
19860513,mature,1986-07-01 12:00:00,1986-07-01 18:00:00
19860513,decay,1986-07-01 21:00:00,1986-07-02 15:00:00
19860526,incipient,1986-07-02 12:00:00,1986-07-02 18:00:00
19860526,intensification,1986-07-02 21:00:00,1986-07-04 00:00:00
19860526,mature,1986-07-04 03:00:00,1986-07-04 09:00:00
19860526,decay,1986-07-04 12:00:00,1986-07-05 12:00:00
19860529,incipient,1986-07-03 18:00:00,1986-07-04 03:00:00
19860529,intensification,1986-07-04 06:00:00,1986-07-05 12:00:00
19860529,mature,1986-07-05 15:00:00,1986-07-06 00:00:00
19860529,decay,1986-07-06 03:00:00,1986-07-07 09:00:00
19860531,incipient,1986-07-04 00:00:00,1986-07-04 03:00:00
19860531,decay,1986-07-04 06:00:00,1986-07-04 18:00:00
19860531,intensification,1986-07-04 21:00:00,1986-07-05 03:00:00
19860531,decay 2,1986-07-05 06:00:00,1986-07-05 15:00:00
19860541,incipient,1986-07-06 12:00:00,1986-07-07 15:00:00
19860541,intensification,1986-07-07 18:00:00,1986-07-10 09:00:00
19860541,mature,1986-07-10 12:00:00,1986-07-11 03:00:00
19860541,decay,1986-07-11 06:00:00,1986-07-12 09:00:00
19860551,incipient,1986-07-09 00:00:00,1986-07-09 00:00:00
19860551,intensification,1986-07-09 03:00:00,1986-07-09 18:00:00
19860551,mature,1986-07-09 21:00:00,1986-07-10 06:00:00
19860551,decay,1986-07-10 09:00:00,1986-07-12 12:00:00
19860563,incipient,1986-07-13 03:00:00,1986-07-13 03:00:00
19860563,intensification,1986-07-13 06:00:00,1986-07-14 03:00:00
19860563,mature,1986-07-14 06:00:00,1986-07-14 09:00:00
19860563,decay,1986-07-14 12:00:00,1986-07-14 15:00:00
19860584,incipient,1986-07-19 09:00:00,1986-07-20 03:00:00
19860584,intensification,1986-07-20 06:00:00,1986-07-22 03:00:00
19860584,mature,1986-07-22 06:00:00,1986-07-23 03:00:00
19860584,decay,1986-07-23 06:00:00,1986-07-26 21:00:00
19860591,incipient,1986-07-21 15:00:00,1986-07-22 03:00:00
19860591,intensification,1986-07-22 06:00:00,1986-07-23 06:00:00
19860591,mature,1986-07-23 09:00:00,1986-07-23 18:00:00
19860591,decay,1986-07-23 21:00:00,1986-07-24 15:00:00
19860599,incipient,1986-07-25 00:00:00,1986-07-25 15:00:00
19860599,intensification,1986-07-25 18:00:00,1986-07-27 06:00:00
19860599,mature,1986-07-27 09:00:00,1986-07-27 18:00:00
19860599,decay,1986-07-27 21:00:00,1986-07-29 09:00:00
19860601,incipient,1986-07-25 12:00:00,1986-07-25 18:00:00
19860601,intensification,1986-07-25 21:00:00,1986-07-27 03:00:00
19860601,mature,1986-07-27 06:00:00,1986-07-27 15:00:00
19860601,decay,1986-07-27 18:00:00,1986-07-29 06:00:00
19860608,incipient,1986-07-28 00:00:00,1986-07-28 12:00:00
19860608,intensification,1986-07-28 15:00:00,1986-07-30 09:00:00
19860608,mature,1986-07-30 12:00:00,1986-07-31 00:00:00
19860608,decay,1986-07-31 03:00:00,1986-08-02 12:00:00
19860610,incipient,1986-07-28 09:00:00,1986-07-28 09:00:00
19860610,intensification,1986-07-28 12:00:00,1986-07-29 18:00:00
19860610,mature,1986-07-29 21:00:00,1986-07-30 12:00:00
19860610,decay,1986-07-30 15:00:00,1986-08-03 09:00:00
19860622,incipient,1986-08-01 15:00:00,1986-08-01 21:00:00
19860622,intensification,1986-08-02 00:00:00,1986-08-03 06:00:00
19860622,mature,1986-08-03 09:00:00,1986-08-03 18:00:00
19860622,decay,1986-08-03 21:00:00,1986-08-05 15:00:00
19860622,residual,1986-08-05 18:00:00,1986-08-05 18:00:00
19860631,decay,1986-08-03 15:00:00,1986-08-04 06:00:00
19860631,intensification,1986-08-04 09:00:00,1986-08-05 21:00:00
19860667,incipient,1986-08-14 12:00:00,1986-08-14 12:00:00
19860667,intensification,1986-08-14 15:00:00,1986-08-15 06:00:00
19860667,mature,1986-08-15 09:00:00,1986-08-15 12:00:00
19860667,decay,1986-08-15 15:00:00,1986-08-17 03:00:00
19860681,incipient,1986-08-17 18:00:00,1986-08-18 12:00:00
19860681,intensification,1986-08-18 15:00:00,1986-08-20 18:00:00
19860681,mature,1986-08-20 21:00:00,1986-08-21 15:00:00
19860681,decay,1986-08-21 18:00:00,1986-08-24 18:00:00
19860681,residual,1986-08-24 21:00:00,1986-08-27 06:00:00
19860700,intensification,1986-08-23 12:00:00,1986-08-23 18:00:00
19860700,decay,1986-08-23 21:00:00,1986-08-24 12:00:00
19870006,intensification,1987-01-03 09:00:00,1987-01-03 15:00:00
19870006,decay,1987-01-03 18:00:00,1987-01-04 12:00:00
19870007,intensification,1987-01-03 09:00:00,1987-01-03 21:00:00
19870007,mature,1987-01-04 00:00:00,1987-01-04 03:00:00
19870007,decay,1987-01-04 06:00:00,1987-01-05 00:00:00
19870011,incipient,1987-01-04 09:00:00,1987-01-04 12:00:00
19870011,intensification,1987-01-04 15:00:00,1987-01-06 18:00:00
19870011,mature,1987-01-06 21:00:00,1987-01-07 06:00:00
19870011,decay,1987-01-07 09:00:00,1987-01-08 06:00:00
19870011,residual,1987-01-08 09:00:00,1987-01-08 09:00:00
19870019,incipient,1987-01-06 09:00:00,1987-01-07 00:00:00
19870019,intensification,1987-01-07 03:00:00,1987-01-08 21:00:00
19870019,mature,1987-01-09 00:00:00,1987-01-09 12:00:00
19870019,decay,1987-01-09 15:00:00,1987-01-11 06:00:00
19870022,incipient,1987-01-07 12:00:00,1987-01-08 03:00:00
19870022,intensification,1987-01-08 06:00:00,1987-01-10 00:00:00
19870022,mature,1987-01-10 03:00:00,1987-01-10 15:00:00
19870022,decay,1987-01-10 18:00:00,1987-01-13 00:00:00
19870025,incipient,1987-01-08 12:00:00,1987-01-08 18:00:00
19870025,intensification,1987-01-08 21:00:00,1987-01-09 21:00:00
19870025,mature,1987-01-10 00:00:00,1987-01-10 09:00:00
19870025,decay,1987-01-10 12:00:00,1987-01-12 21:00:00
19870029,intensification,1987-01-10 09:00:00,1987-01-11 15:00:00
19870029,mature,1987-01-11 18:00:00,1987-01-12 12:00:00
19870029,decay,1987-01-12 15:00:00,1987-01-16 21:00:00
19870031,incipient,1987-01-11 09:00:00,1987-01-12 12:00:00
19870031,intensification,1987-01-12 15:00:00,1987-01-15 18:00:00
19870031,mature,1987-01-15 21:00:00,1987-01-16 18:00:00
19870031,decay,1987-01-16 21:00:00,1987-01-18 12:00:00
19870031,intensification 2,1987-01-18 15:00:00,1987-01-20 06:00:00
19870031,mature 2,1987-01-20 09:00:00,1987-01-20 21:00:00
19870031,decay 2,1987-01-21 00:00:00,1987-01-23 09:00:00
19870041,intensification,1987-01-14 12:00:00,1987-01-14 21:00:00
19870041,mature,1987-01-15 00:00:00,1987-01-15 03:00:00
19870041,decay,1987-01-15 06:00:00,1987-01-16 00:00:00
19870041,residual,1987-01-16 03:00:00,1987-01-17 03:00:00
19870051,incipient,1987-01-18 00:00:00,1987-01-18 06:00:00
19870051,intensification,1987-01-18 09:00:00,1987-01-18 09:00:00
19870051,decay,1987-01-18 12:00:00,1987-01-19 03:00:00
19870051,intensification 2,1987-01-19 06:00:00,1987-01-19 21:00:00
19870051,mature,1987-01-20 00:00:00,1987-01-20 06:00:00
19870051,decay 2,1987-01-20 09:00:00,1987-01-21 15:00:00
19870052,incipient,1987-01-19 18:00:00,1987-01-19 18:00:00
19870052,intensification,1987-01-19 21:00:00,1987-01-21 03:00:00
19870052,mature,1987-01-21 06:00:00,1987-01-21 18:00:00
19870052,decay,1987-01-21 21:00:00,1987-01-25 06:00:00
19870052,residual,1987-01-25 09:00:00,1987-01-25 09:00:00
19870071,intensification,1987-01-26 03:00:00,1987-01-26 12:00:00
19870071,mature,1987-01-26 15:00:00,1987-01-26 18:00:00
19870071,decay,1987-01-26 21:00:00,1987-01-27 15:00:00
19870079,incipient,1987-01-28 15:00:00,1987-01-29 03:00:00
19870079,intensification,1987-01-29 06:00:00,1987-01-29 06:00:00
19870079,decay,1987-01-29 09:00:00,1987-01-31 06:00:00
19870079,intensification 2,1987-01-31 09:00:00,1987-01-31 21:00:00
19870080,intensification,1987-01-29 00:00:00,1987-01-30 15:00:00
19870080,mature,1987-01-30 18:00:00,1987-01-31 06:00:00
19870080,decay,1987-01-31 09:00:00,1987-02-02 03:00:00
19870080,intensification 2,1987-02-02 06:00:00,1987-02-04 15:00:00
19870080,mature 2,1987-02-04 18:00:00,1987-02-05 06:00:00
19870080,decay 2,1987-02-05 09:00:00,1987-02-07 21:00:00
19870085,incipient,1987-01-30 18:00:00,1987-02-01 12:00:00
19870085,decay,1987-02-01 15:00:00,1987-02-02 12:00:00
19870085,intensification,1987-02-02 15:00:00,1987-02-03 03:00:00
19870085,mature,1987-02-03 06:00:00,1987-02-03 12:00:00
19870085,decay 2,1987-02-03 15:00:00,1987-02-05 18:00:00
19870088,intensification,1987-01-31 12:00:00,1987-02-01 06:00:00
19870088,mature,1987-02-01 09:00:00,1987-02-01 18:00:00
19870088,decay,1987-02-01 21:00:00,1987-02-03 18:00:00
19870088,residual,1987-02-03 21:00:00,1987-02-05 18:00:00
19870092,incipient,1987-02-02 18:00:00,1987-02-03 00:00:00
19870092,intensification,1987-02-03 03:00:00,1987-02-04 06:00:00
19870092,mature,1987-02-04 09:00:00,1987-02-04 21:00:00
19870092,decay,1987-02-05 00:00:00,1987-02-07 12:00:00
19870097,decay,1987-02-05 06:00:00,1987-02-05 15:00:00
19870097,intensification,1987-02-05 18:00:00,1987-02-07 06:00:00
19870097,mature,1987-02-07 09:00:00,1987-02-07 15:00:00
19870097,decay 2,1987-02-07 18:00:00,1987-02-09 09:00:00
19870104,incipient,1987-02-08 15:00:00,1987-02-08 18:00:00
19870104,intensification,1987-02-08 21:00:00,1987-02-09 18:00:00
19870104,mature,1987-02-09 21:00:00,1987-02-10 06:00:00
19870104,decay,1987-02-10 09:00:00,1987-02-12 03:00:00
19870110,intensification,1987-02-10 18:00:00,1987-02-12 12:00:00
19870110,mature,1987-02-12 15:00:00,1987-02-13 00:00:00
19870110,decay,1987-02-13 03:00:00,1987-02-19 00:00:00
19870110,residual,1987-02-19 03:00:00,1987-02-19 09:00:00
19870113,incipient,1987-02-11 00:00:00,1987-02-11 06:00:00
19870113,intensification,1987-02-11 09:00:00,1987-02-11 09:00:00
19870113,decay,1987-02-11 12:00:00,1987-02-12 00:00:00
19870113,intensification 2,1987-02-12 03:00:00,1987-02-12 12:00:00
19870113,decay 2,1987-02-12 15:00:00,1987-02-13 00:00:00
19870123,incipient,1987-02-15 15:00:00,1987-02-15 15:00:00
19870123,decay,1987-02-15 18:00:00,1987-02-16 09:00:00
19870123,intensification,1987-02-16 12:00:00,1987-02-17 06:00:00
19870123,mature,1987-02-17 09:00:00,1987-02-17 12:00:00
19870123,decay 2,1987-02-17 15:00:00,1987-02-18 09:00:00
19870127,intensification,1987-02-17 06:00:00,1987-02-17 18:00:00
19870127,mature,1987-02-17 21:00:00,1987-02-18 00:00:00
19870127,decay,1987-02-18 03:00:00,1987-02-19 03:00:00
19870138,incipient,1987-02-21 06:00:00,1987-02-21 21:00:00
19870138,intensification,1987-02-22 00:00:00,1987-02-24 15:00:00
19870138,mature,1987-02-24 18:00:00,1987-02-25 15:00:00
19870138,decay,1987-02-25 18:00:00,1987-02-28 21:00:00
19870141,decay,1987-02-22 12:00:00,1987-02-23 06:00:00
19870141,intensification,1987-02-23 09:00:00,1987-02-24 00:00:00
19870141,mature,1987-02-24 03:00:00,1987-02-24 12:00:00
19870141,decay 2,1987-02-24 15:00:00,1987-02-26 09:00:00
19870147,decay,1987-02-24 12:00:00,1987-02-25 00:00:00
19870147,intensification,1987-02-25 03:00:00,1987-02-25 12:00:00
19870147,decay 2,1987-02-25 15:00:00,1987-02-26 00:00:00
19870150,incipient,1987-02-25 12:00:00,1987-02-25 18:00:00
19870150,intensification,1987-02-25 21:00:00,1987-02-27 06:00:00
19870150,mature,1987-02-27 09:00:00,1987-02-27 21:00:00
19870150,decay,1987-02-28 00:00:00,1987-03-04 06:00:00
19870162,incipient,1987-03-02 09:00:00,1987-03-02 12:00:00
19870162,intensification,1987-03-02 15:00:00,1987-03-04 00:00:00
19870162,mature,1987-03-04 03:00:00,1987-03-04 06:00:00
19870162,decay,1987-03-04 09:00:00,1987-03-04 12:00:00
19870188,decay,1987-03-09 09:00:00,1987-03-09 12:00:00
19870188,intensification,1987-03-09 15:00:00,1987-03-09 21:00:00
19870188,decay 2,1987-03-10 00:00:00,1987-03-10 12:00:00
19870188,intensification 2,1987-03-10 15:00:00,1987-03-11 00:00:00
19870195,incipient,1987-03-11 12:00:00,1987-03-12 00:00:00
19870195,intensification,1987-03-12 03:00:00,1987-03-14 00:00:00
19870195,mature,1987-03-14 03:00:00,1987-03-14 18:00:00
19870195,decay,1987-03-14 21:00:00,1987-03-16 21:00:00
19870196,intensification,1987-03-11 15:00:00,1987-03-12 09:00:00
19870196,mature,1987-03-12 12:00:00,1987-03-12 18:00:00
19870196,decay,1987-03-12 21:00:00,1987-03-15 00:00:00
19870214,incipient,1987-03-18 09:00:00,1987-03-18 18:00:00
19870214,intensification,1987-03-18 21:00:00,1987-03-20 09:00:00
19870214,mature,1987-03-20 12:00:00,1987-03-21 03:00:00
19870214,decay,1987-03-21 06:00:00,1987-03-24 09:00:00
19870224,decay,1987-03-22 12:00:00,1987-03-22 21:00:00
19870224,intensification,1987-03-23 00:00:00,1987-03-23 00:00:00
19870224,decay 2,1987-03-23 03:00:00,1987-03-23 15:00:00
19870230,decay,1987-03-24 12:00:00,1987-03-24 18:00:00
19870230,intensification,1987-03-24 21:00:00,1987-03-25 09:00:00
19870237,incipient,1987-03-25 12:00:00,1987-03-25 18:00:00
19870237,intensification,1987-03-25 21:00:00,1987-03-27 03:00:00
19870237,mature,1987-03-27 06:00:00,1987-03-27 15:00:00
19870237,decay,1987-03-27 18:00:00,1987-03-29 15:00:00
19870237,intensification 2,1987-03-29 18:00:00,1987-03-31 06:00:00
19870237,mature 2,1987-03-31 09:00:00,1987-03-31 18:00:00
19870237,decay 2,1987-03-31 21:00:00,1987-04-02 18:00:00
19870253,incipient,1987-04-01 09:00:00,1987-04-01 15:00:00
19870253,intensification,1987-04-01 18:00:00,1987-04-02 21:00:00
19870253,mature,1987-04-03 00:00:00,1987-04-03 12:00:00
19870253,decay,1987-04-03 15:00:00,1987-04-06 09:00:00
19870280,incipient,1987-04-11 18:00:00,1987-04-12 00:00:00
19870280,intensification,1987-04-12 03:00:00,1987-04-14 03:00:00
19870280,mature,1987-04-14 06:00:00,1987-04-15 00:00:00
19870280,decay,1987-04-15 03:00:00,1987-04-19 06:00:00
19870284,incipient,1987-04-12 06:00:00,1987-04-12 12:00:00
19870284,decay,1987-04-12 15:00:00,1987-04-12 18:00:00
19870284,intensification,1987-04-12 21:00:00,1987-04-12 21:00:00
19870284,decay 2,1987-04-13 00:00:00,1987-04-13 09:00:00
19870288,incipient,1987-04-13 12:00:00,1987-04-13 12:00:00
19870288,intensification,1987-04-13 15:00:00,1987-04-14 12:00:00
19870288,mature,1987-04-14 15:00:00,1987-04-14 21:00:00
19870288,decay,1987-04-15 00:00:00,1987-04-18 06:00:00
19870297,incipient,1987-04-15 12:00:00,1987-04-15 12:00:00
19870297,intensification,1987-04-15 15:00:00,1987-04-17 12:00:00
19870297,mature,1987-04-17 15:00:00,1987-04-18 00:00:00
19870297,decay,1987-04-18 03:00:00,1987-04-19 06:00:00
19870300,incipient,1987-04-16 18:00:00,1987-04-17 03:00:00
19870300,intensification,1987-04-17 06:00:00,1987-04-18 12:00:00
19870300,mature,1987-04-18 15:00:00,1987-04-19 03:00:00
19870300,decay,1987-04-19 06:00:00,1987-04-24 21:00:00
19870307,incipient,1987-04-18 12:00:00,1987-04-21 00:00:00
19870307,decay,1987-04-21 03:00:00,1987-04-21 15:00:00
19870307,intensification,1987-04-21 18:00:00,1987-04-23 18:00:00
19870307,mature,1987-04-23 21:00:00,1987-04-24 12:00:00
19870307,decay 2,1987-04-24 15:00:00,1987-04-27 18:00:00
19870308,incipient,1987-04-18 15:00:00,1987-04-18 18:00:00
19870308,decay,1987-04-18 21:00:00,1987-04-19 06:00:00
19870308,intensification,1987-04-19 09:00:00,1987-04-19 09:00:00
19870308,decay 2,1987-04-19 12:00:00,1987-04-19 18:00:00
19870310,incipient,1987-04-19 18:00:00,1987-04-20 00:00:00
19870310,intensification,1987-04-20 03:00:00,1987-04-21 09:00:00
19870310,mature,1987-04-21 12:00:00,1987-04-21 21:00:00
19870310,decay,1987-04-22 00:00:00,1987-04-23 09:00:00
19870318,incipient,1987-04-23 06:00:00,1987-04-23 15:00:00
19870318,intensification,1987-04-23 18:00:00,1987-04-24 15:00:00
19870318,mature,1987-04-24 18:00:00,1987-04-24 21:00:00
19870318,decay,1987-04-25 00:00:00,1987-04-25 09:00:00
19870323,incipient,1987-04-24 12:00:00,1987-04-24 12:00:00
19870323,intensification,1987-04-24 15:00:00,1987-04-25 15:00:00
19870323,mature,1987-04-25 18:00:00,1987-04-26 03:00:00
19870323,decay,1987-04-26 06:00:00,1987-04-28 15:00:00
19870336,intensification,1987-04-29 00:00:00,1987-04-29 06:00:00
19870336,decay,1987-04-29 09:00:00,1987-04-30 03:00:00
19870361,incipient,1987-05-05 06:00:00,1987-05-05 21:00:00
19870361,decay,1987-05-06 00:00:00,1987-05-06 03:00:00
19870361,intensification,1987-05-06 06:00:00,1987-05-06 15:00:00
19870361,decay 2,1987-05-06 18:00:00,1987-05-07 12:00:00
19870365,intensification,1987-05-06 09:00:00,1987-05-07 03:00:00
19870365,decay,1987-05-07 06:00:00,1987-05-07 21:00:00
19870367,intensification,1987-05-06 15:00:00,1987-05-07 06:00:00
19870367,decay,1987-05-07 09:00:00,1987-05-08 03:00:00
19870369,intensification,1987-05-07 15:00:00,1987-05-08 12:00:00
19870383,decay,1987-05-11 09:00:00,1987-05-12 09:00:00
19870383,intensification,1987-05-12 12:00:00,1987-05-14 09:00:00
19870383,residual,1987-05-14 12:00:00,1987-05-14 21:00:00
19870394,incipient,1987-05-14 12:00:00,1987-05-15 00:00:00
19870394,intensification,1987-05-15 03:00:00,1987-05-17 21:00:00
19870394,mature,1987-05-18 00:00:00,1987-05-18 18:00:00
19870394,decay,1987-05-18 21:00:00,1987-05-22 06:00:00
19870394,residual,1987-05-22 09:00:00,1987-05-22 21:00:00
19870413,incipient,1987-05-20 00:00:00,1987-05-20 00:00:00
19870413,intensification,1987-05-20 03:00:00,1987-05-20 18:00:00
19870413,mature,1987-05-20 21:00:00,1987-05-21 03:00:00
19870413,decay,1987-05-21 06:00:00,1987-05-22 12:00:00
19870428,incipient,1987-05-24 00:00:00,1987-05-24 06:00:00
19870428,decay,1987-05-24 09:00:00,1987-05-25 00:00:00
19870428,intensification,1987-05-25 03:00:00,1987-05-27 09:00:00
19870428,mature,1987-05-27 12:00:00,1987-05-28 00:00:00
19870428,decay 2,1987-05-28 03:00:00,1987-05-29 21:00:00
19870445,intensification,1987-05-29 15:00:00,1987-05-30 12:00:00
19870445,mature,1987-05-30 15:00:00,1987-05-31 00:00:00
19870445,decay,1987-05-31 03:00:00,1987-06-01 18:00:00
19870445,residual,1987-06-01 21:00:00,1987-06-03 12:00:00
19870454,incipient,1987-06-01 09:00:00,1987-06-01 12:00:00
19870454,decay,1987-06-01 15:00:00,1987-06-02 15:00:00
19870454,intensification,1987-06-02 18:00:00,1987-06-04 00:00:00
19870454,mature,1987-06-04 03:00:00,1987-06-04 12:00:00
19870454,decay 2,1987-06-04 15:00:00,1987-06-06 09:00:00
19870459,incipient,1987-06-03 12:00:00,1987-06-03 12:00:00
19870459,intensification,1987-06-03 15:00:00,1987-06-04 12:00:00
19870459,mature,1987-06-04 15:00:00,1987-06-04 18:00:00
19870459,decay,1987-06-04 21:00:00,1987-06-05 09:00:00
19870470,decay,1987-06-07 00:00:00,1987-06-07 09:00:00
19870470,intensification,1987-06-07 12:00:00,1987-06-07 12:00:00
19870470,decay 2,1987-06-07 15:00:00,1987-06-07 21:00:00
19870475,intensification,1987-06-08 09:00:00,1987-06-10 06:00:00
19870477,incipient,1987-06-08 15:00:00,1987-06-08 18:00:00
19870477,intensification,1987-06-08 21:00:00,1987-06-10 21:00:00
19870477,mature,1987-06-11 00:00:00,1987-06-11 09:00:00
19870477,decay,1987-06-11 12:00:00,1987-06-12 09:00:00
19870481,incipient,1987-06-10 12:00:00,1987-06-11 00:00:00
19870481,intensification,1987-06-11 03:00:00,1987-06-12 06:00:00
19870481,mature,1987-06-12 09:00:00,1987-06-12 21:00:00
19870481,decay,1987-06-13 00:00:00,1987-06-14 15:00:00
19870481,residual,1987-06-14 18:00:00,1987-06-15 00:00:00
19870483,incipient,1987-06-10 15:00:00,1987-06-10 18:00:00
19870483,intensification,1987-06-10 21:00:00,1987-06-14 03:00:00
19870483,mature,1987-06-14 06:00:00,1987-06-14 21:00:00
19870483,decay,1987-06-15 00:00:00,1987-06-16 12:00:00
19870495,incipient,1987-06-15 12:00:00,1987-06-15 21:00:00
19870495,intensification,1987-06-16 00:00:00,1987-06-17 03:00:00
19870495,mature,1987-06-17 06:00:00,1987-06-17 18:00:00
19870495,decay,1987-06-17 21:00:00,1987-06-20 00:00:00
19870533,incipient,1987-06-25 03:00:00,1987-06-25 03:00:00
19870533,intensification,1987-06-25 06:00:00,1987-06-26 00:00:00
19870533,mature,1987-06-26 03:00:00,1987-06-26 12:00:00
19870533,decay,1987-06-26 15:00:00,1987-06-28 18:00:00
19870546,intensification,1987-06-28 12:00:00,1987-06-29 09:00:00
19870546,mature,1987-06-29 12:00:00,1987-06-29 18:00:00
19870546,decay,1987-06-29 21:00:00,1987-06-30 15:00:00
19870546,intensification 2,1987-06-30 18:00:00,1987-07-02 06:00:00
19870546,mature 2,1987-07-02 09:00:00,1987-07-02 21:00:00
19870546,decay 2,1987-07-03 00:00:00,1987-07-05 00:00:00
19870548,incipient,1987-06-28 15:00:00,1987-06-28 21:00:00
19870548,intensification,1987-06-29 00:00:00,1987-07-01 06:00:00
19870548,mature,1987-07-01 09:00:00,1987-07-01 21:00:00
19870548,decay,1987-07-02 00:00:00,1987-07-03 03:00:00
19870554,decay,1987-07-01 06:00:00,1987-07-01 18:00:00
19870554,intensification,1987-07-01 21:00:00,1987-07-05 21:00:00
19870554,mature,1987-07-06 00:00:00,1987-07-06 15:00:00
19870554,decay 2,1987-07-06 18:00:00,1987-07-07 15:00:00
19870560,intensification,1987-07-03 09:00:00,1987-07-03 15:00:00
19870560,decay,1987-07-03 18:00:00,1987-07-04 09:00:00
19870568,intensification,1987-07-05 06:00:00,1987-07-06 03:00:00
19870581,intensification,1987-07-07 15:00:00,1987-07-08 12:00:00
19870581,mature,1987-07-08 15:00:00,1987-07-09 03:00:00
19870581,decay,1987-07-09 06:00:00,1987-07-12 12:00:00
19870586,incipient,1987-07-09 03:00:00,1987-07-09 12:00:00
19870586,intensification,1987-07-09 15:00:00,1987-07-10 18:00:00
19870586,mature,1987-07-10 21:00:00,1987-07-11 09:00:00
19870586,decay,1987-07-11 12:00:00,1987-07-13 06:00:00
19870588,incipient,1987-07-09 15:00:00,1987-07-09 21:00:00
19870588,intensification,1987-07-10 00:00:00,1987-07-11 00:00:00
19870588,mature,1987-07-11 03:00:00,1987-07-11 06:00:00
19870588,decay,1987-07-11 09:00:00,1987-07-12 00:00:00
19870593,intensification,1987-07-11 03:00:00,1987-07-11 12:00:00
19870593,decay,1987-07-11 15:00:00,1987-07-12 12:00:00
19870604,incipient,1987-07-14 06:00:00,1987-07-14 09:00:00
19870604,intensification,1987-07-14 12:00:00,1987-07-16 06:00:00
19870604,mature,1987-07-16 09:00:00,1987-07-16 15:00:00
19870604,decay,1987-07-16 18:00:00,1987-07-17 00:00:00
19870612,intensification,1987-07-16 03:00:00,1987-07-16 09:00:00
19870612,decay,1987-07-16 12:00:00,1987-07-17 03:00:00
19870621,intensification,1987-07-18 12:00:00,1987-07-18 15:00:00
19870621,decay,1987-07-18 18:00:00,1987-07-19 12:00:00
19870634,intensification,1987-07-21 15:00:00,1987-07-23 00:00:00
19870641,incipient,1987-07-22 15:00:00,1987-07-23 09:00:00
19870641,intensification,1987-07-23 12:00:00,1987-07-24 21:00:00
19870641,mature,1987-07-25 00:00:00,1987-07-25 09:00:00
19870641,decay,1987-07-25 12:00:00,1987-07-26 09:00:00
19870642,incipient,1987-07-22 15:00:00,1987-07-23 21:00:00
19870642,intensification,1987-07-24 00:00:00,1987-07-26 06:00:00
19870642,mature,1987-07-26 09:00:00,1987-07-27 03:00:00
19870642,decay,1987-07-27 06:00:00,1987-07-29 03:00:00
19870646,incipient,1987-07-25 03:00:00,1987-07-25 06:00:00
19870646,intensification,1987-07-25 09:00:00,1987-07-25 21:00:00
19870646,mature,1987-07-26 00:00:00,1987-07-26 03:00:00
19870646,decay,1987-07-26 06:00:00,1987-07-26 15:00:00
19870649,incipient,1987-07-26 00:00:00,1987-07-26 00:00:00
19870649,intensification,1987-07-26 03:00:00,1987-07-27 09:00:00
19870649,mature,1987-07-27 12:00:00,1987-07-28 03:00:00
19870649,decay,1987-07-28 06:00:00,1987-07-31 15:00:00
19870656,incipient,1987-07-27 15:00:00,1987-07-27 21:00:00
19870656,intensification,1987-07-28 00:00:00,1987-07-29 09:00:00
19870656,mature,1987-07-29 12:00:00,1987-07-29 21:00:00
19870656,decay,1987-07-30 00:00:00,1987-07-31 09:00:00
19870666,incipient,1987-07-30 18:00:00,1987-07-31 03:00:00
19870666,intensification,1987-07-31 06:00:00,1987-08-01 06:00:00
19870666,mature,1987-08-01 09:00:00,1987-08-01 12:00:00
19870666,decay,1987-08-01 15:00:00,1987-08-02 09:00:00
19870679,incipient,1987-08-02 15:00:00,1987-08-02 21:00:00
19870679,intensification,1987-08-03 00:00:00,1987-08-04 06:00:00
19870679,mature,1987-08-04 09:00:00,1987-08-04 18:00:00
19870679,decay,1987-08-04 21:00:00,1987-08-06 09:00:00
19870687,incipient,1987-08-05 12:00:00,1987-08-05 12:00:00
19870687,intensification,1987-08-05 15:00:00,1987-08-06 15:00:00
19870687,mature,1987-08-06 18:00:00,1987-08-07 03:00:00
19870687,decay,1987-08-07 06:00:00,1987-08-10 21:00:00
19870697,incipient,1987-08-07 18:00:00,1987-08-08 00:00:00
19870697,decay,1987-08-08 03:00:00,1987-08-08 09:00:00
19870697,intensification,1987-08-08 12:00:00,1987-08-09 00:00:00
19870701,incipient,1987-08-08 09:00:00,1987-08-09 06:00:00
19870701,intensification,1987-08-09 09:00:00,1987-08-11 00:00:00
19870701,mature,1987-08-11 03:00:00,1987-08-11 15:00:00
19870701,decay,1987-08-11 18:00:00,1987-08-12 15:00:00
19870709,incipient,1987-08-11 03:00:00,1987-08-11 21:00:00
19870709,intensification,1987-08-12 00:00:00,1987-08-13 06:00:00
19870709,mature,1987-08-13 09:00:00,1987-08-13 18:00:00
19870709,decay,1987-08-13 21:00:00,1987-08-15 09:00:00
19870710,incipient,1987-08-11 06:00:00,1987-08-11 12:00:00
19870710,intensification,1987-08-11 15:00:00,1987-08-12 21:00:00
19870710,mature,1987-08-13 00:00:00,1987-08-13 12:00:00
19870710,decay,1987-08-13 15:00:00,1987-08-16 06:00:00
19870712,decay,1987-08-11 15:00:00,1987-08-12 06:00:00
19870712,intensification,1987-08-12 09:00:00,1987-08-13 12:00:00
19870712,mature,1987-08-13 15:00:00,1987-08-13 18:00:00
19870712,decay 2,1987-08-13 21:00:00,1987-08-14 00:00:00
19870714,incipient,1987-08-12 03:00:00,1987-08-12 12:00:00
19870714,intensification,1987-08-12 15:00:00,1987-08-13 21:00:00
19870714,mature,1987-08-14 00:00:00,1987-08-14 06:00:00
19870714,decay,1987-08-14 09:00:00,1987-08-15 00:00:00
19870728,incipient,1987-08-15 03:00:00,1987-08-15 06:00:00
19870728,decay,1987-08-15 09:00:00,1987-08-15 15:00:00
19870728,intensification,1987-08-15 18:00:00,1987-08-16 00:00:00
19870730,incipient,1987-08-15 12:00:00,1987-08-15 15:00:00
19870730,decay,1987-08-15 18:00:00,1987-08-16 03:00:00
19870730,intensification,1987-08-16 06:00:00,1987-08-16 12:00:00
19880006,intensification,1988-01-03 12:00:00,1988-01-04 09:00:00
19880009,incipient,1988-01-04 06:00:00,1988-01-04 06:00:00
19880009,intensification,1988-01-04 09:00:00,1988-01-05 03:00:00
19880009,mature,1988-01-05 06:00:00,1988-01-05 09:00:00
19880009,decay,1988-01-05 12:00:00,1988-01-05 15:00:00
19880012,incipient,1988-01-05 06:00:00,1988-01-05 18:00:00
19880012,intensification,1988-01-05 21:00:00,1988-01-07 15:00:00
19880012,mature,1988-01-07 18:00:00,1988-01-08 12:00:00
19880012,decay,1988-01-08 15:00:00,1988-01-12 12:00:00
19880021,incipient,1988-01-09 18:00:00,1988-01-09 21:00:00
19880021,intensification,1988-01-10 00:00:00,1988-01-11 03:00:00
19880021,mature,1988-01-11 06:00:00,1988-01-11 15:00:00
19880021,decay,1988-01-11 18:00:00,1988-01-13 18:00:00
19880023,incipient,1988-01-10 03:00:00,1988-01-10 03:00:00
19880023,decay,1988-01-10 06:00:00,1988-01-10 15:00:00
19880023,intensification,1988-01-10 18:00:00,1988-01-12 00:00:00
19880023,residual,1988-01-12 03:00:00,1988-01-12 09:00:00
19880033,incipient,1988-01-13 18:00:00,1988-01-13 18:00:00
19880033,intensification,1988-01-13 21:00:00,1988-01-15 12:00:00
19880033,mature,1988-01-15 15:00:00,1988-01-15 18:00:00
19880033,decay,1988-01-15 21:00:00,1988-01-16 00:00:00
19880042,incipient,1988-01-15 12:00:00,1988-01-16 00:00:00
19880042,intensification,1988-01-16 03:00:00,1988-01-20 21:00:00
19880042,mature,1988-01-21 00:00:00,1988-01-22 03:00:00
19880042,decay,1988-01-22 06:00:00,1988-01-24 21:00:00
19880051,incipient,1988-01-18 12:00:00,1988-01-18 15:00:00
19880051,intensification,1988-01-18 18:00:00,1988-01-19 06:00:00
19880051,mature,1988-01-19 09:00:00,1988-01-19 15:00:00
19880051,decay,1988-01-19 18:00:00,1988-01-20 21:00:00
19880056,incipient,1988-01-20 15:00:00,1988-01-20 21:00:00
19880056,intensification,1988-01-21 00:00:00,1988-01-22 12:00:00
19880056,mature,1988-01-22 15:00:00,1988-01-23 15:00:00
19880056,decay,1988-01-23 18:00:00,1988-01-29 15:00:00
19880066,incipient,1988-01-25 03:00:00,1988-01-25 15:00:00
19880066,intensification,1988-01-25 18:00:00,1988-01-29 09:00:00
19880066,mature,1988-01-29 12:00:00,1988-01-30 06:00:00
19880066,decay,1988-01-30 09:00:00,1988-01-31 21:00:00
19880067,incipient,1988-01-26 12:00:00,1988-01-26 21:00:00
19880067,intensification,1988-01-27 00:00:00,1988-01-29 06:00:00
19880067,mature,1988-01-29 09:00:00,1988-01-29 21:00:00
19880067,decay,1988-01-30 00:00:00,1988-01-31 03:00:00
19880068,incipient,1988-01-27 06:00:00,1988-01-27 18:00:00
19880068,intensification,1988-01-27 21:00:00,1988-01-29 18:00:00
19880068,mature,1988-01-29 21:00:00,1988-01-30 18:00:00
19880068,decay,1988-01-30 21:00:00,1988-02-03 09:00:00
19880079,incipient,1988-02-01 09:00:00,1988-02-01 12:00:00
19880079,intensification,1988-02-01 15:00:00,1988-02-02 18:00:00
19880079,mature,1988-02-02 21:00:00,1988-02-03 03:00:00
19880079,decay,1988-02-03 06:00:00,1988-02-04 18:00:00
19880096,intensification,1988-02-05 15:00:00,1988-02-06 06:00:00
19880096,decay,1988-02-06 09:00:00,1988-02-06 18:00:00
19880097,decay,1988-02-06 12:00:00,1988-02-08 06:00:00
19880097,intensification,1988-02-08 09:00:00,1988-02-09 00:00:00
19880097,residual,1988-02-09 03:00:00,1988-02-09 09:00:00
19880103,incipient,1988-02-09 09:00:00,1988-02-10 00:00:00
19880103,intensification,1988-02-10 03:00:00,1988-02-12 03:00:00
19880103,mature,1988-02-12 06:00:00,1988-02-12 15:00:00
19880103,decay,1988-02-12 18:00:00,1988-02-13 09:00:00
19880103,intensification 2,1988-02-13 12:00:00,1988-02-16 06:00:00
19880103,mature 2,1988-02-16 09:00:00,1988-02-16 21:00:00
19880103,decay 2,1988-02-17 00:00:00,1988-02-18 09:00:00
19880116,incipient,1988-02-13 12:00:00,1988-02-13 15:00:00
19880116,decay,1988-02-13 18:00:00,1988-02-14 00:00:00
19880116,intensification,1988-02-14 03:00:00,1988-02-14 03:00:00
19880116,decay 2,1988-02-14 06:00:00,1988-02-14 09:00:00
19880123,incipient,1988-02-18 12:00:00,1988-02-20 00:00:00
19880123,decay,1988-02-20 03:00:00,1988-02-27 06:00:00
19880135,intensification,1988-02-22 03:00:00,1988-02-23 06:00:00
19880154,incipient,1988-02-27 06:00:00,1988-02-27 21:00:00
19880154,intensification,1988-02-28 00:00:00,1988-02-29 06:00:00
19880154,mature,1988-02-29 09:00:00,1988-02-29 12:00:00
19880154,decay,1988-02-29 15:00:00,1988-03-01 09:00:00
19880163,incipient,1988-03-01 00:00:00,1988-03-01 09:00:00
19880163,intensification,1988-03-01 12:00:00,1988-03-02 03:00:00
19880163,mature,1988-03-02 06:00:00,1988-03-02 09:00:00
19880163,decay,1988-03-02 12:00:00,1988-03-02 21:00:00
19880167,incipient,1988-03-01 12:00:00,1988-03-02 15:00:00
19880167,intensification,1988-03-02 18:00:00,1988-03-05 06:00:00
19880167,mature,1988-03-05 09:00:00,1988-03-06 03:00:00
19880167,decay,1988-03-06 06:00:00,1988-03-07 21:00:00
19880173,incipient,1988-03-03 09:00:00,1988-03-03 18:00:00
19880173,intensification,1988-03-03 21:00:00,1988-03-05 06:00:00
19880173,mature,1988-03-05 09:00:00,1988-03-05 18:00:00
19880173,decay,1988-03-05 21:00:00,1988-03-07 09:00:00
19880179,incipient,1988-03-05 00:00:00,1988-03-05 06:00:00
19880179,intensification,1988-03-05 09:00:00,1988-03-06 21:00:00
19880179,mature,1988-03-07 00:00:00,1988-03-07 12:00:00
19880179,decay,1988-03-07 15:00:00,1988-03-10 03:00:00
19880191,incipient,1988-03-09 12:00:00,1988-03-10 00:00:00
19880191,intensification,1988-03-10 03:00:00,1988-03-11 12:00:00
19880191,mature,1988-03-11 15:00:00,1988-03-12 00:00:00
19880191,decay,1988-03-12 03:00:00,1988-03-13 15:00:00
19880194,incipient,1988-03-10 12:00:00,1988-03-10 12:00:00
19880194,intensification,1988-03-10 15:00:00,1988-03-11 15:00:00
19880194,mature,1988-03-11 18:00:00,1988-03-12 00:00:00
19880194,decay,1988-03-12 03:00:00,1988-03-13 03:00:00
19880215,incipient,1988-03-18 00:00:00,1988-03-19 15:00:00
19880215,intensification,1988-03-19 18:00:00,1988-03-23 03:00:00
19880215,mature,1988-03-23 06:00:00,1988-03-24 06:00:00
19880215,decay,1988-03-24 09:00:00,1988-03-27 06:00:00
19880217,intensification,1988-03-18 12:00:00,1988-03-18 18:00:00
19880217,decay,1988-03-18 21:00:00,1988-03-19 09:00:00
19880225,incipient,1988-03-21 18:00:00,1988-03-23 00:00:00
19880225,intensification,1988-03-23 03:00:00,1988-03-25 12:00:00
19880225,mature,1988-03-25 15:00:00,1988-03-26 09:00:00
19880225,decay,1988-03-26 12:00:00,1988-03-28 09:00:00
19880235,incipient,1988-03-24 15:00:00,1988-03-24 15:00:00
19880235,intensification,1988-03-24 18:00:00,1988-03-25 21:00:00
19880235,mature,1988-03-26 00:00:00,1988-03-26 06:00:00
19880235,decay,1988-03-26 09:00:00,1988-03-27 18:00:00
19880235,residual,1988-03-27 21:00:00,1988-03-30 06:00:00
19880239,incipient,1988-03-25 09:00:00,1988-03-26 03:00:00
19880239,intensification,1988-03-26 06:00:00,1988-03-27 21:00:00
19880239,mature,1988-03-28 00:00:00,1988-03-28 09:00:00
19880239,decay,1988-03-28 12:00:00,1988-03-30 03:00:00
19880249,incipient,1988-03-29 00:00:00,1988-03-29 09:00:00
19880249,intensification,1988-03-29 12:00:00,1988-03-30 21:00:00
19880249,mature,1988-03-31 00:00:00,1988-03-31 12:00:00
19880249,decay,1988-03-31 15:00:00,1988-04-02 09:00:00
19880256,incipient,1988-04-01 15:00:00,1988-04-02 03:00:00
19880256,intensification,1988-04-02 06:00:00,1988-04-03 15:00:00
19880256,mature,1988-04-03 18:00:00,1988-04-04 00:00:00
19880256,decay,1988-04-04 03:00:00,1988-04-04 12:00:00
19880268,incipient,1988-04-03 12:00:00,1988-04-03 15:00:00
19880268,decay,1988-04-03 18:00:00,1988-04-04 09:00:00
19880268,intensification,1988-04-04 12:00:00,1988-04-04 18:00:00
19880268,decay 2,1988-04-04 21:00:00,1988-04-05 18:00:00
19880272,incipient,1988-04-05 12:00:00,1988-04-05 21:00:00
19880272,intensification,1988-04-06 00:00:00,1988-04-07 03:00:00
19880272,mature,1988-04-07 06:00:00,1988-04-07 12:00:00
19880272,decay,1988-04-07 15:00:00,1988-04-08 15:00:00
19880281,intensification,1988-04-08 00:00:00,1988-04-08 15:00:00
19880281,decay,1988-04-08 18:00:00,1988-04-08 21:00:00
19880286,incipient,1988-04-08 12:00:00,1988-04-09 03:00:00
19880286,intensification,1988-04-09 06:00:00,1988-04-11 03:00:00
19880286,mature,1988-04-11 06:00:00,1988-04-11 18:00:00
19880286,decay,1988-04-11 21:00:00,1988-04-13 00:00:00
19880287,incipient,1988-04-09 00:00:00,1988-04-09 12:00:00
19880287,decay,1988-04-09 15:00:00,1988-04-11 21:00:00
19880294,intensification,1988-04-11 09:00:00,1988-04-12 09:00:00
19880299,incipient,1988-04-13 15:00:00,1988-04-13 18:00:00
19880299,intensification,1988-04-13 21:00:00,1988-04-14 18:00:00
19880299,mature,1988-04-14 21:00:00,1988-04-15 06:00:00
19880299,decay,1988-04-15 09:00:00,1988-04-17 09:00:00
19880302,incipient,1988-04-14 06:00:00,1988-04-15 00:00:00
19880302,intensification,1988-04-15 03:00:00,1988-04-16 18:00:00
19880302,mature,1988-04-16 21:00:00,1988-04-17 06:00:00
19880302,decay,1988-04-17 09:00:00,1988-04-18 21:00:00
19880316,intensification,1988-04-17 09:00:00,1988-04-17 15:00:00
19880316,mature,1988-04-17 18:00:00,1988-04-17 21:00:00
19880316,decay,1988-04-18 00:00:00,1988-04-19 03:00:00
19880329,decay,1988-04-21 06:00:00,1988-04-21 18:00:00
19880329,intensification,1988-04-21 21:00:00,1988-04-21 21:00:00
19880329,decay 2,1988-04-22 00:00:00,1988-04-22 18:00:00
19880333,incipient,1988-04-22 12:00:00,1988-04-22 15:00:00
19880333,intensification,1988-04-22 18:00:00,1988-04-23 06:00:00
19880333,mature,1988-04-23 09:00:00,1988-04-23 15:00:00
19880333,decay,1988-04-23 18:00:00,1988-04-24 15:00:00
19880341,incipient,1988-04-24 12:00:00,1988-04-24 12:00:00
19880341,intensification,1988-04-24 15:00:00,1988-04-25 06:00:00
19880341,mature,1988-04-25 09:00:00,1988-04-25 12:00:00
19880341,decay,1988-04-25 15:00:00,1988-04-26 21:00:00
19880345,incipient,1988-04-26 00:00:00,1988-04-26 06:00:00
19880345,decay,1988-04-26 09:00:00,1988-04-26 12:00:00
19880345,intensification,1988-04-26 15:00:00,1988-04-26 15:00:00
19880345,decay 2,1988-04-26 18:00:00,1988-04-26 21:00:00
19880364,incipient,1988-04-30 03:00:00,1988-04-30 09:00:00
19880364,intensification,1988-04-30 12:00:00,1988-05-01 15:00:00
19880364,mature,1988-05-01 18:00:00,1988-05-02 00:00:00
19880364,decay,1988-05-02 03:00:00,1988-05-03 00:00:00
19880364,residual,1988-05-03 03:00:00,1988-05-03 18:00:00
19880367,intensification,1988-04-30 18:00:00,1988-05-01 06:00:00
19880367,decay,1988-05-01 09:00:00,1988-05-02 03:00:00
19880377,intensification,1988-05-02 18:00:00,1988-05-03 00:00:00
19880377,decay,1988-05-03 03:00:00,1988-05-03 15:00:00
19880395,incipient,1988-05-08 06:00:00,1988-05-08 12:00:00
19880395,intensification,1988-05-08 15:00:00,1988-05-12 12:00:00
19880395,mature,1988-05-12 15:00:00,1988-05-13 09:00:00
19880395,decay,1988-05-13 12:00:00,1988-05-14 21:00:00
19880407,incipient,1988-05-13 12:00:00,1988-05-14 09:00:00
19880407,intensification,1988-05-14 12:00:00,1988-05-16 21:00:00
19880407,mature,1988-05-17 00:00:00,1988-05-17 15:00:00
19880407,decay,1988-05-17 18:00:00,1988-05-19 18:00:00
19880411,incipient,1988-05-15 00:00:00,1988-05-15 00:00:00
19880411,intensification,1988-05-15 03:00:00,1988-05-16 06:00:00
19880411,mature,1988-05-16 09:00:00,1988-05-16 15:00:00
19880411,decay,1988-05-16 18:00:00,1988-05-17 15:00:00
19880434,incipient,1988-05-23 00:00:00,1988-05-23 06:00:00
19880434,intensification,1988-05-23 09:00:00,1988-05-24 15:00:00
19880434,mature,1988-05-24 18:00:00,1988-05-25 03:00:00
19880434,decay,1988-05-25 06:00:00,1988-05-26 21:00:00
19880438,incipient,1988-05-23 12:00:00,1988-05-23 12:00:00
19880438,intensification,1988-05-23 15:00:00,1988-05-24 03:00:00
19880438,mature,1988-05-24 06:00:00,1988-05-24 09:00:00
19880438,decay,1988-05-24 12:00:00,1988-05-25 21:00:00
19880444,incipient,1988-05-26 03:00:00,1988-05-26 06:00:00
19880444,intensification,1988-05-26 09:00:00,1988-05-27 12:00:00
19880444,mature,1988-05-27 15:00:00,1988-05-27 21:00:00
19880444,decay,1988-05-28 00:00:00,1988-05-30 09:00:00
19880461,intensification,1988-05-30 12:00:00,1988-05-30 15:00:00
19880461,decay,1988-05-30 18:00:00,1988-05-31 21:00:00
19880479,decay,1988-06-03 06:00:00,1988-06-04 03:00:00
19880481,incipient,1988-06-03 12:00:00,1988-06-03 21:00:00
19880481,intensification,1988-06-04 00:00:00,1988-06-05 12:00:00
19880481,mature,1988-06-05 15:00:00,1988-06-05 21:00:00
19880481,decay,1988-06-06 00:00:00,1988-06-06 15:00:00
19880482,incipient,1988-06-04 15:00:00,1988-06-04 21:00:00
19880482,decay,1988-06-05 00:00:00,1988-06-05 12:00:00
19880482,intensification,1988-06-05 15:00:00,1988-06-05 18:00:00
19880482,decay 2,1988-06-05 21:00:00,1988-06-06 06:00:00
19880490,incipient,1988-06-07 18:00:00,1988-06-08 09:00:00
19880490,intensification,1988-06-08 12:00:00,1988-06-11 03:00:00
19880490,mature,1988-06-11 06:00:00,1988-06-12 09:00:00
19880490,decay,1988-06-12 12:00:00,1988-06-18 09:00:00
19880496,incipient,1988-06-11 06:00:00,1988-06-11 18:00:00
19880496,intensification,1988-06-11 21:00:00,1988-06-12 21:00:00
19880496,mature,1988-06-13 00:00:00,1988-06-13 06:00:00
19880496,decay,1988-06-13 09:00:00,1988-06-14 03:00:00
19880513,incipient,1988-06-15 00:00:00,1988-06-15 03:00:00
19880513,intensification,1988-06-15 06:00:00,1988-06-16 09:00:00
19880513,mature,1988-06-16 12:00:00,1988-06-16 21:00:00
19880513,decay,1988-06-17 00:00:00,1988-06-19 09:00:00
19880514,intensification,1988-06-15 15:00:00,1988-06-16 09:00:00
19880514,mature,1988-06-16 12:00:00,1988-06-16 15:00:00
19880514,decay,1988-06-16 18:00:00,1988-06-17 06:00:00
19880519,intensification,1988-06-17 06:00:00,1988-06-17 15:00:00
19880519,mature,1988-06-17 18:00:00,1988-06-17 21:00:00
19880519,decay,1988-06-18 00:00:00,1988-06-19 09:00:00
19880525,incipient,1988-06-18 18:00:00,1988-06-19 00:00:00
19880525,intensification,1988-06-19 03:00:00,1988-06-21 00:00:00
19880525,mature,1988-06-21 03:00:00,1988-06-21 12:00:00
19880525,decay,1988-06-21 15:00:00,1988-06-23 06:00:00
19880528,incipient,1988-06-20 06:00:00,1988-06-20 18:00:00
19880528,intensification,1988-06-20 21:00:00,1988-06-22 18:00:00
19880528,mature,1988-06-22 21:00:00,1988-06-23 06:00:00
19880528,decay,1988-06-23 09:00:00,1988-06-24 09:00:00
19880547,incipient,1988-06-24 15:00:00,1988-06-24 18:00:00
19880547,decay,1988-06-24 21:00:00,1988-06-25 06:00:00
19880547,intensification,1988-06-25 09:00:00,1988-06-25 09:00:00
19880547,decay 2,1988-06-25 12:00:00,1988-06-25 18:00:00
19880548,decay,1988-06-25 12:00:00,1988-06-25 15:00:00
19880548,intensification,1988-06-25 18:00:00,1988-06-26 06:00:00
19880548,decay 2,1988-06-26 09:00:00,1988-06-26 21:00:00
19880551,intensification,1988-06-26 03:00:00,1988-06-26 15:00:00
19880551,mature,1988-06-26 18:00:00,1988-06-27 00:00:00
19880551,decay,1988-06-27 03:00:00,1988-06-28 21:00:00
19880558,incipient,1988-06-27 09:00:00,1988-06-27 12:00:00
19880558,intensification,1988-06-27 15:00:00,1988-06-28 18:00:00
19880558,mature,1988-06-28 21:00:00,1988-06-29 06:00:00
19880558,decay,1988-06-29 09:00:00,1988-07-01 15:00:00
19880563,incipient,1988-06-28 09:00:00,1988-06-28 09:00:00
19880563,intensification,1988-06-28 12:00:00,1988-06-29 18:00:00
19880563,mature,1988-06-29 21:00:00,1988-06-30 06:00:00
19880563,decay,1988-06-30 09:00:00,1988-07-02 06:00:00
19880579,incipient,1988-07-03 00:00:00,1988-07-03 09:00:00
19880579,decay,1988-07-03 12:00:00,1988-07-03 15:00:00
19880579,intensification,1988-07-03 18:00:00,1988-07-03 21:00:00
19880579,decay 2,1988-07-04 00:00:00,1988-07-04 03:00:00
19880581,intensification,1988-07-03 03:00:00,1988-07-03 21:00:00
19880581,mature,1988-07-04 00:00:00,1988-07-04 06:00:00
19880581,decay,1988-07-04 09:00:00,1988-07-06 00:00:00
19880581,intensification 2,1988-07-06 03:00:00,1988-07-08 12:00:00
19880581,mature 2,1988-07-08 15:00:00,1988-07-09 00:00:00
19880581,decay 2,1988-07-09 03:00:00,1988-07-10 00:00:00
19880595,incipient,1988-07-08 12:00:00,1988-07-08 18:00:00
19880595,decay,1988-07-08 21:00:00,1988-07-10 06:00:00
19880595,intensification,1988-07-10 09:00:00,1988-07-11 21:00:00
19880598,intensification,1988-07-09 12:00:00,1988-07-09 18:00:00
19880598,mature,1988-07-09 21:00:00,1988-07-10 00:00:00
19880598,decay,1988-07-10 03:00:00,1988-07-10 21:00:00
19880609,decay,1988-07-13 00:00:00,1988-07-13 06:00:00
19880609,intensification,1988-07-13 09:00:00,1988-07-13 15:00:00
19880609,decay 2,1988-07-13 18:00:00,1988-07-14 09:00:00
19880621,incipient,1988-07-17 00:00:00,1988-07-17 12:00:00
19880621,intensification,1988-07-17 15:00:00,1988-07-19 15:00:00
19880621,mature,1988-07-19 18:00:00,1988-07-20 06:00:00
19880621,decay,1988-07-20 09:00:00,1988-07-21 15:00:00
19880627,incipient,1988-07-18 03:00:00,1988-07-18 03:00:00
19880627,decay,1988-07-18 06:00:00,1988-07-18 18:00:00
19880627,intensification,1988-07-18 21:00:00,1988-07-20 00:00:00
19880627,mature,1988-07-20 03:00:00,1988-07-20 09:00:00
19880627,decay 2,1988-07-20 12:00:00,1988-07-21 12:00:00
19880632,incipient,1988-07-19 12:00:00,1988-07-19 12:00:00
19880632,decay,1988-07-19 15:00:00,1988-07-20 15:00:00
19880632,intensification,1988-07-20 18:00:00,1988-07-22 09:00:00
19880632,mature,1988-07-22 12:00:00,1988-07-23 00:00:00
19880632,decay 2,1988-07-23 03:00:00,1988-07-25 06:00:00
19880633,intensification,1988-07-20 15:00:00,1988-07-21 00:00:00
19880633,decay,1988-07-21 03:00:00,1988-07-21 21:00:00
19880645,intensification,1988-07-22 18:00:00,1988-07-23 00:00:00
19880645,mature,1988-07-23 03:00:00,1988-07-23 06:00:00
19880645,decay,1988-07-23 09:00:00,1988-07-24 03:00:00
19880648,incipient,1988-07-24 06:00:00,1988-07-25 00:00:00
19880648,intensification,1988-07-25 03:00:00,1988-07-27 06:00:00
19880648,mature,1988-07-27 09:00:00,1988-07-28 06:00:00
19880648,decay,1988-07-28 09:00:00,1988-07-31 21:00:00
19880650,incipient,1988-07-24 18:00:00,1988-07-25 06:00:00
19880650,intensification,1988-07-25 09:00:00,1988-07-27 06:00:00
19880650,mature,1988-07-27 09:00:00,1988-07-28 03:00:00
19880650,decay,1988-07-28 06:00:00,1988-07-30 21:00:00
19880662,decay,1988-07-29 03:00:00,1988-07-29 18:00:00
19880662,intensification,1988-07-29 21:00:00,1988-07-31 09:00:00
19880662,mature,1988-07-31 12:00:00,1988-07-31 18:00:00
19880662,decay 2,1988-07-31 21:00:00,1988-08-01 21:00:00
19880666,incipient,1988-07-30 12:00:00,1988-07-31 03:00:00
19880666,intensification,1988-07-31 06:00:00,1988-08-01 15:00:00
19880666,mature,1988-08-01 18:00:00,1988-08-02 03:00:00
19880666,decay,1988-08-02 06:00:00,1988-08-03 15:00:00
19880667,incipient,1988-07-30 18:00:00,1988-07-31 00:00:00
19880667,intensification,1988-07-31 03:00:00,1988-08-01 06:00:00
19880667,mature,1988-08-01 09:00:00,1988-08-01 12:00:00
19880667,decay,1988-08-01 15:00:00,1988-08-02 00:00:00
19880668,incipient,1988-07-31 00:00:00,1988-07-31 03:00:00
19880668,decay,1988-07-31 06:00:00,1988-07-31 18:00:00
19880668,intensification,1988-07-31 21:00:00,1988-08-01 03:00:00
19880698,incipient,1988-08-08 03:00:00,1988-08-09 03:00:00
19880698,intensification,1988-08-09 06:00:00,1988-08-11 09:00:00
19880698,mature,1988-08-11 12:00:00,1988-08-12 00:00:00
19880698,decay,1988-08-12 03:00:00,1988-08-13 15:00:00
19880710,intensification,1988-08-11 06:00:00,1988-08-11 18:00:00
19880710,mature,1988-08-11 21:00:00,1988-08-12 00:00:00
19880710,decay,1988-08-12 03:00:00,1988-08-13 18:00:00
19890008,intensification,1989-01-01 15:00:00,1989-01-03 03:00:00
19890008,mature,1989-01-03 06:00:00,1989-01-03 18:00:00
19890008,decay,1989-01-03 21:00:00,1989-01-06 09:00:00
19890008,intensification 2,1989-01-06 12:00:00,1989-01-09 06:00:00
19890008,mature 2,1989-01-09 09:00:00,1989-01-10 03:00:00
19890008,decay 2,1989-01-10 06:00:00,1989-01-12 18:00:00
19890010,intensification,1989-01-02 12:00:00,1989-01-03 12:00:00
19890010,mature,1989-01-03 15:00:00,1989-01-03 21:00:00
19890010,decay,1989-01-04 00:00:00,1989-01-05 03:00:00
19890010,residual,1989-01-05 06:00:00,1989-01-07 03:00:00
19890014,incipient,1989-01-03 06:00:00,1989-01-03 12:00:00
19890014,intensification,1989-01-03 15:00:00,1989-01-05 00:00:00
19890014,mature,1989-01-05 03:00:00,1989-01-05 18:00:00
19890014,decay,1989-01-05 21:00:00,1989-01-08 15:00:00
19890017,incipient,1989-01-05 03:00:00,1989-01-05 18:00:00
19890017,intensification,1989-01-05 21:00:00,1989-01-11 03:00:00
19890017,mature,1989-01-11 06:00:00,1989-01-12 09:00:00
19890017,decay,1989-01-12 12:00:00,1989-01-15 00:00:00
19890022,incipient,1989-01-08 09:00:00,1989-01-08 09:00:00
19890022,decay,1989-01-08 12:00:00,1989-01-08 18:00:00
19890022,intensification,1989-01-08 21:00:00,1989-01-09 00:00:00
19890022,decay 2,1989-01-09 03:00:00,1989-01-09 15:00:00
19890023,incipient,1989-01-08 12:00:00,1989-01-08 18:00:00
19890023,intensification,1989-01-08 21:00:00,1989-01-09 09:00:00
19890023,mature,1989-01-09 12:00:00,1989-01-09 15:00:00
19890023,decay,1989-01-09 18:00:00,1989-01-10 03:00:00
19890028,incipient,1989-01-10 12:00:00,1989-01-10 18:00:00
19890028,intensification,1989-01-10 21:00:00,1989-01-12 09:00:00
19890028,mature,1989-01-12 12:00:00,1989-01-12 21:00:00
19890028,decay,1989-01-13 00:00:00,1989-01-14 15:00:00
19890032,incipient,1989-01-11 06:00:00,1989-01-12 00:00:00
19890032,intensification,1989-01-12 03:00:00,1989-01-13 09:00:00
19890032,mature,1989-01-13 12:00:00,1989-01-13 21:00:00
19890032,decay,1989-01-14 00:00:00,1989-01-15 00:00:00
19890039,intensification,1989-01-13 12:00:00,1989-01-13 15:00:00
19890039,decay,1989-01-13 18:00:00,1989-01-14 09:00:00
19890041,intensification,1989-01-14 09:00:00,1989-01-15 18:00:00
19890041,mature,1989-01-15 21:00:00,1989-01-16 15:00:00
19890041,decay,1989-01-16 18:00:00,1989-01-21 00:00:00
19890049,intensification,1989-01-17 00:00:00,1989-01-17 18:00:00
19890049,mature,1989-01-17 21:00:00,1989-01-18 06:00:00
19890049,decay,1989-01-18 09:00:00,1989-01-21 03:00:00
19890053,incipient,1989-01-19 06:00:00,1989-01-19 09:00:00
19890053,intensification,1989-01-19 12:00:00,1989-01-21 15:00:00
19890053,mature,1989-01-21 18:00:00,1989-01-22 03:00:00
19890053,decay,1989-01-22 06:00:00,1989-01-23 15:00:00
19890055,incipient,1989-01-20 12:00:00,1989-01-20 21:00:00
19890055,intensification,1989-01-21 00:00:00,1989-01-22 18:00:00
19890055,mature,1989-01-22 21:00:00,1989-01-23 06:00:00
19890055,decay,1989-01-23 09:00:00,1989-01-24 18:00:00
19890055,intensification 2,1989-01-24 21:00:00,1989-01-26 18:00:00
19890055,mature 2,1989-01-26 21:00:00,1989-01-27 09:00:00
19890055,decay 2,1989-01-27 12:00:00,1989-01-29 18:00:00
19890058,intensification,1989-01-21 00:00:00,1989-01-23 06:00:00
19890058,mature,1989-01-23 09:00:00,1989-01-23 18:00:00
19890058,decay,1989-01-23 21:00:00,1989-01-25 09:00:00
19890060,incipient,1989-01-22 15:00:00,1989-01-22 21:00:00
19890060,decay,1989-01-23 00:00:00,1989-01-23 06:00:00
19890060,intensification,1989-01-23 09:00:00,1989-01-23 12:00:00
19890060,decay 2,1989-01-23 15:00:00,1989-01-23 18:00:00
19890066,incipient,1989-01-25 00:00:00,1989-01-25 06:00:00
19890066,intensification,1989-01-25 09:00:00,1989-01-26 06:00:00
19890066,mature,1989-01-26 09:00:00,1989-01-26 18:00:00
19890066,decay,1989-01-26 21:00:00,1989-01-29 09:00:00
19890075,incipient,1989-01-27 00:00:00,1989-01-27 15:00:00
19890075,intensification,1989-01-27 18:00:00,1989-01-29 09:00:00
19890075,mature,1989-01-29 12:00:00,1989-01-29 21:00:00
19890075,decay,1989-01-30 00:00:00,1989-01-31 09:00:00
19890079,incipient,1989-01-29 12:00:00,1989-01-29 18:00:00
19890079,intensification,1989-01-29 21:00:00,1989-02-01 09:00:00
19890079,mature,1989-02-01 12:00:00,1989-02-02 00:00:00
19890079,decay,1989-02-02 03:00:00,1989-02-03 03:00:00
19890082,incipient,1989-01-30 03:00:00,1989-01-30 09:00:00
19890082,intensification,1989-01-30 12:00:00,1989-02-01 18:00:00
19890082,mature,1989-02-01 21:00:00,1989-02-02 09:00:00
19890082,decay,1989-02-02 12:00:00,1989-02-03 21:00:00
19890094,intensification,1989-02-02 12:00:00,1989-02-03 09:00:00
19890100,incipient,1989-02-04 00:00:00,1989-02-04 03:00:00
19890100,intensification,1989-02-04 06:00:00,1989-02-05 03:00:00
19890100,mature,1989-02-05 06:00:00,1989-02-05 15:00:00
19890100,decay,1989-02-05 18:00:00,1989-02-07 21:00:00
19890104,incipient,1989-02-05 00:00:00,1989-02-05 06:00:00
19890104,decay,1989-02-05 09:00:00,1989-02-06 00:00:00
19890104,intensification,1989-02-06 03:00:00,1989-02-06 12:00:00
19890108,incipient,1989-02-06 06:00:00,1989-02-06 18:00:00
19890108,intensification,1989-02-06 21:00:00,1989-02-09 00:00:00
19890108,mature,1989-02-09 03:00:00,1989-02-10 03:00:00
19890108,decay,1989-02-10 06:00:00,1989-02-14 12:00:00
19890138,incipient,1989-02-15 15:00:00,1989-02-15 21:00:00
19890138,intensification,1989-02-16 00:00:00,1989-02-16 15:00:00
19890138,mature,1989-02-16 18:00:00,1989-02-16 21:00:00
19890138,decay,1989-02-17 00:00:00,1989-02-17 06:00:00
19890139,incipient,1989-02-16 12:00:00,1989-02-17 00:00:00
19890139,intensification,1989-02-17 03:00:00,1989-02-18 09:00:00
19890139,mature,1989-02-18 12:00:00,1989-02-18 21:00:00
19890139,decay,1989-02-19 00:00:00,1989-02-19 21:00:00
19890146,incipient,1989-02-17 15:00:00,1989-02-17 15:00:00
19890146,intensification,1989-02-17 18:00:00,1989-02-19 06:00:00
19890146,mature,1989-02-19 09:00:00,1989-02-19 18:00:00
19890146,decay,1989-02-19 21:00:00,1989-02-24 00:00:00
19890152,incipient,1989-02-20 12:00:00,1989-02-21 06:00:00
19890152,intensification,1989-02-21 09:00:00,1989-02-25 15:00:00
19890152,mature,1989-02-25 18:00:00,1989-02-26 18:00:00
19890152,decay,1989-02-26 21:00:00,1989-02-28 12:00:00
19890157,intensification,1989-02-21 03:00:00,1989-02-21 09:00:00
19890157,decay,1989-02-21 12:00:00,1989-02-22 06:00:00
19890164,incipient,1989-02-24 09:00:00,1989-02-24 15:00:00
19890164,intensification,1989-02-24 18:00:00,1989-02-26 21:00:00
19890164,mature,1989-02-27 00:00:00,1989-02-27 12:00:00
19890164,decay,1989-02-27 15:00:00,1989-02-28 15:00:00
19890168,intensification,1989-02-26 03:00:00,1989-02-26 18:00:00
19890168,decay,1989-02-26 21:00:00,1989-02-27 09:00:00
19890178,incipient,1989-03-01 06:00:00,1989-03-01 12:00:00
19890178,intensification,1989-03-01 15:00:00,1989-03-02 06:00:00
19890178,mature,1989-03-02 09:00:00,1989-03-02 12:00:00
19890178,decay,1989-03-02 15:00:00,1989-03-03 03:00:00
19890180,incipient,1989-03-01 15:00:00,1989-03-01 18:00:00
19890180,intensification,1989-03-01 21:00:00,1989-03-04 00:00:00
19890180,mature,1989-03-04 03:00:00,1989-03-04 12:00:00
19890180,decay,1989-03-04 15:00:00,1989-03-05 18:00:00
19890192,intensification,1989-03-05 18:00:00,1989-03-08 06:00:00
19890192,mature,1989-03-08 09:00:00,1989-03-08 21:00:00
19890192,decay,1989-03-09 00:00:00,1989-03-11 06:00:00
19890192,intensification 2,1989-03-11 09:00:00,1989-03-16 12:00:00
19890192,mature 2,1989-03-16 15:00:00,1989-03-17 15:00:00
19890192,decay 2,1989-03-17 18:00:00,1989-03-20 06:00:00
19890206,incipient,1989-03-09 18:00:00,1989-03-10 00:00:00
19890206,intensification,1989-03-10 03:00:00,1989-03-11 12:00:00
19890206,mature,1989-03-11 15:00:00,1989-03-12 03:00:00
19890206,decay,1989-03-12 06:00:00,1989-03-14 15:00:00
19890207,intensification,1989-03-10 06:00:00,1989-03-10 09:00:00
19890207,decay,1989-03-10 12:00:00,1989-03-11 06:00:00
19890222,incipient,1989-03-15 03:00:00,1989-03-15 06:00:00
19890222,decay,1989-03-15 09:00:00,1989-03-16 00:00:00
19890222,intensification,1989-03-16 03:00:00,1989-03-16 06:00:00
19890229,decay,1989-03-16 12:00:00,1989-03-22 12:00:00
19890229,residual,1989-03-22 15:00:00,1989-03-22 15:00:00
19890240,intensification,1989-03-19 15:00:00,1989-03-20 09:00:00
19890240,mature,1989-03-20 12:00:00,1989-03-20 18:00:00
19890240,decay,1989-03-20 21:00:00,1989-03-22 12:00:00
19890246,intensification,1989-03-20 15:00:00,1989-03-20 21:00:00
19890246,decay,1989-03-21 00:00:00,1989-03-21 12:00:00
19890251,incipient,1989-03-22 00:00:00,1989-03-22 00:00:00
19890251,decay,1989-03-22 03:00:00,1989-03-22 12:00:00
19890251,intensification,1989-03-22 15:00:00,1989-03-22 15:00:00
19890251,decay 2,1989-03-22 18:00:00,1989-03-23 06:00:00
19890269,incipient,1989-03-28 12:00:00,1989-03-29 00:00:00
19890269,intensification,1989-03-29 03:00:00,1989-03-30 00:00:00
19890269,mature,1989-03-30 03:00:00,1989-03-30 06:00:00
19890269,decay,1989-03-30 09:00:00,1989-03-30 18:00:00
19890281,incipient,1989-04-01 15:00:00,1989-04-02 21:00:00
19890281,intensification,1989-04-03 00:00:00,1989-04-05 09:00:00
19890281,mature,1989-04-05 12:00:00,1989-04-06 06:00:00
19890281,decay,1989-04-06 09:00:00,1989-04-08 00:00:00
19890284,incipient,1989-04-02 09:00:00,1989-04-02 15:00:00
19890284,intensification,1989-04-02 18:00:00,1989-04-07 09:00:00
19890284,mature,1989-04-07 12:00:00,1989-04-08 06:00:00
19890284,decay,1989-04-08 09:00:00,1989-04-11 15:00:00
19890289,intensification,1989-04-04 06:00:00,1989-04-05 09:00:00
19890289,mature,1989-04-05 12:00:00,1989-04-06 03:00:00
19890289,decay,1989-04-06 06:00:00,1989-04-09 18:00:00
19890304,incipient,1989-04-08 03:00:00,1989-04-08 03:00:00
19890304,intensification,1989-04-08 06:00:00,1989-04-09 06:00:00
19890304,mature,1989-04-09 09:00:00,1989-04-09 12:00:00
19890304,decay,1989-04-09 15:00:00,1989-04-10 06:00:00
19890312,incipient,1989-04-10 03:00:00,1989-04-10 03:00:00
19890312,intensification,1989-04-10 06:00:00,1989-04-12 18:00:00
19890312,mature,1989-04-12 21:00:00,1989-04-13 12:00:00
19890312,decay,1989-04-13 15:00:00,1989-04-15 15:00:00
19890319,intensification,1989-04-11 06:00:00,1989-04-13 06:00:00
19890319,mature,1989-04-13 09:00:00,1989-04-13 18:00:00
19890319,decay,1989-04-13 21:00:00,1989-04-15 00:00:00
19890319,residual,1989-04-15 03:00:00,1989-04-18 09:00:00
19890324,incipient,1989-04-14 00:00:00,1989-04-14 06:00:00
19890324,intensification,1989-04-14 09:00:00,1989-04-16 06:00:00
19890324,mature,1989-04-16 09:00:00,1989-04-16 18:00:00
19890324,decay,1989-04-16 21:00:00,1989-04-17 18:00:00
19890324,intensification 2,1989-04-17 21:00:00,1989-04-21 09:00:00
19890324,mature 2,1989-04-21 12:00:00,1989-04-22 06:00:00
19890324,decay 2,1989-04-22 09:00:00,1989-04-24 21:00:00
19890330,incipient,1989-04-15 12:00:00,1989-04-15 18:00:00
19890330,intensification,1989-04-15 21:00:00,1989-04-16 21:00:00
19890330,mature,1989-04-17 00:00:00,1989-04-17 12:00:00
19890330,decay,1989-04-17 15:00:00,1989-04-20 06:00:00
19890334,incipient,1989-04-17 18:00:00,1989-04-18 00:00:00
19890334,intensification,1989-04-18 03:00:00,1989-04-18 03:00:00
19890334,decay,1989-04-18 06:00:00,1989-04-18 12:00:00
19890334,intensification 2,1989-04-18 15:00:00,1989-04-18 18:00:00
19890340,incipient,1989-04-19 15:00:00,1989-04-20 00:00:00
19890340,intensification,1989-04-20 03:00:00,1989-04-21 06:00:00
19890340,mature,1989-04-21 09:00:00,1989-04-21 15:00:00
19890340,decay,1989-04-21 18:00:00,1989-04-23 06:00:00
19890342,incipient,1989-04-20 15:00:00,1989-04-20 18:00:00
19890342,intensification,1989-04-20 21:00:00,1989-04-21 21:00:00
19890342,mature,1989-04-22 00:00:00,1989-04-22 03:00:00
19890342,decay,1989-04-22 06:00:00,1989-04-22 15:00:00
19890342,intensification 2,1989-04-22 18:00:00,1989-04-23 12:00:00
19890342,mature 2,1989-04-23 15:00:00,1989-04-23 18:00:00
19890342,decay 2,1989-04-23 21:00:00,1989-04-24 09:00:00
19890359,intensification,1989-04-27 06:00:00,1989-04-27 21:00:00
19890359,mature,1989-04-28 00:00:00,1989-04-28 03:00:00
19890359,decay,1989-04-28 06:00:00,1989-04-29 03:00:00
19890359,residual,1989-04-29 06:00:00,1989-04-29 09:00:00
19890362,intensification,1989-04-28 15:00:00,1989-04-29 03:00:00
19890362,mature,1989-04-29 06:00:00,1989-04-29 12:00:00
19890362,decay,1989-04-29 15:00:00,1989-05-01 09:00:00
19890369,decay,1989-04-30 00:00:00,1989-04-30 21:00:00
19890372,incipient,1989-05-01 00:00:00,1989-05-01 06:00:00
19890372,intensification,1989-05-01 09:00:00,1989-05-02 12:00:00
19890372,mature,1989-05-02 15:00:00,1989-05-03 00:00:00
19890372,decay,1989-05-03 03:00:00,1989-05-05 06:00:00
19890381,incipient,1989-05-03 09:00:00,1989-05-05 03:00:00
19890381,intensification,1989-05-05 06:00:00,1989-05-09 09:00:00
19890381,mature,1989-05-09 12:00:00,1989-05-11 09:00:00
19890381,decay,1989-05-11 12:00:00,1989-05-18 09:00:00
19890383,incipient,1989-05-03 15:00:00,1989-05-04 03:00:00
19890383,intensification,1989-05-04 06:00:00,1989-05-05 18:00:00
19890383,mature,1989-05-05 21:00:00,1989-05-06 06:00:00
19890383,decay,1989-05-06 09:00:00,1989-05-07 21:00:00
19890398,incipient,1989-05-08 09:00:00,1989-05-08 15:00:00
19890398,intensification,1989-05-08 18:00:00,1989-05-10 00:00:00
19890398,mature,1989-05-10 03:00:00,1989-05-10 12:00:00
19890398,decay,1989-05-10 15:00:00,1989-05-12 06:00:00
19890399,intensification,1989-05-08 09:00:00,1989-05-08 12:00:00
19890399,decay,1989-05-08 15:00:00,1989-05-09 06:00:00
19890430,incipient,1989-05-17 06:00:00,1989-05-18 00:00:00
19890430,intensification,1989-05-18 03:00:00,1989-05-19 21:00:00
19890430,mature,1989-05-20 00:00:00,1989-05-20 12:00:00
19890430,decay,1989-05-20 15:00:00,1989-05-21 09:00:00
19890441,incipient,1989-05-20 12:00:00,1989-05-21 00:00:00
19890441,intensification,1989-05-21 03:00:00,1989-05-23 18:00:00
19890441,mature,1989-05-23 21:00:00,1989-05-24 09:00:00
19890441,decay,1989-05-24 12:00:00,1989-05-25 06:00:00
19890443,incipient,1989-05-20 18:00:00,1989-05-21 06:00:00
19890443,intensification,1989-05-21 09:00:00,1989-05-21 09:00:00
19890443,decay,1989-05-21 12:00:00,1989-05-22 03:00:00
19890443,intensification 2,1989-05-22 06:00:00,1989-05-22 18:00:00
19890443,mature,1989-05-22 21:00:00,1989-05-23 00:00:00
19890443,decay 2,1989-05-23 03:00:00,1989-05-23 21:00:00
19890452,incipient,1989-05-24 09:00:00,1989-05-25 03:00:00
19890452,intensification,1989-05-25 06:00:00,1989-05-27 18:00:00
19890452,mature,1989-05-27 21:00:00,1989-05-28 15:00:00
19890452,decay,1989-05-28 18:00:00,1989-06-01 21:00:00
19890462,decay,1989-05-26 12:00:00,1989-05-27 12:00:00
19890465,incipient,1989-05-27 03:00:00,1989-05-27 15:00:00
19890465,intensification,1989-05-27 18:00:00,1989-05-29 06:00:00
19890465,mature,1989-05-29 09:00:00,1989-05-29 21:00:00
19890465,decay,1989-05-30 00:00:00,1989-06-01 00:00:00
19890473,decay,1989-05-29 12:00:00,1989-05-30 12:00:00
19890478,decay,1989-05-30 03:00:00,1989-05-30 18:00:00
19890478,intensification,1989-05-30 21:00:00,1989-05-31 00:00:00
19890480,incipient,1989-05-30 12:00:00,1989-05-31 09:00:00
19890480,decay,1989-05-31 12:00:00,1989-06-01 00:00:00
19890480,intensification,1989-06-01 03:00:00,1989-06-01 18:00:00
19890480,decay 2,1989-06-01 21:00:00,1989-06-02 03:00:00
19890495,intensification,1989-06-03 00:00:00,1989-06-03 18:00:00
19890495,mature,1989-06-03 21:00:00,1989-06-04 00:00:00
19890495,decay,1989-06-04 03:00:00,1989-06-04 09:00:00
19890495,intensification 2,1989-06-04 12:00:00,1989-06-05 03:00:00
19890495,mature 2,1989-06-05 06:00:00,1989-06-05 12:00:00
19890495,decay 2,1989-06-05 15:00:00,1989-06-06 09:00:00
19890501,decay,1989-06-04 12:00:00,1989-06-04 15:00:00
19890501,intensification,1989-06-04 18:00:00,1989-06-05 12:00:00
19890501,mature,1989-06-05 15:00:00,1989-06-05 18:00:00
19890501,decay 2,1989-06-05 21:00:00,1989-06-05 21:00:00
19890504,incipient,1989-06-05 18:00:00,1989-06-06 09:00:00
19890504,intensification,1989-06-06 12:00:00,1989-06-08 09:00:00
19890504,mature,1989-06-08 12:00:00,1989-06-09 06:00:00
19890504,decay,1989-06-09 09:00:00,1989-06-12 12:00:00
19890509,incipient,1989-06-08 00:00:00,1989-06-08 03:00:00
19890509,intensification,1989-06-08 06:00:00,1989-06-10 00:00:00
19890509,mature,1989-06-10 03:00:00,1989-06-10 12:00:00
19890509,decay,1989-06-10 15:00:00,1989-06-11 09:00:00
19890513,incipient,1989-06-09 12:00:00,1989-06-10 00:00:00
19890513,intensification,1989-06-10 03:00:00,1989-06-11 15:00:00
19890513,mature,1989-06-11 18:00:00,1989-06-12 03:00:00
19890513,decay,1989-06-12 06:00:00,1989-06-13 03:00:00
19890523,intensification,1989-06-13 00:00:00,1989-06-13 12:00:00
19890523,decay,1989-06-13 15:00:00,1989-06-14 12:00:00
19890529,incipient,1989-06-14 18:00:00,1989-06-15 00:00:00
19890529,intensification,1989-06-15 03:00:00,1989-06-16 06:00:00
19890529,mature,1989-06-16 09:00:00,1989-06-16 15:00:00
19890529,decay,1989-06-16 18:00:00,1989-06-18 09:00:00
19890534,incipient,1989-06-15 15:00:00,1989-06-15 18:00:00
19890534,intensification,1989-06-15 21:00:00,1989-06-16 09:00:00
19890534,mature,1989-06-16 12:00:00,1989-06-16 18:00:00
19890534,decay,1989-06-16 21:00:00,1989-06-18 00:00:00
19890540,incipient,1989-06-17 06:00:00,1989-06-17 15:00:00
19890540,intensification,1989-06-17 18:00:00,1989-06-18 15:00:00
19890540,mature,1989-06-18 18:00:00,1989-06-19 00:00:00
19890540,decay,1989-06-19 03:00:00,1989-06-19 21:00:00
19890546,intensification,1989-06-18 18:00:00,1989-06-19 15:00:00
19890546,mature,1989-06-19 18:00:00,1989-06-20 03:00:00
19890546,decay,1989-06-20 06:00:00,1989-06-21 21:00:00
19890546,intensification 2,1989-06-22 00:00:00,1989-06-23 03:00:00
19890546,mature 2,1989-06-23 06:00:00,1989-06-23 18:00:00
19890546,decay 2,1989-06-23 21:00:00,1989-06-26 18:00:00
19890558,intensification,1989-06-22 00:00:00,1989-06-23 06:00:00
19890558,mature,1989-06-23 09:00:00,1989-06-23 18:00:00
19890558,decay,1989-06-23 21:00:00,1989-06-25 15:00:00
19890558,intensification 2,1989-06-25 18:00:00,1989-06-26 15:00:00
19890558,mature 2,1989-06-26 18:00:00,1989-06-27 00:00:00
19890558,decay 2,1989-06-27 03:00:00,1989-06-28 09:00:00
19890559,incipient,1989-06-22 06:00:00,1989-06-23 00:00:00
19890559,intensification,1989-06-23 03:00:00,1989-06-25 06:00:00
19890559,mature,1989-06-25 09:00:00,1989-06-26 03:00:00
19890559,decay,1989-06-26 06:00:00,1989-06-29 15:00:00
19890562,incipient,1989-06-23 00:00:00,1989-06-23 18:00:00
19890562,decay,1989-06-23 21:00:00,1989-06-24 06:00:00
19890562,intensification,1989-06-24 09:00:00,1989-06-24 21:00:00
19890562,decay 2,1989-06-25 00:00:00,1989-06-25 12:00:00
19890568,incipient,1989-06-25 18:00:00,1989-06-25 18:00:00
19890568,intensification,1989-06-25 21:00:00,1989-06-26 12:00:00
19890568,mature,1989-06-26 15:00:00,1989-06-26 18:00:00
19890568,decay,1989-06-26 21:00:00,1989-06-27 00:00:00
19890577,incipient,1989-06-28 00:00:00,1989-06-28 06:00:00
19890577,intensification,1989-06-28 09:00:00,1989-06-29 18:00:00
19890577,mature,1989-06-29 21:00:00,1989-06-30 03:00:00
19890577,decay,1989-06-30 06:00:00,1989-06-30 21:00:00
19890579,decay,1989-06-28 12:00:00,1989-07-02 18:00:00
19890594,incipient,1989-07-02 12:00:00,1989-07-03 00:00:00
19890594,intensification,1989-07-03 03:00:00,1989-07-04 09:00:00
19890594,mature,1989-07-04 12:00:00,1989-07-05 00:00:00
19890594,decay,1989-07-05 03:00:00,1989-07-06 21:00:00
19890595,incipient,1989-07-03 18:00:00,1989-07-04 00:00:00
19890595,decay,1989-07-04 03:00:00,1989-07-04 06:00:00
19890595,intensification,1989-07-04 09:00:00,1989-07-04 12:00:00
19890595,decay 2,1989-07-04 15:00:00,1989-07-04 18:00:00
19890611,incipient,1989-07-08 00:00:00,1989-07-08 06:00:00
19890611,intensification,1989-07-08 09:00:00,1989-07-13 15:00:00
19890611,mature,1989-07-13 18:00:00,1989-07-14 09:00:00
19890611,decay,1989-07-14 12:00:00,1989-07-16 03:00:00
19890626,incipient,1989-07-11 18:00:00,1989-07-11 21:00:00
19890626,intensification,1989-07-12 00:00:00,1989-07-12 12:00:00
19890626,mature,1989-07-12 15:00:00,1989-07-12 21:00:00
19890626,decay,1989-07-13 00:00:00,1989-07-14 06:00:00
19890646,incipient,1989-07-17 06:00:00,1989-07-17 15:00:00
19890646,intensification,1989-07-17 18:00:00,1989-07-22 03:00:00
19890646,mature,1989-07-22 06:00:00,1989-07-22 15:00:00
19890646,decay,1989-07-22 18:00:00,1989-07-24 21:00:00
19890683,incipient,1989-07-28 00:00:00,1989-07-28 06:00:00
19890683,intensification,1989-07-28 09:00:00,1989-07-29 09:00:00
19890683,mature,1989-07-29 12:00:00,1989-07-29 18:00:00
19890683,decay,1989-07-29 21:00:00,1989-07-31 12:00:00
19890691,incipient,1989-07-30 15:00:00,1989-07-30 21:00:00
19890691,intensification,1989-07-31 00:00:00,1989-08-01 09:00:00
19890691,mature,1989-08-01 12:00:00,1989-08-02 00:00:00
19890691,decay,1989-08-02 03:00:00,1989-08-03 21:00:00
19890691,intensification 2,1989-08-04 00:00:00,1989-08-05 12:00:00
19890691,mature 2,1989-08-05 15:00:00,1989-08-06 00:00:00
19890691,decay 2,1989-08-06 03:00:00,1989-08-07 18:00:00
19890698,incipient,1989-08-01 18:00:00,1989-08-01 21:00:00
19890698,decay,1989-08-02 00:00:00,1989-08-02 15:00:00
19890698,intensification,1989-08-02 18:00:00,1989-08-03 15:00:00
19890698,mature,1989-08-03 18:00:00,1989-08-03 21:00:00
19890698,decay 2,1989-08-04 00:00:00,1989-08-04 09:00:00
19890706,incipient,1989-08-03 09:00:00,1989-08-04 06:00:00
19890706,intensification,1989-08-04 09:00:00,1989-08-06 03:00:00
19890706,mature,1989-08-06 06:00:00,1989-08-06 18:00:00
19890706,decay,1989-08-06 21:00:00,1989-08-08 06:00:00
19890708,intensification,1989-08-04 03:00:00,1989-08-05 09:00:00
19890708,mature,1989-08-05 12:00:00,1989-08-06 06:00:00
19890708,decay,1989-08-06 09:00:00,1989-08-11 06:00:00
19890718,intensification,1989-08-07 00:00:00,1989-08-07 06:00:00
19890718,decay,1989-08-07 09:00:00,1989-08-08 03:00:00
19890721,incipient,1989-08-08 03:00:00,1989-08-10 21:00:00
19890721,decay,1989-08-11 00:00:00,1989-08-11 09:00:00
19890721,intensification,1989-08-11 12:00:00,1989-08-14 00:00:00
19890721,mature,1989-08-14 03:00:00,1989-08-14 18:00:00
19890721,decay 2,1989-08-14 21:00:00,1989-08-17 00:00:00
19900005,incipient,1990-01-02 09:00:00,1990-01-02 12:00:00
19900005,intensification,1990-01-02 15:00:00,1990-01-04 09:00:00
19900005,mature,1990-01-04 12:00:00,1990-01-04 21:00:00
19900005,decay,1990-01-05 00:00:00,1990-01-06 15:00:00
19900006,incipient,1990-01-02 12:00:00,1990-01-03 03:00:00
19900006,intensification,1990-01-03 06:00:00,1990-01-06 00:00:00
19900006,mature,1990-01-06 03:00:00,1990-01-06 18:00:00
19900006,decay,1990-01-06 21:00:00,1990-01-09 09:00:00
19900009,incipient,1990-01-03 09:00:00,1990-01-03 09:00:00
19900009,intensification,1990-01-03 12:00:00,1990-01-06 18:00:00
19900009,mature,1990-01-06 21:00:00,1990-01-07 15:00:00
19900009,decay,1990-01-07 18:00:00,1990-01-09 21:00:00
19900015,incipient,1990-01-07 12:00:00,1990-01-07 18:00:00
19900015,intensification,1990-01-07 21:00:00,1990-01-09 09:00:00
19900015,mature,1990-01-09 12:00:00,1990-01-10 03:00:00
19900015,decay,1990-01-10 06:00:00,1990-01-12 21:00:00
19900020,decay,1990-01-08 18:00:00,1990-01-10 03:00:00
19900026,incipient,1990-01-09 15:00:00,1990-01-09 21:00:00
19900026,intensification,1990-01-10 00:00:00,1990-01-10 21:00:00
19900026,mature,1990-01-11 00:00:00,1990-01-11 06:00:00
19900026,decay,1990-01-11 09:00:00,1990-01-13 00:00:00
19900032,incipient,1990-01-11 09:00:00,1990-01-11 09:00:00
19900032,intensification,1990-01-11 12:00:00,1990-01-12 12:00:00
19900032,mature,1990-01-12 15:00:00,1990-01-12 21:00:00
19900032,decay,1990-01-13 00:00:00,1990-01-14 06:00:00
19900037,incipient,1990-01-13 06:00:00,1990-01-13 06:00:00
19900037,intensification,1990-01-13 09:00:00,1990-01-13 15:00:00
19900037,mature,1990-01-13 18:00:00,1990-01-13 21:00:00
19900037,decay,1990-01-14 00:00:00,1990-01-14 18:00:00
19900040,intensification,1990-01-14 12:00:00,1990-01-15 03:00:00
19900040,mature,1990-01-15 06:00:00,1990-01-15 09:00:00
19900040,decay,1990-01-15 12:00:00,1990-01-17 00:00:00
19900044,incipient,1990-01-15 12:00:00,1990-01-15 15:00:00
19900044,decay,1990-01-15 18:00:00,1990-01-16 12:00:00
19900044,intensification,1990-01-16 15:00:00,1990-01-17 06:00:00
19900044,mature,1990-01-17 09:00:00,1990-01-17 12:00:00
19900044,decay 2,1990-01-17 15:00:00,1990-01-18 06:00:00
19900047,incipient,1990-01-16 00:00:00,1990-01-16 15:00:00
19900047,intensification,1990-01-16 18:00:00,1990-01-17 21:00:00
19900047,mature,1990-01-18 00:00:00,1990-01-18 09:00:00
19900047,decay,1990-01-18 12:00:00,1990-01-19 15:00:00
19900058,incipient,1990-01-19 09:00:00,1990-01-19 09:00:00
19900058,intensification,1990-01-19 12:00:00,1990-01-21 00:00:00
19900058,mature,1990-01-21 03:00:00,1990-01-21 15:00:00
19900058,decay,1990-01-21 18:00:00,1990-01-23 18:00:00
19900058,intensification 2,1990-01-23 21:00:00,1990-01-24 21:00:00
19900058,mature 2,1990-01-25 00:00:00,1990-01-25 06:00:00
19900058,decay 2,1990-01-25 09:00:00,1990-01-26 06:00:00
19900062,intensification,1990-01-21 00:00:00,1990-01-22 03:00:00
19900062,mature,1990-01-22 06:00:00,1990-01-22 15:00:00
19900062,decay,1990-01-22 18:00:00,1990-01-24 09:00:00
19900062,intensification 2,1990-01-24 12:00:00,1990-01-26 21:00:00
19900062,mature 2,1990-01-27 00:00:00,1990-01-27 12:00:00
19900062,decay 2,1990-01-27 15:00:00,1990-01-29 12:00:00
19900063,incipient,1990-01-21 12:00:00,1990-01-21 21:00:00
19900063,intensification,1990-01-22 00:00:00,1990-01-23 12:00:00
19900063,mature,1990-01-23 15:00:00,1990-01-24 00:00:00
19900063,decay,1990-01-24 03:00:00,1990-01-25 15:00:00
19900066,incipient,1990-01-23 03:00:00,1990-01-23 15:00:00
19900066,intensification,1990-01-23 18:00:00,1990-01-25 03:00:00
19900066,mature,1990-01-25 06:00:00,1990-01-25 15:00:00
19900066,decay,1990-01-25 18:00:00,1990-01-27 09:00:00
19900067,incipient,1990-01-23 12:00:00,1990-01-23 15:00:00
19900067,intensification,1990-01-23 18:00:00,1990-01-24 06:00:00
19900067,mature,1990-01-24 09:00:00,1990-01-24 15:00:00
19900067,decay,1990-01-24 18:00:00,1990-01-25 12:00:00
19900067,residual,1990-01-25 15:00:00,1990-01-26 15:00:00
19900070,incipient,1990-01-24 06:00:00,1990-01-25 00:00:00
19900070,intensification,1990-01-25 03:00:00,1990-01-26 21:00:00
19900070,mature,1990-01-27 00:00:00,1990-01-27 12:00:00
19900070,decay,1990-01-27 15:00:00,1990-01-28 21:00:00
19900071,intensification,1990-01-25 09:00:00,1990-01-25 21:00:00
19900071,mature,1990-01-26 00:00:00,1990-01-26 03:00:00
19900071,decay,1990-01-26 06:00:00,1990-01-27 06:00:00
19900079,decay,1990-01-28 06:00:00,1990-01-29 03:00:00
19900079,intensification,1990-01-29 06:00:00,1990-02-01 12:00:00
19900079,mature,1990-02-01 15:00:00,1990-02-02 18:00:00
19900079,decay 2,1990-02-02 21:00:00,1990-02-08 03:00:00
19900084,incipient,1990-01-29 15:00:00,1990-01-29 18:00:00
19900084,decay,1990-01-29 21:00:00,1990-01-30 06:00:00
19900084,intensification,1990-01-30 09:00:00,1990-01-30 15:00:00
19900084,decay 2,1990-01-30 18:00:00,1990-01-30 21:00:00
19900091,intensification,1990-02-01 03:00:00,1990-02-03 09:00:00
19900100,incipient,1990-02-05 12:00:00,1990-02-05 12:00:00
19900100,intensification,1990-02-05 15:00:00,1990-02-07 15:00:00
19900100,mature,1990-02-07 18:00:00,1990-02-08 06:00:00
19900100,decay,1990-02-08 09:00:00,1990-02-10 06:00:00
19900100,intensification 2,1990-02-10 09:00:00,1990-02-12 00:00:00
19900100,mature 2,1990-02-12 03:00:00,1990-02-12 15:00:00
19900100,decay 2,1990-02-12 18:00:00,1990-02-15 00:00:00
19900112,incipient,1990-02-10 09:00:00,1990-02-10 15:00:00
19900112,intensification,1990-02-10 18:00:00,1990-02-12 06:00:00
19900112,mature,1990-02-12 09:00:00,1990-02-13 06:00:00
19900112,decay,1990-02-13 09:00:00,1990-02-17 15:00:00
19900112,residual,1990-02-17 18:00:00,1990-02-19 21:00:00
19900123,incipient,1990-02-15 00:00:00,1990-02-15 06:00:00
19900123,intensification,1990-02-15 09:00:00,1990-02-18 00:00:00
19900123,mature,1990-02-18 03:00:00,1990-02-18 15:00:00
19900123,decay,1990-02-18 18:00:00,1990-02-19 21:00:00
19900135,incipient,1990-02-20 03:00:00,1990-02-20 12:00:00
19900135,decay,1990-02-20 15:00:00,1990-02-20 21:00:00
19900135,intensification,1990-02-21 00:00:00,1990-02-21 00:00:00
19900135,decay 2,1990-02-21 03:00:00,1990-02-21 09:00:00
19900146,incipient,1990-02-22 18:00:00,1990-02-22 21:00:00
19900146,intensification,1990-02-23 00:00:00,1990-02-24 03:00:00
19900146,mature,1990-02-24 06:00:00,1990-02-24 15:00:00
19900146,decay,1990-02-24 18:00:00,1990-02-27 03:00:00
19900151,incipient,1990-02-24 03:00:00,1990-02-24 12:00:00
19900151,intensification,1990-02-24 15:00:00,1990-02-24 15:00:00
19900151,decay,1990-02-24 18:00:00,1990-02-25 06:00:00
19900151,intensification 2,1990-02-25 09:00:00,1990-02-25 21:00:00
19900159,intensification,1990-02-27 00:00:00,1990-02-27 15:00:00
19900159,mature,1990-02-27 18:00:00,1990-02-28 00:00:00
19900159,decay,1990-02-28 03:00:00,1990-03-01 21:00:00
19900180,incipient,1990-03-05 18:00:00,1990-03-07 06:00:00
19900180,intensification,1990-03-07 09:00:00,1990-03-10 03:00:00
19900180,mature,1990-03-10 06:00:00,1990-03-11 03:00:00
19900180,decay,1990-03-11 06:00:00,1990-03-13 03:00:00
19900203,intensification,1990-03-13 15:00:00,1990-03-14 15:00:00
19900203,mature,1990-03-14 18:00:00,1990-03-15 00:00:00
19900203,decay,1990-03-15 03:00:00,1990-03-16 03:00:00
19900203,intensification 2,1990-03-16 06:00:00,1990-03-16 21:00:00
19900203,mature 2,1990-03-17 00:00:00,1990-03-17 06:00:00
19900203,decay 2,1990-03-17 09:00:00,1990-03-20 18:00:00
19900207,intensification,1990-03-15 12:00:00,1990-03-16 21:00:00
19900228,incipient,1990-03-22 00:00:00,1990-03-22 00:00:00
19900228,intensification,1990-03-22 03:00:00,1990-03-22 21:00:00
19900228,mature,1990-03-23 00:00:00,1990-03-23 09:00:00
19900228,decay,1990-03-23 12:00:00,1990-03-25 12:00:00
19900231,incipient,1990-03-23 00:00:00,1990-03-23 06:00:00
19900231,intensification,1990-03-23 09:00:00,1990-03-26 15:00:00
19900231,mature,1990-03-26 18:00:00,1990-03-27 09:00:00
19900231,decay,1990-03-27 12:00:00,1990-03-28 18:00:00
19900239,intensification,1990-03-25 15:00:00,1990-03-25 18:00:00
19900239,mature,1990-03-25 21:00:00,1990-03-26 00:00:00
19900239,decay,1990-03-26 03:00:00,1990-03-27 03:00:00
19900241,incipient,1990-03-26 03:00:00,1990-03-26 12:00:00
19900241,intensification,1990-03-26 15:00:00,1990-03-28 12:00:00
19900241,mature,1990-03-28 15:00:00,1990-03-29 06:00:00
19900241,decay,1990-03-29 09:00:00,1990-04-04 15:00:00
19900247,incipient,1990-03-28 12:00:00,1990-03-28 15:00:00
19900247,intensification,1990-03-28 18:00:00,1990-03-29 09:00:00
19900247,mature,1990-03-29 12:00:00,1990-03-29 21:00:00
19900247,decay,1990-03-30 00:00:00,1990-03-31 21:00:00
19900253,incipient,1990-03-31 06:00:00,1990-03-31 09:00:00
19900253,intensification,1990-03-31 12:00:00,1990-04-03 09:00:00
19900253,mature,1990-04-03 12:00:00,1990-04-04 03:00:00
19900253,decay,1990-04-04 06:00:00,1990-04-06 09:00:00
19900267,incipient,1990-04-05 03:00:00,1990-04-05 09:00:00
19900267,intensification,1990-04-05 12:00:00,1990-04-06 12:00:00
19900267,mature,1990-04-06 15:00:00,1990-04-07 00:00:00
19900267,decay,1990-04-07 03:00:00,1990-04-09 03:00:00
19900269,decay,1990-04-05 15:00:00,1990-04-06 06:00:00
19900269,intensification,1990-04-06 09:00:00,1990-04-07 21:00:00
19900276,incipient,1990-04-07 00:00:00,1990-04-07 03:00:00
19900276,intensification,1990-04-07 06:00:00,1990-04-08 00:00:00
19900276,mature,1990-04-08 03:00:00,1990-04-08 06:00:00
19900276,decay,1990-04-08 09:00:00,1990-04-08 12:00:00
19900276,residual,1990-04-08 15:00:00,1990-04-08 18:00:00
19900278,intensification,1990-04-07 15:00:00,1990-04-08 12:00:00
19900278,mature,1990-04-08 15:00:00,1990-04-08 21:00:00
19900278,decay,1990-04-09 00:00:00,1990-04-10 06:00:00
19900278,intensification 2,1990-04-10 09:00:00,1990-04-13 09:00:00
19900278,mature 2,1990-04-13 12:00:00,1990-04-14 00:00:00
19900278,decay 2,1990-04-14 03:00:00,1990-04-15 15:00:00
19900284,decay,1990-04-10 15:00:00,1990-04-10 21:00:00
19900284,intensification,1990-04-11 00:00:00,1990-04-11 03:00:00
19900284,decay 2,1990-04-11 06:00:00,1990-04-11 21:00:00
19900290,incipient,1990-04-14 06:00:00,1990-04-14 12:00:00
19900290,intensification,1990-04-14 15:00:00,1990-04-15 12:00:00
19900290,mature,1990-04-15 15:00:00,1990-04-15 21:00:00
19900290,decay,1990-04-16 00:00:00,1990-04-16 18:00:00
19900317,incipient,1990-04-23 06:00:00,1990-04-23 09:00:00
19900317,decay,1990-04-23 12:00:00,1990-04-24 21:00:00
19900317,intensification,1990-04-25 00:00:00,1990-04-27 15:00:00
19900317,mature,1990-04-27 18:00:00,1990-04-28 09:00:00
19900317,decay 2,1990-04-28 12:00:00,1990-04-30 21:00:00
19900326,incipient,1990-04-25 15:00:00,1990-04-26 03:00:00
19900326,intensification,1990-04-26 06:00:00,1990-04-27 06:00:00
19900326,mature,1990-04-27 09:00:00,1990-04-27 15:00:00
19900326,decay,1990-04-27 18:00:00,1990-04-28 06:00:00
19900330,decay,1990-04-27 12:00:00,1990-04-28 09:00:00
19900332,incipient,1990-04-28 06:00:00,1990-04-28 06:00:00
19900332,intensification,1990-04-28 09:00:00,1990-04-29 00:00:00
19900332,mature,1990-04-29 03:00:00,1990-04-29 06:00:00
19900332,decay,1990-04-29 09:00:00,1990-04-29 12:00:00
19900332,intensification 2,1990-04-29 15:00:00,1990-04-30 06:00:00
19900332,mature 2,1990-04-30 09:00:00,1990-04-30 12:00:00
19900332,decay 2,1990-04-30 15:00:00,1990-05-01 00:00:00
19900337,incipient,1990-04-29 03:00:00,1990-04-29 03:00:00
19900337,intensification,1990-04-29 06:00:00,1990-04-30 00:00:00
19900337,mature,1990-04-30 03:00:00,1990-04-30 06:00:00
19900337,decay,1990-04-30 09:00:00,1990-04-30 15:00:00
19900339,intensification,1990-04-29 12:00:00,1990-04-30 00:00:00
19900339,mature,1990-04-30 03:00:00,1990-04-30 12:00:00
19900339,decay,1990-04-30 15:00:00,1990-05-03 09:00:00
19900345,incipient,1990-05-01 00:00:00,1990-05-01 15:00:00
19900345,intensification,1990-05-01 18:00:00,1990-05-03 09:00:00
19900345,mature,1990-05-03 12:00:00,1990-05-03 21:00:00
19900345,decay,1990-05-04 00:00:00,1990-05-05 00:00:00
19900349,incipient,1990-05-02 06:00:00,1990-05-02 09:00:00
19900349,intensification,1990-05-02 12:00:00,1990-05-05 00:00:00
19900349,mature,1990-05-05 03:00:00,1990-05-05 18:00:00
19900349,decay,1990-05-05 21:00:00,1990-05-08 09:00:00
19900356,incipient,1990-05-06 06:00:00,1990-05-06 12:00:00
19900356,intensification,1990-05-06 15:00:00,1990-05-07 15:00:00
19900356,mature,1990-05-07 18:00:00,1990-05-08 03:00:00
19900356,decay,1990-05-08 06:00:00,1990-05-10 00:00:00
19900369,intensification,1990-05-09 18:00:00,1990-05-10 18:00:00
19900369,mature,1990-05-10 21:00:00,1990-05-11 03:00:00
19900369,decay,1990-05-11 06:00:00,1990-05-12 15:00:00
19900369,residual,1990-05-12 18:00:00,1990-05-15 00:00:00
19900383,incipient,1990-05-14 12:00:00,1990-05-15 12:00:00
19900383,decay,1990-05-15 15:00:00,1990-05-15 15:00:00
19900383,intensification,1990-05-15 18:00:00,1990-05-16 12:00:00
19900383,mature,1990-05-16 15:00:00,1990-05-16 18:00:00
19900383,decay 2,1990-05-16 21:00:00,1990-05-17 03:00:00
19900390,incipient,1990-05-16 06:00:00,1990-05-17 00:00:00
19900390,intensification,1990-05-17 03:00:00,1990-05-18 18:00:00
19900390,mature,1990-05-18 21:00:00,1990-05-19 12:00:00
19900390,decay,1990-05-19 15:00:00,1990-05-21 09:00:00
19900396,intensification,1990-05-17 06:00:00,1990-05-17 21:00:00
19900396,decay,1990-05-18 00:00:00,1990-05-18 09:00:00
19900397,intensification,1990-05-18 00:00:00,1990-05-18 12:00:00
19900397,mature,1990-05-18 15:00:00,1990-05-18 18:00:00
19900397,decay,1990-05-18 21:00:00,1990-05-19 18:00:00
19900400,incipient,1990-05-18 15:00:00,1990-05-18 15:00:00
19900400,intensification,1990-05-18 18:00:00,1990-05-19 03:00:00
19900400,mature,1990-05-19 06:00:00,1990-05-19 09:00:00
19900400,decay,1990-05-19 12:00:00,1990-05-20 18:00:00
19900409,incipient,1990-05-21 12:00:00,1990-05-21 21:00:00
19900409,intensification,1990-05-22 00:00:00,1990-05-23 03:00:00
19900409,mature,1990-05-23 06:00:00,1990-05-23 18:00:00
19900409,decay,1990-05-23 21:00:00,1990-05-26 03:00:00
19900411,intensification,1990-05-22 12:00:00,1990-05-24 00:00:00
19900411,decay,1990-05-24 03:00:00,1990-05-24 21:00:00
19900423,incipient,1990-05-26 09:00:00,1990-05-26 18:00:00
19900423,intensification,1990-05-26 21:00:00,1990-05-28 00:00:00
19900423,mature,1990-05-28 03:00:00,1990-05-28 12:00:00
19900423,decay,1990-05-28 15:00:00,1990-05-29 18:00:00
19900437,incipient,1990-05-30 00:00:00,1990-05-30 03:00:00
19900437,intensification,1990-05-30 06:00:00,1990-05-30 21:00:00
19900437,mature,1990-05-31 00:00:00,1990-05-31 06:00:00
19900437,decay,1990-05-31 09:00:00,1990-06-02 00:00:00
19900439,incipient,1990-05-30 09:00:00,1990-05-30 21:00:00
19900439,decay,1990-05-31 00:00:00,1990-06-01 15:00:00
19900443,incipient,1990-06-02 09:00:00,1990-06-02 15:00:00
19900443,intensification,1990-06-02 18:00:00,1990-06-03 03:00:00
19900443,mature,1990-06-03 06:00:00,1990-06-03 09:00:00
19900443,decay,1990-06-03 12:00:00,1990-06-03 15:00:00
19900443,residual,1990-06-03 18:00:00,1990-06-04 03:00:00
19900451,incipient,1990-06-03 18:00:00,1990-06-03 21:00:00
19900451,intensification,1990-06-04 00:00:00,1990-06-04 09:00:00
19900451,mature,1990-06-04 12:00:00,1990-06-04 15:00:00
19900451,decay,1990-06-04 18:00:00,1990-06-05 15:00:00
19900459,intensification,1990-06-05 15:00:00,1990-06-06 18:00:00
19900459,mature,1990-06-06 21:00:00,1990-06-07 09:00:00
19900459,decay,1990-06-07 12:00:00,1990-06-10 21:00:00
19900479,incipient,1990-06-10 12:00:00,1990-06-10 12:00:00
19900479,decay,1990-06-10 15:00:00,1990-06-11 12:00:00
19900479,intensification,1990-06-11 15:00:00,1990-06-13 09:00:00
19900479,mature,1990-06-13 12:00:00,1990-06-13 21:00:00
19900479,decay 2,1990-06-14 00:00:00,1990-06-15 06:00:00
19900488,incipient,1990-06-14 12:00:00,1990-06-14 15:00:00
19900488,intensification,1990-06-14 18:00:00,1990-06-15 06:00:00
19900488,mature,1990-06-15 09:00:00,1990-06-15 12:00:00
19900488,decay,1990-06-15 15:00:00,1990-06-16 09:00:00
19900492,intensification,1990-06-15 12:00:00,1990-06-15 15:00:00
19900492,decay,1990-06-15 18:00:00,1990-06-16 09:00:00
19900494,incipient,1990-06-15 15:00:00,1990-06-15 18:00:00
19900494,intensification,1990-06-15 21:00:00,1990-06-16 09:00:00
19900494,mature,1990-06-16 12:00:00,1990-06-16 15:00:00
19900494,decay,1990-06-16 18:00:00,1990-06-17 12:00:00
19900502,incipient,1990-06-17 15:00:00,1990-06-18 06:00:00
19900502,intensification,1990-06-18 09:00:00,1990-06-20 18:00:00
19900502,mature,1990-06-20 21:00:00,1990-06-21 15:00:00
19900502,decay,1990-06-21 18:00:00,1990-06-24 15:00:00
19900518,incipient,1990-06-22 00:00:00,1990-06-22 03:00:00
19900518,intensification,1990-06-22 06:00:00,1990-06-22 21:00:00
19900518,mature,1990-06-23 00:00:00,1990-06-23 03:00:00
19900518,decay,1990-06-23 06:00:00,1990-06-23 18:00:00
19900520,incipient,1990-06-22 15:00:00,1990-06-23 06:00:00
19900520,intensification,1990-06-23 09:00:00,1990-06-27 06:00:00
19900520,mature,1990-06-27 09:00:00,1990-06-28 03:00:00
19900520,decay,1990-06-28 06:00:00,1990-06-29 15:00:00
19900528,incipient,1990-06-26 09:00:00,1990-06-26 15:00:00
19900528,intensification,1990-06-26 18:00:00,1990-06-27 09:00:00
19900528,mature,1990-06-27 12:00:00,1990-06-27 18:00:00
19900528,decay,1990-06-27 21:00:00,1990-06-28 21:00:00
19900530,intensification,1990-06-27 00:00:00,1990-06-27 18:00:00
19900530,decay,1990-06-27 21:00:00,1990-06-28 09:00:00
19900541,incipient,1990-06-29 03:00:00,1990-06-29 18:00:00
19900541,intensification,1990-06-29 21:00:00,1990-07-01 15:00:00
19900541,mature,1990-07-01 18:00:00,1990-07-02 06:00:00
19900541,decay,1990-07-02 09:00:00,1990-07-04 00:00:00
19900544,incipient,1990-06-30 09:00:00,1990-06-30 15:00:00
19900544,intensification,1990-06-30 18:00:00,1990-06-30 18:00:00
19900544,decay,1990-06-30 21:00:00,1990-07-01 06:00:00
19900544,intensification 2,1990-07-01 09:00:00,1990-07-01 15:00:00
19900544,decay 2,1990-07-01 18:00:00,1990-07-02 03:00:00
19900557,incipient,1990-07-04 00:00:00,1990-07-04 06:00:00
19900557,intensification,1990-07-04 09:00:00,1990-07-05 06:00:00
19900557,mature,1990-07-05 09:00:00,1990-07-05 18:00:00
19900557,decay,1990-07-05 21:00:00,1990-07-07 12:00:00
19900579,incipient,1990-07-11 12:00:00,1990-07-11 12:00:00
19900579,intensification,1990-07-11 15:00:00,1990-07-12 06:00:00
19900579,mature,1990-07-12 09:00:00,1990-07-12 15:00:00
19900579,decay,1990-07-12 18:00:00,1990-07-14 09:00:00
19900580,incipient,1990-07-11 15:00:00,1990-07-12 03:00:00
19900580,decay,1990-07-12 06:00:00,1990-07-14 03:00:00
19900580,intensification,1990-07-14 06:00:00,1990-07-17 12:00:00
19900580,mature,1990-07-17 15:00:00,1990-07-18 09:00:00
19900580,decay 2,1990-07-18 12:00:00,1990-07-20 09:00:00
19900583,incipient,1990-07-12 06:00:00,1990-07-13 12:00:00
19900583,intensification,1990-07-13 15:00:00,1990-07-16 00:00:00
19900583,mature,1990-07-16 03:00:00,1990-07-16 21:00:00
19900583,decay,1990-07-17 00:00:00,1990-07-18 15:00:00
19900597,incipient,1990-07-16 03:00:00,1990-07-16 06:00:00
19900597,intensification,1990-07-16 09:00:00,1990-07-17 12:00:00
19900597,mature,1990-07-17 15:00:00,1990-07-17 21:00:00
19900597,decay,1990-07-18 00:00:00,1990-07-19 09:00:00
19900599,intensification,1990-07-16 18:00:00,1990-07-17 00:00:00
19900599,decay,1990-07-17 03:00:00,1990-07-17 18:00:00
19900622,decay,1990-07-22 00:00:00,1990-07-22 18:00:00
19900622,intensification,1990-07-22 21:00:00,1990-07-23 06:00:00
19900622,decay 2,1990-07-23 09:00:00,1990-07-23 18:00:00
19900624,incipient,1990-07-23 00:00:00,1990-07-23 09:00:00
19900624,intensification,1990-07-23 12:00:00,1990-07-24 12:00:00
19900624,mature,1990-07-24 15:00:00,1990-07-24 18:00:00
19900624,decay,1990-07-24 21:00:00,1990-07-25 15:00:00
19900624,residual,1990-07-25 18:00:00,1990-07-26 03:00:00
19900638,intensification,1990-07-26 00:00:00,1990-07-26 12:00:00
19900638,decay,1990-07-26 15:00:00,1990-07-26 21:00:00
19900641,incipient,1990-07-27 00:00:00,1990-07-27 03:00:00
19900641,intensification,1990-07-27 06:00:00,1990-07-27 18:00:00
19900641,mature,1990-07-27 21:00:00,1990-07-28 00:00:00
19900641,decay,1990-07-28 03:00:00,1990-07-29 15:00:00
19900643,intensification,1990-07-28 06:00:00,1990-07-29 06:00:00
19900643,mature,1990-07-29 09:00:00,1990-07-29 15:00:00
19900643,decay,1990-07-29 18:00:00,1990-07-31 09:00:00
19900643,intensification 2,1990-07-31 12:00:00,1990-08-02 15:00:00
19900643,mature 2,1990-08-02 18:00:00,1990-08-03 06:00:00
19900643,decay 2,1990-08-03 09:00:00,1990-08-05 12:00:00
19900655,intensification,1990-08-01 06:00:00,1990-08-01 21:00:00
19900655,decay,1990-08-02 00:00:00,1990-08-02 06:00:00
19900661,incipient,1990-08-02 12:00:00,1990-08-02 21:00:00
19900661,intensification,1990-08-03 00:00:00,1990-08-05 00:00:00
19900661,mature,1990-08-05 03:00:00,1990-08-06 00:00:00
19900661,decay,1990-08-06 03:00:00,1990-08-10 09:00:00
19900675,incipient,1990-08-06 12:00:00,1990-08-06 12:00:00
19900675,decay,1990-08-06 15:00:00,1990-08-06 21:00:00
19900675,intensification,1990-08-07 00:00:00,1990-08-07 03:00:00
19900675,decay 2,1990-08-07 06:00:00,1990-08-07 12:00:00
19900687,incipient,1990-08-11 06:00:00,1990-08-12 09:00:00
19900687,intensification,1990-08-12 12:00:00,1990-08-14 18:00:00
19900687,mature,1990-08-14 21:00:00,1990-08-15 15:00:00
19900687,decay,1990-08-15 18:00:00,1990-08-17 12:00:00
19900697,incipient,1990-08-13 00:00:00,1990-08-13 18:00:00
19900697,intensification,1990-08-13 21:00:00,1990-08-15 12:00:00
19900697,mature,1990-08-15 15:00:00,1990-08-15 21:00:00
19900697,decay,1990-08-16 00:00:00,1990-08-16 15:00:00
19900705,intensification,1990-08-15 15:00:00,1990-08-16 00:00:00
19900705,decay,1990-08-16 03:00:00,1990-08-16 21:00:00
19900709,incipient,1990-08-17 00:00:00,1990-08-17 12:00:00
19900709,intensification,1990-08-17 15:00:00,1990-08-19 06:00:00
19900709,mature,1990-08-19 09:00:00,1990-08-19 21:00:00
19900709,decay,1990-08-20 00:00:00,1990-08-22 00:00:00
19900711,incipient,1990-08-17 03:00:00,1990-08-17 15:00:00
19900711,intensification,1990-08-17 18:00:00,1990-08-19 03:00:00
19900711,mature,1990-08-19 06:00:00,1990-08-19 12:00:00
19900711,decay,1990-08-19 15:00:00,1990-08-20 09:00:00
19900716,intensification,1990-08-18 18:00:00,1990-08-19 00:00:00
19900716,decay,1990-08-19 03:00:00,1990-08-19 15:00:00
19910003,incipient,1991-01-01 03:00:00,1991-01-01 09:00:00
19910003,intensification,1991-01-01 12:00:00,1991-01-02 15:00:00
19910003,mature,1991-01-02 18:00:00,1991-01-03 00:00:00
19910003,decay,1991-01-03 03:00:00,1991-01-04 09:00:00
19910006,incipient,1991-01-02 00:00:00,1991-01-02 03:00:00
19910006,decay,1991-01-02 06:00:00,1991-01-02 12:00:00
19910006,intensification,1991-01-02 15:00:00,1991-01-02 15:00:00
19910006,decay 2,1991-01-02 18:00:00,1991-01-03 03:00:00
19910006,residual,1991-01-03 06:00:00,1991-01-03 06:00:00
19910008,incipient,1991-01-02 06:00:00,1991-01-02 09:00:00
19910008,intensification,1991-01-02 12:00:00,1991-01-03 15:00:00
19910008,mature,1991-01-03 18:00:00,1991-01-03 21:00:00
19910008,decay,1991-01-04 00:00:00,1991-01-04 06:00:00
19910010,decay,1991-01-03 09:00:00,1991-01-04 00:00:00
19910010,intensification,1991-01-04 03:00:00,1991-01-04 06:00:00
19910017,intensification,1991-01-05 03:00:00,1991-01-06 09:00:00
19910017,mature,1991-01-06 12:00:00,1991-01-06 18:00:00
19910017,decay,1991-01-06 21:00:00,1991-01-08 06:00:00
19910017,intensification 2,1991-01-08 09:00:00,1991-01-09 00:00:00
19910017,mature 2,1991-01-09 03:00:00,1991-01-09 09:00:00
19910017,decay 2,1991-01-09 12:00:00,1991-01-11 03:00:00
19910023,intensification,1991-01-07 00:00:00,1991-01-08 06:00:00
19910023,mature,1991-01-08 09:00:00,1991-01-08 15:00:00
19910023,decay,1991-01-08 18:00:00,1991-01-10 03:00:00
19910023,intensification 2,1991-01-10 06:00:00,1991-01-11 18:00:00
19910023,mature 2,1991-01-11 21:00:00,1991-01-12 06:00:00
19910023,decay 2,1991-01-12 09:00:00,1991-01-14 00:00:00
19910030,incipient,1991-01-08 18:00:00,1991-01-08 21:00:00
19910030,intensification,1991-01-09 00:00:00,1991-01-09 21:00:00
19910030,mature,1991-01-10 00:00:00,1991-01-10 06:00:00
19910030,decay,1991-01-10 09:00:00,1991-01-11 12:00:00
19910034,incipient,1991-01-11 00:00:00,1991-01-11 06:00:00
19910034,intensification,1991-01-11 09:00:00,1991-01-12 06:00:00
19910034,mature,1991-01-12 09:00:00,1991-01-12 15:00:00
19910034,decay,1991-01-12 18:00:00,1991-01-14 03:00:00
19910041,incipient,1991-01-14 03:00:00,1991-01-14 21:00:00
19910041,intensification,1991-01-15 00:00:00,1991-01-16 12:00:00
19910041,mature,1991-01-16 15:00:00,1991-01-16 21:00:00
19910041,decay,1991-01-17 00:00:00,1991-01-17 15:00:00
19910047,intensification,1991-01-16 06:00:00,1991-01-17 18:00:00
19910052,incipient,1991-01-18 00:00:00,1991-01-18 00:00:00
19910052,intensification,1991-01-18 03:00:00,1991-01-18 21:00:00
19910052,mature,1991-01-19 00:00:00,1991-01-19 06:00:00
19910052,decay,1991-01-19 09:00:00,1991-01-20 12:00:00
19910057,incipient,1991-01-21 03:00:00,1991-01-21 06:00:00
19910057,intensification,1991-01-21 09:00:00,1991-01-22 00:00:00
19910057,mature,1991-01-22 03:00:00,1991-01-22 12:00:00
19910057,decay,1991-01-22 15:00:00,1991-01-24 09:00:00
19910068,incipient,1991-01-25 03:00:00,1991-01-25 06:00:00
19910068,intensification,1991-01-25 09:00:00,1991-01-27 06:00:00
19910068,mature,1991-01-27 09:00:00,1991-01-27 15:00:00
19910068,decay,1991-01-27 18:00:00,1991-01-28 09:00:00
19910071,intensification,1991-01-26 06:00:00,1991-01-27 09:00:00
19910071,mature,1991-01-27 12:00:00,1991-01-28 00:00:00
19910071,decay,1991-01-28 03:00:00,1991-01-31 03:00:00
19910081,incipient,1991-01-29 03:00:00,1991-01-30 00:00:00
19910081,intensification,1991-01-30 03:00:00,1991-02-01 12:00:00
19910081,mature,1991-02-01 15:00:00,1991-02-02 06:00:00
19910081,decay,1991-02-02 09:00:00,1991-02-03 21:00:00
19910086,decay,1991-02-01 12:00:00,1991-02-02 09:00:00
19910090,incipient,1991-02-03 12:00:00,1991-02-03 15:00:00
19910090,decay,1991-02-03 18:00:00,1991-02-03 21:00:00
19910090,intensification,1991-02-04 00:00:00,1991-02-04 06:00:00
19910090,decay 2,1991-02-04 09:00:00,1991-02-04 18:00:00
19910094,incipient,1991-02-04 12:00:00,1991-02-04 21:00:00
19910094,intensification,1991-02-05 00:00:00,1991-02-05 15:00:00
19910094,mature,1991-02-05 18:00:00,1991-02-05 21:00:00
19910094,decay,1991-02-06 00:00:00,1991-02-06 15:00:00
19910096,incipient,1991-02-06 03:00:00,1991-02-07 03:00:00
19910096,intensification,1991-02-07 06:00:00,1991-02-09 15:00:00
19910096,mature,1991-02-09 18:00:00,1991-02-10 06:00:00
19910096,decay,1991-02-10 09:00:00,1991-02-10 21:00:00
19910100,decay,1991-02-07 06:00:00,1991-02-07 15:00:00
19910100,intensification,1991-02-07 18:00:00,1991-02-07 18:00:00
19910100,decay 2,1991-02-07 21:00:00,1991-02-08 12:00:00
19910105,incipient,1991-02-10 09:00:00,1991-02-10 15:00:00
19910105,intensification,1991-02-10 18:00:00,1991-02-11 15:00:00
19910105,mature,1991-02-11 18:00:00,1991-02-12 03:00:00
19910105,decay,1991-02-12 06:00:00,1991-02-14 03:00:00
19910111,intensification,1991-02-13 18:00:00,1991-02-15 09:00:00
19910111,mature,1991-02-15 12:00:00,1991-02-16 06:00:00
19910111,decay,1991-02-16 09:00:00,1991-02-21 03:00:00
19910112,intensification,1991-02-14 00:00:00,1991-02-14 15:00:00
19910112,decay,1991-02-14 18:00:00,1991-02-14 21:00:00
19910117,intensification,1991-02-16 12:00:00,1991-02-17 09:00:00
19910117,mature,1991-02-17 12:00:00,1991-02-17 21:00:00
19910117,decay,1991-02-18 00:00:00,1991-02-20 12:00:00
19910123,incipient,1991-02-18 09:00:00,1991-02-18 15:00:00
19910123,intensification,1991-02-18 18:00:00,1991-02-19 15:00:00
19910123,mature,1991-02-19 18:00:00,1991-02-20 00:00:00
19910123,decay,1991-02-20 03:00:00,1991-02-20 21:00:00
19910124,decay,1991-02-19 00:00:00,1991-02-19 06:00:00
19910124,intensification,1991-02-19 09:00:00,1991-02-19 12:00:00
19910124,decay 2,1991-02-19 15:00:00,1991-02-20 06:00:00
19910133,incipient,1991-02-21 06:00:00,1991-02-21 12:00:00
19910133,intensification,1991-02-21 15:00:00,1991-02-23 09:00:00
19910133,mature,1991-02-23 12:00:00,1991-02-24 00:00:00
19910133,decay,1991-02-24 03:00:00,1991-02-26 03:00:00
19910151,incipient,1991-02-27 09:00:00,1991-02-27 09:00:00
19910151,intensification,1991-02-27 12:00:00,1991-03-01 12:00:00
19910151,mature,1991-03-01 15:00:00,1991-03-02 00:00:00
19910151,decay,1991-03-02 03:00:00,1991-03-03 03:00:00
19910161,incipient,1991-03-02 06:00:00,1991-03-03 15:00:00
19910161,decay,1991-03-03 18:00:00,1991-03-04 09:00:00
19910161,intensification,1991-03-04 12:00:00,1991-03-05 06:00:00
19910161,mature,1991-03-05 09:00:00,1991-03-05 15:00:00
19910161,decay 2,1991-03-05 18:00:00,1991-03-07 06:00:00
19910166,intensification,1991-03-03 09:00:00,1991-03-04 09:00:00
19910166,mature,1991-03-04 12:00:00,1991-03-04 18:00:00
19910166,decay,1991-03-04 21:00:00,1991-03-05 15:00:00
19910166,intensification 2,1991-03-05 18:00:00,1991-03-06 12:00:00
19910166,mature 2,1991-03-06 15:00:00,1991-03-06 21:00:00
19910166,decay 2,1991-03-07 00:00:00,1991-03-08 09:00:00
19910175,incipient,1991-03-06 00:00:00,1991-03-06 12:00:00
19910175,intensification,1991-03-06 15:00:00,1991-03-06 15:00:00
19910175,decay,1991-03-06 18:00:00,1991-03-07 06:00:00
19910175,intensification 2,1991-03-07 09:00:00,1991-03-08 09:00:00
19910183,incipient,1991-03-09 00:00:00,1991-03-09 12:00:00
19910183,intensification,1991-03-09 15:00:00,1991-03-11 00:00:00
19910183,mature,1991-03-11 03:00:00,1991-03-11 15:00:00
19910183,decay,1991-03-11 18:00:00,1991-03-13 09:00:00
19910187,intensification,1991-03-09 15:00:00,1991-03-10 03:00:00
19910187,mature,1991-03-10 06:00:00,1991-03-10 09:00:00
19910187,decay,1991-03-10 12:00:00,1991-03-12 00:00:00
19910194,incipient,1991-03-11 12:00:00,1991-03-11 21:00:00
19910194,intensification,1991-03-12 00:00:00,1991-03-13 06:00:00
19910194,mature,1991-03-13 09:00:00,1991-03-13 18:00:00
19910194,decay,1991-03-13 21:00:00,1991-03-15 06:00:00
19910194,residual,1991-03-15 09:00:00,1991-03-16 03:00:00
19910214,incipient,1991-03-17 09:00:00,1991-03-17 15:00:00
19910214,intensification,1991-03-17 18:00:00,1991-03-18 18:00:00
19910214,mature,1991-03-18 21:00:00,1991-03-19 03:00:00
19910214,decay,1991-03-19 06:00:00,1991-03-20 03:00:00
19910218,intensification,1991-03-18 18:00:00,1991-03-20 18:00:00
19910218,mature,1991-03-20 21:00:00,1991-03-21 06:00:00
19910218,decay,1991-03-21 09:00:00,1991-03-22 15:00:00
19910222,incipient,1991-03-20 03:00:00,1991-03-20 09:00:00
19910222,intensification,1991-03-20 12:00:00,1991-03-21 15:00:00
19910222,mature,1991-03-21 18:00:00,1991-03-22 03:00:00
19910222,decay,1991-03-22 06:00:00,1991-03-24 06:00:00
19910227,decay,1991-03-21 00:00:00,1991-03-22 00:00:00
19910231,incipient,1991-03-22 18:00:00,1991-03-23 00:00:00
19910231,decay,1991-03-23 03:00:00,1991-03-23 21:00:00
19910231,intensification,1991-03-24 00:00:00,1991-03-24 06:00:00
19910231,decay 2,1991-03-24 09:00:00,1991-03-24 21:00:00
19910239,intensification,1991-03-25 00:00:00,1991-03-25 06:00:00
19910239,decay,1991-03-25 09:00:00,1991-03-26 00:00:00
19910251,incipient,1991-03-29 00:00:00,1991-03-29 06:00:00
19910251,intensification,1991-03-29 09:00:00,1991-03-30 18:00:00
19910251,mature,1991-03-30 21:00:00,1991-03-31 09:00:00
19910251,decay,1991-03-31 12:00:00,1991-04-02 06:00:00
19910251,residual,1991-04-02 09:00:00,1991-04-03 18:00:00
19910260,incipient,1991-03-31 00:00:00,1991-03-31 06:00:00
19910260,intensification,1991-03-31 09:00:00,1991-04-02 18:00:00
19910260,mature,1991-04-02 21:00:00,1991-04-03 06:00:00
19910260,decay,1991-04-03 09:00:00,1991-04-03 18:00:00
19910279,intensification,1991-04-06 00:00:00,1991-04-06 03:00:00
19910279,decay,1991-04-06 06:00:00,1991-04-07 03:00:00
19910293,incipient,1991-04-09 15:00:00,1991-04-10 06:00:00
19910293,intensification,1991-04-10 09:00:00,1991-04-13 09:00:00
19910293,mature,1991-04-13 12:00:00,1991-04-14 12:00:00
19910293,decay,1991-04-14 15:00:00,1991-04-18 03:00:00
19910295,incipient,1991-04-10 03:00:00,1991-04-10 09:00:00
19910295,intensification,1991-04-10 12:00:00,1991-04-10 12:00:00
19910295,decay,1991-04-10 15:00:00,1991-04-11 09:00:00
19910295,intensification 2,1991-04-11 12:00:00,1991-04-11 15:00:00
19910298,incipient,1991-04-11 12:00:00,1991-04-11 18:00:00
19910298,intensification,1991-04-11 21:00:00,1991-04-13 15:00:00
19910298,mature,1991-04-13 18:00:00,1991-04-14 00:00:00
19910298,decay,1991-04-14 03:00:00,1991-04-14 18:00:00
19910306,incipient,1991-04-13 15:00:00,1991-04-14 00:00:00
19910306,intensification,1991-04-14 03:00:00,1991-04-15 06:00:00
19910306,mature,1991-04-15 09:00:00,1991-04-15 15:00:00
19910306,decay,1991-04-15 18:00:00,1991-04-16 12:00:00
19910310,incipient,1991-04-15 15:00:00,1991-04-15 15:00:00
19910310,intensification,1991-04-15 18:00:00,1991-04-16 12:00:00
19910310,mature,1991-04-16 15:00:00,1991-04-17 00:00:00
19910310,decay,1991-04-17 03:00:00,1991-04-18 21:00:00
19910313,intensification,1991-04-16 12:00:00,1991-04-17 06:00:00
19910313,decay,1991-04-17 09:00:00,1991-04-17 12:00:00
19910317,incipient,1991-04-17 12:00:00,1991-04-17 15:00:00
19910317,intensification,1991-04-17 18:00:00,1991-04-18 12:00:00
19910317,mature,1991-04-18 15:00:00,1991-04-18 21:00:00
19910317,decay,1991-04-19 00:00:00,1991-04-20 09:00:00
19910334,intensification,1991-04-22 09:00:00,1991-04-23 00:00:00
19910334,decay,1991-04-23 03:00:00,1991-04-23 09:00:00
19910336,intensification,1991-04-22 15:00:00,1991-04-23 15:00:00
19910339,incipient,1991-04-23 09:00:00,1991-04-24 09:00:00
19910339,decay,1991-04-24 12:00:00,1991-04-28 03:00:00
19910339,intensification,1991-04-28 06:00:00,1991-05-02 06:00:00
19910339,mature,1991-05-02 09:00:00,1991-05-03 12:00:00
19910339,decay 2,1991-05-03 15:00:00,1991-05-08 09:00:00
19910362,decay,1991-04-30 09:00:00,1991-05-01 00:00:00
19910362,intensification,1991-05-01 03:00:00,1991-05-03 00:00:00
19910362,mature,1991-05-03 03:00:00,1991-05-03 12:00:00
19910362,decay 2,1991-05-03 15:00:00,1991-05-05 00:00:00
19910370,incipient,1991-05-01 12:00:00,1991-05-01 12:00:00
19910370,intensification,1991-05-01 15:00:00,1991-05-02 03:00:00
19910370,mature,1991-05-02 06:00:00,1991-05-02 09:00:00
19910370,decay,1991-05-02 12:00:00,1991-05-03 12:00:00
19910374,incipient,1991-05-03 09:00:00,1991-05-04 00:00:00
19910374,intensification,1991-05-04 03:00:00,1991-05-07 15:00:00
19910374,mature,1991-05-07 18:00:00,1991-05-08 09:00:00
19910374,decay,1991-05-08 12:00:00,1991-05-09 12:00:00
19910380,incipient,1991-05-05 00:00:00,1991-05-05 12:00:00
19910380,intensification,1991-05-05 15:00:00,1991-05-06 18:00:00
19910380,mature,1991-05-06 21:00:00,1991-05-07 06:00:00
19910380,decay,1991-05-07 09:00:00,1991-05-08 06:00:00
19910397,incipient,1991-05-11 15:00:00,1991-05-11 21:00:00
19910397,intensification,1991-05-12 00:00:00,1991-05-12 15:00:00
19910397,mature,1991-05-12 18:00:00,1991-05-13 00:00:00
19910397,decay,1991-05-13 03:00:00,1991-05-14 03:00:00
19910409,incipient,1991-05-15 00:00:00,1991-05-15 09:00:00
19910409,intensification,1991-05-15 12:00:00,1991-05-17 03:00:00
19910409,mature,1991-05-17 06:00:00,1991-05-17 18:00:00
19910409,decay,1991-05-17 21:00:00,1991-05-19 12:00:00
19910416,incipient,1991-05-18 00:00:00,1991-05-18 03:00:00
19910416,intensification,1991-05-18 06:00:00,1991-05-19 15:00:00
19910416,mature,1991-05-19 18:00:00,1991-05-20 00:00:00
19910416,decay,1991-05-20 03:00:00,1991-05-20 21:00:00
19910421,incipient,1991-05-19 18:00:00,1991-05-20 00:00:00
19910421,intensification,1991-05-20 03:00:00,1991-05-22 15:00:00
19910421,mature,1991-05-22 18:00:00,1991-05-23 06:00:00
19910421,decay,1991-05-23 09:00:00,1991-05-24 03:00:00
19910427,incipient,1991-05-21 12:00:00,1991-05-22 03:00:00
19910427,intensification,1991-05-22 06:00:00,1991-05-22 06:00:00
19910427,decay,1991-05-22 09:00:00,1991-05-23 03:00:00
19910427,intensification 2,1991-05-23 06:00:00,1991-05-23 15:00:00
19910427,decay 2,1991-05-23 18:00:00,1991-05-24 15:00:00
19910440,intensification,1991-05-24 09:00:00,1991-05-26 00:00:00
19910440,mature,1991-05-26 03:00:00,1991-05-26 18:00:00
19910440,decay,1991-05-26 21:00:00,1991-05-30 03:00:00
19910446,incipient,1991-05-26 12:00:00,1991-05-26 21:00:00
19910446,intensification,1991-05-27 00:00:00,1991-05-30 09:00:00
19910446,mature,1991-05-30 12:00:00,1991-05-31 00:00:00
19910446,decay,1991-05-31 03:00:00,1991-05-31 21:00:00
19910449,incipient,1991-05-27 09:00:00,1991-05-27 09:00:00
19910449,intensification,1991-05-27 12:00:00,1991-05-27 18:00:00
19910449,mature,1991-05-27 21:00:00,1991-05-28 00:00:00
19910449,decay,1991-05-28 03:00:00,1991-05-29 03:00:00
19910454,incipient,1991-05-28 18:00:00,1991-05-29 06:00:00
19910454,intensification,1991-05-29 09:00:00,1991-05-30 18:00:00
19910454,mature,1991-05-30 21:00:00,1991-05-31 12:00:00
19910454,decay,1991-05-31 15:00:00,1991-06-03 06:00:00
19910460,incipient,1991-05-30 03:00:00,1991-05-31 09:00:00
19910460,intensification,1991-05-31 12:00:00,1991-06-03 00:00:00
19910460,mature,1991-06-03 03:00:00,1991-06-03 18:00:00
19910460,decay,1991-06-03 21:00:00,1991-06-04 21:00:00
19910483,intensification,1991-06-05 00:00:00,1991-06-05 09:00:00
19910483,decay,1991-06-05 12:00:00,1991-06-06 09:00:00
19910496,incipient,1991-06-08 12:00:00,1991-06-08 18:00:00
19910496,intensification,1991-06-08 21:00:00,1991-06-09 15:00:00
19910496,mature,1991-06-09 18:00:00,1991-06-10 00:00:00
19910496,decay,1991-06-10 03:00:00,1991-06-11 18:00:00
19910524,incipient,1991-06-17 18:00:00,1991-06-17 18:00:00
19910524,intensification,1991-06-17 21:00:00,1991-06-19 18:00:00
19910524,mature,1991-06-19 21:00:00,1991-06-20 03:00:00
19910524,decay,1991-06-20 06:00:00,1991-06-20 09:00:00
19910541,incipient,1991-06-23 03:00:00,1991-06-23 09:00:00
19910541,intensification,1991-06-23 12:00:00,1991-06-24 15:00:00
19910541,mature,1991-06-24 18:00:00,1991-06-25 03:00:00
19910541,decay,1991-06-25 06:00:00,1991-06-27 03:00:00
19910557,intensification,1991-06-27 12:00:00,1991-06-28 15:00:00
19910557,mature,1991-06-28 18:00:00,1991-06-29 00:00:00
19910557,decay,1991-06-29 03:00:00,1991-06-30 03:00:00
19910557,intensification 2,1991-06-30 06:00:00,1991-07-02 00:00:00
19910557,mature 2,1991-07-02 03:00:00,1991-07-02 15:00:00
19910557,decay 2,1991-07-02 18:00:00,1991-07-04 18:00:00
19910570,intensification,1991-07-01 00:00:00,1991-07-01 09:00:00
19910570,mature,1991-07-01 12:00:00,1991-07-01 15:00:00
19910570,decay,1991-07-01 18:00:00,1991-07-03 06:00:00
19910570,residual,1991-07-03 09:00:00,1991-07-03 09:00:00
19910571,incipient,1991-07-02 03:00:00,1991-07-02 12:00:00
19910571,intensification,1991-07-02 15:00:00,1991-07-04 12:00:00
19910571,mature,1991-07-04 15:00:00,1991-07-05 00:00:00
19910571,decay,1991-07-05 03:00:00,1991-07-06 06:00:00
19910581,intensification,1991-07-05 18:00:00,1991-07-06 12:00:00
19910581,mature,1991-07-06 15:00:00,1991-07-06 18:00:00
19910581,decay,1991-07-06 21:00:00,1991-07-07 00:00:00
19910581,intensification 2,1991-07-07 03:00:00,1991-07-07 09:00:00
19910581,mature 2,1991-07-07 12:00:00,1991-07-07 15:00:00
19910581,decay 2,1991-07-07 18:00:00,1991-07-08 21:00:00
19910585,incipient,1991-07-06 09:00:00,1991-07-06 12:00:00
19910585,intensification,1991-07-06 15:00:00,1991-07-07 03:00:00
19910585,mature,1991-07-07 06:00:00,1991-07-07 12:00:00
19910585,decay,1991-07-07 15:00:00,1991-07-08 12:00:00
19910595,incipient,1991-07-10 03:00:00,1991-07-10 06:00:00
19910595,decay,1991-07-10 09:00:00,1991-07-10 15:00:00
19910595,intensification,1991-07-10 18:00:00,1991-07-10 21:00:00
19910595,decay 2,1991-07-11 00:00:00,1991-07-11 06:00:00
19910603,incipient,1991-07-11 09:00:00,1991-07-11 09:00:00
19910603,intensification,1991-07-11 12:00:00,1991-07-12 06:00:00
19910603,mature,1991-07-12 09:00:00,1991-07-12 18:00:00
19910603,decay,1991-07-12 21:00:00,1991-07-15 00:00:00
19910624,incipient,1991-07-17 12:00:00,1991-07-17 12:00:00
19910624,intensification,1991-07-17 15:00:00,1991-07-18 06:00:00
19910624,mature,1991-07-18 09:00:00,1991-07-18 15:00:00
19910624,decay,1991-07-18 18:00:00,1991-07-19 21:00:00
19910628,decay,1991-07-18 15:00:00,1991-07-18 18:00:00
19910628,intensification,1991-07-18 21:00:00,1991-07-19 00:00:00
19910628,decay 2,1991-07-19 03:00:00,1991-07-19 18:00:00
19910634,intensification,1991-07-20 12:00:00,1991-07-20 18:00:00
19910634,decay,1991-07-20 21:00:00,1991-07-21 18:00:00
19910643,incipient,1991-07-23 15:00:00,1991-07-23 18:00:00
19910643,intensification,1991-07-23 21:00:00,1991-07-24 15:00:00
19910643,mature,1991-07-24 18:00:00,1991-07-24 21:00:00
19910643,decay,1991-07-25 00:00:00,1991-07-25 18:00:00
19910643,residual,1991-07-25 21:00:00,1991-07-27 03:00:00
19910655,incipient,1991-07-29 09:00:00,1991-07-30 03:00:00
19910655,decay,1991-07-30 06:00:00,1991-07-31 18:00:00
19910655,intensification,1991-07-31 21:00:00,1991-08-03 06:00:00
19910655,mature,1991-08-03 09:00:00,1991-08-04 00:00:00
19910655,decay 2,1991-08-04 03:00:00,1991-08-06 03:00:00
19910662,incipient,1991-07-30 18:00:00,1991-07-31 00:00:00
19910662,intensification,1991-07-31 03:00:00,1991-08-03 06:00:00
19910662,mature,1991-08-03 09:00:00,1991-08-04 00:00:00
19910662,decay,1991-08-04 03:00:00,1991-08-05 09:00:00
19910669,incipient,1991-08-03 15:00:00,1991-08-04 06:00:00
19910669,intensification,1991-08-04 09:00:00,1991-08-04 09:00:00
19910669,decay,1991-08-04 12:00:00,1991-08-05 09:00:00
19910669,intensification 2,1991-08-05 12:00:00,1991-08-06 21:00:00
19910669,mature,1991-08-07 00:00:00,1991-08-07 03:00:00
19910669,decay 2,1991-08-07 06:00:00,1991-08-07 12:00:00
19910681,intensification,1991-08-06 12:00:00,1991-08-07 12:00:00
19910683,incipient,1991-08-07 12:00:00,1991-08-08 06:00:00
19910683,intensification,1991-08-08 09:00:00,1991-08-10 12:00:00
19910683,mature,1991-08-10 15:00:00,1991-08-11 00:00:00
19910683,decay,1991-08-11 03:00:00,1991-08-11 21:00:00
19910683,intensification 2,1991-08-12 00:00:00,1991-08-13 12:00:00
19910683,mature 2,1991-08-13 15:00:00,1991-08-14 03:00:00
19910683,decay 2,1991-08-14 06:00:00,1991-08-15 21:00:00
19910691,incipient,1991-08-10 09:00:00,1991-08-10 21:00:00
19910691,intensification,1991-08-11 00:00:00,1991-08-14 09:00:00
19910691,mature,1991-08-14 12:00:00,1991-08-15 12:00:00
19910691,decay,1991-08-15 15:00:00,1991-08-19 03:00:00
19910698,incipient,1991-08-12 18:00:00,1991-08-12 18:00:00
19910698,intensification,1991-08-12 21:00:00,1991-08-13 12:00:00
19910698,mature,1991-08-13 15:00:00,1991-08-13 18:00:00
19910698,decay,1991-08-13 21:00:00,1991-08-14 15:00:00
19910710,incipient,1991-08-17 03:00:00,1991-08-17 06:00:00
19910710,intensification,1991-08-17 09:00:00,1991-08-20 00:00:00
19910710,mature,1991-08-20 03:00:00,1991-08-20 18:00:00
19910710,decay,1991-08-20 21:00:00,1991-08-22 18:00:00
19910710,residual,1991-08-22 21:00:00,1991-08-26 03:00:00
19910723,intensification,1991-08-22 12:00:00,1991-08-22 21:00:00
19910723,mature,1991-08-23 00:00:00,1991-08-23 03:00:00
19910723,decay,1991-08-23 06:00:00,1991-08-24 09:00:00
19920019,intensification,1992-01-05 15:00:00,1992-01-06 00:00:00
19920019,decay,1992-01-06 03:00:00,1992-01-06 21:00:00
19920029,incipient,1992-01-09 00:00:00,1992-01-09 06:00:00
19920029,intensification,1992-01-09 09:00:00,1992-01-11 03:00:00
19920029,mature,1992-01-11 06:00:00,1992-01-11 15:00:00
19920029,decay,1992-01-11 18:00:00,1992-01-13 09:00:00
19920029,residual,1992-01-13 12:00:00,1992-01-15 09:00:00
19920030,intensification,1992-01-09 09:00:00,1992-01-10 00:00:00
19920030,decay,1992-01-10 03:00:00,1992-01-10 09:00:00
19920043,incipient,1992-01-13 06:00:00,1992-01-13 06:00:00
19920043,intensification,1992-01-13 09:00:00,1992-01-14 06:00:00
19920043,mature,1992-01-14 09:00:00,1992-01-14 12:00:00
19920043,decay,1992-01-14 15:00:00,1992-01-15 06:00:00
19920056,incipient,1992-01-17 12:00:00,1992-01-18 18:00:00
19920056,intensification,1992-01-18 21:00:00,1992-01-19 00:00:00
19920056,decay,1992-01-19 03:00:00,1992-01-21 00:00:00
19920056,intensification 2,1992-01-21 03:00:00,1992-01-23 21:00:00
19920056,mature,1992-01-24 00:00:00,1992-01-24 18:00:00
19920056,decay 2,1992-01-24 21:00:00,1992-01-27 09:00:00
19920061,decay,1992-01-20 00:00:00,1992-01-22 03:00:00
19920063,incipient,1992-01-21 00:00:00,1992-01-21 12:00:00
19920063,intensification,1992-01-21 15:00:00,1992-01-21 15:00:00
19920063,decay,1992-01-21 18:00:00,1992-01-22 06:00:00
19920063,intensification 2,1992-01-22 09:00:00,1992-01-22 18:00:00
19920068,incipient,1992-01-22 00:00:00,1992-01-22 09:00:00
19920068,intensification,1992-01-22 12:00:00,1992-01-24 03:00:00
19920068,mature,1992-01-24 06:00:00,1992-01-25 03:00:00
19920068,decay,1992-01-25 06:00:00,1992-01-30 06:00:00
19920072,incipient,1992-01-23 00:00:00,1992-01-23 06:00:00
19920072,intensification,1992-01-23 09:00:00,1992-01-24 12:00:00
19920072,mature,1992-01-24 15:00:00,1992-01-25 00:00:00
19920072,decay,1992-01-25 03:00:00,1992-01-27 06:00:00
19920083,incipient,1992-01-27 15:00:00,1992-01-27 21:00:00
19920083,intensification,1992-01-28 00:00:00,1992-01-28 00:00:00
19920083,decay,1992-01-28 03:00:00,1992-01-28 15:00:00
19920083,intensification 2,1992-01-28 18:00:00,1992-01-29 00:00:00
19920084,incipient,1992-01-28 15:00:00,1992-01-28 21:00:00
19920084,intensification,1992-01-29 00:00:00,1992-01-30 09:00:00
19920084,mature,1992-01-30 12:00:00,1992-01-30 21:00:00
19920084,decay,1992-01-31 00:00:00,1992-01-31 21:00:00
19920090,incipient,1992-01-30 03:00:00,1992-01-30 09:00:00
19920090,intensification,1992-01-30 12:00:00,1992-01-31 12:00:00
19920090,mature,1992-01-31 15:00:00,1992-01-31 21:00:00
19920090,decay,1992-02-01 00:00:00,1992-02-02 15:00:00
19920101,decay,1992-02-02 09:00:00,1992-02-03 00:00:00
19920101,intensification,1992-02-03 03:00:00,1992-02-03 03:00:00
19920101,decay 2,1992-02-03 06:00:00,1992-02-03 21:00:00
19920107,incipient,1992-02-04 09:00:00,1992-02-04 21:00:00
19920107,intensification,1992-02-05 00:00:00,1992-02-06 12:00:00
19920107,mature,1992-02-06 15:00:00,1992-02-07 00:00:00
19920107,decay,1992-02-07 03:00:00,1992-02-08 12:00:00
19920112,incipient,1992-02-06 09:00:00,1992-02-06 15:00:00
19920112,intensification,1992-02-06 18:00:00,1992-02-08 00:00:00
19920112,mature,1992-02-08 03:00:00,1992-02-08 15:00:00
19920112,decay,1992-02-08 18:00:00,1992-02-10 09:00:00
19920122,intensification,1992-02-09 00:00:00,1992-02-09 12:00:00
19920122,decay,1992-02-09 15:00:00,1992-02-10 03:00:00
19920133,incipient,1992-02-13 09:00:00,1992-02-14 09:00:00
19920133,intensification,1992-02-14 12:00:00,1992-02-17 00:00:00
19920133,mature,1992-02-17 03:00:00,1992-02-17 21:00:00
19920133,decay,1992-02-18 00:00:00,1992-02-20 03:00:00
19920145,incipient,1992-02-18 12:00:00,1992-02-19 06:00:00
19920145,intensification,1992-02-19 09:00:00,1992-02-22 00:00:00
19920145,mature,1992-02-22 03:00:00,1992-02-23 06:00:00
19920145,decay,1992-02-23 09:00:00,1992-02-27 21:00:00
19920157,incipient,1992-02-22 15:00:00,1992-02-23 06:00:00
19920157,intensification,1992-02-23 09:00:00,1992-02-26 18:00:00
19920157,mature,1992-02-26 21:00:00,1992-02-27 12:00:00
19920157,decay,1992-02-27 15:00:00,1992-02-28 21:00:00
19920170,incipient,1992-02-27 18:00:00,1992-02-28 12:00:00
19920170,intensification,1992-02-28 15:00:00,1992-03-02 03:00:00
19920170,mature,1992-03-02 06:00:00,1992-03-03 03:00:00
19920170,decay,1992-03-03 06:00:00,1992-03-06 18:00:00
19920170,residual,1992-03-06 21:00:00,1992-03-08 06:00:00
19920172,incipient,1992-02-28 12:00:00,1992-02-28 12:00:00
19920172,intensification,1992-02-28 15:00:00,1992-02-29 09:00:00
19920172,mature,1992-02-29 12:00:00,1992-02-29 15:00:00
19920172,decay,1992-02-29 18:00:00,1992-03-01 03:00:00
19920186,incipient,1992-03-04 12:00:00,1992-03-04 15:00:00
19920186,intensification,1992-03-04 18:00:00,1992-03-06 03:00:00
19920186,mature,1992-03-06 06:00:00,1992-03-06 12:00:00
19920186,decay,1992-03-06 15:00:00,1992-03-07 06:00:00
19920189,incipient,1992-03-05 12:00:00,1992-03-05 18:00:00
19920189,intensification,1992-03-05 21:00:00,1992-03-07 18:00:00
19920189,mature,1992-03-07 21:00:00,1992-03-08 15:00:00
19920189,decay,1992-03-08 18:00:00,1992-03-13 00:00:00
19920197,incipient,1992-03-09 15:00:00,1992-03-09 15:00:00
19920197,intensification,1992-03-09 18:00:00,1992-03-11 09:00:00
19920197,mature,1992-03-11 12:00:00,1992-03-12 06:00:00
19920197,decay,1992-03-12 09:00:00,1992-03-16 00:00:00
19920197,residual,1992-03-16 03:00:00,1992-03-16 06:00:00
19920207,incipient,1992-03-13 03:00:00,1992-03-13 03:00:00
19920207,intensification,1992-03-13 06:00:00,1992-03-14 12:00:00
19920207,mature,1992-03-14 15:00:00,1992-03-14 18:00:00
19920207,decay,1992-03-14 21:00:00,1992-03-15 06:00:00
19920207,residual,1992-03-15 09:00:00,1992-03-16 06:00:00
19920209,incipient,1992-03-13 12:00:00,1992-03-13 21:00:00
19920209,intensification,1992-03-14 00:00:00,1992-03-15 06:00:00
19920209,mature,1992-03-15 09:00:00,1992-03-15 21:00:00
19920209,decay,1992-03-16 00:00:00,1992-03-17 21:00:00
19920221,intensification,1992-03-17 00:00:00,1992-03-17 12:00:00
19920221,decay,1992-03-17 15:00:00,1992-03-17 21:00:00
19920229,incipient,1992-03-18 12:00:00,1992-03-18 12:00:00
19920229,intensification,1992-03-18 15:00:00,1992-03-20 03:00:00
19920229,mature,1992-03-20 06:00:00,1992-03-20 09:00:00
19920229,decay,1992-03-20 12:00:00,1992-03-21 00:00:00
19920245,incipient,1992-03-23 09:00:00,1992-03-23 15:00:00
19920245,intensification,1992-03-23 18:00:00,1992-03-25 21:00:00
19920245,mature,1992-03-26 00:00:00,1992-03-26 09:00:00
19920245,decay,1992-03-26 12:00:00,1992-03-26 21:00:00
19920248,incipient,1992-03-24 15:00:00,1992-03-24 18:00:00
19920248,intensification,1992-03-24 21:00:00,1992-03-26 03:00:00
19920248,mature,1992-03-26 06:00:00,1992-03-26 09:00:00
19920248,decay,1992-03-26 12:00:00,1992-03-26 15:00:00
19920253,incipient,1992-03-26 15:00:00,1992-03-26 15:00:00
19920253,intensification,1992-03-26 18:00:00,1992-03-27 21:00:00
19920253,mature,1992-03-28 00:00:00,1992-03-28 12:00:00
19920253,decay,1992-03-28 15:00:00,1992-03-31 18:00:00
19920258,decay,1992-03-28 12:00:00,1992-03-31 15:00:00
19920268,incipient,1992-03-30 12:00:00,1992-03-31 09:00:00
19920268,intensification,1992-03-31 12:00:00,1992-04-02 06:00:00
19920268,mature,1992-04-02 09:00:00,1992-04-02 18:00:00
19920268,decay,1992-04-02 21:00:00,1992-04-03 06:00:00
19920284,intensification,1992-04-04 09:00:00,1992-04-04 21:00:00
19920284,decay,1992-04-05 00:00:00,1992-04-05 06:00:00
19920293,incipient,1992-04-06 03:00:00,1992-04-06 09:00:00
19920293,decay,1992-04-06 12:00:00,1992-04-06 18:00:00
19920293,intensification,1992-04-06 21:00:00,1992-04-07 00:00:00
19920295,incipient,1992-04-06 06:00:00,1992-04-06 18:00:00
19920295,intensification,1992-04-06 21:00:00,1992-04-08 18:00:00
19920295,mature,1992-04-08 21:00:00,1992-04-09 18:00:00
19920295,decay,1992-04-09 21:00:00,1992-04-14 09:00:00
19920308,incipient,1992-04-11 06:00:00,1992-04-11 12:00:00
19920308,intensification,1992-04-11 15:00:00,1992-04-13 03:00:00
19920308,mature,1992-04-13 06:00:00,1992-04-14 00:00:00
19920308,decay,1992-04-14 03:00:00,1992-04-18 00:00:00
19920308,residual,1992-04-18 03:00:00,1992-04-21 12:00:00
19920318,decay,1992-04-13 12:00:00,1992-04-17 09:00:00
19920323,incipient,1992-04-16 03:00:00,1992-04-16 06:00:00
19920323,decay,1992-04-16 09:00:00,1992-04-17 12:00:00
19920323,intensification,1992-04-17 15:00:00,1992-04-18 06:00:00
19920323,mature,1992-04-18 09:00:00,1992-04-18 15:00:00
19920323,decay 2,1992-04-18 18:00:00,1992-04-20 06:00:00
19920323,residual,1992-04-20 09:00:00,1992-04-20 09:00:00
19920330,incipient,1992-04-19 03:00:00,1992-04-19 03:00:00
19920330,intensification,1992-04-19 06:00:00,1992-04-19 21:00:00
19920330,mature,1992-04-20 00:00:00,1992-04-20 03:00:00
19920330,decay,1992-04-20 06:00:00,1992-04-22 09:00:00
19920345,incipient,1992-04-24 18:00:00,1992-04-25 00:00:00
19920345,intensification,1992-04-25 03:00:00,1992-04-26 06:00:00
19920345,mature,1992-04-26 09:00:00,1992-04-26 12:00:00
19920345,decay,1992-04-26 15:00:00,1992-04-27 09:00:00
19920346,incipient,1992-04-25 00:00:00,1992-04-25 00:00:00
19920346,intensification,1992-04-25 03:00:00,1992-04-25 09:00:00
19920346,mature,1992-04-25 12:00:00,1992-04-25 15:00:00
19920346,decay,1992-04-25 18:00:00,1992-04-26 12:00:00
19920354,incipient,1992-04-28 00:00:00,1992-04-28 03:00:00
19920354,decay,1992-04-28 06:00:00,1992-04-28 21:00:00
19920354,intensification,1992-04-29 00:00:00,1992-04-29 00:00:00
19920358,intensification,1992-04-28 18:00:00,1992-05-01 03:00:00
19920358,mature,1992-05-01 06:00:00,1992-05-01 15:00:00
19920358,decay,1992-05-01 18:00:00,1992-05-03 06:00:00
19920370,incipient,1992-05-02 00:00:00,1992-05-02 12:00:00
19920370,intensification,1992-05-02 15:00:00,1992-05-04 00:00:00
19920370,mature,1992-05-04 03:00:00,1992-05-04 15:00:00
19920370,decay,1992-05-04 18:00:00,1992-05-06 15:00:00
19920379,incipient,1992-05-04 06:00:00,1992-05-05 09:00:00
19920379,intensification,1992-05-05 12:00:00,1992-05-07 18:00:00
19920379,mature,1992-05-07 21:00:00,1992-05-08 15:00:00
19920379,decay,1992-05-08 18:00:00,1992-05-10 09:00:00
19920380,incipient,1992-05-04 09:00:00,1992-05-04 15:00:00
19920380,intensification,1992-05-04 18:00:00,1992-05-06 06:00:00
19920380,mature,1992-05-06 09:00:00,1992-05-06 21:00:00
19920380,decay,1992-05-07 00:00:00,1992-05-09 09:00:00
19920391,incipient,1992-05-09 12:00:00,1992-05-09 12:00:00
19920391,intensification,1992-05-09 15:00:00,1992-05-10 03:00:00
19920391,mature,1992-05-10 06:00:00,1992-05-10 09:00:00
19920391,decay,1992-05-10 12:00:00,1992-05-11 12:00:00
19920396,intensification,1992-05-11 15:00:00,1992-05-12 09:00:00
19920396,mature,1992-05-12 12:00:00,1992-05-13 03:00:00
19920396,decay,1992-05-13 06:00:00,1992-05-16 21:00:00
19920404,incipient,1992-05-12 18:00:00,1992-05-13 00:00:00
19920404,intensification,1992-05-13 03:00:00,1992-05-16 21:00:00
19920404,mature,1992-05-17 00:00:00,1992-05-18 00:00:00
19920404,decay,1992-05-18 03:00:00,1992-05-21 21:00:00
19920411,incipient,1992-05-17 00:00:00,1992-05-17 12:00:00
19920411,intensification,1992-05-17 15:00:00,1992-05-22 03:00:00
19920411,mature,1992-05-22 06:00:00,1992-05-23 09:00:00
19920411,decay,1992-05-23 12:00:00,1992-05-26 12:00:00
19920418,incipient,1992-05-18 06:00:00,1992-05-19 09:00:00
19920418,intensification,1992-05-19 12:00:00,1992-05-22 09:00:00
19920418,mature,1992-05-22 12:00:00,1992-05-23 12:00:00
19920418,decay,1992-05-23 15:00:00,1992-05-27 03:00:00
19920421,intensification,1992-05-20 12:00:00,1992-05-22 03:00:00
19920421,mature,1992-05-22 06:00:00,1992-05-23 00:00:00
19920421,decay,1992-05-23 03:00:00,1992-05-28 03:00:00
19920424,incipient,1992-05-23 00:00:00,1992-05-23 15:00:00
19920424,intensification,1992-05-23 18:00:00,1992-05-25 00:00:00
19920424,mature,1992-05-25 03:00:00,1992-05-25 12:00:00
19920424,decay,1992-05-25 15:00:00,1992-05-26 21:00:00
19920433,incipient,1992-05-25 03:00:00,1992-05-25 03:00:00
19920433,intensification,1992-05-25 06:00:00,1992-05-25 21:00:00
19920433,mature,1992-05-26 00:00:00,1992-05-26 03:00:00
19920433,decay,1992-05-26 06:00:00,1992-05-27 21:00:00
19920438,decay,1992-05-26 00:00:00,1992-05-26 15:00:00
19920438,intensification,1992-05-26 18:00:00,1992-05-27 03:00:00
19920438,decay 2,1992-05-27 06:00:00,1992-05-28 03:00:00
19920442,incipient,1992-05-26 18:00:00,1992-05-27 06:00:00
19920442,intensification,1992-05-27 09:00:00,1992-05-29 09:00:00
19920442,mature,1992-05-29 12:00:00,1992-05-30 00:00:00
19920442,decay,1992-05-30 03:00:00,1992-05-31 18:00:00
19920445,intensification,1992-05-28 00:00:00,1992-05-28 18:00:00
19920445,mature,1992-05-28 21:00:00,1992-05-29 00:00:00
19920445,decay,1992-05-29 03:00:00,1992-05-30 09:00:00
19920445,residual,1992-05-30 12:00:00,1992-05-31 06:00:00
19920449,intensification,1992-05-29 00:00:00,1992-05-29 12:00:00
19920449,decay,1992-05-29 15:00:00,1992-05-29 21:00:00
19920451,incipient,1992-05-30 00:00:00,1992-05-30 21:00:00
19920451,intensification,1992-05-31 00:00:00,1992-06-02 03:00:00
19920451,mature,1992-06-02 06:00:00,1992-06-03 00:00:00
19920451,decay,1992-06-03 03:00:00,1992-06-06 03:00:00
19920452,intensification,1992-05-30 12:00:00,1992-05-30 21:00:00
19920452,decay,1992-05-31 00:00:00,1992-05-31 09:00:00
19920455,incipient,1992-05-31 03:00:00,1992-05-31 18:00:00
19920455,intensification,1992-05-31 21:00:00,1992-06-02 00:00:00
19920455,mature,1992-06-02 03:00:00,1992-06-02 12:00:00
19920455,decay,1992-06-02 15:00:00,1992-06-03 18:00:00
19920456,incipient,1992-05-31 12:00:00,1992-05-31 18:00:00
19920456,intensification,1992-05-31 21:00:00,1992-06-02 00:00:00
19920456,mature,1992-06-02 03:00:00,1992-06-02 09:00:00
19920456,decay,1992-06-02 12:00:00,1992-06-03 15:00:00
19920460,incipient,1992-06-03 00:00:00,1992-06-03 06:00:00
19920460,intensification,1992-06-03 09:00:00,1992-06-05 00:00:00
19920460,mature,1992-06-05 03:00:00,1992-06-05 12:00:00
19920460,decay,1992-06-05 15:00:00,1992-06-06 18:00:00
19920472,incipient,1992-06-05 09:00:00,1992-06-05 15:00:00
19920472,intensification,1992-06-05 18:00:00,1992-06-07 03:00:00
19920472,mature,1992-06-07 06:00:00,1992-06-08 09:00:00
19920472,decay,1992-06-08 12:00:00,1992-06-15 00:00:00
19920477,intensification,1992-06-07 12:00:00,1992-06-07 15:00:00
19920477,decay,1992-06-07 18:00:00,1992-06-08 09:00:00
19920481,intensification,1992-06-08 18:00:00,1992-06-10 03:00:00
19920481,mature,1992-06-10 06:00:00,1992-06-11 06:00:00
19920481,decay,1992-06-11 09:00:00,1992-06-17 21:00:00
19920483,decay,1992-06-09 09:00:00,1992-06-09 21:00:00
19920483,intensification,1992-06-10 00:00:00,1992-06-10 06:00:00
19920483,decay 2,1992-06-10 09:00:00,1992-06-10 21:00:00
19920483,residual,1992-06-11 00:00:00,1992-06-11 00:00:00
19920489,decay,1992-06-12 00:00:00,1992-06-13 09:00:00
19920494,incipient,1992-06-12 15:00:00,1992-06-13 03:00:00
19920494,intensification,1992-06-13 06:00:00,1992-06-14 18:00:00
19920494,mature,1992-06-14 21:00:00,1992-06-15 06:00:00
19920494,decay,1992-06-15 09:00:00,1992-06-17 00:00:00
19920501,incipient,1992-06-14 09:00:00,1992-06-15 03:00:00
19920501,intensification,1992-06-15 06:00:00,1992-06-16 21:00:00
19920501,mature,1992-06-17 00:00:00,1992-06-17 09:00:00
19920501,decay,1992-06-17 12:00:00,1992-06-18 15:00:00
19920507,incipient,1992-06-17 12:00:00,1992-06-18 00:00:00
19920507,intensification,1992-06-18 03:00:00,1992-06-19 09:00:00
19920507,mature,1992-06-19 12:00:00,1992-06-19 18:00:00
19920507,decay,1992-06-19 21:00:00,1992-06-20 00:00:00
19920521,incipient,1992-06-22 00:00:00,1992-06-22 09:00:00
19920521,intensification,1992-06-22 12:00:00,1992-06-23 15:00:00
19920521,mature,1992-06-23 18:00:00,1992-06-24 03:00:00
19920521,decay,1992-06-24 06:00:00,1992-06-25 18:00:00
19920524,intensification,1992-06-22 18:00:00,1992-06-23 21:00:00
19920528,incipient,1992-06-24 00:00:00,1992-06-24 00:00:00
19920528,intensification,1992-06-24 03:00:00,1992-06-24 21:00:00
19920528,mature,1992-06-25 00:00:00,1992-06-25 09:00:00
19920528,decay,1992-06-25 12:00:00,1992-06-28 00:00:00
19920535,incipient,1992-06-27 18:00:00,1992-06-28 06:00:00
19920535,intensification,1992-06-28 09:00:00,1992-06-28 12:00:00
19920535,decay,1992-06-28 15:00:00,1992-06-29 06:00:00
19920535,intensification 2,1992-06-29 09:00:00,1992-06-29 21:00:00
19920543,incipient,1992-06-29 12:00:00,1992-06-30 00:00:00
19920543,intensification,1992-06-30 03:00:00,1992-07-03 12:00:00
19920543,mature,1992-07-03 15:00:00,1992-07-04 15:00:00
19920543,decay,1992-07-04 18:00:00,1992-07-09 09:00:00
19920545,decay,1992-06-29 15:00:00,1992-06-29 18:00:00
19920545,intensification,1992-06-29 21:00:00,1992-06-29 21:00:00
19920545,decay 2,1992-06-30 00:00:00,1992-06-30 06:00:00
19920545,intensification 2,1992-06-30 09:00:00,1992-06-30 12:00:00
19920573,intensification,1992-07-07 15:00:00,1992-07-08 21:00:00
19920579,incipient,1992-07-10 03:00:00,1992-07-10 09:00:00
19920579,intensification,1992-07-10 12:00:00,1992-07-11 09:00:00
19920579,mature,1992-07-11 12:00:00,1992-07-11 18:00:00
19920579,decay,1992-07-11 21:00:00,1992-07-12 15:00:00
19920595,incipient,1992-07-14 12:00:00,1992-07-14 21:00:00
19920595,decay,1992-07-15 00:00:00,1992-07-16 18:00:00
19920595,intensification,1992-07-16 21:00:00,1992-07-19 18:00:00
19920595,mature,1992-07-19 21:00:00,1992-07-20 15:00:00
19920595,decay 2,1992-07-20 18:00:00,1992-07-23 09:00:00
19920597,intensification,1992-07-14 15:00:00,1992-07-15 12:00:00
19920606,incipient,1992-07-17 18:00:00,1992-07-17 18:00:00
19920606,intensification,1992-07-17 21:00:00,1992-07-18 09:00:00
19920606,mature,1992-07-18 12:00:00,1992-07-18 15:00:00
19920606,decay,1992-07-18 18:00:00,1992-07-19 12:00:00
19920614,incipient,1992-07-20 00:00:00,1992-07-20 18:00:00
19920614,intensification,1992-07-20 21:00:00,1992-07-23 06:00:00
19920614,mature,1992-07-23 09:00:00,1992-07-24 03:00:00
19920614,decay,1992-07-24 06:00:00,1992-07-27 15:00:00
19920625,decay,1992-07-24 03:00:00,1992-07-25 21:00:00
19920628,incipient,1992-07-25 12:00:00,1992-07-25 18:00:00
19920628,intensification,1992-07-25 21:00:00,1992-07-26 09:00:00
19920628,mature,1992-07-26 12:00:00,1992-07-26 15:00:00
19920628,decay,1992-07-26 18:00:00,1992-07-27 09:00:00
19920639,decay,1992-07-27 12:00:00,1992-07-28 12:00:00
19920641,intensification,1992-07-27 12:00:00,1992-07-28 00:00:00
19920641,decay,1992-07-28 03:00:00,1992-07-28 12:00:00
19920645,intensification,1992-07-28 12:00:00,1992-07-28 18:00:00
19920645,decay,1992-07-28 21:00:00,1992-07-29 12:00:00
19920654,decay,1992-07-30 15:00:00,1992-07-30 18:00:00
19920654,intensification,1992-07-30 21:00:00,1992-07-31 06:00:00
19920654,decay 2,1992-07-31 09:00:00,1992-07-31 15:00:00
19920670,incipient,1992-08-02 18:00:00,1992-08-02 18:00:00
19920670,intensification,1992-08-02 21:00:00,1992-08-03 12:00:00
19920670,mature,1992-08-03 15:00:00,1992-08-03 18:00:00
19920670,decay,1992-08-03 21:00:00,1992-08-05 09:00:00
19920673,intensification,1992-08-03 12:00:00,1992-08-05 09:00:00
19920679,incipient,1992-08-05 12:00:00,1992-08-05 18:00:00
19920679,intensification,1992-08-05 21:00:00,1992-08-06 21:00:00
19920679,mature,1992-08-07 00:00:00,1992-08-07 03:00:00
19920679,decay,1992-08-07 06:00:00,1992-08-08 00:00:00
19920683,intensification,1992-08-06 06:00:00,1992-08-07 03:00:00
19920685,incipient,1992-08-07 06:00:00,1992-08-07 15:00:00
19920685,intensification,1992-08-07 18:00:00,1992-08-08 21:00:00
19920685,mature,1992-08-09 00:00:00,1992-08-09 09:00:00
19920685,decay,1992-08-09 12:00:00,1992-08-11 06:00:00
19920691,intensification,1992-08-09 06:00:00,1992-08-09 21:00:00
19920691,decay,1992-08-10 00:00:00,1992-08-10 12:00:00
19920696,incipient,1992-08-10 18:00:00,1992-08-11 00:00:00
19920696,intensification,1992-08-11 03:00:00,1992-08-11 21:00:00
19920696,mature,1992-08-12 00:00:00,1992-08-12 06:00:00
19920696,decay,1992-08-12 09:00:00,1992-08-13 09:00:00
19920697,incipient,1992-08-11 06:00:00,1992-08-11 21:00:00
19920697,intensification,1992-08-12 00:00:00,1992-08-15 18:00:00
19920697,mature,1992-08-15 21:00:00,1992-08-16 21:00:00
19920697,decay,1992-08-17 00:00:00,1992-08-20 06:00:00
19920700,incipient,1992-08-12 09:00:00,1992-08-12 15:00:00
19920700,intensification,1992-08-12 18:00:00,1992-08-13 15:00:00
19920700,mature,1992-08-13 18:00:00,1992-08-13 21:00:00
19920700,decay,1992-08-14 00:00:00,1992-08-14 18:00:00
19920701,intensification,1992-08-12 09:00:00,1992-08-14 00:00:00
19920701,mature,1992-08-14 03:00:00,1992-08-14 12:00:00
19920701,decay,1992-08-14 15:00:00,1992-08-16 06:00:00
19920701,intensification 2,1992-08-16 09:00:00,1992-08-19 09:00:00
19920701,mature 2,1992-08-19 12:00:00,1992-08-20 03:00:00
19920701,decay 2,1992-08-20 06:00:00,1992-08-22 00:00:00
19930007,incipient,1993-01-02 12:00:00,1993-01-02 15:00:00
19930007,intensification,1993-01-02 18:00:00,1993-01-03 21:00:00
19930007,mature,1993-01-04 00:00:00,1993-01-04 06:00:00
19930007,decay,1993-01-04 09:00:00,1993-01-05 21:00:00
19930012,incipient,1993-01-04 06:00:00,1993-01-04 09:00:00
19930012,intensification,1993-01-04 12:00:00,1993-01-05 21:00:00
19930012,mature,1993-01-06 00:00:00,1993-01-06 09:00:00
19930012,decay,1993-01-06 12:00:00,1993-01-07 21:00:00
19930012,intensification 2,1993-01-08 00:00:00,1993-01-09 03:00:00
19930012,mature 2,1993-01-09 06:00:00,1993-01-09 12:00:00
19930012,decay 2,1993-01-09 15:00:00,1993-01-11 00:00:00
19930016,intensification,1993-01-05 12:00:00,1993-01-06 00:00:00
19930016,decay,1993-01-06 03:00:00,1993-01-06 21:00:00
19930018,incipient,1993-01-06 03:00:00,1993-01-06 03:00:00
19930018,intensification,1993-01-06 06:00:00,1993-01-07 09:00:00
19930018,mature,1993-01-07 12:00:00,1993-01-07 15:00:00
19930018,decay,1993-01-07 18:00:00,1993-01-08 09:00:00
19930022,incipient,1993-01-08 00:00:00,1993-01-08 12:00:00
19930022,intensification,1993-01-08 15:00:00,1993-01-10 12:00:00
19930022,mature,1993-01-10 15:00:00,1993-01-11 09:00:00
19930022,decay,1993-01-11 12:00:00,1993-01-15 03:00:00
19930023,intensification,1993-01-08 18:00:00,1993-01-09 06:00:00
19930023,mature,1993-01-09 09:00:00,1993-01-09 12:00:00
19930023,decay,1993-01-09 15:00:00,1993-01-11 00:00:00
19930027,incipient,1993-01-10 12:00:00,1993-01-10 21:00:00
19930027,intensification,1993-01-11 00:00:00,1993-01-13 00:00:00
19930027,mature,1993-01-13 03:00:00,1993-01-13 21:00:00
19930027,decay,1993-01-14 00:00:00,1993-01-18 03:00:00
19930028,intensification,1993-01-10 12:00:00,1993-01-11 00:00:00
19930028,decay,1993-01-11 03:00:00,1993-01-12 06:00:00
19930036,intensification,1993-01-14 00:00:00,1993-01-15 00:00:00
19930039,incipient,1993-01-15 06:00:00,1993-01-15 12:00:00
19930039,intensification,1993-01-15 15:00:00,1993-01-17 00:00:00
19930039,mature,1993-01-17 03:00:00,1993-01-17 12:00:00
19930039,decay,1993-01-17 15:00:00,1993-01-19 03:00:00
19930043,incipient,1993-01-16 06:00:00,1993-01-16 12:00:00
19930043,intensification,1993-01-16 15:00:00,1993-01-16 15:00:00
19930043,decay,1993-01-16 18:00:00,1993-01-17 09:00:00
19930043,intensification 2,1993-01-17 12:00:00,1993-01-17 21:00:00
19930045,incipient,1993-01-16 12:00:00,1993-01-16 21:00:00
19930045,intensification,1993-01-17 00:00:00,1993-01-18 09:00:00
19930045,mature,1993-01-18 12:00:00,1993-01-19 03:00:00
19930045,decay,1993-01-19 06:00:00,1993-01-22 09:00:00
19930052,incipient,1993-01-19 00:00:00,1993-01-19 00:00:00
19930052,intensification,1993-01-19 03:00:00,1993-01-20 09:00:00
19930052,mature,1993-01-20 12:00:00,1993-01-20 18:00:00
19930052,decay,1993-01-20 21:00:00,1993-01-21 18:00:00
19930061,incipient,1993-01-20 15:00:00,1993-01-20 18:00:00
19930061,intensification,1993-01-20 21:00:00,1993-01-21 12:00:00
19930061,mature,1993-01-21 15:00:00,1993-01-21 18:00:00
19930061,decay,1993-01-21 21:00:00,1993-01-22 09:00:00
19930064,incipient,1993-01-21 06:00:00,1993-01-21 12:00:00
19930064,intensification,1993-01-21 15:00:00,1993-01-23 09:00:00
19930064,mature,1993-01-23 12:00:00,1993-01-23 21:00:00
19930064,decay,1993-01-24 00:00:00,1993-01-29 09:00:00
19930069,incipient,1993-01-22 15:00:00,1993-01-23 15:00:00
19930069,decay,1993-01-23 18:00:00,1993-01-23 18:00:00
19930069,intensification,1993-01-23 21:00:00,1993-01-24 18:00:00
19930069,mature,1993-01-24 21:00:00,1993-01-25 00:00:00
19930069,decay 2,1993-01-25 03:00:00,1993-01-25 15:00:00
19930071,incipient,1993-01-24 12:00:00,1993-01-24 18:00:00
19930071,intensification,1993-01-24 21:00:00,1993-01-26 09:00:00
19930071,mature,1993-01-26 12:00:00,1993-01-26 18:00:00
19930071,decay,1993-01-26 21:00:00,1993-01-27 12:00:00
19930079,incipient,1993-01-27 09:00:00,1993-01-28 03:00:00
19930079,intensification,1993-01-28 06:00:00,1993-01-30 12:00:00
19930079,mature,1993-01-30 15:00:00,1993-01-31 06:00:00
19930079,decay,1993-01-31 09:00:00,1993-02-02 18:00:00
19930080,incipient,1993-01-27 12:00:00,1993-01-28 00:00:00
19930080,intensification,1993-01-28 03:00:00,1993-01-29 15:00:00
19930080,mature,1993-01-29 18:00:00,1993-01-30 03:00:00
19930080,decay,1993-01-30 06:00:00,1993-01-31 09:00:00
19930085,incipient,1993-01-28 09:00:00,1993-01-28 15:00:00
19930085,intensification,1993-01-28 18:00:00,1993-01-29 00:00:00
19930085,decay,1993-01-29 03:00:00,1993-01-29 06:00:00
19930085,intensification 2,1993-01-29 09:00:00,1993-01-29 09:00:00
19930095,incipient,1993-02-01 03:00:00,1993-02-01 12:00:00
19930095,intensification,1993-02-01 15:00:00,1993-02-02 12:00:00
19930095,mature,1993-02-02 15:00:00,1993-02-02 18:00:00
19930095,decay,1993-02-02 21:00:00,1993-02-03 15:00:00
19930103,intensification,1993-02-04 00:00:00,1993-02-05 06:00:00
19930103,mature,1993-02-05 09:00:00,1993-02-05 15:00:00
19930103,decay,1993-02-05 18:00:00,1993-02-07 00:00:00
19930103,residual,1993-02-07 03:00:00,1993-02-10 09:00:00
19930107,intensification,1993-02-05 00:00:00,1993-02-05 15:00:00
19930107,mature,1993-02-05 18:00:00,1993-02-05 21:00:00
19930107,decay,1993-02-06 00:00:00,1993-02-07 09:00:00
19930112,decay,1993-02-06 00:00:00,1993-02-06 03:00:00
19930112,intensification,1993-02-06 06:00:00,1993-02-06 15:00:00
19930112,decay 2,1993-02-06 18:00:00,1993-02-07 03:00:00
19930121,incipient,1993-02-08 15:00:00,1993-02-10 00:00:00
19930121,decay,1993-02-10 03:00:00,1993-02-17 00:00:00
19930122,decay,1993-02-09 00:00:00,1993-02-09 12:00:00
19930122,intensification,1993-02-09 15:00:00,1993-02-09 21:00:00
19930122,mature,1993-02-10 00:00:00,1993-02-10 06:00:00
19930122,decay 2,1993-02-10 09:00:00,1993-02-12 06:00:00
19930124,incipient,1993-02-10 00:00:00,1993-02-10 00:00:00
19930124,intensification,1993-02-10 03:00:00,1993-02-11 21:00:00
19930124,mature,1993-02-12 00:00:00,1993-02-12 06:00:00
19930124,decay,1993-02-12 09:00:00,1993-02-12 21:00:00
19930135,incipient,1993-02-13 06:00:00,1993-02-13 09:00:00
19930135,decay,1993-02-13 12:00:00,1993-02-14 00:00:00
19930135,intensification,1993-02-14 03:00:00,1993-02-14 03:00:00
19930135,decay 2,1993-02-14 06:00:00,1993-02-14 18:00:00
19930146,incipient,1993-02-15 12:00:00,1993-02-18 00:00:00
19930146,intensification,1993-02-18 03:00:00,1993-02-22 09:00:00
19930146,mature,1993-02-22 12:00:00,1993-02-23 18:00:00
19930146,decay,1993-02-23 21:00:00,1993-03-01 12:00:00
19930155,incipient,1993-02-18 18:00:00,1993-02-18 21:00:00
19930155,intensification,1993-02-19 00:00:00,1993-02-19 12:00:00
19930155,mature,1993-02-19 15:00:00,1993-02-19 18:00:00
19930155,decay,1993-02-19 21:00:00,1993-02-20 18:00:00
19930158,incipient,1993-02-19 06:00:00,1993-02-19 12:00:00
19930158,intensification,1993-02-19 15:00:00,1993-02-20 06:00:00
19930158,mature,1993-02-20 09:00:00,1993-02-20 12:00:00
19930158,decay,1993-02-20 15:00:00,1993-02-21 00:00:00
19930179,incipient,1993-02-26 00:00:00,1993-02-26 12:00:00
19930179,intensification,1993-02-26 15:00:00,1993-02-28 00:00:00
19930179,mature,1993-02-28 03:00:00,1993-02-28 15:00:00
19930179,decay,1993-02-28 18:00:00,1993-03-02 09:00:00
19930184,incipient,1993-02-28 03:00:00,1993-02-28 03:00:00
19930184,intensification,1993-02-28 06:00:00,1993-03-01 09:00:00
19930184,mature,1993-03-01 12:00:00,1993-03-01 15:00:00
19930184,decay,1993-03-01 18:00:00,1993-03-02 06:00:00
19930184,residual,1993-03-02 09:00:00,1993-03-02 09:00:00
19930191,incipient,1993-03-02 00:00:00,1993-03-02 18:00:00
19930191,intensification,1993-03-02 21:00:00,1993-03-04 18:00:00
19930191,mature,1993-03-04 21:00:00,1993-03-05 09:00:00
19930191,decay,1993-03-05 12:00:00,1993-03-06 09:00:00
19930209,intensification,1993-03-07 12:00:00,1993-03-08 09:00:00
19930211,incipient,1993-03-08 12:00:00,1993-03-08 21:00:00
19930211,intensification,1993-03-09 00:00:00,1993-03-10 03:00:00
19930211,mature,1993-03-10 06:00:00,1993-03-10 12:00:00
19930211,decay,1993-03-10 15:00:00,1993-03-12 00:00:00
19930215,intensification,1993-03-09 09:00:00,1993-03-10 21:00:00
19930215,mature,1993-03-11 00:00:00,1993-03-11 06:00:00
19930215,decay,1993-03-11 09:00:00,1993-03-12 12:00:00
19930215,residual,1993-03-12 15:00:00,1993-03-17 06:00:00
19930222,decay,1993-03-11 09:00:00,1993-03-11 12:00:00
19930222,intensification,1993-03-11 15:00:00,1993-03-12 21:00:00
19930231,decay,1993-03-14 12:00:00,1993-03-15 09:00:00
19930246,incipient,1993-03-17 18:00:00,1993-03-18 03:00:00
19930246,intensification,1993-03-18 06:00:00,1993-03-19 03:00:00
19930246,mature,1993-03-19 06:00:00,1993-03-19 12:00:00
19930246,decay,1993-03-19 15:00:00,1993-03-20 09:00:00
19930247,intensification,1993-03-18 06:00:00,1993-03-18 21:00:00
19930247,decay,1993-03-19 00:00:00,1993-03-19 03:00:00
19930249,intensification,1993-03-18 18:00:00,1993-03-20 15:00:00
19930259,incipient,1993-03-22 00:00:00,1993-03-23 21:00:00
19930259,decay,1993-03-24 00:00:00,1993-03-24 00:00:00
19930259,intensification,1993-03-24 03:00:00,1993-03-25 09:00:00
19930259,mature,1993-03-25 12:00:00,1993-03-25 21:00:00
19930259,decay 2,1993-03-26 00:00:00,1993-03-28 06:00:00
19930261,incipient,1993-03-22 03:00:00,1993-03-22 03:00:00
19930261,intensification,1993-03-22 06:00:00,1993-03-22 21:00:00
19930261,mature,1993-03-23 00:00:00,1993-03-23 03:00:00
19930261,decay,1993-03-23 06:00:00,1993-03-23 09:00:00
19930269,incipient,1993-03-24 03:00:00,1993-03-24 03:00:00
19930269,decay,1993-03-24 06:00:00,1993-03-25 03:00:00
19930269,intensification,1993-03-25 06:00:00,1993-03-26 12:00:00
19930269,mature,1993-03-26 15:00:00,1993-03-27 00:00:00
19930269,decay 2,1993-03-27 03:00:00,1993-03-28 21:00:00
19930273,incipient,1993-03-26 12:00:00,1993-03-27 06:00:00
19930273,intensification,1993-03-27 09:00:00,1993-03-29 21:00:00
19930273,mature,1993-03-30 00:00:00,1993-03-30 21:00:00
19930273,decay,1993-03-31 00:00:00,1993-04-02 15:00:00
19930275,incipient,1993-03-26 18:00:00,1993-03-29 12:00:00
19930275,intensification,1993-03-29 15:00:00,1993-04-01 06:00:00
19930275,mature,1993-04-01 09:00:00,1993-04-01 21:00:00
19930275,decay,1993-04-02 00:00:00,1993-04-03 12:00:00
19930280,incipient,1993-03-28 03:00:00,1993-03-28 06:00:00
19930280,decay,1993-03-28 09:00:00,1993-03-28 15:00:00
19930280,intensification,1993-03-28 18:00:00,1993-03-29 00:00:00
19930280,decay 2,1993-03-29 03:00:00,1993-03-29 06:00:00
19930286,intensification,1993-03-30 18:00:00,1993-04-01 21:00:00
19930286,residual,1993-04-02 00:00:00,1993-04-02 09:00:00
19930289,incipient,1993-03-31 03:00:00,1993-03-31 15:00:00
19930289,intensification,1993-03-31 18:00:00,1993-04-02 06:00:00
19930289,mature,1993-04-02 09:00:00,1993-04-02 21:00:00
19930289,decay,1993-04-03 00:00:00,1993-04-05 00:00:00
19930293,incipient,1993-04-01 18:00:00,1993-04-02 00:00:00
19930293,intensification,1993-04-02 03:00:00,1993-04-03 03:00:00
19930293,mature,1993-04-03 06:00:00,1993-04-03 15:00:00
19930293,decay,1993-04-03 18:00:00,1993-04-06 06:00:00
19930295,intensification,1993-04-02 00:00:00,1993-04-02 18:00:00
19930295,mature,1993-04-02 21:00:00,1993-04-03 12:00:00
19930295,decay,1993-04-03 15:00:00,1993-04-07 00:00:00
19930295,residual,1993-04-07 03:00:00,1993-04-07 09:00:00
19930298,incipient,1993-04-03 00:00:00,1993-04-03 12:00:00
19930298,intensification,1993-04-03 15:00:00,1993-04-04 18:00:00
19930298,mature,1993-04-04 21:00:00,1993-04-05 06:00:00
19930298,decay,1993-04-05 09:00:00,1993-04-06 06:00:00
19930309,intensification,1993-04-07 03:00:00,1993-04-07 18:00:00
19930309,decay,1993-04-07 21:00:00,1993-04-08 12:00:00
19930314,incipient,1993-04-08 00:00:00,1993-04-08 06:00:00
19930314,intensification,1993-04-08 09:00:00,1993-04-11 21:00:00
19930314,mature,1993-04-12 00:00:00,1993-04-12 18:00:00
19930314,decay,1993-04-12 21:00:00,1993-04-15 09:00:00
19930314,residual,1993-04-15 12:00:00,1993-04-18 09:00:00
19930318,intensification,1993-04-09 12:00:00,1993-04-10 00:00:00
19930318,decay,1993-04-10 03:00:00,1993-04-10 09:00:00
19930344,incipient,1993-04-17 09:00:00,1993-04-17 09:00:00
19930344,intensification,1993-04-17 12:00:00,1993-04-18 03:00:00
19930344,mature,1993-04-18 06:00:00,1993-04-18 09:00:00
19930344,decay,1993-04-18 12:00:00,1993-04-19 06:00:00
19930349,incipient,1993-04-18 15:00:00,1993-04-18 18:00:00
19930349,intensification,1993-04-18 21:00:00,1993-04-19 09:00:00
19930349,mature,1993-04-19 12:00:00,1993-04-19 18:00:00
19930349,decay,1993-04-19 21:00:00,1993-04-21 09:00:00
19930356,incipient,1993-04-20 12:00:00,1993-04-21 12:00:00
19930356,intensification,1993-04-21 15:00:00,1993-04-24 06:00:00
19930356,mature,1993-04-24 09:00:00,1993-04-25 12:00:00
19930356,decay,1993-04-25 15:00:00,1993-04-30 18:00:00
19930364,incipient,1993-04-23 15:00:00,1993-04-23 18:00:00
19930364,intensification,1993-04-23 21:00:00,1993-04-25 12:00:00
19930364,mature,1993-04-25 15:00:00,1993-04-26 00:00:00
19930364,decay,1993-04-26 03:00:00,1993-04-27 09:00:00
19930366,incipient,1993-04-24 09:00:00,1993-04-24 09:00:00
19930366,intensification,1993-04-24 12:00:00,1993-04-25 06:00:00
19930366,mature,1993-04-25 09:00:00,1993-04-25 15:00:00
19930366,decay,1993-04-25 18:00:00,1993-04-26 15:00:00
19930370,incipient,1993-04-25 15:00:00,1993-04-25 15:00:00
19930370,decay,1993-04-25 18:00:00,1993-04-26 03:00:00
19930370,intensification,1993-04-26 06:00:00,1993-04-26 09:00:00
19930370,decay 2,1993-04-26 12:00:00,1993-04-27 00:00:00
19930375,incipient,1993-04-27 03:00:00,1993-04-27 03:00:00
19930375,intensification,1993-04-27 06:00:00,1993-04-28 06:00:00
19930375,mature,1993-04-28 09:00:00,1993-04-28 12:00:00
19930375,decay,1993-04-28 15:00:00,1993-04-28 21:00:00
19930382,incipient,1993-04-29 03:00:00,1993-04-29 06:00:00
19930382,intensification,1993-04-29 09:00:00,1993-05-02 12:00:00
19930382,mature,1993-05-02 15:00:00,1993-05-03 06:00:00
19930382,decay,1993-05-03 09:00:00,1993-05-04 15:00:00
19930392,incipient,1993-05-02 12:00:00,1993-05-02 18:00:00
19930392,intensification,1993-05-02 21:00:00,1993-05-03 18:00:00
19930392,mature,1993-05-03 21:00:00,1993-05-04 00:00:00
19930392,decay,1993-05-04 03:00:00,1993-05-04 21:00:00
19930396,incipient,1993-05-03 15:00:00,1993-05-04 03:00:00
19930396,intensification,1993-05-04 06:00:00,1993-05-06 00:00:00
19930396,mature,1993-05-06 03:00:00,1993-05-06 18:00:00
19930396,decay,1993-05-06 21:00:00,1993-05-09 21:00:00
19930396,residual,1993-05-10 00:00:00,1993-05-10 00:00:00
19930411,incipient,1993-05-07 09:00:00,1993-05-08 00:00:00
19930411,intensification,1993-05-08 03:00:00,1993-05-09 06:00:00
19930411,mature,1993-05-09 09:00:00,1993-05-09 15:00:00
19930411,decay,1993-05-09 18:00:00,1993-05-10 09:00:00
19930419,incipient,1993-05-11 00:00:00,1993-05-11 06:00:00
19930419,intensification,1993-05-11 09:00:00,1993-05-12 15:00:00
19930419,mature,1993-05-12 18:00:00,1993-05-12 21:00:00
19930419,decay,1993-05-13 00:00:00,1993-05-13 18:00:00
19930434,decay,1993-05-14 00:00:00,1993-05-14 18:00:00
19930434,intensification,1993-05-14 21:00:00,1993-05-15 03:00:00
19930434,decay 2,1993-05-15 06:00:00,1993-05-15 18:00:00
19930438,intensification,1993-05-15 09:00:00,1993-05-16 03:00:00
19930438,decay,1993-05-16 06:00:00,1993-05-18 06:00:00
19930443,incipient,1993-05-17 00:00:00,1993-05-17 15:00:00
19930443,intensification,1993-05-17 18:00:00,1993-05-19 03:00:00
19930443,mature,1993-05-19 06:00:00,1993-05-19 18:00:00
19930443,decay,1993-05-19 21:00:00,1993-05-21 12:00:00
19930454,incipient,1993-05-19 09:00:00,1993-05-19 12:00:00
19930454,intensification,1993-05-19 15:00:00,1993-05-19 15:00:00
19930454,decay,1993-05-19 18:00:00,1993-05-19 21:00:00
19930454,intensification 2,1993-05-20 00:00:00,1993-05-20 15:00:00
19930466,intensification,1993-05-22 06:00:00,1993-05-24 09:00:00
19930468,incipient,1993-05-23 00:00:00,1993-05-23 03:00:00
19930468,decay,1993-05-23 06:00:00,1993-05-23 18:00:00
19930468,intensification,1993-05-23 21:00:00,1993-05-23 21:00:00
19930471,intensification,1993-05-23 09:00:00,1993-05-23 12:00:00
19930471,decay,1993-05-23 15:00:00,1993-05-24 09:00:00
19930472,incipient,1993-05-23 18:00:00,1993-05-23 18:00:00
19930472,intensification,1993-05-23 21:00:00,1993-05-24 15:00:00
19930472,mature,1993-05-24 18:00:00,1993-05-24 21:00:00
19930472,decay,1993-05-25 00:00:00,1993-05-25 18:00:00
19930476,incipient,1993-05-24 15:00:00,1993-05-24 15:00:00
19930476,intensification,1993-05-24 18:00:00,1993-05-25 03:00:00
19930476,mature,1993-05-25 06:00:00,1993-05-25 09:00:00
19930476,decay,1993-05-25 12:00:00,1993-05-26 15:00:00
19930484,intensification,1993-05-26 00:00:00,1993-05-27 09:00:00
19930485,decay,1993-05-26 06:00:00,1993-05-26 15:00:00
19930485,intensification,1993-05-26 18:00:00,1993-05-27 18:00:00
19930493,decay,1993-05-28 12:00:00,1993-05-28 15:00:00
19930493,intensification,1993-05-28 18:00:00,1993-05-29 00:00:00
19930493,decay 2,1993-05-29 03:00:00,1993-05-29 12:00:00
19930502,incipient,1993-05-29 18:00:00,1993-05-30 00:00:00
19930502,decay,1993-05-30 03:00:00,1993-05-30 21:00:00
19930502,intensification,1993-05-31 00:00:00,1993-05-31 21:00:00
19930503,intensification,1993-05-30 06:00:00,1993-05-31 09:00:00
19930505,incipient,1993-05-31 06:00:00,1993-05-31 06:00:00
19930505,intensification,1993-05-31 09:00:00,1993-06-01 15:00:00
19930505,mature,1993-06-01 18:00:00,1993-06-02 06:00:00
19930505,decay,1993-06-02 09:00:00,1993-06-05 00:00:00
19930515,incipient,1993-06-03 00:00:00,1993-06-03 09:00:00
19930515,intensification,1993-06-03 12:00:00,1993-06-05 03:00:00
19930515,mature,1993-06-05 06:00:00,1993-06-05 15:00:00
19930515,decay,1993-06-05 18:00:00,1993-06-07 09:00:00
19930518,intensification,1993-06-04 09:00:00,1993-06-04 15:00:00
19930518,decay,1993-06-04 18:00:00,1993-06-05 06:00:00
19930528,decay,1993-06-06 12:00:00,1993-06-06 18:00:00
19930528,intensification,1993-06-06 21:00:00,1993-06-06 21:00:00
19930528,decay 2,1993-06-07 00:00:00,1993-06-07 12:00:00
19930531,incipient,1993-06-07 00:00:00,1993-06-07 09:00:00
19930531,intensification,1993-06-07 12:00:00,1993-06-08 15:00:00
19930531,mature,1993-06-08 18:00:00,1993-06-08 21:00:00
19930531,decay,1993-06-09 00:00:00,1993-06-09 15:00:00
19930551,incipient,1993-06-13 12:00:00,1993-06-14 00:00:00
19930551,intensification,1993-06-14 03:00:00,1993-06-14 03:00:00
19930551,decay,1993-06-14 06:00:00,1993-06-14 18:00:00
19930551,intensification 2,1993-06-14 21:00:00,1993-06-15 06:00:00
19930557,intensification,1993-06-14 09:00:00,1993-06-15 15:00:00
19930557,mature,1993-06-15 18:00:00,1993-06-16 03:00:00
19930557,decay,1993-06-16 06:00:00,1993-06-18 03:00:00
19930557,intensification 2,1993-06-18 06:00:00,1993-06-20 03:00:00
19930557,mature 2,1993-06-20 06:00:00,1993-06-20 15:00:00
19930557,decay 2,1993-06-20 18:00:00,1993-06-21 21:00:00
19930561,incipient,1993-06-17 03:00:00,1993-06-17 09:00:00
19930561,intensification,1993-06-17 12:00:00,1993-06-17 21:00:00
19930561,mature,1993-06-18 00:00:00,1993-06-18 03:00:00
19930561,decay,1993-06-18 06:00:00,1993-06-18 21:00:00
19930564,intensification,1993-06-17 15:00:00,1993-06-17 21:00:00
19930564,decay,1993-06-18 00:00:00,1993-06-18 15:00:00
19930568,incipient,1993-06-18 15:00:00,1993-06-19 06:00:00
19930568,intensification,1993-06-19 09:00:00,1993-06-19 09:00:00
19930568,decay,1993-06-19 12:00:00,1993-06-21 00:00:00
19930568,intensification 2,1993-06-21 03:00:00,1993-06-22 15:00:00
19930568,decay 2,1993-06-22 18:00:00,1993-06-23 09:00:00
19930571,incipient,1993-06-19 09:00:00,1993-06-19 15:00:00
19930571,intensification,1993-06-19 18:00:00,1993-06-20 21:00:00
19930571,mature,1993-06-21 00:00:00,1993-06-21 06:00:00
19930571,decay,1993-06-21 09:00:00,1993-06-22 21:00:00
19930572,incipient,1993-06-19 12:00:00,1993-06-19 12:00:00
19930572,intensification,1993-06-19 15:00:00,1993-06-21 03:00:00
19930572,mature,1993-06-21 06:00:00,1993-06-21 18:00:00
19930572,decay,1993-06-21 21:00:00,1993-06-24 09:00:00
19930572,residual,1993-06-24 12:00:00,1993-06-26 00:00:00
19930584,incipient,1993-06-23 15:00:00,1993-06-24 09:00:00
19930584,intensification,1993-06-24 12:00:00,1993-06-26 21:00:00
19930584,mature,1993-06-27 00:00:00,1993-06-27 15:00:00
19930584,decay,1993-06-27 18:00:00,1993-06-29 09:00:00
19930602,incipient,1993-06-29 06:00:00,1993-06-29 12:00:00
19930602,intensification,1993-06-29 15:00:00,1993-06-30 21:00:00
19930602,mature,1993-07-01 00:00:00,1993-07-01 03:00:00
19930602,decay,1993-07-01 06:00:00,1993-07-01 18:00:00
19930606,incipient,1993-06-30 09:00:00,1993-06-30 15:00:00
19930606,intensification,1993-06-30 18:00:00,1993-06-30 18:00:00
19930606,decay,1993-06-30 21:00:00,1993-07-01 06:00:00
19930606,intensification 2,1993-07-01 09:00:00,1993-07-01 12:00:00
19930606,decay 2,1993-07-01 15:00:00,1993-07-02 03:00:00
19930611,intensification,1993-07-01 09:00:00,1993-07-02 03:00:00
19930611,decay,1993-07-02 06:00:00,1993-07-02 12:00:00
19930631,decay,1993-07-06 06:00:00,1993-07-06 12:00:00
19930631,intensification,1993-07-06 15:00:00,1993-07-06 18:00:00
19930631,mature,1993-07-06 21:00:00,1993-07-07 03:00:00
19930631,decay 2,1993-07-07 06:00:00,1993-07-08 21:00:00
19930634,intensification,1993-07-06 18:00:00,1993-07-07 03:00:00
19930634,decay,1993-07-07 06:00:00,1993-07-08 03:00:00
19930640,intensification,1993-07-08 12:00:00,1993-07-09 12:00:00
19930640,mature,1993-07-09 15:00:00,1993-07-10 00:00:00
19930640,decay,1993-07-10 03:00:00,1993-07-12 15:00:00
19930640,residual,1993-07-12 18:00:00,1993-07-15 09:00:00
19930646,intensification,1993-07-09 15:00:00,1993-07-10 06:00:00
19930646,decay,1993-07-10 09:00:00,1993-07-11 00:00:00
19930646,residual,1993-07-11 03:00:00,1993-07-11 03:00:00
19930649,incipient,1993-07-11 06:00:00,1993-07-11 12:00:00
19930649,intensification,1993-07-11 15:00:00,1993-07-12 03:00:00
19930649,mature,1993-07-12 06:00:00,1993-07-12 09:00:00
19930649,decay,1993-07-12 12:00:00,1993-07-13 06:00:00
19930650,incipient,1993-07-11 06:00:00,1993-07-11 06:00:00
19930650,intensification,1993-07-11 09:00:00,1993-07-12 06:00:00
19930650,mature,1993-07-12 09:00:00,1993-07-12 12:00:00
19930650,decay,1993-07-12 15:00:00,1993-07-12 21:00:00
19930652,incipient,1993-07-11 12:00:00,1993-07-11 18:00:00
19930652,decay,1993-07-11 21:00:00,1993-07-13 06:00:00
19930652,intensification,1993-07-13 09:00:00,1993-07-15 06:00:00
19930652,mature,1993-07-15 09:00:00,1993-07-15 21:00:00
19930652,decay 2,1993-07-16 00:00:00,1993-07-17 21:00:00
19930654,incipient,1993-07-11 18:00:00,1993-07-12 12:00:00
19930654,intensification,1993-07-12 15:00:00,1993-07-14 06:00:00
19930654,mature,1993-07-14 09:00:00,1993-07-15 00:00:00
19930654,decay,1993-07-15 03:00:00,1993-07-16 18:00:00
19930666,incipient,1993-07-16 00:00:00,1993-07-16 06:00:00
19930666,intensification,1993-07-16 09:00:00,1993-07-17 06:00:00
19930666,mature,1993-07-17 09:00:00,1993-07-17 15:00:00
19930666,decay,1993-07-17 18:00:00,1993-07-19 09:00:00
19930675,incipient,1993-07-18 12:00:00,1993-07-18 12:00:00
19930675,decay,1993-07-18 15:00:00,1993-07-19 03:00:00
19930675,intensification,1993-07-19 06:00:00,1993-07-19 15:00:00
19930675,decay 2,1993-07-19 18:00:00,1993-07-19 21:00:00
19930676,incipient,1993-07-18 12:00:00,1993-07-18 12:00:00
19930676,intensification,1993-07-18 15:00:00,1993-07-20 00:00:00
19930676,decay,1993-07-20 03:00:00,1993-07-20 09:00:00
19930679,decay,1993-07-20 00:00:00,1993-07-20 15:00:00
19930679,intensification,1993-07-20 18:00:00,1993-07-21 03:00:00
19930679,mature,1993-07-21 06:00:00,1993-07-21 09:00:00
19930679,decay 2,1993-07-21 12:00:00,1993-07-22 09:00:00
19930680,incipient,1993-07-20 00:00:00,1993-07-20 09:00:00
19930680,intensification,1993-07-20 12:00:00,1993-07-22 00:00:00
19930680,mature,1993-07-22 03:00:00,1993-07-22 18:00:00
19930680,decay,1993-07-22 21:00:00,1993-07-25 18:00:00
19930682,decay,1993-07-21 12:00:00,1993-07-23 06:00:00
19930687,incipient,1993-07-23 12:00:00,1993-07-23 12:00:00
19930687,intensification,1993-07-23 15:00:00,1993-07-25 06:00:00
19930687,mature,1993-07-25 09:00:00,1993-07-26 06:00:00
19930687,decay,1993-07-26 09:00:00,1993-07-30 18:00:00
19930695,incipient,1993-07-26 00:00:00,1993-07-26 06:00:00
19930695,intensification,1993-07-26 09:00:00,1993-07-27 21:00:00
19930695,mature,1993-07-28 00:00:00,1993-07-28 12:00:00
19930695,decay,1993-07-28 15:00:00,1993-07-30 12:00:00
19930695,residual,1993-07-30 15:00:00,1993-07-30 21:00:00
19930700,incipient,1993-07-26 18:00:00,1993-07-27 09:00:00
19930700,intensification,1993-07-27 12:00:00,1993-07-30 21:00:00
19930700,mature,1993-07-31 00:00:00,1993-07-31 15:00:00
19930700,decay,1993-07-31 18:00:00,1993-08-02 06:00:00
19930717,incipient,1993-08-01 03:00:00,1993-08-01 21:00:00
19930717,decay,1993-08-02 00:00:00,1993-08-05 09:00:00
19930722,incipient,1993-08-02 12:00:00,1993-08-02 12:00:00
19930722,intensification,1993-08-02 15:00:00,1993-08-04 06:00:00
19930722,mature,1993-08-04 09:00:00,1993-08-04 18:00:00
19930722,decay,1993-08-04 21:00:00,1993-08-05 15:00:00
19930733,incipient,1993-08-05 12:00:00,1993-08-05 21:00:00
19930733,intensification,1993-08-06 00:00:00,1993-08-07 18:00:00
19930733,mature,1993-08-07 21:00:00,1993-08-08 09:00:00
19930733,decay,1993-08-08 12:00:00,1993-08-10 15:00:00
19930735,incipient,1993-08-07 06:00:00,1993-08-07 09:00:00
19930735,intensification,1993-08-07 12:00:00,1993-08-08 21:00:00
19930735,mature,1993-08-09 00:00:00,1993-08-09 15:00:00
19930735,decay,1993-08-09 18:00:00,1993-08-12 18:00:00
19930748,decay,1993-08-11 18:00:00,1993-08-12 03:00:00
19930748,intensification,1993-08-12 06:00:00,1993-08-12 09:00:00
19930748,decay 2,1993-08-12 12:00:00,1993-08-13 03:00:00
19940008,incipient,1994-01-03 00:00:00,1994-01-03 00:00:00
19940008,intensification,1994-01-03 03:00:00,1994-01-03 18:00:00
19940008,mature,1994-01-03 21:00:00,1994-01-04 00:00:00
19940008,decay,1994-01-04 03:00:00,1994-01-05 09:00:00
19940010,incipient,1994-01-03 15:00:00,1994-01-03 15:00:00
19940010,intensification,1994-01-03 18:00:00,1994-01-05 06:00:00
19940010,mature,1994-01-05 09:00:00,1994-01-05 18:00:00
19940010,decay,1994-01-05 21:00:00,1994-01-07 03:00:00
19940010,intensification 2,1994-01-07 06:00:00,1994-01-08 21:00:00
19940010,mature 2,1994-01-09 00:00:00,1994-01-09 09:00:00
19940010,decay 2,1994-01-09 12:00:00,1994-01-10 09:00:00
19940012,incipient,1994-01-04 00:00:00,1994-01-04 00:00:00
19940012,decay,1994-01-04 03:00:00,1994-01-05 00:00:00
19940012,intensification,1994-01-05 03:00:00,1994-01-06 15:00:00
19940012,mature,1994-01-06 18:00:00,1994-01-07 06:00:00
19940012,decay 2,1994-01-07 09:00:00,1994-01-09 03:00:00
19940020,incipient,1994-01-08 00:00:00,1994-01-08 06:00:00
19940020,intensification,1994-01-08 09:00:00,1994-01-09 09:00:00
19940020,mature,1994-01-09 12:00:00,1994-01-09 15:00:00
19940020,decay,1994-01-09 18:00:00,1994-01-10 12:00:00
19940020,intensification 2,1994-01-10 15:00:00,1994-01-11 00:00:00
19940020,mature 2,1994-01-11 03:00:00,1994-01-11 06:00:00
19940020,decay 2,1994-01-11 09:00:00,1994-01-12 03:00:00
19940029,incipient,1994-01-10 00:00:00,1994-01-10 06:00:00
19940029,intensification,1994-01-10 09:00:00,1994-01-11 18:00:00
19940029,mature,1994-01-11 21:00:00,1994-01-12 12:00:00
19940029,decay,1994-01-12 15:00:00,1994-01-15 12:00:00
19940034,incipient,1994-01-11 18:00:00,1994-01-12 15:00:00
19940034,decay,1994-01-12 18:00:00,1994-01-13 06:00:00
19940034,intensification,1994-01-13 09:00:00,1994-01-13 21:00:00
19940034,decay 2,1994-01-14 00:00:00,1994-01-14 21:00:00
19940047,incipient,1994-01-18 09:00:00,1994-01-18 21:00:00
19940047,intensification,1994-01-19 00:00:00,1994-01-20 18:00:00
19940047,mature,1994-01-20 21:00:00,1994-01-21 09:00:00
19940047,decay,1994-01-21 12:00:00,1994-01-23 12:00:00
19940048,incipient,1994-01-19 00:00:00,1994-01-19 06:00:00
19940048,intensification,1994-01-19 09:00:00,1994-01-20 12:00:00
19940048,mature,1994-01-20 15:00:00,1994-01-21 00:00:00
19940048,decay,1994-01-21 03:00:00,1994-01-22 18:00:00
19940051,incipient,1994-01-20 03:00:00,1994-01-20 09:00:00
19940051,intensification,1994-01-20 12:00:00,1994-01-21 09:00:00
19940051,mature,1994-01-21 12:00:00,1994-01-21 18:00:00
19940051,decay,1994-01-21 21:00:00,1994-01-23 00:00:00
19940058,incipient,1994-01-22 15:00:00,1994-01-22 15:00:00
19940058,intensification,1994-01-22 18:00:00,1994-01-23 09:00:00
19940058,mature,1994-01-23 12:00:00,1994-01-23 18:00:00
19940058,decay,1994-01-23 21:00:00,1994-01-25 12:00:00
19940060,incipient,1994-01-22 15:00:00,1994-01-23 09:00:00
19940060,intensification,1994-01-23 12:00:00,1994-01-25 12:00:00
19940060,mature,1994-01-25 15:00:00,1994-01-26 09:00:00
19940060,decay,1994-01-26 12:00:00,1994-01-29 03:00:00
19940067,incipient,1994-01-24 00:00:00,1994-01-24 09:00:00
19940067,intensification,1994-01-24 12:00:00,1994-01-28 03:00:00
19940067,mature,1994-01-28 06:00:00,1994-01-29 00:00:00
19940067,decay,1994-01-29 03:00:00,1994-01-31 00:00:00
19940081,incipient,1994-01-28 06:00:00,1994-01-28 09:00:00
19940081,intensification,1994-01-28 12:00:00,1994-01-29 03:00:00
19940081,mature,1994-01-29 06:00:00,1994-01-29 12:00:00
19940081,decay,1994-01-29 15:00:00,1994-01-30 12:00:00
19940082,intensification,1994-01-28 18:00:00,1994-01-30 09:00:00
19940082,mature,1994-01-30 12:00:00,1994-01-31 00:00:00
19940082,decay,1994-01-31 03:00:00,1994-02-02 09:00:00
19940082,intensification 2,1994-02-02 12:00:00,1994-02-03 03:00:00
19940082,mature 2,1994-02-03 06:00:00,1994-02-03 15:00:00
19940082,decay 2,1994-02-03 18:00:00,1994-02-05 18:00:00
19940089,incipient,1994-01-31 06:00:00,1994-02-01 00:00:00
19940089,intensification,1994-02-01 03:00:00,1994-02-04 09:00:00
19940089,mature,1994-02-04 12:00:00,1994-02-05 03:00:00
19940089,decay,1994-02-05 06:00:00,1994-02-06 21:00:00
19940101,intensification,1994-02-03 12:00:00,1994-02-03 21:00:00
19940101,mature,1994-02-04 00:00:00,1994-02-04 03:00:00
19940101,decay,1994-02-04 06:00:00,1994-02-05 03:00:00
19940106,incipient,1994-02-05 15:00:00,1994-02-05 15:00:00
19940106,intensification,1994-02-05 18:00:00,1994-02-07 12:00:00
19940106,mature,1994-02-07 15:00:00,1994-02-07 21:00:00
19940106,decay,1994-02-08 00:00:00,1994-02-08 09:00:00
19940115,incipient,1994-02-09 12:00:00,1994-02-10 06:00:00
19940115,intensification,1994-02-10 09:00:00,1994-02-12 21:00:00
19940115,mature,1994-02-13 00:00:00,1994-02-13 18:00:00
19940115,decay,1994-02-13 21:00:00,1994-02-17 03:00:00
19940122,incipient,1994-02-11 06:00:00,1994-02-11 09:00:00
19940122,intensification,1994-02-11 12:00:00,1994-02-12 15:00:00
19940122,mature,1994-02-12 18:00:00,1994-02-13 03:00:00
19940122,decay,1994-02-13 06:00:00,1994-02-15 15:00:00
19940128,incipient,1994-02-14 12:00:00,1994-02-16 06:00:00
19940128,decay,1994-02-16 09:00:00,1994-02-16 09:00:00
19940128,intensification,1994-02-16 12:00:00,1994-02-17 21:00:00
19940128,decay 2,1994-02-18 00:00:00,1994-02-18 21:00:00
19940131,intensification,1994-02-15 12:00:00,1994-02-15 18:00:00
19940131,mature,1994-02-15 21:00:00,1994-02-16 00:00:00
19940131,decay,1994-02-16 03:00:00,1994-02-17 06:00:00
19940134,incipient,1994-02-16 06:00:00,1994-02-16 15:00:00
19940134,intensification,1994-02-16 18:00:00,1994-02-18 09:00:00
19940134,mature,1994-02-18 12:00:00,1994-02-19 03:00:00
19940134,decay,1994-02-19 06:00:00,1994-02-22 09:00:00
19940142,intensification,1994-02-18 06:00:00,1994-02-18 15:00:00
19940142,mature,1994-02-18 18:00:00,1994-02-18 21:00:00
19940142,decay,1994-02-19 00:00:00,1994-02-19 21:00:00
19940160,incipient,1994-02-27 03:00:00,1994-02-27 03:00:00
19940160,intensification,1994-02-27 06:00:00,1994-02-28 00:00:00
19940160,mature,1994-02-28 03:00:00,1994-02-28 09:00:00
19940160,decay,1994-02-28 12:00:00,1994-03-02 03:00:00
19940160,residual,1994-03-02 06:00:00,1994-03-02 21:00:00
19940163,incipient,1994-02-28 00:00:00,1994-02-28 18:00:00
19940163,intensification,1994-02-28 21:00:00,1994-03-03 00:00:00
19940163,mature,1994-03-03 03:00:00,1994-03-03 21:00:00
19940163,decay,1994-03-04 00:00:00,1994-03-06 12:00:00
19940166,intensification,1994-03-01 12:00:00,1994-03-02 06:00:00
19940166,decay,1994-03-02 09:00:00,1994-03-03 03:00:00
19940176,intensification,1994-03-04 06:00:00,1994-03-05 00:00:00
19940176,mature,1994-03-05 03:00:00,1994-03-05 09:00:00
19940176,decay,1994-03-05 12:00:00,1994-03-07 21:00:00
19940180,intensification,1994-03-06 12:00:00,1994-03-06 21:00:00
19940180,decay,1994-03-07 00:00:00,1994-03-07 09:00:00
19940182,incipient,1994-03-07 00:00:00,1994-03-07 00:00:00
19940182,intensification,1994-03-07 03:00:00,1994-03-07 12:00:00
19940182,mature,1994-03-07 15:00:00,1994-03-07 18:00:00
19940182,decay,1994-03-07 21:00:00,1994-03-09 03:00:00
19940195,incipient,1994-03-09 18:00:00,1994-03-10 03:00:00
19940195,intensification,1994-03-10 06:00:00,1994-03-11 12:00:00
19940195,mature,1994-03-11 15:00:00,1994-03-12 06:00:00
19940195,decay,1994-03-12 09:00:00,1994-03-14 21:00:00
19940213,decay,1994-03-16 12:00:00,1994-03-16 18:00:00
19940213,intensification,1994-03-16 21:00:00,1994-03-18 09:00:00
19940216,incipient,1994-03-16 15:00:00,1994-03-17 15:00:00
19940216,intensification,1994-03-17 18:00:00,1994-03-20 03:00:00
19940216,mature,1994-03-20 06:00:00,1994-03-21 12:00:00
19940216,decay,1994-03-21 15:00:00,1994-03-27 15:00:00
19940231,incipient,1994-03-21 00:00:00,1994-03-21 15:00:00
19940231,intensification,1994-03-21 18:00:00,1994-03-21 18:00:00
19940231,decay,1994-03-21 21:00:00,1994-03-23 18:00:00
19940231,intensification 2,1994-03-23 21:00:00,1994-03-27 09:00:00
19940237,incipient,1994-03-23 03:00:00,1994-03-23 12:00:00
19940237,intensification,1994-03-23 15:00:00,1994-03-24 18:00:00
19940237,mature,1994-03-24 21:00:00,1994-03-25 06:00:00
19940237,decay,1994-03-25 09:00:00,1994-03-26 09:00:00
19940246,incipient,1994-03-26 18:00:00,1994-03-27 03:00:00
19940246,intensification,1994-03-27 06:00:00,1994-03-28 09:00:00
19940246,mature,1994-03-28 12:00:00,1994-03-28 18:00:00
19940246,decay,1994-03-28 21:00:00,1994-03-29 18:00:00
19940266,incipient,1994-04-01 12:00:00,1994-04-02 18:00:00
19940266,intensification,1994-04-02 21:00:00,1994-04-07 18:00:00
19940266,mature,1994-04-07 21:00:00,1994-04-08 18:00:00
19940266,decay,1994-04-08 21:00:00,1994-04-09 09:00:00
19940268,incipient,1994-04-01 12:00:00,1994-04-01 18:00:00
19940268,intensification,1994-04-01 21:00:00,1994-04-03 09:00:00
19940268,mature,1994-04-03 12:00:00,1994-04-03 21:00:00
19940268,decay,1994-04-04 00:00:00,1994-04-05 09:00:00
19940272,incipient,1994-04-02 12:00:00,1994-04-02 15:00:00
19940272,intensification,1994-04-02 18:00:00,1994-04-04 03:00:00
19940272,mature,1994-04-04 06:00:00,1994-04-04 15:00:00
19940272,decay,1994-04-04 18:00:00,1994-04-06 09:00:00
19940272,residual,1994-04-06 12:00:00,1994-04-08 09:00:00
19940276,incipient,1994-04-04 12:00:00,1994-04-04 18:00:00
19940276,intensification,1994-04-04 21:00:00,1994-04-07 00:00:00
19940276,mature,1994-04-07 03:00:00,1994-04-07 12:00:00
19940276,decay,1994-04-07 15:00:00,1994-04-08 03:00:00
19940283,intensification,1994-04-07 12:00:00,1994-04-11 15:00:00
19940283,residual,1994-04-11 18:00:00,1994-04-12 12:00:00
19940290,intensification,1994-04-09 03:00:00,1994-04-13 09:00:00
19940290,mature,1994-04-13 12:00:00,1994-04-14 00:00:00
19940290,decay,1994-04-14 03:00:00,1994-04-16 15:00:00
19940299,intensification,1994-04-11 06:00:00,1994-04-11 15:00:00
19940299,mature,1994-04-11 18:00:00,1994-04-11 21:00:00
19940299,decay,1994-04-12 00:00:00,1994-04-13 03:00:00
19940310,incipient,1994-04-16 15:00:00,1994-04-16 15:00:00
19940310,intensification,1994-04-16 18:00:00,1994-04-17 03:00:00
19940310,mature,1994-04-17 06:00:00,1994-04-17 09:00:00
19940310,decay,1994-04-17 12:00:00,1994-04-18 09:00:00
19940325,incipient,1994-04-20 00:00:00,1994-04-20 00:00:00
19940325,intensification,1994-04-20 03:00:00,1994-04-20 18:00:00
19940325,mature,1994-04-20 21:00:00,1994-04-21 00:00:00
19940325,decay,1994-04-21 03:00:00,1994-04-21 12:00:00
19940331,incipient,1994-04-21 15:00:00,1994-04-22 03:00:00
19940331,decay,1994-04-22 06:00:00,1994-04-24 15:00:00
19940337,incipient,1994-04-24 15:00:00,1994-04-24 21:00:00
19940337,intensification,1994-04-25 00:00:00,1994-04-25 15:00:00
19940337,mature,1994-04-25 18:00:00,1994-04-25 21:00:00
19940337,decay,1994-04-26 00:00:00,1994-04-26 09:00:00
19940353,intensification,1994-04-30 03:00:00,1994-04-30 12:00:00
19940353,mature,1994-04-30 15:00:00,1994-04-30 18:00:00
19940353,decay,1994-04-30 21:00:00,1994-05-01 21:00:00
19940361,incipient,1994-05-02 12:00:00,1994-05-02 18:00:00
19940361,intensification,1994-05-02 21:00:00,1994-05-02 21:00:00
19940361,decay,1994-05-03 00:00:00,1994-05-03 21:00:00
19940361,intensification 2,1994-05-04 00:00:00,1994-05-04 03:00:00
19940367,incipient,1994-05-03 12:00:00,1994-05-03 15:00:00
19940367,intensification,1994-05-03 18:00:00,1994-05-04 12:00:00
19940367,mature,1994-05-04 15:00:00,1994-05-04 21:00:00
19940367,decay,1994-05-05 00:00:00,1994-05-06 00:00:00
19940368,incipient,1994-05-03 12:00:00,1994-05-03 18:00:00
19940368,intensification,1994-05-03 21:00:00,1994-05-04 06:00:00
19940368,mature,1994-05-04 09:00:00,1994-05-04 12:00:00
19940368,decay,1994-05-04 15:00:00,1994-05-05 06:00:00
19940373,incipient,1994-05-04 09:00:00,1994-05-04 15:00:00
19940373,intensification,1994-05-04 18:00:00,1994-05-06 00:00:00
19940373,mature,1994-05-06 03:00:00,1994-05-06 12:00:00
19940373,decay,1994-05-06 15:00:00,1994-05-07 09:00:00
19940374,incipient,1994-05-04 15:00:00,1994-05-05 06:00:00
19940374,intensification,1994-05-05 09:00:00,1994-05-07 03:00:00
19940374,mature,1994-05-07 06:00:00,1994-05-07 21:00:00
19940374,decay,1994-05-08 00:00:00,1994-05-10 09:00:00
19940380,incipient,1994-05-06 03:00:00,1994-05-06 09:00:00
19940380,decay,1994-05-06 12:00:00,1994-05-07 12:00:00
19940383,incipient,1994-05-06 12:00:00,1994-05-06 15:00:00
19940383,intensification,1994-05-06 18:00:00,1994-05-07 18:00:00
19940383,mature,1994-05-07 21:00:00,1994-05-08 03:00:00
19940383,decay,1994-05-08 06:00:00,1994-05-09 00:00:00
19940385,incipient,1994-05-08 06:00:00,1994-05-09 03:00:00
19940385,intensification,1994-05-09 06:00:00,1994-05-11 06:00:00
19940385,mature,1994-05-11 09:00:00,1994-05-12 00:00:00
19940385,decay,1994-05-12 03:00:00,1994-05-13 18:00:00
19940392,incipient,1994-05-10 00:00:00,1994-05-11 03:00:00
19940392,intensification,1994-05-11 06:00:00,1994-05-13 03:00:00
19940392,mature,1994-05-13 06:00:00,1994-05-13 18:00:00
19940392,decay,1994-05-13 21:00:00,1994-05-15 00:00:00
19940394,intensification,1994-05-10 06:00:00,1994-05-10 12:00:00
19940394,decay,1994-05-10 15:00:00,1994-05-11 06:00:00
19940398,incipient,1994-05-12 00:00:00,1994-05-12 12:00:00
19940398,intensification,1994-05-12 15:00:00,1994-05-13 18:00:00
19940398,mature,1994-05-13 21:00:00,1994-05-14 03:00:00
19940398,decay,1994-05-14 06:00:00,1994-05-14 12:00:00
19940403,decay,1994-05-14 00:00:00,1994-05-14 15:00:00
19940403,intensification,1994-05-14 18:00:00,1994-05-15 00:00:00
19940403,decay 2,1994-05-15 03:00:00,1994-05-15 09:00:00
19940408,incipient,1994-05-14 18:00:00,1994-05-14 21:00:00
19940408,intensification,1994-05-15 00:00:00,1994-05-15 12:00:00
19940408,mature,1994-05-15 15:00:00,1994-05-15 18:00:00
19940408,decay,1994-05-15 21:00:00,1994-05-16 09:00:00
19940422,incipient,1994-05-19 00:00:00,1994-05-19 06:00:00
19940422,intensification,1994-05-19 09:00:00,1994-05-20 21:00:00
19940422,mature,1994-05-21 00:00:00,1994-05-21 09:00:00
19940422,decay,1994-05-21 12:00:00,1994-05-22 12:00:00
19940424,decay,1994-05-19 12:00:00,1994-05-19 18:00:00
19940424,intensification,1994-05-19 21:00:00,1994-05-20 03:00:00
19940424,decay 2,1994-05-20 06:00:00,1994-05-20 18:00:00
19940431,incipient,1994-05-20 15:00:00,1994-05-20 21:00:00
19940431,intensification,1994-05-21 00:00:00,1994-05-22 06:00:00
19940431,mature,1994-05-22 09:00:00,1994-05-22 15:00:00
19940431,decay,1994-05-22 18:00:00,1994-05-24 03:00:00
19940443,decay,1994-05-25 15:00:00,1994-05-26 15:00:00
19940445,incipient,1994-05-26 00:00:00,1994-05-26 03:00:00
19940445,intensification,1994-05-26 06:00:00,1994-05-26 18:00:00
19940445,mature,1994-05-26 21:00:00,1994-05-27 00:00:00
19940445,decay,1994-05-27 03:00:00,1994-05-27 21:00:00
19940452,intensification,1994-05-27 12:00:00,1994-05-27 18:00:00
19940452,decay,1994-05-27 21:00:00,1994-05-28 12:00:00
19940458,intensification,1994-05-28 18:00:00,1994-05-29 21:00:00
19940461,incipient,1994-05-30 15:00:00,1994-05-30 15:00:00
19940461,intensification,1994-05-30 18:00:00,1994-05-31 09:00:00
19940461,mature,1994-05-31 12:00:00,1994-05-31 15:00:00
19940461,decay,1994-05-31 18:00:00,1994-06-02 06:00:00
19940463,incipient,1994-06-01 00:00:00,1994-06-01 06:00:00
19940463,intensification,1994-06-01 09:00:00,1994-06-05 09:00:00
19940463,mature,1994-06-05 12:00:00,1994-06-06 09:00:00
19940463,decay,1994-06-06 12:00:00,1994-06-08 03:00:00
19940466,incipient,1994-06-01 09:00:00,1994-06-01 15:00:00
19940466,intensification,1994-06-01 18:00:00,1994-06-04 00:00:00
19940466,mature,1994-06-04 03:00:00,1994-06-04 12:00:00
19940466,decay,1994-06-04 15:00:00,1994-06-05 09:00:00
19940472,incipient,1994-06-03 15:00:00,1994-06-03 18:00:00
19940472,intensification,1994-06-03 21:00:00,1994-06-04 18:00:00
19940472,mature,1994-06-04 21:00:00,1994-06-05 00:00:00
19940472,decay,1994-06-05 03:00:00,1994-06-05 06:00:00
19940477,incipient,1994-06-04 12:00:00,1994-06-04 18:00:00
19940477,intensification,1994-06-04 21:00:00,1994-06-05 18:00:00
19940477,mature,1994-06-05 21:00:00,1994-06-06 03:00:00
19940477,decay,1994-06-06 06:00:00,1994-06-07 06:00:00
19940479,incipient,1994-06-05 09:00:00,1994-06-05 18:00:00
19940479,intensification,1994-06-05 21:00:00,1994-06-07 12:00:00
19940479,mature,1994-06-07 15:00:00,1994-06-08 06:00:00
19940479,decay,1994-06-08 09:00:00,1994-06-10 21:00:00
19940491,intensification,1994-06-08 15:00:00,1994-06-09 21:00:00
19940493,intensification,1994-06-09 03:00:00,1994-06-09 06:00:00
19940493,mature,1994-06-09 09:00:00,1994-06-09 12:00:00
19940493,decay,1994-06-09 15:00:00,1994-06-10 09:00:00
19940497,decay,1994-06-10 00:00:00,1994-06-10 15:00:00
19940497,intensification,1994-06-10 18:00:00,1994-06-11 00:00:00
19940497,decay 2,1994-06-11 03:00:00,1994-06-11 15:00:00
19940517,incipient,1994-06-16 00:00:00,1994-06-16 12:00:00
19940517,intensification,1994-06-16 15:00:00,1994-06-19 15:00:00
19940517,mature,1994-06-19 18:00:00,1994-06-20 12:00:00
19940517,decay,1994-06-20 15:00:00,1994-06-22 12:00:00
19940522,intensification,1994-06-17 18:00:00,1994-06-18 12:00:00
19940522,decay,1994-06-18 15:00:00,1994-06-19 06:00:00
19940534,incipient,1994-06-21 06:00:00,1994-06-21 21:00:00
19940534,intensification,1994-06-22 00:00:00,1994-06-22 00:00:00
19940534,decay,1994-06-22 03:00:00,1994-06-23 00:00:00
19940534,intensification 2,1994-06-23 03:00:00,1994-06-23 12:00:00
19940534,mature,1994-06-23 15:00:00,1994-06-23 18:00:00
19940534,decay 2,1994-06-23 21:00:00,1994-06-24 21:00:00
19940536,incipient,1994-06-21 12:00:00,1994-06-21 15:00:00
19940536,intensification,1994-06-21 18:00:00,1994-06-22 06:00:00
19940536,mature,1994-06-22 09:00:00,1994-06-22 15:00:00
19940536,decay,1994-06-22 18:00:00,1994-06-23 21:00:00
19940548,incipient,1994-06-26 00:00:00,1994-06-26 03:00:00
19940548,intensification,1994-06-26 06:00:00,1994-06-26 18:00:00
19940548,mature,1994-06-26 21:00:00,1994-06-27 00:00:00
19940548,decay,1994-06-27 03:00:00,1994-06-27 09:00:00
19940553,decay,1994-06-27 12:00:00,1994-06-28 00:00:00
19940553,intensification,1994-06-28 03:00:00,1994-06-28 03:00:00
19940553,decay 2,1994-06-28 06:00:00,1994-06-28 09:00:00
19940559,incipient,1994-06-29 00:00:00,1994-06-29 03:00:00
19940559,intensification,1994-06-29 06:00:00,1994-06-29 18:00:00
19940559,mature,1994-06-29 21:00:00,1994-06-30 00:00:00
19940559,decay,1994-06-30 03:00:00,1994-06-30 21:00:00
19940561,incipient,1994-06-29 15:00:00,1994-06-30 00:00:00
19940561,intensification,1994-06-30 03:00:00,1994-06-30 03:00:00
19940561,decay,1994-06-30 06:00:00,1994-06-30 21:00:00
19940561,intensification 2,1994-07-01 00:00:00,1994-07-02 00:00:00
19940564,decay,1994-07-02 00:00:00,1994-07-02 03:00:00
19940564,intensification,1994-07-02 06:00:00,1994-07-02 15:00:00
19940564,decay 2,1994-07-02 18:00:00,1994-07-02 21:00:00
19940571,decay,1994-07-03 00:00:00,1994-07-04 18:00:00
19940571,intensification,1994-07-04 21:00:00,1994-07-05 03:00:00
19940585,incipient,1994-07-08 12:00:00,1994-07-08 15:00:00
19940585,decay,1994-07-08 18:00:00,1994-07-09 12:00:00
19940585,intensification,1994-07-09 15:00:00,1994-07-10 12:00:00
19940585,mature,1994-07-10 15:00:00,1994-07-10 21:00:00
19940585,decay 2,1994-07-11 00:00:00,1994-07-12 06:00:00
19940593,intensification,1994-07-10 18:00:00,1994-07-12 21:00:00
19940600,intensification,1994-07-13 06:00:00,1994-07-13 12:00:00
19940600,decay,1994-07-13 15:00:00,1994-07-14 12:00:00
19940605,incipient,1994-07-14 06:00:00,1994-07-14 09:00:00
19940605,intensification,1994-07-14 12:00:00,1994-07-15 03:00:00
19940605,mature,1994-07-15 06:00:00,1994-07-15 12:00:00
19940605,decay,1994-07-15 15:00:00,1994-07-16 09:00:00
19940609,intensification,1994-07-15 00:00:00,1994-07-19 21:00:00
19940617,incipient,1994-07-18 15:00:00,1994-07-19 00:00:00
19940617,intensification,1994-07-19 03:00:00,1994-07-20 15:00:00
19940617,mature,1994-07-20 18:00:00,1994-07-21 12:00:00
19940617,decay,1994-07-21 15:00:00,1994-07-25 03:00:00
19940621,incipient,1994-07-19 03:00:00,1994-07-19 18:00:00
19940621,intensification,1994-07-19 21:00:00,1994-07-21 06:00:00
19940621,mature,1994-07-21 09:00:00,1994-07-21 15:00:00
19940621,decay,1994-07-21 18:00:00,1994-07-22 09:00:00
19940638,decay,1994-07-22 15:00:00,1994-07-23 00:00:00
19940638,intensification,1994-07-23 03:00:00,1994-07-24 00:00:00
19940638,mature,1994-07-24 03:00:00,1994-07-24 09:00:00
19940638,decay 2,1994-07-24 12:00:00,1994-07-25 09:00:00
19940640,incipient,1994-07-24 03:00:00,1994-07-24 03:00:00
19940640,intensification,1994-07-24 06:00:00,1994-07-25 15:00:00
19940640,mature,1994-07-25 18:00:00,1994-07-26 06:00:00
19940640,decay,1994-07-26 09:00:00,1994-07-28 21:00:00
19940641,decay,1994-07-24 06:00:00,1994-07-26 06:00:00
19940668,decay,1994-08-02 03:00:00,1994-08-02 09:00:00
19940668,intensification,1994-08-02 12:00:00,1994-08-02 12:00:00
19940668,decay 2,1994-08-02 15:00:00,1994-08-03 06:00:00
19940668,residual,1994-08-03 09:00:00,1994-08-03 09:00:00
19940674,incipient,1994-08-03 00:00:00,1994-08-03 09:00:00
19940674,intensification,1994-08-03 12:00:00,1994-08-05 06:00:00
19940674,mature,1994-08-05 09:00:00,1994-08-06 03:00:00
19940674,decay,1994-08-06 06:00:00,1994-08-09 18:00:00
19940683,incipient,1994-08-05 18:00:00,1994-08-06 00:00:00
19940683,decay,1994-08-06 03:00:00,1994-08-06 09:00:00
19940683,intensification,1994-08-06 12:00:00,1994-08-06 21:00:00
19940683,decay 2,1994-08-07 00:00:00,1994-08-07 03:00:00
19940686,intensification,1994-08-06 09:00:00,1994-08-08 09:00:00
19940686,mature,1994-08-08 12:00:00,1994-08-08 21:00:00
19940686,decay,1994-08-09 00:00:00,1994-08-14 18:00:00
19940689,incipient,1994-08-07 09:00:00,1994-08-07 09:00:00
19940689,intensification,1994-08-07 12:00:00,1994-08-09 03:00:00
19940689,mature,1994-08-09 06:00:00,1994-08-09 12:00:00
19940689,decay,1994-08-09 15:00:00,1994-08-10 12:00:00
19940703,intensification,1994-08-10 06:00:00,1994-08-10 12:00:00
19940703,decay,1994-08-10 15:00:00,1994-08-11 09:00:00
19940726,incipient,1994-08-16 00:00:00,1994-08-16 09:00:00
19940726,intensification,1994-08-16 12:00:00,1994-08-18 03:00:00
19940726,mature,1994-08-18 06:00:00,1994-08-19 03:00:00
19940726,decay,1994-08-19 06:00:00,1994-08-23 18:00:00
19940732,intensification,1994-08-18 00:00:00,1994-08-18 15:00:00
19940732,mature,1994-08-18 18:00:00,1994-08-18 21:00:00
19940732,decay,1994-08-19 00:00:00,1994-08-20 12:00:00
19940737,decay,1994-08-19 12:00:00,1994-08-19 15:00:00
19940737,intensification,1994-08-19 18:00:00,1994-08-19 21:00:00
19940737,decay 2,1994-08-20 00:00:00,1994-08-20 09:00:00
19940737,intensification 2,1994-08-20 12:00:00,1994-08-20 18:00:00
19940739,incipient,1994-08-19 18:00:00,1994-08-20 09:00:00
19940739,intensification,1994-08-20 12:00:00,1994-08-22 12:00:00
19940739,mature,1994-08-22 15:00:00,1994-08-23 03:00:00
19940739,decay,1994-08-23 06:00:00,1994-08-24 18:00:00
19940739,residual,1994-08-24 21:00:00,1994-08-25 06:00:00
19950003,intensification,1995-01-01 09:00:00,1995-01-01 21:00:00
19950003,decay,1995-01-02 00:00:00,1995-01-02 21:00:00
19950008,decay,1995-01-02 18:00:00,1995-01-03 06:00:00
19950008,intensification,1995-01-03 09:00:00,1995-01-03 12:00:00
19950008,decay 2,1995-01-03 15:00:00,1995-01-04 12:00:00
19950008,intensification 2,1995-01-04 15:00:00,1995-01-04 21:00:00
19950010,intensification,1995-01-03 18:00:00,1995-01-04 21:00:00
19950014,intensification,1995-01-04 06:00:00,1995-01-05 00:00:00
19950014,decay,1995-01-05 03:00:00,1995-01-05 09:00:00
19950017,incipient,1995-01-05 06:00:00,1995-01-05 12:00:00
19950017,intensification,1995-01-05 15:00:00,1995-01-07 06:00:00
19950017,mature,1995-01-07 09:00:00,1995-01-07 21:00:00
19950017,decay,1995-01-08 00:00:00,1995-01-09 15:00:00
19950022,incipient,1995-01-07 00:00:00,1995-01-07 15:00:00
19950022,intensification,1995-01-07 18:00:00,1995-01-09 03:00:00
19950022,mature,1995-01-09 06:00:00,1995-01-09 12:00:00
19950022,decay,1995-01-09 15:00:00,1995-01-10 09:00:00
19950024,incipient,1995-01-08 06:00:00,1995-01-08 15:00:00
19950024,intensification,1995-01-08 18:00:00,1995-01-09 18:00:00
19950024,mature,1995-01-09 21:00:00,1995-01-10 00:00:00
19950024,decay,1995-01-10 03:00:00,1995-01-10 21:00:00
19950034,intensification,1995-01-11 06:00:00,1995-01-11 12:00:00
19950034,decay,1995-01-11 15:00:00,1995-01-12 12:00:00
19950040,incipient,1995-01-13 06:00:00,1995-01-13 18:00:00
19950040,intensification,1995-01-13 21:00:00,1995-01-15 15:00:00
19950040,mature,1995-01-15 18:00:00,1995-01-16 09:00:00
19950040,decay,1995-01-16 12:00:00,1995-01-19 18:00:00
19950041,incipient,1995-01-13 09:00:00,1995-01-13 09:00:00
19950041,decay,1995-01-13 12:00:00,1995-01-14 03:00:00
19950041,intensification,1995-01-14 06:00:00,1995-01-15 00:00:00
19950041,mature,1995-01-15 03:00:00,1995-01-15 09:00:00
19950041,decay 2,1995-01-15 12:00:00,1995-01-16 09:00:00
19950044,decay,1995-01-14 03:00:00,1995-01-14 18:00:00
19950044,intensification,1995-01-14 21:00:00,1995-01-15 00:00:00
19950051,incipient,1995-01-16 00:00:00,1995-01-16 06:00:00
19950051,intensification,1995-01-16 09:00:00,1995-01-17 15:00:00
19950051,mature,1995-01-17 18:00:00,1995-01-18 00:00:00
19950051,decay,1995-01-18 03:00:00,1995-01-19 18:00:00
19950057,incipient,1995-01-18 06:00:00,1995-01-19 06:00:00
19950057,intensification,1995-01-19 09:00:00,1995-01-21 15:00:00
19950057,mature,1995-01-21 18:00:00,1995-01-22 12:00:00
19950057,decay,1995-01-22 15:00:00,1995-01-24 12:00:00
19950064,incipient,1995-01-20 00:00:00,1995-01-21 03:00:00
19950064,intensification,1995-01-21 06:00:00,1995-01-23 21:00:00
19950064,mature,1995-01-24 00:00:00,1995-01-25 00:00:00
19950064,decay,1995-01-25 03:00:00,1995-01-28 21:00:00
19950079,incipient,1995-01-26 03:00:00,1995-01-26 09:00:00
19950079,intensification,1995-01-26 12:00:00,1995-01-28 15:00:00
19950079,mature,1995-01-28 18:00:00,1995-01-29 06:00:00
19950079,decay,1995-01-29 09:00:00,1995-01-31 12:00:00
19950093,incipient,1995-02-01 12:00:00,1995-02-01 15:00:00
19950093,intensification,1995-02-01 18:00:00,1995-02-02 06:00:00
19950093,mature,1995-02-02 09:00:00,1995-02-02 15:00:00
19950093,decay,1995-02-02 18:00:00,1995-02-04 00:00:00
19950100,incipient,1995-02-03 12:00:00,1995-02-03 15:00:00
19950100,intensification,1995-02-03 18:00:00,1995-02-04 12:00:00
19950100,mature,1995-02-04 15:00:00,1995-02-04 18:00:00
19950100,decay,1995-02-04 21:00:00,1995-02-05 09:00:00
19950100,residual,1995-02-05 12:00:00,1995-02-06 18:00:00
19950106,intensification,1995-02-06 03:00:00,1995-02-06 18:00:00
19950106,mature,1995-02-06 21:00:00,1995-02-07 06:00:00
19950106,decay,1995-02-07 09:00:00,1995-02-10 06:00:00
19950111,incipient,1995-02-07 06:00:00,1995-02-07 12:00:00
19950111,intensification,1995-02-07 15:00:00,1995-02-08 09:00:00
19950111,mature,1995-02-08 12:00:00,1995-02-08 15:00:00
19950111,decay,1995-02-08 18:00:00,1995-02-09 03:00:00
19950116,incipient,1995-02-08 06:00:00,1995-02-08 06:00:00
19950116,intensification,1995-02-08 09:00:00,1995-02-09 12:00:00
19950116,mature,1995-02-09 15:00:00,1995-02-10 03:00:00
19950116,decay,1995-02-10 06:00:00,1995-02-13 09:00:00
19950127,intensification,1995-02-13 06:00:00,1995-02-13 18:00:00
19950127,decay,1995-02-13 21:00:00,1995-02-14 12:00:00
19950131,incipient,1995-02-15 00:00:00,1995-02-15 06:00:00
19950131,intensification,1995-02-15 09:00:00,1995-02-17 03:00:00
19950131,mature,1995-02-17 06:00:00,1995-02-18 00:00:00
19950131,decay,1995-02-18 03:00:00,1995-02-21 12:00:00
19950142,incipient,1995-02-18 12:00:00,1995-02-18 21:00:00
19950142,intensification,1995-02-19 00:00:00,1995-02-22 12:00:00
19950142,mature,1995-02-22 15:00:00,1995-02-23 12:00:00
19950142,decay,1995-02-23 15:00:00,1995-02-27 00:00:00
19950143,intensification,1995-02-19 12:00:00,1995-02-20 00:00:00
19950143,decay,1995-02-20 03:00:00,1995-02-20 15:00:00
19950146,incipient,1995-02-20 12:00:00,1995-02-20 21:00:00
19950146,intensification,1995-02-21 00:00:00,1995-02-21 00:00:00
19950146,decay,1995-02-21 03:00:00,1995-02-22 00:00:00
19950146,intensification 2,1995-02-22 03:00:00,1995-02-22 12:00:00
19950146,decay 2,1995-02-22 15:00:00,1995-02-22 21:00:00
19950165,incipient,1995-02-25 12:00:00,1995-02-26 03:00:00
19950165,intensification,1995-02-26 06:00:00,1995-02-28 03:00:00
19950165,mature,1995-02-28 06:00:00,1995-02-28 18:00:00
19950165,decay,1995-02-28 21:00:00,1995-03-02 00:00:00
19950165,intensification 2,1995-03-02 03:00:00,1995-03-03 06:00:00
19950165,mature 2,1995-03-03 09:00:00,1995-03-03 18:00:00
19950165,decay 2,1995-03-03 21:00:00,1995-03-06 06:00:00
19950185,incipient,1995-03-05 06:00:00,1995-03-05 12:00:00
19950185,intensification,1995-03-05 15:00:00,1995-03-07 03:00:00
19950185,mature,1995-03-07 06:00:00,1995-03-07 15:00:00
19950185,decay,1995-03-07 18:00:00,1995-03-08 15:00:00
19950191,incipient,1995-03-07 06:00:00,1995-03-07 15:00:00
19950191,intensification,1995-03-07 18:00:00,1995-03-09 15:00:00
19950191,mature,1995-03-09 18:00:00,1995-03-10 09:00:00
19950191,decay,1995-03-10 12:00:00,1995-03-13 09:00:00
19950211,intensification,1995-03-13 18:00:00,1995-03-15 09:00:00
19950211,residual,1995-03-15 12:00:00,1995-03-15 18:00:00
19950217,decay,1995-03-14 12:00:00,1995-03-14 21:00:00
19950217,intensification,1995-03-15 00:00:00,1995-03-15 18:00:00
19950226,intensification,1995-03-18 12:00:00,1995-03-19 09:00:00
19950231,incipient,1995-03-19 12:00:00,1995-03-19 18:00:00
19950231,intensification,1995-03-19 21:00:00,1995-03-20 15:00:00
19950231,mature,1995-03-20 18:00:00,1995-03-20 21:00:00
19950231,decay,1995-03-21 00:00:00,1995-03-21 09:00:00
19950235,intensification,1995-03-20 00:00:00,1995-03-20 03:00:00
19950235,decay,1995-03-20 06:00:00,1995-03-21 00:00:00
19950238,incipient,1995-03-20 12:00:00,1995-03-20 18:00:00
19950238,intensification,1995-03-20 21:00:00,1995-03-24 06:00:00
19950238,mature,1995-03-24 09:00:00,1995-03-25 00:00:00
19950238,decay,1995-03-25 03:00:00,1995-03-26 12:00:00
19950240,incipient,1995-03-21 09:00:00,1995-03-21 18:00:00
19950240,intensification,1995-03-21 21:00:00,1995-03-22 18:00:00
19950240,mature,1995-03-22 21:00:00,1995-03-23 00:00:00
19950240,decay,1995-03-23 03:00:00,1995-03-23 09:00:00
19950248,incipient,1995-03-23 15:00:00,1995-03-23 21:00:00
19950248,intensification,1995-03-24 00:00:00,1995-03-25 21:00:00
19950248,mature,1995-03-26 00:00:00,1995-03-26 15:00:00
19950248,decay,1995-03-26 18:00:00,1995-03-29 12:00:00
19950251,incipient,1995-03-25 09:00:00,1995-03-25 12:00:00
19950251,intensification,1995-03-25 15:00:00,1995-03-26 03:00:00
19950251,mature,1995-03-26 06:00:00,1995-03-26 12:00:00
19950251,decay,1995-03-26 15:00:00,1995-03-27 15:00:00
19950255,incipient,1995-03-27 00:00:00,1995-03-27 12:00:00
19950255,intensification,1995-03-27 15:00:00,1995-03-28 21:00:00
19950255,mature,1995-03-29 00:00:00,1995-03-29 12:00:00
19950255,decay,1995-03-29 15:00:00,1995-03-31 15:00:00
19950255,residual,1995-03-31 18:00:00,1995-03-31 18:00:00
19950265,incipient,1995-03-31 03:00:00,1995-03-31 06:00:00
19950265,intensification,1995-03-31 09:00:00,1995-04-01 12:00:00
19950265,mature,1995-04-01 15:00:00,1995-04-02 00:00:00
19950265,decay,1995-04-02 03:00:00,1995-04-04 03:00:00
19950265,residual,1995-04-04 06:00:00,1995-04-04 12:00:00
19950274,intensification,1995-04-03 09:00:00,1995-04-03 18:00:00
19950274,decay,1995-04-03 21:00:00,1995-04-04 09:00:00
19950277,incipient,1995-04-04 09:00:00,1995-04-04 15:00:00
19950277,intensification,1995-04-04 18:00:00,1995-04-05 03:00:00
19950277,mature,1995-04-05 06:00:00,1995-04-05 09:00:00
19950277,decay,1995-04-05 12:00:00,1995-04-05 15:00:00
19950289,incipient,1995-04-07 03:00:00,1995-04-07 03:00:00
19950289,intensification,1995-04-07 06:00:00,1995-04-07 18:00:00
19950289,mature,1995-04-07 21:00:00,1995-04-08 00:00:00
19950289,decay,1995-04-08 03:00:00,1995-04-09 00:00:00
19950291,incipient,1995-04-07 09:00:00,1995-04-07 15:00:00
19950291,intensification,1995-04-07 18:00:00,1995-04-09 00:00:00
19950291,mature,1995-04-09 03:00:00,1995-04-09 09:00:00
19950291,decay,1995-04-09 12:00:00,1995-04-10 18:00:00
19950291,residual,1995-04-10 21:00:00,1995-04-12 18:00:00
19950299,incipient,1995-04-10 09:00:00,1995-04-10 15:00:00
19950299,intensification,1995-04-10 18:00:00,1995-04-12 15:00:00
19950299,mature,1995-04-12 18:00:00,1995-04-13 09:00:00
19950299,decay,1995-04-13 12:00:00,1995-04-16 03:00:00
19950300,incipient,1995-04-10 12:00:00,1995-04-10 18:00:00
19950300,intensification,1995-04-10 21:00:00,1995-04-11 06:00:00
19950300,mature,1995-04-11 09:00:00,1995-04-11 12:00:00
19950300,decay,1995-04-11 15:00:00,1995-04-12 00:00:00
19950306,incipient,1995-04-12 03:00:00,1995-04-12 09:00:00
19950306,intensification,1995-04-12 12:00:00,1995-04-13 18:00:00
19950306,mature,1995-04-13 21:00:00,1995-04-14 15:00:00
19950306,decay,1995-04-14 18:00:00,1995-04-18 09:00:00
19950315,decay,1995-04-14 12:00:00,1995-04-15 09:00:00
19950317,decay,1995-04-15 06:00:00,1995-04-15 15:00:00
19950317,intensification,1995-04-15 18:00:00,1995-04-15 21:00:00
19950317,decay 2,1995-04-16 00:00:00,1995-04-16 12:00:00
19950322,incipient,1995-04-17 06:00:00,1995-04-17 06:00:00
19950322,intensification,1995-04-17 09:00:00,1995-04-18 00:00:00
19950322,mature,1995-04-18 03:00:00,1995-04-18 09:00:00
19950322,decay,1995-04-18 12:00:00,1995-04-20 00:00:00
19950349,intensification,1995-04-24 03:00:00,1995-04-24 18:00:00
19950349,decay,1995-04-24 21:00:00,1995-04-26 06:00:00
19950367,intensification,1995-05-01 00:00:00,1995-05-02 15:00:00
19950367,mature,1995-05-02 18:00:00,1995-05-03 12:00:00
19950367,decay,1995-05-03 15:00:00,1995-05-08 12:00:00
19950373,intensification,1995-05-01 18:00:00,1995-05-02 09:00:00
19950373,decay,1995-05-02 12:00:00,1995-05-02 21:00:00
19950376,incipient,1995-05-03 12:00:00,1995-05-03 15:00:00
19950376,decay,1995-05-03 18:00:00,1995-05-04 03:00:00
19950376,intensification,1995-05-04 06:00:00,1995-05-04 09:00:00
19950380,incipient,1995-05-04 18:00:00,1995-05-05 12:00:00
19950380,intensification,1995-05-05 15:00:00,1995-05-07 12:00:00
19950380,mature,1995-05-07 15:00:00,1995-05-08 00:00:00
19950380,decay,1995-05-08 03:00:00,1995-05-08 12:00:00
19950386,intensification,1995-05-06 00:00:00,1995-05-06 03:00:00
19950386,decay,1995-05-06 06:00:00,1995-05-07 00:00:00
19950392,incipient,1995-05-07 03:00:00,1995-05-07 15:00:00
19950392,intensification,1995-05-07 18:00:00,1995-05-07 18:00:00
19950392,decay,1995-05-07 21:00:00,1995-05-08 18:00:00
19950392,intensification 2,1995-05-08 21:00:00,1995-05-09 18:00:00
19950392,mature,1995-05-09 21:00:00,1995-05-10 00:00:00
19950392,decay 2,1995-05-10 03:00:00,1995-05-10 06:00:00
19950393,intensification,1995-05-07 03:00:00,1995-05-08 15:00:00
19950393,mature,1995-05-08 18:00:00,1995-05-09 00:00:00
19950393,decay,1995-05-09 03:00:00,1995-05-10 06:00:00
19950393,intensification 2,1995-05-10 09:00:00,1995-05-11 21:00:00
19950393,mature 2,1995-05-12 00:00:00,1995-05-12 12:00:00
19950393,decay 2,1995-05-12 15:00:00,1995-05-14 12:00:00
19950399,incipient,1995-05-08 12:00:00,1995-05-08 18:00:00
19950399,intensification,1995-05-08 21:00:00,1995-05-10 12:00:00
19950399,mature,1995-05-10 15:00:00,1995-05-10 21:00:00
19950399,decay,1995-05-11 00:00:00,1995-05-11 15:00:00
19950415,intensification,1995-05-14 00:00:00,1995-05-14 18:00:00
19950415,mature,1995-05-14 21:00:00,1995-05-15 03:00:00
19950415,decay,1995-05-15 06:00:00,1995-05-16 12:00:00
19950415,residual,1995-05-16 15:00:00,1995-05-17 18:00:00
19950418,incipient,1995-05-14 15:00:00,1995-05-14 21:00:00
19950418,intensification,1995-05-15 00:00:00,1995-05-15 12:00:00
19950418,mature,1995-05-15 15:00:00,1995-05-15 18:00:00
19950418,decay,1995-05-15 21:00:00,1995-05-16 06:00:00
19950448,incipient,1995-05-21 15:00:00,1995-05-22 00:00:00
19950448,intensification,1995-05-22 03:00:00,1995-05-23 18:00:00
19950448,mature,1995-05-23 21:00:00,1995-05-24 12:00:00
19950448,decay,1995-05-24 15:00:00,1995-05-28 00:00:00
19950453,intensification,1995-05-24 06:00:00,1995-05-25 09:00:00
19950453,mature,1995-05-25 12:00:00,1995-05-25 18:00:00
19950453,decay,1995-05-25 21:00:00,1995-05-26 15:00:00
19950453,intensification 2,1995-05-26 18:00:00,1995-05-28 06:00:00
19950453,mature 2,1995-05-28 09:00:00,1995-05-28 21:00:00
19950453,decay 2,1995-05-29 00:00:00,1995-05-30 15:00:00
19950459,decay,1995-05-26 03:00:00,1995-05-26 15:00:00
19950459,intensification,1995-05-26 18:00:00,1995-05-27 12:00:00
19950459,mature,1995-05-27 15:00:00,1995-05-27 18:00:00
19950459,decay 2,1995-05-27 21:00:00,1995-05-28 09:00:00
19950470,intensification,1995-05-30 03:00:00,1995-05-30 15:00:00
19950470,mature,1995-05-30 18:00:00,1995-05-30 21:00:00
19950470,decay,1995-05-31 00:00:00,1995-06-01 03:00:00
19950486,intensification,1995-06-04 00:00:00,1995-06-04 12:00:00
19950486,decay,1995-06-04 15:00:00,1995-06-05 09:00:00
19950500,incipient,1995-06-08 00:00:00,1995-06-08 15:00:00
19950500,intensification,1995-06-08 18:00:00,1995-06-10 12:00:00
19950500,mature,1995-06-10 15:00:00,1995-06-11 03:00:00
19950500,decay,1995-06-11 06:00:00,1995-06-13 00:00:00
19950507,incipient,1995-06-10 06:00:00,1995-06-10 12:00:00
19950507,intensification,1995-06-10 15:00:00,1995-06-11 03:00:00
19950507,mature,1995-06-11 06:00:00,1995-06-11 12:00:00
19950507,decay,1995-06-11 15:00:00,1995-06-12 12:00:00
19950512,incipient,1995-06-12 00:00:00,1995-06-12 15:00:00
19950512,intensification,1995-06-12 18:00:00,1995-06-14 09:00:00
19950512,mature,1995-06-14 12:00:00,1995-06-15 00:00:00
19950512,decay,1995-06-15 03:00:00,1995-06-16 18:00:00
19950540,intensification,1995-06-19 09:00:00,1995-06-19 21:00:00
19950540,decay,1995-06-20 00:00:00,1995-06-20 18:00:00
19950545,intensification,1995-06-20 18:00:00,1995-06-21 12:00:00
19950545,mature,1995-06-21 15:00:00,1995-06-21 21:00:00
19950545,decay,1995-06-22 00:00:00,1995-06-24 06:00:00
19950545,residual,1995-06-24 09:00:00,1995-06-25 21:00:00
19950547,incipient,1995-06-21 15:00:00,1995-06-21 21:00:00
19950547,intensification,1995-06-22 00:00:00,1995-06-23 09:00:00
19950547,mature,1995-06-23 12:00:00,1995-06-24 00:00:00
19950547,decay,1995-06-24 03:00:00,1995-06-25 21:00:00
19950547,intensification 2,1995-06-26 00:00:00,1995-06-29 03:00:00
19950547,mature 2,1995-06-29 06:00:00,1995-06-29 18:00:00
19950547,decay 2,1995-06-29 21:00:00,1995-06-30 21:00:00
19950549,incipient,1995-06-23 03:00:00,1995-06-23 15:00:00
19950549,intensification,1995-06-23 18:00:00,1995-06-24 15:00:00
19950549,mature,1995-06-24 18:00:00,1995-06-24 21:00:00
19950549,decay,1995-06-25 00:00:00,1995-06-25 09:00:00
19950555,intensification,1995-06-25 12:00:00,1995-06-26 03:00:00
19950555,decay,1995-06-26 06:00:00,1995-06-26 09:00:00
19950558,incipient,1995-06-26 06:00:00,1995-06-26 09:00:00
19950558,intensification,1995-06-26 12:00:00,1995-06-27 18:00:00
19950558,mature,1995-06-27 21:00:00,1995-06-28 09:00:00
19950558,decay,1995-06-28 12:00:00,1995-07-01 09:00:00
19950562,intensification,1995-06-27 00:00:00,1995-06-27 09:00:00
19950562,decay,1995-06-27 12:00:00,1995-06-28 00:00:00
19950569,intensification,1995-06-29 00:00:00,1995-06-29 03:00:00
19950569,mature,1995-06-29 06:00:00,1995-06-29 09:00:00
19950569,decay,1995-06-29 12:00:00,1995-06-30 18:00:00
19950574,incipient,1995-06-30 00:00:00,1995-06-30 06:00:00
19950574,intensification,1995-06-30 09:00:00,1995-06-30 09:00:00
19950574,decay,1995-06-30 12:00:00,1995-07-01 06:00:00
19950574,intensification 2,1995-07-01 09:00:00,1995-07-01 21:00:00
19950574,decay 2,1995-07-02 00:00:00,1995-07-02 18:00:00
19950580,incipient,1995-07-01 03:00:00,1995-07-01 15:00:00
19950580,intensification,1995-07-01 18:00:00,1995-07-03 09:00:00
19950580,mature,1995-07-03 12:00:00,1995-07-03 21:00:00
19950580,decay,1995-07-04 00:00:00,1995-07-05 12:00:00
19950584,incipient,1995-07-02 03:00:00,1995-07-02 15:00:00
19950584,intensification,1995-07-02 18:00:00,1995-07-04 03:00:00
19950584,mature,1995-07-04 06:00:00,1995-07-04 12:00:00
19950584,decay,1995-07-04 15:00:00,1995-07-05 09:00:00
19950592,incipient,1995-07-04 12:00:00,1995-07-04 18:00:00
19950592,intensification,1995-07-04 21:00:00,1995-07-06 03:00:00
19950592,mature,1995-07-06 06:00:00,1995-07-06 15:00:00
19950592,decay,1995-07-06 18:00:00,1995-07-08 12:00:00
19950593,intensification,1995-07-05 06:00:00,1995-07-06 09:00:00
19950595,intensification,1995-07-05 18:00:00,1995-07-06 09:00:00
19950595,mature,1995-07-06 12:00:00,1995-07-06 21:00:00
19950595,decay,1995-07-07 00:00:00,1995-07-09 15:00:00
19950595,residual,1995-07-09 18:00:00,1995-07-11 18:00:00
19950596,intensification,1995-07-06 06:00:00,1995-07-08 09:00:00
19950608,intensification,1995-07-10 00:00:00,1995-07-10 06:00:00
19950608,decay,1995-07-10 09:00:00,1995-07-11 03:00:00
19950611,intensification,1995-07-10 12:00:00,1995-07-10 18:00:00
19950611,mature,1995-07-10 21:00:00,1995-07-11 00:00:00
19950611,decay,1995-07-11 03:00:00,1995-07-11 21:00:00
19950614,decay,1995-07-11 00:00:00,1995-07-11 06:00:00
19950614,intensification,1995-07-11 09:00:00,1995-07-12 00:00:00
19950614,decay 2,1995-07-12 03:00:00,1995-07-13 00:00:00
19950626,intensification,1995-07-14 00:00:00,1995-07-14 12:00:00
19950626,decay,1995-07-14 15:00:00,1995-07-15 06:00:00
19950629,incipient,1995-07-15 00:00:00,1995-07-15 12:00:00
19950629,intensification,1995-07-15 15:00:00,1995-07-17 09:00:00
19950629,mature,1995-07-17 12:00:00,1995-07-18 00:00:00
19950629,decay,1995-07-18 03:00:00,1995-07-20 06:00:00
19950629,residual,1995-07-20 09:00:00,1995-07-22 09:00:00
19950632,intensification,1995-07-15 12:00:00,1995-07-16 15:00:00
19950636,incipient,1995-07-17 00:00:00,1995-07-17 09:00:00
19950636,intensification,1995-07-17 12:00:00,1995-07-20 15:00:00
19950636,mature,1995-07-20 18:00:00,1995-07-21 12:00:00
19950636,decay,1995-07-21 15:00:00,1995-07-23 09:00:00
19950636,residual,1995-07-23 12:00:00,1995-07-26 09:00:00
19950637,intensification,1995-07-17 00:00:00,1995-07-17 06:00:00
19950637,decay,1995-07-17 09:00:00,1995-07-18 00:00:00
19950653,intensification,1995-07-22 00:00:00,1995-07-22 09:00:00
19950653,mature,1995-07-22 12:00:00,1995-07-22 18:00:00
19950653,decay,1995-07-22 21:00:00,1995-07-24 21:00:00
19950654,incipient,1995-07-22 03:00:00,1995-07-22 09:00:00
19950654,decay,1995-07-22 12:00:00,1995-07-23 15:00:00
19950654,intensification,1995-07-23 18:00:00,1995-07-24 03:00:00
19950654,mature,1995-07-24 06:00:00,1995-07-24 09:00:00
19950654,decay 2,1995-07-24 12:00:00,1995-07-25 06:00:00
19950656,incipient,1995-07-24 09:00:00,1995-07-24 21:00:00
19950656,intensification,1995-07-25 00:00:00,1995-07-26 06:00:00
19950656,mature,1995-07-26 09:00:00,1995-07-26 21:00:00
19950656,decay,1995-07-27 00:00:00,1995-07-28 15:00:00
19950658,incipient,1995-07-25 03:00:00,1995-07-25 09:00:00
19950658,intensification,1995-07-25 12:00:00,1995-07-26 00:00:00
19950658,mature,1995-07-26 03:00:00,1995-07-26 09:00:00
19950658,decay,1995-07-26 12:00:00,1995-07-27 06:00:00
19950658,residual,1995-07-27 09:00:00,1995-07-27 21:00:00
19950672,incipient,1995-07-28 12:00:00,1995-07-28 12:00:00
19950672,intensification,1995-07-28 15:00:00,1995-07-29 00:00:00
19950672,mature,1995-07-29 03:00:00,1995-07-29 06:00:00
19950672,decay,1995-07-29 09:00:00,1995-07-30 18:00:00
19950676,decay,1995-07-29 12:00:00,1995-07-30 06:00:00
19950676,intensification,1995-07-30 09:00:00,1995-07-31 15:00:00
19950676,mature,1995-07-31 18:00:00,1995-08-01 00:00:00
19950676,decay 2,1995-08-01 03:00:00,1995-08-02 09:00:00
19950677,incipient,1995-07-29 18:00:00,1995-07-29 18:00:00
19950677,decay,1995-07-29 21:00:00,1995-07-31 12:00:00
19950677,intensification,1995-07-31 15:00:00,1995-08-02 03:00:00
19950677,mature,1995-08-02 06:00:00,1995-08-02 18:00:00
19950677,decay 2,1995-08-02 21:00:00,1995-08-04 12:00:00
19950691,intensification,1995-08-02 06:00:00,1995-08-03 15:00:00
19950699,incipient,1995-08-04 03:00:00,1995-08-04 09:00:00
19950699,intensification,1995-08-04 12:00:00,1995-08-06 09:00:00
19950699,mature,1995-08-06 12:00:00,1995-08-07 03:00:00
19950699,decay,1995-08-07 06:00:00,1995-08-10 06:00:00
19950699,residual,1995-08-10 09:00:00,1995-08-11 18:00:00
19950704,incipient,1995-08-06 03:00:00,1995-08-06 06:00:00
19950704,intensification,1995-08-06 09:00:00,1995-08-07 12:00:00
19950704,mature,1995-08-07 15:00:00,1995-08-08 00:00:00
19950704,decay,1995-08-08 03:00:00,1995-08-10 06:00:00
19950708,incipient,1995-08-07 18:00:00,1995-08-07 21:00:00
19950708,intensification,1995-08-08 00:00:00,1995-08-08 12:00:00
19950708,mature,1995-08-08 15:00:00,1995-08-08 18:00:00
19950708,decay,1995-08-08 21:00:00,1995-08-10 03:00:00
19950720,incipient,1995-08-11 03:00:00,1995-08-11 09:00:00
19950720,intensification,1995-08-11 12:00:00,1995-08-12 15:00:00
19950720,mature,1995-08-12 18:00:00,1995-08-12 21:00:00
19950720,decay,1995-08-13 00:00:00,1995-08-13 18:00:00
19950720,residual,1995-08-13 21:00:00,1995-08-15 06:00:00
19950728,incipient,1995-08-13 00:00:00,1995-08-13 09:00:00
19950728,intensification,1995-08-13 12:00:00,1995-08-14 15:00:00
19950728,mature,1995-08-14 18:00:00,1995-08-15 03:00:00
19950728,decay,1995-08-15 06:00:00,1995-08-16 21:00:00
19950732,incipient,1995-08-13 09:00:00,1995-08-13 15:00:00
19950732,decay,1995-08-13 18:00:00,1995-08-14 18:00:00
19950732,intensification,1995-08-14 21:00:00,1995-08-15 15:00:00
19950734,incipient,1995-08-13 12:00:00,1995-08-13 18:00:00
19950734,intensification,1995-08-13 21:00:00,1995-08-14 15:00:00
19950734,mature,1995-08-14 18:00:00,1995-08-14 21:00:00
19950734,decay,1995-08-15 00:00:00,1995-08-15 03:00:00
19950734,residual,1995-08-15 06:00:00,1995-08-15 06:00:00
19960002,incipient,1996-01-01 00:00:00,1996-01-01 09:00:00
19960002,intensification,1996-01-01 12:00:00,1996-01-03 03:00:00
19960002,mature,1996-01-03 06:00:00,1996-01-03 18:00:00
19960002,decay,1996-01-03 21:00:00,1996-01-05 21:00:00
19960002,intensification 2,1996-01-06 00:00:00,1996-01-07 06:00:00
19960002,mature 2,1996-01-07 09:00:00,1996-01-07 18:00:00
19960002,decay 2,1996-01-07 21:00:00,1996-01-09 21:00:00
19960008,incipient,1996-01-02 18:00:00,1996-01-03 12:00:00
19960008,intensification,1996-01-03 15:00:00,1996-01-06 03:00:00
19960008,mature,1996-01-06 06:00:00,1996-01-06 21:00:00
19960008,decay,1996-01-07 00:00:00,1996-01-07 21:00:00
19960009,incipient,1996-01-03 09:00:00,1996-01-03 15:00:00
19960009,intensification,1996-01-03 18:00:00,1996-01-04 12:00:00
19960009,mature,1996-01-04 15:00:00,1996-01-04 21:00:00
19960009,decay,1996-01-05 00:00:00,1996-01-05 21:00:00
19960014,intensification,1996-01-06 06:00:00,1996-01-06 21:00:00
19960014,decay,1996-01-07 00:00:00,1996-01-10 12:00:00
19960016,incipient,1996-01-06 15:00:00,1996-01-06 15:00:00
19960016,intensification,1996-01-06 18:00:00,1996-01-07 12:00:00
19960016,mature,1996-01-07 15:00:00,1996-01-07 21:00:00
19960016,decay,1996-01-08 00:00:00,1996-01-09 15:00:00
19960016,residual,1996-01-09 18:00:00,1996-01-10 03:00:00
19960020,intensification,1996-01-07 03:00:00,1996-01-07 21:00:00
19960020,mature,1996-01-08 00:00:00,1996-01-08 03:00:00
19960020,decay,1996-01-08 06:00:00,1996-01-08 18:00:00
19960020,intensification 2,1996-01-08 21:00:00,1996-01-09 21:00:00
19960020,mature 2,1996-01-10 00:00:00,1996-01-10 06:00:00
19960020,decay 2,1996-01-10 09:00:00,1996-01-11 06:00:00
19960027,incipient,1996-01-11 12:00:00,1996-01-12 15:00:00
19960027,intensification,1996-01-12 18:00:00,1996-01-15 09:00:00
19960027,mature,1996-01-15 12:00:00,1996-01-16 12:00:00
19960027,decay,1996-01-16 15:00:00,1996-01-20 15:00:00
19960038,incipient,1996-01-15 00:00:00,1996-01-15 06:00:00
19960038,intensification,1996-01-15 09:00:00,1996-01-16 21:00:00
19960038,mature,1996-01-17 00:00:00,1996-01-17 09:00:00
19960038,decay,1996-01-17 12:00:00,1996-01-18 21:00:00
19960038,intensification 2,1996-01-19 00:00:00,1996-01-19 15:00:00
19960038,mature 2,1996-01-19 18:00:00,1996-01-20 00:00:00
19960038,decay 2,1996-01-20 03:00:00,1996-01-21 18:00:00
19960042,incipient,1996-01-16 15:00:00,1996-01-16 18:00:00
19960042,decay,1996-01-16 21:00:00,1996-01-17 06:00:00
19960042,intensification,1996-01-17 09:00:00,1996-01-17 18:00:00
19960042,decay 2,1996-01-17 21:00:00,1996-01-18 03:00:00
19960054,incipient,1996-01-21 00:00:00,1996-01-22 12:00:00
19960054,intensification,1996-01-22 15:00:00,1996-01-25 12:00:00
19960054,mature,1996-01-25 15:00:00,1996-01-26 03:00:00
19960054,decay,1996-01-26 06:00:00,1996-01-27 00:00:00
19960057,intensification,1996-01-22 06:00:00,1996-01-24 06:00:00
19960057,residual,1996-01-24 09:00:00,1996-01-24 18:00:00
19960063,incipient,1996-01-25 12:00:00,1996-01-25 12:00:00
19960063,intensification,1996-01-25 15:00:00,1996-01-26 03:00:00
19960063,mature,1996-01-26 06:00:00,1996-01-26 09:00:00
19960063,decay,1996-01-26 12:00:00,1996-01-27 18:00:00
19960064,decay,1996-01-26 00:00:00,1996-01-26 15:00:00
19960064,intensification,1996-01-26 18:00:00,1996-01-27 18:00:00
19960064,mature,1996-01-27 21:00:00,1996-01-28 03:00:00
19960064,decay 2,1996-01-28 06:00:00,1996-01-29 03:00:00
19960066,incipient,1996-01-26 03:00:00,1996-01-26 15:00:00
19960066,intensification,1996-01-26 18:00:00,1996-01-27 18:00:00
19960066,mature,1996-01-27 21:00:00,1996-01-28 00:00:00
19960066,decay,1996-01-28 03:00:00,1996-01-28 12:00:00
19960074,incipient,1996-01-29 00:00:00,1996-01-29 12:00:00
19960074,intensification,1996-01-29 15:00:00,1996-01-31 00:00:00
19960074,mature,1996-01-31 03:00:00,1996-01-31 12:00:00
19960074,decay,1996-01-31 15:00:00,1996-02-01 12:00:00
19960076,intensification,1996-01-30 12:00:00,1996-01-30 15:00:00
19960076,decay,1996-01-30 18:00:00,1996-01-31 15:00:00
19960077,decay,1996-01-31 00:00:00,1996-01-31 18:00:00
19960077,intensification,1996-01-31 21:00:00,1996-01-31 21:00:00
19960077,decay 2,1996-02-01 00:00:00,1996-02-01 12:00:00
19960081,incipient,1996-01-31 09:00:00,1996-01-31 15:00:00
19960081,intensification,1996-01-31 18:00:00,1996-01-31 18:00:00
19960081,decay,1996-01-31 21:00:00,1996-02-01 06:00:00
19960081,intensification 2,1996-02-01 09:00:00,1996-02-01 15:00:00
19960081,decay 2,1996-02-01 18:00:00,1996-02-01 21:00:00
19960096,incipient,1996-02-05 03:00:00,1996-02-05 09:00:00
19960096,intensification,1996-02-05 12:00:00,1996-02-06 15:00:00
19960096,mature,1996-02-06 18:00:00,1996-02-07 00:00:00
19960096,decay,1996-02-07 03:00:00,1996-02-08 00:00:00
19960096,residual,1996-02-08 03:00:00,1996-02-09 21:00:00
19960101,decay,1996-02-06 12:00:00,1996-02-09 09:00:00
19960108,intensification,1996-02-09 12:00:00,1996-02-09 18:00:00
19960108,decay,1996-02-09 21:00:00,1996-02-10 12:00:00
19960108,residual,1996-02-10 15:00:00,1996-02-10 15:00:00
19960110,intensification,1996-02-10 00:00:00,1996-02-10 09:00:00
19960110,decay,1996-02-10 12:00:00,1996-02-11 06:00:00
19960111,incipient,1996-02-11 00:00:00,1996-02-11 03:00:00
19960111,intensification,1996-02-11 06:00:00,1996-02-12 12:00:00
19960111,mature,1996-02-12 15:00:00,1996-02-13 03:00:00
19960111,decay,1996-02-13 06:00:00,1996-02-15 21:00:00
19960117,intensification,1996-02-14 00:00:00,1996-02-15 15:00:00
19960117,mature,1996-02-15 18:00:00,1996-02-16 12:00:00
19960117,decay,1996-02-16 15:00:00,1996-02-21 15:00:00
19960132,decay,1996-02-18 12:00:00,1996-02-18 21:00:00
19960132,intensification,1996-02-19 00:00:00,1996-02-19 09:00:00
19960132,decay 2,1996-02-19 12:00:00,1996-02-20 00:00:00
19960141,incipient,1996-02-20 06:00:00,1996-02-20 09:00:00
19960141,intensification,1996-02-20 12:00:00,1996-02-23 00:00:00
19960141,mature,1996-02-23 03:00:00,1996-02-23 15:00:00
19960141,decay,1996-02-23 18:00:00,1996-02-24 21:00:00
19960155,incipient,1996-02-24 12:00:00,1996-02-24 12:00:00
19960155,intensification,1996-02-24 15:00:00,1996-02-25 12:00:00
19960155,mature,1996-02-25 15:00:00,1996-02-25 18:00:00
19960155,decay,1996-02-25 21:00:00,1996-02-26 03:00:00
19960158,incipient,1996-02-25 12:00:00,1996-02-25 12:00:00
19960158,decay,1996-02-25 15:00:00,1996-02-26 18:00:00
19960160,incipient,1996-02-26 03:00:00,1996-02-26 12:00:00
19960160,intensification,1996-02-26 15:00:00,1996-02-29 03:00:00
19960160,mature,1996-02-29 06:00:00,1996-02-29 21:00:00
19960160,decay,1996-03-01 00:00:00,1996-03-03 00:00:00
19960165,incipient,1996-02-28 00:00:00,1996-02-28 12:00:00
19960165,intensification,1996-02-28 15:00:00,1996-03-01 06:00:00
19960165,mature,1996-03-01 09:00:00,1996-03-01 21:00:00
19960165,decay,1996-03-02 00:00:00,1996-03-04 03:00:00
19960175,incipient,1996-03-01 09:00:00,1996-03-02 21:00:00
19960175,intensification,1996-03-03 00:00:00,1996-03-05 21:00:00
19960175,mature,1996-03-06 00:00:00,1996-03-07 00:00:00
19960175,decay,1996-03-07 03:00:00,1996-03-10 06:00:00
19960175,residual,1996-03-10 09:00:00,1996-03-10 09:00:00
19960185,incipient,1996-03-06 06:00:00,1996-03-06 06:00:00
19960185,intensification,1996-03-06 09:00:00,1996-03-07 09:00:00
19960185,mature,1996-03-07 12:00:00,1996-03-07 18:00:00
19960185,decay,1996-03-07 21:00:00,1996-03-08 21:00:00
19960195,intensification,1996-03-08 18:00:00,1996-03-09 00:00:00
19960195,decay,1996-03-09 03:00:00,1996-03-10 00:00:00
19960197,incipient,1996-03-09 00:00:00,1996-03-09 00:00:00
19960197,intensification,1996-03-09 03:00:00,1996-03-10 15:00:00
19960197,mature,1996-03-10 18:00:00,1996-03-11 12:00:00
19960197,decay,1996-03-11 15:00:00,1996-03-16 03:00:00
19960202,incipient,1996-03-11 12:00:00,1996-03-11 12:00:00
19960202,intensification,1996-03-11 15:00:00,1996-03-12 00:00:00
19960202,mature,1996-03-12 03:00:00,1996-03-12 06:00:00
19960202,decay,1996-03-12 09:00:00,1996-03-13 03:00:00
19960207,intensification,1996-03-13 00:00:00,1996-03-13 21:00:00
19960207,mature,1996-03-14 00:00:00,1996-03-14 03:00:00
19960207,decay,1996-03-14 06:00:00,1996-03-15 00:00:00
19960209,incipient,1996-03-13 06:00:00,1996-03-13 12:00:00
19960209,intensification,1996-03-13 15:00:00,1996-03-14 15:00:00
19960209,mature,1996-03-14 18:00:00,1996-03-15 00:00:00
19960209,decay,1996-03-15 03:00:00,1996-03-16 09:00:00
19960232,incipient,1996-03-19 18:00:00,1996-03-19 21:00:00
19960232,intensification,1996-03-20 00:00:00,1996-03-21 09:00:00
19960232,mature,1996-03-21 12:00:00,1996-03-21 15:00:00
19960232,decay,1996-03-21 18:00:00,1996-03-22 06:00:00
19960233,intensification,1996-03-20 15:00:00,1996-03-21 06:00:00
19960233,decay,1996-03-21 09:00:00,1996-03-21 18:00:00
19960242,incipient,1996-03-22 12:00:00,1996-03-22 21:00:00
19960242,intensification,1996-03-23 00:00:00,1996-03-24 03:00:00
19960242,mature,1996-03-24 06:00:00,1996-03-24 18:00:00
19960242,decay,1996-03-24 21:00:00,1996-03-27 00:00:00
19960248,incipient,1996-03-25 03:00:00,1996-03-25 12:00:00
19960248,decay,1996-03-25 15:00:00,1996-03-25 18:00:00
19960248,intensification,1996-03-25 21:00:00,1996-03-25 21:00:00
19960248,decay 2,1996-03-26 00:00:00,1996-03-26 06:00:00
19960258,incipient,1996-03-27 03:00:00,1996-03-27 18:00:00
19960258,intensification,1996-03-27 21:00:00,1996-03-29 03:00:00
19960258,mature,1996-03-29 06:00:00,1996-03-29 12:00:00
19960258,decay,1996-03-29 15:00:00,1996-03-30 09:00:00
19960264,incipient,1996-03-30 12:00:00,1996-03-30 18:00:00
19960264,intensification,1996-03-30 21:00:00,1996-04-01 00:00:00
19960264,mature,1996-04-01 03:00:00,1996-04-01 09:00:00
19960264,decay,1996-04-01 12:00:00,1996-04-02 09:00:00
19960269,incipient,1996-04-01 09:00:00,1996-04-01 12:00:00
19960269,intensification,1996-04-01 15:00:00,1996-04-02 06:00:00
19960269,mature,1996-04-02 09:00:00,1996-04-02 12:00:00
19960269,decay,1996-04-02 15:00:00,1996-04-03 09:00:00
19960273,intensification,1996-04-02 00:00:00,1996-04-02 18:00:00
19960273,mature,1996-04-02 21:00:00,1996-04-03 00:00:00
19960273,decay,1996-04-03 03:00:00,1996-04-04 09:00:00
19960282,intensification,1996-04-05 03:00:00,1996-04-06 09:00:00
19960284,incipient,1996-04-05 15:00:00,1996-04-05 18:00:00
19960284,intensification,1996-04-05 21:00:00,1996-04-06 15:00:00
19960284,mature,1996-04-06 18:00:00,1996-04-06 21:00:00
19960284,decay,1996-04-07 00:00:00,1996-04-07 12:00:00
19960284,residual,1996-04-07 15:00:00,1996-04-08 03:00:00
19960286,incipient,1996-04-06 12:00:00,1996-04-06 15:00:00
19960286,intensification,1996-04-06 18:00:00,1996-04-07 21:00:00
19960286,mature,1996-04-08 00:00:00,1996-04-08 09:00:00
19960286,decay,1996-04-08 12:00:00,1996-04-10 21:00:00
19960286,intensification 2,1996-04-11 00:00:00,1996-04-11 18:00:00
19960286,mature 2,1996-04-11 21:00:00,1996-04-12 06:00:00
19960286,decay 2,1996-04-12 09:00:00,1996-04-14 21:00:00
19960290,incipient,1996-04-08 03:00:00,1996-04-08 06:00:00
19960290,intensification,1996-04-08 09:00:00,1996-04-08 21:00:00
19960290,mature,1996-04-09 00:00:00,1996-04-09 03:00:00
19960290,decay,1996-04-09 06:00:00,1996-04-10 09:00:00
19960301,intensification,1996-04-10 09:00:00,1996-04-11 12:00:00
19960308,incipient,1996-04-13 18:00:00,1996-04-14 12:00:00
19960308,intensification,1996-04-14 15:00:00,1996-04-18 00:00:00
19960308,mature,1996-04-18 03:00:00,1996-04-19 03:00:00
19960308,decay,1996-04-19 06:00:00,1996-04-23 03:00:00
19960308,residual,1996-04-23 06:00:00,1996-04-23 21:00:00
19960320,intensification,1996-04-17 06:00:00,1996-04-17 12:00:00
19960320,decay,1996-04-17 15:00:00,1996-04-18 09:00:00
19960347,incipient,1996-04-25 03:00:00,1996-04-25 15:00:00
19960347,intensification,1996-04-25 18:00:00,1996-04-27 00:00:00
19960347,mature,1996-04-27 03:00:00,1996-04-27 12:00:00
19960347,decay,1996-04-27 15:00:00,1996-04-28 15:00:00
19960350,decay,1996-04-26 06:00:00,1996-04-27 21:00:00
19960356,incipient,1996-04-28 18:00:00,1996-05-01 00:00:00
19960356,intensification,1996-05-01 03:00:00,1996-05-05 15:00:00
19960356,mature,1996-05-05 18:00:00,1996-05-07 03:00:00
19960356,decay,1996-05-07 06:00:00,1996-05-11 09:00:00
19960363,incipient,1996-04-30 15:00:00,1996-04-30 15:00:00
19960363,intensification,1996-04-30 18:00:00,1996-05-01 09:00:00
19960363,mature,1996-05-01 12:00:00,1996-05-01 15:00:00
19960363,decay,1996-05-01 18:00:00,1996-05-02 09:00:00
19960379,incipient,1996-05-04 00:00:00,1996-05-04 06:00:00
19960379,intensification,1996-05-04 09:00:00,1996-05-05 06:00:00
19960379,mature,1996-05-05 09:00:00,1996-05-05 15:00:00
19960379,decay,1996-05-05 18:00:00,1996-05-07 06:00:00
19960379,residual,1996-05-07 09:00:00,1996-05-07 18:00:00
19960383,incipient,1996-05-06 00:00:00,1996-05-06 06:00:00
19960383,intensification,1996-05-06 09:00:00,1996-05-06 21:00:00
19960383,mature,1996-05-07 00:00:00,1996-05-07 03:00:00
19960383,decay,1996-05-07 06:00:00,1996-05-07 15:00:00
19960386,incipient,1996-05-07 06:00:00,1996-05-07 06:00:00
19960386,intensification,1996-05-07 09:00:00,1996-05-08 03:00:00
19960386,mature,1996-05-08 06:00:00,1996-05-08 15:00:00
19960386,decay,1996-05-08 18:00:00,1996-05-10 21:00:00
19960392,intensification,1996-05-09 12:00:00,1996-05-11 09:00:00
19960400,intensification,1996-05-11 12:00:00,1996-05-12 12:00:00
19960400,mature,1996-05-12 15:00:00,1996-05-13 03:00:00
19960400,decay,1996-05-13 06:00:00,1996-05-16 09:00:00
19960410,intensification,1996-05-14 15:00:00,1996-05-17 09:00:00
19960414,incipient,1996-05-15 18:00:00,1996-05-17 00:00:00
19960414,intensification,1996-05-17 03:00:00,1996-05-19 15:00:00
19960414,mature,1996-05-19 18:00:00,1996-05-20 09:00:00
19960414,decay,1996-05-20 12:00:00,1996-05-21 09:00:00
19960418,incipient,1996-05-17 06:00:00,1996-05-17 15:00:00
19960418,intensification,1996-05-17 18:00:00,1996-05-19 03:00:00
19960418,mature,1996-05-19 06:00:00,1996-05-19 18:00:00
19960418,decay,1996-05-19 21:00:00,1996-05-21 12:00:00
19960422,intensification,1996-05-18 09:00:00,1996-05-18 15:00:00
19960422,decay,1996-05-18 18:00:00,1996-05-19 06:00:00
19960426,incipient,1996-05-18 18:00:00,1996-05-20 00:00:00
19960426,intensification,1996-05-20 03:00:00,1996-05-24 12:00:00
19960426,mature,1996-05-24 15:00:00,1996-05-25 18:00:00
19960426,decay,1996-05-25 21:00:00,1996-05-29 09:00:00
19960450,incipient,1996-05-26 03:00:00,1996-05-26 06:00:00
19960450,intensification,1996-05-26 09:00:00,1996-05-27 12:00:00
19960450,mature,1996-05-27 15:00:00,1996-05-28 00:00:00
19960450,decay,1996-05-28 03:00:00,1996-05-30 15:00:00
19960460,decay,1996-05-29 06:00:00,1996-05-29 09:00:00
19960460,intensification,1996-05-29 12:00:00,1996-05-29 21:00:00
19960460,decay 2,1996-05-30 00:00:00,1996-05-30 09:00:00
19960464,intensification,1996-06-01 00:00:00,1996-06-01 03:00:00
19960464,mature,1996-06-01 06:00:00,1996-06-01 09:00:00
19960464,decay,1996-06-01 12:00:00,1996-06-02 06:00:00
19960472,incipient,1996-06-02 09:00:00,1996-06-02 15:00:00
19960472,intensification,1996-06-02 18:00:00,1996-06-03 21:00:00
19960472,mature,1996-06-04 00:00:00,1996-06-04 06:00:00
19960472,decay,1996-06-04 09:00:00,1996-06-05 03:00:00
19960472,residual,1996-06-05 06:00:00,1996-06-06 00:00:00
19960489,intensification,1996-06-08 12:00:00,1996-06-09 03:00:00
19960489,mature,1996-06-09 06:00:00,1996-06-09 09:00:00
19960489,decay,1996-06-09 12:00:00,1996-06-10 21:00:00
19960490,incipient,1996-06-08 15:00:00,1996-06-08 18:00:00
19960490,intensification,1996-06-08 21:00:00,1996-06-10 09:00:00
19960490,mature,1996-06-10 12:00:00,1996-06-11 00:00:00
19960490,decay,1996-06-11 03:00:00,1996-06-12 18:00:00
19960496,incipient,1996-06-10 06:00:00,1996-06-11 00:00:00
19960496,intensification,1996-06-11 03:00:00,1996-06-12 21:00:00
19960496,mature,1996-06-13 00:00:00,1996-06-13 15:00:00
19960496,decay,1996-06-13 18:00:00,1996-06-15 21:00:00
19960501,incipient,1996-06-11 18:00:00,1996-06-12 00:00:00
19960501,intensification,1996-06-12 03:00:00,1996-06-13 09:00:00
19960501,mature,1996-06-13 12:00:00,1996-06-14 00:00:00
19960501,decay,1996-06-14 03:00:00,1996-06-17 12:00:00
19960514,intensification,1996-06-16 00:00:00,1996-06-16 03:00:00
19960514,mature,1996-06-16 06:00:00,1996-06-16 09:00:00
19960514,decay,1996-06-16 12:00:00,1996-06-17 06:00:00
19960518,incipient,1996-06-17 12:00:00,1996-06-17 15:00:00
19960518,intensification,1996-06-17 18:00:00,1996-06-18 12:00:00
19960518,mature,1996-06-18 15:00:00,1996-06-18 18:00:00
19960518,decay,1996-06-18 21:00:00,1996-06-19 03:00:00
19960518,residual,1996-06-19 06:00:00,1996-06-20 09:00:00
19960525,intensification,1996-06-18 12:00:00,1996-06-20 03:00:00
19960525,mature,1996-06-20 06:00:00,1996-06-20 21:00:00
19960525,decay,1996-06-21 00:00:00,1996-06-25 06:00:00
19960525,residual,1996-06-25 09:00:00,1996-06-28 06:00:00
19960528,incipient,1996-06-20 00:00:00,1996-06-20 06:00:00
19960528,intensification,1996-06-20 09:00:00,1996-06-22 03:00:00
19960528,mature,1996-06-22 06:00:00,1996-06-22 15:00:00
19960528,decay,1996-06-22 18:00:00,1996-06-23 15:00:00
19960530,incipient,1996-06-20 12:00:00,1996-06-20 18:00:00
19960530,intensification,1996-06-20 21:00:00,1996-06-21 15:00:00
19960530,mature,1996-06-21 18:00:00,1996-06-22 00:00:00
19960530,decay,1996-06-22 03:00:00,1996-06-23 06:00:00
19960538,intensification,1996-06-23 12:00:00,1996-06-24 09:00:00
19960552,incipient,1996-06-27 12:00:00,1996-06-27 15:00:00
19960552,decay,1996-06-27 18:00:00,1996-06-28 15:00:00
19960552,intensification,1996-06-28 18:00:00,1996-06-28 21:00:00
19960557,incipient,1996-06-29 00:00:00,1996-06-29 18:00:00
19960557,intensification,1996-06-29 21:00:00,1996-07-02 12:00:00
19960557,mature,1996-07-02 15:00:00,1996-07-03 12:00:00
19960557,decay,1996-07-03 15:00:00,1996-07-07 00:00:00
19960561,intensification,1996-06-29 18:00:00,1996-06-30 09:00:00
19960561,decay,1996-06-30 12:00:00,1996-06-30 21:00:00
19960577,incipient,1996-07-05 18:00:00,1996-07-06 09:00:00
19960577,intensification,1996-07-06 12:00:00,1996-07-08 12:00:00
19960577,mature,1996-07-08 15:00:00,1996-07-09 06:00:00
19960577,decay,1996-07-09 09:00:00,1996-07-11 09:00:00
19960577,residual,1996-07-11 12:00:00,1996-07-15 00:00:00
19960599,intensification,1996-07-11 00:00:00,1996-07-11 18:00:00
19960599,decay,1996-07-11 21:00:00,1996-07-12 09:00:00
19960612,incipient,1996-07-14 12:00:00,1996-07-14 12:00:00
19960612,intensification,1996-07-14 15:00:00,1996-07-15 06:00:00
19960612,mature,1996-07-15 09:00:00,1996-07-15 18:00:00
19960612,decay,1996-07-15 21:00:00,1996-07-17 18:00:00
19960625,incipient,1996-07-20 03:00:00,1996-07-20 09:00:00
19960625,intensification,1996-07-20 12:00:00,1996-07-21 18:00:00
19960625,mature,1996-07-21 21:00:00,1996-07-22 03:00:00
19960625,decay,1996-07-22 06:00:00,1996-07-22 18:00:00
19960627,incipient,1996-07-21 06:00:00,1996-07-21 12:00:00
19960627,intensification,1996-07-21 15:00:00,1996-07-23 12:00:00
19960627,mature,1996-07-23 15:00:00,1996-07-24 03:00:00
19960627,decay,1996-07-24 06:00:00,1996-07-26 15:00:00
19960627,residual,1996-07-26 18:00:00,1996-07-28 00:00:00
19960631,incipient,1996-07-22 15:00:00,1996-07-24 06:00:00
19960631,intensification,1996-07-24 09:00:00,1996-07-27 18:00:00
19960631,mature,1996-07-27 21:00:00,1996-07-28 21:00:00
19960631,decay,1996-07-29 00:00:00,1996-07-31 06:00:00
19960631,residual,1996-07-31 09:00:00,1996-08-04 09:00:00
19960635,incipient,1996-07-24 00:00:00,1996-07-24 03:00:00
19960635,decay,1996-07-24 06:00:00,1996-07-24 18:00:00
19960635,intensification,1996-07-24 21:00:00,1996-07-25 00:00:00
19960642,intensification,1996-07-26 12:00:00,1996-07-27 03:00:00
19960642,mature,1996-07-27 06:00:00,1996-07-27 09:00:00
19960642,decay,1996-07-27 12:00:00,1996-07-29 00:00:00
19960652,incipient,1996-07-27 18:00:00,1996-07-28 06:00:00
19960652,intensification,1996-07-28 09:00:00,1996-07-30 09:00:00
19960652,mature,1996-07-30 12:00:00,1996-07-31 09:00:00
19960652,decay,1996-07-31 12:00:00,1996-08-04 12:00:00
19960663,intensification,1996-07-31 06:00:00,1996-08-01 03:00:00
19960665,incipient,1996-07-31 12:00:00,1996-07-31 21:00:00
19960665,intensification,1996-08-01 00:00:00,1996-08-02 12:00:00
19960665,mature,1996-08-02 15:00:00,1996-08-03 06:00:00
19960665,decay,1996-08-03 09:00:00,1996-08-06 03:00:00
19960679,incipient,1996-08-04 00:00:00,1996-08-04 06:00:00
19960679,intensification,1996-08-04 09:00:00,1996-08-06 00:00:00
19960679,mature,1996-08-06 03:00:00,1996-08-06 18:00:00
19960679,decay,1996-08-06 21:00:00,1996-08-09 18:00:00
19960692,incipient,1996-08-08 03:00:00,1996-08-08 18:00:00
19960692,intensification,1996-08-08 21:00:00,1996-08-08 21:00:00
19960692,decay,1996-08-09 00:00:00,1996-08-09 18:00:00
19960692,intensification 2,1996-08-09 21:00:00,1996-08-10 06:00:00
19960699,intensification,1996-08-10 09:00:00,1996-08-11 00:00:00
19960699,decay,1996-08-11 03:00:00,1996-08-11 09:00:00
19970004,incipient,1997-01-01 12:00:00,1997-01-01 18:00:00
19970004,intensification,1997-01-01 21:00:00,1997-01-02 15:00:00
19970004,mature,1997-01-02 18:00:00,1997-01-02 21:00:00
19970004,decay,1997-01-03 00:00:00,1997-01-03 15:00:00
19970010,incipient,1997-01-03 03:00:00,1997-01-03 15:00:00
19970010,intensification,1997-01-03 18:00:00,1997-01-10 18:00:00
19970010,mature,1997-01-10 21:00:00,1997-01-12 06:00:00
19970010,decay,1997-01-12 09:00:00,1997-01-15 09:00:00
19970027,incipient,1997-01-08 09:00:00,1997-01-08 15:00:00
19970027,intensification,1997-01-08 18:00:00,1997-01-10 03:00:00
19970027,mature,1997-01-10 06:00:00,1997-01-10 18:00:00
19970027,decay,1997-01-10 21:00:00,1997-01-13 03:00:00
19970029,incipient,1997-01-10 09:00:00,1997-01-10 21:00:00
19970029,intensification,1997-01-11 00:00:00,1997-01-16 18:00:00
19970029,mature,1997-01-16 21:00:00,1997-01-17 21:00:00
19970029,decay,1997-01-18 00:00:00,1997-01-19 03:00:00
19970030,incipient,1997-01-10 09:00:00,1997-01-10 09:00:00
19970030,intensification,1997-01-10 12:00:00,1997-01-11 15:00:00
19970030,mature,1997-01-11 18:00:00,1997-01-12 00:00:00
19970030,decay,1997-01-12 03:00:00,1997-01-13 06:00:00
19970031,incipient,1997-01-11 00:00:00,1997-01-11 18:00:00
19970031,intensification,1997-01-11 21:00:00,1997-01-13 18:00:00
19970031,mature,1997-01-13 21:00:00,1997-01-14 12:00:00
19970031,decay,1997-01-14 15:00:00,1997-01-16 09:00:00
19970033,incipient,1997-01-11 03:00:00,1997-01-11 09:00:00
19970033,intensification,1997-01-11 12:00:00,1997-01-12 03:00:00
19970033,mature,1997-01-12 06:00:00,1997-01-12 09:00:00
19970033,decay,1997-01-12 12:00:00,1997-01-13 03:00:00
19970037,incipient,1997-01-12 15:00:00,1997-01-12 21:00:00
19970037,intensification,1997-01-13 00:00:00,1997-01-14 03:00:00
19970037,mature,1997-01-14 06:00:00,1997-01-14 18:00:00
19970037,decay,1997-01-14 21:00:00,1997-01-17 09:00:00
19970046,decay,1997-01-16 12:00:00,1997-01-16 18:00:00
19970046,intensification,1997-01-16 21:00:00,1997-01-16 21:00:00
19970046,decay 2,1997-01-17 00:00:00,1997-01-17 18:00:00
19970056,intensification,1997-01-20 12:00:00,1997-01-20 18:00:00
19970056,decay,1997-01-20 21:00:00,1997-01-21 09:00:00
19970064,incipient,1997-01-23 00:00:00,1997-01-23 06:00:00
19970064,intensification,1997-01-23 09:00:00,1997-01-24 21:00:00
19970064,mature,1997-01-25 00:00:00,1997-01-25 15:00:00
19970064,decay,1997-01-25 18:00:00,1997-01-29 03:00:00
19970072,incipient,1997-01-25 12:00:00,1997-01-25 12:00:00
19970072,intensification,1997-01-25 15:00:00,1997-01-26 03:00:00
19970072,mature,1997-01-26 06:00:00,1997-01-26 09:00:00
19970072,decay,1997-01-26 12:00:00,1997-01-27 09:00:00
19970078,incipient,1997-01-28 15:00:00,1997-01-29 00:00:00
19970078,intensification,1997-01-29 03:00:00,1997-01-30 15:00:00
19970078,mature,1997-01-30 18:00:00,1997-01-31 06:00:00
19970078,decay,1997-01-31 09:00:00,1997-02-02 15:00:00
19970081,incipient,1997-01-31 06:00:00,1997-01-31 15:00:00
19970081,intensification,1997-01-31 18:00:00,1997-02-05 18:00:00
19970081,mature,1997-02-05 21:00:00,1997-02-06 21:00:00
19970081,decay,1997-02-07 00:00:00,1997-02-09 03:00:00
19970086,intensification,1997-02-01 03:00:00,1997-02-01 06:00:00
19970086,decay,1997-02-01 09:00:00,1997-02-02 06:00:00
19970095,incipient,1997-02-06 18:00:00,1997-02-07 15:00:00
19970095,intensification,1997-02-07 18:00:00,1997-02-09 18:00:00
19970095,mature,1997-02-09 21:00:00,1997-02-10 12:00:00
19970095,decay,1997-02-10 15:00:00,1997-02-12 12:00:00
19970098,intensification,1997-02-08 00:00:00,1997-02-08 09:00:00
19970098,decay,1997-02-08 12:00:00,1997-02-09 09:00:00
19970100,intensification,1997-02-08 15:00:00,1997-02-10 00:00:00
19970102,intensification,1997-02-10 00:00:00,1997-02-10 09:00:00
19970102,decay,1997-02-10 12:00:00,1997-02-11 00:00:00
19970113,intensification,1997-02-13 00:00:00,1997-02-13 21:00:00
19970113,mature,1997-02-14 00:00:00,1997-02-14 03:00:00
19970113,decay,1997-02-14 06:00:00,1997-02-14 21:00:00
19970115,incipient,1997-02-13 09:00:00,1997-02-13 21:00:00
19970115,intensification,1997-02-14 00:00:00,1997-02-15 21:00:00
19970115,mature,1997-02-16 00:00:00,1997-02-16 15:00:00
19970115,decay,1997-02-16 18:00:00,1997-02-19 06:00:00
19970120,incipient,1997-02-14 06:00:00,1997-02-14 12:00:00
19970120,intensification,1997-02-14 15:00:00,1997-02-15 21:00:00
19970120,mature,1997-02-16 00:00:00,1997-02-16 06:00:00
19970120,decay,1997-02-16 09:00:00,1997-02-18 00:00:00
19970120,residual,1997-02-18 03:00:00,1997-02-20 00:00:00
19970126,incipient,1997-02-16 15:00:00,1997-02-16 18:00:00
19970126,intensification,1997-02-16 21:00:00,1997-02-17 18:00:00
19970126,mature,1997-02-17 21:00:00,1997-02-18 09:00:00
19970126,decay,1997-02-18 12:00:00,1997-02-21 00:00:00
19970127,incipient,1997-02-17 00:00:00,1997-02-18 06:00:00
19970127,intensification,1997-02-18 09:00:00,1997-02-21 03:00:00
19970127,mature,1997-02-21 06:00:00,1997-02-21 21:00:00
19970127,decay,1997-02-22 00:00:00,1997-02-22 21:00:00
19970130,incipient,1997-02-18 12:00:00,1997-02-19 00:00:00
19970130,intensification,1997-02-19 03:00:00,1997-02-20 21:00:00
19970130,mature,1997-02-21 00:00:00,1997-02-21 15:00:00
19970130,decay,1997-02-21 18:00:00,1997-02-27 18:00:00
19970138,incipient,1997-02-21 03:00:00,1997-02-21 06:00:00
19970138,intensification,1997-02-21 09:00:00,1997-02-22 18:00:00
19970138,mature,1997-02-22 21:00:00,1997-02-23 06:00:00
19970138,decay,1997-02-23 09:00:00,1997-02-24 15:00:00
19970140,incipient,1997-02-22 03:00:00,1997-02-22 06:00:00
19970140,intensification,1997-02-22 09:00:00,1997-02-23 15:00:00
19970140,mature,1997-02-23 18:00:00,1997-02-24 06:00:00
19970140,decay,1997-02-24 09:00:00,1997-02-27 00:00:00
19970147,incipient,1997-02-25 00:00:00,1997-02-25 06:00:00
19970147,intensification,1997-02-25 09:00:00,1997-02-27 06:00:00
19970147,mature,1997-02-27 09:00:00,1997-02-27 15:00:00
19970147,decay,1997-02-27 18:00:00,1997-02-28 09:00:00
19970153,incipient,1997-02-26 06:00:00,1997-02-27 03:00:00
19970153,intensification,1997-02-27 06:00:00,1997-03-01 09:00:00
19970153,mature,1997-03-01 12:00:00,1997-03-02 03:00:00
19970153,decay,1997-03-02 06:00:00,1997-03-04 09:00:00
19970158,incipient,1997-02-28 00:00:00,1997-02-28 03:00:00
19970158,decay,1997-02-28 06:00:00,1997-02-28 18:00:00
19970158,intensification,1997-02-28 21:00:00,1997-03-01 00:00:00
19970167,incipient,1997-03-01 09:00:00,1997-03-01 15:00:00
19970167,intensification,1997-03-01 18:00:00,1997-03-06 00:00:00
19970167,mature,1997-03-06 03:00:00,1997-03-06 21:00:00
19970167,decay,1997-03-07 00:00:00,1997-03-08 06:00:00
19970173,incipient,1997-03-02 15:00:00,1997-03-03 00:00:00
19970173,intensification,1997-03-03 03:00:00,1997-03-03 03:00:00
19970173,decay,1997-03-03 06:00:00,1997-03-03 18:00:00
19970173,intensification 2,1997-03-03 21:00:00,1997-03-04 15:00:00
19970173,mature,1997-03-04 18:00:00,1997-03-04 21:00:00
19970173,decay 2,1997-03-05 00:00:00,1997-03-05 18:00:00
19970178,intensification,1997-03-05 06:00:00,1997-03-06 00:00:00
19970178,decay,1997-03-06 03:00:00,1997-03-06 06:00:00
19970181,incipient,1997-03-06 03:00:00,1997-03-06 06:00:00
19970181,intensification,1997-03-06 09:00:00,1997-03-07 00:00:00
19970181,mature,1997-03-07 03:00:00,1997-03-07 06:00:00
19970181,decay,1997-03-07 09:00:00,1997-03-08 03:00:00
19970186,incipient,1997-03-07 12:00:00,1997-03-07 21:00:00
19970186,intensification,1997-03-08 00:00:00,1997-03-09 06:00:00
19970186,mature,1997-03-09 09:00:00,1997-03-09 18:00:00
19970186,decay,1997-03-09 21:00:00,1997-03-11 12:00:00
19970196,incipient,1997-03-11 06:00:00,1997-03-11 09:00:00
19970196,decay,1997-03-11 12:00:00,1997-03-12 00:00:00
19970196,intensification,1997-03-12 03:00:00,1997-03-12 09:00:00
19970196,decay 2,1997-03-12 12:00:00,1997-03-12 21:00:00
19970196,residual,1997-03-13 00:00:00,1997-03-13 00:00:00
19970197,incipient,1997-03-11 15:00:00,1997-03-11 21:00:00
19970197,intensification,1997-03-12 00:00:00,1997-03-13 12:00:00
19970197,mature,1997-03-13 15:00:00,1997-03-13 21:00:00
19970197,decay,1997-03-14 00:00:00,1997-03-14 18:00:00
19970204,decay,1997-03-14 12:00:00,1997-03-15 00:00:00
19970204,intensification,1997-03-15 03:00:00,1997-03-15 18:00:00
19970204,decay 2,1997-03-15 21:00:00,1997-03-16 09:00:00
19970204,intensification 2,1997-03-16 12:00:00,1997-03-17 09:00:00
19970217,incipient,1997-03-19 12:00:00,1997-03-19 15:00:00
19970217,intensification,1997-03-19 18:00:00,1997-03-21 03:00:00
19970217,mature,1997-03-21 06:00:00,1997-03-21 15:00:00
19970217,decay,1997-03-21 18:00:00,1997-03-23 06:00:00
19970217,residual,1997-03-23 09:00:00,1997-03-25 18:00:00
19970233,incipient,1997-03-22 03:00:00,1997-03-22 15:00:00
19970233,intensification,1997-03-22 18:00:00,1997-03-23 21:00:00
19970233,mature,1997-03-24 00:00:00,1997-03-24 09:00:00
19970233,decay,1997-03-24 12:00:00,1997-03-26 03:00:00
19970234,incipient,1997-03-24 12:00:00,1997-03-25 12:00:00
19970234,intensification,1997-03-25 15:00:00,1997-03-27 21:00:00
19970234,mature,1997-03-28 00:00:00,1997-03-28 18:00:00
19970234,decay,1997-03-28 21:00:00,1997-03-31 00:00:00
19970239,incipient,1997-03-27 00:00:00,1997-03-27 03:00:00
19970239,intensification,1997-03-27 06:00:00,1997-03-27 18:00:00
19970239,mature,1997-03-27 21:00:00,1997-03-28 03:00:00
19970239,decay,1997-03-28 06:00:00,1997-03-29 00:00:00
19970260,incipient,1997-04-02 12:00:00,1997-04-02 18:00:00
19970260,intensification,1997-04-02 21:00:00,1997-04-03 15:00:00
19970260,mature,1997-04-03 18:00:00,1997-04-04 00:00:00
19970260,decay,1997-04-04 03:00:00,1997-04-05 12:00:00
19970289,incipient,1997-04-11 00:00:00,1997-04-11 00:00:00
19970289,intensification,1997-04-11 03:00:00,1997-04-11 21:00:00
19970289,mature,1997-04-12 00:00:00,1997-04-12 09:00:00
19970289,decay,1997-04-12 12:00:00,1997-04-14 06:00:00
19970294,intensification,1997-04-12 03:00:00,1997-04-12 18:00:00
19970294,decay,1997-04-12 21:00:00,1997-04-13 09:00:00
19970318,intensification,1997-04-20 00:00:00,1997-04-20 21:00:00
19970318,mature,1997-04-21 00:00:00,1997-04-21 12:00:00
19970318,decay,1997-04-21 15:00:00,1997-04-24 15:00:00
19970322,intensification,1997-04-21 03:00:00,1997-04-21 09:00:00
19970322,decay,1997-04-21 12:00:00,1997-04-22 06:00:00
19970340,incipient,1997-04-26 12:00:00,1997-04-26 21:00:00
19970340,intensification,1997-04-27 00:00:00,1997-04-27 00:00:00
19970340,decay,1997-04-27 03:00:00,1997-04-28 00:00:00
19970340,intensification 2,1997-04-28 03:00:00,1997-04-28 18:00:00
19970340,residual,1997-04-28 21:00:00,1997-04-28 21:00:00
19970345,incipient,1997-04-28 06:00:00,1997-04-28 18:00:00
19970345,decay,1997-04-28 21:00:00,1997-04-29 06:00:00
19970345,intensification,1997-04-29 09:00:00,1997-04-29 12:00:00
19970345,decay 2,1997-04-29 15:00:00,1997-04-29 21:00:00
19970346,intensification,1997-04-29 00:00:00,1997-04-29 15:00:00
19970346,mature,1997-04-29 18:00:00,1997-04-29 21:00:00
19970346,decay,1997-04-30 00:00:00,1997-05-01 09:00:00
19970349,incipient,1997-04-29 15:00:00,1997-04-29 21:00:00
19970349,intensification,1997-04-30 00:00:00,1997-04-30 18:00:00
19970349,mature,1997-04-30 21:00:00,1997-05-01 03:00:00
19970349,decay,1997-05-01 06:00:00,1997-05-02 15:00:00
19970360,intensification,1997-05-03 12:00:00,1997-05-05 09:00:00
19970364,incipient,1997-05-04 12:00:00,1997-05-04 21:00:00
19970364,intensification,1997-05-05 00:00:00,1997-05-06 18:00:00
19970364,mature,1997-05-06 21:00:00,1997-05-07 12:00:00
19970364,decay,1997-05-07 15:00:00,1997-05-10 21:00:00
19970373,intensification,1997-05-07 18:00:00,1997-05-08 18:00:00
19970373,mature,1997-05-08 21:00:00,1997-05-09 03:00:00
19970373,decay,1997-05-09 06:00:00,1997-05-10 12:00:00
19970373,residual,1997-05-10 15:00:00,1997-05-13 03:00:00
19970378,intensification,1997-05-09 15:00:00,1997-05-12 15:00:00
19970378,residual,1997-05-12 18:00:00,1997-05-13 06:00:00
19970381,incipient,1997-05-10 00:00:00,1997-05-10 00:00:00
19970381,decay,1997-05-10 03:00:00,1997-05-11 12:00:00
19970391,incipient,1997-05-13 06:00:00,1997-05-13 06:00:00
19970391,intensification,1997-05-13 09:00:00,1997-05-14 03:00:00
19970391,mature,1997-05-14 06:00:00,1997-05-14 09:00:00
19970391,decay,1997-05-14 12:00:00,1997-05-15 00:00:00
19970391,intensification 2,1997-05-15 03:00:00,1997-05-15 15:00:00
19970391,mature 2,1997-05-15 18:00:00,1997-05-15 21:00:00
19970391,decay 2,1997-05-16 00:00:00,1997-05-17 00:00:00
19970397,incipient,1997-05-14 12:00:00,1997-05-14 15:00:00
19970397,intensification,1997-05-14 18:00:00,1997-05-16 00:00:00
19970397,mature,1997-05-16 03:00:00,1997-05-16 06:00:00
19970397,decay,1997-05-16 09:00:00,1997-05-17 00:00:00
19970408,incipient,1997-05-18 06:00:00,1997-05-18 12:00:00
19970408,intensification,1997-05-18 15:00:00,1997-05-20 00:00:00
19970408,mature,1997-05-20 03:00:00,1997-05-20 18:00:00
19970408,decay,1997-05-20 21:00:00,1997-05-23 12:00:00
19970409,intensification,1997-05-18 12:00:00,1997-05-18 21:00:00
19970409,decay,1997-05-19 00:00:00,1997-05-19 21:00:00
19970412,intensification,1997-05-19 00:00:00,1997-05-19 03:00:00
19970412,mature,1997-05-19 06:00:00,1997-05-19 09:00:00
19970412,decay,1997-05-19 12:00:00,1997-05-20 09:00:00
19970416,incipient,1997-05-20 00:00:00,1997-05-20 06:00:00
19970416,decay,1997-05-20 09:00:00,1997-05-20 15:00:00
19970416,intensification,1997-05-20 18:00:00,1997-05-20 18:00:00
19970416,decay 2,1997-05-20 21:00:00,1997-05-21 06:00:00
19970417,incipient,1997-05-20 03:00:00,1997-05-20 09:00:00
19970417,intensification,1997-05-20 12:00:00,1997-05-21 09:00:00
19970417,mature,1997-05-21 12:00:00,1997-05-21 18:00:00
19970417,decay,1997-05-21 21:00:00,1997-05-23 00:00:00
19970421,incipient,1997-05-21 06:00:00,1997-05-21 12:00:00
19970421,intensification,1997-05-21 15:00:00,1997-05-23 06:00:00
19970421,mature,1997-05-23 09:00:00,1997-05-24 03:00:00
19970421,decay,1997-05-24 06:00:00,1997-05-28 12:00:00
19970429,incipient,1997-05-23 12:00:00,1997-05-23 18:00:00
19970429,intensification,1997-05-23 21:00:00,1997-05-27 09:00:00
19970429,mature,1997-05-27 12:00:00,1997-05-28 03:00:00
19970429,decay,1997-05-28 06:00:00,1997-05-29 18:00:00
19970433,intensification,1997-05-25 12:00:00,1997-05-26 00:00:00
19970433,decay,1997-05-26 03:00:00,1997-05-26 12:00:00
19970439,intensification,1997-05-26 18:00:00,1997-05-27 00:00:00
19970439,decay,1997-05-27 03:00:00,1997-05-28 00:00:00
19970465,incipient,1997-06-03 12:00:00,1997-06-03 21:00:00
19970465,intensification,1997-06-04 00:00:00,1997-06-05 03:00:00
19970465,mature,1997-06-05 06:00:00,1997-06-05 15:00:00
19970465,decay,1997-06-05 18:00:00,1997-06-07 09:00:00
19970470,incipient,1997-06-05 18:00:00,1997-06-05 18:00:00
19970470,intensification,1997-06-05 21:00:00,1997-06-07 00:00:00
19970470,mature,1997-06-07 03:00:00,1997-06-07 15:00:00
19970470,decay,1997-06-07 18:00:00,1997-06-11 03:00:00
19970472,incipient,1997-06-06 15:00:00,1997-06-08 00:00:00
19970472,intensification,1997-06-08 03:00:00,1997-06-10 21:00:00
19970472,mature,1997-06-11 00:00:00,1997-06-11 15:00:00
19970472,decay,1997-06-11 18:00:00,1997-06-13 03:00:00
19970473,intensification,1997-06-07 03:00:00,1997-06-08 00:00:00
19970473,mature,1997-06-08 03:00:00,1997-06-08 15:00:00
19970473,decay,1997-06-08 18:00:00,1997-06-11 12:00:00
19970476,incipient,1997-06-08 06:00:00,1997-06-08 21:00:00
19970476,intensification,1997-06-09 00:00:00,1997-06-10 18:00:00
19970476,mature,1997-06-10 21:00:00,1997-06-11 09:00:00
19970476,decay,1997-06-11 12:00:00,1997-06-13 03:00:00
19970483,decay,1997-06-11 15:00:00,1997-06-12 03:00:00
19970483,intensification,1997-06-12 06:00:00,1997-06-12 15:00:00
19970483,decay 2,1997-06-12 18:00:00,1997-06-13 09:00:00
19970487,intensification,1997-06-13 06:00:00,1997-06-14 12:00:00
19970487,mature,1997-06-14 15:00:00,1997-06-15 06:00:00
19970487,decay,1997-06-15 09:00:00,1997-06-19 03:00:00
19970495,incipient,1997-06-15 03:00:00,1997-06-15 09:00:00
19970495,decay,1997-06-15 12:00:00,1997-06-16 09:00:00
19970495,intensification,1997-06-16 12:00:00,1997-06-17 03:00:00
19970495,mature,1997-06-17 06:00:00,1997-06-17 09:00:00
19970495,decay 2,1997-06-17 12:00:00,1997-06-17 21:00:00
19970518,incipient,1997-06-22 06:00:00,1997-06-22 09:00:00
19970518,intensification,1997-06-22 12:00:00,1997-06-23 12:00:00
19970518,mature,1997-06-23 15:00:00,1997-06-24 00:00:00
19970518,decay,1997-06-24 03:00:00,1997-06-26 12:00:00
19970521,intensification,1997-06-23 06:00:00,1997-06-23 21:00:00
19970521,mature,1997-06-24 00:00:00,1997-06-24 03:00:00
19970521,decay,1997-06-24 06:00:00,1997-06-25 15:00:00
19970524,decay,1997-06-24 00:00:00,1997-06-24 06:00:00
19970524,intensification,1997-06-24 09:00:00,1997-06-25 09:00:00
19970524,mature,1997-06-25 12:00:00,1997-06-25 15:00:00
19970524,decay 2,1997-06-25 18:00:00,1997-06-26 09:00:00
19970525,incipient,1997-06-24 00:00:00,1997-06-24 12:00:00
19970525,intensification,1997-06-24 15:00:00,1997-06-26 06:00:00
19970525,mature,1997-06-26 09:00:00,1997-06-26 18:00:00
19970525,decay,1997-06-26 21:00:00,1997-06-28 12:00:00
19970535,decay,1997-06-27 18:00:00,1997-06-27 21:00:00
19970535,intensification,1997-06-28 00:00:00,1997-06-28 06:00:00
19970535,decay 2,1997-06-28 09:00:00,1997-06-28 18:00:00
19970536,incipient,1997-06-28 00:00:00,1997-06-28 21:00:00
19970536,intensification,1997-06-29 00:00:00,1997-07-01 09:00:00
19970536,mature,1997-07-01 12:00:00,1997-07-02 09:00:00
19970536,decay,1997-07-02 12:00:00,1997-07-05 15:00:00
19970538,incipient,1997-06-28 12:00:00,1997-06-29 12:00:00
19970538,intensification,1997-06-29 15:00:00,1997-06-30 06:00:00
19970538,decay,1997-06-30 09:00:00,1997-07-01 00:00:00
19970538,intensification 2,1997-07-01 03:00:00,1997-07-03 09:00:00
19970544,incipient,1997-07-01 15:00:00,1997-07-01 18:00:00
19970544,intensification,1997-07-01 21:00:00,1997-07-03 06:00:00
19970544,mature,1997-07-03 09:00:00,1997-07-04 00:00:00
19970544,decay,1997-07-04 03:00:00,1997-07-07 03:00:00
19970544,residual,1997-07-07 06:00:00,1997-07-07 09:00:00
19970549,decay,1997-07-02 15:00:00,1997-07-02 21:00:00
19970549,intensification,1997-07-03 00:00:00,1997-07-03 15:00:00
19970549,decay 2,1997-07-03 18:00:00,1997-07-04 03:00:00
19970555,incipient,1997-07-03 18:00:00,1997-07-04 09:00:00
19970555,intensification,1997-07-04 12:00:00,1997-07-06 06:00:00
19970555,mature,1997-07-06 09:00:00,1997-07-06 15:00:00
19970555,decay,1997-07-06 18:00:00,1997-07-07 09:00:00
19970559,decay,1997-07-05 18:00:00,1997-07-05 21:00:00
19970559,intensification,1997-07-06 00:00:00,1997-07-06 00:00:00
19970559,decay 2,1997-07-06 03:00:00,1997-07-07 00:00:00
19970568,incipient,1997-07-07 15:00:00,1997-07-07 15:00:00
19970568,intensification,1997-07-07 18:00:00,1997-07-08 18:00:00
19970568,mature,1997-07-08 21:00:00,1997-07-09 06:00:00
19970568,decay,1997-07-09 09:00:00,1997-07-11 18:00:00
19970569,incipient,1997-07-08 12:00:00,1997-07-08 18:00:00
19970569,decay,1997-07-08 21:00:00,1997-07-09 06:00:00
19970569,intensification,1997-07-09 09:00:00,1997-07-09 18:00:00
19970579,incipient,1997-07-11 00:00:00,1997-07-11 12:00:00
19970579,intensification,1997-07-11 15:00:00,1997-07-12 21:00:00
19970579,mature,1997-07-13 00:00:00,1997-07-13 09:00:00
19970579,decay,1997-07-13 12:00:00,1997-07-15 03:00:00
19970580,decay,1997-07-11 00:00:00,1997-07-11 15:00:00
19970580,intensification,1997-07-11 18:00:00,1997-07-13 12:00:00
19970580,mature,1997-07-13 15:00:00,1997-07-14 03:00:00
19970580,decay 2,1997-07-14 06:00:00,1997-07-16 12:00:00
19970581,incipient,1997-07-11 06:00:00,1997-07-11 18:00:00
19970581,decay,1997-07-11 21:00:00,1997-07-13 00:00:00
19970581,intensification,1997-07-13 03:00:00,1997-07-14 09:00:00
19970581,mature,1997-07-14 12:00:00,1997-07-14 15:00:00
19970581,decay 2,1997-07-14 18:00:00,1997-07-15 03:00:00
19970585,incipient,1997-07-12 06:00:00,1997-07-12 12:00:00
19970585,intensification,1997-07-12 15:00:00,1997-07-13 06:00:00
19970585,mature,1997-07-13 09:00:00,1997-07-13 15:00:00
19970585,decay,1997-07-13 18:00:00,1997-07-14 18:00:00
19970594,incipient,1997-07-14 15:00:00,1997-07-14 21:00:00
19970594,intensification,1997-07-15 00:00:00,1997-07-16 03:00:00
19970594,mature,1997-07-16 06:00:00,1997-07-16 15:00:00
19970594,decay,1997-07-16 18:00:00,1997-07-18 09:00:00
19970596,incipient,1997-07-15 03:00:00,1997-07-15 09:00:00
19970596,intensification,1997-07-15 12:00:00,1997-07-16 00:00:00
19970596,mature,1997-07-16 03:00:00,1997-07-16 09:00:00
19970596,decay,1997-07-16 12:00:00,1997-07-17 06:00:00
19970600,intensification,1997-07-16 09:00:00,1997-07-16 12:00:00
19970600,mature,1997-07-16 15:00:00,1997-07-16 18:00:00
19970600,decay,1997-07-16 21:00:00,1997-07-18 03:00:00
19970604,decay,1997-07-17 09:00:00,1997-07-17 21:00:00
19970604,intensification,1997-07-18 00:00:00,1997-07-18 06:00:00
19970614,incipient,1997-07-20 18:00:00,1997-07-20 21:00:00
19970614,intensification,1997-07-21 00:00:00,1997-07-21 15:00:00
19970614,mature,1997-07-21 18:00:00,1997-07-22 00:00:00
19970614,decay,1997-07-22 03:00:00,1997-07-22 21:00:00
19970619,intensification,1997-07-22 00:00:00,1997-07-24 06:00:00
19970622,decay,1997-07-22 12:00:00,1997-07-23 09:00:00
19970622,intensification,1997-07-23 12:00:00,1997-07-23 12:00:00
19970623,incipient,1997-07-22 12:00:00,1997-07-22 12:00:00
19970623,decay,1997-07-22 15:00:00,1997-07-24 00:00:00
19970623,intensification,1997-07-24 03:00:00,1997-07-26 03:00:00
19970623,mature,1997-07-26 06:00:00,1997-07-26 18:00:00
19970623,decay 2,1997-07-26 21:00:00,1997-07-29 06:00:00
19970638,incipient,1997-07-26 12:00:00,1997-07-27 06:00:00
19970638,intensification,1997-07-27 09:00:00,1997-07-29 06:00:00
19970638,mature,1997-07-29 09:00:00,1997-07-30 00:00:00
19970638,decay,1997-07-30 03:00:00,1997-07-31 21:00:00
19970642,intensification,1997-07-27 15:00:00,1997-07-30 09:00:00
19970649,incipient,1997-07-30 15:00:00,1997-07-30 15:00:00
19970649,intensification,1997-07-30 18:00:00,1997-07-31 06:00:00
19970649,mature,1997-07-31 09:00:00,1997-07-31 12:00:00
19970649,decay,1997-07-31 15:00:00,1997-08-01 15:00:00
19970650,incipient,1997-07-31 12:00:00,1997-07-31 12:00:00
19970650,decay,1997-07-31 15:00:00,1997-08-01 09:00:00
19970650,intensification,1997-08-01 12:00:00,1997-08-02 15:00:00
19970650,mature,1997-08-02 18:00:00,1997-08-02 21:00:00
19970650,decay 2,1997-08-03 00:00:00,1997-08-03 06:00:00
19970655,incipient,1997-08-02 00:00:00,1997-08-02 06:00:00
19970655,decay,1997-08-02 09:00:00,1997-08-03 03:00:00
19970658,intensification,1997-08-02 12:00:00,1997-08-03 00:00:00
19970658,decay,1997-08-03 03:00:00,1997-08-03 21:00:00
19970661,incipient,1997-08-03 03:00:00,1997-08-04 06:00:00
19970661,intensification,1997-08-04 09:00:00,1997-08-07 15:00:00
19970661,mature,1997-08-07 18:00:00,1997-08-08 18:00:00
19970661,decay,1997-08-08 21:00:00,1997-08-12 03:00:00
19970666,incipient,1997-08-03 18:00:00,1997-08-04 06:00:00
19970666,intensification,1997-08-04 09:00:00,1997-08-04 12:00:00
19970666,decay,1997-08-04 15:00:00,1997-08-05 06:00:00
19970666,intensification 2,1997-08-05 09:00:00,1997-08-05 21:00:00
19970674,incipient,1997-08-06 06:00:00,1997-08-06 12:00:00
19970674,intensification,1997-08-06 15:00:00,1997-08-08 12:00:00
19970674,mature,1997-08-08 15:00:00,1997-08-09 09:00:00
19970674,decay,1997-08-09 12:00:00,1997-08-13 00:00:00
19970687,incipient,1997-08-09 15:00:00,1997-08-09 15:00:00
19970687,intensification,1997-08-09 18:00:00,1997-08-11 03:00:00
19970687,mature,1997-08-11 06:00:00,1997-08-11 12:00:00
19970687,decay,1997-08-11 15:00:00,1997-08-13 00:00:00
19970687,intensification 2,1997-08-13 03:00:00,1997-08-14 09:00:00
19970687,mature 2,1997-08-14 12:00:00,1997-08-14 18:00:00
19970687,decay 2,1997-08-14 21:00:00,1997-08-16 00:00:00
19970690,incipient,1997-08-11 06:00:00,1997-08-11 12:00:00
19970690,intensification,1997-08-11 15:00:00,1997-08-12 06:00:00
19970690,mature,1997-08-12 09:00:00,1997-08-12 12:00:00
19970690,decay,1997-08-12 15:00:00,1997-08-13 03:00:00
19970698,incipient,1997-08-14 00:00:00,1997-08-14 12:00:00
19970698,intensification,1997-08-14 15:00:00,1997-08-16 09:00:00
19970698,mature,1997-08-16 12:00:00,1997-08-17 00:00:00
19970698,decay,1997-08-17 03:00:00,1997-08-19 12:00:00
19970704,intensification,1997-08-16 00:00:00,1997-08-17 09:00:00
19970711,incipient,1997-08-19 03:00:00,1997-08-19 18:00:00
19970711,decay,1997-08-19 21:00:00,1997-08-22 09:00:00
19970711,intensification,1997-08-22 12:00:00,1997-08-24 21:00:00
19970711,mature,1997-08-25 00:00:00,1997-08-25 12:00:00
19970711,decay 2,1997-08-25 15:00:00,1997-08-26 18:00:00
19970712,incipient,1997-08-19 12:00:00,1997-08-21 06:00:00
19970712,decay,1997-08-21 09:00:00,1997-08-21 09:00:00
19970712,intensification,1997-08-21 12:00:00,1997-08-23 00:00:00
19970712,mature,1997-08-23 03:00:00,1997-08-23 09:00:00
19970712,decay 2,1997-08-23 12:00:00,1997-08-24 12:00:00
19970724,incipient,1997-08-25 03:00:00,1997-08-25 12:00:00
19970724,intensification,1997-08-25 15:00:00,1997-08-26 18:00:00
19970724,mature,1997-08-26 21:00:00,1997-08-27 03:00:00
19970724,decay,1997-08-27 06:00:00,1997-08-28 09:00:00
19970726,incipient,1997-08-26 12:00:00,1997-08-27 03:00:00
19970726,intensification,1997-08-27 06:00:00,1997-08-28 21:00:00
19970726,mature,1997-08-29 00:00:00,1997-08-29 12:00:00
19970726,decay,1997-08-29 15:00:00,1997-08-31 09:00:00
19970726,residual,1997-08-31 12:00:00,1997-09-01 15:00:00
19970727,incipient,1997-08-27 00:00:00,1997-08-27 03:00:00
19970727,intensification,1997-08-27 06:00:00,1997-08-27 15:00:00
19970727,mature,1997-08-27 18:00:00,1997-08-27 21:00:00
19970727,decay,1997-08-28 00:00:00,1997-08-28 21:00:00
19970735,incipient,1997-08-29 00:00:00,1997-08-29 00:00:00
19970735,intensification,1997-08-29 03:00:00,1997-08-29 18:00:00
19970735,mature,1997-08-29 21:00:00,1997-08-30 00:00:00
19970735,decay,1997-08-30 03:00:00,1997-08-31 15:00:00
19980008,incipient,1998-01-03 00:00:00,1998-01-03 00:00:00
19980008,intensification,1998-01-03 03:00:00,1998-01-04 15:00:00
19980008,mature,1998-01-04 18:00:00,1998-01-05 03:00:00
19980008,decay,1998-01-05 06:00:00,1998-01-07 06:00:00
19980008,residual,1998-01-07 09:00:00,1998-01-09 18:00:00
19980010,decay,1998-01-03 00:00:00,1998-01-04 06:00:00
19980010,intensification,1998-01-04 09:00:00,1998-01-04 21:00:00
19980017,incipient,1998-01-05 15:00:00,1998-01-05 21:00:00
19980017,intensification,1998-01-06 00:00:00,1998-01-07 06:00:00
19980017,mature,1998-01-07 09:00:00,1998-01-07 21:00:00
19980017,decay,1998-01-08 00:00:00,1998-01-09 21:00:00
19980020,incipient,1998-01-06 09:00:00,1998-01-06 09:00:00
19980020,decay,1998-01-06 12:00:00,1998-01-06 21:00:00
19980020,intensification,1998-01-07 00:00:00,1998-01-07 09:00:00
19980022,incipient,1998-01-07 09:00:00,1998-01-07 12:00:00
19980022,intensification,1998-01-07 15:00:00,1998-01-08 03:00:00
19980022,mature,1998-01-08 06:00:00,1998-01-08 09:00:00
19980022,decay,1998-01-08 12:00:00,1998-01-08 21:00:00
19980031,incipient,1998-01-09 00:00:00,1998-01-09 18:00:00
19980031,intensification,1998-01-09 21:00:00,1998-01-11 18:00:00
19980031,mature,1998-01-11 21:00:00,1998-01-12 12:00:00
19980031,decay,1998-01-12 15:00:00,1998-01-14 21:00:00
19980038,incipient,1998-01-11 06:00:00,1998-01-11 21:00:00
19980038,intensification,1998-01-12 00:00:00,1998-01-13 12:00:00
19980038,mature,1998-01-13 15:00:00,1998-01-14 00:00:00
19980038,decay,1998-01-14 03:00:00,1998-01-14 21:00:00
19980044,decay,1998-01-14 06:00:00,1998-01-14 09:00:00
19980044,intensification,1998-01-14 12:00:00,1998-01-15 09:00:00
19980049,incipient,1998-01-15 06:00:00,1998-01-15 12:00:00
19980049,decay,1998-01-15 15:00:00,1998-01-17 00:00:00
19980049,intensification,1998-01-17 03:00:00,1998-01-17 15:00:00
19980049,mature,1998-01-17 18:00:00,1998-01-17 21:00:00
19980049,decay 2,1998-01-18 00:00:00,1998-01-19 06:00:00
19980052,intensification,1998-01-16 03:00:00,1998-01-17 06:00:00
19980052,mature,1998-01-17 09:00:00,1998-01-17 15:00:00
19980052,decay,1998-01-17 18:00:00,1998-01-18 18:00:00
19980052,intensification 2,1998-01-18 21:00:00,1998-01-20 15:00:00
19980052,mature 2,1998-01-20 18:00:00,1998-01-21 00:00:00
19980052,decay 2,1998-01-21 03:00:00,1998-01-21 21:00:00
19980055,incipient,1998-01-17 00:00:00,1998-01-17 00:00:00
19980055,intensification,1998-01-17 03:00:00,1998-01-18 03:00:00
19980055,mature,1998-01-18 06:00:00,1998-01-18 15:00:00
19980055,decay,1998-01-18 18:00:00,1998-01-20 21:00:00
19980061,incipient,1998-01-19 00:00:00,1998-01-19 21:00:00
19980061,intensification,1998-01-20 00:00:00,1998-01-22 09:00:00
19980061,mature,1998-01-22 12:00:00,1998-01-23 09:00:00
19980061,decay,1998-01-23 12:00:00,1998-01-29 21:00:00
19980063,incipient,1998-01-20 09:00:00,1998-01-20 12:00:00
19980063,intensification,1998-01-20 15:00:00,1998-01-21 06:00:00
19980063,mature,1998-01-21 09:00:00,1998-01-21 15:00:00
19980063,decay,1998-01-21 18:00:00,1998-01-22 15:00:00
19980067,incipient,1998-01-21 12:00:00,1998-01-21 21:00:00
19980067,intensification,1998-01-22 00:00:00,1998-01-23 09:00:00
19980067,mature,1998-01-23 12:00:00,1998-01-24 00:00:00
19980067,decay,1998-01-24 03:00:00,1998-01-26 12:00:00
19980071,incipient,1998-01-23 06:00:00,1998-01-23 12:00:00
19980071,intensification,1998-01-23 15:00:00,1998-01-26 18:00:00
19980071,mature,1998-01-26 21:00:00,1998-01-27 12:00:00
19980071,decay,1998-01-27 15:00:00,1998-01-29 03:00:00
19980074,incipient,1998-01-25 09:00:00,1998-01-25 12:00:00
19980074,intensification,1998-01-25 15:00:00,1998-01-26 03:00:00
19980074,mature,1998-01-26 06:00:00,1998-01-26 09:00:00
19980074,decay,1998-01-26 12:00:00,1998-01-26 21:00:00
19980076,incipient,1998-01-26 00:00:00,1998-01-26 03:00:00
19980076,intensification,1998-01-26 06:00:00,1998-01-26 15:00:00
19980076,mature,1998-01-26 18:00:00,1998-01-26 21:00:00
19980076,decay,1998-01-27 00:00:00,1998-01-28 03:00:00
19980077,incipient,1998-01-26 03:00:00,1998-01-26 21:00:00
19980077,intensification,1998-01-27 00:00:00,1998-01-29 15:00:00
19980077,mature,1998-01-29 18:00:00,1998-01-30 15:00:00
19980077,decay,1998-01-30 18:00:00,1998-02-03 03:00:00
19980079,intensification,1998-01-27 09:00:00,1998-01-27 21:00:00
19980079,decay,1998-01-28 00:00:00,1998-01-28 09:00:00
19980088,intensification,1998-01-31 03:00:00,1998-01-31 09:00:00
19980088,decay,1998-01-31 12:00:00,1998-02-01 03:00:00
19980093,incipient,1998-02-01 06:00:00,1998-02-01 09:00:00
19980093,decay,1998-02-01 12:00:00,1998-02-02 03:00:00
19980093,intensification,1998-02-02 06:00:00,1998-02-02 09:00:00
19980096,incipient,1998-02-02 00:00:00,1998-02-02 09:00:00
19980096,intensification,1998-02-02 12:00:00,1998-02-03 18:00:00
19980096,mature,1998-02-03 21:00:00,1998-02-04 06:00:00
19980096,decay,1998-02-04 09:00:00,1998-02-05 09:00:00
19980101,intensification,1998-02-03 06:00:00,1998-02-04 09:00:00
19980101,mature,1998-02-04 12:00:00,1998-02-04 15:00:00
19980101,decay,1998-02-04 18:00:00,1998-02-05 12:00:00
19980101,residual,1998-02-05 15:00:00,1998-02-05 21:00:00
19980106,intensification,1998-02-05 00:00:00,1998-02-07 21:00:00
19980106,decay,1998-02-08 00:00:00,1998-02-09 21:00:00
19980110,intensification,1998-02-06 09:00:00,1998-02-07 15:00:00
19980110,mature,1998-02-07 18:00:00,1998-02-08 03:00:00
19980110,decay,1998-02-08 06:00:00,1998-02-10 03:00:00
19980110,residual,1998-02-10 06:00:00,1998-02-12 06:00:00
19980129,intensification,1998-02-12 12:00:00,1998-02-16 09:00:00
19980144,incipient,1998-02-16 12:00:00,1998-02-16 15:00:00
19980144,intensification,1998-02-16 18:00:00,1998-02-18 00:00:00
19980144,mature,1998-02-18 03:00:00,1998-02-18 15:00:00
19980144,decay,1998-02-18 18:00:00,1998-02-21 06:00:00
19980144,residual,1998-02-21 09:00:00,1998-02-21 09:00:00
19980158,incipient,1998-02-21 12:00:00,1998-02-21 18:00:00
19980158,intensification,1998-02-21 21:00:00,1998-02-22 18:00:00
19980158,mature,1998-02-22 21:00:00,1998-02-23 03:00:00
19980158,decay,1998-02-23 06:00:00,1998-02-24 21:00:00
19980168,incipient,1998-02-25 00:00:00,1998-02-25 09:00:00
19980168,intensification,1998-02-25 12:00:00,1998-02-28 03:00:00
19980168,mature,1998-02-28 06:00:00,1998-02-28 18:00:00
19980168,decay,1998-02-28 21:00:00,1998-03-01 21:00:00
19980177,intensification,1998-02-26 12:00:00,1998-02-26 18:00:00
19980177,decay,1998-02-26 21:00:00,1998-02-27 09:00:00
19980178,incipient,1998-02-26 15:00:00,1998-02-26 21:00:00
19980178,intensification,1998-02-27 00:00:00,1998-02-27 09:00:00
19980178,mature,1998-02-27 12:00:00,1998-02-27 15:00:00
19980178,decay,1998-02-27 18:00:00,1998-02-28 03:00:00
19980184,incipient,1998-02-28 18:00:00,1998-02-28 21:00:00
19980184,intensification,1998-03-01 00:00:00,1998-03-01 18:00:00
19980184,mature,1998-03-01 21:00:00,1998-03-02 06:00:00
19980184,decay,1998-03-02 09:00:00,1998-03-04 18:00:00
19980188,incipient,1998-03-01 18:00:00,1998-03-03 09:00:00
19980188,intensification,1998-03-03 12:00:00,1998-03-06 21:00:00
19980188,mature,1998-03-07 00:00:00,1998-03-07 18:00:00
19980188,decay,1998-03-07 21:00:00,1998-03-10 06:00:00
19980194,incipient,1998-03-03 00:00:00,1998-03-03 03:00:00
19980194,intensification,1998-03-03 06:00:00,1998-03-05 06:00:00
19980194,mature,1998-03-05 09:00:00,1998-03-05 15:00:00
19980194,decay,1998-03-05 18:00:00,1998-03-06 06:00:00
19980199,incipient,1998-03-04 15:00:00,1998-03-05 03:00:00
19980199,intensification,1998-03-05 06:00:00,1998-03-06 09:00:00
19980199,mature,1998-03-06 12:00:00,1998-03-06 21:00:00
19980199,decay,1998-03-07 00:00:00,1998-03-07 21:00:00
19980204,incipient,1998-03-06 15:00:00,1998-03-07 12:00:00
19980204,intensification,1998-03-07 15:00:00,1998-03-10 18:00:00
19980204,mature,1998-03-10 21:00:00,1998-03-12 09:00:00
19980204,decay,1998-03-12 12:00:00,1998-03-19 12:00:00
19980208,incipient,1998-03-07 00:00:00,1998-03-07 09:00:00
19980208,intensification,1998-03-07 12:00:00,1998-03-08 09:00:00
19980208,mature,1998-03-08 12:00:00,1998-03-08 18:00:00
19980208,decay,1998-03-08 21:00:00,1998-03-10 03:00:00
19980211,incipient,1998-03-09 00:00:00,1998-03-09 06:00:00
19980211,intensification,1998-03-09 09:00:00,1998-03-10 12:00:00
19980211,mature,1998-03-10 15:00:00,1998-03-11 00:00:00
19980211,decay,1998-03-11 03:00:00,1998-03-13 03:00:00
19980213,incipient,1998-03-09 03:00:00,1998-03-09 12:00:00
19980213,decay,1998-03-09 15:00:00,1998-03-09 21:00:00
19980213,intensification,1998-03-10 00:00:00,1998-03-10 00:00:00
19980213,decay 2,1998-03-10 03:00:00,1998-03-10 09:00:00
19980220,intensification,1998-03-12 06:00:00,1998-03-16 09:00:00
19980221,incipient,1998-03-12 12:00:00,1998-03-12 18:00:00
19980221,intensification,1998-03-12 21:00:00,1998-03-13 18:00:00
19980221,mature,1998-03-13 21:00:00,1998-03-14 03:00:00
19980221,decay,1998-03-14 06:00:00,1998-03-15 03:00:00
19980224,incipient,1998-03-13 12:00:00,1998-03-14 03:00:00
19980224,intensification,1998-03-14 06:00:00,1998-03-17 18:00:00
19980224,mature,1998-03-17 21:00:00,1998-03-19 00:00:00
19980224,decay,1998-03-19 03:00:00,1998-03-23 15:00:00
19980228,incipient,1998-03-14 15:00:00,1998-03-14 21:00:00
19980228,intensification,1998-03-15 00:00:00,1998-03-21 12:00:00
19980228,mature,1998-03-21 15:00:00,1998-03-23 00:00:00
19980228,decay,1998-03-23 03:00:00,1998-03-27 06:00:00
19980228,residual,1998-03-27 09:00:00,1998-03-27 09:00:00
19980244,incipient,1998-03-21 18:00:00,1998-03-22 00:00:00
19980244,intensification,1998-03-22 03:00:00,1998-03-23 06:00:00
19980244,mature,1998-03-23 09:00:00,1998-03-23 15:00:00
19980244,decay,1998-03-23 18:00:00,1998-03-24 15:00:00
19980249,incipient,1998-03-23 12:00:00,1998-03-24 06:00:00
19980249,intensification,1998-03-24 09:00:00,1998-03-26 00:00:00
19980249,mature,1998-03-26 03:00:00,1998-03-26 12:00:00
19980249,decay,1998-03-26 15:00:00,1998-03-28 00:00:00
19980250,decay,1998-03-23 12:00:00,1998-03-24 03:00:00
19980250,intensification,1998-03-24 06:00:00,1998-03-24 18:00:00
19980250,decay 2,1998-03-24 21:00:00,1998-03-25 15:00:00
19980254,intensification,1998-03-24 09:00:00,1998-03-24 12:00:00
19980254,decay,1998-03-24 15:00:00,1998-03-25 09:00:00
19980259,incipient,1998-03-25 15:00:00,1998-03-25 21:00:00
19980259,intensification,1998-03-26 00:00:00,1998-03-26 21:00:00
19980259,mature,1998-03-27 00:00:00,1998-03-27 09:00:00
19980259,decay,1998-03-27 12:00:00,1998-03-29 09:00:00
19980262,incipient,1998-03-26 03:00:00,1998-03-26 06:00:00
19980262,decay,1998-03-26 09:00:00,1998-03-27 00:00:00
19980262,intensification,1998-03-27 03:00:00,1998-03-27 03:00:00
19980263,incipient,1998-03-26 15:00:00,1998-03-26 18:00:00
19980263,intensification,1998-03-26 21:00:00,1998-03-27 18:00:00
19980263,mature,1998-03-27 21:00:00,1998-03-28 03:00:00
19980263,decay,1998-03-28 06:00:00,1998-03-29 06:00:00
19980289,decay,1998-04-02 06:00:00,1998-04-03 09:00:00
19980289,residual,1998-04-03 12:00:00,1998-04-03 12:00:00
19980293,incipient,1998-04-03 09:00:00,1998-04-03 09:00:00
19980293,intensification,1998-04-03 12:00:00,1998-04-04 03:00:00
19980293,mature,1998-04-04 06:00:00,1998-04-04 09:00:00
19980293,decay,1998-04-04 12:00:00,1998-04-04 12:00:00
19980293,residual,1998-04-04 15:00:00,1998-04-05 00:00:00
19980298,intensification,1998-04-04 18:00:00,1998-04-05 15:00:00
19980298,mature,1998-04-05 18:00:00,1998-04-05 21:00:00
19980298,decay,1998-04-06 00:00:00,1998-04-06 06:00:00
19980298,residual,1998-04-06 09:00:00,1998-04-07 00:00:00
19980304,incipient,1998-04-06 15:00:00,1998-04-06 18:00:00
19980304,intensification,1998-04-06 21:00:00,1998-04-08 03:00:00
19980304,mature,1998-04-08 06:00:00,1998-04-08 18:00:00
19980304,decay,1998-04-08 21:00:00,1998-04-11 12:00:00
19980311,incipient,1998-04-09 09:00:00,1998-04-09 09:00:00
19980311,intensification,1998-04-09 12:00:00,1998-04-14 09:00:00
19980311,mature,1998-04-14 12:00:00,1998-04-15 09:00:00
19980311,decay,1998-04-15 12:00:00,1998-04-17 18:00:00
19980316,incipient,1998-04-10 18:00:00,1998-04-10 18:00:00
19980316,intensification,1998-04-10 21:00:00,1998-04-11 06:00:00
19980316,mature,1998-04-11 09:00:00,1998-04-11 12:00:00
19980316,decay,1998-04-11 15:00:00,1998-04-12 15:00:00
19980323,intensification,1998-04-12 12:00:00,1998-04-13 03:00:00
19980323,decay,1998-04-13 06:00:00,1998-04-13 21:00:00
19980325,intensification,1998-04-13 06:00:00,1998-04-14 09:00:00
19980356,decay,1998-04-22 18:00:00,1998-04-23 03:00:00
19980356,intensification,1998-04-23 06:00:00,1998-04-23 09:00:00
19980356,decay 2,1998-04-23 12:00:00,1998-04-23 18:00:00
19980375,intensification,1998-04-27 06:00:00,1998-04-29 09:00:00
19980375,mature,1998-04-29 12:00:00,1998-04-30 18:00:00
19980375,decay,1998-04-30 21:00:00,1998-05-08 09:00:00
19980388,incipient,1998-05-03 00:00:00,1998-05-03 06:00:00
19980388,intensification,1998-05-03 09:00:00,1998-05-07 00:00:00
19980388,mature,1998-05-07 03:00:00,1998-05-07 21:00:00
19980388,decay,1998-05-08 00:00:00,1998-05-09 15:00:00
19980389,incipient,1998-05-03 12:00:00,1998-05-03 15:00:00
19980389,intensification,1998-05-03 18:00:00,1998-05-04 06:00:00
19980389,mature,1998-05-04 09:00:00,1998-05-04 15:00:00
19980389,decay,1998-05-04 18:00:00,1998-05-05 18:00:00
19980398,incipient,1998-05-07 18:00:00,1998-05-08 21:00:00
19980398,decay,1998-05-09 00:00:00,1998-05-09 06:00:00
19980398,intensification,1998-05-09 09:00:00,1998-05-10 06:00:00
19980398,mature,1998-05-10 09:00:00,1998-05-10 12:00:00
19980398,decay 2,1998-05-10 15:00:00,1998-05-11 03:00:00
19980415,incipient,1998-05-12 00:00:00,1998-05-12 12:00:00
19980415,intensification,1998-05-12 15:00:00,1998-05-14 15:00:00
19980415,mature,1998-05-14 18:00:00,1998-05-15 12:00:00
19980415,decay,1998-05-15 15:00:00,1998-05-18 18:00:00
19980424,incipient,1998-05-16 12:00:00,1998-05-17 06:00:00
19980424,intensification,1998-05-17 09:00:00,1998-05-19 03:00:00
19980424,mature,1998-05-19 06:00:00,1998-05-19 18:00:00
19980424,decay,1998-05-19 21:00:00,1998-05-20 21:00:00
19980434,intensification,1998-05-20 03:00:00,1998-05-20 12:00:00
19980434,mature,1998-05-20 15:00:00,1998-05-20 18:00:00
19980434,decay,1998-05-20 21:00:00,1998-05-22 03:00:00
19980456,intensification,1998-05-26 15:00:00,1998-05-27 03:00:00
19980456,mature,1998-05-27 06:00:00,1998-05-27 12:00:00
19980456,decay,1998-05-27 15:00:00,1998-05-29 09:00:00
19980459,incipient,1998-05-27 09:00:00,1998-05-27 15:00:00
19980459,intensification,1998-05-27 18:00:00,1998-05-29 00:00:00
19980459,mature,1998-05-29 03:00:00,1998-05-29 12:00:00
19980459,decay,1998-05-29 15:00:00,1998-05-31 06:00:00
19980471,incipient,1998-05-31 06:00:00,1998-05-31 06:00:00
19980471,intensification,1998-05-31 09:00:00,1998-05-31 21:00:00
19980471,mature,1998-06-01 00:00:00,1998-06-01 03:00:00
19980471,decay,1998-06-01 06:00:00,1998-06-02 03:00:00
19980479,incipient,1998-06-01 15:00:00,1998-06-01 18:00:00
19980479,intensification,1998-06-01 21:00:00,1998-06-02 15:00:00
19980479,mature,1998-06-02 18:00:00,1998-06-03 00:00:00
19980479,decay,1998-06-03 03:00:00,1998-06-04 00:00:00
19980484,incipient,1998-06-03 12:00:00,1998-06-03 12:00:00
19980484,intensification,1998-06-03 15:00:00,1998-06-05 00:00:00
19980484,mature,1998-06-05 03:00:00,1998-06-05 09:00:00
19980484,decay,1998-06-05 12:00:00,1998-06-06 12:00:00
19980485,incipient,1998-06-03 15:00:00,1998-06-03 21:00:00
19980485,intensification,1998-06-04 00:00:00,1998-06-05 00:00:00
19980485,mature,1998-06-05 03:00:00,1998-06-05 09:00:00
19980485,decay,1998-06-05 12:00:00,1998-06-06 21:00:00
19980488,incipient,1998-06-05 09:00:00,1998-06-05 21:00:00
19980488,intensification,1998-06-06 00:00:00,1998-06-06 00:00:00
19980488,decay,1998-06-06 03:00:00,1998-06-06 18:00:00
19980488,intensification 2,1998-06-06 21:00:00,1998-06-07 03:00:00
19980488,decay 2,1998-06-07 06:00:00,1998-06-07 21:00:00
19980496,intensification,1998-06-09 00:00:00,1998-06-10 21:00:00
19980520,incipient,1998-06-15 09:00:00,1998-06-15 18:00:00
19980520,intensification,1998-06-15 21:00:00,1998-06-17 03:00:00
19980520,mature,1998-06-17 06:00:00,1998-06-17 18:00:00
19980520,decay,1998-06-17 21:00:00,1998-06-19 21:00:00
19980540,decay,1998-06-21 09:00:00,1998-06-21 15:00:00
19980540,intensification,1998-06-21 18:00:00,1998-06-22 09:00:00
19980540,mature,1998-06-22 12:00:00,1998-06-22 18:00:00
19980540,decay 2,1998-06-22 21:00:00,1998-06-23 21:00:00
19980543,incipient,1998-06-22 03:00:00,1998-06-22 03:00:00
19980543,intensification,1998-06-22 06:00:00,1998-06-24 03:00:00
19980543,mature,1998-06-24 06:00:00,1998-06-24 12:00:00
19980543,decay,1998-06-24 15:00:00,1998-06-25 09:00:00
19980548,intensification,1998-06-24 00:00:00,1998-06-27 18:00:00
19980548,mature,1998-06-27 21:00:00,1998-06-28 09:00:00
19980548,decay,1998-06-28 12:00:00,1998-07-01 09:00:00
19980552,intensification,1998-06-24 15:00:00,1998-06-25 09:00:00
19980552,decay,1998-06-25 12:00:00,1998-06-25 18:00:00
19980553,incipient,1998-06-25 06:00:00,1998-06-25 09:00:00
19980553,intensification,1998-06-25 12:00:00,1998-06-28 18:00:00
19980553,mature,1998-06-28 21:00:00,1998-06-29 09:00:00
19980553,decay,1998-06-29 12:00:00,1998-06-30 00:00:00
19980587,decay,1998-07-04 15:00:00,1998-07-05 03:00:00
19980587,intensification,1998-07-05 06:00:00,1998-07-05 06:00:00
19980587,decay 2,1998-07-05 09:00:00,1998-07-05 15:00:00
19980595,intensification,1998-07-06 15:00:00,1998-07-09 00:00:00
19980597,intensification,1998-07-07 00:00:00,1998-07-07 21:00:00
19980597,mature,1998-07-08 00:00:00,1998-07-08 06:00:00
19980597,decay,1998-07-08 09:00:00,1998-07-09 06:00:00
19980597,residual,1998-07-09 09:00:00,1998-07-11 15:00:00
19980602,incipient,1998-07-08 12:00:00,1998-07-08 15:00:00
19980602,decay,1998-07-08 18:00:00,1998-07-09 00:00:00
19980602,intensification,1998-07-09 03:00:00,1998-07-09 09:00:00
19980602,decay 2,1998-07-09 12:00:00,1998-07-09 18:00:00
19980606,incipient,1998-07-10 03:00:00,1998-07-10 06:00:00
19980606,intensification,1998-07-10 09:00:00,1998-07-10 21:00:00
19980606,mature,1998-07-11 00:00:00,1998-07-11 06:00:00
19980606,decay,1998-07-11 09:00:00,1998-07-12 21:00:00
19980622,intensification,1998-07-13 15:00:00,1998-07-14 03:00:00
19980622,decay,1998-07-14 06:00:00,1998-07-14 15:00:00
19980632,intensification,1998-07-17 12:00:00,1998-07-18 03:00:00
19980632,decay,1998-07-18 06:00:00,1998-07-18 12:00:00
19980638,decay,1998-07-19 09:00:00,1998-07-21 12:00:00
19980652,incipient,1998-07-22 12:00:00,1998-07-23 06:00:00
19980652,intensification,1998-07-23 09:00:00,1998-07-25 12:00:00
19980652,mature,1998-07-25 15:00:00,1998-07-26 06:00:00
19980652,decay,1998-07-26 09:00:00,1998-07-28 03:00:00
19980652,residual,1998-07-28 06:00:00,1998-07-28 09:00:00
19980679,incipient,1998-07-31 06:00:00,1998-08-01 06:00:00
19980679,intensification,1998-08-01 09:00:00,1998-08-04 06:00:00
19980679,mature,1998-08-04 09:00:00,1998-08-05 00:00:00
19980679,decay,1998-08-05 03:00:00,1998-08-06 18:00:00
19980693,incipient,1998-08-05 00:00:00,1998-08-05 12:00:00
19980693,intensification,1998-08-05 15:00:00,1998-08-07 06:00:00
19980693,mature,1998-08-07 09:00:00,1998-08-07 21:00:00
19980693,decay,1998-08-08 00:00:00,1998-08-09 15:00:00
19980702,incipient,1998-08-08 09:00:00,1998-08-08 09:00:00
19980702,intensification,1998-08-08 12:00:00,1998-08-09 18:00:00
19980702,mature,1998-08-09 21:00:00,1998-08-10 09:00:00
19980702,decay,1998-08-10 12:00:00,1998-08-13 09:00:00
19980702,residual,1998-08-13 12:00:00,1998-08-13 21:00:00
19980711,intensification,1998-08-10 03:00:00,1998-08-10 21:00:00
19980711,decay,1998-08-11 00:00:00,1998-08-12 06:00:00
19980721,incipient,1998-08-12 09:00:00,1998-08-12 12:00:00
19980721,decay,1998-08-12 15:00:00,1998-08-12 21:00:00
19980721,intensification,1998-08-13 00:00:00,1998-08-13 09:00:00
19980743,incipient,1998-08-18 12:00:00,1998-08-18 12:00:00
19980743,intensification,1998-08-18 15:00:00,1998-08-19 12:00:00
19980743,mature,1998-08-19 15:00:00,1998-08-19 18:00:00
19980743,decay,1998-08-19 21:00:00,1998-08-21 15:00:00
19980749,incipient,1998-08-19 15:00:00,1998-08-19 21:00:00
19980749,decay,1998-08-20 00:00:00,1998-08-20 06:00:00
19980749,intensification,1998-08-20 09:00:00,1998-08-20 09:00:00
19980749,decay 2,1998-08-20 12:00:00,1998-08-20 18:00:00
19980750,intensification,1998-08-20 00:00:00,1998-08-20 12:00:00
19980750,decay,1998-08-20 15:00:00,1998-08-21 03:00:00
19980754,incipient,1998-08-21 03:00:00,1998-08-21 09:00:00
19980754,intensification,1998-08-21 12:00:00,1998-08-24 12:00:00
19980754,mature,1998-08-24 15:00:00,1998-08-25 03:00:00
19980754,decay,1998-08-25 06:00:00,1998-08-26 09:00:00
19980756,incipient,1998-08-21 06:00:00,1998-08-21 09:00:00
19980756,intensification,1998-08-21 12:00:00,1998-08-26 06:00:00
19980756,mature,1998-08-26 09:00:00,1998-08-27 00:00:00
19980756,decay,1998-08-27 03:00:00,1998-08-27 18:00:00
19980760,incipient,1998-08-22 15:00:00,1998-08-22 21:00:00
19980760,intensification,1998-08-23 00:00:00,1998-08-24 06:00:00
19980760,mature,1998-08-24 09:00:00,1998-08-24 21:00:00
19980760,decay,1998-08-25 00:00:00,1998-08-27 18:00:00
19990004,intensification,1999-01-01 09:00:00,1999-01-02 00:00:00
19990004,decay,1999-01-02 03:00:00,1999-01-02 18:00:00
19990012,intensification,1999-01-03 15:00:00,1999-01-04 03:00:00
19990012,mature,1999-01-04 06:00:00,1999-01-04 12:00:00
19990012,decay,1999-01-04 15:00:00,1999-01-06 18:00:00
19990014,incipient,1999-01-05 09:00:00,1999-01-05 21:00:00
19990014,intensification,1999-01-06 00:00:00,1999-01-08 15:00:00
19990014,mature,1999-01-08 18:00:00,1999-01-09 06:00:00
19990014,decay,1999-01-09 09:00:00,1999-01-11 00:00:00
19990020,incipient,1999-01-07 15:00:00,1999-01-08 06:00:00
19990020,intensification,1999-01-08 09:00:00,1999-01-09 21:00:00
19990020,mature,1999-01-10 00:00:00,1999-01-10 12:00:00
19990020,decay,1999-01-10 15:00:00,1999-01-12 06:00:00
19990023,incipient,1999-01-09 00:00:00,1999-01-09 09:00:00
19990023,intensification,1999-01-09 12:00:00,1999-01-10 21:00:00
19990023,mature,1999-01-11 00:00:00,1999-01-11 09:00:00
19990023,decay,1999-01-11 12:00:00,1999-01-12 18:00:00
19990023,intensification 2,1999-01-12 21:00:00,1999-01-14 09:00:00
19990023,mature 2,1999-01-14 12:00:00,1999-01-15 00:00:00
19990023,decay 2,1999-01-15 03:00:00,1999-01-17 09:00:00
19990043,intensification,1999-01-15 09:00:00,1999-01-16 18:00:00
19990049,incipient,1999-01-16 06:00:00,1999-01-16 18:00:00
19990049,intensification,1999-01-16 21:00:00,1999-01-16 21:00:00
19990049,decay,1999-01-17 00:00:00,1999-01-17 12:00:00
19990049,intensification 2,1999-01-17 15:00:00,1999-01-18 15:00:00
19990055,incipient,1999-01-19 15:00:00,1999-01-19 21:00:00
19990055,intensification,1999-01-20 00:00:00,1999-01-21 00:00:00
19990055,mature,1999-01-21 03:00:00,1999-01-21 12:00:00
19990055,decay,1999-01-21 15:00:00,1999-01-23 18:00:00
19990056,intensification,1999-01-19 15:00:00,1999-01-20 06:00:00
19990056,decay,1999-01-20 09:00:00,1999-01-21 00:00:00
19990069,incipient,1999-01-22 18:00:00,1999-01-23 06:00:00
19990069,intensification,1999-01-23 09:00:00,1999-01-25 00:00:00
19990069,mature,1999-01-25 03:00:00,1999-01-25 12:00:00
19990069,decay,1999-01-25 15:00:00,1999-01-27 00:00:00
19990077,incipient,1999-01-26 18:00:00,1999-01-27 03:00:00
19990077,intensification,1999-01-27 06:00:00,1999-01-27 06:00:00
19990077,decay,1999-01-27 09:00:00,1999-01-27 21:00:00
19990077,intensification 2,1999-01-28 00:00:00,1999-01-28 12:00:00
19990077,decay 2,1999-01-28 15:00:00,1999-01-28 21:00:00
19990083,incipient,1999-01-27 15:00:00,1999-01-28 03:00:00
19990083,intensification,1999-01-28 06:00:00,1999-01-30 00:00:00
19990083,mature,1999-01-30 03:00:00,1999-01-30 12:00:00
19990083,decay,1999-01-30 15:00:00,1999-01-31 21:00:00
19990098,incipient,1999-02-01 15:00:00,1999-02-01 18:00:00
19990098,intensification,1999-02-01 21:00:00,1999-02-02 18:00:00
19990098,mature,1999-02-02 21:00:00,1999-02-03 03:00:00
19990098,decay,1999-02-03 06:00:00,1999-02-04 12:00:00
19990103,incipient,1999-02-03 06:00:00,1999-02-03 09:00:00
19990103,intensification,1999-02-03 12:00:00,1999-02-04 09:00:00
19990103,mature,1999-02-04 12:00:00,1999-02-04 21:00:00
19990103,decay,1999-02-05 00:00:00,1999-02-07 03:00:00
19990111,intensification,1999-02-06 00:00:00,1999-02-06 21:00:00
19990119,incipient,1999-02-08 03:00:00,1999-02-08 18:00:00
19990119,intensification,1999-02-08 21:00:00,1999-02-10 15:00:00
19990119,mature,1999-02-10 18:00:00,1999-02-11 03:00:00
19990119,decay,1999-02-11 06:00:00,1999-02-12 12:00:00
19990127,incipient,1999-02-09 15:00:00,1999-02-09 18:00:00
19990127,intensification,1999-02-09 21:00:00,1999-02-10 09:00:00
19990127,mature,1999-02-10 12:00:00,1999-02-10 15:00:00
19990127,decay,1999-02-10 18:00:00,1999-02-11 00:00:00
19990127,residual,1999-02-11 03:00:00,1999-02-11 18:00:00
19990128,incipient,1999-02-10 00:00:00,1999-02-10 12:00:00
19990128,intensification,1999-02-10 15:00:00,1999-02-12 03:00:00
19990128,mature,1999-02-12 06:00:00,1999-02-12 15:00:00
19990128,decay,1999-02-12 18:00:00,1999-02-14 09:00:00
19990142,incipient,1999-02-13 12:00:00,1999-02-16 18:00:00
19990142,decay,1999-02-16 21:00:00,1999-02-17 15:00:00
19990142,intensification,1999-02-17 18:00:00,1999-02-20 06:00:00
19990142,mature,1999-02-20 09:00:00,1999-02-21 12:00:00
19990142,decay 2,1999-02-21 15:00:00,1999-02-26 21:00:00
19990145,incipient,1999-02-14 18:00:00,1999-02-15 21:00:00
19990145,intensification,1999-02-16 00:00:00,1999-02-19 06:00:00
19990145,mature,1999-02-19 09:00:00,1999-02-20 09:00:00
19990145,decay,1999-02-20 12:00:00,1999-02-23 15:00:00
19990153,incipient,1999-02-17 00:00:00,1999-02-17 03:00:00
19990153,intensification,1999-02-17 06:00:00,1999-02-18 03:00:00
19990153,mature,1999-02-18 06:00:00,1999-02-18 12:00:00
19990153,decay,1999-02-18 15:00:00,1999-02-20 06:00:00
19990154,intensification,1999-02-17 15:00:00,1999-02-18 06:00:00
19990154,decay,1999-02-18 09:00:00,1999-02-19 03:00:00
19990158,intensification,1999-02-19 00:00:00,1999-02-19 12:00:00
19990158,mature,1999-02-19 15:00:00,1999-02-19 21:00:00
19990158,decay,1999-02-20 00:00:00,1999-02-21 15:00:00
19990160,incipient,1999-02-20 00:00:00,1999-02-22 03:00:00
19990160,decay,1999-02-22 06:00:00,1999-02-22 12:00:00
19990160,intensification,1999-02-22 15:00:00,1999-02-24 03:00:00
19990160,mature,1999-02-24 06:00:00,1999-02-24 12:00:00
19990160,decay 2,1999-02-24 15:00:00,1999-02-25 15:00:00
19990164,incipient,1999-02-23 03:00:00,1999-02-23 18:00:00
19990164,intensification,1999-02-23 21:00:00,1999-02-25 12:00:00
19990164,mature,1999-02-25 15:00:00,1999-02-26 03:00:00
19990164,decay,1999-02-26 06:00:00,1999-02-28 00:00:00
19990173,incipient,1999-02-26 00:00:00,1999-02-26 00:00:00
19990173,intensification,1999-02-26 03:00:00,1999-02-26 21:00:00
19990173,mature,1999-02-27 00:00:00,1999-02-27 03:00:00
19990173,decay,1999-02-27 06:00:00,1999-02-27 15:00:00
19990173,intensification 2,1999-02-27 18:00:00,1999-02-28 09:00:00
19990173,mature 2,1999-02-28 12:00:00,1999-02-28 15:00:00
19990173,decay 2,1999-02-28 18:00:00,1999-03-01 12:00:00
19990174,incipient,1999-02-26 03:00:00,1999-02-26 03:00:00
19990174,intensification,1999-02-26 06:00:00,1999-02-27 09:00:00
19990174,mature,1999-02-27 12:00:00,1999-02-27 21:00:00
19990174,decay,1999-02-28 00:00:00,1999-03-02 06:00:00
19990174,residual,1999-03-02 09:00:00,1999-03-03 09:00:00
19990180,incipient,1999-03-01 12:00:00,1999-03-01 15:00:00
19990180,intensification,1999-03-01 18:00:00,1999-03-03 06:00:00
19990180,mature,1999-03-03 09:00:00,1999-03-04 03:00:00
19990180,decay,1999-03-04 06:00:00,1999-03-07 18:00:00
19990183,incipient,1999-03-02 15:00:00,1999-03-03 00:00:00
19990183,intensification,1999-03-03 03:00:00,1999-03-04 12:00:00
19990183,mature,1999-03-04 15:00:00,1999-03-05 00:00:00
19990183,decay,1999-03-05 03:00:00,1999-03-06 06:00:00
19990183,residual,1999-03-06 09:00:00,1999-03-09 00:00:00
19990186,incipient,1999-03-04 12:00:00,1999-03-05 00:00:00
19990186,intensification,1999-03-05 03:00:00,1999-03-06 15:00:00
19990186,mature,1999-03-06 18:00:00,1999-03-07 03:00:00
19990186,decay,1999-03-07 06:00:00,1999-03-08 06:00:00
19990192,incipient,1999-03-06 03:00:00,1999-03-06 09:00:00
19990192,intensification,1999-03-06 12:00:00,1999-03-08 09:00:00
19990192,mature,1999-03-08 12:00:00,1999-03-09 06:00:00
19990192,decay,1999-03-09 09:00:00,1999-03-13 12:00:00
19990206,incipient,1999-03-11 03:00:00,1999-03-11 12:00:00
19990206,intensification,1999-03-11 15:00:00,1999-03-13 09:00:00
19990206,mature,1999-03-13 12:00:00,1999-03-13 21:00:00
19990206,decay,1999-03-14 00:00:00,1999-03-15 09:00:00
19990214,decay,1999-03-14 12:00:00,1999-03-14 18:00:00
19990214,intensification,1999-03-14 21:00:00,1999-03-15 03:00:00
19990214,decay 2,1999-03-15 06:00:00,1999-03-15 21:00:00
19990216,incipient,1999-03-14 15:00:00,1999-03-14 18:00:00
19990216,intensification,1999-03-14 21:00:00,1999-03-15 09:00:00
19990216,mature,1999-03-15 12:00:00,1999-03-15 15:00:00
19990216,decay,1999-03-15 18:00:00,1999-03-16 09:00:00
19990225,intensification,1999-03-16 12:00:00,1999-03-17 00:00:00
19990225,decay,1999-03-17 03:00:00,1999-03-18 00:00:00
19990230,incipient,1999-03-17 18:00:00,1999-03-17 18:00:00
19990230,intensification,1999-03-17 21:00:00,1999-03-19 03:00:00
19990230,mature,1999-03-19 06:00:00,1999-03-19 15:00:00
19990230,decay,1999-03-19 18:00:00,1999-03-21 21:00:00
19990230,intensification 2,1999-03-22 00:00:00,1999-03-24 09:00:00
19990230,mature 2,1999-03-24 12:00:00,1999-03-24 21:00:00
19990230,decay 2,1999-03-25 00:00:00,1999-03-26 00:00:00
19990237,decay,1999-03-20 18:00:00,1999-03-21 00:00:00
19990237,intensification,1999-03-21 03:00:00,1999-03-21 06:00:00
19990237,decay 2,1999-03-21 09:00:00,1999-03-21 18:00:00
19990237,residual,1999-03-21 21:00:00,1999-03-21 21:00:00
19990244,incipient,1999-03-22 15:00:00,1999-03-22 21:00:00
19990244,intensification,1999-03-23 00:00:00,1999-03-24 06:00:00
19990244,mature,1999-03-24 09:00:00,1999-03-24 18:00:00
19990244,decay,1999-03-24 21:00:00,1999-03-26 15:00:00
19990249,incipient,1999-03-24 12:00:00,1999-03-24 12:00:00
19990249,decay,1999-03-24 15:00:00,1999-03-25 09:00:00
19990249,intensification,1999-03-25 12:00:00,1999-03-26 21:00:00
19990249,mature,1999-03-27 00:00:00,1999-03-27 03:00:00
19990249,decay 2,1999-03-27 06:00:00,1999-03-27 18:00:00
19990264,incipient,1999-03-28 00:00:00,1999-03-28 12:00:00
19990264,intensification,1999-03-28 15:00:00,1999-04-03 00:00:00
19990264,mature,1999-04-03 03:00:00,1999-04-04 03:00:00
19990264,decay,1999-04-04 06:00:00,1999-04-06 18:00:00
19990266,intensification,1999-03-28 12:00:00,1999-03-30 18:00:00
19990266,mature,1999-03-30 21:00:00,1999-03-31 06:00:00
19990266,decay,1999-03-31 09:00:00,1999-04-01 06:00:00
19990266,residual,1999-04-01 09:00:00,1999-04-01 21:00:00
19990271,incipient,1999-03-31 00:00:00,1999-03-31 03:00:00
19990271,intensification,1999-03-31 06:00:00,1999-04-03 00:00:00
19990271,mature,1999-04-03 03:00:00,1999-04-04 00:00:00
19990271,decay,1999-04-04 03:00:00,1999-04-07 18:00:00
19990275,incipient,1999-04-01 09:00:00,1999-04-02 00:00:00
19990275,intensification,1999-04-02 03:00:00,1999-04-03 21:00:00
19990275,mature,1999-04-04 00:00:00,1999-04-04 15:00:00
19990275,decay,1999-04-04 18:00:00,1999-04-07 12:00:00
19990286,decay,1999-04-04 00:00:00,1999-04-04 09:00:00
19990286,intensification,1999-04-04 12:00:00,1999-04-04 18:00:00
19990286,decay 2,1999-04-04 21:00:00,1999-04-06 03:00:00
19990290,incipient,1999-04-05 12:00:00,1999-04-05 18:00:00
19990290,intensification,1999-04-05 21:00:00,1999-04-08 03:00:00
19990290,mature,1999-04-08 06:00:00,1999-04-08 18:00:00
19990290,decay,1999-04-08 21:00:00,1999-04-10 00:00:00
19990304,incipient,1999-04-10 09:00:00,1999-04-10 21:00:00
19990304,intensification,1999-04-11 00:00:00,1999-04-12 21:00:00
19990304,mature,1999-04-13 00:00:00,1999-04-13 12:00:00
19990304,decay,1999-04-13 15:00:00,1999-04-16 00:00:00
19990311,intensification,1999-04-12 00:00:00,1999-04-12 09:00:00
19990311,decay,1999-04-12 12:00:00,1999-04-13 00:00:00
19990317,incipient,1999-04-13 09:00:00,1999-04-13 21:00:00
19990317,intensification,1999-04-14 00:00:00,1999-04-15 00:00:00
19990317,mature,1999-04-15 03:00:00,1999-04-15 09:00:00
19990317,decay,1999-04-15 12:00:00,1999-04-16 09:00:00
19990320,incipient,1999-04-14 00:00:00,1999-04-14 09:00:00
19990320,intensification,1999-04-14 12:00:00,1999-04-16 15:00:00
19990320,mature,1999-04-16 18:00:00,1999-04-17 06:00:00
19990320,decay,1999-04-17 09:00:00,1999-04-19 00:00:00
19990329,incipient,1999-04-16 00:00:00,1999-04-16 18:00:00
19990329,intensification,1999-04-16 21:00:00,1999-04-18 21:00:00
19990329,mature,1999-04-19 00:00:00,1999-04-19 18:00:00
19990329,decay,1999-04-19 21:00:00,1999-04-22 12:00:00
19990337,intensification,1999-04-19 15:00:00,1999-04-20 03:00:00
19990337,decay,1999-04-20 06:00:00,1999-04-21 03:00:00
19990355,incipient,1999-04-23 18:00:00,1999-04-24 00:00:00
19990355,intensification,1999-04-24 03:00:00,1999-04-25 21:00:00
19990355,mature,1999-04-26 00:00:00,1999-04-26 12:00:00
19990355,decay,1999-04-26 15:00:00,1999-04-28 15:00:00
19990371,intensification,1999-04-28 12:00:00,1999-04-28 21:00:00
19990371,decay,1999-04-29 00:00:00,1999-04-29 09:00:00
19990377,intensification,1999-04-30 18:00:00,1999-05-01 00:00:00
19990377,decay,1999-05-01 03:00:00,1999-05-01 18:00:00
19990385,incipient,1999-05-03 06:00:00,1999-05-03 12:00:00
19990385,intensification,1999-05-03 15:00:00,1999-05-05 00:00:00
19990385,mature,1999-05-05 03:00:00,1999-05-05 21:00:00
19990385,decay,1999-05-06 00:00:00,1999-05-09 09:00:00
19990398,incipient,1999-05-06 00:00:00,1999-05-06 18:00:00
19990398,intensification,1999-05-06 21:00:00,1999-05-08 12:00:00
19990398,mature,1999-05-08 15:00:00,1999-05-09 00:00:00
19990398,decay,1999-05-09 03:00:00,1999-05-09 18:00:00
19990409,incipient,1999-05-10 03:00:00,1999-05-10 06:00:00
19990409,intensification,1999-05-10 09:00:00,1999-05-10 21:00:00
19990409,mature,1999-05-11 00:00:00,1999-05-11 03:00:00
19990409,decay,1999-05-11 06:00:00,1999-05-12 00:00:00
19990425,decay,1999-05-14 00:00:00,1999-05-14 09:00:00
19990425,intensification,1999-05-14 12:00:00,1999-05-14 12:00:00
19990425,decay 2,1999-05-14 15:00:00,1999-05-15 06:00:00
19990438,incipient,1999-05-17 15:00:00,1999-05-18 00:00:00
19990438,intensification,1999-05-18 03:00:00,1999-05-19 12:00:00
19990438,mature,1999-05-19 15:00:00,1999-05-19 21:00:00
19990438,decay,1999-05-20 00:00:00,1999-05-20 15:00:00
19990449,intensification,1999-05-20 06:00:00,1999-05-20 15:00:00
19990449,decay,1999-05-20 18:00:00,1999-05-21 15:00:00
19990455,incipient,1999-05-22 12:00:00,1999-05-22 18:00:00
19990455,decay,1999-05-22 21:00:00,1999-05-24 09:00:00
19990464,incipient,1999-05-23 09:00:00,1999-05-23 21:00:00
19990464,intensification,1999-05-24 00:00:00,1999-05-25 18:00:00
19990464,mature,1999-05-25 21:00:00,1999-05-26 09:00:00
19990464,decay,1999-05-26 12:00:00,1999-05-28 21:00:00
19990464,intensification 2,1999-05-29 00:00:00,1999-05-30 12:00:00
19990464,mature 2,1999-05-30 15:00:00,1999-05-31 00:00:00
19990464,decay 2,1999-05-31 03:00:00,1999-05-31 21:00:00
19990475,intensification,1999-05-25 15:00:00,1999-05-26 15:00:00
19990483,incipient,1999-05-28 12:00:00,1999-05-28 15:00:00
19990483,intensification,1999-05-28 18:00:00,1999-05-29 18:00:00
19990483,mature,1999-05-29 21:00:00,1999-05-30 03:00:00
19990483,decay,1999-05-30 06:00:00,1999-05-31 06:00:00
19990483,residual,1999-05-31 09:00:00,1999-05-31 18:00:00
19990498,intensification,1999-06-01 03:00:00,1999-06-02 18:00:00
19990498,mature,1999-06-02 21:00:00,1999-06-03 18:00:00
19990498,decay,1999-06-03 21:00:00,1999-06-08 21:00:00
19990509,incipient,1999-06-04 09:00:00,1999-06-05 06:00:00
19990509,intensification,1999-06-05 09:00:00,1999-06-07 09:00:00
19990509,mature,1999-06-07 12:00:00,1999-06-07 21:00:00
19990509,decay,1999-06-08 00:00:00,1999-06-08 18:00:00
19990517,incipient,1999-06-06 03:00:00,1999-06-06 09:00:00
19990517,intensification,1999-06-06 12:00:00,1999-06-07 15:00:00
19990517,mature,1999-06-07 18:00:00,1999-06-08 00:00:00
19990517,decay,1999-06-08 03:00:00,1999-06-09 00:00:00
19990525,incipient,1999-06-08 18:00:00,1999-06-09 00:00:00
19990525,intensification,1999-06-09 03:00:00,1999-06-10 12:00:00
19990525,mature,1999-06-10 15:00:00,1999-06-11 06:00:00
19990525,decay,1999-06-11 09:00:00,1999-06-14 09:00:00
19990542,incipient,1999-06-13 12:00:00,1999-06-13 15:00:00
19990542,intensification,1999-06-13 18:00:00,1999-06-14 21:00:00
19990542,mature,1999-06-15 00:00:00,1999-06-15 06:00:00
19990542,decay,1999-06-15 09:00:00,1999-06-16 03:00:00
19990547,incipient,1999-06-14 12:00:00,1999-06-14 18:00:00
19990547,decay,1999-06-14 21:00:00,1999-06-16 00:00:00
19990547,intensification,1999-06-16 03:00:00,1999-06-16 18:00:00
19990547,mature,1999-06-16 21:00:00,1999-06-17 00:00:00
19990547,decay 2,1999-06-17 03:00:00,1999-06-17 18:00:00
19990549,incipient,1999-06-14 15:00:00,1999-06-14 18:00:00
19990549,intensification,1999-06-14 21:00:00,1999-06-17 12:00:00
19990549,mature,1999-06-17 15:00:00,1999-06-18 03:00:00
19990549,decay,1999-06-18 06:00:00,1999-06-19 00:00:00
19990563,incipient,1999-06-18 18:00:00,1999-06-19 09:00:00
19990563,intensification,1999-06-19 12:00:00,1999-06-21 09:00:00
19990563,mature,1999-06-21 12:00:00,1999-06-22 03:00:00
19990563,decay,1999-06-22 06:00:00,1999-06-23 21:00:00
19990563,intensification 2,1999-06-24 00:00:00,1999-06-27 06:00:00
19990563,mature 2,1999-06-27 09:00:00,1999-06-28 00:00:00
19990563,decay 2,1999-06-28 03:00:00,1999-06-29 18:00:00
19990563,residual,1999-06-29 21:00:00,1999-06-30 21:00:00
19990583,incipient,1999-06-24 12:00:00,1999-06-24 12:00:00
19990583,intensification,1999-06-24 15:00:00,1999-06-25 06:00:00
19990583,mature,1999-06-25 09:00:00,1999-06-25 12:00:00
19990583,decay,1999-06-25 15:00:00,1999-06-26 12:00:00
19990588,intensification,1999-06-25 15:00:00,1999-06-25 18:00:00
19990588,decay,1999-06-25 21:00:00,1999-06-26 15:00:00
19990596,intensification,1999-06-28 09:00:00,1999-06-29 06:00:00
19990596,mature,1999-06-29 09:00:00,1999-06-29 18:00:00
19990596,decay,1999-06-29 21:00:00,1999-07-02 09:00:00
19990605,intensification,1999-07-01 18:00:00,1999-07-02 09:00:00
19990605,decay,1999-07-02 12:00:00,1999-07-03 00:00:00
19990613,decay,1999-07-03 00:00:00,1999-07-11 21:00:00
19990619,intensification,1999-07-05 12:00:00,1999-07-06 00:00:00
19990619,decay,1999-07-06 03:00:00,1999-07-06 09:00:00
19990620,intensification,1999-07-05 18:00:00,1999-07-06 06:00:00
19990620,decay,1999-07-06 09:00:00,1999-07-07 03:00:00
19990625,incipient,1999-07-07 06:00:00,1999-07-07 12:00:00
19990625,intensification,1999-07-07 15:00:00,1999-07-08 18:00:00
19990625,mature,1999-07-08 21:00:00,1999-07-09 00:00:00
19990625,decay,1999-07-09 03:00:00,1999-07-09 18:00:00
19990640,incipient,1999-07-10 03:00:00,1999-07-10 06:00:00
19990640,intensification,1999-07-10 09:00:00,1999-07-11 00:00:00
19990640,mature,1999-07-11 03:00:00,1999-07-11 06:00:00
19990640,decay,1999-07-11 09:00:00,1999-07-11 15:00:00
19990645,intensification,1999-07-11 15:00:00,1999-07-12 03:00:00
19990645,mature,1999-07-12 06:00:00,1999-07-12 09:00:00
19990645,decay,1999-07-12 12:00:00,1999-07-13 15:00:00
19990647,incipient,1999-07-13 00:00:00,1999-07-13 18:00:00
19990647,intensification,1999-07-13 21:00:00,1999-07-15 09:00:00
19990647,mature,1999-07-15 12:00:00,1999-07-15 18:00:00
19990647,decay,1999-07-15 21:00:00,1999-07-16 15:00:00
19990657,intensification,1999-07-17 03:00:00,1999-07-18 03:00:00
19990663,intensification,1999-07-18 15:00:00,1999-07-19 09:00:00
19990663,mature,1999-07-19 12:00:00,1999-07-19 18:00:00
19990663,decay,1999-07-19 21:00:00,1999-07-20 15:00:00
19990663,intensification 2,1999-07-20 18:00:00,1999-07-21 09:00:00
19990663,mature 2,1999-07-21 12:00:00,1999-07-21 15:00:00
19990663,decay 2,1999-07-21 18:00:00,1999-07-22 12:00:00
19990668,incipient,1999-07-19 12:00:00,1999-07-19 18:00:00
19990668,intensification,1999-07-19 21:00:00,1999-07-21 12:00:00
19990668,mature,1999-07-21 15:00:00,1999-07-21 21:00:00
19990668,decay,1999-07-22 00:00:00,1999-07-22 15:00:00
19990668,residual,1999-07-22 18:00:00,1999-07-24 21:00:00
19990677,intensification,1999-07-22 18:00:00,1999-07-23 03:00:00
19990677,decay,1999-07-23 06:00:00,1999-07-23 18:00:00
19990687,intensification,1999-07-24 15:00:00,1999-07-25 06:00:00
19990687,decay,1999-07-25 09:00:00,1999-07-25 18:00:00
19990689,intensification,1999-07-25 18:00:00,1999-07-27 00:00:00
19990699,incipient,1999-07-27 06:00:00,1999-07-27 09:00:00
19990699,intensification,1999-07-27 12:00:00,1999-07-27 12:00:00
19990699,decay,1999-07-27 15:00:00,1999-07-27 18:00:00
19990699,intensification 2,1999-07-27 21:00:00,1999-07-28 09:00:00
19990712,incipient,1999-07-31 06:00:00,1999-07-31 09:00:00
19990712,intensification,1999-07-31 12:00:00,1999-08-01 03:00:00
19990712,mature,1999-08-01 06:00:00,1999-08-01 15:00:00
19990712,decay,1999-08-01 18:00:00,1999-08-03 09:00:00
19990731,incipient,1999-08-05 12:00:00,1999-08-06 03:00:00
19990731,intensification,1999-08-06 06:00:00,1999-08-07 06:00:00
19990731,mature,1999-08-07 09:00:00,1999-08-07 15:00:00
19990731,decay,1999-08-07 18:00:00,1999-08-08 06:00:00
19990734,intensification,1999-08-06 09:00:00,1999-08-06 15:00:00
19990734,mature,1999-08-06 18:00:00,1999-08-06 21:00:00
19990734,decay,1999-08-07 00:00:00,1999-08-08 03:00:00
19990740,incipient,1999-08-07 12:00:00,1999-08-07 12:00:00
19990740,intensification,1999-08-07 15:00:00,1999-08-08 15:00:00
19990740,mature,1999-08-08 18:00:00,1999-08-09 06:00:00
19990740,decay,1999-08-09 09:00:00,1999-08-12 00:00:00
19990749,intensification,1999-08-10 00:00:00,1999-08-10 18:00:00
19990749,mature,1999-08-10 21:00:00,1999-08-11 03:00:00
19990749,decay,1999-08-11 06:00:00,1999-08-13 18:00:00
19990749,intensification 2,1999-08-13 21:00:00,1999-08-14 21:00:00
19990749,mature 2,1999-08-15 00:00:00,1999-08-15 06:00:00
19990749,decay 2,1999-08-15 09:00:00,1999-08-16 03:00:00
19990755,incipient,1999-08-11 15:00:00,1999-08-11 15:00:00
19990755,intensification,1999-08-11 18:00:00,1999-08-12 12:00:00
19990755,mature,1999-08-12 15:00:00,1999-08-13 03:00:00
19990755,decay,1999-08-13 06:00:00,1999-08-15 18:00:00
20000003,incipient,2000-01-01 03:00:00,2000-01-01 09:00:00
20000003,intensification,2000-01-01 12:00:00,2000-01-02 12:00:00
20000003,mature,2000-01-02 15:00:00,2000-01-02 18:00:00
20000003,decay,2000-01-02 21:00:00,2000-01-03 09:00:00
20000009,incipient,2000-01-03 12:00:00,2000-01-03 21:00:00
20000009,decay,2000-01-04 00:00:00,2000-01-06 09:00:00
20000012,intensification,2000-01-04 00:00:00,2000-01-05 00:00:00
20000012,mature,2000-01-05 03:00:00,2000-01-05 12:00:00
20000012,decay,2000-01-05 15:00:00,2000-01-07 12:00:00
20000012,residual,2000-01-07 15:00:00,2000-01-09 00:00:00
20000014,incipient,2000-01-04 12:00:00,2000-01-04 12:00:00
20000014,intensification,2000-01-04 15:00:00,2000-01-05 06:00:00
20000014,mature,2000-01-05 09:00:00,2000-01-05 12:00:00
20000014,decay,2000-01-05 15:00:00,2000-01-06 00:00:00
20000029,incipient,2000-01-10 09:00:00,2000-01-11 15:00:00
20000029,intensification,2000-01-11 18:00:00,2000-01-14 06:00:00
20000029,mature,2000-01-14 09:00:00,2000-01-15 00:00:00
20000029,decay,2000-01-15 03:00:00,2000-01-16 00:00:00
20000035,incipient,2000-01-12 00:00:00,2000-01-13 12:00:00
20000035,intensification,2000-01-13 15:00:00,2000-01-16 12:00:00
20000035,mature,2000-01-16 15:00:00,2000-01-17 09:00:00
20000035,decay,2000-01-17 12:00:00,2000-01-19 00:00:00
20000047,intensification,2000-01-16 00:00:00,2000-01-17 12:00:00
20000052,incipient,2000-01-18 00:00:00,2000-01-18 03:00:00
20000052,intensification,2000-01-18 06:00:00,2000-01-18 18:00:00
20000052,mature,2000-01-18 21:00:00,2000-01-19 00:00:00
20000052,decay,2000-01-19 03:00:00,2000-01-20 06:00:00
20000054,incipient,2000-01-18 06:00:00,2000-01-18 12:00:00
20000054,intensification,2000-01-18 15:00:00,2000-01-18 15:00:00
20000054,decay,2000-01-18 18:00:00,2000-01-18 21:00:00
20000054,intensification 2,2000-01-19 00:00:00,2000-01-19 09:00:00
20000063,incipient,2000-01-21 06:00:00,2000-01-22 00:00:00
20000063,intensification,2000-01-22 03:00:00,2000-01-23 21:00:00
20000063,mature,2000-01-24 00:00:00,2000-01-24 15:00:00
20000063,decay,2000-01-24 18:00:00,2000-01-26 09:00:00
20000072,intensification,2000-01-23 06:00:00,2000-01-25 06:00:00
20000072,mature,2000-01-25 09:00:00,2000-01-25 21:00:00
20000072,decay,2000-01-26 00:00:00,2000-01-28 06:00:00
20000072,intensification 2,2000-01-28 09:00:00,2000-01-30 18:00:00
20000072,mature 2,2000-01-30 21:00:00,2000-01-31 18:00:00
20000072,decay 2,2000-01-31 21:00:00,2000-02-05 06:00:00
20000086,incipient,2000-01-28 00:00:00,2000-01-28 06:00:00
20000086,intensification,2000-01-28 09:00:00,2000-01-29 12:00:00
20000086,mature,2000-01-29 15:00:00,2000-01-29 21:00:00
20000086,decay,2000-01-30 00:00:00,2000-01-31 00:00:00
20000090,intensification,2000-01-29 00:00:00,2000-01-29 21:00:00
20000090,mature,2000-01-30 00:00:00,2000-01-30 09:00:00
20000090,decay,2000-01-30 12:00:00,2000-02-01 09:00:00
20000093,incipient,2000-01-31 00:00:00,2000-01-31 09:00:00
20000093,intensification,2000-01-31 12:00:00,2000-02-02 03:00:00
20000093,mature,2000-02-02 06:00:00,2000-02-02 15:00:00
20000093,decay,2000-02-02 18:00:00,2000-02-04 09:00:00
20000093,intensification 2,2000-02-04 12:00:00,2000-02-07 12:00:00
20000093,mature 2,2000-02-07 15:00:00,2000-02-08 09:00:00
20000093,decay 2,2000-02-08 12:00:00,2000-02-11 00:00:00
20000104,incipient,2000-02-04 12:00:00,2000-02-04 21:00:00
20000104,intensification,2000-02-05 00:00:00,2000-02-06 03:00:00
20000104,mature,2000-02-06 06:00:00,2000-02-06 12:00:00
20000104,decay,2000-02-06 15:00:00,2000-02-08 00:00:00
20000112,incipient,2000-02-06 15:00:00,2000-02-06 18:00:00
20000112,intensification,2000-02-06 21:00:00,2000-02-07 21:00:00
20000112,mature,2000-02-08 00:00:00,2000-02-08 12:00:00
20000112,decay,2000-02-08 15:00:00,2000-02-11 09:00:00
20000119,incipient,2000-02-10 00:00:00,2000-02-10 03:00:00
20000119,intensification,2000-02-10 06:00:00,2000-02-10 15:00:00
20000119,mature,2000-02-10 18:00:00,2000-02-10 21:00:00
20000119,decay,2000-02-11 00:00:00,2000-02-11 18:00:00
20000120,decay,2000-02-10 15:00:00,2000-02-11 00:00:00
20000120,intensification,2000-02-11 03:00:00,2000-02-11 15:00:00
20000120,mature,2000-02-11 18:00:00,2000-02-11 21:00:00
20000120,decay 2,2000-02-12 00:00:00,2000-02-13 00:00:00
20000136,intensification,2000-02-15 00:00:00,2000-02-16 09:00:00
20000136,mature,2000-02-16 12:00:00,2000-02-16 18:00:00
20000136,decay,2000-02-16 21:00:00,2000-02-18 00:00:00
20000136,intensification 2,2000-02-18 03:00:00,2000-02-19 15:00:00
20000136,mature 2,2000-02-19 18:00:00,2000-02-20 06:00:00
20000136,decay 2,2000-02-20 09:00:00,2000-02-22 18:00:00
20000157,incipient,2000-02-22 12:00:00,2000-02-23 03:00:00
20000157,intensification,2000-02-23 06:00:00,2000-02-28 03:00:00
20000157,mature,2000-02-28 06:00:00,2000-02-29 00:00:00
20000157,decay,2000-02-29 03:00:00,2000-02-29 21:00:00
20000160,incipient,2000-02-22 15:00:00,2000-02-23 12:00:00
20000160,intensification,2000-02-23 15:00:00,2000-02-25 15:00:00
20000160,mature,2000-02-25 18:00:00,2000-02-26 09:00:00
20000160,decay,2000-02-26 12:00:00,2000-02-28 09:00:00
20000170,intensification,2000-02-27 15:00:00,2000-02-28 06:00:00
20000170,decay,2000-02-28 09:00:00,2000-02-28 21:00:00
20000178,decay,2000-03-01 12:00:00,2000-03-01 18:00:00
20000178,intensification,2000-03-01 21:00:00,2000-03-03 15:00:00
20000178,mature,2000-03-03 18:00:00,2000-03-04 00:00:00
20000178,decay 2,2000-03-04 03:00:00,2000-03-04 15:00:00
20000185,incipient,2000-03-03 00:00:00,2000-03-03 06:00:00
20000185,decay,2000-03-03 09:00:00,2000-03-03 18:00:00
20000185,intensification,2000-03-03 21:00:00,2000-03-03 21:00:00
20000191,intensification,2000-03-05 00:00:00,2000-03-06 03:00:00
20000191,mature,2000-03-06 06:00:00,2000-03-06 09:00:00
20000191,decay,2000-03-06 12:00:00,2000-03-06 21:00:00
20000193,incipient,2000-03-06 00:00:00,2000-03-06 09:00:00
20000193,intensification,2000-03-06 12:00:00,2000-03-08 03:00:00
20000193,mature,2000-03-08 06:00:00,2000-03-08 15:00:00
20000193,decay,2000-03-08 18:00:00,2000-03-10 03:00:00
20000193,intensification 2,2000-03-10 06:00:00,2000-03-11 18:00:00
20000193,mature 2,2000-03-11 21:00:00,2000-03-12 09:00:00
20000193,decay 2,2000-03-12 12:00:00,2000-03-15 09:00:00
20000195,incipient,2000-03-06 12:00:00,2000-03-06 18:00:00
20000195,intensification,2000-03-06 21:00:00,2000-03-08 18:00:00
20000195,mature,2000-03-08 21:00:00,2000-03-09 21:00:00
20000195,decay,2000-03-10 00:00:00,2000-03-15 15:00:00
20000210,intensification,2000-03-12 15:00:00,2000-03-13 06:00:00
20000210,decay,2000-03-13 09:00:00,2000-03-14 00:00:00
20000212,incipient,2000-03-13 12:00:00,2000-03-13 12:00:00
20000212,intensification,2000-03-13 15:00:00,2000-03-15 12:00:00
20000212,mature,2000-03-15 15:00:00,2000-03-16 06:00:00
20000212,decay,2000-03-16 09:00:00,2000-03-23 06:00:00
20000224,incipient,2000-03-17 12:00:00,2000-03-17 12:00:00
20000224,decay,2000-03-17 15:00:00,2000-03-17 21:00:00
20000224,intensification,2000-03-18 00:00:00,2000-03-18 03:00:00
20000224,decay 2,2000-03-18 06:00:00,2000-03-18 18:00:00
20000227,incipient,2000-03-18 18:00:00,2000-03-18 21:00:00
20000227,intensification,2000-03-19 00:00:00,2000-03-19 12:00:00
20000227,mature,2000-03-19 15:00:00,2000-03-19 21:00:00
20000227,decay,2000-03-20 00:00:00,2000-03-20 21:00:00
20000234,intensification,2000-03-20 18:00:00,2000-03-21 21:00:00
20000239,intensification,2000-03-22 00:00:00,2000-03-22 15:00:00
20000239,mature,2000-03-22 18:00:00,2000-03-22 21:00:00
20000239,decay,2000-03-23 00:00:00,2000-03-24 12:00:00
20000239,residual,2000-03-24 15:00:00,2000-03-26 03:00:00
20000245,incipient,2000-03-23 12:00:00,2000-03-23 15:00:00
20000245,intensification,2000-03-23 18:00:00,2000-03-24 21:00:00
20000245,mature,2000-03-25 00:00:00,2000-03-25 09:00:00
20000245,decay,2000-03-25 12:00:00,2000-03-29 03:00:00
20000247,intensification,2000-03-25 12:00:00,2000-03-26 06:00:00
20000247,mature,2000-03-26 09:00:00,2000-03-26 12:00:00
20000247,decay,2000-03-26 15:00:00,2000-03-28 00:00:00
20000250,intensification,2000-03-26 12:00:00,2000-03-26 21:00:00
20000250,decay,2000-03-27 00:00:00,2000-03-27 15:00:00
20000250,residual,2000-03-27 18:00:00,2000-03-27 18:00:00
20000251,intensification,2000-03-26 15:00:00,2000-03-28 09:00:00
20000268,intensification,2000-03-31 12:00:00,2000-04-02 00:00:00
20000283,incipient,2000-04-03 15:00:00,2000-04-03 21:00:00
20000283,decay,2000-04-04 00:00:00,2000-04-04 06:00:00
20000283,intensification,2000-04-04 09:00:00,2000-04-04 21:00:00
20000293,intensification,2000-04-05 06:00:00,2000-04-06 06:00:00
20000296,incipient,2000-04-06 09:00:00,2000-04-06 12:00:00
20000296,intensification,2000-04-06 15:00:00,2000-04-08 06:00:00
20000296,mature,2000-04-08 09:00:00,2000-04-08 18:00:00
20000296,decay,2000-04-08 21:00:00,2000-04-09 18:00:00
20000314,incipient,2000-04-11 00:00:00,2000-04-11 18:00:00
20000314,intensification,2000-04-11 21:00:00,2000-04-13 18:00:00
20000314,mature,2000-04-13 21:00:00,2000-04-14 12:00:00
20000314,decay,2000-04-14 15:00:00,2000-04-16 12:00:00
20000331,incipient,2000-04-16 12:00:00,2000-04-16 18:00:00
20000331,intensification,2000-04-16 21:00:00,2000-04-19 03:00:00
20000331,mature,2000-04-19 06:00:00,2000-04-19 18:00:00
20000331,decay,2000-04-19 21:00:00,2000-04-21 00:00:00
20000340,incipient,2000-04-20 03:00:00,2000-04-20 06:00:00
20000340,decay,2000-04-20 09:00:00,2000-04-20 18:00:00
20000340,intensification,2000-04-20 21:00:00,2000-04-21 00:00:00
20000351,incipient,2000-04-23 15:00:00,2000-04-23 15:00:00
20000351,intensification,2000-04-23 18:00:00,2000-04-25 18:00:00
20000351,mature,2000-04-25 21:00:00,2000-04-26 09:00:00
20000351,decay,2000-04-26 12:00:00,2000-04-28 03:00:00
20000354,incipient,2000-04-25 00:00:00,2000-04-25 03:00:00
20000354,intensification,2000-04-25 06:00:00,2000-04-25 18:00:00
20000354,mature,2000-04-25 21:00:00,2000-04-26 00:00:00
20000354,decay,2000-04-26 03:00:00,2000-04-26 09:00:00
20000362,incipient,2000-04-28 00:00:00,2000-04-28 06:00:00
20000362,intensification,2000-04-28 09:00:00,2000-04-29 15:00:00
20000362,mature,2000-04-29 18:00:00,2000-04-30 00:00:00
20000362,decay,2000-04-30 03:00:00,2000-05-01 09:00:00
20000366,incipient,2000-04-29 15:00:00,2000-04-29 21:00:00
20000366,intensification,2000-04-30 00:00:00,2000-05-01 18:00:00
20000366,mature,2000-05-01 21:00:00,2000-05-02 06:00:00
20000366,decay,2000-05-02 09:00:00,2000-05-04 00:00:00
20000387,intensification,2000-05-05 06:00:00,2000-05-05 12:00:00
20000387,mature,2000-05-05 15:00:00,2000-05-05 18:00:00
20000387,decay,2000-05-05 21:00:00,2000-05-06 15:00:00
20000390,decay,2000-05-06 09:00:00,2000-05-06 18:00:00
20000390,intensification,2000-05-06 21:00:00,2000-05-07 09:00:00
20000390,decay 2,2000-05-07 12:00:00,2000-05-08 09:00:00
20000403,decay,2000-05-10 12:00:00,2000-05-11 00:00:00
20000403,intensification,2000-05-11 03:00:00,2000-05-12 21:00:00
20000403,mature,2000-05-13 00:00:00,2000-05-13 12:00:00
20000403,decay 2,2000-05-13 15:00:00,2000-05-15 15:00:00
20000407,incipient,2000-05-11 03:00:00,2000-05-11 06:00:00
20000407,intensification,2000-05-11 09:00:00,2000-05-12 06:00:00
20000407,mature,2000-05-12 09:00:00,2000-05-12 15:00:00
20000407,decay,2000-05-12 18:00:00,2000-05-14 09:00:00
20000407,residual,2000-05-14 12:00:00,2000-05-14 21:00:00
20000420,incipient,2000-05-15 18:00:00,2000-05-15 18:00:00
20000420,intensification,2000-05-15 21:00:00,2000-05-16 12:00:00
20000420,mature,2000-05-16 15:00:00,2000-05-16 21:00:00
20000420,decay,2000-05-17 00:00:00,2000-05-18 12:00:00
20000429,incipient,2000-05-18 00:00:00,2000-05-18 06:00:00
20000429,intensification,2000-05-18 09:00:00,2000-05-19 21:00:00
20000429,mature,2000-05-20 00:00:00,2000-05-20 18:00:00
20000429,decay,2000-05-20 21:00:00,2000-05-25 03:00:00
20000441,incipient,2000-05-21 03:00:00,2000-05-21 03:00:00
20000441,intensification,2000-05-21 06:00:00,2000-05-21 21:00:00
20000441,mature,2000-05-22 00:00:00,2000-05-22 03:00:00
20000441,decay,2000-05-22 06:00:00,2000-05-23 18:00:00
20000443,intensification,2000-05-22 09:00:00,2000-05-23 06:00:00
20000443,mature,2000-05-23 09:00:00,2000-05-23 15:00:00
20000443,decay,2000-05-23 18:00:00,2000-05-24 21:00:00
20000443,residual,2000-05-25 00:00:00,2000-05-26 21:00:00
20000449,incipient,2000-05-24 18:00:00,2000-05-25 03:00:00
20000449,intensification,2000-05-25 06:00:00,2000-05-26 00:00:00
20000449,mature,2000-05-26 03:00:00,2000-05-26 06:00:00
20000449,decay,2000-05-26 09:00:00,2000-05-27 03:00:00
20000465,incipient,2000-05-29 18:00:00,2000-05-30 12:00:00
20000465,intensification,2000-05-30 15:00:00,2000-06-01 15:00:00
20000465,mature,2000-06-01 18:00:00,2000-06-02 12:00:00
20000465,decay,2000-06-02 15:00:00,2000-06-05 15:00:00
20000481,incipient,2000-06-03 15:00:00,2000-06-04 06:00:00
20000481,intensification,2000-06-04 09:00:00,2000-06-04 09:00:00
20000481,decay,2000-06-04 12:00:00,2000-06-05 09:00:00
20000481,intensification 2,2000-06-05 12:00:00,2000-06-06 09:00:00
20000481,mature,2000-06-06 12:00:00,2000-06-06 18:00:00
20000481,decay 2,2000-06-06 21:00:00,2000-06-08 06:00:00
20000488,intensification,2000-06-04 09:00:00,2000-06-04 18:00:00
20000488,decay,2000-06-04 21:00:00,2000-06-05 12:00:00
20000494,decay,2000-06-06 12:00:00,2000-06-07 03:00:00
20000494,intensification,2000-06-07 06:00:00,2000-06-11 06:00:00
20000494,mature,2000-06-11 09:00:00,2000-06-12 00:00:00
20000494,decay 2,2000-06-12 03:00:00,2000-06-13 15:00:00
20000501,incipient,2000-06-07 09:00:00,2000-06-07 21:00:00
20000501,intensification,2000-06-08 00:00:00,2000-06-09 03:00:00
20000501,mature,2000-06-09 06:00:00,2000-06-09 15:00:00
20000501,decay,2000-06-09 18:00:00,2000-06-10 12:00:00
20000514,intensification,2000-06-10 12:00:00,2000-06-11 12:00:00
20000514,mature,2000-06-11 15:00:00,2000-06-12 09:00:00
20000514,decay,2000-06-12 12:00:00,2000-06-17 09:00:00
20000551,intensification,2000-06-21 03:00:00,2000-06-21 15:00:00
20000551,decay,2000-06-21 18:00:00,2000-06-22 03:00:00
20000554,intensification,2000-06-21 06:00:00,2000-06-21 18:00:00
20000554,decay,2000-06-21 21:00:00,2000-06-22 18:00:00
20000554,residual,2000-06-22 21:00:00,2000-06-22 21:00:00
20000561,incipient,2000-06-23 06:00:00,2000-06-23 18:00:00
20000561,intensification,2000-06-23 21:00:00,2000-06-25 12:00:00
20000561,mature,2000-06-25 15:00:00,2000-06-25 21:00:00
20000561,decay,2000-06-26 00:00:00,2000-06-26 15:00:00
20000566,intensification,2000-06-24 09:00:00,2000-06-25 03:00:00
20000566,mature,2000-06-25 06:00:00,2000-06-25 09:00:00
20000566,decay,2000-06-25 12:00:00,2000-06-25 21:00:00
20000568,intensification,2000-06-25 18:00:00,2000-06-26 21:00:00
20000568,mature,2000-06-27 00:00:00,2000-06-27 03:00:00
20000568,decay,2000-06-27 06:00:00,2000-06-28 00:00:00
20000568,residual,2000-06-28 03:00:00,2000-06-28 06:00:00
20000580,incipient,2000-06-28 00:00:00,2000-06-28 00:00:00
20000580,intensification,2000-06-28 03:00:00,2000-06-29 03:00:00
20000580,mature,2000-06-29 06:00:00,2000-06-29 18:00:00
20000580,decay,2000-06-29 21:00:00,2000-07-02 12:00:00
20000586,decay,2000-06-29 12:00:00,2000-06-30 03:00:00
20000586,intensification,2000-06-30 06:00:00,2000-06-30 15:00:00
20000586,decay 2,2000-06-30 18:00:00,2000-07-01 09:00:00
20000591,incipient,2000-06-30 12:00:00,2000-06-30 12:00:00
20000591,intensification,2000-06-30 15:00:00,2000-07-01 12:00:00
20000591,mature,2000-07-01 15:00:00,2000-07-02 00:00:00
20000591,decay,2000-07-02 03:00:00,2000-07-04 06:00:00
20000595,incipient,2000-07-02 15:00:00,2000-07-02 21:00:00
20000595,intensification,2000-07-03 00:00:00,2000-07-03 21:00:00
20000595,mature,2000-07-04 00:00:00,2000-07-04 09:00:00
20000595,decay,2000-07-04 12:00:00,2000-07-06 09:00:00
20000602,incipient,2000-07-03 18:00:00,2000-07-04 00:00:00
20000602,intensification,2000-07-04 03:00:00,2000-07-05 09:00:00
20000602,mature,2000-07-05 12:00:00,2000-07-05 18:00:00
20000602,decay,2000-07-05 21:00:00,2000-07-07 12:00:00
20000633,incipient,2000-07-14 06:00:00,2000-07-15 06:00:00
20000633,intensification,2000-07-15 09:00:00,2000-07-16 12:00:00
20000633,mature,2000-07-16 15:00:00,2000-07-16 18:00:00
20000633,decay,2000-07-16 21:00:00,2000-07-17 00:00:00
20000654,decay,2000-07-19 03:00:00,2000-07-20 15:00:00
20000658,intensification,2000-07-20 00:00:00,2000-07-21 00:00:00
20000658,mature,2000-07-21 03:00:00,2000-07-21 09:00:00
20000658,decay,2000-07-21 12:00:00,2000-07-22 12:00:00
20000658,intensification 2,2000-07-22 15:00:00,2000-07-23 18:00:00
20000658,mature 2,2000-07-23 21:00:00,2000-07-24 03:00:00
20000658,decay 2,2000-07-24 06:00:00,2000-07-25 03:00:00
20000668,incipient,2000-07-21 03:00:00,2000-07-21 12:00:00
20000668,decay,2000-07-21 15:00:00,2000-07-21 15:00:00
20000668,intensification,2000-07-21 18:00:00,2000-07-22 00:00:00
20000668,decay 2,2000-07-22 03:00:00,2000-07-22 09:00:00
20000671,intensification,2000-07-22 18:00:00,2000-07-23 18:00:00
20000696,decay,2000-08-01 12:00:00,2000-08-02 09:00:00
20000696,intensification,2000-08-02 12:00:00,2000-08-02 18:00:00
20000696,decay 2,2000-08-02 21:00:00,2000-08-03 09:00:00
20000699,incipient,2000-08-02 03:00:00,2000-08-02 21:00:00
20000699,intensification,2000-08-03 00:00:00,2000-08-05 09:00:00
20000699,mature,2000-08-05 12:00:00,2000-08-06 03:00:00
20000699,decay,2000-08-06 06:00:00,2000-08-08 00:00:00
20000705,incipient,2000-08-04 00:00:00,2000-08-04 12:00:00
20000705,intensification,2000-08-04 15:00:00,2000-08-06 18:00:00
20000705,mature,2000-08-06 21:00:00,2000-08-07 15:00:00
20000705,decay,2000-08-07 18:00:00,2000-08-10 09:00:00
20000705,intensification 2,2000-08-10 12:00:00,2000-08-13 09:00:00
20000705,mature 2,2000-08-13 12:00:00,2000-08-14 03:00:00
20000705,decay 2,2000-08-14 06:00:00,2000-08-16 18:00:00
20000706,incipient,2000-08-04 09:00:00,2000-08-04 21:00:00
20000706,intensification,2000-08-05 00:00:00,2000-08-07 03:00:00
20000706,mature,2000-08-07 06:00:00,2000-08-07 21:00:00
20000706,decay,2000-08-08 00:00:00,2000-08-10 12:00:00
20000712,intensification,2000-08-05 18:00:00,2000-08-06 12:00:00
20000712,mature,2000-08-06 15:00:00,2000-08-06 21:00:00
20000712,decay,2000-08-07 00:00:00,2000-08-08 15:00:00
20000712,intensification 2,2000-08-08 18:00:00,2000-08-10 03:00:00
20000712,mature 2,2000-08-10 06:00:00,2000-08-10 12:00:00
20000712,decay 2,2000-08-10 15:00:00,2000-08-12 06:00:00
20000716,incipient,2000-08-08 03:00:00,2000-08-08 21:00:00
20000716,intensification,2000-08-09 00:00:00,2000-08-11 03:00:00
20000716,mature,2000-08-11 06:00:00,2000-08-12 00:00:00
20000716,decay,2000-08-12 03:00:00,2000-08-14 18:00:00
20000717,decay,2000-08-08 03:00:00,2000-08-08 09:00:00
20000717,intensification,2000-08-08 12:00:00,2000-08-09 03:00:00
20000717,decay 2,2000-08-09 06:00:00,2000-08-09 09:00:00
20000720,incipient,2000-08-09 12:00:00,2000-08-09 15:00:00
20000720,intensification,2000-08-09 18:00:00,2000-08-10 09:00:00
20000720,mature,2000-08-10 12:00:00,2000-08-10 21:00:00
20000720,decay,2000-08-11 00:00:00,2000-08-13 00:00:00
20010011,intensification,2001-01-04 00:00:00,2001-01-04 15:00:00
20010011,decay,2001-01-04 18:00:00,2001-01-05 00:00:00
20010014,incipient,2001-01-04 12:00:00,2001-01-04 12:00:00
20010014,intensification,2001-01-04 15:00:00,2001-01-05 06:00:00
20010014,mature,2001-01-05 09:00:00,2001-01-05 15:00:00
20010014,decay,2001-01-05 18:00:00,2001-01-06 18:00:00
20010014,residual,2001-01-06 21:00:00,2001-01-07 00:00:00
20010017,incipient,2001-01-05 12:00:00,2001-01-05 15:00:00
20010017,intensification,2001-01-05 18:00:00,2001-01-06 15:00:00
20010017,mature,2001-01-06 18:00:00,2001-01-07 00:00:00
20010017,decay,2001-01-07 03:00:00,2001-01-08 12:00:00
20010020,intensification,2001-01-07 12:00:00,2001-01-08 06:00:00
20010020,mature,2001-01-08 09:00:00,2001-01-08 15:00:00
20010020,decay,2001-01-08 18:00:00,2001-01-10 18:00:00
20010023,intensification,2001-01-08 03:00:00,2001-01-08 06:00:00
20010023,mature,2001-01-08 09:00:00,2001-01-08 12:00:00
20010023,decay,2001-01-08 15:00:00,2001-01-09 15:00:00
20010040,incipient,2001-01-13 06:00:00,2001-01-13 12:00:00
20010040,intensification,2001-01-13 15:00:00,2001-01-15 00:00:00
20010040,mature,2001-01-15 03:00:00,2001-01-15 15:00:00
20010040,decay,2001-01-15 18:00:00,2001-01-17 09:00:00
20010049,incipient,2001-01-16 06:00:00,2001-01-16 18:00:00
20010049,intensification,2001-01-16 21:00:00,2001-01-18 15:00:00
20010049,mature,2001-01-18 18:00:00,2001-01-19 03:00:00
20010049,decay,2001-01-19 06:00:00,2001-01-20 03:00:00
20010049,intensification 2,2001-01-20 06:00:00,2001-01-22 09:00:00
20010049,mature 2,2001-01-22 12:00:00,2001-01-23 03:00:00
20010049,decay 2,2001-01-23 06:00:00,2001-01-26 15:00:00
20010051,incipient,2001-01-17 06:00:00,2001-01-17 18:00:00
20010051,intensification,2001-01-17 21:00:00,2001-01-18 00:00:00
20010051,decay,2001-01-18 03:00:00,2001-01-18 12:00:00
20010051,intensification 2,2001-01-18 15:00:00,2001-01-19 03:00:00
20010056,intensification,2001-01-18 12:00:00,2001-01-19 03:00:00
20010056,decay,2001-01-19 06:00:00,2001-01-20 00:00:00
20010067,incipient,2001-01-22 12:00:00,2001-01-22 21:00:00
20010067,intensification,2001-01-23 00:00:00,2001-01-24 06:00:00
20010067,mature,2001-01-24 09:00:00,2001-01-24 21:00:00
20010067,decay,2001-01-25 00:00:00,2001-01-27 12:00:00
20010069,incipient,2001-01-23 09:00:00,2001-01-23 12:00:00
20010069,intensification,2001-01-23 15:00:00,2001-01-24 15:00:00
20010069,mature,2001-01-24 18:00:00,2001-01-25 03:00:00
20010069,decay,2001-01-25 06:00:00,2001-01-27 18:00:00
20010075,incipient,2001-01-26 09:00:00,2001-01-26 15:00:00
20010075,intensification,2001-01-26 18:00:00,2001-01-27 21:00:00
20010075,mature,2001-01-28 00:00:00,2001-01-28 06:00:00
20010075,decay,2001-01-28 09:00:00,2001-01-29 12:00:00
20010075,residual,2001-01-29 15:00:00,2001-01-31 00:00:00
20010076,incipient,2001-01-27 06:00:00,2001-01-27 15:00:00
20010076,intensification,2001-01-27 18:00:00,2001-02-01 06:00:00
20010076,mature,2001-02-01 09:00:00,2001-02-01 18:00:00
20010076,decay,2001-02-01 21:00:00,2001-02-03 12:00:00
20010078,incipient,2001-01-27 09:00:00,2001-01-27 18:00:00
20010078,intensification,2001-01-27 21:00:00,2001-01-29 15:00:00
20010078,mature,2001-01-29 18:00:00,2001-01-30 06:00:00
20010078,decay,2001-01-30 09:00:00,2001-02-01 12:00:00
20010078,intensification 2,2001-02-01 15:00:00,2001-02-02 09:00:00
20010078,mature 2,2001-02-02 12:00:00,2001-02-02 21:00:00
20010078,decay 2,2001-02-03 00:00:00,2001-02-04 21:00:00
20010087,incipient,2001-01-30 18:00:00,2001-01-30 21:00:00
20010087,intensification,2001-01-31 00:00:00,2001-01-31 00:00:00
20010087,decay,2001-01-31 03:00:00,2001-01-31 06:00:00
20010087,intensification 2,2001-01-31 09:00:00,2001-01-31 21:00:00
20010088,intensification,2001-01-31 00:00:00,2001-01-31 09:00:00
20010088,mature,2001-01-31 12:00:00,2001-01-31 15:00:00
20010088,decay,2001-01-31 18:00:00,2001-02-01 21:00:00
20010096,incipient,2001-02-02 00:00:00,2001-02-02 03:00:00
20010096,intensification,2001-02-02 06:00:00,2001-02-03 09:00:00
20010096,mature,2001-02-03 12:00:00,2001-02-03 21:00:00
20010096,decay,2001-02-04 00:00:00,2001-02-06 00:00:00
20010112,intensification,2001-02-07 03:00:00,2001-02-07 03:00:00
20010112,decay,2001-02-07 06:00:00,2001-02-08 03:00:00
20010117,intensification,2001-02-09 12:00:00,2001-02-10 12:00:00
20010124,incipient,2001-02-11 03:00:00,2001-02-11 18:00:00
20010124,intensification,2001-02-11 21:00:00,2001-02-11 21:00:00
20010124,decay,2001-02-12 00:00:00,2001-02-12 18:00:00
20010124,intensification 2,2001-02-12 21:00:00,2001-02-13 12:00:00
20010126,incipient,2001-02-11 15:00:00,2001-02-12 06:00:00
20010126,intensification,2001-02-12 09:00:00,2001-02-13 21:00:00
20010126,mature,2001-02-14 00:00:00,2001-02-14 09:00:00
20010126,decay,2001-02-14 12:00:00,2001-02-15 18:00:00
20010130,incipient,2001-02-12 06:00:00,2001-02-12 06:00:00
20010130,intensification,2001-02-12 09:00:00,2001-02-13 06:00:00
20010130,mature,2001-02-13 09:00:00,2001-02-13 15:00:00
20010130,decay,2001-02-13 18:00:00,2001-02-16 09:00:00
20010134,intensification,2001-02-13 18:00:00,2001-02-14 00:00:00
20010134,decay,2001-02-14 03:00:00,2001-02-14 18:00:00
20010139,intensification,2001-02-15 00:00:00,2001-02-18 18:00:00
20010140,incipient,2001-02-15 00:00:00,2001-02-15 06:00:00
20010140,intensification,2001-02-15 09:00:00,2001-02-16 06:00:00
20010140,mature,2001-02-16 09:00:00,2001-02-16 12:00:00
20010140,decay,2001-02-16 15:00:00,2001-02-17 00:00:00
20010140,intensification 2,2001-02-17 03:00:00,2001-02-17 21:00:00
20010140,mature 2,2001-02-18 00:00:00,2001-02-18 03:00:00
20010140,decay 2,2001-02-18 06:00:00,2001-02-18 18:00:00
20010146,incipient,2001-02-17 03:00:00,2001-02-17 09:00:00
20010146,intensification,2001-02-17 12:00:00,2001-02-18 21:00:00
20010146,mature,2001-02-19 00:00:00,2001-02-19 15:00:00
20010146,decay,2001-02-19 18:00:00,2001-02-22 09:00:00
20010151,decay,2001-02-18 15:00:00,2001-02-18 21:00:00
20010151,intensification,2001-02-19 00:00:00,2001-02-19 06:00:00
20010151,decay 2,2001-02-19 09:00:00,2001-02-20 03:00:00
20010161,incipient,2001-02-21 03:00:00,2001-02-21 09:00:00
20010161,intensification,2001-02-21 12:00:00,2001-02-22 18:00:00
20010161,mature,2001-02-22 21:00:00,2001-02-23 09:00:00
20010161,decay,2001-02-23 12:00:00,2001-02-26 12:00:00
20010164,incipient,2001-02-22 18:00:00,2001-02-23 09:00:00
20010164,intensification,2001-02-23 12:00:00,2001-02-25 00:00:00
20010164,mature,2001-02-25 03:00:00,2001-02-25 09:00:00
20010164,decay,2001-02-25 12:00:00,2001-02-26 00:00:00
20010171,incipient,2001-02-25 15:00:00,2001-02-25 15:00:00
20010171,decay,2001-02-25 18:00:00,2001-02-26 06:00:00
20010171,intensification,2001-02-26 09:00:00,2001-02-26 09:00:00
20010171,decay 2,2001-02-26 12:00:00,2001-02-26 21:00:00
20010172,intensification,2001-02-26 03:00:00,2001-02-28 18:00:00
20010172,mature,2001-02-28 21:00:00,2001-03-01 09:00:00
20010172,decay,2001-03-01 12:00:00,2001-03-02 21:00:00
20010172,residual,2001-03-03 00:00:00,2001-03-03 06:00:00
20010174,incipient,2001-02-26 15:00:00,2001-02-26 21:00:00
20010174,intensification,2001-02-27 00:00:00,2001-02-28 09:00:00
20010174,mature,2001-02-28 12:00:00,2001-02-28 21:00:00
20010174,decay,2001-03-01 00:00:00,2001-03-01 18:00:00
20010179,incipient,2001-02-28 18:00:00,2001-03-01 03:00:00
20010179,intensification,2001-03-01 06:00:00,2001-03-02 03:00:00
20010179,mature,2001-03-02 06:00:00,2001-03-02 09:00:00
20010179,decay,2001-03-02 12:00:00,2001-03-02 15:00:00
20010189,incipient,2001-03-03 03:00:00,2001-03-03 06:00:00
20010189,decay,2001-03-03 09:00:00,2001-03-03 15:00:00
20010189,intensification,2001-03-03 18:00:00,2001-03-03 18:00:00
20010189,decay 2,2001-03-03 21:00:00,2001-03-04 06:00:00
20010196,incipient,2001-03-06 06:00:00,2001-03-07 00:00:00
20010196,intensification,2001-03-07 03:00:00,2001-03-09 09:00:00
20010196,mature,2001-03-09 12:00:00,2001-03-10 06:00:00
20010196,decay,2001-03-10 09:00:00,2001-03-12 21:00:00
20010202,incipient,2001-03-08 06:00:00,2001-03-09 00:00:00
20010202,intensification,2001-03-09 03:00:00,2001-03-10 21:00:00
20010202,mature,2001-03-11 00:00:00,2001-03-11 18:00:00
20010202,decay,2001-03-11 21:00:00,2001-03-14 09:00:00
20010204,incipient,2001-03-09 03:00:00,2001-03-09 21:00:00
20010204,intensification,2001-03-10 00:00:00,2001-03-11 21:00:00
20010204,mature,2001-03-12 00:00:00,2001-03-12 15:00:00
20010204,decay,2001-03-12 18:00:00,2001-03-14 09:00:00
20010206,intensification,2001-03-09 18:00:00,2001-03-10 03:00:00
20010206,decay,2001-03-10 06:00:00,2001-03-11 00:00:00
20010211,decay,2001-03-12 15:00:00,2001-03-14 03:00:00
20010219,incipient,2001-03-14 03:00:00,2001-03-14 06:00:00
20010219,intensification,2001-03-14 09:00:00,2001-03-15 03:00:00
20010219,mature,2001-03-15 06:00:00,2001-03-15 09:00:00
20010219,decay,2001-03-15 12:00:00,2001-03-16 06:00:00
20010222,incipient,2001-03-14 18:00:00,2001-03-15 03:00:00
20010222,intensification,2001-03-15 06:00:00,2001-03-15 09:00:00
20010222,decay,2001-03-15 12:00:00,2001-03-15 21:00:00
20010222,intensification 2,2001-03-16 00:00:00,2001-03-16 09:00:00
20010228,incipient,2001-03-16 15:00:00,2001-03-16 21:00:00
20010228,intensification,2001-03-17 00:00:00,2001-03-17 09:00:00
20010228,mature,2001-03-17 12:00:00,2001-03-17 15:00:00
20010228,decay,2001-03-17 18:00:00,2001-03-17 21:00:00
20010230,incipient,2001-03-17 00:00:00,2001-03-18 12:00:00
20010230,intensification,2001-03-18 15:00:00,2001-03-21 06:00:00
20010230,mature,2001-03-21 09:00:00,2001-03-22 09:00:00
20010230,decay,2001-03-22 12:00:00,2001-03-25 21:00:00
20010235,incipient,2001-03-18 12:00:00,2001-03-18 15:00:00
20010235,intensification,2001-03-18 18:00:00,2001-03-19 09:00:00
20010235,mature,2001-03-19 12:00:00,2001-03-19 18:00:00
20010235,decay,2001-03-19 21:00:00,2001-03-20 18:00:00
20010235,residual,2001-03-20 21:00:00,2001-03-20 21:00:00
20010239,incipient,2001-03-19 00:00:00,2001-03-19 09:00:00
20010239,intensification,2001-03-19 12:00:00,2001-03-19 12:00:00
20010239,decay,2001-03-19 15:00:00,2001-03-20 03:00:00
20010239,intensification 2,2001-03-20 06:00:00,2001-03-21 03:00:00
20010239,mature,2001-03-21 06:00:00,2001-03-21 12:00:00
20010239,decay 2,2001-03-21 15:00:00,2001-03-22 09:00:00
20010254,incipient,2001-03-23 00:00:00,2001-03-23 06:00:00
20010254,intensification,2001-03-23 09:00:00,2001-03-25 21:00:00
20010254,mature,2001-03-26 00:00:00,2001-03-26 09:00:00
20010254,decay,2001-03-26 12:00:00,2001-03-31 03:00:00
20010258,decay,2001-03-24 06:00:00,2001-03-25 09:00:00
20010269,decay,2001-03-26 12:00:00,2001-04-04 09:00:00
20010270,incipient,2001-03-27 06:00:00,2001-03-27 12:00:00
20010270,intensification,2001-03-27 15:00:00,2001-03-30 09:00:00
20010270,mature,2001-03-30 12:00:00,2001-03-31 00:00:00
20010270,decay,2001-03-31 03:00:00,2001-04-01 12:00:00
20010275,intensification,2001-03-29 09:00:00,2001-03-29 15:00:00
20010275,mature,2001-03-29 18:00:00,2001-03-29 21:00:00
20010275,decay,2001-03-30 00:00:00,2001-03-31 09:00:00
20010275,residual,2001-03-31 12:00:00,2001-03-31 21:00:00
20010283,incipient,2001-03-31 06:00:00,2001-03-31 18:00:00
20010283,intensification,2001-03-31 21:00:00,2001-04-02 18:00:00
20010283,mature,2001-04-02 21:00:00,2001-04-03 06:00:00
20010283,decay,2001-04-03 09:00:00,2001-04-04 12:00:00
20010287,incipient,2001-04-01 15:00:00,2001-04-01 21:00:00
20010287,intensification,2001-04-02 00:00:00,2001-04-02 18:00:00
20010287,mature,2001-04-02 21:00:00,2001-04-03 00:00:00
20010287,decay,2001-04-03 03:00:00,2001-04-03 12:00:00
20010288,incipient,2001-04-02 03:00:00,2001-04-02 09:00:00
20010288,decay,2001-04-02 12:00:00,2001-04-02 18:00:00
20010288,intensification,2001-04-02 21:00:00,2001-04-03 00:00:00
20010300,incipient,2001-04-05 18:00:00,2001-04-06 03:00:00
20010300,intensification,2001-04-06 06:00:00,2001-04-07 09:00:00
20010300,mature,2001-04-07 12:00:00,2001-04-07 18:00:00
20010300,decay,2001-04-07 21:00:00,2001-04-08 21:00:00
20010307,incipient,2001-04-08 12:00:00,2001-04-08 21:00:00
20010307,intensification,2001-04-09 00:00:00,2001-04-10 18:00:00
20010307,mature,2001-04-10 21:00:00,2001-04-11 12:00:00
20010307,decay,2001-04-11 15:00:00,2001-04-14 15:00:00
20010331,intensification,2001-04-16 00:00:00,2001-04-17 00:00:00
20010333,incipient,2001-04-16 06:00:00,2001-04-16 21:00:00
20010333,intensification,2001-04-17 00:00:00,2001-04-18 18:00:00
20010333,mature,2001-04-18 21:00:00,2001-04-19 12:00:00
20010333,decay,2001-04-19 15:00:00,2001-04-21 15:00:00
20010333,residual,2001-04-21 18:00:00,2001-04-21 18:00:00
20010337,incipient,2001-04-17 18:00:00,2001-04-17 18:00:00
20010337,intensification,2001-04-17 21:00:00,2001-04-19 12:00:00
20010337,mature,2001-04-19 15:00:00,2001-04-20 12:00:00
20010337,decay,2001-04-20 15:00:00,2001-04-25 06:00:00
20010346,incipient,2001-04-20 15:00:00,2001-04-20 21:00:00
20010346,intensification,2001-04-21 00:00:00,2001-04-21 03:00:00
20010346,decay,2001-04-21 06:00:00,2001-04-21 09:00:00
20010346,intensification 2,2001-04-21 12:00:00,2001-04-21 12:00:00
20010357,incipient,2001-04-25 12:00:00,2001-04-25 15:00:00
20010357,intensification,2001-04-25 18:00:00,2001-04-26 12:00:00
20010357,mature,2001-04-26 15:00:00,2001-04-27 00:00:00
20010357,decay,2001-04-27 03:00:00,2001-04-28 18:00:00
20010391,incipient,2001-05-04 09:00:00,2001-05-04 09:00:00
20010391,intensification,2001-05-04 12:00:00,2001-05-06 06:00:00
20010391,mature,2001-05-06 09:00:00,2001-05-06 21:00:00
20010391,decay,2001-05-07 00:00:00,2001-05-09 00:00:00
20010391,intensification 2,2001-05-09 03:00:00,2001-05-09 21:00:00
20010391,mature 2,2001-05-10 00:00:00,2001-05-10 09:00:00
20010391,decay 2,2001-05-10 12:00:00,2001-05-12 06:00:00
20010397,intensification,2001-05-06 00:00:00,2001-05-07 03:00:00
20010400,incipient,2001-05-08 00:00:00,2001-05-09 09:00:00
20010400,intensification,2001-05-09 12:00:00,2001-05-12 09:00:00
20010400,mature,2001-05-12 12:00:00,2001-05-13 09:00:00
20010400,decay,2001-05-13 12:00:00,2001-05-15 06:00:00
20010422,intensification,2001-05-13 12:00:00,2001-05-13 18:00:00
20010422,decay,2001-05-13 21:00:00,2001-05-14 18:00:00
20010428,incipient,2001-05-15 06:00:00,2001-05-15 21:00:00
20010428,intensification,2001-05-16 00:00:00,2001-05-21 00:00:00
20010428,mature,2001-05-21 03:00:00,2001-05-22 06:00:00
20010428,decay,2001-05-22 09:00:00,2001-05-25 03:00:00
20010428,residual,2001-05-25 06:00:00,2001-05-28 12:00:00
20010437,incipient,2001-05-17 18:00:00,2001-05-18 00:00:00
20010437,decay,2001-05-18 03:00:00,2001-05-19 09:00:00
20010439,incipient,2001-05-18 06:00:00,2001-05-18 12:00:00
20010439,intensification,2001-05-18 15:00:00,2001-05-19 12:00:00
20010439,mature,2001-05-19 15:00:00,2001-05-20 00:00:00
20010439,decay,2001-05-20 03:00:00,2001-05-22 00:00:00
20010454,incipient,2001-05-22 12:00:00,2001-05-22 15:00:00
20010454,intensification,2001-05-22 18:00:00,2001-05-22 18:00:00
20010454,decay,2001-05-22 21:00:00,2001-05-23 00:00:00
20010454,intensification 2,2001-05-23 03:00:00,2001-05-23 09:00:00
20010467,incipient,2001-05-26 12:00:00,2001-05-26 12:00:00
20010467,intensification,2001-05-26 15:00:00,2001-05-27 06:00:00
20010467,mature,2001-05-27 09:00:00,2001-05-27 12:00:00
20010467,decay,2001-05-27 15:00:00,2001-05-28 00:00:00
20010481,incipient,2001-05-30 06:00:00,2001-05-30 12:00:00
20010481,intensification,2001-05-30 15:00:00,2001-05-30 15:00:00
20010481,decay,2001-05-30 18:00:00,2001-05-31 03:00:00
20010481,intensification 2,2001-05-31 06:00:00,2001-05-31 09:00:00
20010481,decay 2,2001-05-31 12:00:00,2001-06-01 00:00:00
20010483,incipient,2001-05-31 06:00:00,2001-05-31 09:00:00
20010483,intensification,2001-05-31 12:00:00,2001-06-03 03:00:00
20010483,mature,2001-06-03 06:00:00,2001-06-03 21:00:00
20010483,decay,2001-06-04 00:00:00,2001-06-06 12:00:00
20010499,incipient,2001-06-04 00:00:00,2001-06-04 00:00:00
20010499,intensification,2001-06-04 03:00:00,2001-06-04 18:00:00
20010499,mature,2001-06-04 21:00:00,2001-06-05 00:00:00
20010499,decay,2001-06-05 03:00:00,2001-06-06 15:00:00
20010500,incipient,2001-06-04 15:00:00,2001-06-05 00:00:00
20010500,intensification,2001-06-05 03:00:00,2001-06-06 12:00:00
20010500,mature,2001-06-06 15:00:00,2001-06-07 06:00:00
20010500,decay,2001-06-07 09:00:00,2001-06-10 03:00:00
20010503,incipient,2001-06-05 15:00:00,2001-06-06 06:00:00
20010503,intensification,2001-06-06 09:00:00,2001-06-08 09:00:00
20010503,mature,2001-06-08 12:00:00,2001-06-09 03:00:00
20010503,decay,2001-06-09 06:00:00,2001-06-14 00:00:00
20010505,incipient,2001-06-06 09:00:00,2001-06-06 21:00:00
20010505,intensification,2001-06-07 00:00:00,2001-06-07 21:00:00
20010505,mature,2001-06-08 00:00:00,2001-06-08 03:00:00
20010505,decay,2001-06-08 06:00:00,2001-06-08 21:00:00
20010510,incipient,2001-06-07 15:00:00,2001-06-07 15:00:00
20010510,intensification,2001-06-07 18:00:00,2001-06-08 09:00:00
20010510,mature,2001-06-08 12:00:00,2001-06-08 18:00:00
20010510,decay,2001-06-08 21:00:00,2001-06-10 06:00:00
20010512,incipient,2001-06-08 12:00:00,2001-06-09 06:00:00
20010512,intensification,2001-06-09 09:00:00,2001-06-11 00:00:00
20010512,mature,2001-06-11 03:00:00,2001-06-11 15:00:00
20010512,decay,2001-06-11 18:00:00,2001-06-12 15:00:00
20010518,incipient,2001-06-11 00:00:00,2001-06-11 06:00:00
20010518,intensification,2001-06-11 09:00:00,2001-06-13 18:00:00
20010518,mature,2001-06-13 21:00:00,2001-06-14 15:00:00
20010518,decay,2001-06-14 18:00:00,2001-06-17 18:00:00
20010527,incipient,2001-06-13 15:00:00,2001-06-14 03:00:00
20010527,intensification,2001-06-14 06:00:00,2001-06-16 06:00:00
20010527,mature,2001-06-16 09:00:00,2001-06-17 06:00:00
20010527,decay,2001-06-17 09:00:00,2001-06-21 06:00:00
20010530,intensification,2001-06-14 18:00:00,2001-06-15 09:00:00
20010530,decay,2001-06-15 12:00:00,2001-06-15 21:00:00
20010534,decay,2001-06-17 00:00:00,2001-06-17 03:00:00
20010534,intensification,2001-06-17 06:00:00,2001-06-17 09:00:00
20010534,decay 2,2001-06-17 12:00:00,2001-06-18 03:00:00
20010535,incipient,2001-06-17 03:00:00,2001-06-17 21:00:00
20010535,intensification,2001-06-18 00:00:00,2001-06-19 18:00:00
20010535,mature,2001-06-19 21:00:00,2001-06-20 12:00:00
20010535,decay,2001-06-20 15:00:00,2001-06-22 12:00:00
20010542,intensification,2001-06-19 09:00:00,2001-06-19 21:00:00
20010542,decay,2001-06-20 00:00:00,2001-06-20 15:00:00
20010558,intensification,2001-06-24 09:00:00,2001-06-25 12:00:00
20010558,mature,2001-06-25 15:00:00,2001-06-25 21:00:00
20010558,decay,2001-06-26 00:00:00,2001-06-26 21:00:00
20010558,intensification 2,2001-06-27 00:00:00,2001-06-28 09:00:00
20010558,mature 2,2001-06-28 12:00:00,2001-06-29 00:00:00
20010558,decay 2,2001-06-29 03:00:00,2001-07-02 00:00:00
20010560,intensification,2001-06-24 15:00:00,2001-06-25 03:00:00
20010560,decay,2001-06-25 06:00:00,2001-06-25 21:00:00
20010567,incipient,2001-06-26 12:00:00,2001-06-26 18:00:00
20010567,intensification,2001-06-26 21:00:00,2001-06-27 21:00:00
20010567,mature,2001-06-28 00:00:00,2001-06-28 06:00:00
20010567,decay,2001-06-28 09:00:00,2001-06-29 18:00:00
20010570,incipient,2001-06-27 15:00:00,2001-06-27 21:00:00
20010570,intensification,2001-06-28 00:00:00,2001-06-29 03:00:00
20010570,mature,2001-06-29 06:00:00,2001-06-29 12:00:00
20010570,decay,2001-06-29 15:00:00,2001-07-01 06:00:00
20010573,incipient,2001-06-29 09:00:00,2001-06-29 15:00:00
20010573,intensification,2001-06-29 18:00:00,2001-06-30 12:00:00
20010573,mature,2001-06-30 15:00:00,2001-06-30 21:00:00
20010573,decay,2001-07-01 00:00:00,2001-07-01 21:00:00
20010577,decay,2001-06-30 06:00:00,2001-06-30 12:00:00
20010577,intensification,2001-06-30 15:00:00,2001-06-30 21:00:00
20010577,decay 2,2001-07-01 00:00:00,2001-07-01 18:00:00
20010583,incipient,2001-07-02 06:00:00,2001-07-02 12:00:00
20010583,intensification,2001-07-02 15:00:00,2001-07-03 06:00:00
20010583,mature,2001-07-03 09:00:00,2001-07-03 12:00:00
20010583,decay,2001-07-03 15:00:00,2001-07-04 06:00:00
20010588,incipient,2001-07-03 15:00:00,2001-07-03 15:00:00
20010588,intensification,2001-07-03 18:00:00,2001-07-04 09:00:00
20010588,mature,2001-07-04 12:00:00,2001-07-04 15:00:00
20010588,decay,2001-07-04 18:00:00,2001-07-05 09:00:00
20010603,incipient,2001-07-06 06:00:00,2001-07-06 15:00:00
20010603,intensification,2001-07-06 18:00:00,2001-07-08 00:00:00
20010603,mature,2001-07-08 03:00:00,2001-07-08 12:00:00
20010603,decay,2001-07-08 15:00:00,2001-07-09 18:00:00
20010608,incipient,2001-07-09 03:00:00,2001-07-09 06:00:00
20010608,intensification,2001-07-09 09:00:00,2001-07-10 00:00:00
20010608,mature,2001-07-10 03:00:00,2001-07-10 09:00:00
20010608,decay,2001-07-10 12:00:00,2001-07-11 18:00:00
20010617,intensification,2001-07-11 15:00:00,2001-07-12 12:00:00
20010617,mature,2001-07-12 15:00:00,2001-07-12 18:00:00
20010617,decay,2001-07-12 21:00:00,2001-07-13 09:00:00
20010617,intensification 2,2001-07-13 12:00:00,2001-07-14 15:00:00
20010617,mature 2,2001-07-14 18:00:00,2001-07-14 21:00:00
20010617,decay 2,2001-07-15 00:00:00,2001-07-15 15:00:00
20010618,incipient,2001-07-12 00:00:00,2001-07-12 18:00:00
20010618,intensification,2001-07-12 21:00:00,2001-07-15 18:00:00
20010618,mature,2001-07-15 21:00:00,2001-07-16 15:00:00
20010618,decay,2001-07-16 18:00:00,2001-07-18 15:00:00
20010618,intensification 2,2001-07-18 18:00:00,2001-07-21 00:00:00
20010618,mature 2,2001-07-21 03:00:00,2001-07-21 12:00:00
20010618,decay 2,2001-07-21 15:00:00,2001-07-23 00:00:00
20010624,incipient,2001-07-13 15:00:00,2001-07-13 18:00:00
20010624,intensification,2001-07-13 21:00:00,2001-07-15 06:00:00
20010624,mature,2001-07-15 09:00:00,2001-07-15 18:00:00
20010624,decay,2001-07-15 21:00:00,2001-07-16 18:00:00
20010633,incipient,2001-07-19 00:00:00,2001-07-19 18:00:00
20010633,intensification,2001-07-19 21:00:00,2001-07-21 12:00:00
20010633,mature,2001-07-21 15:00:00,2001-07-22 06:00:00
20010633,decay,2001-07-22 09:00:00,2001-07-24 09:00:00
20010634,incipient,2001-07-19 06:00:00,2001-07-19 12:00:00
20010634,intensification,2001-07-19 15:00:00,2001-07-21 18:00:00
20010634,mature,2001-07-21 21:00:00,2001-07-22 12:00:00
20010634,decay,2001-07-22 15:00:00,2001-07-25 21:00:00
20010662,intensification,2001-07-28 15:00:00,2001-07-29 03:00:00
20010662,decay,2001-07-29 06:00:00,2001-07-29 15:00:00
20010668,intensification,2001-07-30 12:00:00,2001-07-30 18:00:00
20010668,mature,2001-07-30 21:00:00,2001-07-31 00:00:00
20010668,decay,2001-07-31 03:00:00,2001-08-01 12:00:00
20010669,incipient,2001-07-30 18:00:00,2001-07-31 09:00:00
20010669,intensification,2001-07-31 12:00:00,2001-08-02 09:00:00
20010669,mature,2001-08-02 12:00:00,2001-08-03 00:00:00
20010669,decay,2001-08-03 03:00:00,2001-08-04 15:00:00
20010678,intensification,2001-08-01 15:00:00,2001-08-03 00:00:00
20010678,mature,2001-08-03 03:00:00,2001-08-03 21:00:00
20010678,decay,2001-08-04 00:00:00,2001-08-08 12:00:00
20010682,decay,2001-08-02 12:00:00,2001-08-03 03:00:00
20010682,intensification,2001-08-03 06:00:00,2001-08-04 03:00:00
20010682,mature,2001-08-04 06:00:00,2001-08-04 09:00:00
20010682,decay 2,2001-08-04 12:00:00,2001-08-05 03:00:00
20010682,residual,2001-08-05 06:00:00,2001-08-06 09:00:00
20010695,incipient,2001-08-06 12:00:00,2001-08-06 18:00:00
20010695,intensification,2001-08-06 21:00:00,2001-08-07 15:00:00
20010695,mature,2001-08-07 18:00:00,2001-08-08 00:00:00
20010695,decay,2001-08-08 03:00:00,2001-08-08 21:00:00
20010700,incipient,2001-08-07 15:00:00,2001-08-08 03:00:00
20010700,intensification,2001-08-08 06:00:00,2001-08-10 03:00:00
20010700,mature,2001-08-10 06:00:00,2001-08-10 18:00:00
20010700,decay,2001-08-10 21:00:00,2001-08-13 09:00:00
20010717,decay,2001-08-13 00:00:00,2001-08-13 09:00:00
20010717,intensification,2001-08-13 12:00:00,2001-08-14 00:00:00
20010717,decay 2,2001-08-14 03:00:00,2001-08-14 18:00:00
20010722,incipient,2001-08-13 15:00:00,2001-08-14 00:00:00
20010722,intensification,2001-08-14 03:00:00,2001-08-15 06:00:00
20010722,mature,2001-08-15 09:00:00,2001-08-15 21:00:00
20010722,decay,2001-08-16 00:00:00,2001-08-18 00:00:00
20010723,incipient,2001-08-14 00:00:00,2001-08-14 03:00:00
20010723,decay,2001-08-14 06:00:00,2001-08-14 15:00:00
20010723,intensification,2001-08-14 18:00:00,2001-08-14 21:00:00
20010723,decay 2,2001-08-15 00:00:00,2001-08-15 06:00:00
20010726,decay,2001-08-15 18:00:00,2001-08-16 09:00:00
20010726,intensification,2001-08-16 12:00:00,2001-08-19 18:00:00
20010726,mature,2001-08-19 21:00:00,2001-08-20 15:00:00
20010726,decay 2,2001-08-20 18:00:00,2001-08-22 21:00:00
20010731,incipient,2001-08-16 12:00:00,2001-08-16 12:00:00
20010731,intensification,2001-08-16 15:00:00,2001-08-19 15:00:00
20010731,mature,2001-08-19 18:00:00,2001-08-20 12:00:00
20010731,decay,2001-08-20 15:00:00,2001-08-23 06:00:00
20010740,decay,2001-08-20 00:00:00,2001-08-21 18:00:00
20010740,intensification,2001-08-21 21:00:00,2001-08-24 03:00:00
20010740,mature,2001-08-24 06:00:00,2001-08-24 21:00:00
20010740,decay 2,2001-08-25 00:00:00,2001-08-27 12:00:00
20010743,incipient,2001-08-21 12:00:00,2001-08-21 18:00:00
20010743,intensification,2001-08-21 21:00:00,2001-08-23 15:00:00
20010743,mature,2001-08-23 18:00:00,2001-08-24 12:00:00
20010743,decay,2001-08-24 15:00:00,2001-08-28 03:00:00
20010759,incipient,2001-08-27 00:00:00,2001-08-27 12:00:00
20010759,intensification,2001-08-27 15:00:00,2001-08-29 09:00:00
20010759,mature,2001-08-29 12:00:00,2001-08-30 00:00:00
20010759,decay,2001-08-30 03:00:00,2001-08-31 21:00:00
20020010,intensification,2002-01-03 09:00:00,2002-01-04 03:00:00
20020010,decay,2002-01-04 06:00:00,2002-01-05 00:00:00
20020011,incipient,2002-01-03 15:00:00,2002-01-04 00:00:00
20020011,intensification,2002-01-04 03:00:00,2002-01-06 00:00:00
20020011,mature,2002-01-06 03:00:00,2002-01-06 21:00:00
20020011,decay,2002-01-07 00:00:00,2002-01-10 12:00:00
20020011,residual,2002-01-10 15:00:00,2002-01-14 00:00:00
20020015,incipient,2002-01-05 00:00:00,2002-01-05 03:00:00
20020015,intensification,2002-01-05 06:00:00,2002-01-06 09:00:00
20020015,mature,2002-01-06 12:00:00,2002-01-06 18:00:00
20020015,decay,2002-01-06 21:00:00,2002-01-08 09:00:00
20020019,decay,2002-01-05 12:00:00,2002-01-05 15:00:00
20020019,intensification,2002-01-05 18:00:00,2002-01-06 00:00:00
20020019,decay 2,2002-01-06 03:00:00,2002-01-06 12:00:00
20020021,incipient,2002-01-07 09:00:00,2002-01-07 09:00:00
20020021,intensification,2002-01-07 12:00:00,2002-01-08 21:00:00
20020021,mature,2002-01-09 00:00:00,2002-01-09 12:00:00
20020021,decay,2002-01-09 15:00:00,2002-01-12 06:00:00
20020023,incipient,2002-01-08 00:00:00,2002-01-08 06:00:00
20020023,intensification,2002-01-08 09:00:00,2002-01-08 09:00:00
20020023,decay,2002-01-08 12:00:00,2002-01-08 15:00:00
20020023,intensification 2,2002-01-08 18:00:00,2002-01-09 09:00:00
20020028,incipient,2002-01-09 18:00:00,2002-01-10 03:00:00
20020028,intensification,2002-01-10 06:00:00,2002-01-11 21:00:00
20020028,mature,2002-01-12 00:00:00,2002-01-12 18:00:00
20020028,decay,2002-01-12 21:00:00,2002-01-16 18:00:00
20020030,incipient,2002-01-10 00:00:00,2002-01-10 00:00:00
20020030,intensification,2002-01-10 03:00:00,2002-01-13 00:00:00
20020033,incipient,2002-01-11 09:00:00,2002-01-12 00:00:00
20020033,intensification,2002-01-12 03:00:00,2002-01-14 06:00:00
20020033,mature,2002-01-14 09:00:00,2002-01-14 21:00:00
20020033,decay,2002-01-15 00:00:00,2002-01-16 09:00:00
20020034,incipient,2002-01-11 09:00:00,2002-01-11 15:00:00
20020034,decay,2002-01-11 18:00:00,2002-01-12 03:00:00
20020034,intensification,2002-01-12 06:00:00,2002-01-12 09:00:00
20020034,decay 2,2002-01-12 12:00:00,2002-01-12 21:00:00
20020038,incipient,2002-01-12 15:00:00,2002-01-12 15:00:00
20020038,intensification,2002-01-12 18:00:00,2002-01-14 03:00:00
20020038,mature,2002-01-14 06:00:00,2002-01-14 09:00:00
20020038,decay,2002-01-14 12:00:00,2002-01-15 06:00:00
20020062,incipient,2002-01-22 12:00:00,2002-01-22 21:00:00
20020062,intensification,2002-01-23 00:00:00,2002-01-23 00:00:00
20020062,decay,2002-01-23 03:00:00,2002-01-23 21:00:00
20020062,intensification 2,2002-01-24 00:00:00,2002-01-24 12:00:00
20020062,decay 2,2002-01-24 15:00:00,2002-01-25 00:00:00
20020070,incipient,2002-01-24 18:00:00,2002-01-24 18:00:00
20020070,intensification,2002-01-24 21:00:00,2002-01-26 06:00:00
20020070,mature,2002-01-26 09:00:00,2002-01-26 12:00:00
20020070,decay,2002-01-26 15:00:00,2002-01-27 09:00:00
20020077,incipient,2002-01-27 06:00:00,2002-01-27 15:00:00
20020077,intensification,2002-01-27 18:00:00,2002-01-29 09:00:00
20020077,mature,2002-01-29 12:00:00,2002-01-29 21:00:00
20020077,decay,2002-01-30 00:00:00,2002-01-31 06:00:00
20020085,intensification,2002-01-30 06:00:00,2002-01-31 15:00:00
20020087,incipient,2002-01-31 06:00:00,2002-01-31 09:00:00
20020087,intensification,2002-01-31 12:00:00,2002-02-02 00:00:00
20020087,mature,2002-02-02 03:00:00,2002-02-02 12:00:00
20020087,decay,2002-02-02 15:00:00,2002-02-04 06:00:00
20020087,intensification 2,2002-02-04 09:00:00,2002-02-06 00:00:00
20020087,mature 2,2002-02-06 03:00:00,2002-02-06 18:00:00
20020087,decay 2,2002-02-06 21:00:00,2002-02-09 12:00:00
20020094,incipient,2002-02-01 09:00:00,2002-02-01 15:00:00
20020094,decay,2002-02-01 18:00:00,2002-02-02 12:00:00
20020094,intensification,2002-02-02 15:00:00,2002-02-02 18:00:00
20020103,incipient,2002-02-03 00:00:00,2002-02-03 15:00:00
20020103,intensification,2002-02-03 18:00:00,2002-02-05 06:00:00
20020103,mature,2002-02-05 09:00:00,2002-02-05 18:00:00
20020103,decay,2002-02-05 21:00:00,2002-02-07 03:00:00
20020104,intensification,2002-02-03 12:00:00,2002-02-04 09:00:00
20020104,mature,2002-02-04 12:00:00,2002-02-05 00:00:00
20020104,decay,2002-02-05 03:00:00,2002-02-08 00:00:00
20020117,intensification,2002-02-08 18:00:00,2002-02-09 12:00:00
20020117,mature,2002-02-09 15:00:00,2002-02-09 21:00:00
20020117,decay,2002-02-10 00:00:00,2002-02-12 09:00:00
20020123,intensification,2002-02-09 15:00:00,2002-02-11 06:00:00
20020125,incipient,2002-02-10 00:00:00,2002-02-10 06:00:00
20020125,intensification,2002-02-10 09:00:00,2002-02-11 15:00:00
20020125,mature,2002-02-11 18:00:00,2002-02-12 03:00:00
20020125,decay,2002-02-12 06:00:00,2002-02-13 21:00:00
20020125,intensification 2,2002-02-14 00:00:00,2002-02-16 06:00:00
20020125,mature 2,2002-02-16 09:00:00,2002-02-17 00:00:00
20020125,decay 2,2002-02-17 03:00:00,2002-02-19 18:00:00
20020129,incipient,2002-02-12 06:00:00,2002-02-12 12:00:00
20020129,intensification,2002-02-12 15:00:00,2002-02-13 09:00:00
20020129,mature,2002-02-13 12:00:00,2002-02-13 18:00:00
20020129,decay,2002-02-13 21:00:00,2002-02-14 18:00:00
20020131,incipient,2002-02-12 15:00:00,2002-02-12 18:00:00
20020131,intensification,2002-02-12 21:00:00,2002-02-13 12:00:00
20020131,mature,2002-02-13 15:00:00,2002-02-13 21:00:00
20020131,decay,2002-02-14 00:00:00,2002-02-15 06:00:00
20020132,incipient,2002-02-12 18:00:00,2002-02-12 18:00:00
20020132,intensification,2002-02-12 21:00:00,2002-02-13 18:00:00
20020132,mature,2002-02-13 21:00:00,2002-02-14 00:00:00
20020132,decay,2002-02-14 03:00:00,2002-02-14 18:00:00
20020132,residual,2002-02-14 21:00:00,2002-02-16 06:00:00
20020135,incipient,2002-02-14 12:00:00,2002-02-15 09:00:00
20020135,intensification,2002-02-15 12:00:00,2002-02-17 12:00:00
20020135,mature,2002-02-17 15:00:00,2002-02-18 03:00:00
20020135,decay,2002-02-18 06:00:00,2002-02-19 21:00:00
20020141,incipient,2002-02-16 12:00:00,2002-02-17 00:00:00
20020141,decay,2002-02-17 03:00:00,2002-02-17 06:00:00
20020141,intensification,2002-02-17 09:00:00,2002-02-17 15:00:00
20020141,decay 2,2002-02-17 18:00:00,2002-02-18 00:00:00
20020148,incipient,2002-02-18 06:00:00,2002-02-19 03:00:00
20020148,intensification,2002-02-19 06:00:00,2002-02-21 03:00:00
20020148,mature,2002-02-21 06:00:00,2002-02-21 18:00:00
20020148,decay,2002-02-21 21:00:00,2002-02-22 18:00:00
20020159,incipient,2002-02-21 15:00:00,2002-02-22 09:00:00
20020159,intensification,2002-02-22 12:00:00,2002-02-24 12:00:00
20020159,mature,2002-02-24 15:00:00,2002-02-25 06:00:00
20020159,decay,2002-02-25 09:00:00,2002-02-27 12:00:00
20020164,incipient,2002-02-23 12:00:00,2002-02-23 15:00:00
20020164,intensification,2002-02-23 18:00:00,2002-02-25 12:00:00
20020164,mature,2002-02-25 15:00:00,2002-02-26 03:00:00
20020164,decay,2002-02-26 06:00:00,2002-02-27 21:00:00
20020164,intensification 2,2002-02-28 00:00:00,2002-02-28 15:00:00
20020164,mature 2,2002-02-28 18:00:00,2002-03-01 03:00:00
20020164,decay 2,2002-03-01 06:00:00,2002-03-03 03:00:00
20020165,decay,2002-02-24 03:00:00,2002-02-25 12:00:00
20020180,intensification,2002-03-01 15:00:00,2002-03-01 21:00:00
20020180,mature,2002-03-02 00:00:00,2002-03-02 03:00:00
20020180,decay,2002-03-02 06:00:00,2002-03-03 00:00:00
20020182,incipient,2002-03-03 09:00:00,2002-03-03 12:00:00
20020182,intensification,2002-03-03 15:00:00,2002-03-04 21:00:00
20020182,mature,2002-03-05 00:00:00,2002-03-05 06:00:00
20020182,decay,2002-03-05 09:00:00,2002-03-06 03:00:00
20020197,incipient,2002-03-07 06:00:00,2002-03-07 15:00:00
20020197,intensification,2002-03-07 18:00:00,2002-03-10 09:00:00
20020197,mature,2002-03-10 12:00:00,2002-03-11 00:00:00
20020197,decay,2002-03-11 03:00:00,2002-03-12 18:00:00
20020216,incipient,2002-03-13 03:00:00,2002-03-13 09:00:00
20020216,decay,2002-03-13 12:00:00,2002-03-13 18:00:00
20020216,intensification,2002-03-13 21:00:00,2002-03-14 09:00:00
20020216,decay 2,2002-03-14 12:00:00,2002-03-14 15:00:00
20020220,intensification,2002-03-14 00:00:00,2002-03-14 09:00:00
20020220,decay,2002-03-14 12:00:00,2002-03-14 21:00:00
20020221,decay,2002-03-15 03:00:00,2002-03-16 00:00:00
20020221,intensification,2002-03-16 03:00:00,2002-03-18 15:00:00
20020221,mature,2002-03-18 18:00:00,2002-03-19 06:00:00
20020221,decay 2,2002-03-19 09:00:00,2002-03-20 03:00:00
20020223,incipient,2002-03-16 00:00:00,2002-03-16 00:00:00
20020223,intensification,2002-03-16 03:00:00,2002-03-16 12:00:00
20020223,mature,2002-03-16 15:00:00,2002-03-16 18:00:00
20020223,decay,2002-03-16 21:00:00,2002-03-17 15:00:00
20020230,incipient,2002-03-18 18:00:00,2002-03-19 09:00:00
20020230,intensification,2002-03-19 12:00:00,2002-03-23 00:00:00
20020230,mature,2002-03-23 03:00:00,2002-03-24 00:00:00
20020230,decay,2002-03-24 03:00:00,2002-03-26 12:00:00
20020233,intensification,2002-03-21 15:00:00,2002-03-22 12:00:00
20020233,mature,2002-03-22 15:00:00,2002-03-23 03:00:00
20020233,decay,2002-03-23 06:00:00,2002-03-26 03:00:00
20020243,intensification,2002-03-24 18:00:00,2002-03-26 09:00:00
20020254,incipient,2002-03-29 00:00:00,2002-03-29 06:00:00
20020254,intensification,2002-03-29 09:00:00,2002-03-30 00:00:00
20020254,mature,2002-03-30 03:00:00,2002-03-30 06:00:00
20020254,decay,2002-03-30 09:00:00,2002-03-31 03:00:00
20020254,residual,2002-03-31 06:00:00,2002-04-01 00:00:00
20020261,incipient,2002-03-31 12:00:00,2002-03-31 15:00:00
20020261,intensification,2002-03-31 18:00:00,2002-04-01 21:00:00
20020261,mature,2002-04-02 00:00:00,2002-04-02 09:00:00
20020261,decay,2002-04-02 12:00:00,2002-04-04 03:00:00
20020261,residual,2002-04-04 06:00:00,2002-04-05 15:00:00
20020268,incipient,2002-04-02 03:00:00,2002-04-02 09:00:00
20020268,intensification,2002-04-02 12:00:00,2002-04-04 09:00:00
20020268,mature,2002-04-04 12:00:00,2002-04-04 21:00:00
20020268,decay,2002-04-05 00:00:00,2002-04-05 21:00:00
20020271,incipient,2002-04-03 12:00:00,2002-04-03 18:00:00
20020271,decay,2002-04-03 21:00:00,2002-04-04 06:00:00
20020271,intensification,2002-04-04 09:00:00,2002-04-04 12:00:00
20020271,decay 2,2002-04-04 15:00:00,2002-04-04 18:00:00
20020277,incipient,2002-04-05 06:00:00,2002-04-05 12:00:00
20020277,intensification,2002-04-05 15:00:00,2002-04-07 03:00:00
20020277,mature,2002-04-07 06:00:00,2002-04-07 12:00:00
20020277,decay,2002-04-07 15:00:00,2002-04-08 09:00:00
20020289,intensification,2002-04-08 12:00:00,2002-04-08 15:00:00
20020289,decay,2002-04-08 18:00:00,2002-04-09 09:00:00
20020321,incipient,2002-04-17 03:00:00,2002-04-17 09:00:00
20020321,intensification,2002-04-17 12:00:00,2002-04-18 12:00:00
20020321,mature,2002-04-18 15:00:00,2002-04-19 00:00:00
20020321,decay,2002-04-19 03:00:00,2002-04-20 21:00:00
20020328,incipient,2002-04-20 00:00:00,2002-04-20 03:00:00
20020328,intensification,2002-04-20 06:00:00,2002-04-21 15:00:00
20020328,mature,2002-04-21 18:00:00,2002-04-22 12:00:00
20020328,decay,2002-04-22 15:00:00,2002-04-26 18:00:00
20020332,intensification,2002-04-22 09:00:00,2002-04-22 12:00:00
20020332,decay,2002-04-22 15:00:00,2002-04-23 12:00:00
20020335,incipient,2002-04-22 18:00:00,2002-04-23 21:00:00
20020335,intensification,2002-04-24 00:00:00,2002-04-26 06:00:00
20020335,mature,2002-04-26 09:00:00,2002-04-27 00:00:00
20020335,decay,2002-04-27 03:00:00,2002-04-28 18:00:00
20020342,incipient,2002-04-24 15:00:00,2002-04-24 18:00:00
20020342,intensification,2002-04-24 21:00:00,2002-04-25 15:00:00
20020342,mature,2002-04-25 18:00:00,2002-04-25 21:00:00
20020342,decay,2002-04-26 00:00:00,2002-04-26 15:00:00
20020348,decay,2002-04-25 12:00:00,2002-04-26 00:00:00
20020348,intensification,2002-04-26 03:00:00,2002-04-26 03:00:00
20020348,decay 2,2002-04-26 06:00:00,2002-04-26 09:00:00
20020352,incipient,2002-04-26 18:00:00,2002-04-26 21:00:00
20020352,intensification,2002-04-27 00:00:00,2002-04-28 03:00:00
20020352,mature,2002-04-28 06:00:00,2002-04-28 15:00:00
20020352,decay,2002-04-28 18:00:00,2002-05-01 06:00:00
20020363,incipient,2002-04-30 06:00:00,2002-04-30 18:00:00
20020363,intensification,2002-04-30 21:00:00,2002-05-02 15:00:00
20020363,mature,2002-05-02 18:00:00,2002-05-03 09:00:00
20020363,decay,2002-05-03 12:00:00,2002-05-06 09:00:00
20020365,intensification,2002-05-01 09:00:00,2002-05-02 00:00:00
20020365,decay,2002-05-02 03:00:00,2002-05-03 00:00:00
20020368,incipient,2002-05-01 18:00:00,2002-05-01 21:00:00
20020368,intensification,2002-05-02 00:00:00,2002-05-03 06:00:00
20020368,mature,2002-05-03 09:00:00,2002-05-03 21:00:00
20020368,decay,2002-05-04 00:00:00,2002-05-06 15:00:00
20020369,incipient,2002-05-02 09:00:00,2002-05-02 21:00:00
20020369,intensification,2002-05-03 00:00:00,2002-05-04 15:00:00
20020369,mature,2002-05-04 18:00:00,2002-05-05 03:00:00
20020369,decay,2002-05-05 06:00:00,2002-05-06 03:00:00
20020381,incipient,2002-05-06 18:00:00,2002-05-07 00:00:00
20020381,intensification,2002-05-07 03:00:00,2002-05-07 18:00:00
20020381,mature,2002-05-07 21:00:00,2002-05-08 03:00:00
20020381,decay,2002-05-08 06:00:00,2002-05-09 03:00:00
20020382,incipient,2002-05-06 18:00:00,2002-05-07 03:00:00
20020382,intensification,2002-05-07 06:00:00,2002-05-07 06:00:00
20020382,decay,2002-05-07 09:00:00,2002-05-07 21:00:00
20020382,intensification 2,2002-05-08 00:00:00,2002-05-09 06:00:00
20020382,mature,2002-05-09 09:00:00,2002-05-09 12:00:00
20020382,decay 2,2002-05-09 15:00:00,2002-05-10 06:00:00
20020385,incipient,2002-05-08 03:00:00,2002-05-08 06:00:00
20020385,intensification,2002-05-08 09:00:00,2002-05-09 00:00:00
20020385,mature,2002-05-09 03:00:00,2002-05-09 09:00:00
20020385,decay,2002-05-09 12:00:00,2002-05-10 12:00:00
20020394,incipient,2002-05-10 12:00:00,2002-05-11 18:00:00
20020394,intensification,2002-05-11 21:00:00,2002-05-15 12:00:00
20020394,mature,2002-05-15 15:00:00,2002-05-16 18:00:00
20020394,decay,2002-05-16 21:00:00,2002-05-21 03:00:00
20020394,residual,2002-05-21 06:00:00,2002-05-25 00:00:00
20020402,incipient,2002-05-13 09:00:00,2002-05-13 09:00:00
20020402,decay,2002-05-13 12:00:00,2002-05-13 18:00:00
20020402,intensification,2002-05-13 21:00:00,2002-05-14 12:00:00
20020402,decay 2,2002-05-14 15:00:00,2002-05-14 21:00:00
20020415,incipient,2002-05-16 12:00:00,2002-05-17 06:00:00
20020415,intensification,2002-05-17 09:00:00,2002-05-19 00:00:00
20020415,mature,2002-05-19 03:00:00,2002-05-19 09:00:00
20020415,decay,2002-05-19 12:00:00,2002-05-20 00:00:00
20020423,incipient,2002-05-18 12:00:00,2002-05-18 21:00:00
20020423,intensification,2002-05-19 00:00:00,2002-05-20 18:00:00
20020423,mature,2002-05-20 21:00:00,2002-05-21 09:00:00
20020423,decay,2002-05-21 12:00:00,2002-05-23 06:00:00
20020423,intensification 2,2002-05-23 09:00:00,2002-05-24 18:00:00
20020423,mature 2,2002-05-24 21:00:00,2002-05-25 09:00:00
20020423,decay 2,2002-05-25 12:00:00,2002-05-28 15:00:00
20020423,residual,2002-05-28 18:00:00,2002-05-29 00:00:00
20020428,incipient,2002-05-20 12:00:00,2002-05-21 09:00:00
20020428,intensification,2002-05-21 12:00:00,2002-05-23 12:00:00
20020428,mature,2002-05-23 15:00:00,2002-05-24 03:00:00
20020428,decay,2002-05-24 06:00:00,2002-05-25 21:00:00
20020429,incipient,2002-05-21 00:00:00,2002-05-21 18:00:00
20020429,intensification,2002-05-21 21:00:00,2002-05-23 21:00:00
20020429,mature,2002-05-24 00:00:00,2002-05-24 18:00:00
20020429,decay,2002-05-24 21:00:00,2002-05-28 06:00:00
20020439,intensification,2002-05-23 00:00:00,2002-05-23 12:00:00
20020439,mature,2002-05-23 15:00:00,2002-05-23 18:00:00
20020439,decay,2002-05-23 21:00:00,2002-05-25 03:00:00
20020444,decay,2002-05-26 09:00:00,2002-05-27 06:00:00
20020444,intensification,2002-05-27 09:00:00,2002-05-27 09:00:00
20020444,decay 2,2002-05-27 12:00:00,2002-05-27 15:00:00
20020445,intensification,2002-05-26 09:00:00,2002-05-26 18:00:00
20020445,decay,2002-05-26 21:00:00,2002-05-27 18:00:00
20020457,incipient,2002-05-29 18:00:00,2002-05-30 06:00:00
20020457,intensification,2002-05-30 09:00:00,2002-05-31 18:00:00
20020457,mature,2002-05-31 21:00:00,2002-06-01 06:00:00
20020457,decay,2002-06-01 09:00:00,2002-06-03 00:00:00
20020459,decay,2002-05-30 18:00:00,2002-05-31 03:00:00
20020459,intensification,2002-05-31 06:00:00,2002-06-01 15:00:00
20020459,mature,2002-06-01 18:00:00,2002-06-01 21:00:00
20020459,decay 2,2002-06-02 00:00:00,2002-06-02 18:00:00
20020461,incipient,2002-05-31 00:00:00,2002-05-31 09:00:00
20020461,intensification,2002-05-31 12:00:00,2002-05-31 12:00:00
20020461,decay,2002-05-31 15:00:00,2002-06-01 03:00:00
20020461,intensification 2,2002-06-01 06:00:00,2002-06-01 06:00:00
20020461,decay 2,2002-06-01 09:00:00,2002-06-01 18:00:00
20020467,intensification,2002-06-01 18:00:00,2002-06-02 12:00:00
20020467,mature,2002-06-02 15:00:00,2002-06-02 21:00:00
20020467,decay,2002-06-03 00:00:00,2002-06-03 18:00:00
20020467,intensification 2,2002-06-03 21:00:00,2002-06-04 12:00:00
20020467,mature 2,2002-06-04 15:00:00,2002-06-04 18:00:00
20020467,decay 2,2002-06-04 21:00:00,2002-06-05 21:00:00
20020483,incipient,2002-06-06 00:00:00,2002-06-06 09:00:00
20020483,intensification,2002-06-06 12:00:00,2002-06-10 09:00:00
20020483,mature,2002-06-10 12:00:00,2002-06-11 06:00:00
20020483,decay,2002-06-11 09:00:00,2002-06-13 12:00:00
20020484,incipient,2002-06-06 03:00:00,2002-06-06 09:00:00
20020484,intensification,2002-06-06 12:00:00,2002-06-07 18:00:00
20020484,mature,2002-06-07 21:00:00,2002-06-08 03:00:00
20020484,decay,2002-06-08 06:00:00,2002-06-09 00:00:00
20020490,incipient,2002-06-07 12:00:00,2002-06-07 18:00:00
20020490,intensification,2002-06-07 21:00:00,2002-06-08 21:00:00
20020490,mature,2002-06-09 00:00:00,2002-06-09 06:00:00
20020490,decay,2002-06-09 09:00:00,2002-06-10 12:00:00
20020495,incipient,2002-06-09 09:00:00,2002-06-09 15:00:00
20020495,intensification,2002-06-09 18:00:00,2002-06-10 21:00:00
20020495,mature,2002-06-11 00:00:00,2002-06-11 12:00:00
20020495,decay,2002-06-11 15:00:00,2002-06-14 09:00:00
20020503,incipient,2002-06-12 03:00:00,2002-06-12 21:00:00
20020503,intensification,2002-06-13 00:00:00,2002-06-14 21:00:00
20020503,mature,2002-06-15 00:00:00,2002-06-15 12:00:00
20020503,decay,2002-06-15 15:00:00,2002-06-17 03:00:00
20020508,incipient,2002-06-13 12:00:00,2002-06-14 00:00:00
20020508,intensification,2002-06-14 03:00:00,2002-06-16 00:00:00
20020508,mature,2002-06-16 03:00:00,2002-06-16 18:00:00
20020508,decay,2002-06-16 21:00:00,2002-06-20 03:00:00
20020512,intensification,2002-06-14 12:00:00,2002-06-15 12:00:00
20020519,incipient,2002-06-17 00:00:00,2002-06-17 06:00:00
20020519,decay,2002-06-17 09:00:00,2002-06-17 12:00:00
20020519,intensification,2002-06-17 15:00:00,2002-06-17 15:00:00
20020519,decay 2,2002-06-17 18:00:00,2002-06-18 03:00:00
20020521,incipient,2002-06-17 06:00:00,2002-06-17 15:00:00
20020521,intensification,2002-06-17 18:00:00,2002-06-19 09:00:00
20020521,mature,2002-06-19 12:00:00,2002-06-20 03:00:00
20020521,decay,2002-06-20 06:00:00,2002-06-23 15:00:00
20020547,incipient,2002-06-25 00:00:00,2002-06-25 03:00:00
20020547,intensification,2002-06-25 06:00:00,2002-06-26 09:00:00
20020547,mature,2002-06-26 12:00:00,2002-06-26 18:00:00
20020547,decay,2002-06-26 21:00:00,2002-06-28 06:00:00
20020554,incipient,2002-06-27 09:00:00,2002-06-27 12:00:00
20020554,intensification,2002-06-27 15:00:00,2002-06-28 21:00:00
20020554,mature,2002-06-29 00:00:00,2002-06-29 03:00:00
20020554,decay,2002-06-29 06:00:00,2002-06-29 15:00:00
20020557,intensification,2002-06-28 15:00:00,2002-06-29 00:00:00
20020557,decay,2002-06-29 03:00:00,2002-06-29 15:00:00
20020574,intensification,2002-07-02 06:00:00,2002-07-02 15:00:00
20020574,decay,2002-07-02 18:00:00,2002-07-03 06:00:00
20020574,residual,2002-07-03 09:00:00,2002-07-03 09:00:00
20020580,intensification,2002-07-03 12:00:00,2002-07-03 21:00:00
20020580,decay,2002-07-04 00:00:00,2002-07-04 15:00:00
20020585,incipient,2002-07-04 15:00:00,2002-07-05 00:00:00
20020585,intensification,2002-07-05 03:00:00,2002-07-06 06:00:00
20020585,mature,2002-07-06 09:00:00,2002-07-06 21:00:00
20020585,decay,2002-07-07 00:00:00,2002-07-09 09:00:00
20020587,incipient,2002-07-05 18:00:00,2002-07-06 00:00:00
20020587,intensification,2002-07-06 03:00:00,2002-07-06 03:00:00
20020587,decay,2002-07-06 06:00:00,2002-07-06 15:00:00
20020587,intensification 2,2002-07-06 18:00:00,2002-07-07 15:00:00
20020608,incipient,2002-07-11 15:00:00,2002-07-11 18:00:00
20020608,intensification,2002-07-11 21:00:00,2002-07-12 09:00:00
20020608,mature,2002-07-12 12:00:00,2002-07-12 15:00:00
20020608,decay,2002-07-12 18:00:00,2002-07-13 03:00:00
20020611,incipient,2002-07-12 15:00:00,2002-07-12 21:00:00
20020611,intensification,2002-07-13 00:00:00,2002-07-14 18:00:00
20020611,mature,2002-07-14 21:00:00,2002-07-15 06:00:00
20020611,decay,2002-07-15 09:00:00,2002-07-16 15:00:00
20020611,intensification 2,2002-07-16 18:00:00,2002-07-18 06:00:00
20020611,mature 2,2002-07-18 09:00:00,2002-07-18 15:00:00
20020611,decay 2,2002-07-18 18:00:00,2002-07-20 09:00:00
20020613,incipient,2002-07-12 18:00:00,2002-07-12 18:00:00
20020613,intensification,2002-07-12 21:00:00,2002-07-13 21:00:00
20020613,mature,2002-07-14 00:00:00,2002-07-14 03:00:00
20020613,decay,2002-07-14 06:00:00,2002-07-14 12:00:00
20020618,intensification,2002-07-14 03:00:00,2002-07-14 18:00:00
20020618,decay,2002-07-14 21:00:00,2002-07-15 09:00:00
20020624,incipient,2002-07-15 12:00:00,2002-07-16 00:00:00
20020624,intensification,2002-07-16 03:00:00,2002-07-18 12:00:00
20020624,mature,2002-07-18 15:00:00,2002-07-19 03:00:00
20020624,decay,2002-07-19 06:00:00,2002-07-20 06:00:00
20020624,intensification 2,2002-07-20 09:00:00,2002-07-22 06:00:00
20020624,mature 2,2002-07-22 09:00:00,2002-07-22 21:00:00
20020624,decay 2,2002-07-23 00:00:00,2002-07-25 12:00:00
20020630,decay,2002-07-17 12:00:00,2002-07-17 18:00:00
20020630,intensification,2002-07-17 21:00:00,2002-07-18 09:00:00
20020630,mature,2002-07-18 12:00:00,2002-07-18 15:00:00
20020630,decay 2,2002-07-18 18:00:00,2002-07-19 21:00:00
20020631,intensification,2002-07-17 15:00:00,2002-07-18 03:00:00
20020631,decay,2002-07-18 06:00:00,2002-07-19 00:00:00
20020646,incipient,2002-07-22 00:00:00,2002-07-22 06:00:00
20020646,intensification,2002-07-22 09:00:00,2002-07-23 00:00:00
20020646,mature,2002-07-23 03:00:00,2002-07-23 09:00:00
20020646,decay,2002-07-23 12:00:00,2002-07-24 21:00:00
20020650,incipient,2002-07-22 09:00:00,2002-07-22 09:00:00
20020650,intensification,2002-07-22 12:00:00,2002-07-23 03:00:00
20020650,mature,2002-07-23 06:00:00,2002-07-23 09:00:00
20020650,decay,2002-07-23 12:00:00,2002-07-25 03:00:00
20020659,incipient,2002-07-24 15:00:00,2002-07-24 21:00:00
20020659,intensification,2002-07-25 00:00:00,2002-07-25 21:00:00
20020659,mature,2002-07-26 00:00:00,2002-07-26 06:00:00
20020659,decay,2002-07-26 09:00:00,2002-07-27 21:00:00
20020671,intensification,2002-07-28 09:00:00,2002-07-28 09:00:00
20020671,decay,2002-07-28 12:00:00,2002-07-29 09:00:00
20020688,incipient,2002-08-03 03:00:00,2002-08-03 18:00:00
20020688,intensification,2002-08-03 21:00:00,2002-08-06 09:00:00
20020688,mature,2002-08-06 12:00:00,2002-08-07 03:00:00
20020688,decay,2002-08-07 06:00:00,2002-08-09 09:00:00
20020708,intensification,2002-08-10 03:00:00,2002-08-11 15:00:00
20030011,intensification,2003-01-04 00:00:00,2003-01-04 15:00:00
20030011,mature,2003-01-04 18:00:00,2003-01-04 21:00:00
20030011,decay,2003-01-05 00:00:00,2003-01-06 03:00:00
20030011,residual,2003-01-06 06:00:00,2003-01-07 15:00:00
20030016,incipient,2003-01-05 15:00:00,2003-01-05 15:00:00
20030016,intensification,2003-01-05 18:00:00,2003-01-07 15:00:00
20030016,mature,2003-01-07 18:00:00,2003-01-08 21:00:00
20030016,decay,2003-01-09 00:00:00,2003-01-15 21:00:00
20030021,intensification,2003-01-06 15:00:00,2003-01-07 18:00:00
20030024,intensification,2003-01-08 03:00:00,2003-01-08 09:00:00
20030024,decay,2003-01-08 12:00:00,2003-01-09 06:00:00
20030024,residual,2003-01-09 09:00:00,2003-01-09 09:00:00
20030029,incipient,2003-01-10 12:00:00,2003-01-10 15:00:00
20030029,intensification,2003-01-10 18:00:00,2003-01-11 15:00:00
20030029,mature,2003-01-11 18:00:00,2003-01-11 21:00:00
20030029,decay,2003-01-12 00:00:00,2003-01-12 12:00:00
20030030,incipient,2003-01-10 18:00:00,2003-01-10 21:00:00
20030030,intensification,2003-01-11 00:00:00,2003-01-12 06:00:00
20030030,mature,2003-01-12 09:00:00,2003-01-12 21:00:00
20030030,decay,2003-01-13 00:00:00,2003-01-15 18:00:00
20030035,incipient,2003-01-12 09:00:00,2003-01-12 15:00:00
20030035,intensification,2003-01-12 18:00:00,2003-01-13 12:00:00
20030035,mature,2003-01-13 15:00:00,2003-01-13 18:00:00
20030035,decay,2003-01-13 21:00:00,2003-01-14 12:00:00
20030038,incipient,2003-01-13 18:00:00,2003-01-15 00:00:00
20030038,decay,2003-01-15 03:00:00,2003-01-15 18:00:00
20030038,intensification,2003-01-15 21:00:00,2003-01-16 12:00:00
20030038,mature,2003-01-16 15:00:00,2003-01-16 21:00:00
20030038,decay 2,2003-01-17 00:00:00,2003-01-18 00:00:00
20030041,incipient,2003-01-15 09:00:00,2003-01-17 06:00:00
20030041,decay,2003-01-17 09:00:00,2003-01-17 09:00:00
20030041,intensification,2003-01-17 12:00:00,2003-01-19 06:00:00
20030041,mature,2003-01-19 09:00:00,2003-01-19 18:00:00
20030041,decay 2,2003-01-19 21:00:00,2003-01-21 03:00:00
20030044,incipient,2003-01-16 15:00:00,2003-01-16 18:00:00
20030044,intensification,2003-01-16 21:00:00,2003-01-17 15:00:00
20030044,mature,2003-01-17 18:00:00,2003-01-18 00:00:00
20030044,decay,2003-01-18 03:00:00,2003-01-19 00:00:00
20030046,incipient,2003-01-17 09:00:00,2003-01-17 12:00:00
20030046,intensification,2003-01-17 15:00:00,2003-01-18 09:00:00
20030046,mature,2003-01-18 12:00:00,2003-01-18 15:00:00
20030046,decay,2003-01-18 18:00:00,2003-01-18 21:00:00
20030049,intensification,2003-01-18 06:00:00,2003-01-18 15:00:00
20030049,decay,2003-01-18 18:00:00,2003-01-19 09:00:00
20030053,intensification,2003-01-19 03:00:00,2003-01-20 00:00:00
20030053,mature,2003-01-20 03:00:00,2003-01-20 12:00:00
20030053,decay,2003-01-20 15:00:00,2003-01-22 09:00:00
20030053,residual,2003-01-22 12:00:00,2003-01-24 03:00:00
20030057,incipient,2003-01-21 09:00:00,2003-01-21 12:00:00
20030057,intensification,2003-01-21 15:00:00,2003-01-22 21:00:00
20030057,mature,2003-01-23 00:00:00,2003-01-23 06:00:00
20030057,decay,2003-01-23 09:00:00,2003-01-25 00:00:00
20030063,incipient,2003-01-23 12:00:00,2003-01-23 18:00:00
20030063,intensification,2003-01-23 21:00:00,2003-01-24 21:00:00
20030063,mature,2003-01-25 00:00:00,2003-01-25 09:00:00
20030063,decay,2003-01-25 12:00:00,2003-01-27 09:00:00
20030066,intensification,2003-01-23 18:00:00,2003-01-23 18:00:00
20030066,decay,2003-01-23 21:00:00,2003-01-24 15:00:00
20030067,incipient,2003-01-24 03:00:00,2003-01-24 03:00:00
20030067,decay,2003-01-24 06:00:00,2003-01-25 12:00:00
20030067,intensification,2003-01-25 15:00:00,2003-01-30 12:00:00
20030067,mature,2003-01-30 15:00:00,2003-01-31 06:00:00
20030067,decay 2,2003-01-31 09:00:00,2003-01-31 21:00:00
20030072,intensification,2003-01-26 12:00:00,2003-01-28 09:00:00
20030076,incipient,2003-01-28 00:00:00,2003-01-28 00:00:00
20030076,intensification,2003-01-28 03:00:00,2003-01-29 03:00:00
20030076,mature,2003-01-29 06:00:00,2003-01-29 18:00:00
20030076,decay,2003-01-29 21:00:00,2003-02-01 21:00:00
20030077,intensification,2003-01-28 06:00:00,2003-01-28 18:00:00
20030077,decay,2003-01-28 21:00:00,2003-01-29 15:00:00
20030081,decay,2003-02-01 00:00:00,2003-02-01 09:00:00
20030081,intensification,2003-02-01 12:00:00,2003-02-01 15:00:00
20030081,decay 2,2003-02-01 18:00:00,2003-02-02 03:00:00
20030086,incipient,2003-02-01 06:00:00,2003-02-01 15:00:00
20030086,intensification,2003-02-01 18:00:00,2003-02-03 00:00:00
20030086,mature,2003-02-03 03:00:00,2003-02-03 12:00:00
20030086,decay,2003-02-03 15:00:00,2003-02-04 09:00:00
20030090,incipient,2003-02-03 12:00:00,2003-02-04 09:00:00
20030090,intensification,2003-02-04 12:00:00,2003-02-06 09:00:00
20030090,mature,2003-02-06 12:00:00,2003-02-07 00:00:00
20030090,decay,2003-02-07 03:00:00,2003-02-08 12:00:00
20030097,incipient,2003-02-06 03:00:00,2003-02-06 09:00:00
20030097,decay,2003-02-06 12:00:00,2003-02-06 18:00:00
20030097,intensification,2003-02-06 21:00:00,2003-02-06 21:00:00
20030097,decay 2,2003-02-07 00:00:00,2003-02-07 09:00:00
20030098,intensification,2003-02-06 06:00:00,2003-02-06 15:00:00
20030098,decay,2003-02-06 18:00:00,2003-02-07 12:00:00
20030099,incipient,2003-02-06 09:00:00,2003-02-06 21:00:00
20030099,intensification,2003-02-07 00:00:00,2003-02-08 06:00:00
20030099,mature,2003-02-08 09:00:00,2003-02-08 15:00:00
20030099,decay,2003-02-08 18:00:00,2003-02-09 09:00:00
20030105,incipient,2003-02-08 12:00:00,2003-02-08 18:00:00
20030105,decay,2003-02-08 21:00:00,2003-02-09 03:00:00
20030105,intensification,2003-02-09 06:00:00,2003-02-10 21:00:00
20030110,incipient,2003-02-10 12:00:00,2003-02-10 21:00:00
20030110,intensification,2003-02-11 00:00:00,2003-02-14 09:00:00
20030110,mature,2003-02-14 12:00:00,2003-02-15 03:00:00
20030110,decay,2003-02-15 06:00:00,2003-02-16 18:00:00
20030116,intensification,2003-02-11 00:00:00,2003-02-12 12:00:00
20030116,mature,2003-02-12 15:00:00,2003-02-13 09:00:00
20030116,decay,2003-02-13 12:00:00,2003-02-18 03:00:00
20030118,incipient,2003-02-11 09:00:00,2003-02-11 12:00:00
20030118,intensification,2003-02-11 15:00:00,2003-02-12 15:00:00
20030118,mature,2003-02-12 18:00:00,2003-02-13 00:00:00
20030118,decay,2003-02-13 03:00:00,2003-02-14 18:00:00
20030124,incipient,2003-02-14 15:00:00,2003-02-14 18:00:00
20030124,intensification,2003-02-14 21:00:00,2003-02-15 12:00:00
20030124,mature,2003-02-15 15:00:00,2003-02-15 21:00:00
20030124,decay,2003-02-16 00:00:00,2003-02-17 03:00:00
20030132,intensification,2003-02-17 12:00:00,2003-02-17 18:00:00
20030132,mature,2003-02-17 21:00:00,2003-02-18 00:00:00
20030132,decay,2003-02-18 03:00:00,2003-02-18 21:00:00
20030134,incipient,2003-02-18 00:00:00,2003-02-18 03:00:00
20030134,decay,2003-02-18 06:00:00,2003-02-18 18:00:00
20030134,intensification,2003-02-18 21:00:00,2003-02-19 00:00:00
20030134,decay 2,2003-02-19 03:00:00,2003-02-19 09:00:00
20030170,incipient,2003-03-01 03:00:00,2003-03-01 09:00:00
20030170,intensification,2003-03-01 12:00:00,2003-03-02 18:00:00
20030170,mature,2003-03-02 21:00:00,2003-03-03 03:00:00
20030170,decay,2003-03-03 06:00:00,2003-03-04 12:00:00
20030176,incipient,2003-03-04 00:00:00,2003-03-04 09:00:00
20030176,intensification,2003-03-04 12:00:00,2003-03-04 12:00:00
20030176,decay,2003-03-04 15:00:00,2003-03-05 12:00:00
20030176,intensification 2,2003-03-05 15:00:00,2003-03-05 15:00:00
20030176,decay 2,2003-03-05 18:00:00,2003-03-06 00:00:00
20030187,decay,2003-03-06 12:00:00,2003-03-07 21:00:00
20030187,intensification,2003-03-08 00:00:00,2003-03-11 21:00:00
20030187,mature,2003-03-12 00:00:00,2003-03-12 15:00:00
20030187,decay 2,2003-03-12 18:00:00,2003-03-14 00:00:00
20030210,intensification,2003-03-12 15:00:00,2003-03-13 15:00:00
20030213,decay,2003-03-13 18:00:00,2003-03-16 12:00:00
20030216,decay,2003-03-14 06:00:00,2003-03-16 18:00:00
20030219,incipient,2003-03-16 03:00:00,2003-03-16 15:00:00
20030219,intensification,2003-03-16 18:00:00,2003-03-18 12:00:00
20030219,mature,2003-03-18 15:00:00,2003-03-19 03:00:00
20030219,decay,2003-03-19 06:00:00,2003-03-21 15:00:00
20030220,decay,2003-03-17 12:00:00,2003-03-17 18:00:00
20030220,intensification,2003-03-17 21:00:00,2003-03-18 06:00:00
20030220,decay 2,2003-03-18 09:00:00,2003-03-18 15:00:00
20030228,incipient,2003-03-20 15:00:00,2003-03-20 15:00:00
20030228,intensification,2003-03-20 18:00:00,2003-03-21 21:00:00
20030228,mature,2003-03-22 00:00:00,2003-03-22 06:00:00
20030228,decay,2003-03-22 09:00:00,2003-03-23 12:00:00
20030229,intensification,2003-03-21 03:00:00,2003-03-21 21:00:00
20030229,decay,2003-03-22 00:00:00,2003-03-22 21:00:00
20030230,incipient,2003-03-21 18:00:00,2003-03-22 00:00:00
20030230,intensification,2003-03-22 03:00:00,2003-03-23 06:00:00
20030230,mature,2003-03-23 09:00:00,2003-03-23 15:00:00
20030230,decay,2003-03-23 18:00:00,2003-03-24 15:00:00
20030236,intensification,2003-03-24 06:00:00,2003-03-24 18:00:00
20030236,decay,2003-03-24 21:00:00,2003-03-25 09:00:00
20030246,incipient,2003-03-26 12:00:00,2003-03-26 15:00:00
20030246,intensification,2003-03-26 18:00:00,2003-03-27 18:00:00
20030246,mature,2003-03-27 21:00:00,2003-03-28 09:00:00
20030246,decay,2003-03-28 12:00:00,2003-03-31 06:00:00
20030262,incipient,2003-03-31 06:00:00,2003-03-31 15:00:00
20030262,intensification,2003-03-31 18:00:00,2003-04-02 06:00:00
20030262,mature,2003-04-02 09:00:00,2003-04-02 21:00:00
20030262,decay,2003-04-03 00:00:00,2003-04-04 21:00:00
20030262,residual,2003-04-05 00:00:00,2003-04-05 03:00:00
20030267,incipient,2003-04-01 15:00:00,2003-04-01 18:00:00
20030267,intensification,2003-04-01 21:00:00,2003-04-02 09:00:00
20030267,mature,2003-04-02 12:00:00,2003-04-02 15:00:00
20030267,decay,2003-04-02 18:00:00,2003-04-03 09:00:00
20030284,intensification,2003-04-07 03:00:00,2003-04-08 12:00:00
20030284,residual,2003-04-08 15:00:00,2003-04-08 21:00:00
20030302,intensification,2003-04-13 03:00:00,2003-04-13 15:00:00
20030302,decay,2003-04-13 18:00:00,2003-04-14 06:00:00
20030319,incipient,2003-04-17 15:00:00,2003-04-17 21:00:00
20030319,intensification,2003-04-18 00:00:00,2003-04-20 03:00:00
20030319,mature,2003-04-20 06:00:00,2003-04-21 18:00:00
20030319,decay,2003-04-21 21:00:00,2003-04-30 21:00:00
20030330,intensification,2003-04-21 09:00:00,2003-04-23 03:00:00
20030330,mature,2003-04-23 06:00:00,2003-04-23 15:00:00
20030330,decay,2003-04-23 18:00:00,2003-04-24 21:00:00
20030338,incipient,2003-04-24 12:00:00,2003-04-24 18:00:00
20030338,intensification,2003-04-24 21:00:00,2003-04-26 18:00:00
20030338,mature,2003-04-26 21:00:00,2003-04-27 18:00:00
20030338,decay,2003-04-27 21:00:00,2003-05-02 03:00:00
20030355,incipient,2003-04-29 06:00:00,2003-04-29 06:00:00
20030355,intensification,2003-04-29 09:00:00,2003-05-03 09:00:00
20030355,mature,2003-05-03 12:00:00,2003-05-04 15:00:00
20030355,decay,2003-05-04 18:00:00,2003-05-09 00:00:00
20030361,intensification,2003-05-01 06:00:00,2003-05-01 21:00:00
20030361,decay,2003-05-02 00:00:00,2003-05-02 09:00:00
20030369,incipient,2003-05-03 03:00:00,2003-05-03 03:00:00
20030369,intensification,2003-05-03 06:00:00,2003-05-03 21:00:00
20030369,mature,2003-05-04 00:00:00,2003-05-04 03:00:00
20030369,decay,2003-05-04 06:00:00,2003-05-05 09:00:00
20030388,incipient,2003-05-07 00:00:00,2003-05-07 00:00:00
20030388,intensification,2003-05-07 03:00:00,2003-05-07 18:00:00
20030388,mature,2003-05-07 21:00:00,2003-05-08 00:00:00
20030388,decay,2003-05-08 03:00:00,2003-05-09 18:00:00
20030388,residual,2003-05-09 21:00:00,2003-05-10 00:00:00
20030392,incipient,2003-05-08 03:00:00,2003-05-08 15:00:00
20030392,intensification,2003-05-08 18:00:00,2003-05-09 18:00:00
20030392,mature,2003-05-09 21:00:00,2003-05-10 03:00:00
20030392,decay,2003-05-10 06:00:00,2003-05-10 21:00:00
20030396,incipient,2003-05-09 03:00:00,2003-05-09 21:00:00
20030396,intensification,2003-05-10 00:00:00,2003-05-13 12:00:00
20030396,mature,2003-05-13 15:00:00,2003-05-14 09:00:00
20030396,decay,2003-05-14 12:00:00,2003-05-15 15:00:00
20030415,decay,2003-05-15 12:00:00,2003-05-15 21:00:00
20030415,intensification,2003-05-16 00:00:00,2003-05-17 12:00:00
20030415,mature,2003-05-17 15:00:00,2003-05-17 18:00:00
20030415,decay 2,2003-05-17 21:00:00,2003-05-18 09:00:00
20030426,incipient,2003-05-18 09:00:00,2003-05-19 03:00:00
20030426,intensification,2003-05-19 06:00:00,2003-05-20 21:00:00
20030426,mature,2003-05-21 00:00:00,2003-05-21 09:00:00
20030426,decay,2003-05-21 12:00:00,2003-05-22 18:00:00
20030426,residual,2003-05-22 21:00:00,2003-05-22 21:00:00
20030427,incipient,2003-05-18 12:00:00,2003-05-18 15:00:00
20030427,intensification,2003-05-18 18:00:00,2003-05-20 12:00:00
20030427,mature,2003-05-20 15:00:00,2003-05-21 03:00:00
20030427,decay,2003-05-21 06:00:00,2003-05-23 12:00:00
20030427,intensification 2,2003-05-23 15:00:00,2003-05-24 21:00:00
20030427,mature 2,2003-05-25 00:00:00,2003-05-25 06:00:00
20030427,decay 2,2003-05-25 09:00:00,2003-05-26 09:00:00
20030452,incipient,2003-05-25 12:00:00,2003-05-25 12:00:00
20030452,intensification,2003-05-25 15:00:00,2003-05-26 09:00:00
20030452,mature,2003-05-26 12:00:00,2003-05-26 18:00:00
20030452,decay,2003-05-26 21:00:00,2003-05-28 09:00:00
20030456,incipient,2003-05-27 09:00:00,2003-05-27 12:00:00
20030456,intensification,2003-05-27 15:00:00,2003-05-29 09:00:00
20030456,mature,2003-05-29 12:00:00,2003-05-29 21:00:00
20030456,decay,2003-05-30 00:00:00,2003-05-31 09:00:00
20030464,incipient,2003-05-30 00:00:00,2003-05-30 00:00:00
20030464,intensification,2003-05-30 03:00:00,2003-05-31 03:00:00
20030464,mature,2003-05-31 06:00:00,2003-05-31 18:00:00
20030464,decay,2003-05-31 21:00:00,2003-06-03 12:00:00
20030472,incipient,2003-06-01 12:00:00,2003-06-02 00:00:00
20030472,intensification,2003-06-02 03:00:00,2003-06-03 18:00:00
20030472,mature,2003-06-03 21:00:00,2003-06-04 09:00:00
20030472,decay,2003-06-04 12:00:00,2003-06-06 06:00:00
20030478,incipient,2003-06-02 06:00:00,2003-06-02 09:00:00
20030478,intensification,2003-06-02 12:00:00,2003-06-03 00:00:00
20030478,mature,2003-06-03 03:00:00,2003-06-03 09:00:00
20030478,decay,2003-06-03 12:00:00,2003-06-04 09:00:00
20030478,residual,2003-06-04 12:00:00,2003-06-05 09:00:00
20030479,decay,2003-06-02 18:00:00,2003-06-02 21:00:00
20030479,intensification,2003-06-03 00:00:00,2003-06-03 06:00:00
20030479,decay 2,2003-06-03 09:00:00,2003-06-03 15:00:00
20030484,incipient,2003-06-04 15:00:00,2003-06-04 18:00:00
20030484,decay,2003-06-04 21:00:00,2003-06-05 15:00:00
20030484,intensification,2003-06-05 18:00:00,2003-06-06 12:00:00
20030484,mature,2003-06-06 15:00:00,2003-06-06 21:00:00
20030484,decay 2,2003-06-07 00:00:00,2003-06-08 06:00:00
20030486,incipient,2003-06-04 18:00:00,2003-06-04 18:00:00
20030486,intensification,2003-06-04 21:00:00,2003-06-05 12:00:00
20030486,mature,2003-06-05 15:00:00,2003-06-05 18:00:00
20030486,decay,2003-06-05 21:00:00,2003-06-07 03:00:00
20030495,intensification,2003-06-06 15:00:00,2003-06-07 09:00:00
20030495,mature,2003-06-07 12:00:00,2003-06-07 18:00:00
20030495,decay,2003-06-07 21:00:00,2003-06-08 18:00:00
20030495,intensification 2,2003-06-08 21:00:00,2003-06-09 03:00:00
20030495,mature 2,2003-06-09 06:00:00,2003-06-09 09:00:00
20030495,decay 2,2003-06-09 12:00:00,2003-06-10 15:00:00
20030509,incipient,2003-06-10 12:00:00,2003-06-10 18:00:00
20030509,intensification,2003-06-10 21:00:00,2003-06-12 12:00:00
20030509,mature,2003-06-12 15:00:00,2003-06-13 03:00:00
20030509,decay,2003-06-13 06:00:00,2003-06-15 06:00:00
20030509,intensification 2,2003-06-15 09:00:00,2003-06-16 06:00:00
20030509,mature 2,2003-06-16 09:00:00,2003-06-16 21:00:00
20030509,decay 2,2003-06-17 00:00:00,2003-06-19 12:00:00
20030513,incipient,2003-06-12 12:00:00,2003-06-12 12:00:00
20030513,intensification,2003-06-12 15:00:00,2003-06-13 06:00:00
20030513,mature,2003-06-13 09:00:00,2003-06-13 15:00:00
20030513,decay,2003-06-13 18:00:00,2003-06-15 18:00:00
20030521,incipient,2003-06-15 00:00:00,2003-06-15 00:00:00
20030521,intensification,2003-06-15 03:00:00,2003-06-16 03:00:00
20030521,mature,2003-06-16 06:00:00,2003-06-16 12:00:00
20030521,decay,2003-06-16 15:00:00,2003-06-18 00:00:00
20030527,incipient,2003-06-17 09:00:00,2003-06-18 00:00:00
20030527,intensification,2003-06-18 03:00:00,2003-06-20 00:00:00
20030527,mature,2003-06-20 03:00:00,2003-06-20 15:00:00
20030527,decay,2003-06-20 18:00:00,2003-06-22 03:00:00
20030546,incipient,2003-06-21 12:00:00,2003-06-21 21:00:00
20030546,intensification,2003-06-22 00:00:00,2003-06-23 03:00:00
20030546,mature,2003-06-23 06:00:00,2003-06-23 09:00:00
20030546,decay,2003-06-23 12:00:00,2003-06-24 06:00:00
20030548,intensification,2003-06-22 00:00:00,2003-06-22 09:00:00
20030548,mature,2003-06-22 12:00:00,2003-06-22 15:00:00
20030548,decay,2003-06-22 18:00:00,2003-06-23 12:00:00
20030548,residual,2003-06-23 15:00:00,2003-06-24 06:00:00
20030552,incipient,2003-06-24 00:00:00,2003-06-24 15:00:00
20030552,intensification,2003-06-24 18:00:00,2003-06-26 09:00:00
20030552,mature,2003-06-26 12:00:00,2003-06-27 00:00:00
20030552,decay,2003-06-27 03:00:00,2003-06-29 06:00:00
20030564,incipient,2003-06-27 09:00:00,2003-06-27 15:00:00
20030564,intensification,2003-06-27 18:00:00,2003-06-27 18:00:00
20030564,decay,2003-06-27 21:00:00,2003-06-28 03:00:00
20030564,intensification 2,2003-06-28 06:00:00,2003-06-28 12:00:00
20030570,incipient,2003-06-28 12:00:00,2003-06-28 15:00:00
20030570,decay,2003-06-28 18:00:00,2003-06-29 15:00:00
20030570,intensification,2003-06-29 18:00:00,2003-06-30 06:00:00
20030570,mature,2003-06-30 09:00:00,2003-06-30 12:00:00
20030570,decay 2,2003-06-30 15:00:00,2003-07-01 18:00:00
20030572,decay,2003-06-29 00:00:00,2003-06-29 15:00:00
20030572,intensification,2003-06-29 18:00:00,2003-07-01 21:00:00
20030572,mature,2003-07-02 00:00:00,2003-07-02 09:00:00
20030572,decay 2,2003-07-02 12:00:00,2003-07-04 00:00:00
20030573,incipient,2003-06-29 00:00:00,2003-06-29 15:00:00
20030573,intensification,2003-06-29 18:00:00,2003-07-01 12:00:00
20030573,mature,2003-07-01 15:00:00,2003-07-02 06:00:00
20030573,decay,2003-07-02 09:00:00,2003-07-04 03:00:00
20030575,incipient,2003-06-29 12:00:00,2003-06-29 12:00:00
20030575,intensification,2003-06-29 15:00:00,2003-06-30 18:00:00
20030575,mature,2003-06-30 21:00:00,2003-07-01 00:00:00
20030575,decay,2003-07-01 03:00:00,2003-07-01 18:00:00
20030577,incipient,2003-06-30 18:00:00,2003-06-30 21:00:00
20030577,intensification,2003-07-01 00:00:00,2003-07-02 12:00:00
20030577,mature,2003-07-02 15:00:00,2003-07-03 03:00:00
20030577,decay,2003-07-03 06:00:00,2003-07-05 09:00:00
20030577,intensification 2,2003-07-05 12:00:00,2003-07-06 12:00:00
20030577,mature 2,2003-07-06 15:00:00,2003-07-07 00:00:00
20030577,decay 2,2003-07-07 03:00:00,2003-07-09 00:00:00
20030600,incipient,2003-07-07 15:00:00,2003-07-07 21:00:00
20030600,intensification,2003-07-08 00:00:00,2003-07-09 00:00:00
20030600,mature,2003-07-09 03:00:00,2003-07-09 09:00:00
20030600,decay,2003-07-09 12:00:00,2003-07-11 03:00:00
20030625,incipient,2003-07-13 15:00:00,2003-07-13 21:00:00
20030625,intensification,2003-07-14 00:00:00,2003-07-15 00:00:00
20030625,mature,2003-07-15 03:00:00,2003-07-15 09:00:00
20030625,decay,2003-07-15 12:00:00,2003-07-16 09:00:00
20030629,incipient,2003-07-14 12:00:00,2003-07-14 18:00:00
20030629,intensification,2003-07-14 21:00:00,2003-07-16 15:00:00
20030629,mature,2003-07-16 18:00:00,2003-07-17 15:00:00
20030629,decay,2003-07-17 18:00:00,2003-07-22 06:00:00
20030646,incipient,2003-07-17 15:00:00,2003-07-17 21:00:00
20030646,intensification,2003-07-18 00:00:00,2003-07-18 03:00:00
20030646,decay,2003-07-18 06:00:00,2003-07-18 12:00:00
20030646,intensification 2,2003-07-18 15:00:00,2003-07-20 00:00:00
20030653,incipient,2003-07-19 12:00:00,2003-07-19 18:00:00
20030653,intensification,2003-07-19 21:00:00,2003-07-20 21:00:00
20030653,mature,2003-07-21 00:00:00,2003-07-21 06:00:00
20030653,decay,2003-07-21 09:00:00,2003-07-23 00:00:00
20030665,incipient,2003-07-22 15:00:00,2003-07-22 21:00:00
20030665,intensification,2003-07-23 00:00:00,2003-07-23 09:00:00
20030665,mature,2003-07-23 12:00:00,2003-07-23 15:00:00
20030665,decay,2003-07-23 18:00:00,2003-07-24 09:00:00
20030668,decay,2003-07-23 00:00:00,2003-07-23 06:00:00
20030668,intensification,2003-07-23 09:00:00,2003-07-24 06:00:00
20030668,mature,2003-07-24 09:00:00,2003-07-24 15:00:00
20030668,decay 2,2003-07-24 18:00:00,2003-07-25 12:00:00
20030676,decay,2003-07-25 00:00:00,2003-07-25 21:00:00
20030677,intensification,2003-07-25 18:00:00,2003-07-26 06:00:00
20030677,decay,2003-07-26 09:00:00,2003-07-26 21:00:00
20030677,residual,2003-07-27 00:00:00,2003-07-27 00:00:00
20030685,incipient,2003-07-28 15:00:00,2003-07-29 06:00:00
20030685,intensification,2003-07-29 09:00:00,2003-07-31 06:00:00
20030685,mature,2003-07-31 09:00:00,2003-08-01 00:00:00
20030685,decay,2003-08-01 03:00:00,2003-08-03 00:00:00
20030691,decay,2003-07-31 06:00:00,2003-07-31 12:00:00
20030691,intensification,2003-07-31 15:00:00,2003-08-02 00:00:00
20030691,mature,2003-08-02 03:00:00,2003-08-02 09:00:00
20030691,decay 2,2003-08-02 12:00:00,2003-08-03 09:00:00
20030707,incipient,2003-08-04 18:00:00,2003-08-04 18:00:00
20030707,intensification,2003-08-04 21:00:00,2003-08-06 09:00:00
20030707,mature,2003-08-06 12:00:00,2003-08-07 03:00:00
20030707,decay,2003-08-07 06:00:00,2003-08-13 12:00:00
20030716,incipient,2003-08-07 12:00:00,2003-08-07 15:00:00
20030716,intensification,2003-08-07 18:00:00,2003-08-08 06:00:00
20030716,mature,2003-08-08 09:00:00,2003-08-08 12:00:00
20030716,decay,2003-08-08 15:00:00,2003-08-08 21:00:00
20030727,incipient,2003-08-10 06:00:00,2003-08-10 18:00:00
20030727,intensification,2003-08-10 21:00:00,2003-08-12 00:00:00
20030727,mature,2003-08-12 03:00:00,2003-08-12 09:00:00
20030727,decay,2003-08-12 12:00:00,2003-08-13 03:00:00
20030729,incipient,2003-08-11 12:00:00,2003-08-12 06:00:00
20030729,intensification,2003-08-12 09:00:00,2003-08-14 09:00:00
20030729,mature,2003-08-14 12:00:00,2003-08-15 00:00:00
20030729,decay,2003-08-15 03:00:00,2003-08-16 00:00:00
20040002,incipient,2004-01-01 12:00:00,2004-01-01 18:00:00
20040002,intensification,2004-01-01 21:00:00,2004-01-02 12:00:00
20040002,mature,2004-01-02 15:00:00,2004-01-02 18:00:00
20040002,decay,2004-01-02 21:00:00,2004-01-03 06:00:00
20040003,incipient,2004-01-01 12:00:00,2004-01-01 18:00:00
20040003,intensification,2004-01-01 21:00:00,2004-01-05 06:00:00
20040003,mature,2004-01-05 09:00:00,2004-01-06 00:00:00
20040003,decay,2004-01-06 03:00:00,2004-01-07 15:00:00
20040020,incipient,2004-01-09 00:00:00,2004-01-09 21:00:00
20040020,intensification,2004-01-10 00:00:00,2004-01-11 12:00:00
20040020,mature,2004-01-11 15:00:00,2004-01-12 00:00:00
20040020,decay,2004-01-12 03:00:00,2004-01-13 03:00:00
20040035,incipient,2004-01-13 06:00:00,2004-01-13 12:00:00
20040035,intensification,2004-01-13 15:00:00,2004-01-13 18:00:00
20040035,decay,2004-01-13 21:00:00,2004-01-14 03:00:00
20040035,intensification 2,2004-01-14 06:00:00,2004-01-15 00:00:00
20040038,intensification,2004-01-14 15:00:00,2004-01-14 21:00:00
20040038,decay,2004-01-15 00:00:00,2004-01-15 21:00:00
20040054,incipient,2004-01-20 12:00:00,2004-01-20 18:00:00
20040054,intensification,2004-01-20 21:00:00,2004-01-22 06:00:00
20040054,mature,2004-01-22 09:00:00,2004-01-22 21:00:00
20040054,decay,2004-01-23 00:00:00,2004-01-25 09:00:00
20040067,incipient,2004-01-24 15:00:00,2004-01-24 21:00:00
20040067,intensification,2004-01-25 00:00:00,2004-01-26 03:00:00
20040067,mature,2004-01-26 06:00:00,2004-01-26 12:00:00
20040067,decay,2004-01-26 15:00:00,2004-01-27 15:00:00
20040071,incipient,2004-01-26 00:00:00,2004-01-26 06:00:00
20040071,intensification,2004-01-26 09:00:00,2004-01-27 12:00:00
20040071,mature,2004-01-27 15:00:00,2004-01-28 00:00:00
20040071,decay,2004-01-28 03:00:00,2004-01-30 09:00:00
20040075,incipient,2004-01-27 09:00:00,2004-01-28 18:00:00
20040075,intensification,2004-01-28 21:00:00,2004-01-31 09:00:00
20040075,mature,2004-01-31 12:00:00,2004-02-01 06:00:00
20040075,decay,2004-02-01 09:00:00,2004-02-03 03:00:00
20040090,incipient,2004-02-03 00:00:00,2004-02-03 00:00:00
20040090,intensification,2004-02-03 03:00:00,2004-02-03 18:00:00
20040090,mature,2004-02-03 21:00:00,2004-02-04 06:00:00
20040090,decay,2004-02-04 09:00:00,2004-02-06 00:00:00
20040092,incipient,2004-02-03 06:00:00,2004-02-03 09:00:00
20040092,decay,2004-02-03 12:00:00,2004-02-04 06:00:00
20040092,intensification,2004-02-04 09:00:00,2004-02-05 21:00:00
20040092,mature,2004-02-06 00:00:00,2004-02-06 03:00:00
20040092,decay 2,2004-02-06 06:00:00,2004-02-06 15:00:00
20040100,incipient,2004-02-06 12:00:00,2004-02-06 15:00:00
20040100,intensification,2004-02-06 18:00:00,2004-02-07 12:00:00
20040100,mature,2004-02-07 15:00:00,2004-02-08 00:00:00
20040100,decay,2004-02-08 03:00:00,2004-02-09 21:00:00
20040105,incipient,2004-02-08 09:00:00,2004-02-09 00:00:00
20040105,intensification,2004-02-09 03:00:00,2004-02-11 03:00:00
20040105,mature,2004-02-11 06:00:00,2004-02-12 00:00:00
20040105,decay,2004-02-12 03:00:00,2004-02-14 21:00:00
20040116,incipient,2004-02-12 06:00:00,2004-02-12 06:00:00
20040116,intensification,2004-02-12 09:00:00,2004-02-16 09:00:00
20040137,incipient,2004-02-18 03:00:00,2004-02-18 09:00:00
20040137,intensification,2004-02-18 12:00:00,2004-02-20 03:00:00
20040137,mature,2004-02-20 06:00:00,2004-02-20 18:00:00
20040137,decay,2004-02-20 21:00:00,2004-02-23 00:00:00
20040137,intensification 2,2004-02-23 03:00:00,2004-02-24 18:00:00
20040137,mature 2,2004-02-24 21:00:00,2004-02-25 06:00:00
20040137,decay 2,2004-02-25 09:00:00,2004-02-27 00:00:00
20040137,residual,2004-02-27 03:00:00,2004-02-28 00:00:00
20040144,incipient,2004-02-20 00:00:00,2004-02-20 03:00:00
20040144,intensification,2004-02-20 06:00:00,2004-02-20 18:00:00
20040144,mature,2004-02-20 21:00:00,2004-02-21 00:00:00
20040144,decay,2004-02-21 03:00:00,2004-02-22 06:00:00
20040153,incipient,2004-02-26 12:00:00,2004-02-26 12:00:00
20040153,intensification,2004-02-26 15:00:00,2004-02-27 06:00:00
20040153,mature,2004-02-27 09:00:00,2004-02-27 12:00:00
20040153,decay,2004-02-27 15:00:00,2004-02-28 18:00:00
20040153,residual,2004-02-28 21:00:00,2004-02-29 06:00:00
20040155,incipient,2004-02-27 12:00:00,2004-02-27 18:00:00
20040155,decay,2004-02-27 21:00:00,2004-02-28 06:00:00
20040155,intensification,2004-02-28 09:00:00,2004-02-28 12:00:00
20040159,incipient,2004-02-28 12:00:00,2004-02-28 21:00:00
20040159,intensification,2004-02-29 00:00:00,2004-03-01 09:00:00
20040159,mature,2004-03-01 12:00:00,2004-03-02 00:00:00
20040159,decay,2004-03-02 03:00:00,2004-03-04 06:00:00
20040164,intensification,2004-03-01 15:00:00,2004-03-02 00:00:00
20040164,decay,2004-03-02 03:00:00,2004-03-02 15:00:00
20040167,incipient,2004-03-02 06:00:00,2004-03-02 15:00:00
20040167,intensification,2004-03-02 18:00:00,2004-03-03 21:00:00
20040167,mature,2004-03-04 00:00:00,2004-03-04 06:00:00
20040167,decay,2004-03-04 09:00:00,2004-03-06 00:00:00
20040181,incipient,2004-03-08 00:00:00,2004-03-08 15:00:00
20040181,intensification,2004-03-08 18:00:00,2004-03-08 18:00:00
20040181,decay,2004-03-08 21:00:00,2004-03-09 18:00:00
20040181,intensification 2,2004-03-09 21:00:00,2004-03-10 03:00:00
20040181,mature,2004-03-10 06:00:00,2004-03-10 09:00:00
20040181,decay 2,2004-03-10 12:00:00,2004-03-11 06:00:00
20040184,decay,2004-03-09 18:00:00,2004-03-10 03:00:00
20040184,intensification,2004-03-10 06:00:00,2004-03-10 09:00:00
20040184,decay 2,2004-03-10 12:00:00,2004-03-10 15:00:00
20040199,incipient,2004-03-13 06:00:00,2004-03-13 15:00:00
20040199,intensification,2004-03-13 18:00:00,2004-03-18 00:00:00
20040199,mature,2004-03-18 03:00:00,2004-03-18 21:00:00
20040199,decay,2004-03-19 00:00:00,2004-03-20 09:00:00
20040201,incipient,2004-03-15 00:00:00,2004-03-15 03:00:00
20040201,intensification,2004-03-15 06:00:00,2004-03-16 21:00:00
20040201,mature,2004-03-17 00:00:00,2004-03-17 21:00:00
20040201,decay,2004-03-18 00:00:00,2004-03-22 09:00:00
20040205,incipient,2004-03-16 15:00:00,2004-03-16 18:00:00
20040205,intensification,2004-03-16 21:00:00,2004-03-17 18:00:00
20040205,mature,2004-03-17 21:00:00,2004-03-18 06:00:00
20040205,decay,2004-03-18 09:00:00,2004-03-20 09:00:00
20040217,incipient,2004-03-20 06:00:00,2004-03-20 12:00:00
20040217,intensification,2004-03-20 15:00:00,2004-03-21 09:00:00
20040217,mature,2004-03-21 12:00:00,2004-03-21 15:00:00
20040217,decay,2004-03-21 18:00:00,2004-03-22 09:00:00
20040230,incipient,2004-03-24 06:00:00,2004-03-24 12:00:00
20040230,intensification,2004-03-24 15:00:00,2004-03-28 09:00:00
20040230,mature,2004-03-28 12:00:00,2004-03-29 03:00:00
20040230,decay,2004-03-29 06:00:00,2004-03-30 06:00:00
20040235,incipient,2004-03-26 18:00:00,2004-03-26 21:00:00
20040235,intensification,2004-03-27 00:00:00,2004-03-27 12:00:00
20040235,mature,2004-03-27 15:00:00,2004-03-27 21:00:00
20040235,decay,2004-03-28 00:00:00,2004-03-29 00:00:00
20040242,incipient,2004-03-29 03:00:00,2004-03-29 06:00:00
20040242,intensification,2004-03-29 09:00:00,2004-03-30 15:00:00
20040242,mature,2004-03-30 18:00:00,2004-03-31 15:00:00
20040242,decay,2004-03-31 18:00:00,2004-04-06 06:00:00
20040248,incipient,2004-03-31 09:00:00,2004-03-31 15:00:00
20040248,intensification,2004-03-31 18:00:00,2004-04-02 03:00:00
20040248,mature,2004-04-02 06:00:00,2004-04-02 21:00:00
20040248,decay,2004-04-03 00:00:00,2004-04-05 15:00:00
20040263,incipient,2004-04-05 06:00:00,2004-04-05 12:00:00
20040263,intensification,2004-04-05 15:00:00,2004-04-06 00:00:00
20040263,mature,2004-04-06 03:00:00,2004-04-06 06:00:00
20040263,decay,2004-04-06 09:00:00,2004-04-06 21:00:00
20040282,intensification,2004-04-10 12:00:00,2004-04-10 18:00:00
20040282,mature,2004-04-10 21:00:00,2004-04-11 00:00:00
20040282,decay,2004-04-11 03:00:00,2004-04-12 00:00:00
20040307,incipient,2004-04-17 06:00:00,2004-04-17 12:00:00
20040307,intensification,2004-04-17 15:00:00,2004-04-19 00:00:00
20040307,mature,2004-04-19 03:00:00,2004-04-19 21:00:00
20040307,decay,2004-04-20 00:00:00,2004-04-23 12:00:00
20040312,intensification,2004-04-19 12:00:00,2004-04-20 21:00:00
20040339,decay,2004-04-30 03:00:00,2004-04-30 15:00:00
20040339,intensification,2004-04-30 18:00:00,2004-05-01 00:00:00
20040339,decay 2,2004-05-01 03:00:00,2004-05-02 00:00:00
20040347,incipient,2004-05-01 15:00:00,2004-05-02 12:00:00
20040347,intensification,2004-05-02 15:00:00,2004-05-04 12:00:00
20040347,mature,2004-05-04 15:00:00,2004-05-05 03:00:00
20040347,decay,2004-05-05 06:00:00,2004-05-06 18:00:00
20040358,decay,2004-05-04 15:00:00,2004-05-05 15:00:00
20040358,intensification,2004-05-05 18:00:00,2004-05-08 09:00:00
20040358,mature,2004-05-08 12:00:00,2004-05-09 12:00:00
20040358,decay 2,2004-05-09 15:00:00,2004-05-14 03:00:00
20040366,incipient,2004-05-06 18:00:00,2004-05-07 00:00:00
20040366,intensification,2004-05-07 03:00:00,2004-05-08 21:00:00
20040366,mature,2004-05-09 00:00:00,2004-05-09 15:00:00
20040366,decay,2004-05-09 18:00:00,2004-05-15 00:00:00
20040372,incipient,2004-05-08 15:00:00,2004-05-08 21:00:00
20040372,intensification,2004-05-09 00:00:00,2004-05-09 21:00:00
20040372,mature,2004-05-10 00:00:00,2004-05-10 09:00:00
20040372,decay,2004-05-10 12:00:00,2004-05-12 03:00:00
20040382,incipient,2004-05-12 00:00:00,2004-05-12 03:00:00
20040382,intensification,2004-05-12 06:00:00,2004-05-13 00:00:00
20040382,mature,2004-05-13 03:00:00,2004-05-13 06:00:00
20040382,decay,2004-05-13 09:00:00,2004-05-13 21:00:00
20040382,residual,2004-05-14 00:00:00,2004-05-15 00:00:00
20040386,incipient,2004-05-13 03:00:00,2004-05-13 03:00:00
20040386,decay,2004-05-13 06:00:00,2004-05-13 15:00:00
20040386,intensification,2004-05-13 18:00:00,2004-05-13 18:00:00
20040386,decay 2,2004-05-13 21:00:00,2004-05-14 06:00:00
20040393,incipient,2004-05-14 12:00:00,2004-05-14 21:00:00
20040393,intensification,2004-05-15 00:00:00,2004-05-15 18:00:00
20040393,mature,2004-05-15 21:00:00,2004-05-16 00:00:00
20040393,decay,2004-05-16 03:00:00,2004-05-16 18:00:00
20040394,incipient,2004-05-15 03:00:00,2004-05-15 06:00:00
20040394,intensification,2004-05-15 09:00:00,2004-05-15 18:00:00
20040394,mature,2004-05-15 21:00:00,2004-05-16 00:00:00
20040394,decay,2004-05-16 03:00:00,2004-05-16 21:00:00
20040395,incipient,2004-05-15 09:00:00,2004-05-15 12:00:00
20040395,decay,2004-05-15 15:00:00,2004-05-16 21:00:00
20040395,intensification,2004-05-17 00:00:00,2004-05-19 03:00:00
20040395,mature,2004-05-19 06:00:00,2004-05-19 15:00:00
20040395,decay 2,2004-05-19 18:00:00,2004-05-20 18:00:00
20040402,incipient,2004-05-18 06:00:00,2004-05-18 12:00:00
20040402,decay,2004-05-18 15:00:00,2004-05-19 00:00:00
20040402,intensification,2004-05-19 03:00:00,2004-05-19 12:00:00
20040408,intensification,2004-05-20 09:00:00,2004-05-20 12:00:00
20040408,decay,2004-05-20 15:00:00,2004-05-21 12:00:00
20040443,incipient,2004-05-30 18:00:00,2004-05-30 18:00:00
20040443,intensification,2004-05-30 21:00:00,2004-05-31 12:00:00
20040443,mature,2004-05-31 15:00:00,2004-05-31 18:00:00
20040443,decay,2004-05-31 21:00:00,2004-06-01 00:00:00
20040453,intensification,2004-06-01 15:00:00,2004-06-01 21:00:00
20040453,decay,2004-06-02 00:00:00,2004-06-02 15:00:00
20040456,incipient,2004-06-02 03:00:00,2004-06-02 09:00:00
20040456,intensification,2004-06-02 12:00:00,2004-06-03 06:00:00
20040456,mature,2004-06-03 09:00:00,2004-06-03 12:00:00
20040456,decay,2004-06-03 15:00:00,2004-06-04 06:00:00
20040458,incipient,2004-06-02 15:00:00,2004-06-03 03:00:00
20040458,intensification,2004-06-03 06:00:00,2004-06-04 18:00:00
20040458,mature,2004-06-04 21:00:00,2004-06-05 06:00:00
20040458,decay,2004-06-05 09:00:00,2004-06-06 12:00:00
20040458,intensification 2,2004-06-06 15:00:00,2004-06-09 00:00:00
20040458,mature 2,2004-06-09 03:00:00,2004-06-09 18:00:00
20040458,decay 2,2004-06-09 21:00:00,2004-06-12 15:00:00
20040460,intensification,2004-06-03 00:00:00,2004-06-03 12:00:00
20040460,decay,2004-06-03 15:00:00,2004-06-05 03:00:00
20040463,incipient,2004-06-03 18:00:00,2004-06-03 21:00:00
20040463,intensification,2004-06-04 00:00:00,2004-06-05 15:00:00
20040463,mature,2004-06-05 18:00:00,2004-06-06 03:00:00
20040463,decay,2004-06-06 06:00:00,2004-06-07 00:00:00
20040471,incipient,2004-06-05 15:00:00,2004-06-05 21:00:00
20040471,intensification,2004-06-06 00:00:00,2004-06-06 15:00:00
20040471,mature,2004-06-06 18:00:00,2004-06-06 21:00:00
20040471,decay,2004-06-07 00:00:00,2004-06-07 12:00:00
20040471,residual,2004-06-07 15:00:00,2004-06-08 00:00:00
20040485,incipient,2004-06-08 09:00:00,2004-06-09 06:00:00
20040485,intensification,2004-06-09 09:00:00,2004-06-11 18:00:00
20040485,mature,2004-06-11 21:00:00,2004-06-12 12:00:00
20040485,decay,2004-06-12 15:00:00,2004-06-15 00:00:00
20040490,intensification,2004-06-10 18:00:00,2004-06-11 06:00:00
20040490,mature,2004-06-11 09:00:00,2004-06-11 15:00:00
20040490,decay,2004-06-11 18:00:00,2004-06-13 15:00:00
20040497,decay,2004-06-12 06:00:00,2004-06-12 12:00:00
20040497,intensification,2004-06-12 15:00:00,2004-06-12 21:00:00
20040497,decay 2,2004-06-13 00:00:00,2004-06-13 09:00:00
20040498,incipient,2004-06-12 18:00:00,2004-06-13 00:00:00
20040498,intensification,2004-06-13 03:00:00,2004-06-14 15:00:00
20040498,mature,2004-06-14 18:00:00,2004-06-15 03:00:00
20040498,decay,2004-06-15 06:00:00,2004-06-16 21:00:00
20040499,incipient,2004-06-13 18:00:00,2004-06-14 18:00:00
20040499,intensification,2004-06-14 21:00:00,2004-06-16 21:00:00
20040499,mature,2004-06-17 00:00:00,2004-06-17 15:00:00
20040499,decay,2004-06-17 18:00:00,2004-06-19 12:00:00
20040504,incipient,2004-06-15 06:00:00,2004-06-15 18:00:00
20040504,intensification,2004-06-15 21:00:00,2004-06-15 21:00:00
20040504,decay,2004-06-16 00:00:00,2004-06-17 00:00:00
20040504,intensification 2,2004-06-17 03:00:00,2004-06-18 03:00:00
20040504,mature,2004-06-18 06:00:00,2004-06-18 15:00:00
20040504,decay 2,2004-06-18 18:00:00,2004-06-20 09:00:00
20040509,intensification,2004-06-16 03:00:00,2004-06-16 21:00:00
20040509,decay,2004-06-17 00:00:00,2004-06-17 15:00:00
20040509,residual,2004-06-17 18:00:00,2004-06-17 18:00:00
20040511,decay,2004-06-16 15:00:00,2004-06-17 03:00:00
20040511,intensification,2004-06-17 06:00:00,2004-06-17 12:00:00
20040516,incipient,2004-06-18 09:00:00,2004-06-19 18:00:00
20040516,intensification,2004-06-19 21:00:00,2004-06-22 15:00:00
20040516,mature,2004-06-22 18:00:00,2004-06-23 12:00:00
20040516,decay,2004-06-23 15:00:00,2004-06-25 00:00:00
20040526,incipient,2004-06-20 09:00:00,2004-06-20 09:00:00
20040526,intensification,2004-06-20 12:00:00,2004-06-21 12:00:00
20040526,mature,2004-06-21 15:00:00,2004-06-21 18:00:00
20040526,decay,2004-06-21 21:00:00,2004-06-22 15:00:00
20040533,incipient,2004-06-22 03:00:00,2004-06-22 06:00:00
20040533,intensification,2004-06-22 09:00:00,2004-06-23 15:00:00
20040533,mature,2004-06-23 18:00:00,2004-06-24 00:00:00
20040533,decay,2004-06-24 03:00:00,2004-06-25 00:00:00
20040537,intensification,2004-06-24 00:00:00,2004-06-24 03:00:00
20040537,mature,2004-06-24 06:00:00,2004-06-24 09:00:00
20040537,decay,2004-06-24 12:00:00,2004-06-25 09:00:00
20040539,decay,2004-06-24 12:00:00,2004-06-25 00:00:00
20040539,intensification,2004-06-25 03:00:00,2004-06-25 12:00:00
20040539,decay 2,2004-06-25 15:00:00,2004-06-26 06:00:00
20040551,intensification,2004-06-27 03:00:00,2004-06-27 15:00:00
20040551,decay,2004-06-27 18:00:00,2004-06-28 00:00:00
20040555,intensification,2004-06-28 06:00:00,2004-06-28 15:00:00
20040555,decay,2004-06-28 18:00:00,2004-06-29 18:00:00
20040557,incipient,2004-06-29 06:00:00,2004-06-29 12:00:00
20040557,intensification,2004-06-29 15:00:00,2004-07-01 03:00:00
20040557,mature,2004-07-01 06:00:00,2004-07-01 18:00:00
20040557,decay,2004-07-01 21:00:00,2004-07-05 03:00:00
20040560,intensification,2004-06-30 15:00:00,2004-07-01 00:00:00
20040560,decay,2004-07-01 03:00:00,2004-07-02 00:00:00
20040565,incipient,2004-07-01 18:00:00,2004-07-01 18:00:00
20040565,intensification,2004-07-01 21:00:00,2004-07-02 15:00:00
20040565,mature,2004-07-02 18:00:00,2004-07-03 03:00:00
20040565,decay,2004-07-03 06:00:00,2004-07-05 03:00:00
20040572,intensification,2004-07-03 12:00:00,2004-07-03 18:00:00
20040572,decay,2004-07-03 21:00:00,2004-07-04 09:00:00
20040595,intensification,2004-07-08 00:00:00,2004-07-08 15:00:00
20040595,decay,2004-07-08 18:00:00,2004-07-09 06:00:00
20040602,intensification,2004-07-09 06:00:00,2004-07-09 15:00:00
20040602,decay,2004-07-09 18:00:00,2004-07-10 09:00:00
20040611,incipient,2004-07-12 15:00:00,2004-07-13 03:00:00
20040611,intensification,2004-07-13 06:00:00,2004-07-14 03:00:00
20040611,mature,2004-07-14 06:00:00,2004-07-14 09:00:00
20040611,decay,2004-07-14 12:00:00,2004-07-14 18:00:00
20040611,residual,2004-07-14 21:00:00,2004-07-14 21:00:00
20040614,incipient,2004-07-13 12:00:00,2004-07-14 00:00:00
20040614,intensification,2004-07-14 03:00:00,2004-07-15 09:00:00
20040614,mature,2004-07-15 12:00:00,2004-07-15 18:00:00
20040614,decay,2004-07-15 21:00:00,2004-07-16 12:00:00
20040615,incipient,2004-07-13 18:00:00,2004-07-14 00:00:00
20040615,intensification,2004-07-14 03:00:00,2004-07-15 06:00:00
20040615,mature,2004-07-15 09:00:00,2004-07-15 21:00:00
20040615,decay,2004-07-16 00:00:00,2004-07-18 12:00:00
20040624,intensification,2004-07-16 18:00:00,2004-07-16 21:00:00
20040624,decay,2004-07-17 00:00:00,2004-07-17 18:00:00
20040653,intensification,2004-07-22 12:00:00,2004-07-22 21:00:00
20040653,mature,2004-07-23 00:00:00,2004-07-23 09:00:00
20040653,decay,2004-07-23 12:00:00,2004-07-26 00:00:00
20040656,intensification,2004-07-23 09:00:00,2004-07-24 09:00:00
20040656,mature,2004-07-24 12:00:00,2004-07-25 00:00:00
20040656,decay,2004-07-25 03:00:00,2004-07-27 21:00:00
20040676,intensification,2004-07-28 00:00:00,2004-07-28 06:00:00
20040676,mature,2004-07-28 09:00:00,2004-07-28 12:00:00
20040676,decay,2004-07-28 15:00:00,2004-07-29 21:00:00
20040684,incipient,2004-07-30 00:00:00,2004-07-30 03:00:00
20040684,intensification,2004-07-30 06:00:00,2004-07-31 06:00:00
20040684,mature,2004-07-31 09:00:00,2004-07-31 21:00:00
20040684,decay,2004-08-01 00:00:00,2004-08-04 00:00:00
20040688,intensification,2004-07-31 00:00:00,2004-07-31 09:00:00
20040688,decay,2004-07-31 12:00:00,2004-08-01 09:00:00
20040697,incipient,2004-08-02 09:00:00,2004-08-02 18:00:00
20040697,intensification,2004-08-02 21:00:00,2004-08-04 09:00:00
20040697,mature,2004-08-04 12:00:00,2004-08-04 18:00:00
20040697,decay,2004-08-04 21:00:00,2004-08-05 12:00:00
20040700,incipient,2004-08-03 06:00:00,2004-08-03 09:00:00
20040700,decay,2004-08-03 12:00:00,2004-08-04 00:00:00
20040700,intensification,2004-08-04 03:00:00,2004-08-04 06:00:00
20040703,incipient,2004-08-04 15:00:00,2004-08-04 18:00:00
20040703,intensification,2004-08-04 21:00:00,2004-08-06 06:00:00
20040703,mature,2004-08-06 09:00:00,2004-08-06 15:00:00
20040703,decay,2004-08-06 18:00:00,2004-08-08 03:00:00
20040713,intensification,2004-08-06 15:00:00,2004-08-07 09:00:00
20040713,decay,2004-08-07 12:00:00,2004-08-07 21:00:00
20040715,incipient,2004-08-07 06:00:00,2004-08-07 12:00:00
20040715,intensification,2004-08-07 15:00:00,2004-08-08 09:00:00
20040715,mature,2004-08-08 12:00:00,2004-08-08 15:00:00
20040715,decay,2004-08-08 18:00:00,2004-08-08 21:00:00
20040718,intensification,2004-08-08 15:00:00,2004-08-08 21:00:00
20040718,decay,2004-08-09 00:00:00,2004-08-09 18:00:00
20040726,intensification,2004-08-10 00:00:00,2004-08-10 18:00:00
20040726,mature,2004-08-10 21:00:00,2004-08-11 03:00:00
20040726,decay,2004-08-11 06:00:00,2004-08-12 06:00:00
20040726,intensification 2,2004-08-12 09:00:00,2004-08-14 09:00:00
20040726,mature 2,2004-08-14 12:00:00,2004-08-15 03:00:00
20040726,decay 2,2004-08-15 06:00:00,2004-08-17 18:00:00
20040733,intensification,2004-08-11 15:00:00,2004-08-12 09:00:00
20040733,decay,2004-08-12 12:00:00,2004-08-12 18:00:00
20050002,incipient,2005-01-01 06:00:00,2005-01-01 09:00:00
20050002,intensification,2005-01-01 12:00:00,2005-01-02 06:00:00
20050002,mature,2005-01-02 09:00:00,2005-01-02 18:00:00
20050002,decay,2005-01-02 21:00:00,2005-01-04 15:00:00
20050007,incipient,2005-01-04 12:00:00,2005-01-04 15:00:00
20050007,intensification,2005-01-04 18:00:00,2005-01-06 03:00:00
20050007,mature,2005-01-06 06:00:00,2005-01-06 12:00:00
20050007,decay,2005-01-06 15:00:00,2005-01-07 21:00:00
20050007,intensification 2,2005-01-08 00:00:00,2005-01-09 03:00:00
20050007,mature 2,2005-01-09 06:00:00,2005-01-09 12:00:00
20050007,decay 2,2005-01-09 15:00:00,2005-01-11 00:00:00
20050012,intensification,2005-01-05 06:00:00,2005-01-06 00:00:00
20050012,decay,2005-01-06 03:00:00,2005-01-06 21:00:00
20050025,intensification,2005-01-08 18:00:00,2005-01-09 21:00:00
20050027,decay,2005-01-09 15:00:00,2005-01-10 06:00:00
20050027,intensification,2005-01-10 09:00:00,2005-01-10 21:00:00
20050033,incipient,2005-01-11 00:00:00,2005-01-11 03:00:00
20050033,intensification,2005-01-11 06:00:00,2005-01-12 09:00:00
20050033,mature,2005-01-12 12:00:00,2005-01-12 18:00:00
20050033,decay,2005-01-12 21:00:00,2005-01-13 21:00:00
20050036,incipient,2005-01-11 09:00:00,2005-01-11 12:00:00
20050036,intensification,2005-01-11 15:00:00,2005-01-12 03:00:00
20050036,mature,2005-01-12 06:00:00,2005-01-12 09:00:00
20050036,decay,2005-01-12 12:00:00,2005-01-13 03:00:00
20050037,intensification,2005-01-12 09:00:00,2005-01-13 09:00:00
20050043,incipient,2005-01-14 03:00:00,2005-01-14 09:00:00
20050043,decay,2005-01-14 12:00:00,2005-01-14 21:00:00
20050043,intensification,2005-01-15 00:00:00,2005-01-15 18:00:00
20050056,intensification,2005-01-17 12:00:00,2005-01-18 12:00:00
20050056,mature,2005-01-18 15:00:00,2005-01-19 03:00:00
20050056,decay,2005-01-19 06:00:00,2005-01-22 00:00:00
20050057,incipient,2005-01-17 15:00:00,2005-01-17 21:00:00
20050057,intensification,2005-01-18 00:00:00,2005-01-19 06:00:00
20050057,mature,2005-01-19 09:00:00,2005-01-19 15:00:00
20050057,decay,2005-01-19 18:00:00,2005-01-20 06:00:00
20050074,incipient,2005-01-24 00:00:00,2005-01-24 09:00:00
20050074,intensification,2005-01-24 12:00:00,2005-01-26 00:00:00
20050074,mature,2005-01-26 03:00:00,2005-01-26 12:00:00
20050074,decay,2005-01-26 15:00:00,2005-01-28 06:00:00
20050077,intensification,2005-01-25 03:00:00,2005-01-26 15:00:00
20050084,incipient,2005-01-27 03:00:00,2005-01-27 03:00:00
20050084,intensification,2005-01-27 06:00:00,2005-01-28 03:00:00
20050084,mature,2005-01-28 06:00:00,2005-01-28 12:00:00
20050084,decay,2005-01-28 15:00:00,2005-01-29 09:00:00
20050090,incipient,2005-01-29 00:00:00,2005-01-29 12:00:00
20050090,decay,2005-01-29 15:00:00,2005-01-29 18:00:00
20050090,intensification,2005-01-29 21:00:00,2005-01-29 21:00:00
20050090,decay 2,2005-01-30 00:00:00,2005-01-30 15:00:00
20050095,incipient,2005-01-31 00:00:00,2005-01-31 12:00:00
20050095,intensification,2005-01-31 15:00:00,2005-02-01 12:00:00
20050095,mature,2005-02-01 15:00:00,2005-02-01 21:00:00
20050095,decay,2005-02-02 00:00:00,2005-02-02 18:00:00
20050110,intensification,2005-02-03 09:00:00,2005-02-04 00:00:00
20050110,decay,2005-02-04 03:00:00,2005-02-06 00:00:00
20050112,decay,2005-02-03 18:00:00,2005-02-04 03:00:00
20050112,intensification,2005-02-04 06:00:00,2005-02-06 21:00:00
20050113,decay,2005-02-04 18:00:00,2005-02-05 03:00:00
20050113,intensification,2005-02-05 06:00:00,2005-02-05 15:00:00
20050113,decay 2,2005-02-05 18:00:00,2005-02-06 15:00:00
20050132,incipient,2005-02-12 18:00:00,2005-02-13 03:00:00
20050132,intensification,2005-02-13 06:00:00,2005-02-14 21:00:00
20050132,mature,2005-02-15 00:00:00,2005-02-15 18:00:00
20050132,decay,2005-02-15 21:00:00,2005-02-19 09:00:00
20050139,incipient,2005-02-16 18:00:00,2005-02-16 21:00:00
20050139,intensification,2005-02-17 00:00:00,2005-02-17 15:00:00
20050139,mature,2005-02-17 18:00:00,2005-02-18 00:00:00
20050139,decay,2005-02-18 03:00:00,2005-02-19 09:00:00
20050144,incipient,2005-02-18 06:00:00,2005-02-18 12:00:00
20050144,intensification,2005-02-18 15:00:00,2005-02-19 12:00:00
20050144,mature,2005-02-19 15:00:00,2005-02-19 18:00:00
20050144,decay,2005-02-19 21:00:00,2005-02-20 06:00:00
20050155,incipient,2005-02-21 00:00:00,2005-02-21 03:00:00
20050155,intensification,2005-02-21 06:00:00,2005-02-22 03:00:00
20050155,mature,2005-02-22 06:00:00,2005-02-22 09:00:00
20050155,decay,2005-02-22 12:00:00,2005-02-22 18:00:00
20050155,residual,2005-02-22 21:00:00,2005-02-24 09:00:00
20050161,incipient,2005-02-23 15:00:00,2005-02-24 03:00:00
20050161,intensification,2005-02-24 06:00:00,2005-02-26 15:00:00
20050161,mature,2005-02-26 18:00:00,2005-02-27 09:00:00
20050161,decay,2005-02-27 12:00:00,2005-03-01 06:00:00
20050162,incipient,2005-02-24 06:00:00,2005-02-24 15:00:00
20050162,intensification,2005-02-24 18:00:00,2005-02-25 21:00:00
20050162,mature,2005-02-26 00:00:00,2005-02-26 06:00:00
20050162,decay,2005-02-26 09:00:00,2005-02-27 06:00:00
20050162,residual,2005-02-27 09:00:00,2005-02-28 12:00:00
20050169,incipient,2005-02-26 06:00:00,2005-02-27 03:00:00
20050169,intensification,2005-02-27 06:00:00,2005-03-01 00:00:00
20050169,mature,2005-03-01 03:00:00,2005-03-01 18:00:00
20050169,decay,2005-03-01 21:00:00,2005-03-03 15:00:00
20050203,incipient,2005-03-09 15:00:00,2005-03-09 15:00:00
20050203,intensification,2005-03-09 18:00:00,2005-03-12 03:00:00
20050203,mature,2005-03-12 06:00:00,2005-03-12 18:00:00
20050203,decay,2005-03-12 21:00:00,2005-03-13 21:00:00
20050206,incipient,2005-03-10 06:00:00,2005-03-10 06:00:00
20050206,intensification,2005-03-10 09:00:00,2005-03-11 09:00:00
20050206,mature,2005-03-11 12:00:00,2005-03-11 15:00:00
20050206,decay,2005-03-11 18:00:00,2005-03-12 06:00:00
20050217,incipient,2005-03-15 06:00:00,2005-03-15 06:00:00
20050217,intensification,2005-03-15 09:00:00,2005-03-16 00:00:00
20050217,mature,2005-03-16 03:00:00,2005-03-16 12:00:00
20050217,decay,2005-03-16 15:00:00,2005-03-18 09:00:00
20050222,incipient,2005-03-17 12:00:00,2005-03-17 21:00:00
20050222,intensification,2005-03-18 00:00:00,2005-03-19 12:00:00
20050222,mature,2005-03-19 15:00:00,2005-03-20 09:00:00
20050222,decay,2005-03-20 12:00:00,2005-03-23 21:00:00
20050230,incipient,2005-03-20 00:00:00,2005-03-20 06:00:00
20050230,intensification,2005-03-20 09:00:00,2005-03-21 09:00:00
20050230,mature,2005-03-21 12:00:00,2005-03-21 18:00:00
20050230,decay,2005-03-21 21:00:00,2005-03-23 03:00:00
20050239,incipient,2005-03-23 00:00:00,2005-03-23 09:00:00
20050239,intensification,2005-03-23 12:00:00,2005-03-24 18:00:00
20050239,mature,2005-03-24 21:00:00,2005-03-25 06:00:00
20050239,decay,2005-03-25 09:00:00,2005-03-26 12:00:00
20050246,incipient,2005-03-24 18:00:00,2005-03-25 00:00:00
20050246,intensification,2005-03-25 03:00:00,2005-03-27 00:00:00
20050246,mature,2005-03-27 03:00:00,2005-03-27 12:00:00
20050246,decay,2005-03-27 15:00:00,2005-03-29 06:00:00
20050246,intensification 2,2005-03-29 09:00:00,2005-03-30 03:00:00
20050246,mature 2,2005-03-30 06:00:00,2005-03-30 12:00:00
20050246,decay 2,2005-03-30 15:00:00,2005-03-31 21:00:00
20050256,incipient,2005-03-29 06:00:00,2005-03-29 06:00:00
20050256,intensification,2005-03-29 09:00:00,2005-03-30 09:00:00
20050256,mature,2005-03-30 12:00:00,2005-03-31 00:00:00
20050256,decay,2005-03-31 03:00:00,2005-04-02 21:00:00
20050259,incipient,2005-03-30 09:00:00,2005-03-30 15:00:00
20050259,decay,2005-03-30 18:00:00,2005-03-31 06:00:00
20050259,intensification,2005-03-31 09:00:00,2005-03-31 09:00:00
20050259,decay 2,2005-03-31 12:00:00,2005-04-01 00:00:00
20050263,decay,2005-03-31 12:00:00,2005-04-01 06:00:00
20050263,intensification,2005-04-01 09:00:00,2005-04-03 12:00:00
20050263,mature,2005-04-03 15:00:00,2005-04-04 06:00:00
20050263,decay 2,2005-04-04 09:00:00,2005-04-07 18:00:00
20050264,incipient,2005-03-31 15:00:00,2005-03-31 15:00:00
20050264,intensification,2005-03-31 18:00:00,2005-04-01 09:00:00
20050264,mature,2005-04-01 12:00:00,2005-04-01 15:00:00
20050264,decay,2005-04-01 18:00:00,2005-04-01 21:00:00
20050276,incipient,2005-04-06 00:00:00,2005-04-06 06:00:00
20050276,intensification,2005-04-06 09:00:00,2005-04-07 15:00:00
20050276,mature,2005-04-07 18:00:00,2005-04-08 06:00:00
20050276,decay,2005-04-08 09:00:00,2005-04-10 15:00:00
20050282,incipient,2005-04-07 09:00:00,2005-04-07 12:00:00
20050282,intensification,2005-04-07 15:00:00,2005-04-08 15:00:00
20050282,mature,2005-04-08 18:00:00,2005-04-09 06:00:00
20050282,decay,2005-04-09 09:00:00,2005-04-12 00:00:00
20050290,incipient,2005-04-10 03:00:00,2005-04-11 09:00:00
20050290,intensification,2005-04-11 12:00:00,2005-04-14 03:00:00
20050290,mature,2005-04-14 06:00:00,2005-04-15 00:00:00
20050290,decay,2005-04-15 03:00:00,2005-04-17 00:00:00
20050308,intensification,2005-04-16 12:00:00,2005-04-16 21:00:00
20050308,decay,2005-04-17 00:00:00,2005-04-17 09:00:00
20050309,incipient,2005-04-17 03:00:00,2005-04-17 15:00:00
20050309,intensification,2005-04-17 18:00:00,2005-04-19 06:00:00
20050309,mature,2005-04-19 09:00:00,2005-04-19 18:00:00
20050309,decay,2005-04-19 21:00:00,2005-04-21 03:00:00
20050312,incipient,2005-04-18 03:00:00,2005-04-18 12:00:00
20050312,intensification,2005-04-18 15:00:00,2005-04-20 00:00:00
20050312,mature,2005-04-20 03:00:00,2005-04-20 15:00:00
20050312,decay,2005-04-20 18:00:00,2005-04-22 12:00:00
20050317,incipient,2005-04-20 00:00:00,2005-04-20 00:00:00
20050317,intensification,2005-04-20 03:00:00,2005-04-21 12:00:00
20050317,mature,2005-04-21 15:00:00,2005-04-21 21:00:00
20050317,decay,2005-04-22 00:00:00,2005-04-23 00:00:00
20050324,intensification,2005-04-22 03:00:00,2005-04-22 15:00:00
20050324,decay,2005-04-22 18:00:00,2005-04-23 06:00:00
20050324,residual,2005-04-23 09:00:00,2005-04-23 09:00:00
20050326,incipient,2005-04-22 12:00:00,2005-04-22 15:00:00
20050326,intensification,2005-04-22 18:00:00,2005-04-23 12:00:00
20050326,mature,2005-04-23 15:00:00,2005-04-23 18:00:00
20050326,decay,2005-04-23 21:00:00,2005-04-24 12:00:00
20050326,residual,2005-04-24 15:00:00,2005-04-24 21:00:00
20050336,incipient,2005-04-25 03:00:00,2005-04-25 09:00:00
20050336,intensification,2005-04-25 12:00:00,2005-04-27 09:00:00
20050336,mature,2005-04-27 12:00:00,2005-04-28 06:00:00
20050336,decay,2005-04-28 09:00:00,2005-05-02 12:00:00
20050341,incipient,2005-04-27 03:00:00,2005-04-27 09:00:00
20050341,decay,2005-04-27 12:00:00,2005-04-27 21:00:00
20050341,intensification,2005-04-28 00:00:00,2005-04-28 03:00:00
20050341,decay 2,2005-04-28 06:00:00,2005-04-28 18:00:00
20050346,incipient,2005-04-29 03:00:00,2005-04-29 21:00:00
20050346,intensification,2005-04-30 00:00:00,2005-05-01 15:00:00
20050346,mature,2005-05-01 18:00:00,2005-05-02 06:00:00
20050346,decay,2005-05-02 09:00:00,2005-05-03 03:00:00
20050361,incipient,2005-05-03 06:00:00,2005-05-04 03:00:00
20050361,intensification,2005-05-04 06:00:00,2005-05-06 15:00:00
20050361,mature,2005-05-06 18:00:00,2005-05-07 15:00:00
20050361,decay,2005-05-07 18:00:00,2005-05-10 21:00:00
20050367,incipient,2005-05-04 06:00:00,2005-05-05 00:00:00
20050367,decay,2005-05-05 03:00:00,2005-05-06 06:00:00
20050367,intensification,2005-05-06 09:00:00,2005-05-08 15:00:00
20050367,mature,2005-05-08 18:00:00,2005-05-09 09:00:00
20050367,decay 2,2005-05-09 12:00:00,2005-05-12 12:00:00
20050370,intensification,2005-05-05 09:00:00,2005-05-05 21:00:00
20050370,decay,2005-05-06 00:00:00,2005-05-06 06:00:00
20050383,incipient,2005-05-08 00:00:00,2005-05-08 00:00:00
20050383,intensification,2005-05-08 03:00:00,2005-05-09 09:00:00
20050383,mature,2005-05-09 12:00:00,2005-05-09 15:00:00
20050383,decay,2005-05-09 18:00:00,2005-05-10 06:00:00
20050389,incipient,2005-05-09 03:00:00,2005-05-09 03:00:00
20050389,intensification,2005-05-09 06:00:00,2005-05-09 18:00:00
20050389,mature,2005-05-09 21:00:00,2005-05-10 00:00:00
20050389,decay,2005-05-10 03:00:00,2005-05-11 03:00:00
20050391,intensification,2005-05-09 15:00:00,2005-05-11 06:00:00
20050391,mature,2005-05-11 09:00:00,2005-05-12 03:00:00
20050391,decay,2005-05-12 06:00:00,2005-05-16 09:00:00
20050391,intensification 2,2005-05-16 12:00:00,2005-05-18 03:00:00
20050391,mature 2,2005-05-18 06:00:00,2005-05-18 15:00:00
20050391,decay 2,2005-05-18 18:00:00,2005-05-20 06:00:00
20050399,decay,2005-05-11 00:00:00,2005-05-11 03:00:00
20050399,intensification,2005-05-11 06:00:00,2005-05-11 12:00:00
20050399,decay 2,2005-05-11 15:00:00,2005-05-12 00:00:00
20050400,incipient,2005-05-11 12:00:00,2005-05-11 15:00:00
20050400,intensification,2005-05-11 18:00:00,2005-05-13 03:00:00
20050400,mature,2005-05-13 06:00:00,2005-05-14 00:00:00
20050400,decay,2005-05-14 03:00:00,2005-05-17 12:00:00
20050420,incipient,2005-05-18 06:00:00,2005-05-18 18:00:00
20050420,intensification,2005-05-18 21:00:00,2005-05-20 03:00:00
20050420,mature,2005-05-20 06:00:00,2005-05-20 15:00:00
20050420,decay,2005-05-20 18:00:00,2005-05-21 15:00:00
20050426,intensification,2005-05-20 00:00:00,2005-05-20 15:00:00
20050426,decay,2005-05-20 18:00:00,2005-05-21 15:00:00
20050427,incipient,2005-05-20 12:00:00,2005-05-20 12:00:00
20050427,intensification,2005-05-20 15:00:00,2005-05-22 12:00:00
20050427,mature,2005-05-22 15:00:00,2005-05-23 06:00:00
20050427,decay,2005-05-23 09:00:00,2005-05-26 18:00:00
20050427,residual,2005-05-26 21:00:00,2005-05-31 21:00:00
20050438,intensification,2005-05-23 15:00:00,2005-05-24 03:00:00
20050438,decay,2005-05-24 06:00:00,2005-05-24 15:00:00
20050462,incipient,2005-06-01 00:00:00,2005-06-01 03:00:00
20050462,intensification,2005-06-01 06:00:00,2005-06-02 00:00:00
20050462,mature,2005-06-02 03:00:00,2005-06-02 12:00:00
20050462,decay,2005-06-02 15:00:00,2005-06-04 15:00:00
20050466,incipient,2005-06-02 03:00:00,2005-06-02 03:00:00
20050466,intensification,2005-06-02 06:00:00,2005-06-03 00:00:00
20050466,mature,2005-06-03 03:00:00,2005-06-03 12:00:00
20050466,decay,2005-06-03 15:00:00,2005-06-05 21:00:00
20050467,intensification,2005-06-02 09:00:00,2005-06-02 21:00:00
20050467,decay,2005-06-03 00:00:00,2005-06-03 09:00:00
20050467,residual,2005-06-03 12:00:00,2005-06-03 12:00:00
20050471,incipient,2005-06-04 00:00:00,2005-06-06 06:00:00
20050471,intensification,2005-06-06 09:00:00,2005-06-08 12:00:00
20050471,mature,2005-06-08 15:00:00,2005-06-09 06:00:00
20050471,decay,2005-06-09 09:00:00,2005-06-11 03:00:00
20050473,incipient,2005-06-04 09:00:00,2005-06-04 09:00:00
20050473,decay,2005-06-04 12:00:00,2005-06-04 21:00:00
20050473,intensification,2005-06-05 00:00:00,2005-06-05 00:00:00
20050473,decay 2,2005-06-05 03:00:00,2005-06-05 15:00:00
20050485,incipient,2005-06-06 15:00:00,2005-06-07 00:00:00
20050485,intensification,2005-06-07 03:00:00,2005-06-08 06:00:00
20050485,mature,2005-06-08 09:00:00,2005-06-08 15:00:00
20050485,decay,2005-06-08 18:00:00,2005-06-09 15:00:00
20050489,incipient,2005-06-07 18:00:00,2005-06-08 00:00:00
20050489,intensification,2005-06-08 03:00:00,2005-06-10 12:00:00
20050489,mature,2005-06-10 15:00:00,2005-06-11 03:00:00
20050489,decay,2005-06-11 06:00:00,2005-06-12 09:00:00
20050496,incipient,2005-06-09 18:00:00,2005-06-10 00:00:00
20050496,intensification,2005-06-10 03:00:00,2005-06-10 21:00:00
20050496,mature,2005-06-11 00:00:00,2005-06-11 06:00:00
20050496,decay,2005-06-11 09:00:00,2005-06-12 03:00:00
20050497,incipient,2005-06-10 12:00:00,2005-06-10 15:00:00
20050497,intensification,2005-06-10 18:00:00,2005-06-14 06:00:00
20050497,mature,2005-06-14 09:00:00,2005-06-14 15:00:00
20050497,decay,2005-06-14 18:00:00,2005-06-16 03:00:00
20050498,incipient,2005-06-11 06:00:00,2005-06-12 00:00:00
20050498,decay,2005-06-12 03:00:00,2005-06-12 09:00:00
20050498,intensification,2005-06-12 12:00:00,2005-06-12 21:00:00
20050498,decay 2,2005-06-13 00:00:00,2005-06-13 18:00:00
20050501,intensification,2005-06-12 00:00:00,2005-06-12 06:00:00
20050501,decay,2005-06-12 09:00:00,2005-06-13 06:00:00
20050502,incipient,2005-06-12 06:00:00,2005-06-12 06:00:00
20050502,intensification,2005-06-12 09:00:00,2005-06-13 18:00:00
20050502,mature,2005-06-13 21:00:00,2005-06-14 06:00:00
20050502,decay,2005-06-14 09:00:00,2005-06-16 21:00:00
20050516,incipient,2005-06-16 12:00:00,2005-06-17 06:00:00
20050516,intensification,2005-06-17 09:00:00,2005-06-19 00:00:00
20050516,mature,2005-06-19 03:00:00,2005-06-19 15:00:00
20050516,decay,2005-06-19 18:00:00,2005-06-21 21:00:00
20050516,intensification 2,2005-06-22 00:00:00,2005-06-22 15:00:00
20050516,mature 2,2005-06-22 18:00:00,2005-06-23 00:00:00
20050516,decay 2,2005-06-23 03:00:00,2005-06-24 15:00:00
20050521,decay,2005-06-18 12:00:00,2005-06-19 00:00:00
20050521,intensification,2005-06-19 03:00:00,2005-06-19 21:00:00
20050521,incipient,2005-06-20 00:00:00,2005-06-20 03:00:00
20050521,decay 2,2005-06-20 06:00:00,2005-06-20 18:00:00
20050523,incipient,2005-06-19 03:00:00,2005-06-19 21:00:00
20050523,intensification,2005-06-20 00:00:00,2005-06-21 15:00:00
20050523,mature,2005-06-21 18:00:00,2005-06-22 03:00:00
20050523,decay,2005-06-22 06:00:00,2005-06-23 15:00:00
20050532,incipient,2005-06-21 06:00:00,2005-06-21 12:00:00
20050532,decay,2005-06-21 15:00:00,2005-06-22 09:00:00
20050532,intensification,2005-06-22 12:00:00,2005-06-23 00:00:00
20050532,decay 2,2005-06-23 03:00:00,2005-06-23 09:00:00
20050533,incipient,2005-06-22 00:00:00,2005-06-22 09:00:00
20050533,intensification,2005-06-22 12:00:00,2005-06-23 21:00:00
20050533,mature,2005-06-24 00:00:00,2005-06-24 12:00:00
20050533,decay,2005-06-24 15:00:00,2005-06-26 06:00:00
20050533,intensification 2,2005-06-26 09:00:00,2005-06-28 09:00:00
20050533,mature 2,2005-06-28 12:00:00,2005-06-29 00:00:00
20050533,decay 2,2005-06-29 03:00:00,2005-06-30 21:00:00
20050541,incipient,2005-06-23 15:00:00,2005-06-24 03:00:00
20050541,intensification,2005-06-24 06:00:00,2005-06-25 06:00:00
20050541,mature,2005-06-25 09:00:00,2005-06-25 18:00:00
20050541,decay,2005-06-25 21:00:00,2005-06-27 00:00:00
20050547,intensification,2005-06-25 03:00:00,2005-06-25 18:00:00
20050547,mature,2005-06-25 21:00:00,2005-06-26 00:00:00
20050547,decay,2005-06-26 03:00:00,2005-06-27 15:00:00
20050550,incipient,2005-06-27 00:00:00,2005-06-27 09:00:00
20050550,intensification,2005-06-27 12:00:00,2005-06-28 15:00:00
20050550,mature,2005-06-28 18:00:00,2005-06-29 06:00:00
20050550,decay,2005-06-29 09:00:00,2005-07-01 00:00:00
20050558,incipient,2005-06-30 12:00:00,2005-06-30 18:00:00
20050558,intensification,2005-06-30 21:00:00,2005-07-02 00:00:00
20050558,mature,2005-07-02 03:00:00,2005-07-02 12:00:00
20050558,decay,2005-07-02 15:00:00,2005-07-05 00:00:00
20050562,incipient,2005-07-01 03:00:00,2005-07-02 03:00:00
20050562,intensification,2005-07-02 06:00:00,2005-07-04 09:00:00
20050562,mature,2005-07-04 12:00:00,2005-07-05 03:00:00
20050562,decay,2005-07-05 06:00:00,2005-07-07 00:00:00
20050564,incipient,2005-07-02 12:00:00,2005-07-03 00:00:00
20050564,intensification,2005-07-03 03:00:00,2005-07-04 15:00:00
20050564,mature,2005-07-04 18:00:00,2005-07-05 06:00:00
20050564,decay,2005-07-05 09:00:00,2005-07-07 21:00:00
20050572,intensification,2005-07-05 09:00:00,2005-07-05 15:00:00
20050572,mature,2005-07-05 18:00:00,2005-07-05 21:00:00
20050572,decay,2005-07-06 00:00:00,2005-07-06 21:00:00
20050579,intensification,2005-07-08 00:00:00,2005-07-14 00:00:00
20050581,incipient,2005-07-08 09:00:00,2005-07-08 15:00:00
20050581,intensification,2005-07-08 18:00:00,2005-07-08 18:00:00
20050581,decay,2005-07-08 21:00:00,2005-07-09 06:00:00
20050581,intensification 2,2005-07-09 09:00:00,2005-07-09 12:00:00
20050581,decay 2,2005-07-09 15:00:00,2005-07-10 03:00:00
20050590,incipient,2005-07-10 12:00:00,2005-07-10 12:00:00
20050590,intensification,2005-07-10 15:00:00,2005-07-11 09:00:00
20050590,mature,2005-07-11 12:00:00,2005-07-11 15:00:00
20050590,decay,2005-07-11 18:00:00,2005-07-12 12:00:00
20050590,residual,2005-07-12 15:00:00,2005-07-14 03:00:00
20050593,decay,2005-07-11 12:00:00,2005-07-11 18:00:00
20050593,intensification,2005-07-11 21:00:00,2005-07-12 18:00:00
20050596,incipient,2005-07-12 06:00:00,2005-07-12 12:00:00
20050596,intensification,2005-07-12 15:00:00,2005-07-15 06:00:00
20050596,mature,2005-07-15 09:00:00,2005-07-15 21:00:00
20050596,decay,2005-07-16 00:00:00,2005-07-17 15:00:00
20050611,intensification,2005-07-17 12:00:00,2005-07-19 00:00:00
20050611,mature,2005-07-19 03:00:00,2005-07-19 09:00:00
20050611,decay,2005-07-19 12:00:00,2005-07-20 15:00:00
20050611,intensification 2,2005-07-20 18:00:00,2005-07-21 12:00:00
20050611,mature 2,2005-07-21 15:00:00,2005-07-22 00:00:00
20050611,decay 2,2005-07-22 03:00:00,2005-07-24 09:00:00
20050617,intensification,2005-07-20 15:00:00,2005-07-21 03:00:00
20050617,decay,2005-07-21 06:00:00,2005-07-22 00:00:00
20050618,incipient,2005-07-21 06:00:00,2005-07-21 12:00:00
20050618,intensification,2005-07-21 15:00:00,2005-07-22 21:00:00
20050618,mature,2005-07-23 00:00:00,2005-07-23 09:00:00
20050618,decay,2005-07-23 12:00:00,2005-07-25 15:00:00
20050626,decay,2005-07-24 18:00:00,2005-07-25 03:00:00
20050626,intensification,2005-07-25 06:00:00,2005-07-26 00:00:00
20050626,mature,2005-07-26 03:00:00,2005-07-26 06:00:00
20050626,decay 2,2005-07-26 09:00:00,2005-07-26 21:00:00
20050629,intensification,2005-07-25 09:00:00,2005-07-26 00:00:00
20050629,decay,2005-07-26 03:00:00,2005-07-26 09:00:00
20050636,incipient,2005-07-27 00:00:00,2005-07-27 09:00:00
20050636,intensification,2005-07-27 12:00:00,2005-08-01 09:00:00
20050636,mature,2005-08-01 12:00:00,2005-08-02 12:00:00
20050636,decay,2005-08-02 15:00:00,2005-08-05 00:00:00
20050643,incipient,2005-07-29 00:00:00,2005-07-30 06:00:00
20050643,decay,2005-07-30 09:00:00,2005-07-30 09:00:00
20050643,intensification,2005-07-30 12:00:00,2005-07-31 12:00:00
20050643,mature,2005-07-31 15:00:00,2005-07-31 21:00:00
20050643,decay 2,2005-08-01 00:00:00,2005-08-01 18:00:00
20050644,decay,2005-07-30 12:00:00,2005-07-30 15:00:00
20050644,intensification,2005-07-30 18:00:00,2005-07-30 21:00:00
20050644,decay 2,2005-07-31 00:00:00,2005-07-31 09:00:00
20050644,intensification 2,2005-07-31 12:00:00,2005-07-31 12:00:00
20050647,intensification,2005-07-31 03:00:00,2005-07-31 12:00:00
20050647,decay,2005-07-31 15:00:00,2005-08-01 12:00:00
20050648,intensification,2005-07-31 03:00:00,2005-07-31 21:00:00
20050648,decay,2005-08-01 00:00:00,2005-08-01 03:00:00
20050665,incipient,2005-08-05 09:00:00,2005-08-05 18:00:00
20050665,intensification,2005-08-05 21:00:00,2005-08-06 21:00:00
20050665,mature,2005-08-07 00:00:00,2005-08-07 03:00:00
20050665,decay,2005-08-07 06:00:00,2005-08-07 21:00:00
20050672,incipient,2005-08-08 09:00:00,2005-08-08 21:00:00
20050672,intensification,2005-08-09 00:00:00,2005-08-10 21:00:00
20050672,mature,2005-08-11 00:00:00,2005-08-11 18:00:00
20050672,decay,2005-08-11 21:00:00,2005-08-15 12:00:00
20050676,intensification,2005-08-09 09:00:00,2005-08-10 03:00:00
20050676,decay,2005-08-10 06:00:00,2005-08-10 21:00:00
20050691,intensification,2005-08-13 03:00:00,2005-08-13 06:00:00
20050691,decay,2005-08-13 09:00:00,2005-08-14 06:00:00
20050694,incipient,2005-08-14 09:00:00,2005-08-14 15:00:00
20050694,intensification,2005-08-14 18:00:00,2005-08-15 18:00:00
20050694,mature,2005-08-15 21:00:00,2005-08-16 06:00:00
20050694,decay,2005-08-16 09:00:00,2005-08-18 06:00:00
20050694,residual,2005-08-18 09:00:00,2005-08-18 21:00:00
20060004,incipient,2006-01-02 06:00:00,2006-01-02 12:00:00
20060004,intensification,2006-01-02 15:00:00,2006-01-03 15:00:00
20060004,mature,2006-01-03 18:00:00,2006-01-04 00:00:00
20060004,decay,2006-01-04 03:00:00,2006-01-05 12:00:00
20060008,decay,2006-01-03 18:00:00,2006-01-04 09:00:00
20060008,intensification,2006-01-04 12:00:00,2006-01-04 12:00:00
20060008,decay 2,2006-01-04 15:00:00,2006-01-04 21:00:00
20060010,intensification,2006-01-04 06:00:00,2006-01-04 18:00:00
20060010,decay,2006-01-04 21:00:00,2006-01-05 06:00:00
20060016,incipient,2006-01-05 18:00:00,2006-01-06 00:00:00
20060016,intensification,2006-01-06 03:00:00,2006-01-07 09:00:00
20060016,mature,2006-01-07 12:00:00,2006-01-08 00:00:00
20060016,decay,2006-01-08 03:00:00,2006-01-10 15:00:00
20060028,incipient,2006-01-10 15:00:00,2006-01-10 15:00:00
20060028,intensification,2006-01-10 18:00:00,2006-01-12 00:00:00
20060028,mature,2006-01-12 03:00:00,2006-01-12 15:00:00
20060028,decay,2006-01-12 18:00:00,2006-01-16 00:00:00
20060035,incipient,2006-01-12 03:00:00,2006-01-12 06:00:00
20060035,intensification,2006-01-12 09:00:00,2006-01-13 12:00:00
20060035,mature,2006-01-13 15:00:00,2006-01-14 03:00:00
20060035,decay,2006-01-14 06:00:00,2006-01-17 03:00:00
20060040,incipient,2006-01-14 12:00:00,2006-01-14 21:00:00
20060040,intensification,2006-01-15 00:00:00,2006-01-16 03:00:00
20060040,mature,2006-01-16 06:00:00,2006-01-16 15:00:00
20060040,decay,2006-01-16 18:00:00,2006-01-17 21:00:00
20060045,incipient,2006-01-15 06:00:00,2006-01-15 09:00:00
20060045,decay,2006-01-15 12:00:00,2006-01-15 15:00:00
20060045,intensification,2006-01-15 18:00:00,2006-01-16 06:00:00
20060049,incipient,2006-01-16 09:00:00,2006-01-16 12:00:00
20060049,intensification,2006-01-16 15:00:00,2006-01-17 06:00:00
20060049,mature,2006-01-17 09:00:00,2006-01-17 12:00:00
20060049,decay,2006-01-17 15:00:00,2006-01-18 00:00:00
20060049,residual,2006-01-18 03:00:00,2006-01-18 09:00:00
20060057,incipient,2006-01-19 00:00:00,2006-01-19 03:00:00
20060057,intensification,2006-01-19 06:00:00,2006-01-19 21:00:00
20060057,mature,2006-01-20 00:00:00,2006-01-20 06:00:00
20060057,decay,2006-01-20 09:00:00,2006-01-21 21:00:00
20060071,incipient,2006-01-23 12:00:00,2006-01-23 15:00:00
20060071,intensification,2006-01-23 18:00:00,2006-01-24 12:00:00
20060071,mature,2006-01-24 15:00:00,2006-01-24 21:00:00
20060071,decay,2006-01-25 00:00:00,2006-01-27 00:00:00
20060076,intensification,2006-01-25 09:00:00,2006-01-26 12:00:00
20060076,mature,2006-01-26 15:00:00,2006-01-27 06:00:00
20060076,decay,2006-01-27 09:00:00,2006-01-31 15:00:00
20060088,incipient,2006-01-29 12:00:00,2006-01-29 12:00:00
20060088,intensification,2006-01-29 15:00:00,2006-01-30 12:00:00
20060088,mature,2006-01-30 15:00:00,2006-01-30 18:00:00
20060088,decay,2006-01-30 21:00:00,2006-01-30 21:00:00
20060099,incipient,2006-02-02 12:00:00,2006-02-02 21:00:00
20060099,intensification,2006-02-03 00:00:00,2006-02-05 09:00:00
20060099,mature,2006-02-05 12:00:00,2006-02-06 06:00:00
20060099,decay,2006-02-06 09:00:00,2006-02-08 21:00:00
20060101,decay,2006-02-03 18:00:00,2006-02-03 21:00:00
20060101,intensification,2006-02-04 00:00:00,2006-02-05 03:00:00
20060104,incipient,2006-02-04 09:00:00,2006-02-04 18:00:00
20060104,intensification,2006-02-04 21:00:00,2006-02-06 12:00:00
20060104,mature,2006-02-06 15:00:00,2006-02-07 06:00:00
20060104,decay,2006-02-07 09:00:00,2006-02-10 15:00:00
20060105,intensification,2006-02-04 12:00:00,2006-02-05 18:00:00
20060125,incipient,2006-02-10 09:00:00,2006-02-10 09:00:00
20060125,decay,2006-02-10 12:00:00,2006-02-11 00:00:00
20060125,intensification,2006-02-11 03:00:00,2006-02-11 12:00:00
20060125,decay 2,2006-02-11 15:00:00,2006-02-12 09:00:00
20060138,incipient,2006-02-13 09:00:00,2006-02-14 03:00:00
20060138,intensification,2006-02-14 06:00:00,2006-02-17 06:00:00
20060138,mature,2006-02-17 09:00:00,2006-02-18 06:00:00
20060138,decay,2006-02-18 09:00:00,2006-02-21 15:00:00
20060146,incipient,2006-02-16 15:00:00,2006-02-17 06:00:00
20060146,intensification,2006-02-17 09:00:00,2006-02-19 12:00:00
20060146,mature,2006-02-19 15:00:00,2006-02-20 12:00:00
20060146,decay,2006-02-20 15:00:00,2006-02-24 06:00:00
20060147,intensification,2006-02-17 00:00:00,2006-02-17 09:00:00
20060147,decay,2006-02-17 12:00:00,2006-02-18 00:00:00
20060152,decay,2006-02-18 12:00:00,2006-02-18 18:00:00
20060152,intensification,2006-02-18 21:00:00,2006-02-19 00:00:00
20060152,decay 2,2006-02-19 03:00:00,2006-02-19 09:00:00
20060153,incipient,2006-02-18 12:00:00,2006-02-19 12:00:00
20060153,intensification,2006-02-19 15:00:00,2006-02-26 06:00:00
20060153,mature,2006-02-26 09:00:00,2006-02-26 18:00:00
20060153,decay,2006-02-26 21:00:00,2006-02-28 12:00:00
20060159,intensification,2006-02-21 09:00:00,2006-02-21 09:00:00
20060159,decay,2006-02-21 12:00:00,2006-02-22 09:00:00
20060171,decay,2006-02-24 03:00:00,2006-02-25 03:00:00
20060171,intensification,2006-02-25 06:00:00,2006-02-25 12:00:00
20060171,decay 2,2006-02-25 15:00:00,2006-02-26 03:00:00
20060173,incipient,2006-02-25 00:00:00,2006-02-25 03:00:00
20060173,intensification,2006-02-25 06:00:00,2006-02-26 03:00:00
20060173,mature,2006-02-26 06:00:00,2006-02-26 09:00:00
20060173,decay,2006-02-26 12:00:00,2006-02-27 00:00:00
20060176,intensification,2006-02-26 09:00:00,2006-02-27 12:00:00
20060176,mature,2006-02-27 15:00:00,2006-02-28 06:00:00
20060176,decay,2006-02-28 09:00:00,2006-03-04 00:00:00
20060187,incipient,2006-03-01 09:00:00,2006-03-01 15:00:00
20060187,intensification,2006-03-01 18:00:00,2006-03-03 15:00:00
20060187,mature,2006-03-03 18:00:00,2006-03-04 15:00:00
20060187,decay,2006-03-04 18:00:00,2006-03-09 09:00:00
20060192,incipient,2006-03-02 15:00:00,2006-03-03 03:00:00
20060192,intensification,2006-03-03 06:00:00,2006-03-04 21:00:00
20060192,mature,2006-03-05 00:00:00,2006-03-05 12:00:00
20060192,decay,2006-03-05 15:00:00,2006-03-07 15:00:00
20060209,incipient,2006-03-07 15:00:00,2006-03-07 21:00:00
20060209,intensification,2006-03-08 00:00:00,2006-03-08 00:00:00
20060209,decay,2006-03-08 03:00:00,2006-03-08 12:00:00
20060209,intensification 2,2006-03-08 15:00:00,2006-03-09 06:00:00
20060214,incipient,2006-03-09 15:00:00,2006-03-09 18:00:00
20060214,decay,2006-03-09 21:00:00,2006-03-10 06:00:00
20060214,intensification,2006-03-10 09:00:00,2006-03-10 18:00:00
20060214,decay 2,2006-03-10 21:00:00,2006-03-11 03:00:00
20060214,intensification 2,2006-03-11 06:00:00,2006-03-11 18:00:00
20060224,incipient,2006-03-11 12:00:00,2006-03-11 21:00:00
20060224,intensification,2006-03-12 00:00:00,2006-03-13 18:00:00
20060224,mature,2006-03-13 21:00:00,2006-03-14 06:00:00
20060224,decay,2006-03-14 09:00:00,2006-03-15 15:00:00
20060226,incipient,2006-03-12 00:00:00,2006-03-12 06:00:00
20060226,intensification,2006-03-12 09:00:00,2006-03-13 15:00:00
20060226,mature,2006-03-13 18:00:00,2006-03-14 09:00:00
20060226,decay,2006-03-14 12:00:00,2006-03-17 00:00:00
20060231,intensification,2006-03-13 06:00:00,2006-03-15 09:00:00
20060234,incipient,2006-03-14 12:00:00,2006-03-14 12:00:00
20060234,intensification,2006-03-14 15:00:00,2006-03-15 12:00:00
20060234,mature,2006-03-15 15:00:00,2006-03-15 21:00:00
20060234,decay,2006-03-16 00:00:00,2006-03-16 21:00:00
20060234,residual,2006-03-17 00:00:00,2006-03-18 21:00:00
20060242,incipient,2006-03-17 03:00:00,2006-03-17 15:00:00
20060242,intensification,2006-03-17 18:00:00,2006-03-19 12:00:00
20060242,mature,2006-03-19 15:00:00,2006-03-20 09:00:00
20060242,decay,2006-03-20 12:00:00,2006-03-24 06:00:00
20060242,residual,2006-03-24 09:00:00,2006-03-24 09:00:00
20060245,decay,2006-03-17 15:00:00,2006-03-18 03:00:00
20060245,intensification,2006-03-18 06:00:00,2006-03-18 09:00:00
20060245,decay 2,2006-03-18 12:00:00,2006-03-18 21:00:00
20060246,incipient,2006-03-18 03:00:00,2006-03-18 06:00:00
20060246,intensification,2006-03-18 09:00:00,2006-03-20 00:00:00
20060246,mature,2006-03-20 03:00:00,2006-03-20 15:00:00
20060246,decay,2006-03-20 18:00:00,2006-03-23 03:00:00
20060246,intensification 2,2006-03-23 06:00:00,2006-03-25 03:00:00
20060246,mature 2,2006-03-25 06:00:00,2006-03-25 18:00:00
20060246,decay 2,2006-03-25 21:00:00,2006-03-27 21:00:00
20060249,incipient,2006-03-19 03:00:00,2006-03-19 15:00:00
20060249,intensification,2006-03-19 18:00:00,2006-03-21 15:00:00
20060249,mature,2006-03-21 18:00:00,2006-03-22 03:00:00
20060249,decay,2006-03-22 06:00:00,2006-03-23 03:00:00
20060249,intensification 2,2006-03-23 06:00:00,2006-03-26 06:00:00
20060249,mature 2,2006-03-26 09:00:00,2006-03-27 03:00:00
20060249,decay 2,2006-03-27 06:00:00,2006-03-30 03:00:00
20060257,decay,2006-03-22 00:00:00,2006-03-22 12:00:00
20060257,intensification,2006-03-22 15:00:00,2006-03-23 06:00:00
20060257,mature,2006-03-23 09:00:00,2006-03-23 12:00:00
20060257,decay 2,2006-03-23 15:00:00,2006-03-24 03:00:00
20060260,incipient,2006-03-22 18:00:00,2006-03-23 06:00:00
20060260,intensification,2006-03-23 09:00:00,2006-03-24 15:00:00
20060260,mature,2006-03-24 18:00:00,2006-03-25 00:00:00
20060260,decay,2006-03-25 03:00:00,2006-03-25 09:00:00
20060262,incipient,2006-03-25 00:00:00,2006-03-25 00:00:00
20060262,decay,2006-03-25 03:00:00,2006-03-25 12:00:00
20060262,intensification,2006-03-25 15:00:00,2006-03-25 21:00:00
20060262,decay 2,2006-03-26 00:00:00,2006-03-26 09:00:00
20060268,intensification,2006-03-26 03:00:00,2006-03-26 21:00:00
20060268,mature,2006-03-27 00:00:00,2006-03-27 06:00:00
20060268,decay,2006-03-27 09:00:00,2006-03-29 21:00:00
20060272,incipient,2006-03-27 12:00:00,2006-03-27 18:00:00
20060272,intensification,2006-03-27 21:00:00,2006-03-28 12:00:00
20060272,mature,2006-03-28 15:00:00,2006-03-28 21:00:00
20060272,decay,2006-03-29 00:00:00,2006-03-30 00:00:00
20060280,incipient,2006-03-30 00:00:00,2006-03-30 00:00:00
20060280,intensification,2006-03-30 03:00:00,2006-03-30 12:00:00
20060280,mature,2006-03-30 15:00:00,2006-03-30 18:00:00
20060280,decay,2006-03-30 21:00:00,2006-04-01 00:00:00
20060283,decay,2006-03-30 15:00:00,2006-03-31 12:00:00
20060283,intensification,2006-03-31 15:00:00,2006-03-31 18:00:00
20060283,decay 2,2006-03-31 21:00:00,2006-04-01 12:00:00
20060284,intensification,2006-03-30 18:00:00,2006-03-31 18:00:00
20060295,incipient,2006-04-02 09:00:00,2006-04-02 12:00:00
20060295,intensification,2006-04-02 15:00:00,2006-04-04 00:00:00
20060295,mature,2006-04-04 03:00:00,2006-04-04 09:00:00
20060295,decay,2006-04-04 12:00:00,2006-04-04 21:00:00
20060301,incipient,2006-04-04 00:00:00,2006-04-04 00:00:00
20060301,intensification,2006-04-04 03:00:00,2006-04-04 18:00:00
20060301,mature,2006-04-04 21:00:00,2006-04-05 00:00:00
20060301,decay,2006-04-05 03:00:00,2006-04-06 09:00:00
20060303,incipient,2006-04-04 03:00:00,2006-04-04 09:00:00
20060303,decay,2006-04-04 12:00:00,2006-04-05 00:00:00
20060303,intensification,2006-04-05 03:00:00,2006-04-05 09:00:00
20060312,incipient,2006-04-07 12:00:00,2006-04-09 00:00:00
20060312,intensification,2006-04-09 03:00:00,2006-04-11 18:00:00
20060312,mature,2006-04-11 21:00:00,2006-04-12 21:00:00
20060312,decay,2006-04-13 00:00:00,2006-04-15 21:00:00
20060312,residual,2006-04-16 00:00:00,2006-04-18 03:00:00
20060321,intensification,2006-04-10 06:00:00,2006-04-11 00:00:00
20060321,mature,2006-04-11 03:00:00,2006-04-11 06:00:00
20060321,decay,2006-04-11 09:00:00,2006-04-13 00:00:00
20060321,residual,2006-04-13 03:00:00,2006-04-14 06:00:00
20060338,decay,2006-04-15 15:00:00,2006-04-17 15:00:00
20060338,intensification,2006-04-17 18:00:00,2006-04-18 15:00:00
20060344,incipient,2006-04-16 18:00:00,2006-04-17 06:00:00
20060344,intensification,2006-04-17 09:00:00,2006-04-17 12:00:00
20060344,decay,2006-04-17 15:00:00,2006-04-18 03:00:00
20060344,intensification 2,2006-04-18 06:00:00,2006-04-18 15:00:00
20060355,incipient,2006-04-19 15:00:00,2006-04-19 21:00:00
20060355,intensification,2006-04-20 00:00:00,2006-04-21 18:00:00
20060355,mature,2006-04-21 21:00:00,2006-04-22 03:00:00
20060355,decay,2006-04-22 06:00:00,2006-04-23 00:00:00
20060360,incipient,2006-04-21 00:00:00,2006-04-21 06:00:00
20060360,intensification,2006-04-21 09:00:00,2006-04-22 15:00:00
20060360,mature,2006-04-22 18:00:00,2006-04-23 03:00:00
20060360,decay,2006-04-23 06:00:00,2006-04-25 00:00:00
20060366,incipient,2006-04-23 06:00:00,2006-04-23 21:00:00
20060366,intensification,2006-04-24 00:00:00,2006-04-25 15:00:00
20060366,mature,2006-04-25 18:00:00,2006-04-26 06:00:00
20060366,decay,2006-04-26 09:00:00,2006-04-28 12:00:00
20060370,incipient,2006-04-24 12:00:00,2006-04-24 15:00:00
20060370,decay,2006-04-24 18:00:00,2006-04-25 03:00:00
20060370,intensification,2006-04-25 06:00:00,2006-04-25 06:00:00
20060370,decay 2,2006-04-25 09:00:00,2006-04-25 18:00:00
20060370,intensification 2,2006-04-25 21:00:00,2006-04-26 03:00:00
20060373,incipient,2006-04-25 09:00:00,2006-04-25 12:00:00
20060373,intensification,2006-04-25 15:00:00,2006-04-26 18:00:00
20060373,mature,2006-04-26 21:00:00,2006-04-27 03:00:00
20060373,decay,2006-04-27 06:00:00,2006-04-28 03:00:00
20060378,incipient,2006-04-26 12:00:00,2006-04-26 15:00:00
20060378,intensification,2006-04-26 18:00:00,2006-04-27 12:00:00
20060378,mature,2006-04-27 15:00:00,2006-04-27 18:00:00
20060378,decay,2006-04-27 21:00:00,2006-04-28 12:00:00
20060390,intensification,2006-05-01 03:00:00,2006-05-01 09:00:00
20060390,mature,2006-05-01 12:00:00,2006-05-01 15:00:00
20060390,decay,2006-05-01 18:00:00,2006-05-03 00:00:00
20060396,intensification,2006-05-03 12:00:00,2006-05-04 00:00:00
20060396,decay,2006-05-04 03:00:00,2006-05-04 12:00:00
20060399,incipient,2006-05-04 12:00:00,2006-05-05 00:00:00
20060399,decay,2006-05-05 03:00:00,2006-05-06 21:00:00
20060399,intensification,2006-05-07 00:00:00,2006-05-08 15:00:00
20060399,mature,2006-05-08 18:00:00,2006-05-09 03:00:00
20060399,decay 2,2006-05-09 06:00:00,2006-05-10 09:00:00
20060413,incipient,2006-05-09 03:00:00,2006-05-09 18:00:00
20060413,intensification,2006-05-09 21:00:00,2006-05-12 06:00:00
20060413,mature,2006-05-12 09:00:00,2006-05-13 03:00:00
20060413,decay,2006-05-13 06:00:00,2006-05-15 21:00:00
20060416,incipient,2006-05-09 15:00:00,2006-05-10 00:00:00
20060416,intensification,2006-05-10 03:00:00,2006-05-11 06:00:00
20060416,mature,2006-05-11 09:00:00,2006-05-11 15:00:00
20060416,decay,2006-05-11 18:00:00,2006-05-13 06:00:00
20060422,intensification,2006-05-13 00:00:00,2006-05-13 03:00:00
20060422,decay,2006-05-13 06:00:00,2006-05-14 00:00:00
20060423,intensification,2006-05-13 00:00:00,2006-05-13 03:00:00
20060423,decay,2006-05-13 06:00:00,2006-05-14 03:00:00
20060435,intensification,2006-05-15 09:00:00,2006-05-15 09:00:00
20060435,decay,2006-05-15 12:00:00,2006-05-16 06:00:00
20060438,incipient,2006-05-16 03:00:00,2006-05-16 15:00:00
20060438,intensification,2006-05-16 18:00:00,2006-05-17 18:00:00
20060438,mature,2006-05-17 21:00:00,2006-05-18 06:00:00
20060438,decay,2006-05-18 09:00:00,2006-05-19 21:00:00
20060442,incipient,2006-05-17 09:00:00,2006-05-17 12:00:00
20060442,intensification,2006-05-17 15:00:00,2006-05-18 03:00:00
20060442,mature,2006-05-18 06:00:00,2006-05-18 12:00:00
20060442,decay,2006-05-18 15:00:00,2006-05-19 21:00:00
20060443,intensification,2006-05-17 15:00:00,2006-05-18 00:00:00
20060443,mature,2006-05-18 03:00:00,2006-05-18 06:00:00
20060443,decay,2006-05-18 09:00:00,2006-05-19 03:00:00
20060443,residual,2006-05-19 06:00:00,2006-05-19 21:00:00
20060451,incipient,2006-05-19 12:00:00,2006-05-19 21:00:00
20060451,intensification,2006-05-20 00:00:00,2006-05-22 09:00:00
20060451,mature,2006-05-22 12:00:00,2006-05-22 21:00:00
20060451,decay,2006-05-23 00:00:00,2006-05-23 18:00:00
20060466,intensification,2006-05-23 06:00:00,2006-05-23 15:00:00
20060466,decay,2006-05-23 18:00:00,2006-05-24 09:00:00
20060482,incipient,2006-05-28 00:00:00,2006-05-28 09:00:00
20060482,intensification,2006-05-28 12:00:00,2006-05-29 15:00:00
20060482,mature,2006-05-29 18:00:00,2006-05-30 03:00:00
20060482,decay,2006-05-30 06:00:00,2006-05-31 21:00:00
20060488,intensification,2006-05-29 18:00:00,2006-05-30 09:00:00
20060488,mature,2006-05-30 12:00:00,2006-05-30 15:00:00
20060488,decay,2006-05-30 18:00:00,2006-06-01 03:00:00
20060491,intensification,2006-05-31 09:00:00,2006-06-02 00:00:00
20060491,mature,2006-06-02 03:00:00,2006-06-03 00:00:00
20060491,decay,2006-06-03 03:00:00,2006-06-07 21:00:00
20060498,incipient,2006-06-02 09:00:00,2006-06-02 12:00:00
20060498,intensification,2006-06-02 15:00:00,2006-06-03 12:00:00
20060498,mature,2006-06-03 15:00:00,2006-06-03 21:00:00
20060498,decay,2006-06-04 00:00:00,2006-06-04 18:00:00
20060499,incipient,2006-06-02 18:00:00,2006-06-03 09:00:00
20060499,intensification,2006-06-03 12:00:00,2006-06-05 21:00:00
20060499,mature,2006-06-06 00:00:00,2006-06-06 15:00:00
20060499,decay,2006-06-06 18:00:00,2006-06-11 12:00:00
20060503,incipient,2006-06-04 00:00:00,2006-06-04 00:00:00
20060503,intensification,2006-06-04 03:00:00,2006-06-04 18:00:00
20060503,mature,2006-06-04 21:00:00,2006-06-05 00:00:00
20060503,decay,2006-06-05 03:00:00,2006-06-05 06:00:00
20060508,decay,2006-06-05 12:00:00,2006-06-05 15:00:00
20060508,intensification,2006-06-05 18:00:00,2006-06-05 21:00:00
20060508,decay 2,2006-06-06 00:00:00,2006-06-06 15:00:00
20060524,intensification,2006-06-09 06:00:00,2006-06-09 09:00:00
20060524,decay,2006-06-09 12:00:00,2006-06-10 03:00:00
20060527,incipient,2006-06-10 12:00:00,2006-06-10 12:00:00
20060527,decay,2006-06-10 15:00:00,2006-06-11 15:00:00
20060527,residual,2006-06-11 18:00:00,2006-06-11 18:00:00
20060534,intensification,2006-06-12 06:00:00,2006-06-13 12:00:00
20060538,incipient,2006-06-14 00:00:00,2006-06-14 06:00:00
20060538,intensification,2006-06-14 09:00:00,2006-06-15 09:00:00
20060538,mature,2006-06-15 12:00:00,2006-06-15 18:00:00
20060538,decay,2006-06-15 21:00:00,2006-06-16 21:00:00
20060538,residual,2006-06-17 00:00:00,2006-06-17 15:00:00
20060544,intensification,2006-06-15 03:00:00,2006-06-17 09:00:00
20060564,incipient,2006-06-22 06:00:00,2006-06-22 15:00:00
20060564,intensification,2006-06-22 18:00:00,2006-06-24 06:00:00
20060564,mature,2006-06-24 09:00:00,2006-06-25 00:00:00
20060564,decay,2006-06-25 03:00:00,2006-06-28 06:00:00
20060573,intensification,2006-06-24 12:00:00,2006-06-27 00:00:00
20060582,incipient,2006-06-27 06:00:00,2006-06-27 06:00:00
20060582,intensification,2006-06-27 09:00:00,2006-06-28 15:00:00
20060582,mature,2006-06-28 18:00:00,2006-06-29 09:00:00
20060582,decay,2006-06-29 12:00:00,2006-07-03 03:00:00
20060582,residual,2006-07-03 06:00:00,2006-07-03 06:00:00
20060587,incipient,2006-06-28 15:00:00,2006-06-29 15:00:00
20060587,intensification,2006-06-29 18:00:00,2006-07-02 15:00:00
20060587,mature,2006-07-02 18:00:00,2006-07-03 12:00:00
20060587,decay,2006-07-03 15:00:00,2006-07-06 03:00:00
20060600,incipient,2006-07-01 06:00:00,2006-07-01 06:00:00
20060600,intensification,2006-07-01 09:00:00,2006-07-02 00:00:00
20060600,mature,2006-07-02 03:00:00,2006-07-02 09:00:00
20060600,decay,2006-07-02 12:00:00,2006-07-04 00:00:00
20060602,intensification,2006-07-02 09:00:00,2006-07-03 18:00:00
20060602,mature,2006-07-03 21:00:00,2006-07-04 09:00:00
20060602,decay,2006-07-04 12:00:00,2006-07-07 00:00:00
20060602,intensification 2,2006-07-07 03:00:00,2006-07-08 09:00:00
20060602,mature 2,2006-07-08 12:00:00,2006-07-08 21:00:00
20060602,decay 2,2006-07-09 00:00:00,2006-07-11 06:00:00
20060616,incipient,2006-07-07 15:00:00,2006-07-08 06:00:00
20060616,decay,2006-07-08 09:00:00,2006-07-08 18:00:00
20060616,intensification,2006-07-08 21:00:00,2006-07-09 03:00:00
20060616,decay 2,2006-07-09 06:00:00,2006-07-09 21:00:00
20060620,incipient,2006-07-08 18:00:00,2006-07-08 21:00:00
20060620,intensification,2006-07-09 00:00:00,2006-07-10 03:00:00
20060620,mature,2006-07-10 06:00:00,2006-07-10 15:00:00
20060620,decay,2006-07-10 18:00:00,2006-07-12 21:00:00
20060645,incipient,2006-07-14 12:00:00,2006-07-14 18:00:00
20060645,intensification,2006-07-14 21:00:00,2006-07-15 18:00:00
20060645,mature,2006-07-15 21:00:00,2006-07-16 00:00:00
20060645,decay,2006-07-16 03:00:00,2006-07-16 12:00:00
20060654,incipient,2006-07-18 00:00:00,2006-07-18 06:00:00
20060654,intensification,2006-07-18 09:00:00,2006-07-19 15:00:00
20060654,mature,2006-07-19 18:00:00,2006-07-20 06:00:00
20060654,decay,2006-07-20 09:00:00,2006-07-22 12:00:00
20060661,incipient,2006-07-20 12:00:00,2006-07-20 21:00:00
20060661,intensification,2006-07-21 00:00:00,2006-07-22 15:00:00
20060661,mature,2006-07-22 18:00:00,2006-07-23 06:00:00
20060661,decay,2006-07-23 09:00:00,2006-07-25 09:00:00
20060663,incipient,2006-07-20 18:00:00,2006-07-21 00:00:00
20060663,decay,2006-07-21 03:00:00,2006-07-21 15:00:00
20060663,intensification,2006-07-21 18:00:00,2006-07-21 18:00:00
20060663,decay 2,2006-07-21 21:00:00,2006-07-22 09:00:00
20060668,incipient,2006-07-22 06:00:00,2006-07-22 12:00:00
20060668,intensification,2006-07-22 15:00:00,2006-07-23 12:00:00
20060668,mature,2006-07-23 15:00:00,2006-07-23 18:00:00
20060668,decay,2006-07-23 21:00:00,2006-07-24 15:00:00
20060669,incipient,2006-07-22 09:00:00,2006-07-22 09:00:00
20060669,intensification,2006-07-22 12:00:00,2006-07-24 21:00:00
20060669,mature,2006-07-25 00:00:00,2006-07-25 12:00:00
20060669,decay,2006-07-25 15:00:00,2006-07-26 18:00:00
20060680,incipient,2006-07-26 12:00:00,2006-07-27 00:00:00
20060680,intensification,2006-07-27 03:00:00,2006-07-28 12:00:00
20060680,mature,2006-07-28 15:00:00,2006-07-29 00:00:00
20060680,decay,2006-07-29 03:00:00,2006-07-30 00:00:00
20060708,incipient,2006-08-01 15:00:00,2006-08-02 09:00:00
20060708,intensification,2006-08-02 12:00:00,2006-08-04 06:00:00
20060708,mature,2006-08-04 09:00:00,2006-08-04 21:00:00
20060708,decay,2006-08-05 00:00:00,2006-08-06 12:00:00
20060708,residual,2006-08-06 15:00:00,2006-08-06 18:00:00
20060715,incipient,2006-08-04 18:00:00,2006-08-05 18:00:00
20060715,intensification,2006-08-05 21:00:00,2006-08-07 21:00:00
20060715,mature,2006-08-08 00:00:00,2006-08-08 12:00:00
20060715,decay,2006-08-08 15:00:00,2006-08-09 12:00:00
20060722,intensification,2006-08-07 03:00:00,2006-08-07 15:00:00
20060722,mature,2006-08-07 18:00:00,2006-08-07 21:00:00
20060722,decay,2006-08-08 00:00:00,2006-08-08 21:00:00
20060722,residual,2006-08-09 00:00:00,2006-08-09 12:00:00
20060731,incipient,2006-08-09 15:00:00,2006-08-09 15:00:00
20060731,intensification,2006-08-09 18:00:00,2006-08-10 06:00:00
20060731,mature,2006-08-10 09:00:00,2006-08-10 12:00:00
20060731,decay,2006-08-10 15:00:00,2006-08-11 09:00:00
20060731,residual,2006-08-11 12:00:00,2006-08-12 03:00:00
20060739,incipient,2006-08-11 03:00:00,2006-08-11 09:00:00
20060739,intensification,2006-08-11 12:00:00,2006-08-12 09:00:00
20060739,mature,2006-08-12 12:00:00,2006-08-12 21:00:00
20060739,decay,2006-08-13 00:00:00,2006-08-15 03:00:00
20070008,incipient,2007-01-02 15:00:00,2007-01-02 18:00:00
20070008,decay,2007-01-02 21:00:00,2007-01-03 00:00:00
20070008,intensification,2007-01-03 03:00:00,2007-01-03 06:00:00
20070008,decay 2,2007-01-03 09:00:00,2007-01-03 18:00:00
20070019,intensification,2007-01-06 00:00:00,2007-01-06 09:00:00
20070019,decay,2007-01-06 12:00:00,2007-01-07 09:00:00
20070027,intensification,2007-01-08 03:00:00,2007-01-08 21:00:00
20070027,decay,2007-01-09 00:00:00,2007-01-09 21:00:00
20070032,incipient,2007-01-09 15:00:00,2007-01-10 00:00:00
20070032,intensification,2007-01-10 03:00:00,2007-01-11 15:00:00
20070032,mature,2007-01-11 18:00:00,2007-01-12 03:00:00
20070032,decay,2007-01-12 06:00:00,2007-01-13 18:00:00
20070034,decay,2007-01-10 00:00:00,2007-01-10 12:00:00
20070034,intensification,2007-01-10 15:00:00,2007-01-10 21:00:00
20070034,decay 2,2007-01-11 00:00:00,2007-01-11 06:00:00
20070038,decay,2007-01-11 12:00:00,2007-01-11 21:00:00
20070038,intensification,2007-01-12 00:00:00,2007-01-13 12:00:00
20070042,incipient,2007-01-12 12:00:00,2007-01-12 12:00:00
20070042,decay,2007-01-12 15:00:00,2007-01-13 00:00:00
20070042,intensification,2007-01-13 03:00:00,2007-01-13 03:00:00
20070042,decay 2,2007-01-13 06:00:00,2007-01-13 18:00:00
20070046,incipient,2007-01-13 00:00:00,2007-01-13 06:00:00
20070046,intensification,2007-01-13 09:00:00,2007-01-15 03:00:00
20070046,mature,2007-01-15 06:00:00,2007-01-15 21:00:00
20070046,decay,2007-01-16 00:00:00,2007-01-18 12:00:00
20070056,intensification,2007-01-16 12:00:00,2007-01-17 15:00:00
20070061,incipient,2007-01-18 03:00:00,2007-01-19 06:00:00
20070061,intensification,2007-01-19 09:00:00,2007-01-21 15:00:00
20070061,mature,2007-01-21 18:00:00,2007-01-22 12:00:00
20070061,decay,2007-01-22 15:00:00,2007-01-24 09:00:00
20070073,intensification,2007-01-23 06:00:00,2007-01-23 21:00:00
20070073,decay,2007-01-24 00:00:00,2007-01-24 21:00:00
20070084,incipient,2007-01-26 12:00:00,2007-01-26 15:00:00
20070084,intensification,2007-01-26 18:00:00,2007-01-27 09:00:00
20070084,mature,2007-01-27 12:00:00,2007-01-27 15:00:00
20070084,decay,2007-01-27 18:00:00,2007-01-28 03:00:00
20070086,incipient,2007-01-26 18:00:00,2007-01-26 21:00:00
20070086,decay,2007-01-27 00:00:00,2007-01-27 09:00:00
20070086,intensification,2007-01-27 12:00:00,2007-01-27 21:00:00
20070086,decay 2,2007-01-28 00:00:00,2007-01-28 06:00:00
20070087,intensification,2007-01-27 00:00:00,2007-01-29 18:00:00
20070092,incipient,2007-01-29 09:00:00,2007-01-29 12:00:00
20070092,intensification,2007-01-29 15:00:00,2007-01-31 12:00:00
20070092,mature,2007-01-31 15:00:00,2007-02-01 03:00:00
20070092,decay,2007-02-01 06:00:00,2007-02-03 09:00:00
20070092,intensification 2,2007-02-03 12:00:00,2007-02-07 12:00:00
20070092,mature 2,2007-02-07 15:00:00,2007-02-08 09:00:00
20070092,decay 2,2007-02-08 12:00:00,2007-02-10 18:00:00
20070094,incipient,2007-01-29 18:00:00,2007-01-30 00:00:00
20070094,intensification,2007-01-30 03:00:00,2007-01-30 21:00:00
20070094,mature,2007-01-31 00:00:00,2007-01-31 06:00:00
20070094,decay,2007-01-31 09:00:00,2007-02-01 12:00:00
20070106,incipient,2007-02-03 15:00:00,2007-02-03 21:00:00
20070106,intensification,2007-02-04 00:00:00,2007-02-09 03:00:00
20070106,mature,2007-02-09 06:00:00,2007-02-10 18:00:00
20070106,decay,2007-02-10 21:00:00,2007-02-16 03:00:00
20070108,incipient,2007-02-04 00:00:00,2007-02-04 06:00:00
20070108,intensification,2007-02-04 09:00:00,2007-02-06 18:00:00
20070108,mature,2007-02-06 21:00:00,2007-02-07 06:00:00
20070108,decay,2007-02-07 09:00:00,2007-02-07 15:00:00
20070118,decay,2007-02-08 09:00:00,2007-02-09 15:00:00
20070118,intensification,2007-02-09 18:00:00,2007-02-12 12:00:00
20070118,mature,2007-02-12 15:00:00,2007-02-13 12:00:00
20070118,decay 2,2007-02-13 15:00:00,2007-02-17 09:00:00
20070131,incipient,2007-02-12 12:00:00,2007-02-12 12:00:00
20070131,intensification,2007-02-12 15:00:00,2007-02-13 09:00:00
20070131,mature,2007-02-13 12:00:00,2007-02-13 15:00:00
20070131,decay,2007-02-13 18:00:00,2007-02-14 00:00:00
20070132,incipient,2007-02-13 03:00:00,2007-02-13 06:00:00
20070132,intensification,2007-02-13 09:00:00,2007-02-13 21:00:00
20070132,mature,2007-02-14 00:00:00,2007-02-14 03:00:00
20070132,decay,2007-02-14 06:00:00,2007-02-14 12:00:00
20070135,incipient,2007-02-14 09:00:00,2007-02-14 09:00:00
20070135,intensification,2007-02-14 12:00:00,2007-02-15 00:00:00
20070135,mature,2007-02-15 03:00:00,2007-02-15 06:00:00
20070135,decay,2007-02-15 09:00:00,2007-02-16 06:00:00
20070139,incipient,2007-02-15 09:00:00,2007-02-15 21:00:00
20070139,intensification,2007-02-16 00:00:00,2007-02-18 00:00:00
20070139,mature,2007-02-18 03:00:00,2007-02-18 12:00:00
20070139,decay,2007-02-18 15:00:00,2007-02-19 00:00:00
20070139,intensification 2,2007-02-19 03:00:00,2007-02-19 21:00:00
20070139,mature 2,2007-02-20 00:00:00,2007-02-20 06:00:00
20070139,decay 2,2007-02-20 09:00:00,2007-02-21 15:00:00
20070168,intensification,2007-02-24 06:00:00,2007-02-25 00:00:00
20070168,decay,2007-02-25 03:00:00,2007-02-26 00:00:00
20070170,intensification,2007-02-24 09:00:00,2007-02-25 00:00:00
20070170,decay,2007-02-25 03:00:00,2007-02-25 12:00:00
20070173,incipient,2007-02-25 15:00:00,2007-02-25 18:00:00
20070173,intensification,2007-02-25 21:00:00,2007-02-27 03:00:00
20070173,mature,2007-02-27 06:00:00,2007-02-27 18:00:00
20070173,decay,2007-02-27 21:00:00,2007-03-02 12:00:00
20070177,incipient,2007-02-27 12:00:00,2007-02-27 18:00:00
20070177,intensification,2007-02-27 21:00:00,2007-02-28 06:00:00
20070177,mature,2007-02-28 09:00:00,2007-02-28 12:00:00
20070177,decay,2007-02-28 15:00:00,2007-02-28 21:00:00
20070187,incipient,2007-03-02 03:00:00,2007-03-02 21:00:00
20070187,intensification,2007-03-03 00:00:00,2007-03-04 15:00:00
20070187,mature,2007-03-04 18:00:00,2007-03-05 06:00:00
20070187,decay,2007-03-05 09:00:00,2007-03-06 06:00:00
20070187,residual,2007-03-06 09:00:00,2007-03-07 03:00:00
20070195,incipient,2007-03-04 12:00:00,2007-03-04 18:00:00
20070195,intensification,2007-03-04 21:00:00,2007-03-05 12:00:00
20070195,mature,2007-03-05 15:00:00,2007-03-05 18:00:00
20070195,decay,2007-03-05 21:00:00,2007-03-06 12:00:00
20070197,incipient,2007-03-04 15:00:00,2007-03-04 15:00:00
20070197,intensification,2007-03-04 18:00:00,2007-03-06 06:00:00
20070197,mature,2007-03-06 09:00:00,2007-03-07 00:00:00
20070197,decay,2007-03-07 03:00:00,2007-03-10 18:00:00
20070202,incipient,2007-03-06 18:00:00,2007-03-07 06:00:00
20070202,intensification,2007-03-07 09:00:00,2007-03-09 06:00:00
20070202,mature,2007-03-09 09:00:00,2007-03-10 06:00:00
20070202,decay,2007-03-10 09:00:00,2007-03-14 15:00:00
20070215,intensification,2007-03-12 18:00:00,2007-03-13 06:00:00
20070215,mature,2007-03-13 09:00:00,2007-03-13 18:00:00
20070215,decay,2007-03-13 21:00:00,2007-03-16 09:00:00
20070219,incipient,2007-03-14 03:00:00,2007-03-15 00:00:00
20070219,intensification,2007-03-15 03:00:00,2007-03-17 15:00:00
20070219,mature,2007-03-17 18:00:00,2007-03-18 21:00:00
20070219,decay,2007-03-19 00:00:00,2007-03-23 21:00:00
20070227,decay,2007-03-16 15:00:00,2007-03-18 06:00:00
20070231,incipient,2007-03-17 03:00:00,2007-03-17 09:00:00
20070231,intensification,2007-03-17 12:00:00,2007-03-18 06:00:00
20070231,mature,2007-03-18 09:00:00,2007-03-18 12:00:00
20070231,decay,2007-03-18 15:00:00,2007-03-19 03:00:00
20070241,incipient,2007-03-19 03:00:00,2007-03-20 09:00:00
20070241,decay,2007-03-20 12:00:00,2007-03-25 03:00:00
20070241,intensification,2007-03-25 06:00:00,2007-03-28 09:00:00
20070241,mature,2007-03-28 12:00:00,2007-03-29 03:00:00
20070241,decay 2,2007-03-29 06:00:00,2007-03-31 06:00:00
20070250,incipient,2007-03-22 12:00:00,2007-03-23 00:00:00
20070250,intensification,2007-03-23 03:00:00,2007-03-25 00:00:00
20070250,mature,2007-03-25 03:00:00,2007-03-26 06:00:00
20070250,decay,2007-03-26 09:00:00,2007-03-31 18:00:00
20070262,incipient,2007-03-29 12:00:00,2007-03-29 21:00:00
20070262,intensification,2007-03-30 00:00:00,2007-03-31 03:00:00
20070262,mature,2007-03-31 06:00:00,2007-03-31 15:00:00
20070262,decay,2007-03-31 18:00:00,2007-04-02 03:00:00
20070265,incipient,2007-03-30 18:00:00,2007-03-31 09:00:00
20070265,intensification,2007-03-31 12:00:00,2007-04-02 03:00:00
20070265,mature,2007-04-02 06:00:00,2007-04-02 12:00:00
20070265,decay,2007-04-02 15:00:00,2007-04-03 09:00:00
20070270,incipient,2007-04-02 00:00:00,2007-04-02 12:00:00
20070270,decay,2007-04-02 15:00:00,2007-04-02 18:00:00
20070270,intensification,2007-04-02 21:00:00,2007-04-03 03:00:00
20070270,decay 2,2007-04-03 06:00:00,2007-04-03 18:00:00
20070274,intensification,2007-04-03 12:00:00,2007-04-03 21:00:00
20070274,mature,2007-04-04 00:00:00,2007-04-04 03:00:00
20070274,decay,2007-04-04 06:00:00,2007-04-05 00:00:00
20070274,residual,2007-04-05 03:00:00,2007-04-05 03:00:00
20070275,decay,2007-04-03 15:00:00,2007-04-04 18:00:00
20070275,intensification,2007-04-04 21:00:00,2007-04-10 06:00:00
20070275,mature,2007-04-10 09:00:00,2007-04-11 09:00:00
20070275,decay 2,2007-04-11 12:00:00,2007-04-13 21:00:00
20070275,residual,2007-04-14 00:00:00,2007-04-14 00:00:00
20070288,incipient,2007-04-07 15:00:00,2007-04-07 21:00:00
20070288,intensification,2007-04-08 00:00:00,2007-04-08 18:00:00
20070288,mature,2007-04-08 21:00:00,2007-04-09 03:00:00
20070288,decay,2007-04-09 06:00:00,2007-04-10 15:00:00
20070296,incipient,2007-04-09 12:00:00,2007-04-09 12:00:00
20070296,intensification,2007-04-09 15:00:00,2007-04-12 00:00:00
20070296,mature,2007-04-12 03:00:00,2007-04-12 09:00:00
20070296,decay,2007-04-12 12:00:00,2007-04-12 15:00:00
20070299,decay,2007-04-10 09:00:00,2007-04-11 03:00:00
20070299,intensification,2007-04-11 06:00:00,2007-04-11 12:00:00
20070299,decay 2,2007-04-11 15:00:00,2007-04-12 09:00:00
20070301,intensification,2007-04-11 06:00:00,2007-04-12 06:00:00
20070301,incipient,2007-04-12 09:00:00,2007-04-13 00:00:00
20070301,decay,2007-04-13 03:00:00,2007-04-13 21:00:00
20070304,incipient,2007-04-11 15:00:00,2007-04-11 21:00:00
20070304,intensification,2007-04-12 00:00:00,2007-04-13 00:00:00
20070304,mature,2007-04-13 03:00:00,2007-04-13 09:00:00
20070304,decay,2007-04-13 12:00:00,2007-04-14 15:00:00
20070305,incipient,2007-04-12 18:00:00,2007-04-12 21:00:00
20070305,intensification,2007-04-13 00:00:00,2007-04-13 12:00:00
20070305,mature,2007-04-13 15:00:00,2007-04-13 18:00:00
20070305,decay,2007-04-13 21:00:00,2007-04-13 21:00:00
20070308,incipient,2007-04-13 15:00:00,2007-04-13 15:00:00
20070308,intensification,2007-04-13 18:00:00,2007-04-14 21:00:00
20070308,mature,2007-04-15 00:00:00,2007-04-15 12:00:00
20070308,decay,2007-04-15 15:00:00,2007-04-18 06:00:00
20070316,incipient,2007-04-15 00:00:00,2007-04-15 06:00:00
20070316,intensification,2007-04-15 09:00:00,2007-04-16 09:00:00
20070316,mature,2007-04-16 12:00:00,2007-04-16 18:00:00
20070316,decay,2007-04-16 21:00:00,2007-04-18 09:00:00
20070322,incipient,2007-04-16 18:00:00,2007-04-17 06:00:00
20070322,intensification,2007-04-17 09:00:00,2007-04-21 09:00:00
20070322,mature,2007-04-21 12:00:00,2007-04-22 06:00:00
20070322,decay,2007-04-22 09:00:00,2007-04-24 00:00:00
20070327,incipient,2007-04-18 00:00:00,2007-04-18 00:00:00
20070327,intensification,2007-04-18 03:00:00,2007-04-19 06:00:00
20070327,mature,2007-04-19 09:00:00,2007-04-19 15:00:00
20070327,decay,2007-04-19 18:00:00,2007-04-22 09:00:00
20070340,incipient,2007-04-22 12:00:00,2007-04-22 15:00:00
20070340,intensification,2007-04-22 18:00:00,2007-04-24 00:00:00
20070340,mature,2007-04-24 03:00:00,2007-04-24 09:00:00
20070340,decay,2007-04-24 12:00:00,2007-04-25 06:00:00
20070346,incipient,2007-04-24 00:00:00,2007-04-24 06:00:00
20070346,intensification,2007-04-24 09:00:00,2007-04-25 15:00:00
20070346,mature,2007-04-25 18:00:00,2007-04-26 12:00:00
20070346,decay,2007-04-26 15:00:00,2007-04-30 06:00:00
20070362,intensification,2007-04-30 03:00:00,2007-04-30 15:00:00
20070362,decay,2007-04-30 18:00:00,2007-05-01 15:00:00
20070383,intensification,2007-05-06 12:00:00,2007-05-07 12:00:00
20070387,incipient,2007-05-07 18:00:00,2007-05-07 21:00:00
20070387,intensification,2007-05-08 00:00:00,2007-05-08 15:00:00
20070387,mature,2007-05-08 18:00:00,2007-05-08 21:00:00
20070387,decay,2007-05-09 00:00:00,2007-05-09 09:00:00
20070399,incipient,2007-05-10 09:00:00,2007-05-11 03:00:00
20070399,intensification,2007-05-11 06:00:00,2007-05-13 03:00:00
20070399,mature,2007-05-13 06:00:00,2007-05-13 18:00:00
20070399,decay,2007-05-13 21:00:00,2007-05-15 09:00:00
20070407,incipient,2007-05-13 12:00:00,2007-05-14 00:00:00
20070407,intensification,2007-05-14 03:00:00,2007-05-14 03:00:00
20070407,decay,2007-05-14 06:00:00,2007-05-15 00:00:00
20070407,intensification 2,2007-05-15 03:00:00,2007-05-15 15:00:00
20070413,intensification,2007-05-15 03:00:00,2007-05-15 21:00:00
20070413,mature,2007-05-16 00:00:00,2007-05-16 03:00:00
20070413,decay,2007-05-16 06:00:00,2007-05-16 12:00:00
20070413,intensification 2,2007-05-16 15:00:00,2007-05-17 21:00:00
20070413,mature 2,2007-05-18 00:00:00,2007-05-18 06:00:00
20070413,decay 2,2007-05-18 09:00:00,2007-05-19 03:00:00
20070416,incipient,2007-05-15 15:00:00,2007-05-16 00:00:00
20070416,intensification,2007-05-16 03:00:00,2007-05-17 15:00:00
20070416,mature,2007-05-17 18:00:00,2007-05-18 09:00:00
20070416,decay,2007-05-18 12:00:00,2007-05-21 21:00:00
20070434,incipient,2007-05-21 03:00:00,2007-05-22 03:00:00
20070434,intensification,2007-05-22 06:00:00,2007-05-24 06:00:00
20070434,mature,2007-05-24 09:00:00,2007-05-24 18:00:00
20070434,decay,2007-05-24 21:00:00,2007-05-25 03:00:00
20070439,intensification,2007-05-22 03:00:00,2007-05-22 18:00:00
20070439,decay,2007-05-22 21:00:00,2007-05-23 15:00:00
20070443,incipient,2007-05-23 18:00:00,2007-05-23 18:00:00
20070443,intensification,2007-05-23 21:00:00,2007-05-24 09:00:00
20070443,mature,2007-05-24 12:00:00,2007-05-24 15:00:00
20070443,decay,2007-05-24 18:00:00,2007-05-25 18:00:00
20070457,incipient,2007-05-27 15:00:00,2007-05-27 21:00:00
20070457,intensification,2007-05-28 00:00:00,2007-05-28 21:00:00
20070457,mature,2007-05-29 00:00:00,2007-05-29 06:00:00
20070457,decay,2007-05-29 09:00:00,2007-05-30 03:00:00
20070458,incipient,2007-05-27 18:00:00,2007-05-28 00:00:00
20070458,intensification,2007-05-28 03:00:00,2007-05-28 12:00:00
20070458,mature,2007-05-28 15:00:00,2007-05-28 18:00:00
20070458,decay,2007-05-28 21:00:00,2007-05-29 00:00:00
20070470,intensification,2007-06-01 09:00:00,2007-06-02 03:00:00
20070470,decay,2007-06-02 06:00:00,2007-06-02 09:00:00
20070473,intensification,2007-06-02 06:00:00,2007-06-02 18:00:00
20070473,decay,2007-06-02 21:00:00,2007-06-03 09:00:00
20070474,incipient,2007-06-02 09:00:00,2007-06-03 00:00:00
20070474,intensification,2007-06-03 03:00:00,2007-06-05 21:00:00
20070474,mature,2007-06-06 00:00:00,2007-06-07 00:00:00
20070474,decay,2007-06-07 03:00:00,2007-06-10 18:00:00
20070492,incipient,2007-06-07 03:00:00,2007-06-07 03:00:00
20070492,intensification,2007-06-07 06:00:00,2007-06-08 18:00:00
20070492,mature,2007-06-08 21:00:00,2007-06-09 00:00:00
20070492,decay,2007-06-09 03:00:00,2007-06-09 12:00:00
20070495,decay,2007-06-07 12:00:00,2007-06-08 00:00:00
20070495,intensification,2007-06-08 03:00:00,2007-06-08 18:00:00
20070495,decay 2,2007-06-08 21:00:00,2007-06-09 09:00:00
20070498,incipient,2007-06-09 00:00:00,2007-06-10 03:00:00
20070498,intensification,2007-06-10 06:00:00,2007-06-12 09:00:00
20070498,mature,2007-06-12 12:00:00,2007-06-13 06:00:00
20070498,decay,2007-06-13 09:00:00,2007-06-15 12:00:00
20070498,residual,2007-06-15 15:00:00,2007-06-15 15:00:00
20070506,incipient,2007-06-11 03:00:00,2007-06-11 18:00:00
20070506,intensification,2007-06-11 21:00:00,2007-06-13 09:00:00
20070506,mature,2007-06-13 12:00:00,2007-06-13 21:00:00
20070506,decay,2007-06-14 00:00:00,2007-06-15 06:00:00
20070506,residual,2007-06-15 09:00:00,2007-06-15 18:00:00
20070509,incipient,2007-06-11 18:00:00,2007-06-12 03:00:00
20070509,intensification,2007-06-12 06:00:00,2007-06-14 03:00:00
20070509,mature,2007-06-14 06:00:00,2007-06-15 00:00:00
20070509,decay,2007-06-15 03:00:00,2007-06-18 18:00:00
20070512,intensification,2007-06-13 00:00:00,2007-06-15 03:00:00
20070518,incipient,2007-06-14 12:00:00,2007-06-14 15:00:00
20070518,intensification,2007-06-14 18:00:00,2007-06-15 18:00:00
20070518,mature,2007-06-15 21:00:00,2007-06-16 03:00:00
20070518,decay,2007-06-16 06:00:00,2007-06-17 21:00:00
20070519,incipient,2007-06-14 15:00:00,2007-06-14 21:00:00
20070519,intensification,2007-06-15 00:00:00,2007-06-17 00:00:00
20070519,mature,2007-06-17 03:00:00,2007-06-17 21:00:00
20070519,decay,2007-06-18 00:00:00,2007-06-21 18:00:00
20070521,intensification,2007-06-14 18:00:00,2007-06-15 03:00:00
20070521,decay,2007-06-15 06:00:00,2007-06-15 15:00:00
20070528,incipient,2007-06-19 12:00:00,2007-06-19 15:00:00
20070528,intensification,2007-06-19 18:00:00,2007-06-20 06:00:00
20070528,mature,2007-06-20 09:00:00,2007-06-20 12:00:00
20070528,decay,2007-06-20 15:00:00,2007-06-20 21:00:00
20070530,incipient,2007-06-20 09:00:00,2007-06-20 15:00:00
20070530,intensification,2007-06-20 18:00:00,2007-06-21 06:00:00
20070530,mature,2007-06-21 09:00:00,2007-06-21 12:00:00
20070530,decay,2007-06-21 15:00:00,2007-06-22 03:00:00
20070532,incipient,2007-06-20 18:00:00,2007-06-20 21:00:00
20070532,intensification,2007-06-21 00:00:00,2007-06-22 00:00:00
20070532,mature,2007-06-22 03:00:00,2007-06-22 12:00:00
20070532,decay,2007-06-22 15:00:00,2007-06-24 15:00:00
20070557,incipient,2007-06-27 09:00:00,2007-06-27 15:00:00
20070557,intensification,2007-06-27 18:00:00,2007-06-28 09:00:00
20070557,mature,2007-06-28 12:00:00,2007-06-28 15:00:00
20070557,decay,2007-06-28 18:00:00,2007-06-29 00:00:00
20070562,incipient,2007-06-28 06:00:00,2007-06-28 09:00:00
20070562,intensification,2007-06-28 12:00:00,2007-06-29 00:00:00
20070562,mature,2007-06-29 03:00:00,2007-06-29 06:00:00
20070562,decay,2007-06-29 09:00:00,2007-06-30 00:00:00
20070573,incipient,2007-07-03 06:00:00,2007-07-03 18:00:00
20070573,intensification,2007-07-03 21:00:00,2007-07-05 06:00:00
20070573,mature,2007-07-05 09:00:00,2007-07-05 18:00:00
20070573,decay,2007-07-05 21:00:00,2007-07-07 00:00:00
20070575,incipient,2007-07-03 15:00:00,2007-07-03 21:00:00
20070575,intensification,2007-07-04 00:00:00,2007-07-04 12:00:00
20070575,mature,2007-07-04 15:00:00,2007-07-04 18:00:00
20070575,decay,2007-07-04 21:00:00,2007-07-05 09:00:00
20070578,incipient,2007-07-05 00:00:00,2007-07-05 09:00:00
20070578,intensification,2007-07-05 12:00:00,2007-07-05 15:00:00
20070578,decay,2007-07-05 18:00:00,2007-07-06 00:00:00
20070578,intensification 2,2007-07-06 03:00:00,2007-07-07 00:00:00
20070584,incipient,2007-07-06 09:00:00,2007-07-06 09:00:00
20070584,intensification,2007-07-06 12:00:00,2007-07-07 09:00:00
20070584,mature,2007-07-07 12:00:00,2007-07-07 15:00:00
20070584,decay,2007-07-07 18:00:00,2007-07-08 12:00:00
20070601,intensification,2007-07-10 18:00:00,2007-07-12 03:00:00
20070608,incipient,2007-07-13 18:00:00,2007-07-14 00:00:00
20070608,intensification,2007-07-14 03:00:00,2007-07-18 15:00:00
20070608,mature,2007-07-18 18:00:00,2007-07-19 09:00:00
20070608,decay,2007-07-19 12:00:00,2007-07-22 03:00:00
20070615,incipient,2007-07-15 12:00:00,2007-07-15 12:00:00
20070615,intensification,2007-07-15 15:00:00,2007-07-16 09:00:00
20070615,mature,2007-07-16 12:00:00,2007-07-16 18:00:00
20070615,decay,2007-07-16 21:00:00,2007-07-18 12:00:00
20070623,intensification,2007-07-18 06:00:00,2007-07-19 15:00:00
20070623,mature,2007-07-19 18:00:00,2007-07-20 09:00:00
20070623,decay,2007-07-20 12:00:00,2007-07-24 06:00:00
20070633,incipient,2007-07-21 18:00:00,2007-07-22 03:00:00
20070633,intensification,2007-07-22 06:00:00,2007-07-23 15:00:00
20070633,mature,2007-07-23 18:00:00,2007-07-24 06:00:00
20070633,decay,2007-07-24 09:00:00,2007-07-26 18:00:00
20070643,incipient,2007-07-24 15:00:00,2007-07-25 03:00:00
20070643,intensification,2007-07-25 06:00:00,2007-07-26 18:00:00
20070643,mature,2007-07-26 21:00:00,2007-07-27 09:00:00
20070643,decay,2007-07-27 12:00:00,2007-07-29 03:00:00
20070645,intensification,2007-07-25 03:00:00,2007-07-25 09:00:00
20070645,decay,2007-07-25 12:00:00,2007-07-26 06:00:00
20070648,incipient,2007-07-26 06:00:00,2007-07-26 06:00:00
20070648,intensification,2007-07-26 09:00:00,2007-07-27 09:00:00
20070648,mature,2007-07-27 12:00:00,2007-07-28 00:00:00
20070648,decay,2007-07-28 03:00:00,2007-07-30 18:00:00
20070652,intensification,2007-07-28 09:00:00,2007-07-28 15:00:00
20070652,decay,2007-07-28 18:00:00,2007-07-29 12:00:00
20070682,intensification,2007-08-04 00:00:00,2007-08-04 12:00:00
20070682,decay,2007-08-04 15:00:00,2007-08-05 09:00:00
20070685,decay,2007-08-05 03:00:00,2007-08-05 15:00:00
20070685,intensification,2007-08-05 18:00:00,2007-08-05 21:00:00
20070685,decay 2,2007-08-06 00:00:00,2007-08-06 12:00:00
20070695,incipient,2007-08-08 03:00:00,2007-08-08 09:00:00
20070695,intensification,2007-08-08 12:00:00,2007-08-11 15:00:00
20070695,mature,2007-08-11 18:00:00,2007-08-12 15:00:00
20070695,decay,2007-08-12 18:00:00,2007-08-16 09:00:00
20070707,intensification,2007-08-12 18:00:00,2007-08-13 09:00:00
20070707,mature,2007-08-13 12:00:00,2007-08-13 15:00:00
20070707,decay,2007-08-13 18:00:00,2007-08-14 18:00:00
20080005,intensification,2008-01-01 06:00:00,2008-01-01 12:00:00
20080005,decay,2008-01-01 15:00:00,2008-01-02 03:00:00
20080007,intensification,2008-01-01 15:00:00,2008-01-02 03:00:00
20080007,decay,2008-01-02 06:00:00,2008-01-02 21:00:00
20080009,incipient,2008-01-02 12:00:00,2008-01-02 18:00:00
20080009,intensification,2008-01-02 21:00:00,2008-01-04 00:00:00
20080009,mature,2008-01-04 03:00:00,2008-01-04 09:00:00
20080009,decay,2008-01-04 12:00:00,2008-01-07 03:00:00
20080010,incipient,2008-01-03 03:00:00,2008-01-03 09:00:00
20080010,intensification,2008-01-03 12:00:00,2008-01-04 00:00:00
20080010,mature,2008-01-04 03:00:00,2008-01-04 09:00:00
20080010,decay,2008-01-04 12:00:00,2008-01-05 09:00:00
20080013,intensification,2008-01-04 12:00:00,2008-01-04 21:00:00
20080013,mature,2008-01-05 00:00:00,2008-01-05 03:00:00
20080013,decay,2008-01-05 06:00:00,2008-01-06 21:00:00
20080013,residual,2008-01-07 00:00:00,2008-01-08 00:00:00
20080014,incipient,2008-01-05 00:00:00,2008-01-05 06:00:00
20080014,intensification,2008-01-05 09:00:00,2008-01-06 06:00:00
20080014,mature,2008-01-06 09:00:00,2008-01-06 18:00:00
20080014,decay,2008-01-06 21:00:00,2008-01-09 00:00:00
20080015,incipient,2008-01-05 03:00:00,2008-01-05 09:00:00
20080015,intensification,2008-01-05 12:00:00,2008-01-07 00:00:00
20080015,mature,2008-01-07 03:00:00,2008-01-07 18:00:00
20080015,decay,2008-01-07 21:00:00,2008-01-10 21:00:00
20080015,residual,2008-01-11 00:00:00,2008-01-13 09:00:00
20080021,incipient,2008-01-06 15:00:00,2008-01-06 15:00:00
20080021,intensification,2008-01-06 18:00:00,2008-01-07 09:00:00
20080021,mature,2008-01-07 12:00:00,2008-01-07 15:00:00
20080021,decay,2008-01-07 18:00:00,2008-01-08 21:00:00
20080029,incipient,2008-01-09 18:00:00,2008-01-10 03:00:00
20080029,intensification,2008-01-10 06:00:00,2008-01-11 06:00:00
20080029,mature,2008-01-11 09:00:00,2008-01-11 12:00:00
20080029,decay,2008-01-11 15:00:00,2008-01-12 09:00:00
20080031,incipient,2008-01-11 03:00:00,2008-01-11 09:00:00
20080031,intensification,2008-01-11 12:00:00,2008-01-11 12:00:00
20080031,decay,2008-01-11 15:00:00,2008-01-11 18:00:00
20080031,intensification 2,2008-01-11 21:00:00,2008-01-12 03:00:00
20080034,decay,2008-01-12 09:00:00,2008-01-12 12:00:00
20080034,intensification,2008-01-12 15:00:00,2008-01-12 15:00:00
20080034,decay 2,2008-01-12 18:00:00,2008-01-13 09:00:00
20080041,incipient,2008-01-14 06:00:00,2008-01-14 09:00:00
20080041,intensification,2008-01-14 12:00:00,2008-01-15 06:00:00
20080041,mature,2008-01-15 09:00:00,2008-01-15 15:00:00
20080041,decay,2008-01-15 18:00:00,2008-01-16 21:00:00
20080048,decay,2008-01-17 12:00:00,2008-01-18 00:00:00
20080048,intensification,2008-01-18 03:00:00,2008-01-18 09:00:00
20080048,decay 2,2008-01-18 12:00:00,2008-01-19 06:00:00
20080050,incipient,2008-01-18 06:00:00,2008-01-18 06:00:00
20080050,intensification,2008-01-18 09:00:00,2008-01-19 00:00:00
20080050,mature,2008-01-19 03:00:00,2008-01-19 06:00:00
20080050,decay,2008-01-19 09:00:00,2008-01-20 03:00:00
20080071,incipient,2008-01-27 00:00:00,2008-01-27 15:00:00
20080071,intensification,2008-01-27 18:00:00,2008-01-29 18:00:00
20080071,mature,2008-01-29 21:00:00,2008-01-30 12:00:00
20080071,decay,2008-01-30 15:00:00,2008-02-01 21:00:00
20080071,residual,2008-02-02 00:00:00,2008-02-03 12:00:00
20080093,incipient,2008-02-01 18:00:00,2008-02-02 12:00:00
20080093,intensification,2008-02-02 15:00:00,2008-02-05 03:00:00
20080093,mature,2008-02-05 06:00:00,2008-02-06 00:00:00
20080093,decay,2008-02-06 03:00:00,2008-02-08 15:00:00
20080098,intensification,2008-02-04 12:00:00,2008-02-04 15:00:00
20080098,decay,2008-02-04 18:00:00,2008-02-05 09:00:00
20080105,incipient,2008-02-06 09:00:00,2008-02-06 12:00:00
20080105,intensification,2008-02-06 15:00:00,2008-02-07 15:00:00
20080105,mature,2008-02-07 18:00:00,2008-02-08 03:00:00
20080105,decay,2008-02-08 06:00:00,2008-02-10 15:00:00
20080109,incipient,2008-02-07 09:00:00,2008-02-08 06:00:00
20080109,intensification,2008-02-08 09:00:00,2008-02-12 06:00:00
20080109,mature,2008-02-12 09:00:00,2008-02-13 06:00:00
20080109,decay,2008-02-13 09:00:00,2008-02-15 18:00:00
20080113,intensification,2008-02-08 12:00:00,2008-02-10 00:00:00
20080113,residual,2008-02-10 03:00:00,2008-02-10 09:00:00
20080124,incipient,2008-02-12 03:00:00,2008-02-12 15:00:00
20080124,intensification,2008-02-12 18:00:00,2008-02-13 21:00:00
20080124,mature,2008-02-14 00:00:00,2008-02-14 09:00:00
20080124,decay,2008-02-14 12:00:00,2008-02-15 21:00:00
20080126,incipient,2008-02-12 15:00:00,2008-02-12 15:00:00
20080126,intensification,2008-02-12 18:00:00,2008-02-14 06:00:00
20080126,mature,2008-02-14 09:00:00,2008-02-14 18:00:00
20080126,decay,2008-02-14 21:00:00,2008-02-17 03:00:00
20080126,intensification 2,2008-02-17 06:00:00,2008-02-19 15:00:00
20080126,mature 2,2008-02-19 18:00:00,2008-02-20 06:00:00
20080126,decay 2,2008-02-20 09:00:00,2008-02-22 03:00:00
20080136,intensification,2008-02-16 12:00:00,2008-02-18 00:00:00
20080136,mature,2008-02-18 03:00:00,2008-02-18 12:00:00
20080136,decay,2008-02-18 15:00:00,2008-02-20 06:00:00
20080136,intensification 2,2008-02-20 09:00:00,2008-02-23 06:00:00
20080136,mature 2,2008-02-23 09:00:00,2008-02-24 03:00:00
20080136,decay 2,2008-02-24 06:00:00,2008-02-27 03:00:00
20080136,residual,2008-02-27 06:00:00,2008-02-27 09:00:00
20080139,incipient,2008-02-17 00:00:00,2008-02-17 03:00:00
20080139,intensification,2008-02-17 06:00:00,2008-02-19 03:00:00
20080139,mature,2008-02-19 06:00:00,2008-02-19 12:00:00
20080139,decay,2008-02-19 15:00:00,2008-02-20 09:00:00
20080152,incipient,2008-02-20 15:00:00,2008-02-20 15:00:00
20080152,intensification,2008-02-20 18:00:00,2008-02-21 09:00:00
20080152,mature,2008-02-21 12:00:00,2008-02-21 18:00:00
20080152,decay,2008-02-21 21:00:00,2008-02-23 21:00:00
20080158,incipient,2008-02-23 06:00:00,2008-02-24 12:00:00
20080158,intensification,2008-02-24 15:00:00,2008-02-28 15:00:00
20080158,mature,2008-02-28 18:00:00,2008-03-01 00:00:00
20080158,decay,2008-03-01 03:00:00,2008-03-05 03:00:00
20080169,intensification,2008-02-28 12:00:00,2008-03-01 18:00:00
20080170,incipient,2008-02-28 12:00:00,2008-02-28 18:00:00
20080170,intensification,2008-02-28 21:00:00,2008-03-01 09:00:00
20080170,mature,2008-03-01 12:00:00,2008-03-02 00:00:00
20080170,decay,2008-03-02 03:00:00,2008-03-03 18:00:00
20080170,intensification 2,2008-03-03 21:00:00,2008-03-05 12:00:00
20080170,mature 2,2008-03-05 15:00:00,2008-03-06 03:00:00
20080170,decay 2,2008-03-06 06:00:00,2008-03-08 18:00:00
20080192,incipient,2008-03-08 03:00:00,2008-03-08 12:00:00
20080192,intensification,2008-03-08 15:00:00,2008-03-10 06:00:00
20080192,mature,2008-03-10 09:00:00,2008-03-11 00:00:00
20080192,decay,2008-03-11 03:00:00,2008-03-14 06:00:00
20080197,incipient,2008-03-09 03:00:00,2008-03-09 12:00:00
20080197,intensification,2008-03-09 15:00:00,2008-03-11 09:00:00
20080197,mature,2008-03-11 12:00:00,2008-03-11 21:00:00
20080197,decay,2008-03-12 00:00:00,2008-03-13 03:00:00
20080197,intensification 2,2008-03-13 06:00:00,2008-03-15 15:00:00
20080197,mature 2,2008-03-15 18:00:00,2008-03-16 09:00:00
20080197,decay 2,2008-03-16 12:00:00,2008-03-18 03:00:00
20080204,incipient,2008-03-12 00:00:00,2008-03-12 09:00:00
20080204,intensification,2008-03-12 12:00:00,2008-03-13 15:00:00
20080204,mature,2008-03-13 18:00:00,2008-03-13 21:00:00
20080204,decay,2008-03-14 00:00:00,2008-03-14 15:00:00
20080207,intensification,2008-03-12 15:00:00,2008-03-13 03:00:00
20080207,decay,2008-03-13 06:00:00,2008-03-13 12:00:00
20080213,incipient,2008-03-15 00:00:00,2008-03-15 06:00:00
20080213,decay,2008-03-15 09:00:00,2008-03-15 18:00:00
20080213,intensification,2008-03-15 21:00:00,2008-03-16 03:00:00
20080216,incipient,2008-03-16 12:00:00,2008-03-16 15:00:00
20080216,intensification,2008-03-16 18:00:00,2008-03-18 15:00:00
20080216,mature,2008-03-18 18:00:00,2008-03-19 00:00:00
20080216,decay,2008-03-19 03:00:00,2008-03-19 18:00:00
20080220,intensification,2008-03-18 00:00:00,2008-03-18 18:00:00
20080220,decay,2008-03-18 21:00:00,2008-03-19 09:00:00
20080222,intensification,2008-03-19 06:00:00,2008-03-20 09:00:00
20080222,mature,2008-03-20 12:00:00,2008-03-21 00:00:00
20080222,decay,2008-03-21 03:00:00,2008-03-24 06:00:00
20080224,incipient,2008-03-20 00:00:00,2008-03-20 06:00:00
20080224,intensification,2008-03-20 09:00:00,2008-03-20 09:00:00
20080224,decay,2008-03-20 12:00:00,2008-03-21 06:00:00
20080224,intensification 2,2008-03-21 09:00:00,2008-03-21 12:00:00
20080240,incipient,2008-03-25 03:00:00,2008-03-25 09:00:00
20080240,intensification,2008-03-25 12:00:00,2008-03-26 03:00:00
20080240,mature,2008-03-26 06:00:00,2008-03-26 12:00:00
20080240,decay,2008-03-26 15:00:00,2008-03-27 12:00:00
20080247,intensification,2008-03-26 12:00:00,2008-03-27 15:00:00
20080257,intensification,2008-03-28 15:00:00,2008-03-29 09:00:00
20080257,mature,2008-03-29 12:00:00,2008-03-29 15:00:00
20080257,decay,2008-03-29 18:00:00,2008-03-30 15:00:00
20080257,residual,2008-03-30 18:00:00,2008-04-01 03:00:00
20080258,incipient,2008-03-30 06:00:00,2008-03-30 12:00:00
20080258,intensification,2008-03-30 15:00:00,2008-03-31 15:00:00
20080258,mature,2008-03-31 18:00:00,2008-04-01 00:00:00
20080258,decay,2008-04-01 03:00:00,2008-04-02 03:00:00
20080288,incipient,2008-04-07 15:00:00,2008-04-08 09:00:00
20080288,intensification,2008-04-08 12:00:00,2008-04-10 18:00:00
20080288,mature,2008-04-10 21:00:00,2008-04-11 12:00:00
20080288,decay,2008-04-11 15:00:00,2008-04-13 12:00:00
20080288,residual,2008-04-13 15:00:00,2008-04-15 00:00:00
20080290,intensification,2008-04-08 03:00:00,2008-04-09 09:00:00
20080290,mature,2008-04-09 12:00:00,2008-04-09 18:00:00
20080290,decay,2008-04-09 21:00:00,2008-04-11 12:00:00
20080290,intensification 2,2008-04-11 15:00:00,2008-04-12 18:00:00
20080290,mature 2,2008-04-12 21:00:00,2008-04-13 06:00:00
20080290,decay 2,2008-04-13 09:00:00,2008-04-15 12:00:00
20080297,incipient,2008-04-11 06:00:00,2008-04-11 06:00:00
20080297,intensification,2008-04-11 09:00:00,2008-04-12 00:00:00
20080297,mature,2008-04-12 03:00:00,2008-04-12 06:00:00
20080297,decay,2008-04-12 09:00:00,2008-04-13 12:00:00
20080302,intensification,2008-04-13 09:00:00,2008-04-13 15:00:00
20080302,decay,2008-04-13 18:00:00,2008-04-14 06:00:00
20080318,incipient,2008-04-17 18:00:00,2008-04-17 21:00:00
20080318,intensification,2008-04-18 00:00:00,2008-04-18 12:00:00
20080318,mature,2008-04-18 15:00:00,2008-04-18 18:00:00
20080318,decay,2008-04-18 21:00:00,2008-04-20 00:00:00
20080319,incipient,2008-04-18 03:00:00,2008-04-19 12:00:00
20080319,decay,2008-04-19 15:00:00,2008-04-20 00:00:00
20080319,intensification,2008-04-20 03:00:00,2008-04-21 09:00:00
20080319,decay 2,2008-04-21 12:00:00,2008-04-22 09:00:00
20080328,incipient,2008-04-20 00:00:00,2008-04-21 15:00:00
20080328,intensification,2008-04-21 18:00:00,2008-04-24 18:00:00
20080328,mature,2008-04-24 21:00:00,2008-04-25 18:00:00
20080328,decay,2008-04-25 21:00:00,2008-04-27 18:00:00
20080344,incipient,2008-04-27 03:00:00,2008-04-27 06:00:00
20080344,intensification,2008-04-27 09:00:00,2008-04-27 18:00:00
20080344,mature,2008-04-27 21:00:00,2008-04-28 00:00:00
20080344,decay,2008-04-28 03:00:00,2008-04-28 21:00:00
20080347,incipient,2008-04-27 18:00:00,2008-04-28 09:00:00
20080347,intensification,2008-04-28 12:00:00,2008-04-30 00:00:00
20080347,mature,2008-04-30 03:00:00,2008-04-30 12:00:00
20080347,decay,2008-04-30 15:00:00,2008-05-01 12:00:00
20080350,incipient,2008-04-28 18:00:00,2008-04-29 00:00:00
20080350,intensification,2008-04-29 03:00:00,2008-04-29 06:00:00
20080350,decay,2008-04-29 09:00:00,2008-04-29 15:00:00
20080350,intensification 2,2008-04-29 18:00:00,2008-04-30 06:00:00
20080363,incipient,2008-05-04 12:00:00,2008-05-04 18:00:00
20080363,decay,2008-05-04 21:00:00,2008-05-05 12:00:00
20080363,intensification,2008-05-05 15:00:00,2008-05-05 15:00:00
20080363,decay 2,2008-05-05 18:00:00,2008-05-06 06:00:00
20080381,incipient,2008-05-09 06:00:00,2008-05-09 18:00:00
20080381,intensification,2008-05-09 21:00:00,2008-05-11 06:00:00
20080381,mature,2008-05-11 09:00:00,2008-05-11 15:00:00
20080381,decay,2008-05-11 18:00:00,2008-05-12 12:00:00
20080393,incipient,2008-05-13 09:00:00,2008-05-13 18:00:00
20080393,intensification,2008-05-13 21:00:00,2008-05-15 03:00:00
20080393,mature,2008-05-15 06:00:00,2008-05-15 15:00:00
20080393,decay,2008-05-15 18:00:00,2008-05-17 00:00:00
20080396,incipient,2008-05-14 06:00:00,2008-05-14 09:00:00
20080396,intensification,2008-05-14 12:00:00,2008-05-15 12:00:00
20080396,mature,2008-05-15 15:00:00,2008-05-15 18:00:00
20080396,decay,2008-05-15 21:00:00,2008-05-16 09:00:00
20080418,incipient,2008-05-21 06:00:00,2008-05-21 12:00:00
20080418,decay,2008-05-21 15:00:00,2008-05-22 03:00:00
20080418,intensification,2008-05-22 06:00:00,2008-05-23 00:00:00
20080425,incipient,2008-05-23 06:00:00,2008-05-23 12:00:00
20080425,intensification,2008-05-23 15:00:00,2008-05-25 06:00:00
20080425,mature,2008-05-25 09:00:00,2008-05-26 03:00:00
20080425,decay,2008-05-26 06:00:00,2008-05-30 06:00:00
20080434,incipient,2008-05-27 12:00:00,2008-05-27 12:00:00
20080434,intensification,2008-05-27 15:00:00,2008-05-28 12:00:00
20080434,mature,2008-05-28 15:00:00,2008-05-28 18:00:00
20080434,decay,2008-05-28 21:00:00,2008-05-29 15:00:00
20080434,intensification 2,2008-05-29 18:00:00,2008-05-30 12:00:00
20080434,mature 2,2008-05-30 15:00:00,2008-05-30 18:00:00
20080434,decay 2,2008-05-30 21:00:00,2008-05-31 12:00:00
20080440,incipient,2008-05-29 18:00:00,2008-05-30 03:00:00
20080440,intensification,2008-05-30 06:00:00,2008-05-31 09:00:00
20080440,mature,2008-05-31 12:00:00,2008-05-31 21:00:00
20080440,decay,2008-06-01 00:00:00,2008-06-02 21:00:00
20080443,incipient,2008-05-30 09:00:00,2008-05-30 18:00:00
20080443,intensification,2008-05-30 21:00:00,2008-05-31 21:00:00
20080443,mature,2008-06-01 00:00:00,2008-06-01 06:00:00
20080443,decay,2008-06-01 09:00:00,2008-06-02 06:00:00
20080460,intensification,2008-06-03 00:00:00,2008-06-03 21:00:00
20080460,mature,2008-06-04 00:00:00,2008-06-04 09:00:00
20080460,decay,2008-06-04 12:00:00,2008-06-06 03:00:00
20080462,intensification,2008-06-03 12:00:00,2008-06-05 09:00:00
20080468,incipient,2008-06-05 09:00:00,2008-06-05 12:00:00
20080468,intensification,2008-06-05 15:00:00,2008-06-07 00:00:00
20080468,mature,2008-06-07 03:00:00,2008-06-07 09:00:00
20080468,decay,2008-06-07 12:00:00,2008-06-08 06:00:00
20080468,residual,2008-06-08 09:00:00,2008-06-10 09:00:00
20080470,intensification,2008-06-06 09:00:00,2008-06-07 03:00:00
20080470,decay,2008-06-07 06:00:00,2008-06-08 03:00:00
20080474,intensification,2008-06-07 18:00:00,2008-06-08 03:00:00
20080474,decay,2008-06-08 06:00:00,2008-06-08 21:00:00
20080480,incipient,2008-06-09 06:00:00,2008-06-09 06:00:00
20080480,intensification,2008-06-09 09:00:00,2008-06-11 00:00:00
20080480,mature,2008-06-11 03:00:00,2008-06-11 21:00:00
20080480,decay,2008-06-12 00:00:00,2008-06-16 06:00:00
20080481,intensification,2008-06-10 06:00:00,2008-06-11 06:00:00
20080481,decay,2008-06-11 09:00:00,2008-06-12 00:00:00
20080485,incipient,2008-06-11 12:00:00,2008-06-11 12:00:00
20080485,intensification,2008-06-11 15:00:00,2008-06-12 06:00:00
20080485,mature,2008-06-12 09:00:00,2008-06-12 15:00:00
20080485,decay,2008-06-12 18:00:00,2008-06-14 12:00:00
20080491,incipient,2008-06-13 18:00:00,2008-06-14 00:00:00
20080491,intensification,2008-06-14 03:00:00,2008-06-15 06:00:00
20080491,mature,2008-06-15 09:00:00,2008-06-15 21:00:00
20080491,decay,2008-06-16 00:00:00,2008-06-18 15:00:00
20080501,incipient,2008-06-16 12:00:00,2008-06-16 15:00:00
20080501,intensification,2008-06-16 18:00:00,2008-06-18 06:00:00
20080501,mature,2008-06-18 09:00:00,2008-06-18 18:00:00
20080501,decay,2008-06-18 21:00:00,2008-06-19 18:00:00
20080534,incipient,2008-06-26 00:00:00,2008-06-26 03:00:00
20080534,intensification,2008-06-26 06:00:00,2008-06-26 18:00:00
20080534,mature,2008-06-26 21:00:00,2008-06-27 03:00:00
20080534,decay,2008-06-27 06:00:00,2008-06-28 00:00:00
20080536,intensification,2008-06-26 12:00:00,2008-06-27 06:00:00
20080536,decay,2008-06-27 09:00:00,2008-06-27 15:00:00
20080537,intensification,2008-06-26 18:00:00,2008-06-28 06:00:00
20080541,intensification,2008-06-27 09:00:00,2008-06-28 03:00:00
20080541,mature,2008-06-28 06:00:00,2008-06-28 15:00:00
20080541,decay,2008-06-28 18:00:00,2008-07-01 03:00:00
20080541,residual,2008-07-01 06:00:00,2008-07-03 00:00:00
20080542,incipient,2008-06-27 12:00:00,2008-06-27 18:00:00
20080542,intensification,2008-06-27 21:00:00,2008-06-29 06:00:00
20080542,mature,2008-06-29 09:00:00,2008-06-29 18:00:00
20080542,decay,2008-06-29 21:00:00,2008-07-01 03:00:00
20080566,incipient,2008-07-04 03:00:00,2008-07-04 09:00:00
20080566,intensification,2008-07-04 12:00:00,2008-07-05 15:00:00
20080566,mature,2008-07-05 18:00:00,2008-07-06 06:00:00
20080566,decay,2008-07-06 09:00:00,2008-07-09 06:00:00
20080567,incipient,2008-07-04 15:00:00,2008-07-05 00:00:00
20080567,intensification,2008-07-05 03:00:00,2008-07-05 15:00:00
20080567,mature,2008-07-05 18:00:00,2008-07-05 21:00:00
20080567,decay,2008-07-06 00:00:00,2008-07-06 06:00:00
20080573,incipient,2008-07-06 12:00:00,2008-07-07 06:00:00
20080573,intensification,2008-07-07 09:00:00,2008-07-09 15:00:00
20080573,mature,2008-07-09 18:00:00,2008-07-10 15:00:00
20080573,decay,2008-07-10 18:00:00,2008-07-14 06:00:00
20080576,intensification,2008-07-07 18:00:00,2008-07-08 03:00:00
20080576,decay,2008-07-08 06:00:00,2008-07-08 18:00:00
20080590,incipient,2008-07-11 00:00:00,2008-07-11 06:00:00
20080590,intensification,2008-07-11 09:00:00,2008-07-14 00:00:00
20080590,mature,2008-07-14 03:00:00,2008-07-14 15:00:00
20080590,decay,2008-07-14 18:00:00,2008-07-15 18:00:00
20080610,intensification,2008-07-17 09:00:00,2008-07-18 12:00:00
20080610,mature,2008-07-18 15:00:00,2008-07-19 00:00:00
20080610,decay,2008-07-19 03:00:00,2008-07-21 00:00:00
20080610,intensification 2,2008-07-21 03:00:00,2008-07-23 12:00:00
20080610,mature 2,2008-07-23 15:00:00,2008-07-24 03:00:00
20080610,decay 2,2008-07-24 06:00:00,2008-07-25 09:00:00
20080618,incipient,2008-07-19 00:00:00,2008-07-19 12:00:00
20080618,decay,2008-07-19 15:00:00,2008-07-21 15:00:00
20080618,intensification,2008-07-21 18:00:00,2008-07-24 09:00:00
20080618,mature,2008-07-24 12:00:00,2008-07-25 06:00:00
20080618,decay 2,2008-07-25 09:00:00,2008-07-28 03:00:00
20080621,incipient,2008-07-20 00:00:00,2008-07-20 06:00:00
20080621,decay,2008-07-20 09:00:00,2008-07-20 18:00:00
20080621,intensification,2008-07-20 21:00:00,2008-07-21 06:00:00
20080640,incipient,2008-07-26 00:00:00,2008-07-26 00:00:00
20080640,intensification,2008-07-26 03:00:00,2008-07-26 12:00:00
20080640,mature,2008-07-26 15:00:00,2008-07-26 18:00:00
20080640,decay,2008-07-26 21:00:00,2008-07-27 15:00:00
20080642,incipient,2008-07-27 03:00:00,2008-07-27 09:00:00
20080642,intensification,2008-07-27 12:00:00,2008-07-29 00:00:00
20080642,mature,2008-07-29 03:00:00,2008-07-29 15:00:00
20080642,decay,2008-07-29 18:00:00,2008-07-31 09:00:00
20080642,intensification 2,2008-07-31 12:00:00,2008-08-02 00:00:00
20080642,mature 2,2008-08-02 03:00:00,2008-08-02 15:00:00
20080642,decay 2,2008-08-02 18:00:00,2008-08-04 09:00:00
20080647,incipient,2008-07-28 06:00:00,2008-07-29 09:00:00
20080647,intensification,2008-07-29 12:00:00,2008-07-30 18:00:00
20080647,mature,2008-07-30 21:00:00,2008-07-31 03:00:00
20080647,decay,2008-07-31 06:00:00,2008-08-01 00:00:00
20080649,incipient,2008-07-29 03:00:00,2008-07-29 03:00:00
20080649,intensification,2008-07-29 06:00:00,2008-08-02 12:00:00
20080649,mature,2008-08-02 15:00:00,2008-08-03 15:00:00
20080649,decay,2008-08-03 18:00:00,2008-08-06 12:00:00
20080651,incipient,2008-07-30 15:00:00,2008-07-31 06:00:00
20080651,intensification,2008-07-31 09:00:00,2008-08-01 18:00:00
20080651,mature,2008-08-01 21:00:00,2008-08-02 03:00:00
20080651,decay,2008-08-02 06:00:00,2008-08-02 21:00:00
20080660,incipient,2008-08-02 00:00:00,2008-08-02 06:00:00
20080660,intensification,2008-08-02 09:00:00,2008-08-03 15:00:00
20080660,mature,2008-08-03 18:00:00,2008-08-04 03:00:00
20080660,decay,2008-08-04 06:00:00,2008-08-05 21:00:00
20080662,incipient,2008-08-02 15:00:00,2008-08-03 06:00:00
20080662,intensification,2008-08-03 09:00:00,2008-08-04 21:00:00
20080662,mature,2008-08-05 00:00:00,2008-08-05 09:00:00
20080662,decay,2008-08-05 12:00:00,2008-08-06 06:00:00
20080672,incipient,2008-08-05 12:00:00,2008-08-05 12:00:00
20080672,intensification,2008-08-05 15:00:00,2008-08-07 18:00:00
20080672,mature,2008-08-07 21:00:00,2008-08-08 06:00:00
20080672,decay,2008-08-08 09:00:00,2008-08-09 12:00:00
20080675,decay,2008-08-06 15:00:00,2008-08-06 18:00:00
20080675,intensification,2008-08-06 21:00:00,2008-08-07 06:00:00
20080675,decay 2,2008-08-07 09:00:00,2008-08-08 06:00:00
20080677,incipient,2008-08-07 00:00:00,2008-08-07 12:00:00
20080677,intensification,2008-08-07 15:00:00,2008-08-09 12:00:00
20080677,mature,2008-08-09 15:00:00,2008-08-10 06:00:00
20080677,decay,2008-08-10 09:00:00,2008-08-13 03:00:00
20080687,intensification,2008-08-10 00:00:00,2008-08-10 09:00:00
20080687,mature,2008-08-10 12:00:00,2008-08-10 15:00:00
20080687,decay,2008-08-10 18:00:00,2008-08-11 12:00:00
20080687,residual,2008-08-11 15:00:00,2008-08-12 09:00:00
20080689,incipient,2008-08-10 12:00:00,2008-08-11 06:00:00
20080689,intensification,2008-08-11 09:00:00,2008-08-13 03:00:00
20080689,mature,2008-08-13 06:00:00,2008-08-13 18:00:00
20080689,decay,2008-08-13 21:00:00,2008-08-15 12:00:00
20080710,incipient,2008-08-15 12:00:00,2008-08-15 18:00:00
20080710,intensification,2008-08-15 21:00:00,2008-08-16 12:00:00
20080710,mature,2008-08-16 15:00:00,2008-08-16 21:00:00
20080710,decay,2008-08-17 00:00:00,2008-08-18 00:00:00
20080710,residual,2008-08-18 03:00:00,2008-08-18 03:00:00
20080714,intensification,2008-08-16 00:00:00,2008-08-16 09:00:00
20080714,mature,2008-08-16 12:00:00,2008-08-16 15:00:00
20080714,decay,2008-08-16 18:00:00,2008-08-17 18:00:00
20080714,residual,2008-08-17 21:00:00,2008-08-18 18:00:00
20080717,incipient,2008-08-16 15:00:00,2008-08-17 03:00:00
20080717,intensification,2008-08-17 06:00:00,2008-08-19 03:00:00
20080717,mature,2008-08-19 06:00:00,2008-08-20 06:00:00
20080717,decay,2008-08-20 09:00:00,2008-08-24 18:00:00
20080721,decay,2008-08-17 15:00:00,2008-08-17 21:00:00
20080721,intensification,2008-08-18 00:00:00,2008-08-19 00:00:00
20080721,mature,2008-08-19 03:00:00,2008-08-19 09:00:00
20080721,decay 2,2008-08-19 12:00:00,2008-08-20 18:00:00
20080726,incipient,2008-08-19 06:00:00,2008-08-20 00:00:00
20080726,intensification,2008-08-20 03:00:00,2008-08-22 12:00:00
20080726,mature,2008-08-22 15:00:00,2008-08-23 06:00:00
20080726,decay,2008-08-23 09:00:00,2008-08-25 06:00:00
20090004,incipient,2009-01-01 12:00:00,2009-01-02 00:00:00
20090004,intensification,2009-01-02 03:00:00,2009-01-03 15:00:00
20090004,mature,2009-01-03 18:00:00,2009-01-04 03:00:00
20090004,decay,2009-01-04 06:00:00,2009-01-05 21:00:00
20090009,intensification,2009-01-03 00:00:00,2009-01-03 15:00:00
20090009,decay,2009-01-03 18:00:00,2009-01-04 12:00:00
20090012,incipient,2009-01-03 15:00:00,2009-01-03 21:00:00
20090012,decay,2009-01-04 00:00:00,2009-01-04 12:00:00
20090012,intensification,2009-01-04 15:00:00,2009-01-06 09:00:00
20090012,mature,2009-01-06 12:00:00,2009-01-07 03:00:00
20090012,decay 2,2009-01-07 06:00:00,2009-01-09 18:00:00
20090014,incipient,2009-01-04 06:00:00,2009-01-04 09:00:00
20090014,intensification,2009-01-04 12:00:00,2009-01-05 00:00:00
20090014,mature,2009-01-05 03:00:00,2009-01-05 09:00:00
20090014,decay,2009-01-05 12:00:00,2009-01-06 12:00:00
20090017,incipient,2009-01-05 00:00:00,2009-01-05 03:00:00
20090017,intensification,2009-01-05 06:00:00,2009-01-05 18:00:00
20090017,mature,2009-01-05 21:00:00,2009-01-06 00:00:00
20090017,decay,2009-01-06 03:00:00,2009-01-06 09:00:00
20090020,incipient,2009-01-06 09:00:00,2009-01-06 12:00:00
20090020,intensification,2009-01-06 15:00:00,2009-01-07 15:00:00
20090020,mature,2009-01-07 18:00:00,2009-01-08 00:00:00
20090020,decay,2009-01-08 03:00:00,2009-01-08 21:00:00
20090024,intensification,2009-01-07 00:00:00,2009-01-07 15:00:00
20090024,decay,2009-01-07 18:00:00,2009-01-08 09:00:00
20090026,incipient,2009-01-07 12:00:00,2009-01-07 15:00:00
20090026,intensification,2009-01-07 18:00:00,2009-01-08 06:00:00
20090026,mature,2009-01-08 09:00:00,2009-01-08 12:00:00
20090026,decay,2009-01-08 15:00:00,2009-01-09 09:00:00
20090033,incipient,2009-01-10 12:00:00,2009-01-10 15:00:00
20090033,intensification,2009-01-10 18:00:00,2009-01-12 03:00:00
20090033,mature,2009-01-12 06:00:00,2009-01-13 00:00:00
20090033,decay,2009-01-13 03:00:00,2009-01-17 06:00:00
20090040,intensification,2009-01-13 00:00:00,2009-01-13 06:00:00
20090040,mature,2009-01-13 09:00:00,2009-01-13 12:00:00
20090040,decay,2009-01-13 15:00:00,2009-01-14 09:00:00
20090041,incipient,2009-01-13 00:00:00,2009-01-13 18:00:00
20090041,intensification,2009-01-13 21:00:00,2009-01-15 15:00:00
20090041,mature,2009-01-15 18:00:00,2009-01-16 09:00:00
20090041,decay,2009-01-16 12:00:00,2009-01-18 06:00:00
20090049,incipient,2009-01-14 12:00:00,2009-01-14 12:00:00
20090049,intensification,2009-01-14 15:00:00,2009-01-16 03:00:00
20090049,mature,2009-01-16 06:00:00,2009-01-16 18:00:00
20090049,decay,2009-01-16 21:00:00,2009-01-18 12:00:00
20090049,intensification 2,2009-01-18 15:00:00,2009-01-20 15:00:00
20090049,mature 2,2009-01-20 18:00:00,2009-01-21 00:00:00
20090049,decay 2,2009-01-21 03:00:00,2009-01-21 21:00:00
20090054,incipient,2009-01-17 03:00:00,2009-01-17 09:00:00
20090054,decay,2009-01-17 12:00:00,2009-01-17 18:00:00
20090054,intensification,2009-01-17 21:00:00,2009-01-18 03:00:00
20090073,intensification,2009-01-23 06:00:00,2009-01-23 21:00:00
20090073,decay,2009-01-24 00:00:00,2009-01-24 09:00:00
20090078,incipient,2009-01-24 03:00:00,2009-01-24 09:00:00
20090078,intensification,2009-01-24 12:00:00,2009-01-26 00:00:00
20090078,mature,2009-01-26 03:00:00,2009-01-26 21:00:00
20090078,decay,2009-01-27 00:00:00,2009-01-31 03:00:00
20090087,incipient,2009-01-27 12:00:00,2009-01-27 15:00:00
20090087,decay,2009-01-27 18:00:00,2009-01-28 00:00:00
20090087,intensification,2009-01-28 03:00:00,2009-01-28 06:00:00
20090087,decay 2,2009-01-28 09:00:00,2009-01-28 12:00:00
20090090,incipient,2009-01-28 09:00:00,2009-01-28 15:00:00
20090090,intensification,2009-01-28 18:00:00,2009-01-30 06:00:00
20090090,mature,2009-01-30 09:00:00,2009-01-30 15:00:00
20090090,decay,2009-01-30 18:00:00,2009-01-31 09:00:00
20090093,intensification,2009-01-29 09:00:00,2009-01-30 00:00:00
20090093,decay,2009-01-30 03:00:00,2009-01-30 12:00:00
20090097,decay,2009-01-30 18:00:00,2009-02-01 00:00:00
20090100,intensification,2009-01-31 12:00:00,2009-02-01 18:00:00
20090100,mature,2009-02-01 21:00:00,2009-02-02 03:00:00
20090100,decay,2009-02-02 06:00:00,2009-02-03 09:00:00
20090100,intensification 2,2009-02-03 12:00:00,2009-02-04 15:00:00
20090100,mature 2,2009-02-04 18:00:00,2009-02-05 03:00:00
20090100,decay 2,2009-02-05 06:00:00,2009-02-07 00:00:00
20090111,incipient,2009-02-03 12:00:00,2009-02-03 18:00:00
20090111,intensification,2009-02-03 21:00:00,2009-02-04 18:00:00
20090111,mature,2009-02-04 21:00:00,2009-02-05 00:00:00
20090111,decay,2009-02-05 03:00:00,2009-02-05 21:00:00
20090117,intensification,2009-02-05 03:00:00,2009-02-06 15:00:00
20090117,mature,2009-02-06 18:00:00,2009-02-07 00:00:00
20090117,decay,2009-02-07 03:00:00,2009-02-10 12:00:00
20090130,incipient,2009-02-09 03:00:00,2009-02-09 15:00:00
20090130,intensification,2009-02-09 18:00:00,2009-02-11 06:00:00
20090130,mature,2009-02-11 09:00:00,2009-02-11 21:00:00
20090130,decay,2009-02-12 00:00:00,2009-02-13 18:00:00
20090133,incipient,2009-02-10 15:00:00,2009-02-10 21:00:00
20090133,intensification,2009-02-11 00:00:00,2009-02-12 06:00:00
20090133,mature,2009-02-12 09:00:00,2009-02-13 00:00:00
20090133,decay,2009-02-13 03:00:00,2009-02-15 18:00:00
20090140,decay,2009-02-12 09:00:00,2009-02-19 12:00:00
20090140,intensification,2009-02-19 15:00:00,2009-02-22 21:00:00
20090140,residual,2009-02-23 00:00:00,2009-02-24 00:00:00
20090143,intensification,2009-02-13 00:00:00,2009-02-13 12:00:00
20090143,decay,2009-02-13 15:00:00,2009-02-14 03:00:00
20090164,incipient,2009-02-19 03:00:00,2009-02-20 00:00:00
20090164,intensification,2009-02-20 03:00:00,2009-02-22 12:00:00
20090164,mature,2009-02-22 15:00:00,2009-02-23 06:00:00
20090164,decay,2009-02-23 09:00:00,2009-02-25 09:00:00
20090164,residual,2009-02-25 12:00:00,2009-02-25 21:00:00
20090175,incipient,2009-02-22 03:00:00,2009-02-22 12:00:00
20090175,intensification,2009-02-22 15:00:00,2009-02-23 15:00:00
20090175,mature,2009-02-23 18:00:00,2009-02-23 21:00:00
20090175,decay,2009-02-24 00:00:00,2009-02-24 15:00:00
20090187,incipient,2009-02-25 12:00:00,2009-02-26 06:00:00
20090187,intensification,2009-02-26 09:00:00,2009-02-28 06:00:00
20090187,mature,2009-02-28 09:00:00,2009-02-28 21:00:00
20090187,decay,2009-03-01 00:00:00,2009-03-02 15:00:00
20090191,incipient,2009-02-27 12:00:00,2009-02-27 21:00:00
20090191,intensification,2009-02-28 00:00:00,2009-02-28 00:00:00
20090191,decay,2009-02-28 03:00:00,2009-03-01 12:00:00
20090191,intensification 2,2009-03-01 15:00:00,2009-03-03 12:00:00
20090191,residual,2009-03-03 15:00:00,2009-03-04 03:00:00
20090193,incipient,2009-02-28 00:00:00,2009-02-28 09:00:00
20090193,intensification,2009-02-28 12:00:00,2009-03-02 09:00:00
20090193,mature,2009-03-02 12:00:00,2009-03-03 09:00:00
20090193,decay,2009-03-03 12:00:00,2009-03-07 18:00:00
20090198,incipient,2009-03-01 00:00:00,2009-03-01 18:00:00
20090198,intensification,2009-03-01 21:00:00,2009-03-03 09:00:00
20090198,mature,2009-03-03 12:00:00,2009-03-03 21:00:00
20090198,decay,2009-03-04 00:00:00,2009-03-04 21:00:00
20090200,intensification,2009-03-02 09:00:00,2009-03-03 00:00:00
20090200,mature,2009-03-03 03:00:00,2009-03-03 06:00:00
20090200,decay,2009-03-03 09:00:00,2009-03-04 15:00:00
20090200,residual,2009-03-04 18:00:00,2009-03-04 21:00:00
20090205,incipient,2009-03-04 06:00:00,2009-03-04 18:00:00
20090205,intensification,2009-03-04 21:00:00,2009-03-09 12:00:00
20090205,mature,2009-03-09 15:00:00,2009-03-11 00:00:00
20090205,decay,2009-03-11 03:00:00,2009-03-15 12:00:00
20090207,incipient,2009-03-04 12:00:00,2009-03-04 15:00:00
20090207,intensification,2009-03-04 18:00:00,2009-03-05 12:00:00
20090207,mature,2009-03-05 15:00:00,2009-03-05 18:00:00
20090207,decay,2009-03-05 21:00:00,2009-03-06 06:00:00
20090211,incipient,2009-03-05 18:00:00,2009-03-05 21:00:00
20090211,intensification,2009-03-06 00:00:00,2009-03-07 00:00:00
20090211,mature,2009-03-07 03:00:00,2009-03-07 09:00:00
20090211,decay,2009-03-07 12:00:00,2009-03-08 15:00:00
20090224,incipient,2009-03-10 03:00:00,2009-03-11 03:00:00
20090224,intensification,2009-03-11 06:00:00,2009-03-13 18:00:00
20090224,mature,2009-03-13 21:00:00,2009-03-14 12:00:00
20090224,decay,2009-03-14 15:00:00,2009-03-16 00:00:00
20090237,incipient,2009-03-14 18:00:00,2009-03-14 21:00:00
20090237,intensification,2009-03-15 00:00:00,2009-03-17 12:00:00
20090237,mature,2009-03-17 15:00:00,2009-03-18 03:00:00
20090237,decay,2009-03-18 06:00:00,2009-03-19 15:00:00
20090247,intensification,2009-03-16 09:00:00,2009-03-18 21:00:00
20090256,incipient,2009-03-20 03:00:00,2009-03-20 09:00:00
20090256,intensification,2009-03-20 12:00:00,2009-03-22 00:00:00
20090256,mature,2009-03-22 03:00:00,2009-03-22 12:00:00
20090256,decay,2009-03-22 15:00:00,2009-03-23 12:00:00
20090256,intensification 2,2009-03-23 15:00:00,2009-03-25 09:00:00
20090256,mature 2,2009-03-25 12:00:00,2009-03-26 00:00:00
20090256,decay 2,2009-03-26 03:00:00,2009-03-28 09:00:00
20090264,incipient,2009-03-22 09:00:00,2009-03-23 09:00:00
20090264,intensification,2009-03-23 12:00:00,2009-03-25 12:00:00
20090264,mature,2009-03-25 15:00:00,2009-03-26 03:00:00
20090264,decay,2009-03-26 06:00:00,2009-03-27 18:00:00
20090269,incipient,2009-03-24 18:00:00,2009-03-25 12:00:00
20090269,intensification,2009-03-25 15:00:00,2009-03-26 21:00:00
20090269,mature,2009-03-27 00:00:00,2009-03-27 06:00:00
20090269,decay,2009-03-27 09:00:00,2009-03-28 00:00:00
20090270,incipient,2009-03-25 06:00:00,2009-03-25 09:00:00
20090270,intensification,2009-03-25 12:00:00,2009-03-26 12:00:00
20090270,mature,2009-03-26 15:00:00,2009-03-27 00:00:00
20090270,decay,2009-03-27 03:00:00,2009-03-28 18:00:00
20090270,residual,2009-03-28 21:00:00,2009-03-28 21:00:00
20090272,incipient,2009-03-25 09:00:00,2009-03-26 06:00:00
20090272,intensification,2009-03-26 09:00:00,2009-03-28 09:00:00
20090272,mature,2009-03-28 12:00:00,2009-03-29 03:00:00
20090272,decay,2009-03-29 06:00:00,2009-03-31 15:00:00
20090278,incipient,2009-03-29 00:00:00,2009-03-29 06:00:00
20090278,intensification,2009-03-29 09:00:00,2009-03-30 21:00:00
20090278,mature,2009-03-31 00:00:00,2009-03-31 18:00:00
20090278,decay,2009-03-31 21:00:00,2009-04-05 03:00:00
20090294,intensification,2009-04-04 06:00:00,2009-04-05 21:00:00
20090294,mature,2009-04-06 00:00:00,2009-04-06 06:00:00
20090294,decay,2009-04-06 09:00:00,2009-04-07 12:00:00
20090294,intensification 2,2009-04-07 15:00:00,2009-04-09 03:00:00
20090294,mature 2,2009-04-09 06:00:00,2009-04-09 15:00:00
20090294,decay 2,2009-04-09 18:00:00,2009-04-11 21:00:00
20090297,intensification,2009-04-05 12:00:00,2009-04-06 03:00:00
20090297,mature,2009-04-06 06:00:00,2009-04-06 09:00:00
20090297,decay,2009-04-06 12:00:00,2009-04-08 03:00:00
20090307,incipient,2009-04-08 15:00:00,2009-04-08 18:00:00
20090307,intensification,2009-04-08 21:00:00,2009-04-09 15:00:00
20090307,mature,2009-04-09 18:00:00,2009-04-09 21:00:00
20090307,decay,2009-04-10 00:00:00,2009-04-10 15:00:00
20090307,residual,2009-04-10 18:00:00,2009-04-12 00:00:00
20090314,intensification,2009-04-10 18:00:00,2009-04-11 03:00:00
20090314,mature,2009-04-11 06:00:00,2009-04-11 09:00:00
20090314,decay,2009-04-11 12:00:00,2009-04-12 18:00:00
20090319,intensification,2009-04-12 12:00:00,2009-04-13 12:00:00
20090333,intensification,2009-04-15 15:00:00,2009-04-17 09:00:00
20090333,decay,2009-04-17 12:00:00,2009-04-18 06:00:00
20090343,incipient,2009-04-17 12:00:00,2009-04-18 06:00:00
20090343,intensification,2009-04-18 09:00:00,2009-04-20 21:00:00
20090343,mature,2009-04-21 00:00:00,2009-04-22 00:00:00
20090343,decay,2009-04-22 03:00:00,2009-04-26 09:00:00
20090345,incipient,2009-04-18 12:00:00,2009-04-18 18:00:00
20090345,intensification,2009-04-18 21:00:00,2009-04-19 09:00:00
20090345,mature,2009-04-19 12:00:00,2009-04-19 15:00:00
20090345,decay,2009-04-19 18:00:00,2009-04-20 12:00:00
20090346,decay,2009-04-18 18:00:00,2009-04-19 15:00:00
20090346,intensification,2009-04-19 18:00:00,2009-04-20 00:00:00
20090346,decay 2,2009-04-20 03:00:00,2009-04-20 18:00:00
20090346,intensification 2,2009-04-20 21:00:00,2009-04-21 12:00:00
20090354,decay,2009-04-20 12:00:00,2009-04-21 15:00:00
20090362,incipient,2009-04-23 00:00:00,2009-04-23 06:00:00
20090362,intensification,2009-04-23 09:00:00,2009-04-23 15:00:00
20090362,decay,2009-04-23 18:00:00,2009-04-23 21:00:00
20090362,intensification 2,2009-04-24 00:00:00,2009-04-24 06:00:00
20090363,incipient,2009-04-23 12:00:00,2009-04-23 18:00:00
20090363,intensification,2009-04-23 21:00:00,2009-04-25 00:00:00
20090363,mature,2009-04-25 03:00:00,2009-04-25 12:00:00
20090363,decay,2009-04-25 15:00:00,2009-04-27 12:00:00
20090366,intensification,2009-04-24 06:00:00,2009-04-24 09:00:00
20090366,mature,2009-04-24 12:00:00,2009-04-24 15:00:00
20090366,decay,2009-04-24 18:00:00,2009-04-25 21:00:00
20090370,intensification,2009-04-25 06:00:00,2009-04-25 12:00:00
20090370,decay,2009-04-25 15:00:00,2009-04-26 03:00:00
20090376,incipient,2009-04-26 03:00:00,2009-04-26 06:00:00
20090376,intensification,2009-04-26 09:00:00,2009-04-26 21:00:00
20090376,mature,2009-04-27 00:00:00,2009-04-27 03:00:00
20090376,decay,2009-04-27 06:00:00,2009-04-27 15:00:00
20090376,residual,2009-04-27 18:00:00,2009-04-28 21:00:00
20090379,incipient,2009-04-27 12:00:00,2009-04-27 12:00:00
20090379,intensification,2009-04-27 15:00:00,2009-04-28 21:00:00
20090379,mature,2009-04-29 00:00:00,2009-04-29 21:00:00
20090379,decay,2009-04-30 00:00:00,2009-05-05 15:00:00
20090385,incipient,2009-04-30 03:00:00,2009-04-30 12:00:00
20090385,intensification,2009-04-30 15:00:00,2009-05-01 18:00:00
20090385,mature,2009-05-01 21:00:00,2009-05-02 06:00:00
20090385,decay,2009-05-02 09:00:00,2009-05-03 15:00:00
20090393,incipient,2009-05-03 06:00:00,2009-05-03 12:00:00
20090393,intensification,2009-05-03 15:00:00,2009-05-04 09:00:00
20090393,mature,2009-05-04 12:00:00,2009-05-04 15:00:00
20090393,decay,2009-05-04 18:00:00,2009-05-05 06:00:00
20090417,intensification,2009-05-10 06:00:00,2009-05-10 21:00:00
20090417,decay,2009-05-11 00:00:00,2009-05-11 18:00:00
20090427,incipient,2009-05-13 06:00:00,2009-05-14 03:00:00
20090427,intensification,2009-05-14 06:00:00,2009-05-15 21:00:00
20090427,mature,2009-05-16 00:00:00,2009-05-16 12:00:00
20090427,decay,2009-05-16 15:00:00,2009-05-17 18:00:00
20090434,decay,2009-05-15 18:00:00,2009-05-16 09:00:00
20090434,intensification,2009-05-16 12:00:00,2009-05-18 21:00:00
20090434,mature,2009-05-19 00:00:00,2009-05-19 12:00:00
20090434,decay 2,2009-05-19 15:00:00,2009-05-21 18:00:00
20090437,intensification,2009-05-16 18:00:00,2009-05-17 18:00:00
20090437,mature,2009-05-17 21:00:00,2009-05-18 09:00:00
20090437,decay,2009-05-18 12:00:00,2009-05-21 06:00:00
20090447,incipient,2009-05-19 12:00:00,2009-05-19 21:00:00
20090447,intensification,2009-05-20 00:00:00,2009-05-21 00:00:00
20090447,mature,2009-05-21 03:00:00,2009-05-21 09:00:00
20090447,decay,2009-05-21 12:00:00,2009-05-22 09:00:00
20090460,incipient,2009-05-24 18:00:00,2009-05-25 06:00:00
20090460,intensification,2009-05-25 09:00:00,2009-05-27 03:00:00
20090460,mature,2009-05-27 06:00:00,2009-05-27 15:00:00
20090460,decay,2009-05-27 18:00:00,2009-05-29 06:00:00
20090469,incipient,2009-05-28 00:00:00,2009-05-29 00:00:00
20090469,intensification,2009-05-29 03:00:00,2009-06-02 15:00:00
20090469,mature,2009-06-02 18:00:00,2009-06-04 00:00:00
20090469,decay,2009-06-04 03:00:00,2009-06-07 12:00:00
20090475,incipient,2009-05-30 00:00:00,2009-05-30 06:00:00
20090475,intensification,2009-05-30 09:00:00,2009-05-31 15:00:00
20090475,mature,2009-05-31 18:00:00,2009-05-31 21:00:00
20090475,decay,2009-06-01 00:00:00,2009-06-01 09:00:00
20090475,intensification 2,2009-06-01 12:00:00,2009-06-02 06:00:00
20090475,mature 2,2009-06-02 09:00:00,2009-06-02 12:00:00
20090475,decay 2,2009-06-02 15:00:00,2009-06-02 21:00:00
20090477,incipient,2009-05-30 18:00:00,2009-06-01 06:00:00
20090477,intensification,2009-06-01 09:00:00,2009-06-04 18:00:00
20090477,mature,2009-06-04 21:00:00,2009-06-05 15:00:00
20090477,decay,2009-06-05 18:00:00,2009-06-06 21:00:00
20090486,decay,2009-06-02 09:00:00,2009-06-03 18:00:00
20090494,intensification,2009-06-04 09:00:00,2009-06-05 00:00:00
20090494,decay,2009-06-05 03:00:00,2009-06-05 06:00:00
20090502,incipient,2009-06-07 03:00:00,2009-06-07 06:00:00
20090502,intensification,2009-06-07 09:00:00,2009-06-08 00:00:00
20090502,mature,2009-06-08 03:00:00,2009-06-08 09:00:00
20090502,decay,2009-06-08 12:00:00,2009-06-09 15:00:00
20090508,incipient,2009-06-08 06:00:00,2009-06-08 06:00:00
20090508,intensification,2009-06-08 09:00:00,2009-06-11 03:00:00
20090508,mature,2009-06-11 06:00:00,2009-06-11 18:00:00
20090508,decay,2009-06-11 21:00:00,2009-06-13 00:00:00
20090514,decay,2009-06-09 15:00:00,2009-06-09 21:00:00
20090514,intensification,2009-06-10 00:00:00,2009-06-10 15:00:00
20090514,mature,2009-06-10 18:00:00,2009-06-10 21:00:00
20090514,decay 2,2009-06-11 00:00:00,2009-06-11 18:00:00
20090521,incipient,2009-06-11 09:00:00,2009-06-12 09:00:00
20090521,intensification,2009-06-12 12:00:00,2009-06-15 06:00:00
20090521,mature,2009-06-15 09:00:00,2009-06-16 09:00:00
20090521,decay,2009-06-16 12:00:00,2009-06-20 09:00:00
20090537,incipient,2009-06-15 15:00:00,2009-06-16 00:00:00
20090537,intensification,2009-06-16 03:00:00,2009-06-17 03:00:00
20090537,mature,2009-06-17 06:00:00,2009-06-17 12:00:00
20090537,decay,2009-06-17 15:00:00,2009-06-18 15:00:00
20090538,intensification,2009-06-15 18:00:00,2009-06-16 12:00:00
20090538,mature,2009-06-16 15:00:00,2009-06-17 03:00:00
20090538,decay,2009-06-17 06:00:00,2009-06-20 12:00:00
20090538,intensification 2,2009-06-20 15:00:00,2009-06-21 18:00:00
20090538,mature 2,2009-06-21 21:00:00,2009-06-22 03:00:00
20090538,decay 2,2009-06-22 06:00:00,2009-06-23 15:00:00
20090541,incipient,2009-06-16 15:00:00,2009-06-16 18:00:00
20090541,intensification,2009-06-16 21:00:00,2009-06-18 00:00:00
20090541,mature,2009-06-18 03:00:00,2009-06-18 09:00:00
20090541,decay,2009-06-18 12:00:00,2009-06-19 21:00:00
20090553,incipient,2009-06-19 15:00:00,2009-06-20 03:00:00
20090553,intensification,2009-06-20 06:00:00,2009-06-21 21:00:00
20090553,mature,2009-06-22 00:00:00,2009-06-22 09:00:00
20090553,decay,2009-06-22 12:00:00,2009-06-23 12:00:00
20090578,intensification,2009-06-25 18:00:00,2009-06-26 00:00:00
20090578,decay,2009-06-26 03:00:00,2009-06-26 21:00:00
20090588,incipient,2009-06-28 15:00:00,2009-06-28 18:00:00
20090588,intensification,2009-06-28 21:00:00,2009-06-30 06:00:00
20090588,mature,2009-06-30 09:00:00,2009-07-01 03:00:00
20090588,decay,2009-07-01 06:00:00,2009-07-05 03:00:00
20090591,incipient,2009-06-29 15:00:00,2009-06-29 18:00:00
20090591,intensification,2009-06-29 21:00:00,2009-06-30 09:00:00
20090591,mature,2009-06-30 12:00:00,2009-06-30 18:00:00
20090591,decay,2009-06-30 21:00:00,2009-07-02 00:00:00
20090598,incipient,2009-07-02 03:00:00,2009-07-02 18:00:00
20090598,intensification,2009-07-02 21:00:00,2009-07-05 12:00:00
20090598,mature,2009-07-05 15:00:00,2009-07-06 06:00:00
20090598,decay,2009-07-06 09:00:00,2009-07-07 15:00:00
20090608,incipient,2009-07-04 00:00:00,2009-07-06 03:00:00
20090608,decay,2009-07-06 06:00:00,2009-07-06 18:00:00
20090608,intensification,2009-07-06 21:00:00,2009-07-08 09:00:00
20090608,mature,2009-07-08 12:00:00,2009-07-08 18:00:00
20090608,decay 2,2009-07-08 21:00:00,2009-07-09 09:00:00
20090612,incipient,2009-07-05 18:00:00,2009-07-05 18:00:00
20090612,intensification,2009-07-05 21:00:00,2009-07-06 09:00:00
20090612,mature,2009-07-06 12:00:00,2009-07-06 15:00:00
20090612,decay,2009-07-06 18:00:00,2009-07-07 21:00:00
20090614,incipient,2009-07-06 12:00:00,2009-07-06 15:00:00
20090614,intensification,2009-07-06 18:00:00,2009-07-07 09:00:00
20090614,mature,2009-07-07 12:00:00,2009-07-07 18:00:00
20090614,decay,2009-07-07 21:00:00,2009-07-09 06:00:00
20090615,incipient,2009-07-07 03:00:00,2009-07-07 09:00:00
20090615,intensification,2009-07-07 12:00:00,2009-07-08 18:00:00
20090615,mature,2009-07-08 21:00:00,2009-07-09 06:00:00
20090615,decay,2009-07-09 09:00:00,2009-07-11 18:00:00
20090622,incipient,2009-07-09 06:00:00,2009-07-09 18:00:00
20090622,intensification,2009-07-09 21:00:00,2009-07-11 15:00:00
20090622,mature,2009-07-11 18:00:00,2009-07-12 06:00:00
20090622,decay,2009-07-12 09:00:00,2009-07-14 00:00:00
20090623,incipient,2009-07-09 06:00:00,2009-07-09 06:00:00
20090623,intensification,2009-07-09 09:00:00,2009-07-10 00:00:00
20090623,mature,2009-07-10 03:00:00,2009-07-10 09:00:00
20090623,decay,2009-07-10 12:00:00,2009-07-12 03:00:00
20090629,intensification,2009-07-10 09:00:00,2009-07-10 18:00:00
20090629,decay,2009-07-10 21:00:00,2009-07-11 21:00:00
20090636,incipient,2009-07-12 03:00:00,2009-07-12 18:00:00
20090636,intensification,2009-07-12 21:00:00,2009-07-14 15:00:00
20090636,mature,2009-07-14 18:00:00,2009-07-15 03:00:00
20090636,decay,2009-07-15 06:00:00,2009-07-16 00:00:00
20090648,decay,2009-07-14 00:00:00,2009-07-14 21:00:00
20090651,intensification,2009-07-15 00:00:00,2009-07-15 06:00:00
20090651,mature,2009-07-15 09:00:00,2009-07-15 12:00:00
20090651,decay,2009-07-15 15:00:00,2009-07-16 09:00:00
20090676,intensification,2009-07-20 06:00:00,2009-07-20 18:00:00
20090676,decay,2009-07-20 21:00:00,2009-07-21 12:00:00
20090679,incipient,2009-07-21 09:00:00,2009-07-21 09:00:00
20090679,intensification,2009-07-21 12:00:00,2009-07-22 15:00:00
20090679,mature,2009-07-22 18:00:00,2009-07-23 06:00:00
20090679,decay,2009-07-23 09:00:00,2009-07-26 09:00:00
20090697,intensification,2009-07-26 00:00:00,2009-07-26 12:00:00
20090697,decay,2009-07-26 15:00:00,2009-07-26 21:00:00
20090705,decay,2009-07-27 18:00:00,2009-07-28 03:00:00
20090705,intensification,2009-07-28 06:00:00,2009-07-28 09:00:00
20090705,mature,2009-07-28 12:00:00,2009-07-28 15:00:00
20090705,decay 2,2009-07-28 18:00:00,2009-07-29 12:00:00
20100003,intensification,2010-01-02 18:00:00,2010-01-03 12:00:00
20100003,decay,2010-01-03 15:00:00,2010-01-04 06:00:00
20100009,incipient,2010-01-04 09:00:00,2010-01-04 15:00:00
20100009,intensification,2010-01-04 18:00:00,2010-01-05 12:00:00
20100009,mature,2010-01-05 15:00:00,2010-01-05 18:00:00
20100009,decay,2010-01-05 21:00:00,2010-01-06 15:00:00
20100011,incipient,2010-01-05 09:00:00,2010-01-05 21:00:00
20100011,intensification,2010-01-06 00:00:00,2010-01-08 00:00:00
20100011,mature,2010-01-08 03:00:00,2010-01-09 00:00:00
20100011,decay,2010-01-09 03:00:00,2010-01-12 21:00:00
20100015,incipient,2010-01-08 06:00:00,2010-01-08 18:00:00
20100015,intensification,2010-01-08 21:00:00,2010-01-10 18:00:00
20100015,mature,2010-01-10 21:00:00,2010-01-11 09:00:00
20100015,decay,2010-01-11 12:00:00,2010-01-13 09:00:00
20100015,residual,2010-01-13 12:00:00,2010-01-14 03:00:00
20100021,incipient,2010-01-10 00:00:00,2010-01-10 03:00:00
20100021,decay,2010-01-10 06:00:00,2010-01-10 12:00:00
20100021,intensification,2010-01-10 15:00:00,2010-01-10 21:00:00
20100022,intensification,2010-01-10 12:00:00,2010-01-13 00:00:00
20100026,incipient,2010-01-12 03:00:00,2010-01-12 09:00:00
20100026,intensification,2010-01-12 12:00:00,2010-01-13 09:00:00
20100026,mature,2010-01-13 12:00:00,2010-01-13 18:00:00
20100026,decay,2010-01-13 21:00:00,2010-01-15 12:00:00
20100035,intensification,2010-01-15 06:00:00,2010-01-15 12:00:00
20100035,decay,2010-01-15 15:00:00,2010-01-16 09:00:00
20100041,intensification,2010-01-16 15:00:00,2010-01-17 09:00:00
20100041,decay,2010-01-17 12:00:00,2010-01-18 00:00:00
20100042,incipient,2010-01-17 00:00:00,2010-01-18 12:00:00
20100042,decay,2010-01-18 15:00:00,2010-01-19 06:00:00
20100042,intensification,2010-01-19 09:00:00,2010-01-20 06:00:00
20100042,decay 2,2010-01-20 09:00:00,2010-01-21 06:00:00
20100048,incipient,2010-01-18 12:00:00,2010-01-18 15:00:00
20100048,intensification,2010-01-18 18:00:00,2010-01-19 12:00:00
20100048,mature,2010-01-19 15:00:00,2010-01-19 21:00:00
20100048,decay,2010-01-20 00:00:00,2010-01-20 21:00:00
20100050,incipient,2010-01-19 03:00:00,2010-01-19 12:00:00
20100050,intensification,2010-01-19 15:00:00,2010-01-21 03:00:00
20100050,mature,2010-01-21 06:00:00,2010-01-21 18:00:00
20100050,decay,2010-01-21 21:00:00,2010-01-23 21:00:00
20100050,intensification 2,2010-01-24 00:00:00,2010-01-24 21:00:00
20100050,mature 2,2010-01-25 00:00:00,2010-01-25 09:00:00
20100050,decay 2,2010-01-25 12:00:00,2010-01-28 00:00:00
20100056,incipient,2010-01-21 00:00:00,2010-01-21 03:00:00
20100056,intensification,2010-01-21 06:00:00,2010-01-22 06:00:00
20100056,mature,2010-01-22 09:00:00,2010-01-22 15:00:00
20100056,decay,2010-01-22 18:00:00,2010-01-24 09:00:00
20100059,intensification,2010-01-21 18:00:00,2010-01-23 09:00:00
20100059,mature,2010-01-23 12:00:00,2010-01-24 12:00:00
20100059,decay,2010-01-24 15:00:00,2010-01-31 06:00:00
20100064,incipient,2010-01-23 15:00:00,2010-01-24 18:00:00
20100064,intensification,2010-01-24 21:00:00,2010-01-27 03:00:00
20100064,mature,2010-01-27 06:00:00,2010-01-27 21:00:00
20100064,decay,2010-01-28 00:00:00,2010-01-29 00:00:00
20100069,incipient,2010-01-26 03:00:00,2010-01-26 03:00:00
20100069,intensification,2010-01-26 06:00:00,2010-01-27 21:00:00
20100069,mature,2010-01-28 00:00:00,2010-01-28 18:00:00
20100069,decay,2010-01-28 21:00:00,2010-02-01 12:00:00
20100077,incipient,2010-01-28 18:00:00,2010-01-28 21:00:00
20100077,intensification,2010-01-29 00:00:00,2010-01-29 12:00:00
20100077,mature,2010-01-29 15:00:00,2010-01-29 18:00:00
20100077,decay,2010-01-29 21:00:00,2010-01-31 03:00:00
20100079,incipient,2010-01-29 03:00:00,2010-01-29 09:00:00
20100079,intensification,2010-01-29 12:00:00,2010-01-30 18:00:00
20100079,mature,2010-01-30 21:00:00,2010-01-31 09:00:00
20100079,decay,2010-01-31 12:00:00,2010-02-02 15:00:00
20100083,incipient,2010-01-31 12:00:00,2010-02-01 03:00:00
20100083,intensification,2010-02-01 06:00:00,2010-02-02 18:00:00
20100083,mature,2010-02-02 21:00:00,2010-02-03 06:00:00
20100083,decay,2010-02-03 09:00:00,2010-02-04 18:00:00
20100087,incipient,2010-02-01 03:00:00,2010-02-01 18:00:00
20100087,intensification,2010-02-01 21:00:00,2010-02-04 00:00:00
20100087,mature,2010-02-04 03:00:00,2010-02-05 03:00:00
20100087,decay,2010-02-05 06:00:00,2010-02-10 06:00:00
20100093,incipient,2010-02-03 12:00:00,2010-02-03 15:00:00
20100093,intensification,2010-02-03 18:00:00,2010-02-04 06:00:00
20100093,mature,2010-02-04 09:00:00,2010-02-04 15:00:00
20100093,decay,2010-02-04 18:00:00,2010-02-05 21:00:00
20100095,incipient,2010-02-04 15:00:00,2010-02-04 15:00:00
20100095,intensification,2010-02-04 18:00:00,2010-02-05 03:00:00
20100095,mature,2010-02-05 06:00:00,2010-02-05 09:00:00
20100095,decay,2010-02-05 12:00:00,2010-02-06 15:00:00
20100102,incipient,2010-02-07 03:00:00,2010-02-07 03:00:00
20100102,intensification,2010-02-07 06:00:00,2010-02-07 21:00:00
20100102,mature,2010-02-08 00:00:00,2010-02-08 03:00:00
20100102,decay,2010-02-08 06:00:00,2010-02-09 09:00:00
20100105,incipient,2010-02-07 12:00:00,2010-02-07 18:00:00
20100105,intensification,2010-02-07 21:00:00,2010-02-08 18:00:00
20100105,mature,2010-02-08 21:00:00,2010-02-09 03:00:00
20100105,decay,2010-02-09 06:00:00,2010-02-10 15:00:00
20100108,intensification,2010-02-08 18:00:00,2010-02-09 09:00:00
20100108,decay,2010-02-09 12:00:00,2010-02-09 21:00:00
20100112,decay,2010-02-10 00:00:00,2010-02-10 15:00:00
20100112,intensification,2010-02-10 18:00:00,2010-02-11 09:00:00
20100133,incipient,2010-02-16 15:00:00,2010-02-17 18:00:00
20100133,intensification,2010-02-17 21:00:00,2010-02-20 09:00:00
20100133,mature,2010-02-20 12:00:00,2010-02-21 00:00:00
20100133,decay,2010-02-21 03:00:00,2010-02-22 21:00:00
20100135,incipient,2010-02-17 12:00:00,2010-02-18 06:00:00
20100135,intensification,2010-02-18 09:00:00,2010-02-20 09:00:00
20100135,mature,2010-02-20 12:00:00,2010-02-21 00:00:00
20100135,decay,2010-02-21 03:00:00,2010-02-22 15:00:00
20100137,incipient,2010-02-19 03:00:00,2010-02-19 06:00:00
20100137,decay,2010-02-19 09:00:00,2010-02-19 15:00:00
20100137,intensification,2010-02-19 18:00:00,2010-02-20 00:00:00
20100138,incipient,2010-02-20 03:00:00,2010-02-20 09:00:00
20100138,intensification,2010-02-20 12:00:00,2010-02-20 15:00:00
20100138,decay,2010-02-20 18:00:00,2010-02-21 00:00:00
20100138,intensification 2,2010-02-21 03:00:00,2010-02-21 09:00:00
20100144,incipient,2010-02-22 12:00:00,2010-02-22 18:00:00
20100144,intensification,2010-02-22 21:00:00,2010-02-24 03:00:00
20100144,mature,2010-02-24 06:00:00,2010-02-24 12:00:00
20100144,decay,2010-02-24 15:00:00,2010-02-25 15:00:00
20100149,incipient,2010-02-23 12:00:00,2010-02-23 12:00:00
20100149,intensification,2010-02-23 15:00:00,2010-02-25 00:00:00
20100149,mature,2010-02-25 03:00:00,2010-02-25 12:00:00
20100149,decay,2010-02-25 15:00:00,2010-02-27 21:00:00
20100149,intensification 2,2010-02-28 00:00:00,2010-03-03 00:00:00
20100149,mature 2,2010-03-03 03:00:00,2010-03-03 21:00:00
20100149,decay 2,2010-03-04 00:00:00,2010-03-07 00:00:00
20100158,intensification,2010-02-26 18:00:00,2010-02-27 15:00:00
20100173,incipient,2010-03-03 00:00:00,2010-03-03 09:00:00
20100173,intensification,2010-03-03 12:00:00,2010-03-05 00:00:00
20100173,mature,2010-03-05 03:00:00,2010-03-05 18:00:00
20100173,decay,2010-03-05 21:00:00,2010-03-08 15:00:00
20100192,decay,2010-03-08 03:00:00,2010-03-08 09:00:00
20100192,intensification,2010-03-08 12:00:00,2010-03-09 00:00:00
20100192,decay 2,2010-03-09 03:00:00,2010-03-09 15:00:00
20100196,incipient,2010-03-09 00:00:00,2010-03-11 12:00:00
20100196,intensification,2010-03-11 15:00:00,2010-03-13 18:00:00
20100196,mature,2010-03-13 21:00:00,2010-03-14 09:00:00
20100196,decay,2010-03-14 12:00:00,2010-03-16 03:00:00
20100208,intensification,2010-03-14 06:00:00,2010-03-14 18:00:00
20100208,decay,2010-03-14 21:00:00,2010-03-15 06:00:00
20100209,incipient,2010-03-14 18:00:00,2010-03-14 21:00:00
20100209,intensification,2010-03-15 00:00:00,2010-03-18 12:00:00
20100209,mature,2010-03-18 15:00:00,2010-03-19 06:00:00
20100209,decay,2010-03-19 09:00:00,2010-03-20 18:00:00
20100219,decay,2010-03-17 12:00:00,2010-03-18 21:00:00
20100219,intensification,2010-03-19 00:00:00,2010-03-24 00:00:00
20100219,residual,2010-03-24 03:00:00,2010-03-25 00:00:00
20100222,incipient,2010-03-19 00:00:00,2010-03-19 12:00:00
20100222,intensification,2010-03-19 15:00:00,2010-03-20 15:00:00
20100222,mature,2010-03-20 18:00:00,2010-03-20 21:00:00
20100222,decay,2010-03-21 00:00:00,2010-03-21 09:00:00
20100223,decay,2010-03-19 12:00:00,2010-03-20 06:00:00
20100223,intensification,2010-03-20 09:00:00,2010-03-20 15:00:00
20100234,incipient,2010-03-21 18:00:00,2010-03-22 06:00:00
20100234,intensification,2010-03-22 09:00:00,2010-03-24 06:00:00
20100234,mature,2010-03-24 09:00:00,2010-03-25 03:00:00
20100234,decay,2010-03-25 06:00:00,2010-03-27 18:00:00
20100234,intensification 2,2010-03-27 21:00:00,2010-03-28 21:00:00
20100234,mature 2,2010-03-29 00:00:00,2010-03-29 09:00:00
20100234,decay 2,2010-03-29 12:00:00,2010-03-31 12:00:00
20100249,incipient,2010-03-26 12:00:00,2010-03-26 15:00:00
20100249,intensification,2010-03-26 18:00:00,2010-03-27 09:00:00
20100249,mature,2010-03-27 12:00:00,2010-03-27 18:00:00
20100249,decay,2010-03-27 21:00:00,2010-03-29 06:00:00
20100257,intensification,2010-03-28 18:00:00,2010-04-02 15:00:00
20100260,incipient,2010-03-29 09:00:00,2010-03-29 09:00:00
20100260,intensification,2010-03-29 12:00:00,2010-03-30 09:00:00
20100260,mature,2010-03-30 12:00:00,2010-03-30 15:00:00
20100260,decay,2010-03-30 18:00:00,2010-03-31 03:00:00
20100260,intensification 2,2010-03-31 06:00:00,2010-03-31 21:00:00
20100260,mature 2,2010-04-01 00:00:00,2010-04-01 03:00:00
20100260,decay 2,2010-04-01 06:00:00,2010-04-02 00:00:00
20100269,incipient,2010-03-31 15:00:00,2010-03-31 21:00:00
20100269,intensification,2010-04-01 00:00:00,2010-04-02 03:00:00
20100269,mature,2010-04-02 06:00:00,2010-04-02 12:00:00
20100269,decay,2010-04-02 15:00:00,2010-04-03 09:00:00
20100290,incipient,2010-04-05 15:00:00,2010-04-06 03:00:00
20100290,intensification,2010-04-06 06:00:00,2010-04-08 06:00:00
20100290,mature,2010-04-08 09:00:00,2010-04-09 00:00:00
20100290,decay,2010-04-09 03:00:00,2010-04-11 12:00:00
20100290,residual,2010-04-11 15:00:00,2010-04-14 00:00:00
20100304,intensification,2010-04-11 03:00:00,2010-04-13 00:00:00
20100304,mature,2010-04-13 03:00:00,2010-04-13 09:00:00
20100304,decay,2010-04-13 12:00:00,2010-04-14 03:00:00
20100304,intensification 2,2010-04-14 06:00:00,2010-04-16 15:00:00
20100304,mature 2,2010-04-16 18:00:00,2010-04-17 06:00:00
20100304,decay 2,2010-04-17 09:00:00,2010-04-19 09:00:00
20100312,incipient,2010-04-14 12:00:00,2010-04-14 12:00:00
20100312,decay,2010-04-14 15:00:00,2010-04-15 15:00:00
20100312,intensification,2010-04-15 18:00:00,2010-04-16 12:00:00
20100312,mature,2010-04-16 15:00:00,2010-04-16 21:00:00
20100312,decay 2,2010-04-17 00:00:00,2010-04-17 21:00:00
20100320,intensification,2010-04-18 09:00:00,2010-04-19 03:00:00
20100320,decay,2010-04-19 06:00:00,2010-04-19 18:00:00
20100321,decay,2010-04-18 12:00:00,2010-04-18 15:00:00
20100321,intensification,2010-04-18 18:00:00,2010-04-19 09:00:00
20100322,incipient,2010-04-19 03:00:00,2010-04-19 15:00:00
20100322,intensification,2010-04-19 18:00:00,2010-04-21 09:00:00
20100322,mature,2010-04-21 12:00:00,2010-04-22 06:00:00
20100322,decay,2010-04-22 09:00:00,2010-04-26 03:00:00
20100323,intensification,2010-04-19 12:00:00,2010-04-19 18:00:00
20100323,decay,2010-04-19 21:00:00,2010-04-20 12:00:00
20100328,incipient,2010-04-20 03:00:00,2010-04-21 00:00:00
20100328,intensification,2010-04-21 03:00:00,2010-04-23 03:00:00
20100328,mature,2010-04-23 06:00:00,2010-04-23 21:00:00
20100328,decay,2010-04-24 00:00:00,2010-04-25 21:00:00
20100350,incipient,2010-04-28 03:00:00,2010-04-28 09:00:00
20100350,intensification,2010-04-28 12:00:00,2010-04-29 12:00:00
20100350,mature,2010-04-29 15:00:00,2010-04-29 21:00:00
20100350,decay,2010-04-30 00:00:00,2010-05-01 12:00:00
20100355,decay,2010-04-30 18:00:00,2010-04-30 21:00:00
20100355,intensification,2010-05-01 00:00:00,2010-05-01 15:00:00
20100371,intensification,2010-05-05 03:00:00,2010-05-07 09:00:00
20100376,intensification,2010-05-06 03:00:00,2010-05-07 09:00:00
20100379,decay,2010-05-06 15:00:00,2010-05-06 21:00:00
20100379,intensification,2010-05-07 00:00:00,2010-05-08 09:00:00
20100379,mature,2010-05-08 12:00:00,2010-05-08 15:00:00
20100379,decay 2,2010-05-08 18:00:00,2010-05-09 09:00:00
20100385,incipient,2010-05-08 12:00:00,2010-05-08 12:00:00
20100385,decay,2010-05-08 15:00:00,2010-05-09 03:00:00
20100385,intensification,2010-05-09 06:00:00,2010-05-09 12:00:00
20100385,decay 2,2010-05-09 15:00:00,2010-05-10 00:00:00
20100418,intensification,2010-05-19 00:00:00,2010-05-19 09:00:00
20100418,decay,2010-05-19 12:00:00,2010-05-19 21:00:00
20100436,decay,2010-05-23 12:00:00,2010-05-23 18:00:00
20100436,intensification,2010-05-23 21:00:00,2010-05-24 18:00:00
20100436,mature,2010-05-24 21:00:00,2010-05-25 00:00:00
20100436,decay 2,2010-05-25 03:00:00,2010-05-25 21:00:00
20100436,residual,2010-05-26 00:00:00,2010-05-26 00:00:00
20100437,incipient,2010-05-23 12:00:00,2010-05-24 00:00:00
20100437,intensification,2010-05-24 03:00:00,2010-05-28 15:00:00
20100437,mature,2010-05-28 18:00:00,2010-05-29 15:00:00
20100437,decay,2010-05-29 18:00:00,2010-05-31 12:00:00
20100445,decay,2010-05-26 03:00:00,2010-05-31 12:00:00
20100453,intensification,2010-05-28 03:00:00,2010-05-29 09:00:00
20100453,mature,2010-05-29 12:00:00,2010-05-29 18:00:00
20100453,decay,2010-05-29 21:00:00,2010-05-31 06:00:00
20100453,intensification 2,2010-05-31 09:00:00,2010-06-01 06:00:00
20100453,mature 2,2010-06-01 09:00:00,2010-06-01 15:00:00
20100453,decay 2,2010-06-01 18:00:00,2010-06-02 18:00:00
20100459,incipient,2010-05-31 00:00:00,2010-05-31 12:00:00
20100459,intensification,2010-05-31 15:00:00,2010-06-02 00:00:00
20100459,mature,2010-06-02 03:00:00,2010-06-02 21:00:00
20100459,decay,2010-06-03 00:00:00,2010-06-06 09:00:00
20100459,residual,2010-06-06 12:00:00,2010-06-08 09:00:00
20100481,intensification,2010-06-06 06:00:00,2010-06-07 00:00:00
20100481,mature,2010-06-07 03:00:00,2010-06-07 15:00:00
20100481,decay,2010-06-07 18:00:00,2010-06-10 09:00:00
20100491,intensification,2010-06-09 00:00:00,2010-06-09 15:00:00
20100491,decay,2010-06-09 18:00:00,2010-06-09 21:00:00
20100502,incipient,2010-06-11 03:00:00,2010-06-11 15:00:00
20100502,intensification,2010-06-11 18:00:00,2010-06-13 15:00:00
20100502,mature,2010-06-13 18:00:00,2010-06-14 15:00:00
20100502,decay,2010-06-14 18:00:00,2010-06-19 12:00:00
20100507,intensification,2010-06-12 15:00:00,2010-06-12 21:00:00
20100507,mature,2010-06-13 00:00:00,2010-06-13 03:00:00
20100507,decay,2010-06-13 06:00:00,2010-06-14 00:00:00
20100510,incipient,2010-06-13 15:00:00,2010-06-14 09:00:00
20100510,decay,2010-06-14 12:00:00,2010-06-15 12:00:00
20100510,intensification,2010-06-15 15:00:00,2010-06-18 21:00:00
20100510,mature,2010-06-19 00:00:00,2010-06-19 12:00:00
20100510,decay 2,2010-06-19 15:00:00,2010-06-21 03:00:00
20100534,incipient,2010-06-20 00:00:00,2010-06-20 00:00:00
20100534,intensification,2010-06-20 03:00:00,2010-06-20 21:00:00
20100534,mature,2010-06-21 00:00:00,2010-06-21 03:00:00
20100534,decay,2010-06-21 06:00:00,2010-06-21 15:00:00
20100540,decay,2010-06-21 18:00:00,2010-06-21 21:00:00
20100540,intensification,2010-06-22 00:00:00,2010-06-22 03:00:00
20100540,decay 2,2010-06-22 06:00:00,2010-06-22 21:00:00
20100541,decay,2010-06-21 18:00:00,2010-06-22 09:00:00
20100541,intensification,2010-06-22 12:00:00,2010-06-24 21:00:00
20100541,mature,2010-06-25 00:00:00,2010-06-25 06:00:00
20100541,decay 2,2010-06-25 09:00:00,2010-06-25 21:00:00
20100543,intensification,2010-06-22 12:00:00,2010-06-23 21:00:00
20100545,intensification,2010-06-23 06:00:00,2010-06-23 12:00:00
20100545,decay,2010-06-23 15:00:00,2010-06-24 06:00:00
20100560,incipient,2010-06-26 18:00:00,2010-06-27 12:00:00
20100560,intensification,2010-06-27 15:00:00,2010-06-29 06:00:00
20100560,mature,2010-06-29 09:00:00,2010-06-29 21:00:00
20100560,decay,2010-06-30 00:00:00,2010-07-01 12:00:00
20100583,decay,2010-07-04 00:00:00,2010-07-04 03:00:00
20100583,intensification,2010-07-04 06:00:00,2010-07-04 12:00:00
20100583,decay 2,2010-07-04 15:00:00,2010-07-05 06:00:00
20100596,intensification,2010-07-07 06:00:00,2010-07-10 03:00:00
20100596,mature,2010-07-10 06:00:00,2010-07-11 21:00:00
20100596,decay,2010-07-12 00:00:00,2010-07-20 18:00:00
20100601,incipient,2010-07-08 18:00:00,2010-07-08 18:00:00
20100601,intensification,2010-07-08 21:00:00,2010-07-09 12:00:00
20100601,mature,2010-07-09 15:00:00,2010-07-09 18:00:00
20100601,decay,2010-07-09 21:00:00,2010-07-10 00:00:00
20100609,incipient,2010-07-11 03:00:00,2010-07-11 06:00:00
20100609,intensification,2010-07-11 09:00:00,2010-07-12 18:00:00
20100609,mature,2010-07-12 21:00:00,2010-07-13 09:00:00
20100609,decay,2010-07-13 12:00:00,2010-07-16 15:00:00
20100650,incipient,2010-07-21 09:00:00,2010-07-21 09:00:00
20100650,decay,2010-07-21 12:00:00,2010-07-22 12:00:00
20100650,intensification,2010-07-22 15:00:00,2010-07-24 21:00:00
20100650,mature,2010-07-25 00:00:00,2010-07-25 09:00:00
20100650,decay 2,2010-07-25 12:00:00,2010-07-26 21:00:00
20100651,incipient,2010-07-21 12:00:00,2010-07-21 12:00:00
20100651,decay,2010-07-21 15:00:00,2010-07-22 09:00:00
20100651,intensification,2010-07-22 12:00:00,2010-07-22 21:00:00
20100651,mature,2010-07-23 00:00:00,2010-07-23 03:00:00
20100651,decay 2,2010-07-23 06:00:00,2010-07-24 09:00:00
20100655,incipient,2010-07-22 18:00:00,2010-07-23 03:00:00
20100655,intensification,2010-07-23 06:00:00,2010-07-24 09:00:00
20100655,mature,2010-07-24 12:00:00,2010-07-24 15:00:00
20100655,decay,2010-07-24 18:00:00,2010-07-24 21:00:00
20100664,incipient,2010-07-24 03:00:00,2010-07-24 15:00:00
20100664,intensification,2010-07-24 18:00:00,2010-07-25 15:00:00
20100664,mature,2010-07-25 18:00:00,2010-07-25 21:00:00
20100664,decay,2010-07-26 00:00:00,2010-07-26 12:00:00
20100675,incipient,2010-07-27 09:00:00,2010-07-27 15:00:00
20100675,intensification,2010-07-27 18:00:00,2010-07-28 15:00:00
20100675,mature,2010-07-28 18:00:00,2010-07-29 00:00:00
20100675,decay,2010-07-29 03:00:00,2010-07-30 00:00:00
20100676,incipient,2010-07-28 00:00:00,2010-07-28 12:00:00
20100676,intensification,2010-07-28 15:00:00,2010-07-30 21:00:00
20100676,mature,2010-07-31 00:00:00,2010-07-31 18:00:00
20100676,decay,2010-07-31 21:00:00,2010-08-06 12:00:00
20100680,intensification,2010-07-28 18:00:00,2010-07-29 06:00:00
20100680,decay,2010-07-29 09:00:00,2010-07-29 18:00:00
20100682,incipient,2010-07-30 09:00:00,2010-07-30 12:00:00
20100682,intensification,2010-07-30 15:00:00,2010-08-01 03:00:00
20100682,mature,2010-08-01 06:00:00,2010-08-01 21:00:00
20100682,decay,2010-08-02 00:00:00,2010-08-04 15:00:00
20100682,residual,2010-08-04 18:00:00,2010-08-07 00:00:00
20100690,incipient,2010-08-01 00:00:00,2010-08-01 00:00:00
20100690,intensification,2010-08-01 03:00:00,2010-08-01 12:00:00
20100690,mature,2010-08-01 15:00:00,2010-08-01 18:00:00
20100690,decay,2010-08-01 21:00:00,2010-08-03 06:00:00
20100705,incipient,2010-08-05 18:00:00,2010-08-06 06:00:00
20100705,intensification,2010-08-06 09:00:00,2010-08-08 03:00:00
20100705,mature,2010-08-08 06:00:00,2010-08-08 18:00:00
20100705,decay,2010-08-08 21:00:00,2010-08-11 00:00:00
20100707,incipient,2010-08-06 00:00:00,2010-08-06 06:00:00
20100707,intensification,2010-08-06 09:00:00,2010-08-06 21:00:00
20100707,mature,2010-08-07 00:00:00,2010-08-07 03:00:00
20100707,decay,2010-08-07 06:00:00,2010-08-07 21:00:00
20100714,incipient,2010-08-08 12:00:00,2010-08-08 15:00:00
20100714,decay,2010-08-08 18:00:00,2010-08-09 06:00:00
20100714,intensification,2010-08-09 09:00:00,2010-08-09 15:00:00
20100715,incipient,2010-08-08 15:00:00,2010-08-09 09:00:00
20100715,intensification,2010-08-09 12:00:00,2010-08-11 12:00:00
20100715,mature,2010-08-11 15:00:00,2010-08-12 06:00:00
20100715,decay,2010-08-12 09:00:00,2010-08-14 12:00:00
20100718,intensification,2010-08-10 03:00:00,2010-08-11 12:00:00
20100718,mature,2010-08-11 15:00:00,2010-08-12 15:00:00
20100718,decay,2010-08-12 18:00:00,2010-08-19 09:00:00
20100730,incipient,2010-08-15 15:00:00,2010-08-16 03:00:00
20100730,intensification,2010-08-16 06:00:00,2010-08-18 03:00:00
20100730,mature,2010-08-18 06:00:00,2010-08-18 21:00:00
20100730,decay,2010-08-19 00:00:00,2010-08-21 21:00:00
20100731,incipient,2010-08-15 15:00:00,2010-08-15 15:00:00
20100731,intensification,2010-08-15 18:00:00,2010-08-17 00:00:00
20100731,mature,2010-08-17 03:00:00,2010-08-17 06:00:00
20100731,decay,2010-08-17 09:00:00,2010-08-17 15:00:00
20100735,incipient,2010-08-17 09:00:00,2010-08-17 15:00:00
20100735,intensification,2010-08-17 18:00:00,2010-08-19 09:00:00
20100735,mature,2010-08-19 12:00:00,2010-08-19 18:00:00
20100735,decay,2010-08-19 21:00:00,2010-08-20 12:00:00
20100744,intensification,2010-08-20 15:00:00,2010-08-21 09:00:00
20100744,decay,2010-08-21 12:00:00,2010-08-22 00:00:00
20100745,intensification,2010-08-20 18:00:00,2010-08-21 03:00:00
20100745,decay,2010-08-21 06:00:00,2010-08-21 21:00:00
20100751,intensification,2010-08-22 12:00:00,2010-08-23 00:00:00
20100751,mature,2010-08-23 03:00:00,2010-08-23 06:00:00
20100751,decay,2010-08-23 09:00:00,2010-08-24 03:00:00
20100751,residual,2010-08-24 06:00:00,2010-08-25 00:00:00
20110008,decay,2011-01-02 15:00:00,2011-01-02 21:00:00
20110008,intensification,2011-01-03 00:00:00,2011-01-04 18:00:00
20110008,mature,2011-01-04 21:00:00,2011-01-05 03:00:00
20110008,decay 2,2011-01-05 06:00:00,2011-01-05 21:00:00
20110010,incipient,2011-01-03 03:00:00,2011-01-03 09:00:00
20110010,intensification,2011-01-03 12:00:00,2011-01-05 15:00:00
20110010,mature,2011-01-05 18:00:00,2011-01-06 06:00:00
20110010,decay,2011-01-06 09:00:00,2011-01-07 03:00:00
20110010,intensification 2,2011-01-07 06:00:00,2011-01-08 00:00:00
20110010,mature 2,2011-01-08 03:00:00,2011-01-08 12:00:00
20110010,decay 2,2011-01-08 15:00:00,2011-01-11 00:00:00
20110013,incipient,2011-01-04 09:00:00,2011-01-04 18:00:00
20110013,intensification,2011-01-04 21:00:00,2011-01-06 21:00:00
20110013,mature,2011-01-07 00:00:00,2011-01-07 09:00:00
20110013,decay,2011-01-07 12:00:00,2011-01-08 06:00:00
20110013,intensification 2,2011-01-08 09:00:00,2011-01-10 15:00:00
20110013,mature 2,2011-01-10 18:00:00,2011-01-11 06:00:00
20110013,decay 2,2011-01-11 09:00:00,2011-01-13 09:00:00
20110017,incipient,2011-01-05 00:00:00,2011-01-05 06:00:00
20110017,intensification,2011-01-05 09:00:00,2011-01-06 09:00:00
20110017,mature,2011-01-06 12:00:00,2011-01-06 21:00:00
20110017,decay,2011-01-07 00:00:00,2011-01-08 18:00:00
20110026,decay,2011-01-08 06:00:00,2011-01-08 18:00:00
20110026,intensification,2011-01-08 21:00:00,2011-01-09 06:00:00
20110026,decay 2,2011-01-09 09:00:00,2011-01-09 21:00:00
20110030,incipient,2011-01-10 06:00:00,2011-01-10 15:00:00
20110030,intensification,2011-01-10 18:00:00,2011-01-12 09:00:00
20110030,mature,2011-01-12 12:00:00,2011-01-12 21:00:00
20110030,decay,2011-01-13 00:00:00,2011-01-13 18:00:00
20110037,incipient,2011-01-12 06:00:00,2011-01-13 06:00:00
20110037,intensification,2011-01-13 09:00:00,2011-01-16 09:00:00
20110037,mature,2011-01-16 12:00:00,2011-01-17 06:00:00
20110037,decay,2011-01-17 09:00:00,2011-01-19 18:00:00
20110040,decay,2011-01-14 06:00:00,2011-01-16 09:00:00
20110043,intensification,2011-01-15 12:00:00,2011-01-15 21:00:00
20110043,decay,2011-01-16 00:00:00,2011-01-16 12:00:00
20110047,incipient,2011-01-16 03:00:00,2011-01-16 09:00:00
20110047,intensification,2011-01-16 12:00:00,2011-01-18 00:00:00
20110047,mature,2011-01-18 03:00:00,2011-01-18 18:00:00
20110047,decay,2011-01-18 21:00:00,2011-01-24 15:00:00
20110051,incipient,2011-01-18 18:00:00,2011-01-18 18:00:00
20110051,intensification,2011-01-18 21:00:00,2011-01-20 18:00:00
20110051,mature,2011-01-20 21:00:00,2011-01-21 03:00:00
20110051,decay,2011-01-21 06:00:00,2011-01-21 21:00:00
20110056,incipient,2011-01-20 00:00:00,2011-01-20 00:00:00
20110056,intensification,2011-01-20 03:00:00,2011-01-21 00:00:00
20110056,mature,2011-01-21 03:00:00,2011-01-21 15:00:00
20110056,decay,2011-01-21 18:00:00,2011-01-24 21:00:00
20110060,incipient,2011-01-21 09:00:00,2011-01-21 09:00:00
20110060,intensification,2011-01-21 12:00:00,2011-01-22 00:00:00
20110060,mature,2011-01-22 03:00:00,2011-01-22 06:00:00
20110060,decay,2011-01-22 09:00:00,2011-01-23 06:00:00
20110064,incipient,2011-01-22 06:00:00,2011-01-22 09:00:00
20110064,intensification,2011-01-22 12:00:00,2011-01-23 12:00:00
20110064,mature,2011-01-23 15:00:00,2011-01-23 18:00:00
20110064,decay,2011-01-23 21:00:00,2011-01-23 21:00:00
20110066,intensification,2011-01-22 09:00:00,2011-01-23 09:00:00
20110066,mature,2011-01-23 12:00:00,2011-01-24 00:00:00
20110066,decay,2011-01-24 03:00:00,2011-01-27 06:00:00
20110066,residual,2011-01-27 09:00:00,2011-01-27 09:00:00
20110072,incipient,2011-01-24 06:00:00,2011-01-24 09:00:00
20110072,intensification,2011-01-24 12:00:00,2011-01-26 06:00:00
20110072,mature,2011-01-26 09:00:00,2011-01-27 06:00:00
20110072,decay,2011-01-27 09:00:00,2011-02-03 15:00:00
20110073,incipient,2011-01-25 18:00:00,2011-01-26 00:00:00
20110073,intensification,2011-01-26 03:00:00,2011-01-28 00:00:00
20110073,mature,2011-01-28 03:00:00,2011-01-28 12:00:00
20110073,decay,2011-01-28 15:00:00,2011-01-30 00:00:00
20110077,intensification,2011-01-27 15:00:00,2011-01-28 21:00:00
20110077,mature,2011-01-29 00:00:00,2011-01-29 15:00:00
20110077,decay,2011-01-29 18:00:00,2011-02-02 03:00:00
20110080,incipient,2011-01-30 03:00:00,2011-01-30 09:00:00
20110080,intensification,2011-01-30 12:00:00,2011-01-31 18:00:00
20110080,mature,2011-01-31 21:00:00,2011-02-01 03:00:00
20110080,decay,2011-02-01 06:00:00,2011-02-02 12:00:00
20110082,incipient,2011-01-31 00:00:00,2011-02-01 00:00:00
20110082,intensification,2011-02-01 03:00:00,2011-02-03 03:00:00
20110082,mature,2011-02-03 06:00:00,2011-02-03 18:00:00
20110082,decay,2011-02-03 21:00:00,2011-02-04 18:00:00
20110089,intensification,2011-02-02 06:00:00,2011-02-02 18:00:00
20110089,decay,2011-02-02 21:00:00,2011-02-03 18:00:00
20110093,incipient,2011-02-03 15:00:00,2011-02-03 18:00:00
20110093,intensification,2011-02-03 21:00:00,2011-02-06 09:00:00
20110093,mature,2011-02-06 12:00:00,2011-02-07 00:00:00
20110093,decay,2011-02-07 03:00:00,2011-02-08 09:00:00
20110098,incipient,2011-02-05 15:00:00,2011-02-05 18:00:00
20110098,decay,2011-02-05 21:00:00,2011-02-06 09:00:00
20110098,intensification,2011-02-06 12:00:00,2011-02-06 21:00:00
20110104,incipient,2011-02-07 18:00:00,2011-02-08 00:00:00
20110104,intensification,2011-02-08 03:00:00,2011-02-10 15:00:00
20110104,mature,2011-02-10 18:00:00,2011-02-11 09:00:00
20110104,decay,2011-02-11 12:00:00,2011-02-13 09:00:00
20110118,incipient,2011-02-12 03:00:00,2011-02-12 03:00:00
20110118,decay,2011-02-12 06:00:00,2011-02-12 09:00:00
20110118,intensification,2011-02-12 12:00:00,2011-02-13 06:00:00
20110128,incipient,2011-02-15 12:00:00,2011-02-16 06:00:00
20110128,intensification,2011-02-16 09:00:00,2011-02-18 09:00:00
20110128,mature,2011-02-18 12:00:00,2011-02-19 00:00:00
20110128,decay,2011-02-19 03:00:00,2011-02-20 12:00:00
20110140,incipient,2011-02-17 12:00:00,2011-02-17 15:00:00
20110140,decay,2011-02-17 18:00:00,2011-02-18 03:00:00
20110140,intensification,2011-02-18 06:00:00,2011-02-18 15:00:00
20110140,decay 2,2011-02-18 18:00:00,2011-02-19 09:00:00
20110149,decay,2011-02-20 12:00:00,2011-02-24 09:00:00
20110153,incipient,2011-02-22 12:00:00,2011-02-22 18:00:00
20110153,intensification,2011-02-22 21:00:00,2011-02-24 03:00:00
20110153,mature,2011-02-24 06:00:00,2011-02-24 15:00:00
20110153,decay,2011-02-24 18:00:00,2011-02-25 12:00:00
20110153,residual,2011-02-25 15:00:00,2011-02-27 03:00:00
20110157,incipient,2011-02-23 00:00:00,2011-02-23 03:00:00
20110157,intensification,2011-02-23 06:00:00,2011-02-23 21:00:00
20110157,mature,2011-02-24 00:00:00,2011-02-24 06:00:00
20110157,decay,2011-02-24 09:00:00,2011-02-25 21:00:00
20110165,incipient,2011-02-26 00:00:00,2011-02-26 12:00:00
20110165,intensification,2011-02-26 15:00:00,2011-02-28 09:00:00
20110165,mature,2011-02-28 12:00:00,2011-03-01 00:00:00
20110165,decay,2011-03-01 03:00:00,2011-03-03 00:00:00
20110166,intensification,2011-02-26 15:00:00,2011-02-28 06:00:00
20110166,mature,2011-02-28 09:00:00,2011-03-01 06:00:00
20110166,decay,2011-03-01 09:00:00,2011-03-06 09:00:00
20110169,intensification,2011-02-28 12:00:00,2011-03-01 03:00:00
20110169,decay,2011-03-01 06:00:00,2011-03-01 15:00:00
20110172,incipient,2011-03-01 12:00:00,2011-03-02 12:00:00
20110172,intensification,2011-03-02 15:00:00,2011-03-05 00:00:00
20110172,mature,2011-03-05 03:00:00,2011-03-05 21:00:00
20110172,decay,2011-03-06 00:00:00,2011-03-08 03:00:00
20110172,intensification 2,2011-03-08 06:00:00,2011-03-09 21:00:00
20110172,mature 2,2011-03-10 00:00:00,2011-03-10 09:00:00
20110172,decay 2,2011-03-10 12:00:00,2011-03-11 09:00:00
20110176,incipient,2011-03-03 03:00:00,2011-03-03 06:00:00
20110176,intensification,2011-03-03 09:00:00,2011-03-03 21:00:00
20110176,mature,2011-03-04 00:00:00,2011-03-04 03:00:00
20110176,decay,2011-03-04 06:00:00,2011-03-05 09:00:00
20110177,intensification,2011-03-03 03:00:00,2011-03-03 09:00:00
20110177,decay,2011-03-03 12:00:00,2011-03-04 09:00:00
20110190,intensification,2011-03-07 15:00:00,2011-03-08 03:00:00
20110190,decay,2011-03-08 06:00:00,2011-03-08 21:00:00
20110190,residual,2011-03-09 00:00:00,2011-03-09 00:00:00
20110205,intensification,2011-03-12 06:00:00,2011-03-14 00:00:00
20110205,mature,2011-03-14 03:00:00,2011-03-15 00:00:00
20110205,decay,2011-03-15 03:00:00,2011-03-19 21:00:00
20110213,decay,2011-03-15 15:00:00,2011-03-16 00:00:00
20110213,intensification,2011-03-16 03:00:00,2011-03-16 21:00:00
20110219,incipient,2011-03-17 03:00:00,2011-03-17 06:00:00
20110219,intensification,2011-03-17 09:00:00,2011-03-18 03:00:00
20110219,mature,2011-03-18 06:00:00,2011-03-18 12:00:00
20110219,decay,2011-03-18 15:00:00,2011-03-19 09:00:00
20110235,incipient,2011-03-21 15:00:00,2011-03-21 18:00:00
20110235,intensification,2011-03-21 21:00:00,2011-03-22 06:00:00
20110235,mature,2011-03-22 09:00:00,2011-03-22 12:00:00
20110235,decay,2011-03-22 15:00:00,2011-03-23 09:00:00
20110236,incipient,2011-03-22 06:00:00,2011-03-22 09:00:00
20110236,intensification,2011-03-22 12:00:00,2011-03-23 09:00:00
20110236,mature,2011-03-23 12:00:00,2011-03-23 18:00:00
20110236,decay,2011-03-23 21:00:00,2011-03-25 09:00:00
20110241,intensification,2011-03-23 15:00:00,2011-03-24 12:00:00
20110241,mature,2011-03-24 15:00:00,2011-03-24 18:00:00
20110241,decay,2011-03-24 21:00:00,2011-03-25 03:00:00
20110244,incipient,2011-03-24 18:00:00,2011-03-25 15:00:00
20110244,intensification,2011-03-25 18:00:00,2011-03-28 03:00:00
20110244,mature,2011-03-28 06:00:00,2011-03-29 03:00:00
20110244,decay,2011-03-29 06:00:00,2011-04-01 09:00:00
20110244,residual,2011-04-01 12:00:00,2011-04-05 09:00:00
20110248,incipient,2011-03-25 09:00:00,2011-03-25 18:00:00
20110248,intensification,2011-03-25 21:00:00,2011-03-27 12:00:00
20110248,mature,2011-03-27 15:00:00,2011-03-28 03:00:00
20110248,decay,2011-03-28 06:00:00,2011-03-30 03:00:00
20110248,residual,2011-03-30 06:00:00,2011-03-31 21:00:00
20110255,decay,2011-03-26 15:00:00,2011-03-27 15:00:00
20110255,intensification,2011-03-27 18:00:00,2011-03-29 12:00:00
20110259,intensification,2011-03-27 12:00:00,2011-03-28 00:00:00
20110259,decay,2011-03-28 03:00:00,2011-03-28 21:00:00
20110269,intensification,2011-03-31 00:00:00,2011-03-31 06:00:00
20110269,mature,2011-03-31 09:00:00,2011-03-31 12:00:00
20110269,decay,2011-03-31 15:00:00,2011-04-01 09:00:00
20110270,incipient,2011-04-01 00:00:00,2011-04-01 12:00:00
20110270,intensification,2011-04-01 15:00:00,2011-04-02 15:00:00
20110270,mature,2011-04-02 18:00:00,2011-04-03 03:00:00
20110270,decay,2011-04-03 06:00:00,2011-04-04 06:00:00
20110277,incipient,2011-04-03 00:00:00,2011-04-03 00:00:00
20110277,intensification,2011-04-03 03:00:00,2011-04-04 09:00:00
20110277,mature,2011-04-04 12:00:00,2011-04-05 00:00:00
20110277,decay,2011-04-05 03:00:00,2011-04-08 09:00:00
20110283,intensification,2011-04-04 18:00:00,2011-04-05 03:00:00
20110283,decay,2011-04-05 06:00:00,2011-04-05 15:00:00
20110286,incipient,2011-04-05 09:00:00,2011-04-05 09:00:00
20110286,intensification,2011-04-05 12:00:00,2011-04-06 15:00:00
20110286,mature,2011-04-06 18:00:00,2011-04-06 21:00:00
20110286,decay,2011-04-07 00:00:00,2011-04-07 03:00:00
20110294,incipient,2011-04-07 03:00:00,2011-04-07 06:00:00
20110294,intensification,2011-04-07 09:00:00,2011-04-08 03:00:00
20110294,mature,2011-04-08 06:00:00,2011-04-08 12:00:00
20110294,decay,2011-04-08 15:00:00,2011-04-10 00:00:00
20110299,incipient,2011-04-08 15:00:00,2011-04-08 21:00:00
20110299,intensification,2011-04-09 00:00:00,2011-04-11 03:00:00
20110299,mature,2011-04-11 06:00:00,2011-04-11 12:00:00
20110299,decay,2011-04-11 15:00:00,2011-04-12 03:00:00
20110303,incipient,2011-04-10 03:00:00,2011-04-10 06:00:00
20110303,decay,2011-04-10 09:00:00,2011-04-10 18:00:00
20110303,intensification,2011-04-10 21:00:00,2011-04-11 03:00:00
20110303,decay 2,2011-04-11 06:00:00,2011-04-11 09:00:00
20110304,incipient,2011-04-11 00:00:00,2011-04-11 00:00:00
20110304,intensification,2011-04-11 03:00:00,2011-04-11 18:00:00
20110304,mature,2011-04-11 21:00:00,2011-04-12 03:00:00
20110304,decay,2011-04-12 06:00:00,2011-04-13 09:00:00
20110306,incipient,2011-04-12 00:00:00,2011-04-12 06:00:00
20110306,intensification,2011-04-12 09:00:00,2011-04-13 12:00:00
20110306,mature,2011-04-13 15:00:00,2011-04-13 18:00:00
20110306,decay,2011-04-13 21:00:00,2011-04-14 15:00:00
20110314,intensification,2011-04-13 12:00:00,2011-04-14 03:00:00
20110314,mature,2011-04-14 06:00:00,2011-04-14 09:00:00
20110314,decay,2011-04-14 12:00:00,2011-04-16 00:00:00
20110323,incipient,2011-04-16 09:00:00,2011-04-16 18:00:00
20110323,intensification,2011-04-16 21:00:00,2011-04-18 15:00:00
20110323,mature,2011-04-18 18:00:00,2011-04-19 09:00:00
20110323,decay,2011-04-19 12:00:00,2011-04-22 03:00:00
20110323,intensification 2,2011-04-22 06:00:00,2011-04-23 03:00:00
20110323,mature 2,2011-04-23 06:00:00,2011-04-23 18:00:00
20110323,decay 2,2011-04-23 21:00:00,2011-04-26 15:00:00
20110332,incipient,2011-04-20 09:00:00,2011-04-20 18:00:00
20110332,intensification,2011-04-20 21:00:00,2011-04-22 03:00:00
20110332,mature,2011-04-22 06:00:00,2011-04-22 15:00:00
20110332,decay,2011-04-22 18:00:00,2011-04-24 09:00:00
20110335,incipient,2011-04-22 06:00:00,2011-04-22 06:00:00
20110335,intensification,2011-04-22 09:00:00,2011-04-23 00:00:00
20110335,mature,2011-04-23 03:00:00,2011-04-23 09:00:00
20110335,decay,2011-04-23 12:00:00,2011-04-25 18:00:00
20110342,intensification,2011-04-24 00:00:00,2011-04-24 21:00:00
20110342,mature,2011-04-25 00:00:00,2011-04-25 03:00:00
20110342,decay,2011-04-25 06:00:00,2011-04-25 09:00:00
20110351,intensification,2011-04-27 03:00:00,2011-04-30 21:00:00
20110358,intensification,2011-04-29 00:00:00,2011-04-30 15:00:00
20110358,mature,2011-04-30 18:00:00,2011-05-01 03:00:00
20110358,decay,2011-05-01 06:00:00,2011-05-03 18:00:00
20110358,intensification 2,2011-05-03 21:00:00,2011-05-05 06:00:00
20110358,mature 2,2011-05-05 09:00:00,2011-05-05 15:00:00
20110358,decay 2,2011-05-05 18:00:00,2011-05-06 21:00:00
20110362,intensification,2011-04-29 09:00:00,2011-04-29 21:00:00
20110362,decay,2011-04-30 00:00:00,2011-04-30 18:00:00
20110362,residual,2011-04-30 21:00:00,2011-04-30 21:00:00
20110365,incipient,2011-05-01 06:00:00,2011-05-01 21:00:00
20110365,intensification,2011-05-02 00:00:00,2011-05-02 00:00:00
20110365,decay,2011-05-02 03:00:00,2011-05-03 18:00:00
20110365,intensification 2,2011-05-03 21:00:00,2011-05-05 18:00:00
20110365,mature,2011-05-05 21:00:00,2011-05-06 09:00:00
20110365,decay 2,2011-05-06 12:00:00,2011-05-08 03:00:00
20110374,incipient,2011-05-04 12:00:00,2011-05-04 12:00:00
20110374,intensification,2011-05-04 15:00:00,2011-05-05 21:00:00
20110374,mature,2011-05-06 00:00:00,2011-05-06 12:00:00
20110374,decay,2011-05-06 15:00:00,2011-05-09 09:00:00
20110398,incipient,2011-05-11 12:00:00,2011-05-12 06:00:00
20110398,intensification,2011-05-12 09:00:00,2011-05-14 12:00:00
20110398,mature,2011-05-14 15:00:00,2011-05-15 09:00:00
20110398,decay,2011-05-15 12:00:00,2011-05-18 15:00:00
20110407,intensification,2011-05-14 03:00:00,2011-05-17 15:00:00
20110424,decay,2011-05-19 00:00:00,2011-05-19 12:00:00
20110424,intensification,2011-05-19 15:00:00,2011-05-19 15:00:00
20110424,decay 2,2011-05-19 18:00:00,2011-05-20 00:00:00
20110427,incipient,2011-05-19 18:00:00,2011-05-20 03:00:00
20110427,intensification,2011-05-20 06:00:00,2011-05-22 00:00:00
20110427,mature,2011-05-22 03:00:00,2011-05-22 18:00:00
20110427,decay,2011-05-22 21:00:00,2011-05-25 15:00:00
20110443,incipient,2011-05-24 06:00:00,2011-05-25 03:00:00
20110443,intensification,2011-05-25 06:00:00,2011-05-27 09:00:00
20110443,mature,2011-05-27 12:00:00,2011-05-28 12:00:00
20110443,decay,2011-05-28 15:00:00,2011-06-02 18:00:00
20110443,residual,2011-06-02 21:00:00,2011-06-04 00:00:00
20110445,incipient,2011-05-24 15:00:00,2011-05-25 15:00:00
20110445,intensification,2011-05-25 18:00:00,2011-05-28 06:00:00
20110445,mature,2011-05-28 09:00:00,2011-05-29 03:00:00
20110445,decay,2011-05-29 06:00:00,2011-05-31 03:00:00
20110459,intensification,2011-05-28 03:00:00,2011-05-29 21:00:00
20110459,mature,2011-05-30 00:00:00,2011-05-30 09:00:00
20110459,decay,2011-05-30 12:00:00,2011-05-31 21:00:00
20110472,incipient,2011-06-01 12:00:00,2011-06-02 15:00:00
20110472,decay,2011-06-02 18:00:00,2011-06-03 00:00:00
20110472,intensification,2011-06-03 03:00:00,2011-06-04 03:00:00
20110472,mature,2011-06-04 06:00:00,2011-06-04 09:00:00
20110472,decay 2,2011-06-04 12:00:00,2011-06-05 06:00:00
20110475,intensification,2011-06-02 03:00:00,2011-06-05 06:00:00
20110485,incipient,2011-06-05 00:00:00,2011-06-05 06:00:00
20110485,intensification,2011-06-05 09:00:00,2011-06-06 09:00:00
20110485,mature,2011-06-06 12:00:00,2011-06-06 15:00:00
20110485,decay,2011-06-06 18:00:00,2011-06-06 21:00:00
20110486,intensification,2011-06-05 03:00:00,2011-06-05 09:00:00
20110486,decay,2011-06-05 12:00:00,2011-06-06 06:00:00
20110494,incipient,2011-06-07 00:00:00,2011-06-07 06:00:00
20110494,intensification,2011-06-07 09:00:00,2011-06-09 00:00:00
20110494,mature,2011-06-09 03:00:00,2011-06-09 15:00:00
20110494,decay,2011-06-09 18:00:00,2011-06-12 03:00:00
20110501,incipient,2011-06-08 18:00:00,2011-06-09 06:00:00
20110501,decay,2011-06-09 09:00:00,2011-06-11 00:00:00
20110501,residual,2011-06-11 03:00:00,2011-06-11 06:00:00
20110503,incipient,2011-06-09 15:00:00,2011-06-09 15:00:00
20110503,intensification,2011-06-09 18:00:00,2011-06-10 06:00:00
20110503,mature,2011-06-10 09:00:00,2011-06-10 12:00:00
20110503,decay,2011-06-10 15:00:00,2011-06-11 09:00:00
20110504,decay,2011-06-10 00:00:00,2011-06-10 09:00:00
20110504,intensification,2011-06-10 12:00:00,2011-06-11 03:00:00
20110505,intensification,2011-06-10 09:00:00,2011-06-10 15:00:00
20110505,decay,2011-06-10 18:00:00,2011-06-11 09:00:00
20110508,incipient,2011-06-11 06:00:00,2011-06-11 06:00:00
20110508,intensification,2011-06-11 09:00:00,2011-06-12 03:00:00
20110508,mature,2011-06-12 06:00:00,2011-06-12 15:00:00
20110508,decay,2011-06-12 18:00:00,2011-06-14 18:00:00
20110518,incipient,2011-06-14 06:00:00,2011-06-14 06:00:00
20110518,intensification,2011-06-14 09:00:00,2011-06-14 21:00:00
20110518,mature,2011-06-15 00:00:00,2011-06-15 03:00:00
20110518,decay,2011-06-15 06:00:00,2011-06-16 12:00:00
20110519,decay,2011-06-15 09:00:00,2011-06-16 06:00:00
20110523,incipient,2011-06-16 12:00:00,2011-06-16 12:00:00
20110523,decay,2011-06-16 15:00:00,2011-06-17 00:00:00
20110523,intensification,2011-06-17 03:00:00,2011-06-17 03:00:00
20110523,decay 2,2011-06-17 06:00:00,2011-06-17 12:00:00
20110523,residual,2011-06-17 15:00:00,2011-06-17 15:00:00
20110524,incipient,2011-06-17 00:00:00,2011-06-17 03:00:00
20110524,decay,2011-06-17 06:00:00,2011-06-18 06:00:00
20110524,intensification,2011-06-18 09:00:00,2011-06-19 00:00:00
20110524,mature,2011-06-19 03:00:00,2011-06-19 09:00:00
20110524,decay 2,2011-06-19 12:00:00,2011-06-21 03:00:00
20110532,incipient,2011-06-19 03:00:00,2011-06-19 09:00:00
20110532,decay,2011-06-19 12:00:00,2011-06-20 00:00:00
20110532,intensification,2011-06-20 03:00:00,2011-06-20 09:00:00
20110538,incipient,2011-06-20 18:00:00,2011-06-22 00:00:00
20110538,intensification,2011-06-22 03:00:00,2011-06-25 09:00:00
20110538,mature,2011-06-25 12:00:00,2011-06-26 09:00:00
20110538,decay,2011-06-26 12:00:00,2011-06-29 03:00:00
20110541,incipient,2011-06-21 09:00:00,2011-06-21 09:00:00
20110541,intensification,2011-06-21 12:00:00,2011-06-22 18:00:00
20110541,mature,2011-06-22 21:00:00,2011-06-23 03:00:00
20110541,decay,2011-06-23 06:00:00,2011-06-24 18:00:00
20110541,residual,2011-06-24 21:00:00,2011-06-27 00:00:00
20110550,incipient,2011-06-24 03:00:00,2011-06-25 00:00:00
20110550,intensification,2011-06-25 03:00:00,2011-06-27 00:00:00
20110550,mature,2011-06-27 03:00:00,2011-06-27 15:00:00
20110550,decay,2011-06-27 18:00:00,2011-06-29 03:00:00
20110572,incipient,2011-06-29 18:00:00,2011-06-30 09:00:00
20110572,intensification,2011-06-30 12:00:00,2011-06-30 12:00:00
20110572,decay,2011-06-30 15:00:00,2011-07-01 12:00:00
20110572,intensification 2,2011-07-01 15:00:00,2011-07-02 06:00:00
20110572,mature,2011-07-02 09:00:00,2011-07-02 12:00:00
20110572,decay 2,2011-07-02 15:00:00,2011-07-02 21:00:00
20110573,incipient,2011-06-30 00:00:00,2011-06-30 06:00:00
20110573,intensification,2011-06-30 09:00:00,2011-07-01 18:00:00
20110573,mature,2011-07-01 21:00:00,2011-07-02 06:00:00
20110573,decay,2011-07-02 09:00:00,2011-07-03 12:00:00
20110579,incipient,2011-07-01 15:00:00,2011-07-01 15:00:00
20110579,intensification,2011-07-01 18:00:00,2011-07-02 09:00:00
20110579,mature,2011-07-02 12:00:00,2011-07-02 18:00:00
20110579,decay,2011-07-02 21:00:00,2011-07-03 15:00:00
20110579,residual,2011-07-03 18:00:00,2011-07-04 21:00:00
20110583,incipient,2011-07-02 18:00:00,2011-07-03 00:00:00
20110583,intensification,2011-07-03 03:00:00,2011-07-04 15:00:00
20110583,mature,2011-07-04 18:00:00,2011-07-05 00:00:00
20110583,decay,2011-07-05 03:00:00,2011-07-05 15:00:00
20110583,intensification 2,2011-07-05 18:00:00,2011-07-06 12:00:00
20110583,mature 2,2011-07-06 15:00:00,2011-07-06 21:00:00
20110583,decay 2,2011-07-07 00:00:00,2011-07-08 06:00:00
20110587,incipient,2011-07-04 03:00:00,2011-07-04 18:00:00
20110587,intensification,2011-07-04 21:00:00,2011-07-06 09:00:00
20110587,mature,2011-07-06 12:00:00,2011-07-07 00:00:00
20110587,decay,2011-07-07 03:00:00,2011-07-08 18:00:00
20110598,incipient,2011-07-07 12:00:00,2011-07-07 18:00:00
20110598,intensification,2011-07-07 21:00:00,2011-07-09 12:00:00
20110598,mature,2011-07-09 15:00:00,2011-07-10 03:00:00
20110598,decay,2011-07-10 06:00:00,2011-07-14 21:00:00
20110614,intensification,2011-07-10 15:00:00,2011-07-11 00:00:00
20110614,mature,2011-07-11 03:00:00,2011-07-11 06:00:00
20110614,decay,2011-07-11 09:00:00,2011-07-12 12:00:00
20110617,intensification,2011-07-11 15:00:00,2011-07-12 06:00:00
20110617,decay,2011-07-12 09:00:00,2011-07-13 00:00:00
20110629,incipient,2011-07-15 15:00:00,2011-07-15 21:00:00
20110629,decay,2011-07-16 00:00:00,2011-07-16 06:00:00
20110629,intensification,2011-07-16 09:00:00,2011-07-16 12:00:00
20110635,decay,2011-07-16 15:00:00,2011-07-18 00:00:00
20110644,decay,2011-07-18 18:00:00,2011-07-19 18:00:00
20110644,intensification,2011-07-19 21:00:00,2011-07-19 21:00:00
20110644,decay 2,2011-07-20 00:00:00,2011-07-20 09:00:00
20110649,incipient,2011-07-20 12:00:00,2011-07-21 00:00:00
20110649,intensification,2011-07-21 03:00:00,2011-07-23 21:00:00
20110649,mature,2011-07-24 00:00:00,2011-07-24 12:00:00
20110649,decay,2011-07-24 15:00:00,2011-07-26 00:00:00
20110655,incipient,2011-07-23 00:00:00,2011-07-23 03:00:00
20110655,intensification,2011-07-23 06:00:00,2011-07-24 18:00:00
20110655,mature,2011-07-24 21:00:00,2011-07-25 06:00:00
20110655,decay,2011-07-25 09:00:00,2011-07-26 12:00:00
20110655,intensification 2,2011-07-26 15:00:00,2011-07-28 00:00:00
20110655,mature 2,2011-07-28 03:00:00,2011-07-28 09:00:00
20110655,decay 2,2011-07-28 12:00:00,2011-07-30 00:00:00
20110659,incipient,2011-07-24 12:00:00,2011-07-24 12:00:00
20110659,intensification,2011-07-24 15:00:00,2011-07-25 06:00:00
20110659,mature,2011-07-25 09:00:00,2011-07-25 12:00:00
20110659,decay,2011-07-25 15:00:00,2011-07-26 09:00:00
20110666,incipient,2011-07-26 03:00:00,2011-07-26 09:00:00
20110666,intensification,2011-07-26 12:00:00,2011-07-27 06:00:00
20110666,mature,2011-07-27 09:00:00,2011-07-27 12:00:00
20110666,decay,2011-07-27 15:00:00,2011-07-28 00:00:00
20110669,intensification,2011-07-28 03:00:00,2011-07-31 21:00:00
20110677,intensification,2011-07-30 06:00:00,2011-07-30 15:00:00
20110677,decay,2011-07-30 18:00:00,2011-07-31 03:00:00
20110679,incipient,2011-07-31 12:00:00,2011-08-01 00:00:00
20110679,intensification,2011-08-01 03:00:00,2011-08-03 06:00:00
20110679,mature,2011-08-03 09:00:00,2011-08-04 09:00:00
20110679,decay,2011-08-04 12:00:00,2011-08-09 12:00:00
20110679,residual,2011-08-09 15:00:00,2011-08-09 21:00:00
20110691,decay,2011-08-02 09:00:00,2011-08-02 18:00:00
20110691,intensification,2011-08-02 21:00:00,2011-08-03 15:00:00
20110695,incipient,2011-08-03 18:00:00,2011-08-03 21:00:00
20110695,intensification,2011-08-04 00:00:00,2011-08-04 09:00:00
20110695,mature,2011-08-04 12:00:00,2011-08-04 15:00:00
20110695,decay,2011-08-04 18:00:00,2011-08-05 18:00:00
20110699,incipient,2011-08-05 12:00:00,2011-08-05 12:00:00
20110699,intensification,2011-08-05 15:00:00,2011-08-06 00:00:00
20110699,mature,2011-08-06 03:00:00,2011-08-06 06:00:00
20110699,decay,2011-08-06 09:00:00,2011-08-07 06:00:00
20110713,incipient,2011-08-09 06:00:00,2011-08-09 06:00:00
20110713,intensification,2011-08-09 09:00:00,2011-08-12 00:00:00
20110713,mature,2011-08-12 03:00:00,2011-08-12 15:00:00
20110713,decay,2011-08-12 18:00:00,2011-08-13 21:00:00
20110715,incipient,2011-08-10 00:00:00,2011-08-10 15:00:00
20110715,intensification,2011-08-10 18:00:00,2011-08-12 06:00:00
20110715,mature,2011-08-12 09:00:00,2011-08-12 18:00:00
20110715,decay,2011-08-12 21:00:00,2011-08-14 12:00:00
20110719,incipient,2011-08-11 03:00:00,2011-08-11 09:00:00
20110719,decay,2011-08-11 12:00:00,2011-08-11 15:00:00
20110719,intensification,2011-08-11 18:00:00,2011-08-11 21:00:00
20110719,decay 2,2011-08-12 00:00:00,2011-08-12 15:00:00
20110725,incipient,2011-08-12 09:00:00,2011-08-12 21:00:00
20110725,intensification,2011-08-13 00:00:00,2011-08-14 15:00:00
20110725,mature,2011-08-14 18:00:00,2011-08-15 03:00:00
20110725,decay,2011-08-15 06:00:00,2011-08-16 15:00:00
20120005,incipient,2012-01-01 00:00:00,2012-01-01 03:00:00
20120005,intensification,2012-01-01 06:00:00,2012-01-01 18:00:00
20120005,mature,2012-01-01 21:00:00,2012-01-02 03:00:00
20120005,decay,2012-01-02 06:00:00,2012-01-03 06:00:00
20120011,decay,2012-01-03 00:00:00,2012-01-03 06:00:00
20120011,intensification,2012-01-03 09:00:00,2012-01-03 21:00:00
20120013,decay,2012-01-04 03:00:00,2012-01-06 00:00:00
20120017,intensification,2012-01-05 06:00:00,2012-01-06 21:00:00
20120024,incipient,2012-01-07 12:00:00,2012-01-07 21:00:00
20120024,intensification,2012-01-08 00:00:00,2012-01-09 09:00:00
20120024,mature,2012-01-09 12:00:00,2012-01-10 00:00:00
20120024,decay,2012-01-10 03:00:00,2012-01-12 06:00:00
20120027,decay,2012-01-08 06:00:00,2012-01-08 12:00:00
20120027,intensification,2012-01-08 15:00:00,2012-01-09 06:00:00
20120027,decay 2,2012-01-09 09:00:00,2012-01-09 21:00:00
20120046,incipient,2012-01-15 03:00:00,2012-01-15 09:00:00
20120046,intensification,2012-01-15 12:00:00,2012-01-15 21:00:00
20120046,mature,2012-01-16 00:00:00,2012-01-16 03:00:00
20120046,decay,2012-01-16 06:00:00,2012-01-16 15:00:00
20120054,intensification,2012-01-17 15:00:00,2012-01-18 09:00:00
20120054,decay,2012-01-18 12:00:00,2012-01-19 09:00:00
20120056,incipient,2012-01-18 03:00:00,2012-01-18 09:00:00
20120056,intensification,2012-01-18 12:00:00,2012-01-19 00:00:00
20120056,mature,2012-01-19 03:00:00,2012-01-19 09:00:00
20120056,decay,2012-01-19 12:00:00,2012-01-20 12:00:00
20120058,incipient,2012-01-18 12:00:00,2012-01-18 18:00:00
20120058,intensification,2012-01-18 21:00:00,2012-01-19 21:00:00
20120058,mature,2012-01-20 00:00:00,2012-01-20 06:00:00
20120058,decay,2012-01-20 09:00:00,2012-01-21 21:00:00
20120068,decay,2012-01-21 09:00:00,2012-01-21 18:00:00
20120068,intensification,2012-01-21 21:00:00,2012-01-22 03:00:00
20120068,decay 2,2012-01-22 06:00:00,2012-01-22 21:00:00
20120073,incipient,2012-01-22 03:00:00,2012-01-22 15:00:00
20120073,decay,2012-01-22 18:00:00,2012-01-22 21:00:00
20120073,intensification,2012-01-23 00:00:00,2012-01-23 06:00:00
20120073,decay 2,2012-01-23 09:00:00,2012-01-24 00:00:00
20120079,incipient,2012-01-24 03:00:00,2012-01-24 12:00:00
20120079,intensification,2012-01-24 15:00:00,2012-01-25 09:00:00
20120079,mature,2012-01-25 12:00:00,2012-01-25 15:00:00
20120079,decay,2012-01-25 18:00:00,2012-01-26 00:00:00
20120088,incipient,2012-01-26 15:00:00,2012-01-26 18:00:00
20120088,intensification,2012-01-26 21:00:00,2012-01-28 03:00:00
20120088,mature,2012-01-28 06:00:00,2012-01-28 12:00:00
20120088,decay,2012-01-28 15:00:00,2012-01-29 15:00:00
20120089,incipient,2012-01-27 09:00:00,2012-01-27 18:00:00
20120089,intensification,2012-01-27 21:00:00,2012-01-29 00:00:00
20120089,mature,2012-01-29 03:00:00,2012-01-29 15:00:00
20120089,decay,2012-01-29 18:00:00,2012-01-31 15:00:00
20120090,incipient,2012-01-28 06:00:00,2012-01-28 06:00:00
20120090,intensification,2012-01-28 09:00:00,2012-01-29 03:00:00
20120090,mature,2012-01-29 06:00:00,2012-01-29 09:00:00
20120090,decay,2012-01-29 12:00:00,2012-01-30 00:00:00
20120095,intensification,2012-01-30 18:00:00,2012-01-31 00:00:00
20120095,decay,2012-01-31 03:00:00,2012-01-31 18:00:00
20120103,decay,2012-02-01 09:00:00,2012-02-02 03:00:00
20120103,intensification,2012-02-02 06:00:00,2012-02-06 06:00:00
20120103,mature,2012-02-06 09:00:00,2012-02-07 03:00:00
20120103,decay 2,2012-02-07 06:00:00,2012-02-09 15:00:00
20120109,incipient,2012-02-04 00:00:00,2012-02-04 06:00:00
20120109,decay,2012-02-04 09:00:00,2012-02-04 18:00:00
20120109,intensification,2012-02-04 21:00:00,2012-02-05 03:00:00
20120116,incipient,2012-02-06 12:00:00,2012-02-06 18:00:00
20120116,intensification,2012-02-06 21:00:00,2012-02-08 06:00:00
20120116,mature,2012-02-08 09:00:00,2012-02-08 15:00:00
20120116,decay,2012-02-08 18:00:00,2012-02-09 09:00:00
20120120,incipient,2012-02-07 18:00:00,2012-02-07 21:00:00
20120120,intensification,2012-02-08 00:00:00,2012-02-08 21:00:00
20120120,mature,2012-02-09 00:00:00,2012-02-09 03:00:00
20120120,decay,2012-02-09 06:00:00,2012-02-09 12:00:00
20120120,residual,2012-02-09 15:00:00,2012-02-10 21:00:00
20120123,incipient,2012-02-09 00:00:00,2012-02-09 09:00:00
20120123,intensification,2012-02-09 12:00:00,2012-02-11 00:00:00
20120123,mature,2012-02-11 03:00:00,2012-02-11 15:00:00
20120123,decay,2012-02-11 18:00:00,2012-02-13 12:00:00
20120123,intensification 2,2012-02-13 15:00:00,2012-02-15 15:00:00
20120123,mature 2,2012-02-15 18:00:00,2012-02-16 06:00:00
20120123,decay 2,2012-02-16 09:00:00,2012-02-18 03:00:00
20120129,incipient,2012-02-10 15:00:00,2012-02-11 09:00:00
20120129,intensification,2012-02-11 12:00:00,2012-02-13 21:00:00
20120129,mature,2012-02-14 00:00:00,2012-02-14 12:00:00
20120129,decay,2012-02-14 15:00:00,2012-02-16 03:00:00
20120132,intensification,2012-02-11 03:00:00,2012-02-11 18:00:00
20120132,decay,2012-02-11 21:00:00,2012-02-12 03:00:00
20120134,intensification,2012-02-12 06:00:00,2012-02-13 18:00:00
20120134,mature,2012-02-13 21:00:00,2012-02-14 12:00:00
20120134,decay,2012-02-14 15:00:00,2012-02-18 09:00:00
20120138,incipient,2012-02-14 12:00:00,2012-02-15 00:00:00
20120138,intensification,2012-02-15 03:00:00,2012-02-16 03:00:00
20120138,mature,2012-02-16 06:00:00,2012-02-16 12:00:00
20120138,decay,2012-02-16 15:00:00,2012-02-17 00:00:00
20120144,intensification,2012-02-16 03:00:00,2012-02-18 00:00:00
20120151,incipient,2012-02-18 00:00:00,2012-02-18 06:00:00
20120151,intensification,2012-02-18 09:00:00,2012-02-19 06:00:00
20120151,mature,2012-02-19 09:00:00,2012-02-19 15:00:00
20120151,decay,2012-02-19 18:00:00,2012-02-21 06:00:00
20120153,incipient,2012-02-18 18:00:00,2012-02-18 21:00:00
20120153,decay,2012-02-19 00:00:00,2012-02-19 12:00:00
20120153,intensification,2012-02-19 15:00:00,2012-02-19 15:00:00
20120157,incipient,2012-02-20 00:00:00,2012-02-21 00:00:00
20120157,intensification,2012-02-21 03:00:00,2012-02-23 09:00:00
20120157,mature,2012-02-23 12:00:00,2012-02-24 00:00:00
20120157,decay,2012-02-24 03:00:00,2012-02-25 18:00:00
20120163,decay,2012-02-23 00:00:00,2012-02-23 06:00:00
20120163,intensification,2012-02-23 09:00:00,2012-02-24 21:00:00
20120172,incipient,2012-02-25 09:00:00,2012-02-25 12:00:00
20120172,intensification,2012-02-25 15:00:00,2012-02-26 18:00:00
20120172,mature,2012-02-26 21:00:00,2012-02-27 06:00:00
20120172,decay,2012-02-27 09:00:00,2012-02-29 00:00:00
20120173,incipient,2012-02-25 12:00:00,2012-02-25 18:00:00
20120173,intensification,2012-02-25 21:00:00,2012-02-25 21:00:00
20120173,decay,2012-02-26 00:00:00,2012-02-26 03:00:00
20120173,intensification 2,2012-02-26 06:00:00,2012-02-26 21:00:00
20120178,decay,2012-02-29 00:00:00,2012-02-29 06:00:00
20120178,intensification,2012-02-29 09:00:00,2012-02-29 21:00:00
20120185,incipient,2012-03-02 00:00:00,2012-03-02 00:00:00
20120185,intensification,2012-03-02 03:00:00,2012-03-03 06:00:00
20120185,mature,2012-03-03 09:00:00,2012-03-03 21:00:00
20120185,decay,2012-03-04 00:00:00,2012-03-07 00:00:00
20120195,incipient,2012-03-06 18:00:00,2012-03-07 00:00:00
20120195,decay,2012-03-07 03:00:00,2012-03-08 00:00:00
20120199,incipient,2012-03-07 12:00:00,2012-03-07 12:00:00
20120199,decay,2012-03-07 15:00:00,2012-03-08 06:00:00
20120199,intensification,2012-03-08 09:00:00,2012-03-08 12:00:00
20120199,decay 2,2012-03-08 15:00:00,2012-03-09 03:00:00
20120200,incipient,2012-03-07 15:00:00,2012-03-07 18:00:00
20120200,intensification,2012-03-07 21:00:00,2012-03-09 00:00:00
20120200,mature,2012-03-09 03:00:00,2012-03-09 09:00:00
20120200,decay,2012-03-09 12:00:00,2012-03-10 18:00:00
20120206,incipient,2012-03-09 12:00:00,2012-03-10 03:00:00
20120206,intensification,2012-03-10 06:00:00,2012-03-12 09:00:00
20120206,mature,2012-03-12 12:00:00,2012-03-13 09:00:00
20120206,decay,2012-03-13 12:00:00,2012-03-17 06:00:00
20120214,incipient,2012-03-12 00:00:00,2012-03-12 09:00:00
20120214,intensification,2012-03-12 12:00:00,2012-03-14 03:00:00
20120214,mature,2012-03-14 06:00:00,2012-03-14 15:00:00
20120214,decay,2012-03-14 18:00:00,2012-03-15 21:00:00
20120227,incipient,2012-03-15 12:00:00,2012-03-15 12:00:00
20120227,intensification,2012-03-15 15:00:00,2012-03-16 06:00:00
20120227,mature,2012-03-16 09:00:00,2012-03-16 12:00:00
20120227,decay,2012-03-16 15:00:00,2012-03-17 09:00:00
20120235,intensification,2012-03-17 12:00:00,2012-03-18 06:00:00
20120235,decay,2012-03-18 09:00:00,2012-03-18 21:00:00
20120239,incipient,2012-03-19 03:00:00,2012-03-19 12:00:00
20120239,intensification,2012-03-19 15:00:00,2012-03-20 18:00:00
20120239,mature,2012-03-20 21:00:00,2012-03-21 09:00:00
20120239,decay,2012-03-21 12:00:00,2012-03-23 18:00:00
20120244,incipient,2012-03-20 15:00:00,2012-03-21 09:00:00
20120244,intensification,2012-03-21 12:00:00,2012-03-25 21:00:00
20120244,mature,2012-03-26 00:00:00,2012-03-27 00:00:00
20120244,decay,2012-03-27 03:00:00,2012-03-29 09:00:00
20120246,incipient,2012-03-21 03:00:00,2012-03-21 12:00:00
20120246,decay,2012-03-21 15:00:00,2012-03-21 15:00:00
20120246,intensification,2012-03-21 18:00:00,2012-03-22 03:00:00
20120246,decay 2,2012-03-22 06:00:00,2012-03-22 09:00:00
20120246,intensification 2,2012-03-22 12:00:00,2012-03-22 18:00:00
20120250,incipient,2012-03-23 03:00:00,2012-03-24 12:00:00
20120250,intensification,2012-03-24 15:00:00,2012-03-27 21:00:00
20120250,mature,2012-03-28 00:00:00,2012-03-29 00:00:00
20120250,decay,2012-03-29 03:00:00,2012-03-31 21:00:00
20120268,intensification,2012-03-28 06:00:00,2012-03-28 21:00:00
20120268,mature,2012-03-29 00:00:00,2012-03-29 03:00:00
20120268,decay,2012-03-29 06:00:00,2012-03-30 06:00:00
20120275,incipient,2012-03-31 00:00:00,2012-03-31 09:00:00
20120275,intensification,2012-03-31 12:00:00,2012-04-01 21:00:00
20120275,mature,2012-04-02 00:00:00,2012-04-02 12:00:00
20120275,decay,2012-04-02 15:00:00,2012-04-04 09:00:00
20120277,incipient,2012-03-31 09:00:00,2012-03-31 09:00:00
20120277,intensification,2012-03-31 12:00:00,2012-04-02 03:00:00
20120277,mature,2012-04-02 06:00:00,2012-04-02 15:00:00
20120277,decay,2012-04-02 18:00:00,2012-04-03 18:00:00
20120277,intensification 2,2012-04-03 21:00:00,2012-04-04 12:00:00
20120277,mature 2,2012-04-04 15:00:00,2012-04-05 00:00:00
20120277,decay 2,2012-04-05 03:00:00,2012-04-07 03:00:00
20120283,incipient,2012-04-01 18:00:00,2012-04-01 18:00:00
20120283,intensification,2012-04-01 21:00:00,2012-04-03 18:00:00
20120283,mature,2012-04-03 21:00:00,2012-04-04 18:00:00
20120283,decay,2012-04-04 21:00:00,2012-04-09 09:00:00
20120289,incipient,2012-04-04 15:00:00,2012-04-05 03:00:00
20120289,decay,2012-04-05 06:00:00,2012-04-05 06:00:00
20120289,intensification,2012-04-05 09:00:00,2012-04-05 18:00:00
20120289,decay 2,2012-04-05 21:00:00,2012-04-06 03:00:00
20120295,incipient,2012-04-06 12:00:00,2012-04-07 00:00:00
20120295,intensification,2012-04-07 03:00:00,2012-04-08 03:00:00
20120295,mature,2012-04-08 06:00:00,2012-04-08 12:00:00
20120295,decay,2012-04-08 15:00:00,2012-04-09 06:00:00
20120297,incipient,2012-04-06 18:00:00,2012-04-06 21:00:00
20120297,decay,2012-04-07 00:00:00,2012-04-07 15:00:00
20120297,intensification,2012-04-07 18:00:00,2012-04-07 21:00:00
20120297,decay 2,2012-04-08 00:00:00,2012-04-08 09:00:00
20120300,incipient,2012-04-07 03:00:00,2012-04-08 15:00:00
20120300,decay,2012-04-08 18:00:00,2012-04-09 12:00:00
20120300,intensification,2012-04-09 15:00:00,2012-04-10 06:00:00
20120300,mature,2012-04-10 09:00:00,2012-04-10 15:00:00
20120300,decay 2,2012-04-10 18:00:00,2012-04-12 09:00:00
20120312,incipient,2012-04-13 03:00:00,2012-04-13 06:00:00
20120312,intensification,2012-04-13 09:00:00,2012-04-14 15:00:00
20120312,mature,2012-04-14 18:00:00,2012-04-14 21:00:00
20120312,decay,2012-04-15 00:00:00,2012-04-15 09:00:00
20120317,decay,2012-04-14 00:00:00,2012-04-14 03:00:00
20120317,intensification,2012-04-14 06:00:00,2012-04-14 12:00:00
20120317,mature,2012-04-14 15:00:00,2012-04-14 18:00:00
20120317,decay 2,2012-04-14 21:00:00,2012-04-15 15:00:00
20120333,incipient,2012-04-17 12:00:00,2012-04-18 06:00:00
20120333,decay,2012-04-18 09:00:00,2012-04-20 00:00:00
20120333,intensification,2012-04-20 03:00:00,2012-04-22 09:00:00
20120333,mature,2012-04-22 12:00:00,2012-04-22 21:00:00
20120333,decay 2,2012-04-23 00:00:00,2012-04-24 12:00:00
20120333,residual,2012-04-24 15:00:00,2012-04-27 15:00:00
20120341,incipient,2012-04-20 03:00:00,2012-04-20 09:00:00
20120341,intensification,2012-04-20 12:00:00,2012-04-21 12:00:00
20120341,mature,2012-04-21 15:00:00,2012-04-21 21:00:00
20120341,decay,2012-04-22 00:00:00,2012-04-23 15:00:00
20120341,residual,2012-04-23 18:00:00,2012-04-25 00:00:00
20120345,incipient,2012-04-22 00:00:00,2012-04-22 03:00:00
20120345,intensification,2012-04-22 06:00:00,2012-04-22 15:00:00
20120345,mature,2012-04-22 18:00:00,2012-04-22 21:00:00
20120345,decay,2012-04-23 00:00:00,2012-04-24 03:00:00
20120353,incipient,2012-04-24 12:00:00,2012-04-25 03:00:00
20120353,intensification,2012-04-25 06:00:00,2012-04-27 00:00:00
20120353,mature,2012-04-27 03:00:00,2012-04-27 12:00:00
20120353,decay,2012-04-27 15:00:00,2012-04-29 00:00:00
20120375,incipient,2012-05-01 18:00:00,2012-05-01 18:00:00
20120375,intensification,2012-05-01 21:00:00,2012-05-02 15:00:00
20120375,mature,2012-05-02 18:00:00,2012-05-02 21:00:00
20120375,decay,2012-05-03 00:00:00,2012-05-03 15:00:00
20120377,incipient,2012-05-02 15:00:00,2012-05-02 15:00:00
20120377,intensification,2012-05-02 18:00:00,2012-05-04 09:00:00
20120377,mature,2012-05-04 12:00:00,2012-05-05 00:00:00
20120377,decay,2012-05-05 03:00:00,2012-05-07 09:00:00
20120383,intensification,2012-05-04 15:00:00,2012-05-05 12:00:00
20120392,incipient,2012-05-07 00:00:00,2012-05-07 06:00:00
20120392,intensification,2012-05-07 09:00:00,2012-05-08 18:00:00
20120392,mature,2012-05-08 21:00:00,2012-05-09 06:00:00
20120392,decay,2012-05-09 09:00:00,2012-05-10 03:00:00
20120398,incipient,2012-05-09 09:00:00,2012-05-09 12:00:00
20120398,intensification,2012-05-09 15:00:00,2012-05-10 15:00:00
20120398,mature,2012-05-10 18:00:00,2012-05-11 00:00:00
20120398,decay,2012-05-11 03:00:00,2012-05-12 18:00:00
20120402,incipient,2012-05-10 03:00:00,2012-05-10 09:00:00
20120402,intensification,2012-05-10 12:00:00,2012-05-13 12:00:00
20120402,mature,2012-05-13 15:00:00,2012-05-14 03:00:00
20120402,decay,2012-05-14 06:00:00,2012-05-15 18:00:00
20120409,incipient,2012-05-12 18:00:00,2012-05-13 03:00:00
20120409,intensification,2012-05-13 06:00:00,2012-05-13 09:00:00
20120409,decay,2012-05-13 12:00:00,2012-05-13 21:00:00
20120409,intensification 2,2012-05-14 00:00:00,2012-05-14 03:00:00
20120422,intensification,2012-05-16 00:00:00,2012-05-18 03:00:00
20120422,mature,2012-05-18 06:00:00,2012-05-18 18:00:00
20120422,decay,2012-05-18 21:00:00,2012-05-21 03:00:00
20120441,incipient,2012-05-22 09:00:00,2012-05-23 00:00:00
20120441,intensification,2012-05-23 03:00:00,2012-05-24 12:00:00
20120441,mature,2012-05-24 15:00:00,2012-05-24 21:00:00
20120441,decay,2012-05-25 00:00:00,2012-05-25 06:00:00
20120443,incipient,2012-05-23 00:00:00,2012-05-23 06:00:00
20120443,intensification,2012-05-23 09:00:00,2012-05-24 18:00:00
20120443,mature,2012-05-24 21:00:00,2012-05-25 09:00:00
20120443,decay,2012-05-25 12:00:00,2012-05-28 00:00:00
20120451,intensification,2012-05-27 18:00:00,2012-05-28 18:00:00
20120451,mature,2012-05-28 21:00:00,2012-05-29 12:00:00
20120451,decay,2012-05-29 15:00:00,2012-06-02 12:00:00
20120458,incipient,2012-05-29 18:00:00,2012-05-30 09:00:00
20120458,intensification,2012-05-30 12:00:00,2012-05-30 12:00:00
20120458,decay,2012-05-30 15:00:00,2012-05-31 12:00:00
20120458,intensification 2,2012-05-31 15:00:00,2012-06-01 06:00:00
20120458,mature,2012-06-01 09:00:00,2012-06-01 12:00:00
20120458,decay 2,2012-06-01 15:00:00,2012-06-02 00:00:00
20120465,incipient,2012-06-01 12:00:00,2012-06-01 18:00:00
20120465,intensification,2012-06-01 21:00:00,2012-06-03 12:00:00
20120465,mature,2012-06-03 15:00:00,2012-06-04 03:00:00
20120465,decay,2012-06-04 06:00:00,2012-06-06 15:00:00
20120478,incipient,2012-06-05 15:00:00,2012-06-06 15:00:00
20120478,intensification,2012-06-06 18:00:00,2012-06-08 21:00:00
20120478,mature,2012-06-09 00:00:00,2012-06-09 12:00:00
20120478,decay,2012-06-09 15:00:00,2012-06-10 18:00:00
20120502,decay,2012-06-12 12:00:00,2012-06-13 12:00:00
20120502,intensification,2012-06-13 15:00:00,2012-06-13 21:00:00
20120502,decay 2,2012-06-14 00:00:00,2012-06-14 06:00:00
20120511,decay,2012-06-15 00:00:00,2012-06-15 06:00:00
20120511,intensification,2012-06-15 09:00:00,2012-06-16 09:00:00
20120520,incipient,2012-06-17 18:00:00,2012-06-18 00:00:00
20120520,intensification,2012-06-18 03:00:00,2012-06-19 09:00:00
20120520,mature,2012-06-19 12:00:00,2012-06-19 18:00:00
20120520,decay,2012-06-19 21:00:00,2012-06-21 00:00:00
20120528,intensification,2012-06-20 03:00:00,2012-06-20 03:00:00
20120528,decay,2012-06-20 06:00:00,2012-06-21 03:00:00
20120530,incipient,2012-06-20 18:00:00,2012-06-20 18:00:00
20120530,intensification,2012-06-20 21:00:00,2012-06-21 03:00:00
20120530,mature,2012-06-21 06:00:00,2012-06-21 09:00:00
20120530,decay,2012-06-21 12:00:00,2012-06-22 09:00:00
20120540,incipient,2012-06-22 00:00:00,2012-06-22 09:00:00
20120540,intensification,2012-06-22 12:00:00,2012-06-24 03:00:00
20120540,mature,2012-06-24 06:00:00,2012-06-24 18:00:00
20120540,decay,2012-06-24 21:00:00,2012-06-26 21:00:00
20120541,incipient,2012-06-22 06:00:00,2012-06-22 18:00:00
20120541,intensification,2012-06-22 21:00:00,2012-06-24 03:00:00
20120541,mature,2012-06-24 06:00:00,2012-06-24 15:00:00
20120541,decay,2012-06-24 18:00:00,2012-06-25 18:00:00
20120553,intensification,2012-06-26 00:00:00,2012-06-26 15:00:00
20120553,decay,2012-06-26 18:00:00,2012-06-27 09:00:00
20120557,intensification,2012-06-27 00:00:00,2012-06-27 21:00:00
20120557,mature,2012-06-28 00:00:00,2012-06-28 12:00:00
20120557,decay,2012-06-28 15:00:00,2012-07-01 18:00:00
20120567,incipient,2012-06-29 12:00:00,2012-06-29 12:00:00
20120567,intensification,2012-06-29 15:00:00,2012-06-30 06:00:00
20120567,mature,2012-06-30 09:00:00,2012-06-30 18:00:00
20120567,decay,2012-06-30 21:00:00,2012-07-03 06:00:00
20120569,intensification,2012-06-30 12:00:00,2012-07-05 18:00:00
20120570,incipient,2012-06-30 18:00:00,2012-06-30 18:00:00
20120570,intensification,2012-06-30 21:00:00,2012-07-01 12:00:00
20120570,mature,2012-07-01 15:00:00,2012-07-01 18:00:00
20120570,decay,2012-07-01 21:00:00,2012-07-02 06:00:00
20120582,incipient,2012-07-05 00:00:00,2012-07-05 03:00:00
20120582,intensification,2012-07-05 06:00:00,2012-07-06 09:00:00
20120582,mature,2012-07-06 12:00:00,2012-07-07 00:00:00
20120582,decay,2012-07-07 03:00:00,2012-07-10 09:00:00
20120595,intensification,2012-07-08 03:00:00,2012-07-08 18:00:00
20120595,decay,2012-07-08 21:00:00,2012-07-09 00:00:00
20120596,incipient,2012-07-08 12:00:00,2012-07-08 12:00:00
20120596,intensification,2012-07-08 15:00:00,2012-07-09 06:00:00
20120596,mature,2012-07-09 09:00:00,2012-07-09 15:00:00
20120596,decay,2012-07-09 18:00:00,2012-07-11 09:00:00
20120611,incipient,2012-07-11 09:00:00,2012-07-11 15:00:00
20120611,intensification,2012-07-11 18:00:00,2012-07-11 18:00:00
20120611,decay,2012-07-11 21:00:00,2012-07-12 15:00:00
20120611,intensification 2,2012-07-12 18:00:00,2012-07-12 21:00:00
20120612,incipient,2012-07-11 15:00:00,2012-07-12 06:00:00
20120612,intensification,2012-07-12 09:00:00,2012-07-14 03:00:00
20120612,mature,2012-07-14 06:00:00,2012-07-14 18:00:00
20120612,decay,2012-07-14 21:00:00,2012-07-17 09:00:00
20120613,incipient,2012-07-12 00:00:00,2012-07-12 00:00:00
20120613,intensification,2012-07-12 03:00:00,2012-07-15 00:00:00
20120613,mature,2012-07-15 03:00:00,2012-07-16 03:00:00
20120613,decay,2012-07-16 06:00:00,2012-07-20 12:00:00
20120613,residual,2012-07-20 15:00:00,2012-07-23 21:00:00
20120626,incipient,2012-07-15 18:00:00,2012-07-15 18:00:00
20120626,intensification,2012-07-15 21:00:00,2012-07-18 06:00:00
20120626,mature,2012-07-18 09:00:00,2012-07-18 15:00:00
20120626,decay,2012-07-18 18:00:00,2012-07-19 09:00:00
20120628,incipient,2012-07-16 12:00:00,2012-07-17 18:00:00
20120628,intensification,2012-07-17 21:00:00,2012-07-20 03:00:00
20120628,mature,2012-07-20 06:00:00,2012-07-21 00:00:00
20120628,decay,2012-07-21 03:00:00,2012-07-23 00:00:00
20120642,incipient,2012-07-19 12:00:00,2012-07-19 15:00:00
20120642,intensification,2012-07-19 18:00:00,2012-07-20 12:00:00
20120642,mature,2012-07-20 15:00:00,2012-07-20 18:00:00
20120642,decay,2012-07-20 21:00:00,2012-07-21 09:00:00
20120672,incipient,2012-07-27 09:00:00,2012-07-27 12:00:00
20120672,decay,2012-07-27 15:00:00,2012-07-28 06:00:00
20120672,intensification,2012-07-28 09:00:00,2012-07-28 18:00:00
20120675,incipient,2012-07-28 09:00:00,2012-07-28 21:00:00
20120675,decay,2012-07-29 00:00:00,2012-07-29 06:00:00
20120675,intensification,2012-07-29 09:00:00,2012-07-29 15:00:00
20120675,decay 2,2012-07-29 18:00:00,2012-07-29 21:00:00
20120676,intensification,2012-07-29 00:00:00,2012-07-30 18:00:00
20120678,decay,2012-07-29 12:00:00,2012-07-31 00:00:00
20120678,intensification,2012-07-31 03:00:00,2012-08-01 15:00:00
20120678,mature,2012-08-01 18:00:00,2012-08-02 00:00:00
20120678,decay 2,2012-08-02 03:00:00,2012-08-03 00:00:00
20120678,residual,2012-08-03 03:00:00,2012-08-06 06:00:00
20120683,intensification,2012-07-30 03:00:00,2012-07-30 12:00:00
20120683,decay,2012-07-30 15:00:00,2012-07-31 09:00:00
20120693,incipient,2012-08-04 09:00:00,2012-08-04 15:00:00
20120693,intensification,2012-08-04 18:00:00,2012-08-04 18:00:00
20120693,decay,2012-08-04 21:00:00,2012-08-05 15:00:00
20120693,intensification 2,2012-08-05 18:00:00,2012-08-06 03:00:00
20120705,incipient,2012-08-07 00:00:00,2012-08-07 03:00:00
20120705,intensification,2012-08-07 06:00:00,2012-08-08 06:00:00
20120705,mature,2012-08-08 09:00:00,2012-08-08 18:00:00
20120705,decay,2012-08-08 21:00:00,2012-08-10 12:00:00
20120723,incipient,2012-08-11 15:00:00,2012-08-11 21:00:00
20120723,intensification,2012-08-12 00:00:00,2012-08-13 15:00:00
20120723,mature,2012-08-13 18:00:00,2012-08-14 06:00:00
20120723,decay,2012-08-14 09:00:00,2012-08-16 18:00:00
20120733,intensification,2012-08-14 00:00:00,2012-08-14 18:00:00
20120733,mature,2012-08-14 21:00:00,2012-08-15 00:00:00
20120733,decay,2012-08-15 03:00:00,2012-08-16 15:00:00
20130004,incipient,2013-01-03 00:00:00,2013-01-03 06:00:00
20130004,intensification,2013-01-03 09:00:00,2013-01-04 12:00:00
20130004,mature,2013-01-04 15:00:00,2013-01-05 00:00:00
20130004,decay,2013-01-05 03:00:00,2013-01-06 21:00:00
20130009,incipient,2013-01-04 12:00:00,2013-01-04 18:00:00
20130009,intensification,2013-01-04 21:00:00,2013-01-06 09:00:00
20130009,mature,2013-01-06 12:00:00,2013-01-07 06:00:00
20130009,decay,2013-01-07 09:00:00,2013-01-11 03:00:00
20130016,incipient,2013-01-07 03:00:00,2013-01-07 12:00:00
20130016,intensification,2013-01-07 15:00:00,2013-01-08 15:00:00
20130016,mature,2013-01-08 18:00:00,2013-01-09 00:00:00
20130016,decay,2013-01-09 03:00:00,2013-01-10 03:00:00
20130018,incipient,2013-01-07 12:00:00,2013-01-07 12:00:00
20130018,intensification,2013-01-07 15:00:00,2013-01-08 12:00:00
20130018,mature,2013-01-08 15:00:00,2013-01-08 18:00:00
20130018,decay,2013-01-08 21:00:00,2013-01-09 09:00:00
20130020,intensification,2013-01-08 03:00:00,2013-01-08 09:00:00
20130020,decay,2013-01-08 12:00:00,2013-01-09 09:00:00
20130022,incipient,2013-01-09 12:00:00,2013-01-09 18:00:00
20130022,intensification,2013-01-09 21:00:00,2013-01-10 09:00:00
20130022,mature,2013-01-10 12:00:00,2013-01-10 15:00:00
20130022,decay,2013-01-10 18:00:00,2013-01-10 21:00:00
20130028,intensification,2013-01-11 00:00:00,2013-01-11 15:00:00
20130028,mature,2013-01-11 18:00:00,2013-01-11 21:00:00
20130028,decay,2013-01-12 00:00:00,2013-01-13 09:00:00
20130043,incipient,2013-01-16 12:00:00,2013-01-16 15:00:00
20130043,intensification,2013-01-16 18:00:00,2013-01-17 21:00:00
20130043,mature,2013-01-18 00:00:00,2013-01-18 09:00:00
20130043,decay,2013-01-18 12:00:00,2013-01-20 15:00:00
20130047,incipient,2013-01-17 06:00:00,2013-01-17 15:00:00
20130047,intensification,2013-01-17 18:00:00,2013-01-18 09:00:00
20130047,mature,2013-01-18 12:00:00,2013-01-18 15:00:00
20130047,decay,2013-01-18 18:00:00,2013-01-19 09:00:00
20130051,incipient,2013-01-19 09:00:00,2013-01-19 12:00:00
20130051,decay,2013-01-19 15:00:00,2013-01-20 06:00:00
20130051,intensification,2013-01-20 09:00:00,2013-01-20 12:00:00
20130051,decay 2,2013-01-20 15:00:00,2013-01-21 00:00:00
20130057,incipient,2013-01-22 03:00:00,2013-01-22 18:00:00
20130057,intensification,2013-01-22 21:00:00,2013-01-25 18:00:00
20130057,mature,2013-01-25 21:00:00,2013-01-26 12:00:00
20130057,decay,2013-01-26 15:00:00,2013-01-28 03:00:00
20130061,incipient,2013-01-23 15:00:00,2013-01-24 06:00:00
20130061,intensification,2013-01-24 09:00:00,2013-01-28 18:00:00
20130061,mature,2013-01-28 21:00:00,2013-01-29 21:00:00
20130061,decay,2013-01-30 00:00:00,2013-01-31 21:00:00
20130064,intensification,2013-01-26 18:00:00,2013-01-27 00:00:00
20130064,decay,2013-01-27 03:00:00,2013-01-27 21:00:00
20130073,incipient,2013-01-30 00:00:00,2013-01-30 09:00:00
20130073,intensification,2013-01-30 12:00:00,2013-01-31 18:00:00
20130073,mature,2013-01-31 21:00:00,2013-02-01 09:00:00
20130073,decay,2013-02-01 12:00:00,2013-02-03 03:00:00
20130086,incipient,2013-02-03 12:00:00,2013-02-03 21:00:00
20130086,decay,2013-02-04 00:00:00,2013-02-06 03:00:00
20130088,incipient,2013-02-04 00:00:00,2013-02-04 12:00:00
20130088,decay,2013-02-04 15:00:00,2013-02-05 18:00:00
20130088,intensification,2013-02-05 21:00:00,2013-02-11 00:00:00
20130088,decay 2,2013-02-11 03:00:00,2013-02-12 21:00:00
20130096,incipient,2013-02-06 03:00:00,2013-02-06 12:00:00
20130096,intensification,2013-02-06 15:00:00,2013-02-08 06:00:00
20130096,mature,2013-02-08 09:00:00,2013-02-09 00:00:00
20130096,decay,2013-02-09 03:00:00,2013-02-12 12:00:00
20130101,intensification,2013-02-07 12:00:00,2013-02-08 00:00:00
20130101,decay,2013-02-08 03:00:00,2013-02-08 15:00:00
20130106,incipient,2013-02-09 06:00:00,2013-02-09 12:00:00
20130106,intensification,2013-02-09 15:00:00,2013-02-11 03:00:00
20130106,mature,2013-02-11 06:00:00,2013-02-11 12:00:00
20130106,decay,2013-02-11 15:00:00,2013-02-11 18:00:00
20130111,intensification,2013-02-11 18:00:00,2013-02-15 06:00:00
20130111,mature,2013-02-15 09:00:00,2013-02-16 06:00:00
20130111,decay,2013-02-16 09:00:00,2013-02-18 21:00:00
20130112,incipient,2013-02-12 03:00:00,2013-02-12 12:00:00
20130112,intensification,2013-02-12 15:00:00,2013-02-12 15:00:00
20130112,decay,2013-02-12 18:00:00,2013-02-13 12:00:00
20130112,intensification 2,2013-02-13 15:00:00,2013-02-13 21:00:00
20130116,intensification,2013-02-13 12:00:00,2013-02-14 09:00:00
20130117,incipient,2013-02-13 12:00:00,2013-02-13 15:00:00
20130117,decay,2013-02-13 18:00:00,2013-02-14 06:00:00
20130117,intensification,2013-02-14 09:00:00,2013-02-14 12:00:00
20130117,decay 2,2013-02-14 15:00:00,2013-02-14 18:00:00
20130123,incipient,2013-02-15 03:00:00,2013-02-15 12:00:00
20130123,intensification,2013-02-15 15:00:00,2013-02-17 03:00:00
20130123,mature,2013-02-17 06:00:00,2013-02-17 15:00:00
20130123,decay,2013-02-17 18:00:00,2013-02-18 18:00:00
20130123,intensification 2,2013-02-18 21:00:00,2013-02-21 15:00:00
20130123,mature 2,2013-02-21 18:00:00,2013-02-22 09:00:00
20130123,decay 2,2013-02-22 12:00:00,2013-02-24 09:00:00
20130135,incipient,2013-02-19 09:00:00,2013-02-19 18:00:00
20130135,intensification,2013-02-19 21:00:00,2013-02-21 03:00:00
20130135,mature,2013-02-21 06:00:00,2013-02-21 18:00:00
20130135,decay,2013-02-21 21:00:00,2013-02-24 06:00:00
20130138,intensification,2013-02-21 12:00:00,2013-02-21 18:00:00
20130138,decay,2013-02-21 21:00:00,2013-02-22 12:00:00
20130143,incipient,2013-02-23 00:00:00,2013-02-23 06:00:00
20130143,intensification,2013-02-23 09:00:00,2013-02-25 06:00:00
20130143,mature,2013-02-25 09:00:00,2013-02-25 21:00:00
20130143,decay,2013-02-26 00:00:00,2013-02-28 09:00:00
20130143,intensification 2,2013-02-28 12:00:00,2013-03-02 18:00:00
20130143,mature 2,2013-03-02 21:00:00,2013-03-03 15:00:00
20130143,decay 2,2013-03-03 18:00:00,2013-03-07 21:00:00
20130162,incipient,2013-03-01 03:00:00,2013-03-01 09:00:00
20130162,intensification,2013-03-01 12:00:00,2013-03-03 03:00:00
20130162,mature,2013-03-03 06:00:00,2013-03-04 00:00:00
20130162,decay,2013-03-04 03:00:00,2013-03-08 00:00:00
20130178,incipient,2013-03-05 18:00:00,2013-03-06 00:00:00
20130178,decay,2013-03-06 03:00:00,2013-03-07 03:00:00
20130178,intensification,2013-03-07 06:00:00,2013-03-07 18:00:00
20130178,mature,2013-03-07 21:00:00,2013-03-08 00:00:00
20130178,decay 2,2013-03-08 03:00:00,2013-03-09 06:00:00
20130181,incipient,2013-03-06 03:00:00,2013-03-06 03:00:00
20130181,intensification,2013-03-06 06:00:00,2013-03-07 09:00:00
20130181,mature,2013-03-07 12:00:00,2013-03-08 00:00:00
20130181,decay,2013-03-08 03:00:00,2013-03-10 21:00:00
20130191,incipient,2013-03-09 06:00:00,2013-03-09 15:00:00
20130191,intensification,2013-03-09 18:00:00,2013-03-11 06:00:00
20130191,mature,2013-03-11 09:00:00,2013-03-12 03:00:00
20130191,decay,2013-03-12 06:00:00,2013-03-15 15:00:00
20130197,decay,2013-03-10 00:00:00,2013-03-10 12:00:00
20130197,intensification,2013-03-10 15:00:00,2013-03-10 21:00:00
20130201,incipient,2013-03-11 03:00:00,2013-03-11 03:00:00
20130201,intensification,2013-03-11 06:00:00,2013-03-11 21:00:00
20130201,mature,2013-03-12 00:00:00,2013-03-12 03:00:00
20130201,decay,2013-03-12 06:00:00,2013-03-12 15:00:00
20130209,incipient,2013-03-13 06:00:00,2013-03-14 18:00:00
20130209,intensification,2013-03-14 21:00:00,2013-03-18 06:00:00
20130209,mature,2013-03-18 09:00:00,2013-03-19 03:00:00
20130209,decay,2013-03-19 06:00:00,2013-03-20 09:00:00
20130211,incipient,2013-03-15 03:00:00,2013-03-15 09:00:00
20130211,intensification,2013-03-15 12:00:00,2013-03-16 06:00:00
20130211,mature,2013-03-16 09:00:00,2013-03-16 12:00:00
20130211,decay,2013-03-16 15:00:00,2013-03-17 09:00:00
20130245,intensification,2013-03-24 18:00:00,2013-03-25 03:00:00
20130245,mature,2013-03-25 06:00:00,2013-03-25 09:00:00
20130245,decay,2013-03-25 12:00:00,2013-03-26 18:00:00
20130245,residual,2013-03-26 21:00:00,2013-03-26 21:00:00
20130246,decay,2013-03-25 06:00:00,2013-03-25 21:00:00
20130246,intensification,2013-03-26 00:00:00,2013-03-26 09:00:00
20130246,mature,2013-03-26 12:00:00,2013-03-26 15:00:00
20130246,decay 2,2013-03-26 18:00:00,2013-03-28 09:00:00
20130247,incipient,2013-03-25 12:00:00,2013-03-25 18:00:00
20130247,decay,2013-03-25 21:00:00,2013-03-26 03:00:00
20130247,intensification,2013-03-26 06:00:00,2013-03-26 09:00:00
20130247,decay 2,2013-03-26 12:00:00,2013-03-26 18:00:00
20130253,incipient,2013-03-27 18:00:00,2013-03-28 06:00:00
20130253,intensification,2013-03-28 09:00:00,2013-03-30 09:00:00
20130253,mature,2013-03-30 12:00:00,2013-03-31 06:00:00
20130253,decay,2013-03-31 09:00:00,2013-04-03 12:00:00
20130273,decay,2013-04-03 00:00:00,2013-04-03 18:00:00
20130273,intensification,2013-04-03 21:00:00,2013-04-05 15:00:00
20130273,mature,2013-04-05 18:00:00,2013-04-06 06:00:00
20130273,decay 2,2013-04-06 09:00:00,2013-04-08 12:00:00
20130277,incipient,2013-04-04 09:00:00,2013-04-05 03:00:00
20130277,intensification,2013-04-05 06:00:00,2013-04-07 12:00:00
20130277,mature,2013-04-07 15:00:00,2013-04-08 09:00:00
20130277,decay,2013-04-08 12:00:00,2013-04-11 06:00:00
20130277,residual,2013-04-11 09:00:00,2013-04-11 18:00:00
20130281,incipient,2013-04-06 00:00:00,2013-04-06 00:00:00
20130281,intensification,2013-04-06 03:00:00,2013-04-08 00:00:00
20130281,mature,2013-04-08 03:00:00,2013-04-08 12:00:00
20130281,decay,2013-04-08 15:00:00,2013-04-09 09:00:00
20130286,incipient,2013-04-08 00:00:00,2013-04-08 06:00:00
20130286,intensification,2013-04-08 09:00:00,2013-04-09 15:00:00
20130286,mature,2013-04-09 18:00:00,2013-04-10 00:00:00
20130286,decay,2013-04-10 03:00:00,2013-04-11 03:00:00
20130297,incipient,2013-04-10 18:00:00,2013-04-10 21:00:00
20130297,intensification,2013-04-11 00:00:00,2013-04-11 18:00:00
20130297,mature,2013-04-11 21:00:00,2013-04-12 03:00:00
20130297,decay,2013-04-12 06:00:00,2013-04-13 12:00:00
20130301,incipient,2013-04-11 12:00:00,2013-04-11 12:00:00
20130301,intensification,2013-04-11 15:00:00,2013-04-13 15:00:00
20130301,mature,2013-04-13 18:00:00,2013-04-14 06:00:00
20130301,decay,2013-04-14 09:00:00,2013-04-22 00:00:00
20130305,intensification,2013-04-14 00:00:00,2013-04-14 12:00:00
20130305,decay,2013-04-14 15:00:00,2013-04-15 09:00:00
20130321,incipient,2013-04-19 12:00:00,2013-04-19 15:00:00
20130321,intensification,2013-04-19 18:00:00,2013-04-20 09:00:00
20130321,mature,2013-04-20 12:00:00,2013-04-20 15:00:00
20130321,decay,2013-04-20 18:00:00,2013-04-20 21:00:00
20130332,incipient,2013-04-22 06:00:00,2013-04-22 12:00:00
20130332,intensification,2013-04-22 15:00:00,2013-04-23 18:00:00
20130332,mature,2013-04-23 21:00:00,2013-04-24 06:00:00
20130332,decay,2013-04-24 09:00:00,2013-04-26 15:00:00
20130340,incipient,2013-04-25 03:00:00,2013-04-25 12:00:00
20130340,intensification,2013-04-25 15:00:00,2013-04-27 00:00:00
20130340,mature,2013-04-27 03:00:00,2013-04-27 09:00:00
20130340,decay,2013-04-27 12:00:00,2013-04-28 00:00:00
20130340,residual,2013-04-28 03:00:00,2013-04-28 18:00:00
20130350,incipient,2013-04-27 09:00:00,2013-04-27 21:00:00
20130350,intensification,2013-04-28 00:00:00,2013-04-30 03:00:00
20130350,mature,2013-04-30 06:00:00,2013-05-01 00:00:00
20130350,decay,2013-05-01 03:00:00,2013-05-04 00:00:00
20130368,incipient,2013-05-01 06:00:00,2013-05-01 12:00:00
20130368,intensification,2013-05-01 15:00:00,2013-05-03 00:00:00
20130368,mature,2013-05-03 03:00:00,2013-05-03 12:00:00
20130368,decay,2013-05-03 15:00:00,2013-05-04 18:00:00
20130375,incipient,2013-05-03 06:00:00,2013-05-03 15:00:00
20130375,intensification,2013-05-03 18:00:00,2013-05-05 06:00:00
20130375,mature,2013-05-05 09:00:00,2013-05-05 18:00:00
20130375,decay,2013-05-05 21:00:00,2013-05-07 06:00:00
20130384,intensification,2013-05-05 03:00:00,2013-05-05 21:00:00
20130384,decay,2013-05-06 00:00:00,2013-05-06 09:00:00
20130385,incipient,2013-05-06 00:00:00,2013-05-06 03:00:00
20130385,intensification,2013-05-06 06:00:00,2013-05-07 15:00:00
20130385,mature,2013-05-07 18:00:00,2013-05-08 12:00:00
20130385,decay,2013-05-08 15:00:00,2013-05-12 09:00:00
20130387,incipient,2013-05-06 09:00:00,2013-05-06 18:00:00
20130387,intensification,2013-05-06 21:00:00,2013-05-08 09:00:00
20130387,mature,2013-05-08 12:00:00,2013-05-09 03:00:00
20130387,decay,2013-05-09 06:00:00,2013-05-11 18:00:00
20130393,intensification,2013-05-08 09:00:00,2013-05-09 03:00:00
20130393,mature,2013-05-09 06:00:00,2013-05-09 15:00:00
20130393,decay,2013-05-09 18:00:00,2013-05-11 09:00:00
20130407,incipient,2013-05-11 15:00:00,2013-05-11 15:00:00
20130407,decay,2013-05-11 18:00:00,2013-05-13 03:00:00
20130407,intensification,2013-05-13 06:00:00,2013-05-15 09:00:00
20130407,mature,2013-05-15 12:00:00,2013-05-15 21:00:00
20130407,decay 2,2013-05-16 00:00:00,2013-05-17 09:00:00
20130407,residual,2013-05-17 12:00:00,2013-05-19 06:00:00
20130415,incipient,2013-05-14 00:00:00,2013-05-14 12:00:00
20130415,intensification,2013-05-14 15:00:00,2013-05-15 18:00:00
20130415,mature,2013-05-15 21:00:00,2013-05-16 03:00:00
20130415,decay,2013-05-16 06:00:00,2013-05-17 00:00:00
20130421,intensification,2013-05-14 18:00:00,2013-05-15 09:00:00
20130421,decay,2013-05-15 12:00:00,2013-05-16 09:00:00
20130425,intensification,2013-05-16 12:00:00,2013-05-16 21:00:00
20130425,mature,2013-05-17 00:00:00,2013-05-17 03:00:00
20130425,decay,2013-05-17 06:00:00,2013-05-18 12:00:00
20130434,incipient,2013-05-18 09:00:00,2013-05-18 15:00:00
20130434,intensification,2013-05-18 18:00:00,2013-05-20 18:00:00
20130434,mature,2013-05-20 21:00:00,2013-05-21 09:00:00
20130434,decay,2013-05-21 12:00:00,2013-05-28 21:00:00
20130436,intensification,2013-05-19 00:00:00,2013-05-20 00:00:00
20130436,mature,2013-05-20 03:00:00,2013-05-20 18:00:00
20130436,decay,2013-05-20 21:00:00,2013-05-24 18:00:00
20130441,decay,2013-05-21 00:00:00,2013-05-22 06:00:00
20130441,intensification,2013-05-22 09:00:00,2013-05-22 21:00:00
20130444,incipient,2013-05-21 15:00:00,2013-05-21 21:00:00
20130444,intensification,2013-05-22 00:00:00,2013-05-22 15:00:00
20130444,mature,2013-05-22 18:00:00,2013-05-23 00:00:00
20130444,decay,2013-05-23 03:00:00,2013-05-23 21:00:00
20130461,incipient,2013-05-27 12:00:00,2013-05-28 03:00:00
20130461,intensification,2013-05-28 06:00:00,2013-05-28 06:00:00
20130461,decay,2013-05-28 09:00:00,2013-05-29 06:00:00
20130461,intensification 2,2013-05-29 09:00:00,2013-05-29 21:00:00
20130470,incipient,2013-05-29 15:00:00,2013-05-29 15:00:00
20130470,intensification,2013-05-29 18:00:00,2013-05-30 09:00:00
20130470,mature,2013-05-30 12:00:00,2013-05-30 15:00:00
20130470,decay,2013-05-30 18:00:00,2013-05-31 03:00:00
20130470,residual,2013-05-31 06:00:00,2013-06-01 03:00:00
20130482,decay,2013-06-02 18:00:00,2013-06-03 03:00:00
20130482,intensification,2013-06-03 06:00:00,2013-06-04 15:00:00
20130486,intensification,2013-06-03 18:00:00,2013-06-04 12:00:00
20130486,decay,2013-06-04 15:00:00,2013-06-05 06:00:00
20130501,incipient,2013-06-07 09:00:00,2013-06-07 09:00:00
20130501,intensification,2013-06-07 12:00:00,2013-06-08 09:00:00
20130501,mature,2013-06-08 12:00:00,2013-06-08 21:00:00
20130501,decay,2013-06-09 00:00:00,2013-06-11 06:00:00
20130517,incipient,2013-06-13 00:00:00,2013-06-13 12:00:00
20130517,intensification,2013-06-13 15:00:00,2013-06-14 15:00:00
20130517,mature,2013-06-14 18:00:00,2013-06-14 21:00:00
20130517,decay,2013-06-15 00:00:00,2013-06-15 12:00:00
20130529,incipient,2013-06-16 09:00:00,2013-06-16 12:00:00
20130529,decay,2013-06-16 15:00:00,2013-06-16 18:00:00
20130529,intensification,2013-06-16 21:00:00,2013-06-17 03:00:00
20130529,decay 2,2013-06-17 06:00:00,2013-06-17 09:00:00
20130534,incipient,2013-06-17 18:00:00,2013-06-19 06:00:00
20130534,intensification,2013-06-19 09:00:00,2013-06-22 03:00:00
20130534,mature,2013-06-22 06:00:00,2013-06-23 06:00:00
20130534,decay,2013-06-23 09:00:00,2013-06-25 21:00:00
20130536,incipient,2013-06-18 09:00:00,2013-06-18 15:00:00
20130536,intensification,2013-06-18 18:00:00,2013-06-19 03:00:00
20130536,mature,2013-06-19 06:00:00,2013-06-19 09:00:00
20130536,decay,2013-06-19 12:00:00,2013-06-20 06:00:00
20130540,incipient,2013-06-19 00:00:00,2013-06-20 06:00:00
20130540,intensification,2013-06-20 09:00:00,2013-06-22 15:00:00
20130540,mature,2013-06-22 18:00:00,2013-06-23 09:00:00
20130540,decay,2013-06-23 12:00:00,2013-06-24 09:00:00
20130544,incipient,2013-06-20 06:00:00,2013-06-20 12:00:00
20130544,decay,2013-06-20 15:00:00,2013-06-20 18:00:00
20130544,intensification,2013-06-20 21:00:00,2013-06-21 00:00:00
20130544,decay 2,2013-06-21 03:00:00,2013-06-21 06:00:00
20130550,decay,2013-06-21 09:00:00,2013-06-21 12:00:00
20130550,intensification,2013-06-21 15:00:00,2013-06-22 12:00:00
20130550,mature,2013-06-22 15:00:00,2013-06-22 18:00:00
20130550,decay 2,2013-06-22 21:00:00,2013-06-23 00:00:00
20130597,decay,2013-07-04 15:00:00,2013-07-06 06:00:00
20130597,intensification,2013-07-06 09:00:00,2013-07-06 18:00:00
20130597,decay 2,2013-07-06 21:00:00,2013-07-07 18:00:00
20130613,incipient,2013-07-11 00:00:00,2013-07-11 15:00:00
20130613,intensification,2013-07-11 18:00:00,2013-07-14 06:00:00
20130613,mature,2013-07-14 09:00:00,2013-07-15 00:00:00
20130613,decay,2013-07-15 03:00:00,2013-07-17 09:00:00
20130613,intensification 2,2013-07-17 12:00:00,2013-07-19 18:00:00
20130613,mature 2,2013-07-19 21:00:00,2013-07-20 06:00:00
20130613,decay 2,2013-07-20 09:00:00,2013-07-21 09:00:00
20130626,decay,2013-07-13 03:00:00,2013-07-13 15:00:00
20130626,intensification,2013-07-13 18:00:00,2013-07-14 15:00:00
20130629,incipient,2013-07-13 18:00:00,2013-07-14 00:00:00
20130629,intensification,2013-07-14 03:00:00,2013-07-15 09:00:00
20130629,mature,2013-07-15 12:00:00,2013-07-16 00:00:00
20130629,decay,2013-07-16 03:00:00,2013-07-19 09:00:00
20130629,residual,2013-07-19 12:00:00,2013-07-19 12:00:00
20130635,incipient,2013-07-15 09:00:00,2013-07-15 09:00:00
20130635,intensification,2013-07-15 12:00:00,2013-07-16 03:00:00
20130635,mature,2013-07-16 06:00:00,2013-07-16 09:00:00
20130635,decay,2013-07-16 12:00:00,2013-07-16 21:00:00
20130656,incipient,2013-07-22 15:00:00,2013-07-23 03:00:00
20130656,intensification,2013-07-23 06:00:00,2013-07-24 15:00:00
20130656,mature,2013-07-24 18:00:00,2013-07-25 03:00:00
20130656,decay,2013-07-25 06:00:00,2013-07-26 12:00:00
20130657,decay,2013-07-23 00:00:00,2013-07-24 09:00:00
20130658,intensification,2013-07-23 06:00:00,2013-07-23 15:00:00
20130658,decay,2013-07-23 18:00:00,2013-07-24 15:00:00
20130666,incipient,2013-07-25 09:00:00,2013-07-25 09:00:00
20130666,intensification,2013-07-25 12:00:00,2013-07-26 12:00:00
20130666,mature,2013-07-26 15:00:00,2013-07-27 00:00:00
20130666,decay,2013-07-27 03:00:00,2013-07-28 21:00:00
20130667,incipient,2013-07-25 09:00:00,2013-07-25 12:00:00
20130667,intensification,2013-07-25 15:00:00,2013-07-26 12:00:00
20130667,mature,2013-07-26 15:00:00,2013-07-26 18:00:00
20130667,decay,2013-07-26 21:00:00,2013-07-27 06:00:00
20130669,intensification,2013-07-26 12:00:00,2013-07-26 21:00:00
20130669,mature,2013-07-27 00:00:00,2013-07-27 03:00:00
20130669,decay,2013-07-27 06:00:00,2013-07-28 15:00:00
20130681,intensification,2013-07-31 00:00:00,2013-07-31 03:00:00
20130681,mature,2013-07-31 06:00:00,2013-07-31 09:00:00
20130681,decay,2013-07-31 12:00:00,2013-08-01 09:00:00
20130687,incipient,2013-08-01 12:00:00,2013-08-02 03:00:00
20130687,intensification,2013-08-02 06:00:00,2013-08-03 12:00:00
20130687,mature,2013-08-03 15:00:00,2013-08-04 00:00:00
20130687,decay,2013-08-04 03:00:00,2013-08-05 03:00:00
20130706,intensification,2013-08-07 03:00:00,2013-08-09 00:00:00
20130706,mature,2013-08-09 03:00:00,2013-08-09 12:00:00
20130706,decay,2013-08-09 15:00:00,2013-08-10 21:00:00
20130711,incipient,2013-08-08 06:00:00,2013-08-08 12:00:00
20130711,decay,2013-08-08 15:00:00,2013-08-09 18:00:00
20130711,intensification,2013-08-09 21:00:00,2013-08-12 03:00:00
20130711,mature,2013-08-12 06:00:00,2013-08-12 15:00:00
20130711,decay 2,2013-08-12 18:00:00,2013-08-14 09:00:00
20130718,decay,2013-08-10 12:00:00,2013-08-11 09:00:00
20130718,intensification,2013-08-11 12:00:00,2013-08-13 18:00:00
20130718,mature,2013-08-13 21:00:00,2013-08-14 06:00:00
20130718,decay 2,2013-08-14 09:00:00,2013-08-15 03:00:00
20130729,incipient,2013-08-12 12:00:00,2013-08-12 18:00:00
20130729,intensification,2013-08-12 21:00:00,2013-08-12 21:00:00
20130729,decay,2013-08-13 00:00:00,2013-08-13 06:00:00
20130729,intensification 2,2013-08-13 09:00:00,2013-08-14 00:00:00
20130734,incipient,2013-08-14 06:00:00,2013-08-14 18:00:00
20130734,intensification,2013-08-14 21:00:00,2013-08-16 09:00:00
20130734,mature,2013-08-16 12:00:00,2013-08-17 00:00:00
20130734,decay,2013-08-17 03:00:00,2013-08-19 03:00:00
20130734,intensification 2,2013-08-19 06:00:00,2013-08-20 21:00:00
20130734,mature 2,2013-08-21 00:00:00,2013-08-21 12:00:00
20130734,decay 2,2013-08-21 15:00:00,2013-08-23 18:00:00
20140006,incipient,2014-01-01 15:00:00,2014-01-01 18:00:00
20140006,intensification,2014-01-01 21:00:00,2014-01-02 12:00:00
20140006,mature,2014-01-02 15:00:00,2014-01-02 21:00:00
20140006,decay,2014-01-03 00:00:00,2014-01-04 15:00:00
20140012,incipient,2014-01-04 06:00:00,2014-01-04 12:00:00
20140012,intensification,2014-01-04 15:00:00,2014-01-05 21:00:00
20140012,mature,2014-01-06 00:00:00,2014-01-06 06:00:00
20140012,decay,2014-01-06 09:00:00,2014-01-07 06:00:00
20140012,residual,2014-01-07 09:00:00,2014-01-08 00:00:00
20140018,intensification,2014-01-06 09:00:00,2014-01-07 15:00:00
20140018,mature,2014-01-07 18:00:00,2014-01-08 06:00:00
20140018,decay,2014-01-08 09:00:00,2014-01-11 06:00:00
20140027,incipient,2014-01-09 00:00:00,2014-01-09 15:00:00
20140027,decay,2014-01-09 18:00:00,2014-01-12 18:00:00
20140029,incipient,2014-01-09 18:00:00,2014-01-09 18:00:00
20140029,intensification,2014-01-09 21:00:00,2014-01-10 12:00:00
20140029,mature,2014-01-10 15:00:00,2014-01-10 21:00:00
20140029,decay,2014-01-11 00:00:00,2014-01-12 21:00:00
20140031,intensification,2014-01-10 00:00:00,2014-01-10 12:00:00
20140031,decay,2014-01-10 15:00:00,2014-01-11 06:00:00
20140041,incipient,2014-01-12 15:00:00,2014-01-13 03:00:00
20140041,intensification,2014-01-13 06:00:00,2014-01-18 21:00:00
20140041,mature,2014-01-19 00:00:00,2014-01-20 03:00:00
20140041,decay,2014-01-20 06:00:00,2014-01-22 15:00:00
20140044,intensification,2014-01-13 15:00:00,2014-01-14 18:00:00
20140044,mature,2014-01-14 21:00:00,2014-01-15 03:00:00
20140044,decay,2014-01-15 06:00:00,2014-01-16 03:00:00
20140044,intensification 2,2014-01-16 06:00:00,2014-01-18 00:00:00
20140044,mature 2,2014-01-18 03:00:00,2014-01-18 09:00:00
20140044,decay 2,2014-01-18 12:00:00,2014-01-19 03:00:00
20140045,incipient,2014-01-14 18:00:00,2014-01-14 18:00:00
20140045,intensification,2014-01-14 21:00:00,2014-01-16 06:00:00
20140045,mature,2014-01-16 09:00:00,2014-01-17 00:00:00
20140045,decay,2014-01-17 03:00:00,2014-01-20 15:00:00
20140052,incipient,2014-01-18 06:00:00,2014-01-18 09:00:00
20140052,intensification,2014-01-18 12:00:00,2014-01-19 06:00:00
20140052,mature,2014-01-19 09:00:00,2014-01-19 12:00:00
20140052,decay,2014-01-19 15:00:00,2014-01-20 09:00:00
20140056,incipient,2014-01-20 06:00:00,2014-01-21 12:00:00
20140056,decay,2014-01-21 15:00:00,2014-01-23 06:00:00
20140056,intensification,2014-01-23 09:00:00,2014-01-26 03:00:00
20140056,mature,2014-01-26 06:00:00,2014-01-27 00:00:00
20140056,decay 2,2014-01-27 03:00:00,2014-01-29 18:00:00
20140060,incipient,2014-01-21 06:00:00,2014-01-21 15:00:00
20140060,intensification,2014-01-21 18:00:00,2014-01-22 21:00:00
20140060,mature,2014-01-23 00:00:00,2014-01-23 06:00:00
20140060,decay,2014-01-23 09:00:00,2014-01-23 18:00:00
20140066,incipient,2014-01-23 06:00:00,2014-01-24 00:00:00
20140066,intensification,2014-01-24 03:00:00,2014-01-26 12:00:00
20140066,mature,2014-01-26 15:00:00,2014-01-27 06:00:00
20140066,decay,2014-01-27 09:00:00,2014-01-29 09:00:00
20140077,intensification,2014-01-27 12:00:00,2014-01-29 15:00:00
20140086,incipient,2014-01-31 09:00:00,2014-01-31 21:00:00
20140086,intensification,2014-02-01 00:00:00,2014-02-02 09:00:00
20140086,mature,2014-02-02 12:00:00,2014-02-02 21:00:00
20140086,decay,2014-02-03 00:00:00,2014-02-04 12:00:00
20140089,incipient,2014-02-01 18:00:00,2014-02-01 18:00:00
20140089,intensification,2014-02-01 21:00:00,2014-02-03 12:00:00
20140089,mature,2014-02-03 15:00:00,2014-02-04 09:00:00
20140089,decay,2014-02-04 12:00:00,2014-02-08 15:00:00
20140090,incipient,2014-02-02 15:00:00,2014-02-04 09:00:00
20140090,decay,2014-02-04 12:00:00,2014-02-04 21:00:00
20140090,intensification,2014-02-05 00:00:00,2014-02-06 09:00:00
20140090,decay 2,2014-02-06 12:00:00,2014-02-07 06:00:00
20140098,incipient,2014-02-05 03:00:00,2014-02-05 09:00:00
20140098,intensification,2014-02-05 12:00:00,2014-02-06 06:00:00
20140098,mature,2014-02-06 09:00:00,2014-02-06 15:00:00
20140098,decay,2014-02-06 18:00:00,2014-02-08 00:00:00
20140104,incipient,2014-02-07 15:00:00,2014-02-07 21:00:00
20140104,intensification,2014-02-08 00:00:00,2014-02-09 12:00:00
20140104,mature,2014-02-09 15:00:00,2014-02-10 03:00:00
20140104,decay,2014-02-10 06:00:00,2014-02-12 18:00:00
20140108,incipient,2014-02-08 00:00:00,2014-02-10 00:00:00
20140108,decay,2014-02-10 03:00:00,2014-02-16 21:00:00
20140108,intensification,2014-02-17 00:00:00,2014-02-20 06:00:00
20140108,mature,2014-02-20 09:00:00,2014-02-20 21:00:00
20140108,decay 2,2014-02-21 00:00:00,2014-02-22 03:00:00
20140110,incipient,2014-02-09 03:00:00,2014-02-09 09:00:00
20140110,intensification,2014-02-09 12:00:00,2014-02-09 12:00:00
20140110,decay,2014-02-09 15:00:00,2014-02-10 03:00:00
20140110,intensification 2,2014-02-10 06:00:00,2014-02-10 12:00:00
20140110,decay 2,2014-02-10 15:00:00,2014-02-11 06:00:00
20140118,incipient,2014-02-11 18:00:00,2014-02-12 06:00:00
20140118,intensification,2014-02-12 09:00:00,2014-02-14 00:00:00
20140118,mature,2014-02-14 03:00:00,2014-02-14 15:00:00
20140118,decay,2014-02-14 18:00:00,2014-02-16 12:00:00
20140124,incipient,2014-02-14 00:00:00,2014-02-14 03:00:00
20140124,intensification,2014-02-14 06:00:00,2014-02-14 21:00:00
20140124,mature,2014-02-15 00:00:00,2014-02-15 09:00:00
20140124,decay,2014-02-15 12:00:00,2014-02-17 03:00:00
20140133,intensification,2014-02-16 15:00:00,2014-02-19 18:00:00
20140139,incipient,2014-02-19 03:00:00,2014-02-19 03:00:00
20140139,intensification,2014-02-19 06:00:00,2014-02-20 06:00:00
20140139,mature,2014-02-20 09:00:00,2014-02-20 15:00:00
20140139,decay,2014-02-20 18:00:00,2014-02-21 12:00:00
20140139,residual,2014-02-21 15:00:00,2014-02-23 09:00:00
20140150,intensification,2014-02-23 03:00:00,2014-02-24 12:00:00
20140150,residual,2014-02-24 15:00:00,2014-02-24 21:00:00
20140156,incipient,2014-02-24 06:00:00,2014-02-25 00:00:00
20140156,intensification,2014-02-25 03:00:00,2014-03-02 06:00:00
20140156,mature,2014-03-02 09:00:00,2014-03-03 18:00:00
20140156,decay,2014-03-03 21:00:00,2014-03-08 03:00:00
20140156,residual,2014-03-08 06:00:00,2014-03-09 03:00:00
20140162,incipient,2014-02-27 06:00:00,2014-02-27 09:00:00
20140162,intensification,2014-02-27 12:00:00,2014-02-28 00:00:00
20140162,mature,2014-02-28 03:00:00,2014-02-28 09:00:00
20140162,decay,2014-02-28 12:00:00,2014-03-02 03:00:00
20140162,residual,2014-03-02 06:00:00,2014-03-02 06:00:00
20140174,incipient,2014-03-03 12:00:00,2014-03-03 18:00:00
20140174,intensification,2014-03-03 21:00:00,2014-03-04 18:00:00
20140174,mature,2014-03-04 21:00:00,2014-03-05 03:00:00
20140174,decay,2014-03-05 06:00:00,2014-03-06 06:00:00
20140174,residual,2014-03-06 09:00:00,2014-03-06 09:00:00
20140178,incipient,2014-03-04 15:00:00,2014-03-05 12:00:00
20140178,intensification,2014-03-05 15:00:00,2014-03-07 18:00:00
20140178,mature,2014-03-07 21:00:00,2014-03-08 12:00:00
20140178,decay,2014-03-08 15:00:00,2014-03-10 09:00:00
20140181,incipient,2014-03-06 03:00:00,2014-03-06 03:00:00
20140181,intensification,2014-03-06 06:00:00,2014-03-07 06:00:00
20140181,mature,2014-03-07 09:00:00,2014-03-07 12:00:00
20140181,decay,2014-03-07 15:00:00,2014-03-07 18:00:00
20140185,incipient,2014-03-08 12:00:00,2014-03-08 18:00:00
20140185,decay,2014-03-08 21:00:00,2014-03-09 00:00:00
20140185,intensification,2014-03-09 03:00:00,2014-03-09 06:00:00
20140185,decay 2,2014-03-09 09:00:00,2014-03-09 12:00:00
20140186,incipient,2014-03-09 00:00:00,2014-03-09 15:00:00
20140186,intensification,2014-03-09 18:00:00,2014-03-11 03:00:00
20140186,mature,2014-03-11 06:00:00,2014-03-11 15:00:00
20140186,decay,2014-03-11 18:00:00,2014-03-13 00:00:00
20140191,decay,2014-03-11 18:00:00,2014-03-12 06:00:00
20140191,intensification,2014-03-12 09:00:00,2014-03-12 12:00:00
20140191,decay 2,2014-03-12 15:00:00,2014-03-13 00:00:00
20140194,incipient,2014-03-12 06:00:00,2014-03-12 18:00:00
20140194,intensification,2014-03-12 21:00:00,2014-03-14 15:00:00
20140194,mature,2014-03-14 18:00:00,2014-03-15 09:00:00
20140194,decay,2014-03-15 12:00:00,2014-03-18 21:00:00
20140197,decay,2014-03-13 18:00:00,2014-03-14 03:00:00
20140197,intensification,2014-03-14 06:00:00,2014-03-14 12:00:00
20140197,decay 2,2014-03-14 15:00:00,2014-03-15 03:00:00
20140201,incipient,2014-03-14 15:00:00,2014-03-15 03:00:00
20140201,intensification,2014-03-15 06:00:00,2014-03-16 18:00:00
20140201,mature,2014-03-16 21:00:00,2014-03-17 09:00:00
20140201,decay,2014-03-17 12:00:00,2014-03-19 06:00:00
20140207,incipient,2014-03-16 09:00:00,2014-03-16 18:00:00
20140207,intensification,2014-03-16 21:00:00,2014-03-18 12:00:00
20140207,mature,2014-03-18 15:00:00,2014-03-19 12:00:00
20140207,decay,2014-03-19 15:00:00,2014-03-23 21:00:00
20140243,intensification,2014-03-28 12:00:00,2014-03-28 21:00:00
20140243,decay,2014-03-29 00:00:00,2014-03-29 15:00:00
20140245,intensification,2014-03-29 09:00:00,2014-03-30 18:00:00
20140245,mature,2014-03-30 21:00:00,2014-03-31 06:00:00
20140245,decay,2014-03-31 09:00:00,2014-04-02 00:00:00
20140245,intensification 2,2014-04-02 03:00:00,2014-04-04 00:00:00
20140245,mature 2,2014-04-04 03:00:00,2014-04-04 15:00:00
20140245,decay 2,2014-04-04 18:00:00,2014-04-06 09:00:00
20140253,decay,2014-03-31 12:00:00,2014-04-01 00:00:00
20140253,intensification,2014-04-01 03:00:00,2014-04-01 21:00:00
20140253,mature,2014-04-02 00:00:00,2014-04-02 06:00:00
20140253,decay 2,2014-04-02 09:00:00,2014-04-04 00:00:00
20140253,residual,2014-04-04 03:00:00,2014-04-04 09:00:00
20140284,intensification,2014-04-07 12:00:00,2014-04-08 21:00:00
20140284,mature,2014-04-09 00:00:00,2014-04-09 06:00:00
20140284,decay,2014-04-09 09:00:00,2014-04-10 12:00:00
20140284,intensification 2,2014-04-10 15:00:00,2014-04-11 15:00:00
20140284,mature 2,2014-04-11 18:00:00,2014-04-12 03:00:00
20140284,decay 2,2014-04-12 06:00:00,2014-04-13 21:00:00
20140300,intensification,2014-04-14 00:00:00,2014-04-14 03:00:00
20140300,decay,2014-04-14 06:00:00,2014-04-15 06:00:00
20140307,incipient,2014-04-16 06:00:00,2014-04-16 12:00:00
20140307,intensification,2014-04-16 15:00:00,2014-04-18 03:00:00
20140307,mature,2014-04-18 06:00:00,2014-04-18 18:00:00
20140307,decay,2014-04-18 21:00:00,2014-04-20 18:00:00
20140319,incipient,2014-04-19 09:00:00,2014-04-19 12:00:00
20140319,intensification,2014-04-19 15:00:00,2014-04-22 15:00:00
20140319,mature,2014-04-22 18:00:00,2014-04-23 18:00:00
20140319,decay,2014-04-23 21:00:00,2014-04-28 12:00:00
20140331,incipient,2014-04-23 12:00:00,2014-04-23 21:00:00
20140331,intensification,2014-04-24 00:00:00,2014-04-25 09:00:00
20140331,mature,2014-04-25 12:00:00,2014-04-25 18:00:00
20140331,decay,2014-04-25 21:00:00,2014-04-26 03:00:00
20140344,intensification,2014-04-27 15:00:00,2014-04-27 21:00:00
20140344,decay,2014-04-28 00:00:00,2014-04-28 21:00:00
20140345,incipient,2014-04-27 15:00:00,2014-04-28 00:00:00
20140345,intensification,2014-04-28 03:00:00,2014-04-28 03:00:00
20140345,decay,2014-04-28 06:00:00,2014-04-29 00:00:00
20140345,intensification 2,2014-04-29 03:00:00,2014-04-30 03:00:00
20140345,mature,2014-04-30 06:00:00,2014-04-30 12:00:00
20140345,decay 2,2014-04-30 15:00:00,2014-05-01 15:00:00
20140358,decay,2014-05-01 06:00:00,2014-05-01 21:00:00
20140358,intensification,2014-05-02 00:00:00,2014-05-03 09:00:00
20140358,mature,2014-05-03 12:00:00,2014-05-03 18:00:00
20140358,decay 2,2014-05-03 21:00:00,2014-05-05 06:00:00
20140363,incipient,2014-05-03 18:00:00,2014-05-04 00:00:00
20140363,decay,2014-05-04 03:00:00,2014-05-04 09:00:00
20140363,intensification,2014-05-04 12:00:00,2014-05-04 21:00:00
20140364,incipient,2014-05-04 06:00:00,2014-05-04 06:00:00
20140364,intensification,2014-05-04 09:00:00,2014-05-05 00:00:00
20140364,mature,2014-05-05 03:00:00,2014-05-05 06:00:00
20140364,decay,2014-05-05 09:00:00,2014-05-06 15:00:00
20140367,incipient,2014-05-05 00:00:00,2014-05-06 00:00:00
20140367,intensification,2014-05-06 03:00:00,2014-05-08 09:00:00
20140367,mature,2014-05-08 12:00:00,2014-05-09 03:00:00
20140367,decay,2014-05-09 06:00:00,2014-05-10 21:00:00
20140368,incipient,2014-05-05 00:00:00,2014-05-05 03:00:00
20140368,intensification,2014-05-05 06:00:00,2014-05-05 18:00:00
20140368,mature,2014-05-05 21:00:00,2014-05-06 03:00:00
20140368,decay,2014-05-06 06:00:00,2014-05-07 03:00:00
20140374,intensification,2014-05-07 03:00:00,2014-05-07 18:00:00
20140374,decay,2014-05-07 21:00:00,2014-05-08 03:00:00
20140379,incipient,2014-05-08 06:00:00,2014-05-09 09:00:00
20140379,intensification,2014-05-09 12:00:00,2014-05-11 21:00:00
20140379,mature,2014-05-12 00:00:00,2014-05-12 18:00:00
20140379,decay,2014-05-12 21:00:00,2014-05-15 09:00:00
20140385,incipient,2014-05-10 09:00:00,2014-05-10 21:00:00
20140385,intensification,2014-05-11 00:00:00,2014-05-12 12:00:00
20140385,mature,2014-05-12 15:00:00,2014-05-13 00:00:00
20140385,decay,2014-05-13 03:00:00,2014-05-14 06:00:00
20140393,intensification,2014-05-12 03:00:00,2014-05-12 15:00:00
20140393,decay,2014-05-12 18:00:00,2014-05-13 09:00:00
20140404,intensification,2014-05-15 06:00:00,2014-05-16 09:00:00
20140418,incipient,2014-05-19 00:00:00,2014-05-20 06:00:00
20140418,intensification,2014-05-20 09:00:00,2014-05-23 06:00:00
20140418,mature,2014-05-23 09:00:00,2014-05-24 03:00:00
20140418,decay,2014-05-24 06:00:00,2014-05-26 18:00:00
20140421,intensification,2014-05-20 18:00:00,2014-05-23 06:00:00
20140438,incipient,2014-05-27 18:00:00,2014-05-28 00:00:00
20140438,intensification,2014-05-28 03:00:00,2014-05-29 18:00:00
20140438,mature,2014-05-29 21:00:00,2014-05-30 09:00:00
20140438,decay,2014-05-30 12:00:00,2014-06-01 03:00:00
20140450,incipient,2014-05-30 00:00:00,2014-05-30 00:00:00
20140450,decay,2014-05-30 03:00:00,2014-05-30 15:00:00
20140450,intensification,2014-05-30 18:00:00,2014-05-31 00:00:00
20140450,decay 2,2014-05-31 03:00:00,2014-05-31 06:00:00
20140468,incipient,2014-06-03 12:00:00,2014-06-04 00:00:00
20140468,intensification,2014-06-04 03:00:00,2014-06-05 15:00:00
20140468,mature,2014-06-05 18:00:00,2014-06-06 06:00:00
20140468,decay,2014-06-06 09:00:00,2014-06-08 09:00:00
20140474,intensification,2014-06-06 09:00:00,2014-06-07 00:00:00
20140474,decay,2014-06-07 03:00:00,2014-06-07 21:00:00
20140477,intensification,2014-06-07 12:00:00,2014-06-08 00:00:00
20140477,decay,2014-06-08 03:00:00,2014-06-08 09:00:00
20140487,intensification,2014-06-08 18:00:00,2014-06-09 03:00:00
20140487,mature,2014-06-09 06:00:00,2014-06-09 15:00:00
20140487,decay,2014-06-09 18:00:00,2014-06-12 09:00:00
20140496,intensification,2014-06-10 15:00:00,2014-06-11 06:00:00
20140496,mature,2014-06-11 09:00:00,2014-06-11 15:00:00
20140496,decay,2014-06-11 18:00:00,2014-06-13 12:00:00
20140500,incipient,2014-06-12 03:00:00,2014-06-12 03:00:00
20140500,intensification,2014-06-12 06:00:00,2014-06-14 00:00:00
20140500,mature,2014-06-14 03:00:00,2014-06-14 12:00:00
20140500,decay,2014-06-14 15:00:00,2014-06-15 15:00:00
20140508,intensification,2014-06-14 12:00:00,2014-06-14 18:00:00
20140508,decay,2014-06-14 21:00:00,2014-06-15 09:00:00
20140515,incipient,2014-06-16 00:00:00,2014-06-16 06:00:00
20140515,intensification,2014-06-16 09:00:00,2014-06-17 00:00:00
20140515,mature,2014-06-17 03:00:00,2014-06-17 09:00:00
20140515,decay,2014-06-17 12:00:00,2014-06-18 09:00:00
20140516,incipient,2014-06-16 03:00:00,2014-06-16 12:00:00
20140516,intensification,2014-06-16 15:00:00,2014-06-18 06:00:00
20140516,mature,2014-06-18 09:00:00,2014-06-19 00:00:00
20140516,decay,2014-06-19 03:00:00,2014-06-22 03:00:00
20140516,residual,2014-06-22 06:00:00,2014-06-24 15:00:00
20140525,intensification,2014-06-19 09:00:00,2014-06-19 21:00:00
20140525,decay,2014-06-20 00:00:00,2014-06-20 18:00:00
20140532,incipient,2014-06-20 18:00:00,2014-06-20 18:00:00
20140532,intensification,2014-06-20 21:00:00,2014-06-21 06:00:00
20140532,mature,2014-06-21 09:00:00,2014-06-21 12:00:00
20140532,decay,2014-06-21 15:00:00,2014-06-22 09:00:00
20140536,incipient,2014-06-21 18:00:00,2014-06-21 21:00:00
20140536,intensification,2014-06-22 00:00:00,2014-06-22 18:00:00
20140536,mature,2014-06-22 21:00:00,2014-06-23 06:00:00
20140536,decay,2014-06-23 09:00:00,2014-06-25 00:00:00
20140544,incipient,2014-06-24 15:00:00,2014-06-25 03:00:00
20140544,intensification,2014-06-25 06:00:00,2014-06-26 21:00:00
20140544,mature,2014-06-27 00:00:00,2014-06-27 09:00:00
20140544,decay,2014-06-27 12:00:00,2014-06-29 00:00:00
20140547,incipient,2014-06-25 00:00:00,2014-06-25 06:00:00
20140547,intensification,2014-06-25 09:00:00,2014-06-25 09:00:00
20140547,decay,2014-06-25 12:00:00,2014-06-26 03:00:00
20140547,intensification 2,2014-06-26 06:00:00,2014-06-26 12:00:00
20140547,decay 2,2014-06-26 15:00:00,2014-06-27 03:00:00
20140549,incipient,2014-06-26 03:00:00,2014-06-26 21:00:00
20140549,intensification,2014-06-27 00:00:00,2014-06-29 06:00:00
20140549,mature,2014-06-29 09:00:00,2014-06-30 09:00:00
20140549,decay,2014-06-30 12:00:00,2014-07-04 21:00:00
20140592,incipient,2014-07-08 15:00:00,2014-07-08 18:00:00
20140592,decay,2014-07-08 21:00:00,2014-07-09 00:00:00
20140592,intensification,2014-07-09 03:00:00,2014-07-09 06:00:00
20140592,decay 2,2014-07-09 09:00:00,2014-07-09 18:00:00
20140598,incipient,2014-07-11 00:00:00,2014-07-11 09:00:00
20140598,intensification,2014-07-11 12:00:00,2014-07-12 09:00:00
20140598,mature,2014-07-12 12:00:00,2014-07-12 18:00:00
20140598,decay,2014-07-12 21:00:00,2014-07-14 00:00:00
20140607,incipient,2014-07-12 12:00:00,2014-07-12 12:00:00
20140607,intensification,2014-07-12 15:00:00,2014-07-13 03:00:00
20140607,mature,2014-07-13 06:00:00,2014-07-13 09:00:00
20140607,decay,2014-07-13 12:00:00,2014-07-14 18:00:00
20140615,incipient,2014-07-14 09:00:00,2014-07-14 18:00:00
20140615,intensification,2014-07-14 21:00:00,2014-07-16 00:00:00
20140615,mature,2014-07-16 03:00:00,2014-07-16 12:00:00
20140615,decay,2014-07-16 15:00:00,2014-07-18 00:00:00
20140618,decay,2014-07-15 15:00:00,2014-07-16 09:00:00
20140618,intensification,2014-07-16 12:00:00,2014-07-16 15:00:00
20140618,decay 2,2014-07-16 18:00:00,2014-07-17 12:00:00
20140623,incipient,2014-07-17 06:00:00,2014-07-17 18:00:00
20140623,intensification,2014-07-17 21:00:00,2014-07-19 18:00:00
20140623,mature,2014-07-19 21:00:00,2014-07-20 15:00:00
20140623,decay,2014-07-20 18:00:00,2014-07-23 06:00:00
20140623,intensification 2,2014-07-23 09:00:00,2014-07-25 06:00:00
20140623,mature 2,2014-07-25 09:00:00,2014-07-26 00:00:00
20140623,decay 2,2014-07-26 03:00:00,2014-07-28 21:00:00
20140642,intensification,2014-07-22 18:00:00,2014-07-23 12:00:00
20140642,decay,2014-07-23 15:00:00,2014-07-23 21:00:00
20140648,incipient,2014-07-24 18:00:00,2014-07-24 21:00:00
20140648,intensification,2014-07-25 00:00:00,2014-07-25 09:00:00
20140648,mature,2014-07-25 12:00:00,2014-07-25 15:00:00
20140648,decay,2014-07-25 18:00:00,2014-07-27 00:00:00
20140651,incipient,2014-07-25 12:00:00,2014-07-26 06:00:00
20140651,intensification,2014-07-26 09:00:00,2014-07-28 15:00:00
20140651,mature,2014-07-28 18:00:00,2014-07-29 09:00:00
20140651,decay,2014-07-29 12:00:00,2014-07-31 21:00:00
20140668,incipient,2014-07-31 15:00:00,2014-07-31 21:00:00
20140668,intensification,2014-08-01 00:00:00,2014-08-01 12:00:00
20140668,mature,2014-08-01 15:00:00,2014-08-01 21:00:00
20140668,decay,2014-08-02 00:00:00,2014-08-02 21:00:00
20140678,intensification,2014-08-03 06:00:00,2014-08-03 15:00:00
20140678,mature,2014-08-03 18:00:00,2014-08-03 21:00:00
20140678,decay,2014-08-04 00:00:00,2014-08-05 00:00:00
20140686,incipient,2014-08-05 12:00:00,2014-08-05 12:00:00
20140686,intensification,2014-08-05 15:00:00,2014-08-06 06:00:00
20140686,mature,2014-08-06 09:00:00,2014-08-06 12:00:00
20140686,decay,2014-08-06 15:00:00,2014-08-08 03:00:00
20140692,incipient,2014-08-07 00:00:00,2014-08-07 06:00:00
20140692,intensification,2014-08-07 09:00:00,2014-08-08 12:00:00
20140692,mature,2014-08-08 15:00:00,2014-08-09 00:00:00
20140692,decay,2014-08-09 03:00:00,2014-08-10 21:00:00
20140706,incipient,2014-08-10 18:00:00,2014-08-11 09:00:00
20140706,intensification,2014-08-11 12:00:00,2014-08-13 03:00:00
20140706,mature,2014-08-13 06:00:00,2014-08-13 15:00:00
20140706,decay,2014-08-13 18:00:00,2014-08-15 03:00:00
20140710,incipient,2014-08-12 00:00:00,2014-08-12 06:00:00
20140710,intensification,2014-08-12 09:00:00,2014-08-13 06:00:00
20140710,mature,2014-08-13 09:00:00,2014-08-13 15:00:00
20140710,decay,2014-08-13 18:00:00,2014-08-15 00:00:00
20140711,intensification,2014-08-12 03:00:00,2014-08-12 21:00:00
20140711,decay,2014-08-13 00:00:00,2014-08-13 12:00:00
20140712,incipient,2014-08-12 06:00:00,2014-08-12 18:00:00
20140712,intensification,2014-08-12 21:00:00,2014-08-14 00:00:00
20140712,mature,2014-08-14 03:00:00,2014-08-14 09:00:00
20140712,decay,2014-08-14 12:00:00,2014-08-15 00:00:00
20140726,incipient,2014-08-16 00:00:00,2014-08-16 06:00:00
20140726,intensification,2014-08-16 09:00:00,2014-08-17 09:00:00
20140726,mature,2014-08-17 12:00:00,2014-08-17 18:00:00
20140726,decay,2014-08-17 21:00:00,2014-08-19 09:00:00
20140727,incipient,2014-08-16 06:00:00,2014-08-16 06:00:00
20140727,intensification,2014-08-16 09:00:00,2014-08-17 09:00:00
20140727,mature,2014-08-17 12:00:00,2014-08-17 18:00:00
20140727,decay,2014-08-17 21:00:00,2014-08-19 06:00:00
20140731,intensification,2014-08-17 12:00:00,2014-08-18 03:00:00
20140731,decay,2014-08-18 06:00:00,2014-08-20 03:00:00
20150005,incipient,2015-01-03 09:00:00,2015-01-03 21:00:00
20150005,intensification,2015-01-04 00:00:00,2015-01-06 00:00:00
20150005,mature,2015-01-06 03:00:00,2015-01-06 18:00:00
20150005,decay,2015-01-06 21:00:00,2015-01-09 06:00:00
20150005,intensification 2,2015-01-09 09:00:00,2015-01-11 06:00:00
20150005,mature 2,2015-01-11 09:00:00,2015-01-12 03:00:00
20150005,decay 2,2015-01-12 06:00:00,2015-01-16 06:00:00
20150010,intensification,2015-01-05 00:00:00,2015-01-07 21:00:00
20150010,mature,2015-01-08 00:00:00,2015-01-08 21:00:00
20150010,decay,2015-01-09 00:00:00,2015-01-13 00:00:00
20150010,intensification 2,2015-01-13 03:00:00,2015-01-14 15:00:00
20150010,mature 2,2015-01-14 18:00:00,2015-01-15 03:00:00
20150010,decay 2,2015-01-15 06:00:00,2015-01-17 09:00:00
20150015,incipient,2015-01-06 03:00:00,2015-01-07 00:00:00
20150015,intensification,2015-01-07 03:00:00,2015-01-09 03:00:00
20150015,mature,2015-01-09 06:00:00,2015-01-09 18:00:00
20150015,decay,2015-01-09 21:00:00,2015-01-10 21:00:00
20150015,residual,2015-01-11 00:00:00,2015-01-11 00:00:00
20150017,incipient,2015-01-08 00:00:00,2015-01-08 03:00:00
20150017,intensification,2015-01-08 06:00:00,2015-01-08 18:00:00
20150017,mature,2015-01-08 21:00:00,2015-01-09 00:00:00
20150017,decay,2015-01-09 03:00:00,2015-01-09 09:00:00
20150017,residual,2015-01-09 12:00:00,2015-01-09 21:00:00
20150020,intensification,2015-01-09 03:00:00,2015-01-09 15:00:00
20150020,decay,2015-01-09 18:00:00,2015-01-10 03:00:00
20150024,incipient,2015-01-10 06:00:00,2015-01-10 06:00:00
20150024,intensification,2015-01-10 09:00:00,2015-01-11 00:00:00
20150024,mature,2015-01-11 03:00:00,2015-01-11 06:00:00
20150024,decay,2015-01-11 09:00:00,2015-01-12 15:00:00
20150025,incipient,2015-01-10 09:00:00,2015-01-10 09:00:00
20150025,intensification,2015-01-10 12:00:00,2015-01-11 06:00:00
20150025,mature,2015-01-11 09:00:00,2015-01-11 15:00:00
20150025,decay,2015-01-11 18:00:00,2015-01-13 00:00:00
20150027,decay,2015-01-10 15:00:00,2015-01-11 12:00:00
20150027,intensification,2015-01-11 15:00:00,2015-01-11 18:00:00
20150027,decay 2,2015-01-11 21:00:00,2015-01-12 12:00:00
20150027,intensification 2,2015-01-12 15:00:00,2015-01-12 21:00:00
20150031,decay,2015-01-11 12:00:00,2015-01-12 09:00:00
20150031,intensification,2015-01-12 12:00:00,2015-01-13 00:00:00
20150031,decay 2,2015-01-13 03:00:00,2015-01-13 18:00:00
20150039,incipient,2015-01-13 15:00:00,2015-01-14 06:00:00
20150039,intensification,2015-01-14 09:00:00,2015-01-16 00:00:00
20150039,mature,2015-01-16 03:00:00,2015-01-16 15:00:00
20150039,decay,2015-01-16 18:00:00,2015-01-18 21:00:00
20150049,incipient,2015-01-18 09:00:00,2015-01-19 00:00:00
20150049,intensification,2015-01-19 03:00:00,2015-01-21 03:00:00
20150049,mature,2015-01-21 06:00:00,2015-01-22 03:00:00
20150049,decay,2015-01-22 06:00:00,2015-01-25 18:00:00
20150053,incipient,2015-01-20 12:00:00,2015-01-20 12:00:00
20150053,intensification,2015-01-20 15:00:00,2015-01-22 03:00:00
20150053,mature,2015-01-22 06:00:00,2015-01-22 12:00:00
20150053,decay,2015-01-22 15:00:00,2015-01-24 00:00:00
20150053,residual,2015-01-24 03:00:00,2015-01-25 15:00:00
20150059,incipient,2015-01-22 09:00:00,2015-01-24 00:00:00
20150059,decay,2015-01-24 03:00:00,2015-01-24 18:00:00
20150059,intensification,2015-01-24 21:00:00,2015-01-26 03:00:00
20150059,decay 2,2015-01-26 06:00:00,2015-01-26 21:00:00
20150069,incipient,2015-01-27 06:00:00,2015-01-27 12:00:00
20150069,intensification,2015-01-27 15:00:00,2015-01-28 12:00:00
20150069,mature,2015-01-28 15:00:00,2015-01-28 21:00:00
20150069,decay,2015-01-29 00:00:00,2015-01-29 21:00:00
20150075,intensification,2015-01-29 06:00:00,2015-01-30 03:00:00
20150081,intensification,2015-01-30 12:00:00,2015-01-31 00:00:00
20150081,decay,2015-01-31 03:00:00,2015-02-01 21:00:00
20150083,incipient,2015-01-31 15:00:00,2015-02-01 06:00:00
20150083,intensification,2015-02-01 09:00:00,2015-02-03 00:00:00
20150083,mature,2015-02-03 03:00:00,2015-02-03 15:00:00
20150083,decay,2015-02-03 18:00:00,2015-02-05 21:00:00
20150087,decay,2015-02-01 12:00:00,2015-02-01 15:00:00
20150087,intensification,2015-02-01 18:00:00,2015-02-02 00:00:00
20150087,decay 2,2015-02-02 03:00:00,2015-02-02 12:00:00
20150097,incipient,2015-02-05 03:00:00,2015-02-05 06:00:00
20150097,intensification,2015-02-05 09:00:00,2015-02-07 03:00:00
20150097,mature,2015-02-07 06:00:00,2015-02-08 03:00:00
20150097,decay,2015-02-08 06:00:00,2015-02-12 21:00:00
20150098,intensification,2015-02-05 18:00:00,2015-02-06 03:00:00
20150098,decay,2015-02-06 06:00:00,2015-02-06 18:00:00
20150100,incipient,2015-02-06 06:00:00,2015-02-06 18:00:00
20150100,intensification,2015-02-06 21:00:00,2015-02-08 18:00:00
20150100,mature,2015-02-08 21:00:00,2015-02-09 12:00:00
20150100,decay,2015-02-09 15:00:00,2015-02-12 21:00:00
20150108,incipient,2015-02-08 15:00:00,2015-02-10 03:00:00
20150108,intensification,2015-02-10 06:00:00,2015-02-11 18:00:00
20150108,mature,2015-02-11 21:00:00,2015-02-12 03:00:00
20150108,decay,2015-02-12 06:00:00,2015-02-13 00:00:00
20150111,intensification,2015-02-09 15:00:00,2015-02-10 09:00:00
20150111,decay,2015-02-10 12:00:00,2015-02-11 00:00:00
20150112,incipient,2015-02-10 06:00:00,2015-02-10 12:00:00
20150112,decay,2015-02-10 15:00:00,2015-02-10 21:00:00
20150112,intensification,2015-02-11 00:00:00,2015-02-11 00:00:00
20150112,decay 2,2015-02-11 03:00:00,2015-02-11 12:00:00
20150115,decay,2015-02-11 12:00:00,2015-02-11 18:00:00
20150115,intensification,2015-02-11 21:00:00,2015-02-12 09:00:00
20150115,decay 2,2015-02-12 12:00:00,2015-02-13 03:00:00
20150123,incipient,2015-02-14 18:00:00,2015-02-15 09:00:00
20150123,intensification,2015-02-15 12:00:00,2015-02-17 12:00:00
20150123,mature,2015-02-17 15:00:00,2015-02-18 06:00:00
20150123,decay,2015-02-18 09:00:00,2015-02-20 18:00:00
20150134,intensification,2015-02-18 00:00:00,2015-02-18 12:00:00
20150134,decay,2015-02-18 15:00:00,2015-02-19 00:00:00
20150135,incipient,2015-02-18 06:00:00,2015-02-20 06:00:00
20150135,intensification,2015-02-20 09:00:00,2015-02-22 12:00:00
20150135,mature,2015-02-22 15:00:00,2015-02-23 03:00:00
20150135,decay,2015-02-23 06:00:00,2015-02-24 18:00:00
20150140,incipient,2015-02-19 18:00:00,2015-02-19 21:00:00
20150140,decay,2015-02-20 00:00:00,2015-02-20 03:00:00
20150140,intensification,2015-02-20 06:00:00,2015-02-20 15:00:00
20150140,decay 2,2015-02-20 18:00:00,2015-02-21 00:00:00
20150149,incipient,2015-02-23 09:00:00,2015-02-23 18:00:00
20150149,intensification,2015-02-23 21:00:00,2015-02-24 21:00:00
20150149,mature,2015-02-25 00:00:00,2015-02-25 03:00:00
20150149,decay,2015-02-25 06:00:00,2015-02-25 12:00:00
20150153,intensification,2015-02-24 12:00:00,2015-02-25 21:00:00
20150165,intensification,2015-02-27 15:00:00,2015-03-01 00:00:00
20150165,residual,2015-03-01 03:00:00,2015-03-01 09:00:00
20150167,incipient,2015-02-27 18:00:00,2015-02-27 18:00:00
20150167,intensification,2015-02-27 21:00:00,2015-03-01 06:00:00
20150167,mature,2015-03-01 09:00:00,2015-03-02 00:00:00
20150167,decay,2015-03-02 03:00:00,2015-03-06 03:00:00
20150175,incipient,2015-03-02 15:00:00,2015-03-03 15:00:00
20150175,intensification,2015-03-03 18:00:00,2015-03-05 15:00:00
20150175,mature,2015-03-05 18:00:00,2015-03-06 06:00:00
20150175,decay,2015-03-06 09:00:00,2015-03-07 09:00:00
20150185,incipient,2015-03-05 12:00:00,2015-03-05 12:00:00
20150185,intensification,2015-03-05 15:00:00,2015-03-06 06:00:00
20150185,mature,2015-03-06 09:00:00,2015-03-06 12:00:00
20150185,decay,2015-03-06 15:00:00,2015-03-07 09:00:00
20150185,residual,2015-03-07 12:00:00,2015-03-08 18:00:00
20150187,incipient,2015-03-07 03:00:00,2015-03-08 06:00:00
20150187,intensification,2015-03-08 09:00:00,2015-03-11 00:00:00
20150187,mature,2015-03-11 03:00:00,2015-03-12 03:00:00
20150187,decay,2015-03-12 06:00:00,2015-03-15 15:00:00
20150187,residual,2015-03-15 18:00:00,2015-03-16 09:00:00
20150189,incipient,2015-03-07 15:00:00,2015-03-07 15:00:00
20150189,intensification,2015-03-07 18:00:00,2015-03-09 09:00:00
20150189,mature,2015-03-09 12:00:00,2015-03-09 21:00:00
20150189,decay,2015-03-10 00:00:00,2015-03-11 09:00:00
20150198,intensification,2015-03-11 09:00:00,2015-03-12 03:00:00
20150198,decay,2015-03-12 06:00:00,2015-03-12 21:00:00
20150206,incipient,2015-03-13 06:00:00,2015-03-13 18:00:00
20150206,intensification,2015-03-13 21:00:00,2015-03-15 09:00:00
20150206,mature,2015-03-15 12:00:00,2015-03-16 00:00:00
20150206,decay,2015-03-16 03:00:00,2015-03-18 00:00:00
20150212,incipient,2015-03-16 00:00:00,2015-03-16 03:00:00
20150212,decay,2015-03-16 06:00:00,2015-03-16 09:00:00
20150212,intensification,2015-03-16 12:00:00,2015-03-16 15:00:00
20150212,decay 2,2015-03-16 18:00:00,2015-03-17 00:00:00
20150213,intensification,2015-03-16 12:00:00,2015-03-17 12:00:00
20150213,mature,2015-03-17 15:00:00,2015-03-18 06:00:00
20150213,decay,2015-03-18 09:00:00,2015-03-21 18:00:00
20150218,intensification,2015-03-17 06:00:00,2015-03-18 00:00:00
20150218,mature,2015-03-18 03:00:00,2015-03-18 06:00:00
20150218,decay,2015-03-18 09:00:00,2015-03-19 00:00:00
20150218,intensification 2,2015-03-19 03:00:00,2015-03-19 12:00:00
20150218,mature 2,2015-03-19 15:00:00,2015-03-19 18:00:00
20150218,decay 2,2015-03-19 21:00:00,2015-03-21 00:00:00
20150222,intensification,2015-03-19 00:00:00,2015-03-19 15:00:00
20150222,decay,2015-03-19 18:00:00,2015-03-20 03:00:00
20150231,incipient,2015-03-22 00:00:00,2015-03-22 03:00:00
20150231,intensification,2015-03-22 06:00:00,2015-03-23 06:00:00
20150231,mature,2015-03-23 09:00:00,2015-03-23 15:00:00
20150231,decay,2015-03-23 18:00:00,2015-03-25 09:00:00
20150234,decay,2015-03-23 15:00:00,2015-03-24 06:00:00
20150234,intensification,2015-03-24 09:00:00,2015-03-27 06:00:00
20150234,mature,2015-03-27 09:00:00,2015-03-28 03:00:00
20150234,decay 2,2015-03-28 06:00:00,2015-03-31 06:00:00
20150252,incipient,2015-03-31 03:00:00,2015-03-31 03:00:00
20150252,intensification,2015-03-31 06:00:00,2015-04-01 03:00:00
20150252,mature,2015-04-01 06:00:00,2015-04-01 15:00:00
20150252,decay,2015-04-01 18:00:00,2015-04-03 18:00:00
20150260,incipient,2015-04-03 06:00:00,2015-04-03 18:00:00
20150260,intensification,2015-04-03 21:00:00,2015-04-05 06:00:00
20150260,mature,2015-04-05 09:00:00,2015-04-05 21:00:00
20150260,decay,2015-04-06 00:00:00,2015-04-08 12:00:00
20150266,incipient,2015-04-05 12:00:00,2015-04-06 15:00:00
20150266,intensification,2015-04-06 18:00:00,2015-04-09 12:00:00
20150266,mature,2015-04-09 15:00:00,2015-04-10 12:00:00
20150266,decay,2015-04-10 15:00:00,2015-04-13 09:00:00
20150272,decay,2015-04-07 15:00:00,2015-04-08 00:00:00
20150272,intensification,2015-04-08 03:00:00,2015-04-10 15:00:00
20150272,mature,2015-04-10 18:00:00,2015-04-11 06:00:00
20150272,decay 2,2015-04-11 09:00:00,2015-04-12 06:00:00
20150285,incipient,2015-04-12 09:00:00,2015-04-12 15:00:00
20150285,intensification,2015-04-12 18:00:00,2015-04-14 12:00:00
20150285,mature,2015-04-14 15:00:00,2015-04-15 00:00:00
20150285,decay,2015-04-15 03:00:00,2015-04-16 00:00:00
20150293,intensification,2015-04-14 09:00:00,2015-04-17 00:00:00
20150293,residual,2015-04-17 03:00:00,2015-04-17 18:00:00
20150306,incipient,2015-04-19 00:00:00,2015-04-19 06:00:00
20150306,intensification,2015-04-19 09:00:00,2015-04-20 15:00:00
20150306,mature,2015-04-20 18:00:00,2015-04-21 03:00:00
20150306,decay,2015-04-21 06:00:00,2015-04-23 00:00:00
20150325,intensification,2015-04-24 03:00:00,2015-04-24 15:00:00
20150325,decay,2015-04-24 18:00:00,2015-04-26 09:00:00
20150359,incipient,2015-05-02 00:00:00,2015-05-02 03:00:00
20150359,intensification,2015-05-02 06:00:00,2015-05-02 21:00:00
20150359,mature,2015-05-03 00:00:00,2015-05-03 06:00:00
20150359,decay,2015-05-03 09:00:00,2015-05-04 21:00:00
20150369,intensification,2015-05-04 12:00:00,2015-05-04 18:00:00
20150369,mature,2015-05-04 21:00:00,2015-05-05 00:00:00
20150369,decay,2015-05-05 03:00:00,2015-05-06 00:00:00
20150370,incipient,2015-05-04 15:00:00,2015-05-05 09:00:00
20150370,intensification,2015-05-05 12:00:00,2015-05-07 21:00:00
20150370,mature,2015-05-08 00:00:00,2015-05-08 15:00:00
20150370,decay,2015-05-08 18:00:00,2015-05-11 03:00:00
20150371,decay,2015-05-05 00:00:00,2015-05-08 00:00:00
20150373,intensification,2015-05-05 12:00:00,2015-05-07 09:00:00
20150377,incipient,2015-05-07 03:00:00,2015-05-07 18:00:00
20150377,intensification,2015-05-07 21:00:00,2015-05-09 12:00:00
20150377,mature,2015-05-09 15:00:00,2015-05-10 00:00:00
20150377,decay,2015-05-10 03:00:00,2015-05-11 18:00:00
20150391,incipient,2015-05-10 00:00:00,2015-05-10 15:00:00
20150391,intensification,2015-05-10 18:00:00,2015-05-12 09:00:00
20150391,mature,2015-05-12 12:00:00,2015-05-12 18:00:00
20150391,decay,2015-05-12 21:00:00,2015-05-13 15:00:00
20150403,intensification,2015-05-15 00:00:00,2015-05-15 03:00:00
20150403,decay,2015-05-15 06:00:00,2015-05-16 03:00:00
20150407,incipient,2015-05-16 18:00:00,2015-05-16 21:00:00
20150407,intensification,2015-05-17 00:00:00,2015-05-17 18:00:00
20150407,mature,2015-05-17 21:00:00,2015-05-18 03:00:00
20150407,decay,2015-05-18 06:00:00,2015-05-19 09:00:00
20150436,incipient,2015-05-25 06:00:00,2015-05-26 00:00:00
20150436,intensification,2015-05-26 03:00:00,2015-05-27 18:00:00
20150436,mature,2015-05-27 21:00:00,2015-05-28 06:00:00
20150436,decay,2015-05-28 09:00:00,2015-05-29 21:00:00
20150441,incipient,2015-05-27 09:00:00,2015-05-27 21:00:00
20150441,intensification,2015-05-28 00:00:00,2015-05-28 21:00:00
20150441,mature,2015-05-29 00:00:00,2015-05-29 03:00:00
20150441,decay,2015-05-29 06:00:00,2015-05-29 18:00:00
20150445,incipient,2015-05-29 00:00:00,2015-05-29 06:00:00
20150445,intensification,2015-05-29 09:00:00,2015-05-29 21:00:00
20150445,mature,2015-05-30 00:00:00,2015-05-30 03:00:00
20150445,decay,2015-05-30 06:00:00,2015-05-30 06:00:00
20150448,intensification,2015-05-30 00:00:00,2015-05-30 09:00:00
20150448,decay,2015-05-30 12:00:00,2015-05-31 09:00:00
20150451,incipient,2015-05-31 03:00:00,2015-05-31 03:00:00
20150451,intensification,2015-05-31 06:00:00,2015-05-31 21:00:00
20150451,mature,2015-06-01 00:00:00,2015-06-01 03:00:00
20150451,decay,2015-06-01 06:00:00,2015-06-02 12:00:00
20150458,incipient,2015-06-02 18:00:00,2015-06-03 12:00:00
20150458,intensification,2015-06-03 15:00:00,2015-06-05 15:00:00
20150458,mature,2015-06-05 18:00:00,2015-06-06 09:00:00
20150458,decay,2015-06-06 12:00:00,2015-06-08 15:00:00
20150468,incipient,2015-06-05 15:00:00,2015-06-05 21:00:00
20150468,intensification,2015-06-06 00:00:00,2015-06-07 09:00:00
20150468,mature,2015-06-07 12:00:00,2015-06-08 00:00:00
20150468,decay,2015-06-08 03:00:00,2015-06-10 00:00:00
20150482,incipient,2015-06-10 06:00:00,2015-06-10 15:00:00
20150482,intensification,2015-06-10 18:00:00,2015-06-12 03:00:00
20150482,mature,2015-06-12 06:00:00,2015-06-12 12:00:00
20150482,decay,2015-06-12 15:00:00,2015-06-13 03:00:00
20150483,intensification,2015-06-11 00:00:00,2015-06-12 21:00:00
20150483,residual,2015-06-13 00:00:00,2015-06-13 09:00:00
20150491,incipient,2015-06-13 03:00:00,2015-06-13 09:00:00
20150491,intensification,2015-06-13 12:00:00,2015-06-16 00:00:00
20150491,mature,2015-06-16 03:00:00,2015-06-16 12:00:00
20150491,decay,2015-06-16 15:00:00,2015-06-16 21:00:00
20150496,incipient,2015-06-14 00:00:00,2015-06-14 06:00:00
20150496,decay,2015-06-14 09:00:00,2015-06-14 21:00:00
20150496,intensification,2015-06-15 00:00:00,2015-06-15 03:00:00
20150499,incipient,2015-06-14 15:00:00,2015-06-15 00:00:00
20150499,intensification,2015-06-15 03:00:00,2015-06-16 06:00:00
20150499,mature,2015-06-16 09:00:00,2015-06-16 15:00:00
20150499,decay,2015-06-16 18:00:00,2015-06-17 12:00:00
20150515,incipient,2015-06-18 12:00:00,2015-06-18 15:00:00
20150515,intensification,2015-06-18 18:00:00,2015-06-19 06:00:00
20150515,mature,2015-06-19 09:00:00,2015-06-19 12:00:00
20150515,decay,2015-06-19 15:00:00,2015-06-20 00:00:00
20150528,incipient,2015-06-22 09:00:00,2015-06-22 15:00:00
20150528,intensification,2015-06-22 18:00:00,2015-06-23 09:00:00
20150528,mature,2015-06-23 12:00:00,2015-06-23 15:00:00
20150528,decay,2015-06-23 18:00:00,2015-06-24 09:00:00
20150532,incipient,2015-06-23 12:00:00,2015-06-23 15:00:00
20150532,intensification,2015-06-23 18:00:00,2015-06-25 00:00:00
20150532,mature,2015-06-25 03:00:00,2015-06-25 12:00:00
20150532,decay,2015-06-25 15:00:00,2015-06-27 21:00:00
20150537,incipient,2015-06-25 06:00:00,2015-06-25 09:00:00
20150537,intensification,2015-06-25 12:00:00,2015-06-25 21:00:00
20150537,mature,2015-06-26 00:00:00,2015-06-26 03:00:00
20150537,decay,2015-06-26 06:00:00,2015-06-27 03:00:00
20150539,decay,2015-06-26 00:00:00,2015-06-27 00:00:00
20150539,intensification,2015-06-27 03:00:00,2015-06-27 03:00:00
20150539,decay 2,2015-06-27 06:00:00,2015-06-27 09:00:00
20150541,intensification,2015-06-26 12:00:00,2015-06-29 09:00:00
20150541,residual,2015-06-29 12:00:00,2015-06-30 00:00:00
20150544,incipient,2015-06-28 12:00:00,2015-06-28 15:00:00
20150544,decay,2015-06-28 18:00:00,2015-06-29 06:00:00
20150544,intensification,2015-06-29 09:00:00,2015-06-29 21:00:00
20150546,incipient,2015-06-28 12:00:00,2015-06-28 18:00:00
20150546,intensification,2015-06-28 21:00:00,2015-06-29 12:00:00
20150546,mature,2015-06-29 15:00:00,2015-06-29 18:00:00
20150546,decay,2015-06-29 21:00:00,2015-06-30 09:00:00
20150550,intensification,2015-06-30 12:00:00,2015-07-01 06:00:00
20150550,decay,2015-07-01 09:00:00,2015-07-01 12:00:00
20150553,incipient,2015-07-01 03:00:00,2015-07-01 09:00:00
20150553,decay,2015-07-01 12:00:00,2015-07-02 15:00:00
20150553,intensification,2015-07-02 18:00:00,2015-07-07 00:00:00
20150553,mature,2015-07-07 03:00:00,2015-07-07 21:00:00
20150553,decay 2,2015-07-08 00:00:00,2015-07-09 09:00:00
20150560,intensification,2015-07-02 12:00:00,2015-07-03 03:00:00
20150560,decay,2015-07-03 06:00:00,2015-07-03 12:00:00
20150560,residual,2015-07-03 15:00:00,2015-07-03 15:00:00
20150561,incipient,2015-07-03 12:00:00,2015-07-03 15:00:00
20150561,intensification,2015-07-03 18:00:00,2015-07-05 00:00:00
20150561,mature,2015-07-05 03:00:00,2015-07-05 18:00:00
20150561,decay,2015-07-05 21:00:00,2015-07-09 09:00:00
20150566,incipient,2015-07-05 00:00:00,2015-07-05 00:00:00
20150566,intensification,2015-07-05 03:00:00,2015-07-06 00:00:00
20150566,mature,2015-07-06 03:00:00,2015-07-06 09:00:00
20150566,decay,2015-07-06 12:00:00,2015-07-07 15:00:00
20150566,residual,2015-07-07 18:00:00,2015-07-09 12:00:00
20150594,incipient,2015-07-11 09:00:00,2015-07-11 09:00:00
20150594,intensification,2015-07-11 12:00:00,2015-07-11 18:00:00
20150594,mature,2015-07-11 21:00:00,2015-07-12 00:00:00
20150594,decay,2015-07-12 03:00:00,2015-07-13 00:00:00
20150604,decay,2015-07-14 03:00:00,2015-07-15 09:00:00
20150608,incipient,2015-07-15 06:00:00,2015-07-15 12:00:00
20150608,intensification,2015-07-15 15:00:00,2015-07-17 18:00:00
20150608,mature,2015-07-17 21:00:00,2015-07-18 18:00:00
20150608,decay,2015-07-18 21:00:00,2015-07-22 12:00:00
20150614,incipient,2015-07-16 18:00:00,2015-07-17 00:00:00
20150614,intensification,2015-07-17 03:00:00,2015-07-18 09:00:00
20150614,mature,2015-07-18 12:00:00,2015-07-18 21:00:00
20150614,decay,2015-07-19 00:00:00,2015-07-20 15:00:00
20150628,incipient,2015-07-21 00:00:00,2015-07-21 03:00:00
20150628,intensification,2015-07-21 06:00:00,2015-07-22 12:00:00
20150628,mature,2015-07-22 15:00:00,2015-07-23 03:00:00
20150628,decay,2015-07-23 06:00:00,2015-07-26 15:00:00
20150629,incipient,2015-07-21 03:00:00,2015-07-21 03:00:00
20150629,intensification,2015-07-21 06:00:00,2015-07-21 15:00:00
20150629,mature,2015-07-21 18:00:00,2015-07-21 21:00:00
20150629,decay,2015-07-22 00:00:00,2015-07-22 18:00:00
20150637,incipient,2015-07-23 03:00:00,2015-07-23 18:00:00
20150637,intensification,2015-07-23 21:00:00,2015-07-25 09:00:00
20150637,mature,2015-07-25 12:00:00,2015-07-25 21:00:00
20150637,decay,2015-07-26 00:00:00,2015-07-27 12:00:00
20150638,incipient,2015-07-23 06:00:00,2015-07-23 18:00:00
20150638,intensification,2015-07-23 21:00:00,2015-07-25 18:00:00
20150638,mature,2015-07-25 21:00:00,2015-07-26 18:00:00
20150638,decay,2015-07-26 21:00:00,2015-07-31 03:00:00
20150646,incipient,2015-07-26 15:00:00,2015-07-27 18:00:00
20150646,intensification,2015-07-27 21:00:00,2015-07-30 03:00:00
20150646,mature,2015-07-30 06:00:00,2015-07-30 12:00:00
20150646,decay,2015-07-30 15:00:00,2015-07-31 21:00:00
20150650,incipient,2015-07-28 06:00:00,2015-07-28 12:00:00
20150650,intensification,2015-07-28 15:00:00,2015-07-29 12:00:00
20150650,mature,2015-07-29 15:00:00,2015-07-29 18:00:00
20150650,decay,2015-07-29 21:00:00,2015-07-30 06:00:00
20150655,incipient,2015-07-29 06:00:00,2015-07-29 09:00:00
20150655,intensification,2015-07-29 12:00:00,2015-07-30 00:00:00
20150655,mature,2015-07-30 03:00:00,2015-07-30 06:00:00
20150655,decay,2015-07-30 09:00:00,2015-07-30 15:00:00
20150656,incipient,2015-07-29 18:00:00,2015-07-29 21:00:00
20150656,intensification,2015-07-30 00:00:00,2015-07-31 09:00:00
20150656,mature,2015-07-31 12:00:00,2015-08-01 00:00:00
20150656,decay,2015-08-01 03:00:00,2015-08-02 21:00:00
20150656,residual,2015-08-03 00:00:00,2015-08-05 09:00:00
20150667,incipient,2015-08-02 00:00:00,2015-08-02 09:00:00
20150667,intensification,2015-08-02 12:00:00,2015-08-02 12:00:00
20150667,decay,2015-08-02 15:00:00,2015-08-03 09:00:00
20150667,intensification 2,2015-08-03 12:00:00,2015-08-04 06:00:00
20150667,residual,2015-08-04 09:00:00,2015-08-04 09:00:00
20150669,incipient,2015-08-02 18:00:00,2015-08-03 00:00:00
20150669,intensification,2015-08-03 03:00:00,2015-08-03 03:00:00
20150669,decay,2015-08-03 06:00:00,2015-08-03 15:00:00
20150669,intensification 2,2015-08-03 18:00:00,2015-08-03 18:00:00
20150669,decay 2,2015-08-03 21:00:00,2015-08-04 09:00:00
20150680,incipient,2015-08-05 12:00:00,2015-08-05 18:00:00
20150680,intensification,2015-08-05 21:00:00,2015-08-05 21:00:00
20150680,decay,2015-08-06 00:00:00,2015-08-06 15:00:00
20150680,intensification 2,2015-08-06 18:00:00,2015-08-06 18:00:00
20150680,decay 2,2015-08-06 21:00:00,2015-08-07 09:00:00
20150682,incipient,2015-08-06 00:00:00,2015-08-06 12:00:00
20150682,intensification,2015-08-06 15:00:00,2015-08-08 12:00:00
20150682,mature,2015-08-08 15:00:00,2015-08-09 09:00:00
20150682,decay,2015-08-09 12:00:00,2015-08-12 00:00:00
20150699,incipient,2015-08-10 00:00:00,2015-08-11 06:00:00
20150699,intensification,2015-08-11 09:00:00,2015-08-13 15:00:00
20150699,mature,2015-08-13 18:00:00,2015-08-14 12:00:00
20150699,decay,2015-08-14 15:00:00,2015-08-16 15:00:00
20150700,incipient,2015-08-11 09:00:00,2015-08-11 21:00:00
20150700,intensification,2015-08-12 00:00:00,2015-08-14 15:00:00
20150700,mature,2015-08-14 18:00:00,2015-08-15 09:00:00
20150700,decay,2015-08-15 12:00:00,2015-08-17 03:00:00
20150717,incipient,2015-08-17 00:00:00,2015-08-17 06:00:00
20150717,intensification,2015-08-17 09:00:00,2015-08-20 00:00:00
20150717,mature,2015-08-20 03:00:00,2015-08-20 06:00:00
20150717,decay,2015-08-20 09:00:00,2015-08-21 00:00:00
20150719,intensification,2015-08-17 06:00:00,2015-08-17 15:00:00
20150719,decay,2015-08-17 18:00:00,2015-08-18 15:00:00
20150746,incipient,2015-08-22 09:00:00,2015-08-22 09:00:00
20150746,intensification,2015-08-22 12:00:00,2015-08-23 06:00:00
20150746,mature,2015-08-23 09:00:00,2015-08-23 15:00:00
20150746,decay,2015-08-23 18:00:00,2015-08-25 03:00:00
20150751,intensification,2015-08-24 09:00:00,2015-08-25 00:00:00
20150751,decay,2015-08-25 03:00:00,2015-08-26 15:00:00
20160006,incipient,2016-01-02 03:00:00,2016-01-02 03:00:00
20160006,intensification,2016-01-02 06:00:00,2016-01-03 00:00:00
20160006,mature,2016-01-03 03:00:00,2016-01-03 06:00:00
20160006,decay,2016-01-03 09:00:00,2016-01-03 12:00:00
20160006,residual,2016-01-03 15:00:00,2016-01-05 09:00:00
20160012,incipient,2016-01-04 00:00:00,2016-01-04 12:00:00
20160012,intensification,2016-01-04 15:00:00,2016-01-04 18:00:00
20160012,decay,2016-01-04 21:00:00,2016-01-05 06:00:00
20160012,intensification 2,2016-01-05 09:00:00,2016-01-05 12:00:00
20160030,incipient,2016-01-08 12:00:00,2016-01-08 21:00:00
20160030,intensification,2016-01-09 00:00:00,2016-01-10 12:00:00
20160030,mature,2016-01-10 15:00:00,2016-01-11 06:00:00
20160030,decay,2016-01-11 09:00:00,2016-01-14 18:00:00
20160037,incipient,2016-01-11 09:00:00,2016-01-11 09:00:00
20160037,decay,2016-01-11 12:00:00,2016-01-12 15:00:00
20160037,intensification,2016-01-12 18:00:00,2016-01-15 15:00:00
20160037,mature,2016-01-15 18:00:00,2016-01-16 21:00:00
20160037,decay 2,2016-01-17 00:00:00,2016-01-22 03:00:00
20160048,intensification,2016-01-16 03:00:00,2016-01-16 12:00:00
20160048,mature,2016-01-16 15:00:00,2016-01-16 21:00:00
20160048,decay,2016-01-17 00:00:00,2016-01-19 00:00:00
20160051,incipient,2016-01-16 09:00:00,2016-01-16 21:00:00
20160051,intensification,2016-01-17 00:00:00,2016-01-18 21:00:00
20160051,mature,2016-01-19 00:00:00,2016-01-19 09:00:00
20160051,decay,2016-01-19 12:00:00,2016-01-20 21:00:00
20160068,intensification,2016-01-24 15:00:00,2016-01-25 18:00:00
20160068,mature,2016-01-25 21:00:00,2016-01-26 03:00:00
20160068,decay,2016-01-26 06:00:00,2016-01-27 03:00:00
20160075,intensification,2016-01-27 15:00:00,2016-01-28 06:00:00
20160075,mature,2016-01-28 09:00:00,2016-01-28 12:00:00
20160075,decay,2016-01-28 15:00:00,2016-01-30 00:00:00
20160080,incipient,2016-01-29 12:00:00,2016-01-29 15:00:00
20160080,intensification,2016-01-29 18:00:00,2016-01-30 09:00:00
20160080,mature,2016-01-30 12:00:00,2016-01-30 18:00:00
20160080,decay,2016-01-30 21:00:00,2016-01-31 21:00:00
20160093,intensification,2016-02-03 00:00:00,2016-02-04 03:00:00
20160093,mature,2016-02-04 06:00:00,2016-02-04 18:00:00
20160093,decay,2016-02-04 21:00:00,2016-02-08 00:00:00
20160093,residual,2016-02-08 03:00:00,2016-02-08 06:00:00
20160102,incipient,2016-02-07 06:00:00,2016-02-07 09:00:00
20160102,intensification,2016-02-07 12:00:00,2016-02-08 06:00:00
20160102,mature,2016-02-08 09:00:00,2016-02-08 15:00:00
20160102,decay,2016-02-08 18:00:00,2016-02-09 12:00:00
20160102,residual,2016-02-09 15:00:00,2016-02-10 06:00:00
20160104,incipient,2016-02-08 18:00:00,2016-02-09 03:00:00
20160104,intensification,2016-02-09 06:00:00,2016-02-10 21:00:00
20160104,mature,2016-02-11 00:00:00,2016-02-11 15:00:00
20160104,decay,2016-02-11 18:00:00,2016-02-14 21:00:00
20160127,incipient,2016-02-14 09:00:00,2016-02-14 18:00:00
20160127,intensification,2016-02-14 21:00:00,2016-02-16 21:00:00
20160127,mature,2016-02-17 00:00:00,2016-02-18 00:00:00
20160127,decay,2016-02-18 03:00:00,2016-02-22 09:00:00
20160132,incipient,2016-02-15 12:00:00,2016-02-16 06:00:00
20160132,intensification,2016-02-16 09:00:00,2016-02-18 09:00:00
20160132,mature,2016-02-18 12:00:00,2016-02-19 03:00:00
20160132,decay,2016-02-19 06:00:00,2016-02-20 21:00:00
20160135,incipient,2016-02-17 00:00:00,2016-02-17 12:00:00
20160135,decay,2016-02-17 15:00:00,2016-02-18 00:00:00
20160135,intensification,2016-02-18 03:00:00,2016-02-18 09:00:00
20160135,decay 2,2016-02-18 12:00:00,2016-02-19 03:00:00
20160139,incipient,2016-02-18 15:00:00,2016-02-18 21:00:00
20160139,intensification,2016-02-19 00:00:00,2016-02-20 09:00:00
20160139,mature,2016-02-20 12:00:00,2016-02-20 21:00:00
20160139,decay,2016-02-21 00:00:00,2016-02-21 21:00:00
20160145,incipient,2016-02-21 00:00:00,2016-02-21 18:00:00
20160145,intensification,2016-02-21 21:00:00,2016-02-23 15:00:00
20160145,mature,2016-02-23 18:00:00,2016-02-24 03:00:00
20160145,decay,2016-02-24 06:00:00,2016-02-24 21:00:00
20160161,incipient,2016-02-25 18:00:00,2016-02-26 03:00:00
20160161,intensification,2016-02-26 06:00:00,2016-02-27 12:00:00
20160161,mature,2016-02-27 15:00:00,2016-02-28 09:00:00
20160161,decay,2016-02-28 12:00:00,2016-03-03 00:00:00
20160162,incipient,2016-02-26 12:00:00,2016-02-26 18:00:00
20160162,intensification,2016-02-26 21:00:00,2016-02-28 09:00:00
20160162,mature,2016-02-28 12:00:00,2016-02-28 21:00:00
20160162,decay,2016-02-29 00:00:00,2016-03-01 00:00:00
20160162,intensification 2,2016-03-01 03:00:00,2016-03-01 21:00:00
20160162,mature 2,2016-03-02 00:00:00,2016-03-02 09:00:00
20160162,decay 2,2016-03-02 12:00:00,2016-03-04 06:00:00
20160168,intensification,2016-02-28 12:00:00,2016-02-28 18:00:00
20160168,decay,2016-02-28 21:00:00,2016-02-29 18:00:00
20160176,incipient,2016-03-01 12:00:00,2016-03-02 06:00:00
20160176,intensification,2016-03-02 09:00:00,2016-03-04 18:00:00
20160176,mature,2016-03-04 21:00:00,2016-03-05 09:00:00
20160176,decay,2016-03-05 12:00:00,2016-03-06 15:00:00
20160176,intensification 2,2016-03-06 18:00:00,2016-03-08 00:00:00
20160176,mature 2,2016-03-08 03:00:00,2016-03-08 21:00:00
20160176,decay 2,2016-03-09 00:00:00,2016-03-13 09:00:00
20160186,incipient,2016-03-04 09:00:00,2016-03-04 18:00:00
20160186,intensification,2016-03-04 21:00:00,2016-03-06 12:00:00
20160186,mature,2016-03-06 15:00:00,2016-03-06 21:00:00
20160186,decay,2016-03-07 00:00:00,2016-03-10 09:00:00
20160195,incipient,2016-03-08 03:00:00,2016-03-08 09:00:00
20160195,intensification,2016-03-08 12:00:00,2016-03-08 15:00:00
20160195,decay,2016-03-08 18:00:00,2016-03-09 00:00:00
20160195,intensification 2,2016-03-09 03:00:00,2016-03-09 12:00:00
20160199,incipient,2016-03-10 06:00:00,2016-03-10 09:00:00
20160199,intensification,2016-03-10 12:00:00,2016-03-11 06:00:00
20160199,mature,2016-03-11 09:00:00,2016-03-11 15:00:00
20160199,decay,2016-03-11 18:00:00,2016-03-12 18:00:00
20160232,incipient,2016-03-20 09:00:00,2016-03-20 21:00:00
20160232,intensification,2016-03-21 00:00:00,2016-03-22 03:00:00
20160232,mature,2016-03-22 06:00:00,2016-03-22 12:00:00
20160232,decay,2016-03-22 15:00:00,2016-03-23 03:00:00
20160248,intensification,2016-03-23 09:00:00,2016-03-23 15:00:00
20160248,decay,2016-03-23 18:00:00,2016-03-24 09:00:00
20160253,incipient,2016-03-24 12:00:00,2016-03-24 12:00:00
20160253,intensification,2016-03-24 15:00:00,2016-03-28 09:00:00
20160253,mature,2016-03-28 12:00:00,2016-03-29 03:00:00
20160253,decay,2016-03-29 06:00:00,2016-03-30 03:00:00
20160268,incipient,2016-03-31 00:00:00,2016-03-31 12:00:00
20160268,decay,2016-03-31 15:00:00,2016-03-31 15:00:00
20160268,intensification,2016-03-31 18:00:00,2016-04-01 00:00:00
20160268,decay 2,2016-04-01 03:00:00,2016-04-01 15:00:00
20160281,decay,2016-04-02 06:00:00,2016-04-02 09:00:00
20160281,intensification,2016-04-02 12:00:00,2016-04-02 18:00:00
20160281,decay 2,2016-04-02 21:00:00,2016-04-03 06:00:00
20160281,intensification 2,2016-04-03 09:00:00,2016-04-03 21:00:00
20160288,incipient,2016-04-04 03:00:00,2016-04-04 21:00:00
20160288,intensification,2016-04-05 00:00:00,2016-04-07 03:00:00
20160288,mature,2016-04-07 06:00:00,2016-04-08 00:00:00
20160288,decay,2016-04-08 03:00:00,2016-04-11 06:00:00
20160293,incipient,2016-04-06 09:00:00,2016-04-06 12:00:00
20160293,decay,2016-04-06 15:00:00,2016-04-06 21:00:00
20160293,intensification,2016-04-07 00:00:00,2016-04-07 00:00:00
20160293,decay 2,2016-04-07 03:00:00,2016-04-07 09:00:00
20160314,intensification,2016-04-13 00:00:00,2016-04-13 09:00:00
20160314,mature,2016-04-13 12:00:00,2016-04-13 15:00:00
20160314,decay,2016-04-13 18:00:00,2016-04-14 12:00:00
20160314,residual,2016-04-14 15:00:00,2016-04-15 06:00:00
20160315,incipient,2016-04-13 12:00:00,2016-04-13 15:00:00
20160315,intensification,2016-04-13 18:00:00,2016-04-15 18:00:00
20160315,mature,2016-04-15 21:00:00,2016-04-16 06:00:00
20160315,decay,2016-04-16 09:00:00,2016-04-17 15:00:00
20160317,incipient,2016-04-15 12:00:00,2016-04-16 00:00:00
20160317,intensification,2016-04-16 03:00:00,2016-04-17 18:00:00
20160317,mature,2016-04-17 21:00:00,2016-04-18 09:00:00
20160317,decay,2016-04-18 12:00:00,2016-04-20 12:00:00
20160330,incipient,2016-04-19 03:00:00,2016-04-19 15:00:00
20160330,intensification,2016-04-19 18:00:00,2016-04-20 21:00:00
20160330,mature,2016-04-21 00:00:00,2016-04-21 09:00:00
20160330,decay,2016-04-21 12:00:00,2016-04-23 03:00:00
20160336,incipient,2016-04-20 15:00:00,2016-04-20 21:00:00
20160336,intensification,2016-04-21 00:00:00,2016-04-22 09:00:00
20160336,mature,2016-04-22 12:00:00,2016-04-23 00:00:00
20160336,decay,2016-04-23 03:00:00,2016-04-25 03:00:00
20160336,residual,2016-04-25 06:00:00,2016-04-27 15:00:00
20160337,incipient,2016-04-21 15:00:00,2016-04-22 03:00:00
20160337,intensification,2016-04-22 06:00:00,2016-04-24 00:00:00
20160337,mature,2016-04-24 03:00:00,2016-04-25 03:00:00
20160337,decay,2016-04-25 06:00:00,2016-04-30 09:00:00
20160337,residual,2016-04-30 12:00:00,2016-04-30 21:00:00
20160340,incipient,2016-04-23 03:00:00,2016-04-23 09:00:00
20160340,intensification,2016-04-23 12:00:00,2016-04-23 12:00:00
20160340,decay,2016-04-23 15:00:00,2016-04-23 18:00:00
20160340,intensification 2,2016-04-23 21:00:00,2016-04-24 03:00:00
20160343,incipient,2016-04-23 12:00:00,2016-04-23 18:00:00
20160343,intensification,2016-04-23 21:00:00,2016-04-23 21:00:00
20160343,decay,2016-04-24 00:00:00,2016-04-24 06:00:00
20160343,intensification 2,2016-04-24 09:00:00,2016-04-24 15:00:00
20160344,intensification,2016-04-23 18:00:00,2016-04-24 09:00:00
20160344,decay,2016-04-24 12:00:00,2016-04-24 21:00:00
20160348,decay,2016-04-25 18:00:00,2016-04-27 06:00:00
20160348,intensification,2016-04-27 09:00:00,2016-04-30 21:00:00
20160365,intensification,2016-04-30 00:00:00,2016-05-02 12:00:00
20160368,intensification,2016-05-01 00:00:00,2016-05-01 09:00:00
20160368,decay,2016-05-01 12:00:00,2016-05-02 00:00:00
20160380,intensification,2016-05-03 12:00:00,2016-05-05 00:00:00
20160395,incipient,2016-05-08 09:00:00,2016-05-08 18:00:00
20160395,intensification,2016-05-08 21:00:00,2016-05-08 21:00:00
20160395,decay,2016-05-09 00:00:00,2016-05-09 12:00:00
20160395,intensification 2,2016-05-09 15:00:00,2016-05-10 09:00:00
20160404,incipient,2016-05-10 12:00:00,2016-05-10 21:00:00
20160404,intensification,2016-05-11 00:00:00,2016-05-12 15:00:00
20160404,mature,2016-05-12 18:00:00,2016-05-13 06:00:00
20160404,decay,2016-05-13 09:00:00,2016-05-15 18:00:00
20160411,incipient,2016-05-12 18:00:00,2016-05-13 00:00:00
20160411,intensification,2016-05-13 03:00:00,2016-05-13 12:00:00
20160411,mature,2016-05-13 15:00:00,2016-05-13 18:00:00
20160411,decay,2016-05-13 21:00:00,2016-05-13 21:00:00
20160414,incipient,2016-05-15 03:00:00,2016-05-15 06:00:00
20160414,intensification,2016-05-15 09:00:00,2016-05-17 00:00:00
20160414,mature,2016-05-17 03:00:00,2016-05-17 18:00:00
20160414,decay,2016-05-17 21:00:00,2016-05-21 03:00:00
20160429,decay,2016-05-19 15:00:00,2016-05-19 18:00:00
20160429,intensification,2016-05-19 21:00:00,2016-05-20 00:00:00
20160429,decay 2,2016-05-20 03:00:00,2016-05-20 18:00:00
20160443,incipient,2016-05-24 03:00:00,2016-05-24 06:00:00
20160443,intensification,2016-05-24 09:00:00,2016-05-24 21:00:00
20160443,mature,2016-05-25 00:00:00,2016-05-25 03:00:00
20160443,decay,2016-05-25 06:00:00,2016-05-26 09:00:00
20160453,incipient,2016-05-26 03:00:00,2016-05-27 15:00:00
20160453,intensification,2016-05-27 18:00:00,2016-05-30 18:00:00
20160453,mature,2016-05-30 21:00:00,2016-05-31 15:00:00
20160453,decay,2016-05-31 18:00:00,2016-06-01 12:00:00
20160465,decay,2016-05-30 12:00:00,2016-05-30 15:00:00
20160465,intensification,2016-05-30 18:00:00,2016-05-31 21:00:00
20160486,incipient,2016-06-05 00:00:00,2016-06-06 00:00:00
20160486,intensification,2016-06-06 03:00:00,2016-06-08 09:00:00
20160486,mature,2016-06-08 12:00:00,2016-06-09 03:00:00
20160486,decay,2016-06-09 06:00:00,2016-06-11 03:00:00
20160487,incipient,2016-06-06 00:00:00,2016-06-06 09:00:00
20160487,intensification,2016-06-06 12:00:00,2016-06-08 09:00:00
20160487,mature,2016-06-08 12:00:00,2016-06-09 00:00:00
20160487,decay,2016-06-09 03:00:00,2016-06-11 06:00:00
20160487,residual,2016-06-11 09:00:00,2016-06-13 12:00:00
20160490,incipient,2016-06-06 09:00:00,2016-06-06 15:00:00
20160490,intensification,2016-06-06 18:00:00,2016-06-07 12:00:00
20160490,mature,2016-06-07 15:00:00,2016-06-07 18:00:00
20160490,decay,2016-06-07 21:00:00,2016-06-08 09:00:00
20160498,incipient,2016-06-08 06:00:00,2016-06-08 09:00:00
20160498,intensification,2016-06-08 12:00:00,2016-06-09 09:00:00
20160498,mature,2016-06-09 12:00:00,2016-06-09 21:00:00
20160498,decay,2016-06-10 00:00:00,2016-06-11 15:00:00
20160516,intensification,2016-06-13 12:00:00,2016-06-13 18:00:00
20160516,mature,2016-06-13 21:00:00,2016-06-14 00:00:00
20160516,decay,2016-06-14 03:00:00,2016-06-14 21:00:00
20160523,incipient,2016-06-15 15:00:00,2016-06-16 09:00:00
20160523,intensification,2016-06-16 12:00:00,2016-06-19 00:00:00
20160523,mature,2016-06-19 03:00:00,2016-06-20 06:00:00
20160523,decay,2016-06-20 09:00:00,2016-06-25 12:00:00
20160527,incipient,2016-06-17 12:00:00,2016-06-17 18:00:00
20160527,intensification,2016-06-17 21:00:00,2016-06-19 03:00:00
20160527,mature,2016-06-19 06:00:00,2016-06-19 18:00:00
20160527,decay,2016-06-19 21:00:00,2016-06-22 06:00:00
20160539,incipient,2016-06-20 12:00:00,2016-06-20 15:00:00
20160539,intensification,2016-06-20 18:00:00,2016-06-21 06:00:00
20160539,mature,2016-06-21 09:00:00,2016-06-21 12:00:00
20160539,decay,2016-06-21 15:00:00,2016-06-22 09:00:00
20160546,incipient,2016-06-23 00:00:00,2016-06-23 15:00:00
20160546,intensification,2016-06-23 18:00:00,2016-06-23 18:00:00
20160546,decay,2016-06-23 21:00:00,2016-06-25 15:00:00
20160546,intensification 2,2016-06-25 18:00:00,2016-06-26 09:00:00
20160546,decay 2,2016-06-26 12:00:00,2016-06-27 12:00:00
20160555,incipient,2016-06-24 18:00:00,2016-06-24 21:00:00
20160555,intensification,2016-06-25 00:00:00,2016-06-26 12:00:00
20160555,mature,2016-06-26 15:00:00,2016-06-27 12:00:00
20160555,decay,2016-06-27 15:00:00,2016-07-01 21:00:00
20160565,intensification,2016-06-28 09:00:00,2016-06-29 09:00:00
20160579,incipient,2016-07-02 18:00:00,2016-07-03 12:00:00
20160579,intensification,2016-07-03 15:00:00,2016-07-05 12:00:00
20160579,mature,2016-07-05 15:00:00,2016-07-06 06:00:00
20160579,decay,2016-07-06 09:00:00,2016-07-08 09:00:00
20160587,incipient,2016-07-05 03:00:00,2016-07-05 18:00:00
20160587,intensification,2016-07-05 21:00:00,2016-07-07 03:00:00
20160587,mature,2016-07-07 06:00:00,2016-07-07 12:00:00
20160587,decay,2016-07-07 15:00:00,2016-07-08 06:00:00
20160599,incipient,2016-07-08 12:00:00,2016-07-09 00:00:00
20160599,intensification,2016-07-09 03:00:00,2016-07-11 15:00:00
20160599,mature,2016-07-11 18:00:00,2016-07-12 06:00:00
20160599,decay,2016-07-12 09:00:00,2016-07-13 12:00:00
20160601,decay,2016-07-09 06:00:00,2016-07-10 03:00:00
20160601,intensification,2016-07-10 06:00:00,2016-07-12 15:00:00
20160601,mature,2016-07-12 18:00:00,2016-07-13 12:00:00
20160601,decay 2,2016-07-13 15:00:00,2016-07-16 03:00:00
20160609,incipient,2016-07-11 03:00:00,2016-07-11 03:00:00
20160609,intensification,2016-07-11 06:00:00,2016-07-11 21:00:00
20160609,mature,2016-07-12 00:00:00,2016-07-12 06:00:00
20160609,decay,2016-07-12 09:00:00,2016-07-13 06:00:00
20160609,residual,2016-07-13 09:00:00,2016-07-13 18:00:00
20160610,incipient,2016-07-11 09:00:00,2016-07-11 12:00:00
20160610,intensification,2016-07-11 15:00:00,2016-07-12 03:00:00
20160610,mature,2016-07-12 06:00:00,2016-07-12 09:00:00
20160610,decay,2016-07-12 12:00:00,2016-07-12 18:00:00
20160619,intensification,2016-07-14 12:00:00,2016-07-15 03:00:00
20160619,mature,2016-07-15 06:00:00,2016-07-15 09:00:00
20160619,decay,2016-07-15 12:00:00,2016-07-17 00:00:00
20160627,intensification,2016-07-15 15:00:00,2016-07-17 12:00:00
20160630,intensification,2016-07-16 15:00:00,2016-07-17 15:00:00
20160630,mature,2016-07-17 18:00:00,2016-07-18 03:00:00
20160630,decay,2016-07-18 06:00:00,2016-07-19 21:00:00
20160630,intensification 2,2016-07-20 00:00:00,2016-07-22 00:00:00
20160630,mature 2,2016-07-22 03:00:00,2016-07-22 18:00:00
20160630,decay 2,2016-07-22 21:00:00,2016-07-25 12:00:00
20160644,incipient,2016-07-19 18:00:00,2016-07-20 12:00:00
20160644,intensification,2016-07-20 15:00:00,2016-07-22 12:00:00
20160644,mature,2016-07-22 15:00:00,2016-07-23 03:00:00
20160644,decay,2016-07-23 06:00:00,2016-07-24 18:00:00
20160647,incipient,2016-07-21 00:00:00,2016-07-21 06:00:00
20160647,intensification,2016-07-21 09:00:00,2016-07-24 03:00:00
20160647,mature,2016-07-24 06:00:00,2016-07-24 18:00:00
20160647,decay,2016-07-24 21:00:00,2016-07-26 09:00:00
20160649,incipient,2016-07-21 12:00:00,2016-07-21 12:00:00
20160649,intensification,2016-07-21 15:00:00,2016-07-22 06:00:00
20160649,mature,2016-07-22 09:00:00,2016-07-22 15:00:00
20160649,decay,2016-07-22 18:00:00,2016-07-24 15:00:00
20160692,incipient,2016-08-01 09:00:00,2016-08-01 21:00:00
20160692,intensification,2016-08-02 00:00:00,2016-08-03 15:00:00
20160692,mature,2016-08-03 18:00:00,2016-08-04 09:00:00
20160692,decay,2016-08-04 12:00:00,2016-08-07 15:00:00
20160696,incipient,2016-08-03 15:00:00,2016-08-03 15:00:00
20160696,intensification,2016-08-03 18:00:00,2016-08-04 09:00:00
20160696,mature,2016-08-04 12:00:00,2016-08-04 18:00:00
20160696,decay,2016-08-04 21:00:00,2016-08-05 15:00:00
20160696,residual,2016-08-05 18:00:00,2016-08-06 15:00:00
20160703,incipient,2016-08-05 03:00:00,2016-08-05 15:00:00
20160703,intensification,2016-08-05 18:00:00,2016-08-05 18:00:00
20160703,decay,2016-08-05 21:00:00,2016-08-06 18:00:00
20160703,intensification 2,2016-08-06 21:00:00,2016-08-07 18:00:00
20160703,mature,2016-08-07 21:00:00,2016-08-08 00:00:00
20160703,decay 2,2016-08-08 03:00:00,2016-08-08 09:00:00
20160711,incipient,2016-08-07 12:00:00,2016-08-07 12:00:00
20160711,intensification,2016-08-07 15:00:00,2016-08-08 00:00:00
20160711,mature,2016-08-08 03:00:00,2016-08-08 06:00:00
20160711,decay,2016-08-08 09:00:00,2016-08-09 06:00:00
20160715,decay,2016-08-08 09:00:00,2016-08-08 18:00:00
20160715,intensification,2016-08-08 21:00:00,2016-08-09 06:00:00
20160715,decay 2,2016-08-09 09:00:00,2016-08-09 21:00:00
20160721,incipient,2016-08-11 12:00:00,2016-08-11 15:00:00
20160721,intensification,2016-08-11 18:00:00,2016-08-12 06:00:00
20160721,mature,2016-08-12 09:00:00,2016-08-12 15:00:00
20160721,decay,2016-08-12 18:00:00,2016-08-13 21:00:00
20160729,incipient,2016-08-14 00:00:00,2016-08-14 12:00:00
20160729,intensification,2016-08-14 15:00:00,2016-08-16 12:00:00
20160729,mature,2016-08-16 15:00:00,2016-08-17 00:00:00
20160729,decay,2016-08-17 03:00:00,2016-08-17 21:00:00
20160735,incipient,2016-08-15 00:00:00,2016-08-15 12:00:00
20160735,intensification,2016-08-15 15:00:00,2016-08-21 06:00:00
20160735,mature,2016-08-21 09:00:00,2016-08-22 03:00:00
20160735,decay,2016-08-22 06:00:00,2016-08-25 18:00:00
20160738,intensification,2016-08-16 00:00:00,2016-08-16 06:00:00
20160738,decay,2016-08-16 09:00:00,2016-08-16 21:00:00
20160742,incipient,2016-08-16 15:00:00,2016-08-16 21:00:00
20160742,intensification,2016-08-17 00:00:00,2016-08-19 03:00:00
20160742,mature,2016-08-19 06:00:00,2016-08-20 12:00:00
20160742,decay,2016-08-20 15:00:00,2016-08-27 18:00:00
20160746,incipient,2016-08-18 06:00:00,2016-08-18 09:00:00
20160746,decay,2016-08-18 12:00:00,2016-08-18 18:00:00
20160746,intensification,2016-08-18 21:00:00,2016-08-19 03:00:00
20160748,intensification,2016-08-18 12:00:00,2016-08-19 00:00:00
20160748,decay,2016-08-19 03:00:00,2016-08-19 15:00:00
20160754,incipient,2016-08-20 12:00:00,2016-08-21 12:00:00
20160754,intensification,2016-08-21 15:00:00,2016-08-24 00:00:00
20160754,mature,2016-08-24 03:00:00,2016-08-25 06:00:00
20160754,decay,2016-08-25 09:00:00,2016-08-29 15:00:00
20160758,incipient,2016-08-21 06:00:00,2016-08-21 12:00:00
20160758,intensification,2016-08-21 15:00:00,2016-08-21 15:00:00
20160758,decay,2016-08-21 18:00:00,2016-08-22 03:00:00
20160758,intensification 2,2016-08-22 06:00:00,2016-08-22 21:00:00
20160758,decay 2,2016-08-23 00:00:00,2016-08-23 06:00:00
20160760,intensification,2016-08-21 15:00:00,2016-08-22 06:00:00
20160760,mature,2016-08-22 09:00:00,2016-08-22 15:00:00
20160760,decay,2016-08-22 18:00:00,2016-08-25 03:00:00
20160766,incipient,2016-08-23 18:00:00,2016-08-24 00:00:00
20160766,decay,2016-08-24 03:00:00,2016-08-24 09:00:00
20160766,intensification,2016-08-24 12:00:00,2016-08-24 15:00:00
20170002,incipient,2017-01-01 15:00:00,2017-01-01 21:00:00
20170002,decay,2017-01-02 00:00:00,2017-01-02 06:00:00
20170002,intensification,2017-01-02 09:00:00,2017-01-02 12:00:00
20170002,decay 2,2017-01-02 15:00:00,2017-01-02 21:00:00
20170005,intensification,2017-01-02 00:00:00,2017-01-02 18:00:00
20170005,decay,2017-01-02 21:00:00,2017-01-03 12:00:00
20170008,incipient,2017-01-02 12:00:00,2017-01-02 18:00:00
20170008,intensification,2017-01-02 21:00:00,2017-01-03 21:00:00
20170008,mature,2017-01-04 00:00:00,2017-01-04 06:00:00
20170008,decay,2017-01-04 09:00:00,2017-01-05 18:00:00
20170020,incipient,2017-01-07 03:00:00,2017-01-07 12:00:00
20170020,intensification,2017-01-07 15:00:00,2017-01-09 00:00:00
20170020,mature,2017-01-09 03:00:00,2017-01-09 15:00:00
20170020,decay,2017-01-09 18:00:00,2017-01-12 06:00:00
20170022,incipient,2017-01-09 03:00:00,2017-01-09 12:00:00
20170022,intensification,2017-01-09 15:00:00,2017-01-11 06:00:00
20170022,mature,2017-01-11 09:00:00,2017-01-11 21:00:00
20170022,decay,2017-01-12 00:00:00,2017-01-14 09:00:00
20170023,incipient,2017-01-09 09:00:00,2017-01-09 15:00:00
20170023,intensification,2017-01-09 18:00:00,2017-01-10 21:00:00
20170023,mature,2017-01-11 00:00:00,2017-01-11 06:00:00
20170023,decay,2017-01-11 09:00:00,2017-01-12 03:00:00
20170027,incipient,2017-01-11 00:00:00,2017-01-12 00:00:00
20170027,intensification,2017-01-12 03:00:00,2017-01-12 06:00:00
20170027,decay,2017-01-12 09:00:00,2017-01-14 06:00:00
20170027,intensification 2,2017-01-14 09:00:00,2017-01-17 06:00:00
20170027,mature,2017-01-17 09:00:00,2017-01-18 06:00:00
20170027,decay 2,2017-01-18 09:00:00,2017-01-21 18:00:00
20170033,incipient,2017-01-12 12:00:00,2017-01-12 18:00:00
20170033,intensification,2017-01-12 21:00:00,2017-01-14 12:00:00
20170033,mature,2017-01-14 15:00:00,2017-01-15 09:00:00
20170033,decay,2017-01-15 12:00:00,2017-01-19 15:00:00
20170033,residual,2017-01-19 18:00:00,2017-01-21 09:00:00
20170039,incipient,2017-01-15 12:00:00,2017-01-15 12:00:00
20170039,intensification,2017-01-15 15:00:00,2017-01-16 09:00:00
20170039,mature,2017-01-16 12:00:00,2017-01-16 18:00:00
20170039,decay,2017-01-16 21:00:00,2017-01-17 15:00:00
20170039,residual,2017-01-17 18:00:00,2017-01-18 21:00:00
20170049,incipient,2017-01-18 09:00:00,2017-01-18 12:00:00
20170049,intensification,2017-01-18 15:00:00,2017-01-19 18:00:00
20170049,mature,2017-01-19 21:00:00,2017-01-20 09:00:00
20170049,decay,2017-01-20 12:00:00,2017-01-23 15:00:00
20170051,decay,2017-01-19 00:00:00,2017-01-19 09:00:00
20170051,intensification,2017-01-19 12:00:00,2017-01-19 12:00:00
20170051,decay 2,2017-01-19 15:00:00,2017-01-20 06:00:00
20170056,incipient,2017-01-21 03:00:00,2017-01-21 15:00:00
20170056,intensification,2017-01-21 18:00:00,2017-01-23 12:00:00
20170056,mature,2017-01-23 15:00:00,2017-01-24 06:00:00
20170056,decay,2017-01-24 09:00:00,2017-01-27 09:00:00
20170070,decay,2017-01-26 18:00:00,2017-01-28 03:00:00
20170073,intensification,2017-01-27 15:00:00,2017-01-28 09:00:00
20170073,decay,2017-01-28 12:00:00,2017-01-29 00:00:00
20170082,incipient,2017-01-30 15:00:00,2017-01-30 18:00:00
20170082,intensification,2017-01-30 21:00:00,2017-02-01 06:00:00
20170082,mature,2017-02-01 09:00:00,2017-02-02 00:00:00
20170082,decay,2017-02-02 03:00:00,2017-02-05 15:00:00
20170092,decay,2017-02-02 12:00:00,2017-02-03 03:00:00
20170092,intensification,2017-02-03 06:00:00,2017-02-04 09:00:00
20170092,mature,2017-02-04 12:00:00,2017-02-04 15:00:00
20170092,decay 2,2017-02-04 18:00:00,2017-02-05 09:00:00
20170098,incipient,2017-02-04 15:00:00,2017-02-04 15:00:00
20170098,intensification,2017-02-04 18:00:00,2017-02-05 12:00:00
20170098,mature,2017-02-05 15:00:00,2017-02-06 00:00:00
20170098,decay,2017-02-06 03:00:00,2017-02-08 03:00:00
20170105,intensification,2017-02-06 18:00:00,2017-02-07 06:00:00
20170105,decay,2017-02-07 09:00:00,2017-02-08 06:00:00
20170111,intensification,2017-02-08 03:00:00,2017-02-14 00:00:00
20170111,residual,2017-02-14 03:00:00,2017-02-15 09:00:00
20170117,incipient,2017-02-10 12:00:00,2017-02-10 18:00:00
20170117,intensification,2017-02-10 21:00:00,2017-02-11 15:00:00
20170117,mature,2017-02-11 18:00:00,2017-02-12 00:00:00
20170117,decay,2017-02-12 03:00:00,2017-02-13 03:00:00
20170127,intensification,2017-02-13 12:00:00,2017-02-14 00:00:00
20170127,mature,2017-02-14 03:00:00,2017-02-14 09:00:00
20170127,decay,2017-02-14 12:00:00,2017-02-16 21:00:00
20170135,incipient,2017-02-15 12:00:00,2017-02-16 18:00:00
20170135,intensification,2017-02-16 21:00:00,2017-02-19 18:00:00
20170135,mature,2017-02-19 21:00:00,2017-02-20 12:00:00
20170135,decay,2017-02-20 15:00:00,2017-02-21 21:00:00
20170141,intensification,2017-02-18 09:00:00,2017-02-19 09:00:00
20170145,intensification,2017-02-19 12:00:00,2017-02-21 00:00:00
20170150,incipient,2017-02-21 03:00:00,2017-02-21 09:00:00
20170150,decay,2017-02-21 12:00:00,2017-02-21 18:00:00
20170150,intensification,2017-02-21 21:00:00,2017-02-22 21:00:00
20170154,incipient,2017-02-22 06:00:00,2017-02-22 12:00:00
20170154,intensification,2017-02-22 15:00:00,2017-02-24 06:00:00
20170154,mature,2017-02-24 09:00:00,2017-02-24 21:00:00
20170154,decay,2017-02-25 00:00:00,2017-02-27 09:00:00
20170167,decay,2017-02-25 00:00:00,2017-02-25 03:00:00
20170167,intensification,2017-02-25 06:00:00,2017-02-25 18:00:00
20170167,decay 2,2017-02-25 21:00:00,2017-02-26 03:00:00
20170171,incipient,2017-02-27 06:00:00,2017-02-27 18:00:00
20170171,decay,2017-02-27 21:00:00,2017-02-28 00:00:00
20170171,intensification,2017-02-28 03:00:00,2017-02-28 09:00:00
20170171,decay 2,2017-02-28 12:00:00,2017-02-28 21:00:00
20170181,intensification,2017-03-04 09:00:00,2017-03-04 21:00:00
20170181,decay,2017-03-05 00:00:00,2017-03-05 09:00:00
20170193,incipient,2017-03-08 03:00:00,2017-03-08 06:00:00
20170193,intensification,2017-03-08 09:00:00,2017-03-09 00:00:00
20170193,mature,2017-03-09 03:00:00,2017-03-09 06:00:00
20170193,decay,2017-03-09 09:00:00,2017-03-10 03:00:00
20170194,intensification,2017-03-08 09:00:00,2017-03-08 21:00:00
20170194,decay,2017-03-09 00:00:00,2017-03-09 21:00:00
20170225,incipient,2017-03-17 12:00:00,2017-03-17 15:00:00
20170225,intensification,2017-03-17 18:00:00,2017-03-18 06:00:00
20170225,mature,2017-03-18 09:00:00,2017-03-18 12:00:00
20170225,decay,2017-03-18 15:00:00,2017-03-18 18:00:00
20170228,incipient,2017-03-18 12:00:00,2017-03-18 15:00:00
20170228,intensification,2017-03-18 18:00:00,2017-03-19 09:00:00
20170228,mature,2017-03-19 12:00:00,2017-03-19 15:00:00
20170228,decay,2017-03-19 18:00:00,2017-03-20 03:00:00
20170242,incipient,2017-03-23 12:00:00,2017-03-23 15:00:00
20170242,intensification,2017-03-23 18:00:00,2017-03-26 12:00:00
20170242,mature,2017-03-26 15:00:00,2017-03-27 03:00:00
20170242,decay,2017-03-27 06:00:00,2017-03-28 09:00:00
20170245,incipient,2017-03-24 00:00:00,2017-03-24 15:00:00
20170245,intensification,2017-03-24 18:00:00,2017-03-26 18:00:00
20170245,mature,2017-03-26 21:00:00,2017-03-27 09:00:00
20170245,decay,2017-03-27 12:00:00,2017-03-29 00:00:00
20170245,residual,2017-03-29 03:00:00,2017-04-01 09:00:00
20170284,intensification,2017-04-05 15:00:00,2017-04-06 00:00:00
20170284,decay,2017-04-06 03:00:00,2017-04-06 15:00:00
20170285,incipient,2017-04-05 18:00:00,2017-04-05 21:00:00
20170285,intensification,2017-04-06 00:00:00,2017-04-06 18:00:00
20170285,mature,2017-04-06 21:00:00,2017-04-07 00:00:00
20170285,decay,2017-04-07 03:00:00,2017-04-07 21:00:00
20170288,incipient,2017-04-06 00:00:00,2017-04-06 15:00:00
20170288,intensification,2017-04-06 18:00:00,2017-04-07 18:00:00
20170288,mature,2017-04-07 21:00:00,2017-04-08 06:00:00
20170288,decay,2017-04-08 09:00:00,2017-04-09 06:00:00
20170296,incipient,2017-04-09 00:00:00,2017-04-09 12:00:00
20170296,intensification,2017-04-09 15:00:00,2017-04-10 21:00:00
20170296,mature,2017-04-11 00:00:00,2017-04-11 09:00:00
20170296,decay,2017-04-11 12:00:00,2017-04-12 09:00:00
20170299,incipient,2017-04-10 06:00:00,2017-04-10 18:00:00
20170299,intensification,2017-04-10 21:00:00,2017-04-12 18:00:00
20170299,mature,2017-04-12 21:00:00,2017-04-13 15:00:00
20170299,decay,2017-04-13 18:00:00,2017-04-16 21:00:00
20170319,incipient,2017-04-16 12:00:00,2017-04-16 15:00:00
20170319,intensification,2017-04-16 18:00:00,2017-04-18 12:00:00
20170319,mature,2017-04-18 15:00:00,2017-04-19 00:00:00
20170319,decay,2017-04-19 03:00:00,2017-04-20 09:00:00
20170319,residual,2017-04-20 12:00:00,2017-04-21 00:00:00
20170329,incipient,2017-04-19 03:00:00,2017-04-19 06:00:00
20170329,decay,2017-04-19 09:00:00,2017-04-19 18:00:00
20170329,intensification,2017-04-19 21:00:00,2017-04-19 21:00:00
20170329,decay 2,2017-04-20 00:00:00,2017-04-20 12:00:00
20170340,intensification,2017-04-21 18:00:00,2017-04-25 00:00:00
20170341,intensification,2017-04-22 03:00:00,2017-04-22 18:00:00
20170341,mature,2017-04-22 21:00:00,2017-04-23 03:00:00
20170341,decay,2017-04-23 06:00:00,2017-04-25 00:00:00
20170342,incipient,2017-04-22 09:00:00,2017-04-22 15:00:00
20170342,intensification,2017-04-22 18:00:00,2017-04-24 06:00:00
20170342,mature,2017-04-24 09:00:00,2017-04-25 00:00:00
20170342,decay,2017-04-25 03:00:00,2017-04-27 18:00:00
20170342,residual,2017-04-27 21:00:00,2017-04-28 09:00:00
20170347,intensification,2017-04-25 03:00:00,2017-04-26 09:00:00
20170348,incipient,2017-04-25 15:00:00,2017-04-25 15:00:00
20170348,intensification,2017-04-25 18:00:00,2017-04-26 21:00:00
20170348,mature,2017-04-27 00:00:00,2017-04-27 06:00:00
20170348,decay,2017-04-27 09:00:00,2017-04-30 00:00:00
20170369,intensification,2017-05-01 12:00:00,2017-05-02 06:00:00
20170369,decay,2017-05-02 09:00:00,2017-05-02 21:00:00
20170375,incipient,2017-05-02 12:00:00,2017-05-02 18:00:00
20170375,intensification,2017-05-02 21:00:00,2017-05-03 18:00:00
20170375,mature,2017-05-03 21:00:00,2017-05-04 06:00:00
20170375,decay,2017-05-04 09:00:00,2017-05-06 00:00:00
20170381,decay,2017-05-05 12:00:00,2017-05-05 21:00:00
20170381,intensification,2017-05-06 00:00:00,2017-05-07 09:00:00
20170381,mature,2017-05-07 12:00:00,2017-05-07 18:00:00
20170381,decay 2,2017-05-07 21:00:00,2017-05-09 12:00:00
20170385,intensification,2017-05-07 09:00:00,2017-05-09 09:00:00
20170395,decay,2017-05-09 12:00:00,2017-05-09 18:00:00
20170395,intensification,2017-05-09 21:00:00,2017-05-09 21:00:00
20170395,decay 2,2017-05-10 00:00:00,2017-05-10 09:00:00
20170409,incipient,2017-05-13 03:00:00,2017-05-13 15:00:00
20170409,intensification,2017-05-13 18:00:00,2017-05-15 15:00:00
20170409,mature,2017-05-15 18:00:00,2017-05-16 15:00:00
20170409,decay,2017-05-16 18:00:00,2017-05-20 03:00:00
20170410,incipient,2017-05-13 12:00:00,2017-05-13 18:00:00
20170410,intensification,2017-05-13 21:00:00,2017-05-14 21:00:00
20170410,mature,2017-05-15 00:00:00,2017-05-15 09:00:00
20170410,decay,2017-05-15 12:00:00,2017-05-17 06:00:00
20170432,incipient,2017-05-21 00:00:00,2017-05-21 03:00:00
20170432,intensification,2017-05-21 06:00:00,2017-05-22 03:00:00
20170432,mature,2017-05-22 06:00:00,2017-05-22 09:00:00
20170432,decay,2017-05-22 12:00:00,2017-05-23 06:00:00
20170432,residual,2017-05-23 09:00:00,2017-05-24 21:00:00
20170438,incipient,2017-05-22 00:00:00,2017-05-22 06:00:00
20170438,decay,2017-05-22 09:00:00,2017-05-22 21:00:00
20170438,intensification,2017-05-23 00:00:00,2017-05-24 03:00:00
20170446,incipient,2017-05-25 03:00:00,2017-05-25 12:00:00
20170446,intensification,2017-05-25 15:00:00,2017-05-25 15:00:00
20170446,decay,2017-05-25 18:00:00,2017-05-26 09:00:00
20170446,intensification 2,2017-05-26 12:00:00,2017-05-26 15:00:00
20170453,intensification,2017-05-26 18:00:00,2017-05-28 18:00:00
20170453,residual,2017-05-28 21:00:00,2017-05-29 06:00:00
20170467,incipient,2017-05-31 00:00:00,2017-06-01 00:00:00
20170467,intensification,2017-06-01 03:00:00,2017-06-03 03:00:00
20170467,mature,2017-06-03 06:00:00,2017-06-03 18:00:00
20170467,decay,2017-06-03 21:00:00,2017-06-04 21:00:00
20170479,decay,2017-06-04 03:00:00,2017-06-04 18:00:00
20170479,intensification,2017-06-04 21:00:00,2017-06-05 06:00:00
20170482,incipient,2017-06-04 18:00:00,2017-06-04 21:00:00
20170482,intensification,2017-06-05 00:00:00,2017-06-05 18:00:00
20170482,mature,2017-06-05 21:00:00,2017-06-06 00:00:00
20170482,decay,2017-06-06 03:00:00,2017-06-06 09:00:00
20170482,residual,2017-06-06 12:00:00,2017-06-07 18:00:00
20170484,incipient,2017-06-05 09:00:00,2017-06-05 18:00:00
20170484,intensification,2017-06-05 21:00:00,2017-06-05 21:00:00
20170484,decay,2017-06-06 00:00:00,2017-06-06 21:00:00
20170484,intensification 2,2017-06-07 00:00:00,2017-06-07 12:00:00
20170484,decay 2,2017-06-07 15:00:00,2017-06-07 21:00:00
20170485,incipient,2017-06-05 18:00:00,2017-06-06 03:00:00
20170485,intensification,2017-06-06 06:00:00,2017-06-07 09:00:00
20170485,mature,2017-06-07 12:00:00,2017-06-07 18:00:00
20170485,decay,2017-06-07 21:00:00,2017-06-08 15:00:00
20170489,decay,2017-06-07 12:00:00,2017-06-07 21:00:00
20170489,intensification,2017-06-08 00:00:00,2017-06-08 12:00:00
20170491,incipient,2017-06-07 18:00:00,2017-06-07 18:00:00
20170491,intensification,2017-06-07 21:00:00,2017-06-08 09:00:00
20170491,mature,2017-06-08 12:00:00,2017-06-08 15:00:00
20170491,decay,2017-06-08 18:00:00,2017-06-09 12:00:00
20170492,intensification,2017-06-08 00:00:00,2017-06-09 00:00:00
20170492,mature,2017-06-09 03:00:00,2017-06-09 12:00:00
20170492,decay,2017-06-09 15:00:00,2017-06-11 21:00:00
20170498,intensification,2017-06-09 18:00:00,2017-06-10 00:00:00
20170498,decay,2017-06-10 03:00:00,2017-06-10 18:00:00
20170504,incipient,2017-06-11 06:00:00,2017-06-12 00:00:00
20170504,intensification,2017-06-12 03:00:00,2017-06-13 18:00:00
20170504,mature,2017-06-13 21:00:00,2017-06-14 09:00:00
20170504,decay,2017-06-14 12:00:00,2017-06-16 00:00:00
20170510,incipient,2017-06-12 12:00:00,2017-06-12 18:00:00
20170510,intensification,2017-06-12 21:00:00,2017-06-13 15:00:00
20170510,mature,2017-06-13 18:00:00,2017-06-13 21:00:00
20170510,decay,2017-06-14 00:00:00,2017-06-14 12:00:00
20170511,decay,2017-06-13 06:00:00,2017-06-14 09:00:00
20170511,intensification,2017-06-14 12:00:00,2017-06-15 18:00:00
20170511,residual,2017-06-15 21:00:00,2017-06-16 03:00:00
20170514,incipient,2017-06-13 12:00:00,2017-06-13 18:00:00
20170514,intensification,2017-06-13 21:00:00,2017-06-14 18:00:00
20170514,mature,2017-06-14 21:00:00,2017-06-15 03:00:00
20170514,decay,2017-06-15 06:00:00,2017-06-16 15:00:00
20170520,incipient,2017-06-14 18:00:00,2017-06-15 00:00:00
20170520,intensification,2017-06-15 03:00:00,2017-06-15 18:00:00
20170520,mature,2017-06-15 21:00:00,2017-06-16 03:00:00
20170520,decay,2017-06-16 06:00:00,2017-06-17 00:00:00
20170534,incipient,2017-06-18 03:00:00,2017-06-18 15:00:00
20170534,intensification,2017-06-18 18:00:00,2017-06-20 03:00:00
20170534,mature,2017-06-20 06:00:00,2017-06-21 00:00:00
20170534,decay,2017-06-21 03:00:00,2017-06-24 18:00:00
20170544,incipient,2017-06-20 18:00:00,2017-06-20 21:00:00
20170544,decay,2017-06-21 00:00:00,2017-06-21 18:00:00
20170544,intensification,2017-06-21 21:00:00,2017-06-22 03:00:00
20170544,decay 2,2017-06-22 06:00:00,2017-06-22 18:00:00
20170548,incipient,2017-06-22 06:00:00,2017-06-22 09:00:00
20170548,intensification,2017-06-22 12:00:00,2017-06-23 21:00:00
20170548,mature,2017-06-24 00:00:00,2017-06-24 09:00:00
20170548,decay,2017-06-24 12:00:00,2017-06-26 03:00:00
20170554,incipient,2017-06-24 06:00:00,2017-06-24 09:00:00
20170554,decay,2017-06-24 12:00:00,2017-06-24 18:00:00
20170554,intensification,2017-06-24 21:00:00,2017-06-24 21:00:00
20170554,decay 2,2017-06-25 00:00:00,2017-06-25 09:00:00
20170556,incipient,2017-06-24 15:00:00,2017-06-25 21:00:00
20170556,intensification,2017-06-26 00:00:00,2017-06-28 12:00:00
20170556,mature,2017-06-28 15:00:00,2017-06-29 06:00:00
20170556,decay,2017-06-29 09:00:00,2017-06-30 15:00:00
20170575,incipient,2017-06-29 12:00:00,2017-06-29 12:00:00
20170575,intensification,2017-06-29 15:00:00,2017-06-30 06:00:00
20170575,mature,2017-06-30 09:00:00,2017-06-30 12:00:00
20170575,decay,2017-06-30 15:00:00,2017-06-30 18:00:00
20170576,intensification,2017-06-29 12:00:00,2017-06-30 09:00:00
20170576,mature,2017-06-30 12:00:00,2017-06-30 21:00:00
20170576,decay,2017-07-01 00:00:00,2017-07-03 12:00:00
20170587,incipient,2017-07-02 15:00:00,2017-07-03 03:00:00
20170587,intensification,2017-07-03 06:00:00,2017-07-04 06:00:00
20170587,mature,2017-07-04 09:00:00,2017-07-04 12:00:00
20170587,decay,2017-07-04 15:00:00,2017-07-05 09:00:00
20170595,intensification,2017-07-05 09:00:00,2017-07-05 18:00:00
20170595,mature,2017-07-05 21:00:00,2017-07-06 00:00:00
20170595,decay,2017-07-06 03:00:00,2017-07-07 00:00:00
20170595,intensification 2,2017-07-07 03:00:00,2017-07-08 03:00:00
20170595,mature 2,2017-07-08 06:00:00,2017-07-08 09:00:00
20170595,decay 2,2017-07-08 12:00:00,2017-07-08 15:00:00
20170596,incipient,2017-07-05 15:00:00,2017-07-05 15:00:00
20170596,intensification,2017-07-05 18:00:00,2017-07-07 06:00:00
20170596,mature,2017-07-07 09:00:00,2017-07-07 15:00:00
20170596,decay,2017-07-07 18:00:00,2017-07-08 15:00:00
20170601,decay,2017-07-06 15:00:00,2017-07-07 00:00:00
20170601,intensification,2017-07-07 03:00:00,2017-07-07 03:00:00
20170601,decay 2,2017-07-07 06:00:00,2017-07-07 21:00:00
20170634,intensification,2017-07-15 09:00:00,2017-07-16 03:00:00
20170634,mature,2017-07-16 06:00:00,2017-07-16 09:00:00
20170634,decay,2017-07-16 12:00:00,2017-07-16 18:00:00
20170634,intensification 2,2017-07-16 21:00:00,2017-07-17 00:00:00
20170634,mature 2,2017-07-17 03:00:00,2017-07-17 06:00:00
20170634,decay 2,2017-07-17 09:00:00,2017-07-18 09:00:00
20170643,decay,2017-07-17 12:00:00,2017-07-17 21:00:00
20170643,intensification,2017-07-18 00:00:00,2017-07-18 00:00:00
20170643,decay 2,2017-07-18 03:00:00,2017-07-18 09:00:00
20170662,intensification,2017-07-23 03:00:00,2017-07-24 03:00:00
20170662,mature,2017-07-24 06:00:00,2017-07-24 15:00:00
20170662,decay,2017-07-24 18:00:00,2017-07-26 15:00:00
20170662,intensification 2,2017-07-26 18:00:00,2017-07-28 21:00:00
20170662,mature 2,2017-07-29 00:00:00,2017-07-29 06:00:00
20170662,decay 2,2017-07-29 09:00:00,2017-07-29 21:00:00
20170673,incipient,2017-07-26 18:00:00,2017-07-27 00:00:00
20170673,intensification,2017-07-27 03:00:00,2017-07-28 03:00:00
20170673,mature,2017-07-28 06:00:00,2017-07-28 12:00:00
20170673,decay,2017-07-28 15:00:00,2017-07-30 06:00:00
20170676,incipient,2017-07-27 12:00:00,2017-07-27 15:00:00
20170676,intensification,2017-07-27 18:00:00,2017-07-28 12:00:00
20170676,mature,2017-07-28 15:00:00,2017-07-28 18:00:00
20170676,decay,2017-07-28 21:00:00,2017-07-29 06:00:00
20170679,intensification,2017-07-28 12:00:00,2017-07-29 12:00:00
20170684,incipient,2017-07-30 09:00:00,2017-07-30 18:00:00
20170684,intensification,2017-07-30 21:00:00,2017-08-07 21:00:00
20170684,mature,2017-08-08 00:00:00,2017-08-08 15:00:00
20170684,decay,2017-08-08 18:00:00,2017-08-10 18:00:00
20170687,incipient,2017-07-31 03:00:00,2017-07-31 09:00:00
20170687,intensification,2017-07-31 12:00:00,2017-07-31 12:00:00
20170687,decay,2017-07-31 15:00:00,2017-08-01 03:00:00
20170687,intensification 2,2017-08-01 06:00:00,2017-08-01 18:00:00
20170687,residual,2017-08-01 21:00:00,2017-08-01 21:00:00
20170688,intensification,2017-08-01 00:00:00,2017-08-02 09:00:00
20170696,incipient,2017-08-02 12:00:00,2017-08-03 15:00:00
20170696,intensification,2017-08-03 18:00:00,2017-08-05 21:00:00
20170696,mature,2017-08-06 00:00:00,2017-08-06 15:00:00
20170696,decay,2017-08-06 18:00:00,2017-08-08 00:00:00
20170699,incipient,2017-08-03 09:00:00,2017-08-03 15:00:00
20170699,intensification,2017-08-03 18:00:00,2017-08-04 09:00:00
20170699,mature,2017-08-04 12:00:00,2017-08-04 15:00:00
20170699,decay,2017-08-04 18:00:00,2017-08-05 06:00:00
20170707,incipient,2017-08-06 06:00:00,2017-08-07 00:00:00
20170707,intensification,2017-08-07 03:00:00,2017-08-10 12:00:00
20170707,mature,2017-08-10 15:00:00,2017-08-11 06:00:00
20170707,decay,2017-08-11 09:00:00,2017-08-13 00:00:00
20170717,incipient,2017-08-09 09:00:00,2017-08-09 18:00:00
20170717,intensification,2017-08-09 21:00:00,2017-08-10 18:00:00
20170717,mature,2017-08-10 21:00:00,2017-08-11 03:00:00
20170717,decay,2017-08-11 06:00:00,2017-08-12 21:00:00
20170717,residual,2017-08-13 00:00:00,2017-08-13 12:00:00
20170722,intensification,2017-08-11 06:00:00,2017-08-13 06:00:00
20170722,mature,2017-08-13 09:00:00,2017-08-13 21:00:00
20170722,decay,2017-08-14 00:00:00,2017-08-16 09:00:00
20170727,intensification,2017-08-12 12:00:00,2017-08-12 15:00:00
20170727,decay,2017-08-12 18:00:00,2017-08-13 09:00:00
20170743,intensification,2017-08-15 06:00:00,2017-08-17 18:00:00
20170743,incipient,2017-08-17 21:00:00,2017-08-18 21:00:00
20170743,decay,2017-08-19 00:00:00,2017-08-20 21:00:00
20170749,incipient,2017-08-17 00:00:00,2017-08-17 03:00:00
20170749,intensification,2017-08-17 06:00:00,2017-08-18 06:00:00
20170749,mature,2017-08-18 09:00:00,2017-08-18 15:00:00
20170749,decay,2017-08-18 18:00:00,2017-08-19 12:00:00
20170756,incipient,2017-08-18 15:00:00,2017-08-18 15:00:00
20170756,intensification,2017-08-18 18:00:00,2017-08-19 03:00:00
20170756,mature,2017-08-19 06:00:00,2017-08-19 12:00:00
20170756,decay,2017-08-19 15:00:00,2017-08-21 06:00:00
20180009,incipient,2018-01-02 09:00:00,2018-01-02 15:00:00
20180009,intensification,2018-01-02 18:00:00,2018-01-03 15:00:00
20180009,mature,2018-01-03 18:00:00,2018-01-03 21:00:00
20180009,decay,2018-01-04 00:00:00,2018-01-04 03:00:00
20180009,residual,2018-01-04 06:00:00,2018-01-05 03:00:00
20180010,incipient,2018-01-02 12:00:00,2018-01-03 18:00:00
20180010,intensification,2018-01-03 21:00:00,2018-01-06 12:00:00
20180010,mature,2018-01-06 15:00:00,2018-01-07 12:00:00
20180010,decay,2018-01-07 15:00:00,2018-01-10 18:00:00
20180011,intensification,2018-01-03 15:00:00,2018-01-05 00:00:00
20180011,mature,2018-01-05 03:00:00,2018-01-05 09:00:00
20180011,decay,2018-01-05 12:00:00,2018-01-06 09:00:00
20180016,incipient,2018-01-05 03:00:00,2018-01-05 18:00:00
20180016,intensification,2018-01-05 21:00:00,2018-01-07 12:00:00
20180016,mature,2018-01-07 15:00:00,2018-01-08 00:00:00
20180016,decay,2018-01-08 03:00:00,2018-01-09 00:00:00
20180039,incipient,2018-01-10 18:00:00,2018-01-11 00:00:00
20180039,intensification,2018-01-11 03:00:00,2018-01-13 03:00:00
20180039,mature,2018-01-13 06:00:00,2018-01-13 12:00:00
20180039,decay,2018-01-13 15:00:00,2018-01-14 09:00:00
20180050,incipient,2018-01-13 06:00:00,2018-01-13 21:00:00
20180050,intensification,2018-01-14 00:00:00,2018-01-15 12:00:00
20180050,mature,2018-01-15 15:00:00,2018-01-16 00:00:00
20180050,decay,2018-01-16 03:00:00,2018-01-17 09:00:00
20180056,incipient,2018-01-15 06:00:00,2018-01-15 12:00:00
20180056,decay,2018-01-15 15:00:00,2018-01-16 21:00:00
20180056,intensification,2018-01-17 00:00:00,2018-01-20 00:00:00
20180056,mature,2018-01-20 03:00:00,2018-01-20 21:00:00
20180056,decay 2,2018-01-21 00:00:00,2018-01-24 00:00:00
20180058,incipient,2018-01-15 15:00:00,2018-01-16 03:00:00
20180058,decay,2018-01-16 06:00:00,2018-01-16 15:00:00
20180058,intensification,2018-01-16 18:00:00,2018-01-16 18:00:00
20180058,decay 2,2018-01-16 21:00:00,2018-01-17 09:00:00
20180079,incipient,2018-01-22 18:00:00,2018-01-24 09:00:00
20180079,decay,2018-01-24 12:00:00,2018-01-24 18:00:00
20180079,intensification,2018-01-24 21:00:00,2018-01-26 12:00:00
20180079,mature,2018-01-26 15:00:00,2018-01-26 21:00:00
20180079,decay 2,2018-01-27 00:00:00,2018-01-27 15:00:00
20180082,incipient,2018-01-23 06:00:00,2018-01-23 18:00:00
20180082,intensification,2018-01-23 21:00:00,2018-01-25 18:00:00
20180082,mature,2018-01-25 21:00:00,2018-01-26 09:00:00
20180082,decay,2018-01-26 12:00:00,2018-01-29 00:00:00
20180096,incipient,2018-01-28 09:00:00,2018-01-29 03:00:00
20180096,intensification,2018-01-29 06:00:00,2018-01-30 18:00:00
20180096,mature,2018-01-30 21:00:00,2018-01-31 03:00:00
20180096,decay,2018-01-31 06:00:00,2018-01-31 18:00:00
20180099,incipient,2018-01-30 06:00:00,2018-01-30 06:00:00
20180099,intensification,2018-01-30 09:00:00,2018-01-31 09:00:00
20180099,mature,2018-01-31 12:00:00,2018-02-01 00:00:00
20180099,decay,2018-02-01 03:00:00,2018-02-03 15:00:00
20180105,intensification,2018-02-01 06:00:00,2018-02-02 03:00:00
20180105,mature,2018-02-02 06:00:00,2018-02-02 18:00:00
20180105,decay,2018-02-02 21:00:00,2018-02-05 18:00:00
20180106,decay,2018-02-01 09:00:00,2018-02-04 06:00:00
20180117,incipient,2018-02-05 09:00:00,2018-02-05 12:00:00
20180117,intensification,2018-02-05 15:00:00,2018-02-06 06:00:00
20180117,mature,2018-02-06 09:00:00,2018-02-06 15:00:00
20180117,decay,2018-02-06 18:00:00,2018-02-08 00:00:00
20180129,incipient,2018-02-09 00:00:00,2018-02-09 03:00:00
20180129,intensification,2018-02-09 06:00:00,2018-02-10 00:00:00
20180129,mature,2018-02-10 03:00:00,2018-02-10 09:00:00
20180129,decay,2018-02-10 12:00:00,2018-02-11 09:00:00
20180131,decay,2018-02-09 12:00:00,2018-02-09 18:00:00
20180131,intensification,2018-02-09 21:00:00,2018-02-10 09:00:00
20180131,decay 2,2018-02-10 12:00:00,2018-02-11 09:00:00
20180138,incipient,2018-02-11 12:00:00,2018-02-11 12:00:00
20180138,intensification,2018-02-11 15:00:00,2018-02-16 06:00:00
20180138,mature,2018-02-16 09:00:00,2018-02-17 03:00:00
20180138,decay,2018-02-17 06:00:00,2018-02-18 18:00:00
20180143,intensification,2018-02-12 06:00:00,2018-02-13 00:00:00
20180143,decay,2018-02-13 03:00:00,2018-02-14 09:00:00
20180148,incipient,2018-02-14 03:00:00,2018-02-14 21:00:00
20180148,intensification,2018-02-15 00:00:00,2018-02-17 03:00:00
20180148,mature,2018-02-17 06:00:00,2018-02-18 00:00:00
20180148,decay,2018-02-18 03:00:00,2018-02-21 06:00:00
20180149,decay,2018-02-14 12:00:00,2018-02-14 18:00:00
20180149,intensification,2018-02-14 21:00:00,2018-02-15 03:00:00
20180149,decay 2,2018-02-15 06:00:00,2018-02-15 09:00:00
20180154,incipient,2018-02-18 03:00:00,2018-02-18 18:00:00
20180154,intensification,2018-02-18 21:00:00,2018-02-21 03:00:00
20180154,mature,2018-02-21 06:00:00,2018-02-22 03:00:00
20180154,decay,2018-02-22 06:00:00,2018-02-26 03:00:00
20180159,incipient,2018-02-19 06:00:00,2018-02-20 09:00:00
20180159,intensification,2018-02-20 12:00:00,2018-02-23 12:00:00
20180159,mature,2018-02-23 15:00:00,2018-02-24 18:00:00
20180159,decay,2018-02-24 21:00:00,2018-02-28 09:00:00
20180160,intensification,2018-02-19 06:00:00,2018-02-19 12:00:00
20180160,mature,2018-02-19 15:00:00,2018-02-19 18:00:00
20180160,decay,2018-02-19 21:00:00,2018-02-21 03:00:00
20180167,incipient,2018-02-22 09:00:00,2018-02-22 18:00:00
20180167,decay,2018-02-22 21:00:00,2018-02-24 09:00:00
20180167,intensification,2018-02-24 12:00:00,2018-02-26 00:00:00
20180167,mature,2018-02-26 03:00:00,2018-02-26 09:00:00
20180167,decay 2,2018-02-26 12:00:00,2018-02-27 12:00:00
20180170,incipient,2018-02-23 06:00:00,2018-02-23 15:00:00
20180170,intensification,2018-02-23 18:00:00,2018-02-24 15:00:00
20180170,mature,2018-02-24 18:00:00,2018-02-25 00:00:00
20180170,decay,2018-02-25 03:00:00,2018-02-26 00:00:00
20180175,incipient,2018-02-25 03:00:00,2018-02-25 06:00:00
20180175,intensification,2018-02-25 09:00:00,2018-02-25 21:00:00
20180175,mature,2018-02-26 00:00:00,2018-02-26 06:00:00
20180175,decay,2018-02-26 09:00:00,2018-02-27 06:00:00
20180178,incipient,2018-02-26 06:00:00,2018-02-26 12:00:00
20180178,intensification,2018-02-26 15:00:00,2018-02-27 06:00:00
20180178,mature,2018-02-27 09:00:00,2018-02-27 12:00:00
20180178,decay,2018-02-27 15:00:00,2018-02-28 06:00:00
20180178,residual,2018-02-28 09:00:00,2018-02-28 21:00:00
20180181,incipient,2018-02-27 12:00:00,2018-02-27 21:00:00
20180181,intensification,2018-02-28 00:00:00,2018-03-01 00:00:00
20180181,mature,2018-03-01 03:00:00,2018-03-01 09:00:00
20180181,decay,2018-03-01 12:00:00,2018-03-02 09:00:00
20180182,incipient,2018-02-28 12:00:00,2018-03-01 00:00:00
20180182,intensification,2018-03-01 03:00:00,2018-03-02 15:00:00
20180182,mature,2018-03-02 18:00:00,2018-03-03 09:00:00
20180182,decay,2018-03-03 12:00:00,2018-03-06 00:00:00
20180194,incipient,2018-03-03 12:00:00,2018-03-03 18:00:00
20180194,intensification,2018-03-03 21:00:00,2018-03-05 00:00:00
20180194,mature,2018-03-05 03:00:00,2018-03-05 06:00:00
20180194,decay,2018-03-05 09:00:00,2018-03-05 12:00:00
20180194,residual,2018-03-05 15:00:00,2018-03-06 09:00:00
20180196,incipient,2018-03-03 15:00:00,2018-03-03 15:00:00
20180196,intensification,2018-03-03 18:00:00,2018-03-05 06:00:00
20180196,mature,2018-03-05 09:00:00,2018-03-06 00:00:00
20180196,decay,2018-03-06 03:00:00,2018-03-11 21:00:00
20180200,incipient,2018-03-04 06:00:00,2018-03-04 12:00:00
20180200,intensification,2018-03-04 15:00:00,2018-03-05 00:00:00
20180200,mature,2018-03-05 03:00:00,2018-03-05 06:00:00
20180200,decay,2018-03-05 09:00:00,2018-03-05 12:00:00
20180203,incipient,2018-03-05 15:00:00,2018-03-05 15:00:00
20180203,intensification,2018-03-05 18:00:00,2018-03-06 09:00:00
20180203,mature,2018-03-06 12:00:00,2018-03-06 18:00:00
20180203,decay,2018-03-06 21:00:00,2018-03-08 03:00:00
20180231,incipient,2018-03-14 09:00:00,2018-03-14 21:00:00
20180231,decay,2018-03-15 00:00:00,2018-03-16 03:00:00
20180231,intensification,2018-03-16 06:00:00,2018-03-17 00:00:00
20180231,mature,2018-03-17 03:00:00,2018-03-17 09:00:00
20180231,decay 2,2018-03-17 12:00:00,2018-03-18 12:00:00
20180234,intensification,2018-03-15 00:00:00,2018-03-16 12:00:00
20180234,mature,2018-03-16 15:00:00,2018-03-17 03:00:00
20180234,decay,2018-03-17 06:00:00,2018-03-20 00:00:00
20180234,residual,2018-03-20 03:00:00,2018-03-22 21:00:00
20180236,incipient,2018-03-16 00:00:00,2018-03-16 00:00:00
20180236,intensification,2018-03-16 03:00:00,2018-03-17 03:00:00
20180236,mature,2018-03-17 06:00:00,2018-03-17 12:00:00
20180236,decay,2018-03-17 15:00:00,2018-03-18 21:00:00
20180236,residual,2018-03-19 00:00:00,2018-03-19 06:00:00
20180244,incipient,2018-03-18 03:00:00,2018-03-18 06:00:00
20180244,intensification,2018-03-18 09:00:00,2018-03-19 09:00:00
20180244,mature,2018-03-19 12:00:00,2018-03-19 18:00:00
20180244,decay,2018-03-19 21:00:00,2018-03-20 18:00:00
20180244,residual,2018-03-20 21:00:00,2018-03-21 18:00:00
20180249,incipient,2018-03-19 15:00:00,2018-03-19 15:00:00
20180249,intensification,2018-03-19 18:00:00,2018-03-23 00:00:00
20180249,mature,2018-03-23 03:00:00,2018-03-24 00:00:00
20180249,decay,2018-03-24 03:00:00,2018-03-27 12:00:00
20180255,intensification,2018-03-21 00:00:00,2018-03-21 21:00:00
20180261,incipient,2018-03-22 06:00:00,2018-03-22 09:00:00
20180261,decay,2018-03-22 12:00:00,2018-03-23 03:00:00
20180261,intensification,2018-03-23 06:00:00,2018-03-23 06:00:00
20180261,decay 2,2018-03-23 09:00:00,2018-03-23 12:00:00
20180263,incipient,2018-03-23 15:00:00,2018-03-23 18:00:00
20180263,intensification,2018-03-23 21:00:00,2018-03-24 12:00:00
20180263,mature,2018-03-24 15:00:00,2018-03-24 18:00:00
20180263,decay,2018-03-24 21:00:00,2018-03-25 09:00:00
20180263,residual,2018-03-25 12:00:00,2018-03-25 21:00:00
20180267,decay,2018-03-24 12:00:00,2018-03-24 21:00:00
20180267,intensification,2018-03-25 00:00:00,2018-03-25 18:00:00
20180276,incipient,2018-03-27 18:00:00,2018-03-28 06:00:00
20180276,decay,2018-03-28 09:00:00,2018-03-28 12:00:00
20180276,intensification,2018-03-28 15:00:00,2018-03-28 21:00:00
20180276,decay 2,2018-03-29 00:00:00,2018-03-29 03:00:00
20180278,incipient,2018-03-29 00:00:00,2018-03-29 03:00:00
20180278,intensification,2018-03-29 06:00:00,2018-03-30 09:00:00
20180278,mature,2018-03-30 12:00:00,2018-03-31 00:00:00
20180278,decay,2018-03-31 03:00:00,2018-04-02 18:00:00
20180283,intensification,2018-03-30 09:00:00,2018-03-30 21:00:00
20180283,decay,2018-03-31 00:00:00,2018-03-31 09:00:00
20180287,incipient,2018-03-31 12:00:00,2018-03-31 21:00:00
20180287,intensification,2018-04-01 00:00:00,2018-04-02 21:00:00
20180287,mature,2018-04-03 00:00:00,2018-04-03 21:00:00
20180287,decay,2018-04-04 00:00:00,2018-04-08 15:00:00
20180300,incipient,2018-04-04 18:00:00,2018-04-04 18:00:00
20180300,intensification,2018-04-04 21:00:00,2018-04-05 09:00:00
20180300,mature,2018-04-05 12:00:00,2018-04-05 15:00:00
20180300,decay,2018-04-05 18:00:00,2018-04-07 00:00:00
20180309,incipient,2018-04-07 03:00:00,2018-04-07 12:00:00
20180309,intensification,2018-04-07 15:00:00,2018-04-09 06:00:00
20180309,mature,2018-04-09 09:00:00,2018-04-09 18:00:00
20180309,decay,2018-04-09 21:00:00,2018-04-10 21:00:00
20180313,intensification,2018-04-09 15:00:00,2018-04-10 18:00:00
20180324,intensification,2018-04-13 00:00:00,2018-04-13 12:00:00
20180324,mature,2018-04-13 15:00:00,2018-04-13 18:00:00
20180324,decay,2018-04-13 21:00:00,2018-04-15 12:00:00
20180324,residual,2018-04-15 15:00:00,2018-04-15 21:00:00
20180327,intensification,2018-04-14 03:00:00,2018-04-14 09:00:00
20180327,decay,2018-04-14 12:00:00,2018-04-15 00:00:00
20180333,incipient,2018-04-16 12:00:00,2018-04-16 15:00:00
20180333,intensification,2018-04-16 18:00:00,2018-04-18 03:00:00
20180333,mature,2018-04-18 06:00:00,2018-04-18 18:00:00
20180333,decay,2018-04-18 21:00:00,2018-04-21 09:00:00
20180333,intensification 2,2018-04-21 12:00:00,2018-04-23 15:00:00
20180333,mature 2,2018-04-23 18:00:00,2018-04-24 00:00:00
20180333,decay 2,2018-04-24 03:00:00,2018-04-24 18:00:00
20180339,incipient,2018-04-18 12:00:00,2018-04-18 15:00:00
20180339,intensification,2018-04-18 18:00:00,2018-04-19 06:00:00
20180339,mature,2018-04-19 09:00:00,2018-04-19 12:00:00
20180339,decay,2018-04-19 15:00:00,2018-04-20 21:00:00
20180346,incipient,2018-04-19 18:00:00,2018-04-19 21:00:00
20180346,intensification,2018-04-20 00:00:00,2018-04-20 15:00:00
20180346,mature,2018-04-20 18:00:00,2018-04-20 21:00:00
20180346,decay,2018-04-21 00:00:00,2018-04-21 15:00:00
20180347,incipient,2018-04-20 06:00:00,2018-04-22 06:00:00
20180347,decay,2018-04-22 09:00:00,2018-04-22 15:00:00
20180347,intensification,2018-04-22 18:00:00,2018-04-24 06:00:00
20180347,decay 2,2018-04-24 09:00:00,2018-04-25 06:00:00
20180365,intensification,2018-04-26 06:00:00,2018-04-27 03:00:00
20180368,incipient,2018-04-26 18:00:00,2018-04-27 00:00:00
20180368,intensification,2018-04-27 03:00:00,2018-04-28 15:00:00
20180368,mature,2018-04-28 18:00:00,2018-04-29 15:00:00
20180368,decay,2018-04-29 18:00:00,2018-05-04 00:00:00
20180409,incipient,2018-05-09 03:00:00,2018-05-09 06:00:00
20180409,intensification,2018-05-09 09:00:00,2018-05-10 00:00:00
20180409,mature,2018-05-10 03:00:00,2018-05-10 06:00:00
20180409,decay,2018-05-10 09:00:00,2018-05-10 18:00:00
20180409,residual,2018-05-10 21:00:00,2018-05-12 06:00:00
20180415,incipient,2018-05-10 09:00:00,2018-05-10 18:00:00
20180415,intensification,2018-05-10 21:00:00,2018-05-12 15:00:00
20180415,mature,2018-05-12 18:00:00,2018-05-13 06:00:00
20180415,decay,2018-05-13 09:00:00,2018-05-15 18:00:00
20180415,intensification 2,2018-05-15 21:00:00,2018-05-18 09:00:00
20180415,mature 2,2018-05-18 12:00:00,2018-05-19 03:00:00
20180415,decay 2,2018-05-19 06:00:00,2018-05-20 21:00:00
20180416,intensification,2018-05-11 06:00:00,2018-05-12 00:00:00
20180416,decay,2018-05-12 03:00:00,2018-05-12 09:00:00
20180419,incipient,2018-05-12 12:00:00,2018-05-12 18:00:00
20180419,decay,2018-05-12 21:00:00,2018-05-13 21:00:00
20180422,intensification,2018-05-14 09:00:00,2018-05-15 00:00:00
20180422,decay,2018-05-15 03:00:00,2018-05-15 06:00:00
20180427,incipient,2018-05-15 09:00:00,2018-05-16 18:00:00
20180427,decay,2018-05-16 21:00:00,2018-05-17 06:00:00
20180427,intensification,2018-05-17 09:00:00,2018-05-17 21:00:00
20180427,mature,2018-05-18 00:00:00,2018-05-18 06:00:00
20180427,decay 2,2018-05-18 09:00:00,2018-05-20 03:00:00
20180435,incipient,2018-05-17 15:00:00,2018-05-17 18:00:00
20180435,intensification,2018-05-17 21:00:00,2018-05-18 12:00:00
20180435,mature,2018-05-18 15:00:00,2018-05-18 21:00:00
20180435,decay,2018-05-19 00:00:00,2018-05-20 00:00:00
20180438,incipient,2018-05-19 00:00:00,2018-05-19 06:00:00
20180438,intensification,2018-05-19 09:00:00,2018-05-21 00:00:00
20180438,mature,2018-05-21 03:00:00,2018-05-21 18:00:00
20180438,decay,2018-05-21 21:00:00,2018-05-25 03:00:00
20180441,incipient,2018-05-19 18:00:00,2018-05-19 21:00:00
20180441,intensification,2018-05-20 00:00:00,2018-05-24 00:00:00
20180441,mature,2018-05-24 03:00:00,2018-05-24 18:00:00
20180441,decay,2018-05-24 21:00:00,2018-05-25 18:00:00
20180445,incipient,2018-05-20 12:00:00,2018-05-20 18:00:00
20180445,intensification,2018-05-20 21:00:00,2018-05-21 15:00:00
20180445,mature,2018-05-21 18:00:00,2018-05-22 00:00:00
20180445,decay,2018-05-22 03:00:00,2018-05-23 06:00:00
20180464,incipient,2018-05-24 15:00:00,2018-05-24 18:00:00
20180464,decay,2018-05-24 21:00:00,2018-05-25 00:00:00
20180464,intensification,2018-05-25 03:00:00,2018-05-25 15:00:00
20180468,incipient,2018-05-26 03:00:00,2018-05-26 03:00:00
20180468,intensification,2018-05-26 06:00:00,2018-05-28 09:00:00
20180468,mature,2018-05-28 12:00:00,2018-05-28 21:00:00
20180468,decay,2018-05-29 00:00:00,2018-05-30 06:00:00
20180490,intensification,2018-06-01 03:00:00,2018-06-01 15:00:00
20180490,decay,2018-06-01 18:00:00,2018-06-02 00:00:00
20180496,intensification,2018-06-02 00:00:00,2018-06-02 18:00:00
20180496,mature,2018-06-02 21:00:00,2018-06-03 00:00:00
20180496,decay,2018-06-03 03:00:00,2018-06-03 21:00:00
20180496,intensification 2,2018-06-04 00:00:00,2018-06-04 21:00:00
20180496,mature 2,2018-06-05 00:00:00,2018-06-05 06:00:00
20180496,decay 2,2018-06-05 09:00:00,2018-06-06 03:00:00
20180516,incipient,2018-06-07 18:00:00,2018-06-08 06:00:00
20180516,intensification,2018-06-08 09:00:00,2018-06-10 00:00:00
20180516,mature,2018-06-10 03:00:00,2018-06-10 18:00:00
20180516,decay,2018-06-10 21:00:00,2018-06-13 09:00:00
20180535,decay,2018-06-14 12:00:00,2018-06-15 09:00:00
20180540,incipient,2018-06-15 12:00:00,2018-06-15 18:00:00
20180540,intensification,2018-06-15 21:00:00,2018-06-15 21:00:00
20180540,decay,2018-06-16 00:00:00,2018-06-16 09:00:00
20180540,intensification 2,2018-06-16 12:00:00,2018-06-16 15:00:00
20180545,incipient,2018-06-18 06:00:00,2018-06-18 21:00:00
20180545,intensification,2018-06-19 00:00:00,2018-06-20 15:00:00
20180545,mature,2018-06-20 18:00:00,2018-06-21 03:00:00
20180545,decay,2018-06-21 06:00:00,2018-06-22 18:00:00
20180548,incipient,2018-06-19 06:00:00,2018-06-19 12:00:00
20180548,intensification,2018-06-19 15:00:00,2018-06-20 18:00:00
20180548,mature,2018-06-20 21:00:00,2018-06-21 09:00:00
20180548,decay,2018-06-21 12:00:00,2018-06-24 12:00:00
20180555,intensification,2018-06-21 12:00:00,2018-06-22 21:00:00
20180555,mature,2018-06-23 00:00:00,2018-06-23 15:00:00
20180555,decay,2018-06-23 18:00:00,2018-06-27 18:00:00
20180558,incipient,2018-06-22 09:00:00,2018-06-22 21:00:00
20180558,intensification,2018-06-23 00:00:00,2018-06-24 00:00:00
20180558,mature,2018-06-24 03:00:00,2018-06-24 09:00:00
20180558,decay,2018-06-24 12:00:00,2018-06-25 03:00:00
20180563,incipient,2018-06-25 03:00:00,2018-06-25 09:00:00
20180563,intensification,2018-06-25 12:00:00,2018-06-26 12:00:00
20180563,mature,2018-06-26 15:00:00,2018-06-26 18:00:00
20180563,decay,2018-06-26 21:00:00,2018-06-27 09:00:00
20180563,residual,2018-06-27 12:00:00,2018-06-28 03:00:00
20180566,incipient,2018-06-26 00:00:00,2018-06-26 00:00:00
20180566,intensification,2018-06-26 03:00:00,2018-06-27 06:00:00
20180566,mature,2018-06-27 09:00:00,2018-06-27 15:00:00
20180566,decay,2018-06-27 18:00:00,2018-06-29 03:00:00
20180566,residual,2018-06-29 06:00:00,2018-06-29 18:00:00
20180576,incipient,2018-06-28 03:00:00,2018-06-28 15:00:00
20180576,intensification,2018-06-28 18:00:00,2018-06-30 15:00:00
20180576,mature,2018-06-30 18:00:00,2018-07-01 12:00:00
20180576,decay,2018-07-01 15:00:00,2018-07-04 21:00:00
20180578,incipient,2018-06-29 06:00:00,2018-06-29 12:00:00
20180578,intensification,2018-06-29 15:00:00,2018-06-30 18:00:00
20180578,mature,2018-06-30 21:00:00,2018-07-01 00:00:00
20180578,decay,2018-07-01 03:00:00,2018-07-01 21:00:00
20180583,intensification,2018-06-30 06:00:00,2018-06-30 15:00:00
20180583,mature,2018-06-30 18:00:00,2018-06-30 21:00:00
20180583,decay,2018-07-01 00:00:00,2018-07-02 03:00:00
20180602,incipient,2018-07-06 18:00:00,2018-07-06 21:00:00
20180602,intensification,2018-07-07 00:00:00,2018-07-07 21:00:00
20180602,mature,2018-07-08 00:00:00,2018-07-08 03:00:00
20180602,decay,2018-07-08 06:00:00,2018-07-08 21:00:00
20180608,incipient,2018-07-08 12:00:00,2018-07-09 06:00:00
20180608,intensification,2018-07-09 09:00:00,2018-07-11 00:00:00
20180608,mature,2018-07-11 03:00:00,2018-07-11 12:00:00
20180608,decay,2018-07-11 15:00:00,2018-07-13 06:00:00
20180610,incipient,2018-07-09 03:00:00,2018-07-09 06:00:00
20180610,intensification,2018-07-09 09:00:00,2018-07-11 12:00:00
20180610,mature,2018-07-11 15:00:00,2018-07-12 03:00:00
20180610,decay,2018-07-12 06:00:00,2018-07-14 06:00:00
20180616,decay,2018-07-10 18:00:00,2018-07-12 00:00:00
20180616,intensification,2018-07-12 03:00:00,2018-07-13 09:00:00
20180616,mature,2018-07-13 12:00:00,2018-07-13 18:00:00
20180616,decay 2,2018-07-13 21:00:00,2018-07-15 12:00:00
20180616,residual,2018-07-15 15:00:00,2018-07-15 15:00:00
20180628,incipient,2018-07-14 12:00:00,2018-07-14 18:00:00
20180628,intensification,2018-07-14 21:00:00,2018-07-16 00:00:00
20180628,mature,2018-07-16 03:00:00,2018-07-16 12:00:00
20180628,decay,2018-07-16 15:00:00,2018-07-18 09:00:00
20180654,incipient,2018-07-22 06:00:00,2018-07-23 00:00:00
20180654,intensification,2018-07-23 03:00:00,2018-07-24 21:00:00
20180654,mature,2018-07-25 00:00:00,2018-07-25 15:00:00
20180654,decay,2018-07-25 18:00:00,2018-07-28 06:00:00
20180686,decay,2018-07-30 12:00:00,2018-07-31 12:00:00
20180688,incipient,2018-07-31 12:00:00,2018-07-31 18:00:00
20180688,intensification,2018-07-31 21:00:00,2018-08-01 15:00:00
20180688,mature,2018-08-01 18:00:00,2018-08-02 00:00:00
20180688,decay,2018-08-02 03:00:00,2018-08-03 09:00:00
20180690,decay,2018-08-01 09:00:00,2018-08-01 18:00:00
20180690,intensification,2018-08-01 21:00:00,2018-08-02 00:00:00
20180690,decay 2,2018-08-02 03:00:00,2018-08-02 15:00:00
20180705,intensification,2018-08-05 12:00:00,2018-08-08 00:00:00
20180705,mature,2018-08-08 03:00:00,2018-08-08 15:00:00
20180705,decay,2018-08-08 18:00:00,2018-08-10 18:00:00
20180707,incipient,2018-08-06 18:00:00,2018-08-07 12:00:00
20180707,intensification,2018-08-07 15:00:00,2018-08-09 18:00:00
20180707,mature,2018-08-09 21:00:00,2018-08-10 18:00:00
20180707,decay,2018-08-10 21:00:00,2018-08-15 00:00:00
20180715,incipient,2018-08-08 03:00:00,2018-08-08 09:00:00
20180715,decay,2018-08-08 12:00:00,2018-08-09 03:00:00
20180715,intensification,2018-08-09 06:00:00,2018-08-09 09:00:00
20180719,intensification,2018-08-09 15:00:00,2018-08-10 21:00:00
20180719,mature,2018-08-11 00:00:00,2018-08-11 18:00:00
20180719,decay,2018-08-11 21:00:00,2018-08-16 21:00:00
20180723,incipient,2018-08-10 09:00:00,2018-08-10 18:00:00
20180723,intensification,2018-08-10 21:00:00,2018-08-12 00:00:00
20180723,mature,2018-08-12 03:00:00,2018-08-12 12:00:00
20180723,decay,2018-08-12 15:00:00,2018-08-14 00:00:00
20180725,incipient,2018-08-11 18:00:00,2018-08-13 03:00:00
20180725,intensification,2018-08-13 06:00:00,2018-08-14 15:00:00
20180725,mature,2018-08-14 18:00:00,2018-08-14 21:00:00
20180725,decay,2018-08-15 00:00:00,2018-08-15 15:00:00
20180733,incipient,2018-08-13 15:00:00,2018-08-13 18:00:00
20180733,intensification,2018-08-13 21:00:00,2018-08-18 18:00:00
20180733,mature,2018-08-18 21:00:00,2018-08-19 18:00:00
20180733,decay,2018-08-19 21:00:00,2018-08-24 06:00:00
20180747,incipient,2018-08-16 06:00:00,2018-08-16 18:00:00
20180747,intensification,2018-08-16 21:00:00,2018-08-19 09:00:00
20180747,mature,2018-08-19 12:00:00,2018-08-20 00:00:00
20180747,decay,2018-08-20 03:00:00,2018-08-21 12:00:00
20190004,incipient,2019-01-01 03:00:00,2019-01-03 03:00:00
20190004,decay,2019-01-03 06:00:00,2019-01-10 03:00:00
20190004,intensification,2019-01-10 06:00:00,2019-01-11 18:00:00
20190004,mature,2019-01-11 21:00:00,2019-01-12 09:00:00
20190004,decay 2,2019-01-12 12:00:00,2019-01-15 12:00:00
20190008,incipient,2019-01-02 12:00:00,2019-01-02 18:00:00
20190008,intensification,2019-01-02 21:00:00,2019-01-04 03:00:00
20190008,mature,2019-01-04 06:00:00,2019-01-04 18:00:00
20190008,decay,2019-01-04 21:00:00,2019-01-07 09:00:00
20190012,incipient,2019-01-04 06:00:00,2019-01-04 12:00:00
20190012,intensification,2019-01-04 15:00:00,2019-01-05 09:00:00
20190012,mature,2019-01-05 12:00:00,2019-01-05 18:00:00
20190012,decay,2019-01-05 21:00:00,2019-01-07 12:00:00
20190013,incipient,2019-01-05 03:00:00,2019-01-05 06:00:00
20190013,decay,2019-01-05 09:00:00,2019-01-05 15:00:00
20190013,intensification,2019-01-05 18:00:00,2019-01-06 06:00:00
20190013,decay 2,2019-01-06 09:00:00,2019-01-07 03:00:00
20190014,incipient,2019-01-05 06:00:00,2019-01-05 09:00:00
20190014,intensification,2019-01-05 12:00:00,2019-01-06 09:00:00
20190014,mature,2019-01-06 12:00:00,2019-01-06 18:00:00
20190014,decay,2019-01-06 21:00:00,2019-01-08 06:00:00
20190021,incipient,2019-01-07 00:00:00,2019-01-08 03:00:00
20190021,intensification,2019-01-08 06:00:00,2019-01-08 09:00:00
20190021,decay,2019-01-08 12:00:00,2019-01-10 09:00:00
20190021,intensification 2,2019-01-10 12:00:00,2019-01-12 15:00:00
20190021,mature,2019-01-12 18:00:00,2019-01-13 12:00:00
20190021,decay 2,2019-01-13 15:00:00,2019-01-17 03:00:00
20190028,incipient,2019-01-09 12:00:00,2019-01-10 06:00:00
20190028,intensification,2019-01-10 09:00:00,2019-01-11 18:00:00
20190028,mature,2019-01-11 21:00:00,2019-01-12 06:00:00
20190028,decay,2019-01-12 09:00:00,2019-01-13 09:00:00
20190036,incipient,2019-01-10 12:00:00,2019-01-10 18:00:00
20190036,intensification,2019-01-10 21:00:00,2019-01-12 03:00:00
20190036,mature,2019-01-12 06:00:00,2019-01-12 15:00:00
20190036,decay,2019-01-12 18:00:00,2019-01-14 15:00:00
20190036,intensification 2,2019-01-14 18:00:00,2019-01-17 06:00:00
20190036,mature 2,2019-01-17 09:00:00,2019-01-18 03:00:00
20190036,decay 2,2019-01-18 06:00:00,2019-01-20 21:00:00
20190042,incipient,2019-01-12 00:00:00,2019-01-12 06:00:00
20190042,intensification,2019-01-12 09:00:00,2019-01-13 21:00:00
20190042,mature,2019-01-14 00:00:00,2019-01-14 18:00:00
20190042,decay,2019-01-14 21:00:00,2019-01-19 00:00:00
20190050,intensification,2019-01-16 03:00:00,2019-01-16 18:00:00
20190050,decay,2019-01-16 21:00:00,2019-01-17 00:00:00
20190052,incipient,2019-01-17 12:00:00,2019-01-18 18:00:00
20190052,intensification,2019-01-18 21:00:00,2019-01-21 09:00:00
20190052,mature,2019-01-21 12:00:00,2019-01-22 09:00:00
20190052,decay,2019-01-22 12:00:00,2019-01-25 06:00:00
20190065,intensification,2019-01-21 00:00:00,2019-01-22 15:00:00
20190065,mature,2019-01-22 18:00:00,2019-01-23 09:00:00
20190065,decay,2019-01-23 12:00:00,2019-01-27 18:00:00
20190069,incipient,2019-01-24 00:00:00,2019-01-24 12:00:00
20190069,intensification,2019-01-24 15:00:00,2019-01-25 12:00:00
20190069,mature,2019-01-25 15:00:00,2019-01-25 18:00:00
20190069,decay,2019-01-25 21:00:00,2019-01-26 06:00:00
20190077,incipient,2019-01-25 18:00:00,2019-01-26 00:00:00
20190077,intensification,2019-01-26 03:00:00,2019-01-27 06:00:00
20190077,mature,2019-01-27 09:00:00,2019-01-27 18:00:00
20190077,decay,2019-01-27 21:00:00,2019-01-30 09:00:00
20190087,incipient,2019-01-28 12:00:00,2019-01-28 15:00:00
20190087,intensification,2019-01-28 18:00:00,2019-01-30 00:00:00
20190087,mature,2019-01-30 03:00:00,2019-01-30 15:00:00
20190087,decay,2019-01-30 18:00:00,2019-02-02 09:00:00
20190087,residual,2019-02-02 12:00:00,2019-02-02 18:00:00
20190094,incipient,2019-01-31 00:00:00,2019-01-31 03:00:00
20190094,intensification,2019-01-31 06:00:00,2019-02-01 06:00:00
20190094,mature,2019-02-01 09:00:00,2019-02-01 15:00:00
20190094,decay,2019-02-01 18:00:00,2019-02-02 15:00:00
20190096,incipient,2019-01-31 15:00:00,2019-01-31 15:00:00
20190096,intensification,2019-01-31 18:00:00,2019-02-03 15:00:00
20190096,mature,2019-02-03 18:00:00,2019-02-04 03:00:00
20190096,decay,2019-02-04 06:00:00,2019-02-05 00:00:00
20190110,incipient,2019-02-05 15:00:00,2019-02-05 18:00:00
20190110,intensification,2019-02-05 21:00:00,2019-02-07 12:00:00
20190110,mature,2019-02-07 15:00:00,2019-02-08 06:00:00
20190110,decay,2019-02-08 09:00:00,2019-02-10 21:00:00
20190116,incipient,2019-02-07 09:00:00,2019-02-07 09:00:00
20190116,intensification,2019-02-07 12:00:00,2019-02-09 00:00:00
20190116,mature,2019-02-09 03:00:00,2019-02-09 09:00:00
20190116,decay,2019-02-09 12:00:00,2019-02-10 15:00:00
20190118,incipient,2019-02-07 18:00:00,2019-02-08 12:00:00
20190118,intensification,2019-02-08 15:00:00,2019-02-10 06:00:00
20190118,mature,2019-02-10 09:00:00,2019-02-10 18:00:00
20190118,decay,2019-02-10 21:00:00,2019-02-11 21:00:00
20190120,intensification,2019-02-08 18:00:00,2019-02-09 15:00:00
20190122,incipient,2019-02-09 12:00:00,2019-02-09 15:00:00
20190122,intensification,2019-02-09 18:00:00,2019-02-10 12:00:00
20190122,mature,2019-02-10 15:00:00,2019-02-10 21:00:00
20190122,decay,2019-02-11 00:00:00,2019-02-12 09:00:00
20190129,incipient,2019-02-11 03:00:00,2019-02-11 09:00:00
20190129,intensification,2019-02-11 12:00:00,2019-02-11 12:00:00
20190129,decay,2019-02-11 15:00:00,2019-02-12 00:00:00
20190129,intensification 2,2019-02-12 03:00:00,2019-02-12 09:00:00
20190137,incipient,2019-02-13 12:00:00,2019-02-14 15:00:00
20190137,decay,2019-02-14 18:00:00,2019-02-17 06:00:00
20190137,intensification,2019-02-17 09:00:00,2019-02-18 15:00:00
20190137,decay 2,2019-02-18 18:00:00,2019-02-25 00:00:00
20190151,incipient,2019-02-17 03:00:00,2019-02-17 03:00:00
20190151,intensification,2019-02-17 06:00:00,2019-02-17 15:00:00
20190151,mature,2019-02-17 18:00:00,2019-02-17 21:00:00
20190151,decay,2019-02-18 00:00:00,2019-02-19 09:00:00
20190156,incipient,2019-02-18 00:00:00,2019-02-18 12:00:00
20190156,intensification,2019-02-18 15:00:00,2019-02-19 21:00:00
20190156,mature,2019-02-20 00:00:00,2019-02-20 09:00:00
20190156,decay,2019-02-20 12:00:00,2019-02-21 21:00:00
20190160,incipient,2019-02-19 12:00:00,2019-02-22 06:00:00
20190160,intensification,2019-02-22 09:00:00,2019-02-24 21:00:00
20190160,mature,2019-02-25 00:00:00,2019-02-25 18:00:00
20190160,decay,2019-02-25 21:00:00,2019-02-28 21:00:00
20190171,intensification,2019-02-23 00:00:00,2019-02-23 12:00:00
20190171,decay,2019-02-23 15:00:00,2019-02-23 21:00:00
20190172,incipient,2019-02-23 09:00:00,2019-02-23 15:00:00
20190172,intensification,2019-02-23 18:00:00,2019-02-25 00:00:00
20190172,mature,2019-02-25 03:00:00,2019-02-25 15:00:00
20190172,decay,2019-02-25 18:00:00,2019-02-28 12:00:00
20190178,intensification,2019-02-26 03:00:00,2019-02-26 18:00:00
20190178,mature,2019-02-26 21:00:00,2019-02-27 00:00:00
20190178,decay,2019-02-27 03:00:00,2019-03-01 06:00:00
20190188,incipient,2019-02-28 06:00:00,2019-02-28 09:00:00
20190188,decay,2019-02-28 12:00:00,2019-03-01 09:00:00
20190188,intensification,2019-03-01 12:00:00,2019-03-02 00:00:00
20190188,decay 2,2019-03-02 03:00:00,2019-03-03 00:00:00
20190190,incipient,2019-03-01 03:00:00,2019-03-01 06:00:00
20190190,intensification,2019-03-01 09:00:00,2019-03-02 09:00:00
20190190,mature,2019-03-02 12:00:00,2019-03-02 18:00:00
20190190,decay,2019-03-02 21:00:00,2019-03-04 00:00:00
20190190,residual,2019-03-04 03:00:00,2019-03-05 21:00:00
20190197,incipient,2019-03-04 03:00:00,2019-03-04 03:00:00
20190197,intensification,2019-03-04 06:00:00,2019-03-06 06:00:00
20190197,mature,2019-03-06 09:00:00,2019-03-06 18:00:00
20190197,decay,2019-03-06 21:00:00,2019-03-08 09:00:00
20190202,incipient,2019-03-05 09:00:00,2019-03-05 18:00:00
20190202,intensification,2019-03-05 21:00:00,2019-03-07 06:00:00
20190202,mature,2019-03-07 09:00:00,2019-03-08 00:00:00
20190202,decay,2019-03-08 03:00:00,2019-03-11 03:00:00
20190207,incipient,2019-03-06 09:00:00,2019-03-07 00:00:00
20190207,intensification,2019-03-07 03:00:00,2019-03-07 03:00:00
20190207,decay,2019-03-07 06:00:00,2019-03-08 03:00:00
20190207,intensification 2,2019-03-08 06:00:00,2019-03-10 00:00:00
20190207,mature,2019-03-10 03:00:00,2019-03-10 09:00:00
20190207,decay 2,2019-03-10 12:00:00,2019-03-11 00:00:00
20190209,intensification,2019-03-06 15:00:00,2019-03-09 00:00:00
20190218,incipient,2019-03-08 12:00:00,2019-03-09 00:00:00
20190218,decay,2019-03-09 03:00:00,2019-03-11 06:00:00
20190218,intensification,2019-03-11 09:00:00,2019-03-13 09:00:00
20190218,mature,2019-03-13 12:00:00,2019-03-14 00:00:00
20190218,decay 2,2019-03-14 03:00:00,2019-03-15 21:00:00
20190221,intensification,2019-03-09 15:00:00,2019-03-10 03:00:00
20190221,mature,2019-03-10 06:00:00,2019-03-10 12:00:00
20190221,decay,2019-03-10 15:00:00,2019-03-12 12:00:00
20190221,residual,2019-03-12 15:00:00,2019-03-14 18:00:00
20190237,incipient,2019-03-17 12:00:00,2019-03-17 12:00:00
20190237,intensification,2019-03-17 15:00:00,2019-03-19 06:00:00
20190237,mature,2019-03-19 09:00:00,2019-03-19 15:00:00
20190237,decay,2019-03-19 18:00:00,2019-03-21 03:00:00
20190239,incipient,2019-03-17 15:00:00,2019-03-17 15:00:00
20190239,intensification,2019-03-17 18:00:00,2019-03-19 03:00:00
20190239,mature,2019-03-19 06:00:00,2019-03-19 18:00:00
20190239,decay,2019-03-19 21:00:00,2019-03-22 21:00:00
20190239,intensification 2,2019-03-23 00:00:00,2019-03-26 00:00:00
20190239,mature 2,2019-03-26 03:00:00,2019-03-26 21:00:00
20190239,decay 2,2019-03-27 00:00:00,2019-03-30 00:00:00
20190255,decay,2019-03-22 12:00:00,2019-03-22 21:00:00
20190255,intensification,2019-03-23 00:00:00,2019-03-23 15:00:00
20190255,mature,2019-03-23 18:00:00,2019-03-23 21:00:00
20190255,decay 2,2019-03-24 00:00:00,2019-03-24 21:00:00
20190257,intensification,2019-03-23 09:00:00,2019-03-24 18:00:00
20190257,mature,2019-03-24 21:00:00,2019-03-25 06:00:00
20190257,decay,2019-03-25 09:00:00,2019-03-27 12:00:00
20190257,intensification 2,2019-03-27 15:00:00,2019-03-29 18:00:00
20190257,mature 2,2019-03-29 21:00:00,2019-03-30 06:00:00
20190257,decay 2,2019-03-30 09:00:00,2019-03-31 21:00:00
20190277,incipient,2019-03-28 03:00:00,2019-03-28 09:00:00
20190277,intensification,2019-03-28 12:00:00,2019-03-29 15:00:00
20190277,mature,2019-03-29 18:00:00,2019-03-30 00:00:00
20190277,decay,2019-03-30 03:00:00,2019-03-31 12:00:00
20190278,intensification,2019-03-28 03:00:00,2019-03-28 09:00:00
20190278,decay,2019-03-28 12:00:00,2019-03-29 06:00:00
20190310,intensification,2019-04-08 00:00:00,2019-04-09 06:00:00
20190310,mature,2019-04-09 09:00:00,2019-04-09 21:00:00
20190310,decay,2019-04-10 00:00:00,2019-04-12 18:00:00
20190310,residual,2019-04-12 21:00:00,2019-04-13 12:00:00
20190316,incipient,2019-04-10 06:00:00,2019-04-10 12:00:00
20190316,decay,2019-04-10 15:00:00,2019-04-10 18:00:00
20190316,intensification,2019-04-10 21:00:00,2019-04-11 00:00:00
20190316,decay 2,2019-04-11 03:00:00,2019-04-11 09:00:00
20190316,residual,2019-04-11 12:00:00,2019-04-11 12:00:00
20190325,incipient,2019-04-14 12:00:00,2019-04-14 21:00:00
20190325,intensification,2019-04-15 00:00:00,2019-04-18 00:00:00
20190325,mature,2019-04-18 03:00:00,2019-04-18 21:00:00
20190325,decay,2019-04-19 00:00:00,2019-04-21 09:00:00
20190332,incipient,2019-04-15 15:00:00,2019-04-16 00:00:00
20190332,intensification,2019-04-16 03:00:00,2019-04-17 06:00:00
20190332,mature,2019-04-17 09:00:00,2019-04-17 18:00:00
20190332,decay,2019-04-17 21:00:00,2019-04-18 21:00:00
20190337,incipient,2019-04-16 09:00:00,2019-04-16 15:00:00
20190337,intensification,2019-04-16 18:00:00,2019-04-18 21:00:00
20190337,mature,2019-04-19 00:00:00,2019-04-19 06:00:00
20190337,decay,2019-04-19 09:00:00,2019-04-20 00:00:00
20190342,intensification,2019-04-19 12:00:00,2019-04-19 21:00:00
20190342,decay,2019-04-20 00:00:00,2019-04-20 09:00:00
20190348,incipient,2019-04-20 03:00:00,2019-04-20 09:00:00
20190348,intensification,2019-04-20 12:00:00,2019-04-22 06:00:00
20190348,mature,2019-04-22 09:00:00,2019-04-22 18:00:00
20190348,decay,2019-04-22 21:00:00,2019-04-23 18:00:00
20190349,intensification,2019-04-20 15:00:00,2019-04-21 00:00:00
20190349,decay,2019-04-21 03:00:00,2019-04-21 15:00:00
20190371,incipient,2019-04-28 00:00:00,2019-04-28 00:00:00
20190371,decay,2019-04-28 03:00:00,2019-04-28 12:00:00
20190371,intensification,2019-04-28 15:00:00,2019-04-29 21:00:00
20190371,mature,2019-04-30 00:00:00,2019-04-30 03:00:00
20190371,decay 2,2019-04-30 06:00:00,2019-04-30 12:00:00
20190376,incipient,2019-04-29 09:00:00,2019-04-29 15:00:00
20190376,decay,2019-04-29 18:00:00,2019-04-30 00:00:00
20190376,intensification,2019-04-30 03:00:00,2019-04-30 12:00:00
20190376,decay 2,2019-04-30 15:00:00,2019-04-30 21:00:00
20190394,incipient,2019-05-04 18:00:00,2019-05-05 06:00:00
20190394,intensification,2019-05-05 09:00:00,2019-05-05 09:00:00
20190394,decay,2019-05-05 12:00:00,2019-05-06 03:00:00
20190394,intensification 2,2019-05-06 06:00:00,2019-05-06 21:00:00
20190397,incipient,2019-05-06 03:00:00,2019-05-06 09:00:00
20190397,intensification,2019-05-06 12:00:00,2019-05-07 09:00:00
20190397,mature,2019-05-07 12:00:00,2019-05-07 15:00:00
20190397,decay,2019-05-07 18:00:00,2019-05-08 09:00:00
20190400,intensification,2019-05-07 00:00:00,2019-05-07 21:00:00
20190414,intensification,2019-05-09 06:00:00,2019-05-16 00:00:00
20190414,mature,2019-05-16 03:00:00,2019-05-18 00:00:00
20190414,decay,2019-05-18 03:00:00,2019-05-25 03:00:00
20190425,intensification,2019-05-13 03:00:00,2019-05-15 06:00:00
20190509,incipient,2019-06-05 15:00:00,2019-06-05 15:00:00
20190509,intensification,2019-06-05 18:00:00,2019-06-06 06:00:00
20190509,mature,2019-06-06 09:00:00,2019-06-06 12:00:00
20190509,decay,2019-06-06 15:00:00,2019-06-07 18:00:00
20190512,incipient,2019-06-06 12:00:00,2019-06-07 00:00:00
20190512,intensification,2019-06-07 03:00:00,2019-06-08 12:00:00
20190512,mature,2019-06-08 15:00:00,2019-06-09 00:00:00
20190512,decay,2019-06-09 03:00:00,2019-06-09 21:00:00
20190517,incipient,2019-06-08 00:00:00,2019-06-08 12:00:00
20190517,intensification,2019-06-08 15:00:00,2019-06-14 00:00:00
20190517,mature,2019-06-14 03:00:00,2019-06-15 09:00:00
20190517,decay,2019-06-15 12:00:00,2019-06-19 03:00:00
20190519,incipient,2019-06-09 00:00:00,2019-06-09 00:00:00
20190519,intensification,2019-06-09 03:00:00,2019-06-10 00:00:00
20190519,mature,2019-06-10 03:00:00,2019-06-10 12:00:00
20190519,decay,2019-06-10 15:00:00,2019-06-13 03:00:00
20190529,incipient,2019-06-12 06:00:00,2019-06-12 06:00:00
20190529,intensification,2019-06-12 09:00:00,2019-06-12 21:00:00
20190529,mature,2019-06-13 00:00:00,2019-06-13 03:00:00
20190529,decay,2019-06-13 06:00:00,2019-06-14 12:00:00
20190529,residual,2019-06-14 15:00:00,2019-06-14 15:00:00
20190532,incipient,2019-06-13 15:00:00,2019-06-14 18:00:00
20190532,intensification,2019-06-14 21:00:00,2019-06-17 09:00:00
20190532,mature,2019-06-17 12:00:00,2019-06-18 03:00:00
20190532,decay,2019-06-18 06:00:00,2019-06-19 12:00:00
20190536,incipient,2019-06-15 00:00:00,2019-06-16 00:00:00
20190536,intensification,2019-06-16 03:00:00,2019-06-19 12:00:00
20190536,mature,2019-06-19 15:00:00,2019-06-20 21:00:00
20190536,decay,2019-06-21 00:00:00,2019-06-26 03:00:00
20190559,intensification,2019-06-22 03:00:00,2019-06-22 18:00:00
20190559,mature,2019-06-22 21:00:00,2019-06-23 00:00:00
20190559,decay,2019-06-23 03:00:00,2019-06-24 03:00:00
20190568,incipient,2019-06-24 15:00:00,2019-06-25 03:00:00
20190568,intensification,2019-06-25 06:00:00,2019-06-26 06:00:00
20190568,mature,2019-06-26 09:00:00,2019-06-26 18:00:00
20190568,decay,2019-06-26 21:00:00,2019-06-27 21:00:00
20190574,incipient,2019-06-26 15:00:00,2019-06-26 21:00:00
20190574,intensification,2019-06-27 00:00:00,2019-06-27 18:00:00
20190574,mature,2019-06-27 21:00:00,2019-06-28 03:00:00
20190574,decay,2019-06-28 06:00:00,2019-06-29 00:00:00
20190580,incipient,2019-06-28 18:00:00,2019-06-29 18:00:00
20190580,intensification,2019-06-29 21:00:00,2019-07-03 12:00:00
20190580,mature,2019-07-03 15:00:00,2019-07-04 21:00:00
20190580,decay,2019-07-05 00:00:00,2019-07-14 21:00:00
20190583,incipient,2019-06-29 06:00:00,2019-06-29 12:00:00
20190583,intensification,2019-06-29 15:00:00,2019-06-29 15:00:00
20190583,decay,2019-06-29 18:00:00,2019-06-30 06:00:00
20190583,intensification 2,2019-06-30 09:00:00,2019-06-30 21:00:00
20190591,incipient,2019-07-01 09:00:00,2019-07-01 18:00:00
20190591,intensification,2019-07-01 21:00:00,2019-07-02 00:00:00
20190591,decay,2019-07-02 03:00:00,2019-07-02 12:00:00
20190591,intensification 2,2019-07-02 15:00:00,2019-07-02 21:00:00
20190598,decay,2019-07-03 00:00:00,2019-07-03 06:00:00
20190598,intensification,2019-07-03 09:00:00,2019-07-03 18:00:00
20190598,decay 2,2019-07-03 21:00:00,2019-07-04 09:00:00
20190598,intensification 2,2019-07-04 12:00:00,2019-07-04 15:00:00
20190605,incipient,2019-07-05 00:00:00,2019-07-05 18:00:00
20190605,intensification,2019-07-05 21:00:00,2019-07-07 15:00:00
20190605,mature,2019-07-07 18:00:00,2019-07-08 06:00:00
20190605,decay,2019-07-08 09:00:00,2019-07-09 21:00:00
20190620,incipient,2019-07-08 00:00:00,2019-07-09 03:00:00
20190620,intensification,2019-07-09 06:00:00,2019-07-11 15:00:00
20190620,mature,2019-07-11 18:00:00,2019-07-12 12:00:00
20190620,decay,2019-07-12 15:00:00,2019-07-14 06:00:00
20190626,incipient,2019-07-12 00:00:00,2019-07-12 09:00:00
20190626,intensification,2019-07-12 12:00:00,2019-07-14 06:00:00
20190626,mature,2019-07-14 09:00:00,2019-07-14 18:00:00
20190626,decay,2019-07-14 21:00:00,2019-07-16 06:00:00
20190639,incipient,2019-07-14 18:00:00,2019-07-15 12:00:00
20190639,intensification,2019-07-15 15:00:00,2019-07-18 03:00:00
20190639,mature,2019-07-18 06:00:00,2019-07-19 03:00:00
20190639,decay,2019-07-19 06:00:00,2019-07-22 03:00:00
20190657,incipient,2019-07-19 15:00:00,2019-07-19 18:00:00
20190657,intensification,2019-07-19 21:00:00,2019-07-20 15:00:00
20190657,mature,2019-07-20 18:00:00,2019-07-21 00:00:00
20190657,decay,2019-07-21 03:00:00,2019-07-22 06:00:00
20190661,incipient,2019-07-21 00:00:00,2019-07-21 09:00:00
20190661,intensification,2019-07-21 12:00:00,2019-07-22 18:00:00
20190661,mature,2019-07-22 21:00:00,2019-07-23 06:00:00
20190661,decay,2019-07-23 09:00:00,2019-07-24 18:00:00
20190664,decay,2019-07-22 06:00:00,2019-07-24 03:00:00
20190674,incipient,2019-07-24 09:00:00,2019-07-24 15:00:00
20190674,intensification,2019-07-24 18:00:00,2019-07-26 00:00:00
20190674,mature,2019-07-26 03:00:00,2019-07-26 15:00:00
20190674,decay,2019-07-26 18:00:00,2019-07-28 18:00:00
20190674,residual,2019-07-28 21:00:00,2019-07-29 03:00:00
20190677,incipient,2019-07-26 12:00:00,2019-07-26 18:00:00
20190677,intensification,2019-07-26 21:00:00,2019-07-28 21:00:00
20190677,mature,2019-07-29 00:00:00,2019-07-29 12:00:00
20190677,decay,2019-07-29 15:00:00,2019-07-31 21:00:00
20190683,incipient,2019-07-28 09:00:00,2019-07-28 15:00:00
20190683,intensification,2019-07-28 18:00:00,2019-07-29 12:00:00
20190683,mature,2019-07-29 15:00:00,2019-07-29 21:00:00
20190683,decay,2019-07-30 00:00:00,2019-07-31 03:00:00
20190687,incipient,2019-07-29 00:00:00,2019-07-29 06:00:00
20190687,intensification,2019-07-29 09:00:00,2019-08-01 21:00:00
20190687,mature,2019-08-02 00:00:00,2019-08-02 15:00:00
20190687,decay,2019-08-02 18:00:00,2019-08-03 18:00:00
20190691,incipient,2019-07-31 00:00:00,2019-07-31 03:00:00
20190691,intensification,2019-07-31 06:00:00,2019-08-01 09:00:00
20190691,mature,2019-08-01 12:00:00,2019-08-01 18:00:00
20190691,decay,2019-08-01 21:00:00,2019-08-05 00:00:00
20190695,incipient,2019-08-01 03:00:00,2019-08-01 03:00:00
20190695,intensification,2019-08-01 06:00:00,2019-08-03 00:00:00
20190695,mature,2019-08-03 03:00:00,2019-08-03 09:00:00
20190695,decay,2019-08-03 12:00:00,2019-08-03 18:00:00
20190716,incipient,2019-08-06 06:00:00,2019-08-06 12:00:00
20190716,intensification,2019-08-06 15:00:00,2019-08-07 18:00:00
20190716,mature,2019-08-07 21:00:00,2019-08-08 06:00:00
20190716,decay,2019-08-08 09:00:00,2019-08-10 06:00:00
20190725,incipient,2019-08-10 09:00:00,2019-08-10 09:00:00
20190725,intensification,2019-08-10 12:00:00,2019-08-11 06:00:00
20190725,mature,2019-08-11 09:00:00,2019-08-11 12:00:00
20190725,decay,2019-08-11 15:00:00,2019-08-12 09:00:00
20190725,residual,2019-08-12 12:00:00,2019-08-14 03:00:00
20190728,intensification,2019-08-11 15:00:00,2019-08-12 09:00:00
20190728,decay,2019-08-12 12:00:00,2019-08-12 18:00:00
