"V1","V2","V3","V4","V5","V6","V7","V8","V9","V10","V11","V12","V13","V14","V15","V16","V17","V18","V19","V20","V21","V22","V23","V24","V25","V26","V27","V28","V29","V30","V31","V32","V33","V34","V35","V36","V37","V38","V39","V40","V41","V42","V43","V44","V45","V46","V47","V48","V49","V50","V51","V52","V53","V54","V55","V56","V57","V58","V59","V60","V61","V62","V63","V64","V65","V66","V67","V68","V69","V70","V71","V72","V73","V74","V75","V76","V77","V78","V79","V80","V81","V82","V83","V84","V85","V86","V87","V88","V89"
NA,NA,NA,NA,NA,NA,NA,NA,NA,NA,NA,NA,NA,NA,NA,NA,NA,NA,NA,NA,NA,NA,NA,NA,NA,NA,NA,NA,NA,NA,NA,NA,NA,NA,NA,NA,NA,NA,NA,NA,NA,NA,NA,NA,707.548584904245,NA,NA,NA,NA,NA,NA,NA,NA,NA,NA,NA,NA,NA,NA,NA,NA,NA,NA,NA,NA,NA,NA,NA,NA,NA,NA,NA,NA,NA,NA,NA,NA,NA,NA,NA,NA,NA,NA,NA,NA,NA,NA,NA,NA
NA,NA,NA,NA,NA,NA,NA,NA,NA,NA,NA,NA,NA,NA,NA,NA,NA,NA,NA,NA,NA,NA,NA,NA,NA,NA,NA,NA,NA,NA,NA,NA,NA,NA,NA,749.154766090976,789.382670192347,770.146090037468,740.422982870052,722.150439733734,722.374354896968,700.880428449398,704.281669273619,680.582844458505,687.931003053965,712.602118197874,697.493736417678,648.959259318703,617.952526447365,594.243216200236,626.996810199223,656.425999482001,656.220237420334,650.402332212215,NA,NA,NA,NA,NA,NA,NA,NA,NA,NA,NA,NA,NA,NA,NA,NA,NA,NA,NA,NA,NA,NA,NA,NA,NA,NA,NA,NA,NA,NA,NA,NA,NA,NA,NA
NA,NA,NA,NA,NA,NA,NA,NA,NA,NA,NA,NA,NA,NA,NA,NA,NA,NA,NA,NA,NA,NA,NA,NA,NA,NA,NA,NA,NA,NA,NA,515.014058821395,458.989949494583,611.770382723397,700.446286306095,735.619696883316,785.015923405379,760.345316287277,735.696948478108,713.542316921324,692.076464768638,679.579301640275,691.465834296967,670.363380133758,704.195143254807,673.740743349425,643.965952301318,615.325251493406,582.167782870992,572.125994955464,675.968157416046,648.465178252773,638.213513050369,666.093619170045,635.83629966764,638.846616959032,603.671652803886,585.768725692999,NA,NA,NA,NA,NA,NA,NA,NA,NA,NA,NA,NA,NA,NA,NA,NA,NA,NA,NA,NA,NA,NA,NA,NA,NA,NA,NA,NA,NA,NA,NA
NA,NA,NA,NA,NA,NA,NA,NA,NA,NA,NA,NA,NA,NA,NA,NA,NA,NA,NA,NA,NA,NA,NA,NA,NA,NA,NA,NA,NA,459.87160646951,471.928695226304,494.125730355224,503.838804835944,665.676347784717,612.237876778338,609.999974364424,710.661322002257,715.364242351934,731.864058415222,707.106781186548,682.367203197809,657.75389171943,662.248931982727,662.039441955252,673.232199948625,673.749867970745,637.523193075201,605.177597844332,571.182982939793,633.286052427452,660.018939122204,650.820625354685,660.018939122204,670.820393249937,631.191280898041,618.615122840889,600.624325564445,583.09518948453,577.383236495378,602.079728939615,NA,NA,NA,NA,NA,NA,NA,NA,NA,NA,NA,NA,NA,NA,NA,NA,NA,NA,NA,NA,NA,NA,NA,NA,NA,NA,NA,NA,NA
NA,NA,NA,NA,NA,NA,NA,NA,NA,NA,NA,NA,NA,NA,NA,NA,NA,NA,NA,NA,NA,NA,NA,NA,NA,NA,505.593710403917,515.415614223992,502.571279289741,480.997791402581,527.478870565562,498.571617381758,548.862460002504,673.469418214764,662.142702754289,675.462804305315,691.465834296967,688.015107332018,676.849318534044,650.984123266636,667.97373198957,654.31261641512,656.255914532283,667.52785781775,697.699967860055,657.883218930996,721.544122102987,696.558528497269,743.814396041629,719.809002444398,671.638235337116,649.905160514704,682.825014187383,660.748077871077,637.377439199098,621.642699575114,660.708754388325,653.133391664911,676.929923706612,702.286663150934,677.428085570693,738.665719695806,675.55508133169,NA,NA,NA,NA,NA,NA,NA,NA,NA,NA,NA,NA,NA,NA,NA,NA,NA,NA,NA,NA,NA,NA,NA,NA,NA,NA
NA,NA,NA,NA,NA,NA,NA,NA,NA,NA,NA,NA,NA,NA,NA,NA,NA,NA,NA,NA,NA,NA,NA,NA,530.381446793297,534.569879922356,538.545464411191,522.359705953798,510.099458879913,520.167594372326,537.487045953483,581.624896381598,581.538810206045,559.016994374947,750.416550990182,705.599300450517,673.999944955527,684.984395643853,687.84082460988,650.480591562884,671.75144212722,651.920240520265,673.335974476494,697.316284049068,721.778623986403,663.25963820419,691.617250171094,697.316284049068,739.388140165197,715.891053163818,688.347659198428,696.653421279592,706.422550179876,716.161829151908,674.005675492124,682.145074856357,707.548584904245,687.536322786508,702.213733735755,705.169247808897,729.138331407344,750.416550990182,728.868986855663,721.761836626011,731.864058415222,NA,NA,NA,NA,NA,NA,NA,NA,NA,NA,NA,NA,NA,NA,NA,NA,NA,NA,NA,NA,NA,NA,NA,NA
NA,NA,NA,NA,NA,NA,NA,NA,NA,NA,NA,NA,NA,NA,NA,NA,NA,NA,NA,NA,NA,NA,549.116323361815,550.567888638631,531.580582324834,535.081519783908,515.471042230249,517.862603409225,515.388203202208,491.172067609712,495.382582332487,559.016994374947,559.016994374947,541.188098178392,555.880614785438,596.437750472653,632.728745588444,656.608517538007,665.844865742413,650.155505935508,676.929923706612,652.109777553841,670.664439369633,691.856857969206,686.731401494822,711.073132666395,710.097280854469,702.412154948956,735.272058492637,712.106463161754,711.512473537885,697.230653184118,697.795152896712,716.532792467859,716.053277334966,687.33571657649,694.62219947249,673.145600891813,725.751162591954,712.143224039327,732.212999317562,738.343227766992,752.080447824566,757.136645791812,735.752617983874,791.083111126632,704.798655927978,NA,NA,NA,NA,NA,NA,NA,NA,NA,NA,NA,NA,NA,NA,NA,NA,NA,NA,NA,NA,NA,NA
NA,NA,NA,NA,NA,NA,NA,NA,NA,NA,NA,NA,NA,NA,NA,NA,NA,NA,NA,NA,NA,564.025708633924,561.871898258352,539.983513897097,534.511724114265,535.023363975817,522.015325445528,506.380060656269,506.211418282915,486.481666851137,475.836758714378,541.579261574246,516.007353011516,506.211418282915,589.403678331885,601.040764008565,636.396103067893,667.083203206317,681.451201210216,695.839594219771,675,650.246303175978,686.476510887299,716.330001144912,711.073132666395,761.199494107684,731.864058415222,746.035123962915,756.24161256013,794.512429103535,712.526672895053,720.03550205468,728.868986855663,706.864372987504,683.111947893474,682.639803897691,682.64323991009,682.968661415427,726.722092687432,730.616676229303,730.218067890101,736.510638620891,745.821694508815,760.345316287277,765.222638872827,776.611228350453,766.873937071133,716.290378295103,NA,NA,NA,NA,NA,NA,NA,NA,NA,NA,NA,NA,NA,NA,NA,NA,NA,NA,NA,NA,NA
NA,NA,NA,NA,NA,NA,NA,NA,NA,NA,NA,NA,NA,NA,NA,NA,NA,NA,NA,577.451326424916,576.376852813035,570.264765211599,553.398590529466,550.567888638631,535.023363975817,515.388203202208,516.677447041475,506.211418282915,506.211418282915,492.709700210997,478.585923460478,551.776409855358,570.087712549569,627.284350071732,642.929306443894,643.841219216077,618.478470750508,594.243216200236,637.511703384349,665.590189882473,685.512485694323,700.628426256066,711.608720574899,740.74104920163,769.627227452295,744.560343456973,764.985256113882,775.79611521073,766.128566796226,784.766533166719,766.893082508898,743.303437365925,719.809002444398,738.780312690488,716.32743909472,696.609088313137,720.179072778335,743.303437365925,755.95498508392,761.577310586391,745.297889314671,730.281845911748,752.080447824566,761.618255792047,770.467971808133,778.620575119872,795.42558104919,702.277443433465,674.485013186704,607.109670927539,NA,NA,NA,NA,NA,NA,NA,NA,NA,NA,NA,NA,NA,NA,NA,NA,NA,NA,NA
NA,NA,NA,NA,NA,NA,NA,NA,NA,NA,NA,NA,NA,NA,NA,NA,NA,NA,542.856100351817,557.448675416192,570.173521259481,554.104145084323,557.706940140619,542.448387577445,526.507497850752,514.400410093633,506.287426552588,492.442890089805,498.221661783359,515.515786925189,578.429647401222,637.377439199098,660.680378416332,661.910114743686,641.90585166952,613.494906246377,626.498204307083,618.465843842649,608.276253029822,663.639374465312,901.430036488581,801.648505401849,691.890795021573,751.664818918645,760.469113044216,848.896342317482,824.621125123532,789.77767683148,783.622428953545,783.022988168291,752.16833375844,735.66732129284,743.522862627391,728.868986855663,710.405409268674,727.38265201075,760.488092983957,763.430640521137,779.118226472193,756.871870314109,764.852927038918,721.543484483091,745.821694508815,770.146090037468,789.882882575684,781.424980404389,704.974124371286,634.571155002559,583.630876496438,585.707928114575,585.314873517506,NA,NA,NA,NA,NA,NA,NA,NA,NA,NA,NA,NA,NA,NA,NA,NA,NA,NA
NA,NA,NA,NA,NA,NA,NA,NA,NA,NA,NA,NA,NA,NA,NA,NA,NA,546.065355778301,546.065355778301,553.620895434595,571.471235855549,560.017179032402,548.292804986533,520.21630116712,506.211418282915,527.493042569429,520.323371469925,525.713280661946,515.64337064817,576.196008465096,638.213513050369,677.06073880854,699.551752363374,694.366113279693,680.876810888116,626.498204307083,626.498204307083,617.755188357406,738.94772675634,700.411287752634,695.071938722892,688.944097957248,676.849318534044,834.565234721048,824.597121183074,822.211009480666,801.994876859417,777.05875836928,770.146090037468,749.029305583137,743.413149996658,728.010988928052,723.475082152344,723.329822137512,728.277322583218,732.842491941661,759.061485867544,760.976713365573,776.611228350453,781.424980404389,770.146090037468,741.19745128926,802.858889976465,826.601696177645,838.45140885909,789.397504502969,797.669965390602,834.415963413932,735.272058492637,604.669331122391,629.483915600709,627.415945480261,NA,NA,NA,NA,NA,NA,NA,NA,NA,NA,NA,NA,NA,NA,NA,NA,NA
NA,NA,NA,NA,NA,NA,NA,NA,NA,NA,NA,NA,NA,NA,NA,515.388203202208,529.740502510427,535.217670534103,555.139169174308,562.776368036594,583.627044834565,581.511988843348,547.904827254254,523.234821572993,536.772763839597,548.862460002504,537.050816721289,559.016994374947,536.772763839597,559.169069232008,589.069700594634,650,673.145600891813,625.625,626.498204307083,634.266085713712,718.071829426191,775.988724575291,893.378419260282,885.389306689731,830.604564703592,823.511129083649,755.090999995222,831.741094603289,833.553429356822,813.941029804985,791.947549647941,782.45847127363,764.852927038918,740.491320992062,715.891053163818,697.921964059918,707.420092288247,718.787924214945,735.696948478108,752.287069536134,760.590335631032,757.029480401314,758.597226410622,752.256219692313,785.641975724717,819.035531565224,843.605040137204,852.008037231387,855.583591099461,834.933853549192,813.941029804985,831.122943341838,743.303437365925,602.144468994184,618.120884485571,632.455532033676,604.686500762843,649.847818570678,NA,NA,NA,NA,NA,NA,NA,NA,NA,NA,NA,NA,NA,NA,NA
NA,NA,NA,NA,NA,NA,NA,NA,NA,NA,NA,NA,NA,NA,558.531542612444,552.060910663932,553.468820577535,541.287298895982,570.635610525666,555.139169174308,577.668202767476,570.960492174936,548.862460002504,548.883777860455,539.891253032159,551.49349519346,548.989391682159,548.862460002504,571.182982939793,570.087712549569,559.672444403973,673.318799005437,576.462852516982,752.167384746221,775.715463572486,784.617741323761,777.05875836928,910.184793782179,912.96777415524,868.575154291954,840.819605928826,843.35638967165,767.527250924962,831.700096160279,790.892878016028,810.324467694554,783.265338692397,776.181038468345,760.345316287277,735.696948478108,715.891053163818,715.891053163818,701.811229251354,715.891053163818,740.354644748042,747.961311216158,767.105833470265,763.701046475858,765.898506717283,790.569415042095,814.425115450427,838.711009667971,869.626356546304,887.764045228235,881.887656247966,900.347155268455,831.317434164593,843.35638967165,753.434080999699,638.112232193846,615.183221471127,626.996810199223,654.383945448959,678.030409032503,499.133350970529,NA,NA,NA,NA,NA,NA,NA,NA,NA,NA,NA,NA,NA,NA
NA,NA,NA,NA,NA,NA,NA,NA,NA,NA,NA,NA,NA,550.567888638631,575.543221661067,582.820739653439,570.134224534218,575.328140204739,550.567888638631,539.690289406779,544.712876665205,556.451574870878,561.805126356106,538.000644239505,542.792538268672,541.019194161272,555.090082779363,583.09518948453,588.575442332072,570.087712549569,546.008241696039,536.937282356359,649.439202035614,800.390529679106,802.030049150097,895.526270507707,980.186423529914,931.58439446484,912.605434372473,888.208406942873,863.335593140001,857.543074594592,813.941029804985,813.841180543349,801.896490834007,803.575880020171,781.424980404389,759.142172378269,732.422937682286,733.828414572451,711.073132666395,711.073132666395,721.543484483091,727.199582732966,735.696948478108,760.345316287277,772.038860524238,749.186307294958,767.276355053335,790.960824036789,831.038506929733,855.131568824354,875.35707000058,886.181568557655,906.052321124472,919.077313832068,888.905137475773,893.378419260282,873.328460665532,613.76030020773,602.079728939615,650.280216436536,673.834855891991,677.054592442283,700.656060342752,547.214116058644,NA,NA,NA,NA,NA,NA,NA,NA,NA,NA,NA,NA,NA
NA,NA,NA,NA,NA,NA,NA,NA,NA,NA,NA,NA,612.882533606563,603.823425932891,561.860640913051,559.142212231422,564.14192026829,561.168344357073,546.240117974099,530.432807696683,531.507290636732,529.872574047062,555.465023523618,515.687887565733,512.95711321708,531.507290636732,575.543221661067,621.321545233694,575.745413031951,577.998768074658,639.692481593898,746.225840463755,813.17279836453,828.402076289045,922.02266377512,982.980162566875,977.936221490778,952.984586766044,918.579781808849,893.501534946303,710.502677678263,810.277600865889,785.015923405379,806.704597983133,800.438401575904,801.609651016703,775.433323648214,751.690767076963,726.722092687432,704.006392016436,705.595341466118,707.156360580046,709.948722590127,734.755386525507,764.852927038918,757.015551383592,761.577310586391,749.239013391048,778.620575119872,819.472999434324,848.974282648818,848.914732633323,856.079017448653,924.898409747065,897.739550509459,908.971976105812,908.639092269312,902.188316772591,815.574385803697,795.874343114487,820.146876952351,662.021493225015,682.90673094289,692.33911955885,582.91920371761,728.332609961252,751.675209641293,NA,NA,NA,NA,NA,NA,NA,NA,NA,NA,NA,NA
NA,NA,NA,NA,NA,NA,NA,NA,NA,NA,NA,640.824627470194,637.377439199098,614.215553474442,588.430114796991,581.750775866799,570.087712549569,553.398590529466,529.740502510427,510.557978929906,515.388203202208,531.59519247021,522.318442990344,519.321800670736,545.258009381046,610.327780786685,645.174395028197,610.327780786685,602.388875827123,638.254578520413,760.528499833687,743.303437365925,786.84640567339,831.038506929733,849.264387573151,831.080725135786,810.686477167143,826.383739232904,893.99009147487,879.164835281226,743.311585736153,729.966358575597,816.623368634228,803.781318586429,778.620575119872,732.129009960989,750.416550990182,750.416550990182,726.09263938564,701.78344238091,686.530176198694,702.270840482645,686.903432879948,704.083901745689,766.893082508898,750.509913670924,752.080447824566,738.664335134708,798.846806236593,822.401133043767,831.506917117171,852.012896834628,893.483112617545,920.244010492959,903.119593409422,925,928.26175168943,941.672815461858,928.169864050184,882.015505945906,662.504433217585,673.376140949463,694.62219947249,715.891053163818,815.375644540199,841.427097155037,753.807804720946,602.884093091593,NA,NA,NA,NA,NA,NA,NA,NA,NA,NA,NA
NA,NA,NA,NA,NA,NA,NA,NA,NA,NA,NA,629.972761442875,637.377439199098,625.49980015984,601.131478186411,608.91731642379,577.721181424329,561.805126356106,538.638684766864,495.621052483799,512.95711321708,530.733883258636,523.922361764207,550.652184602383,603.73781891086,762.910718053226,800,790.949818160991,750.561188261635,743.770539749437,750.317539012044,750.416550990182,780.547139355473,843.155807791156,925.337776166087,926.350365682445,876.540453580809,801.434573632921,843.276320738622,878.761872306413,725,705.834970730922,827.436248526018,838.729648533717,825,704.627956887417,726.710414475423,775.403120963541,725.005386330342,700.446286306095,682.367203197809,676.849318534044,679.153885360306,673.376140949463,750.633920278788,767.105833470265,761.577310586391,750.581376343271,818.91696770796,818.91696770796,825.378700960959,850.379119853179,887.764045228235,900.39734156544,890.103284674118,916.856041044612,908.860483186977,914.071450446827,933.520186456209,643.838260981449,659.063611157135,698.780613682832,923.630635142123,980.540636976692,1060.49805059143,1061.33365389362,839.503196008218,605.655154032219,NA,NA,NA,NA,NA,NA,NA,NA,NA,NA,NA
NA,NA,NA,NA,NA,NA,NA,NA,NA,NA,614.918693812442,609.975544452447,632.578579712812,648.556088553642,617.989255891364,617.643090467388,598.200299981249,594.413154895444,548.292804986533,548.328070264688,534.438958160799,520.194656590254,515.388203202208,536.772763839597,654.171472702824,825.378700960959,800.990383979275,775.403120963541,751.834776097796,801.792227047179,807.034478627648,928.035559663529,980.308546675525,973.822287544704,965.153806483532,955.282924564279,933.855413739531,901.387818865997,877.051417440858,759.93966476478,707.990112925315,826.513762740827,825.378700960959,850.395111352537,751.413916988435,728.019554748243,612.310979047186,729.33741372687,726.722092687432,701.78344238091,700,675.498085924479,717.115100010695,740.354644748042,765.252148404047,759.111322534449,771.827999225767,755.505043204943,750.664770122609,785.015923405379,811.249036979398,819.659865382972,848.896342317482,850.636826382049,883.883476483184,908.639092269312,764.356669853789,713.04982001989,657.647321898295,673.145600891813,690.077859811676,984.88578017961,1026.52253613761,1049.99914336974,1055.04739230046,1028.74674526997,851.504988126189,673.145600891813,544.536772313898,NA,NA,NA,NA,NA,NA,NA,NA,NA,NA
NA,NA,NA,NA,NA,NA,NA,NA,NA,609.048459750626,588.344736383375,593.127912799323,627.126568061721,627.606259030655,617.454451761423,610.327780786685,590.19782496804,553.455850339653,530.779153867326,552.004383237172,537.117641959573,515.388203202208,566.405947608204,570.959554570922,666.959277840962,826.532650182616,849.701447663022,867.827747885489,917.425433989668,915.503380534903,921.954445729289,961.456919724554,1020.25092896642,1028.1090142335,1005.60926805594,1001.41254469535,951.598111125507,903.532220848477,926.384051221454,752.450763691675,705.779710674655,801.667499394537,689.622214023295,673.145600891813,650,660.805111501573,612.882533606563,662.42154195504,728.868986855663,725.430906427345,713.656178756776,704.356979540395,806.225774829855,792.011671634331,770.428062296641,794.512429103535,750.416550990182,756.637297521078,742.041103982791,763.30349129761,788.039172660073,776.636345185071,777.601982288335,800.55991093068,738.24115301167,649.882430909859,682.825014187383,638.844931471192,608.893082830542,605.326884674487,645.270978884676,695.206297412472,715.017482303755,1046.78643821819,1037.75561648756,706.39862900282,687.211874444212,686.476510887299,622.070688185622,391.411216348928,NA,NA,NA,NA,NA,NA,NA,NA,NA
NA,NA,NA,NA,NA,NA,NA,NA,530.029466657033,567.132485640692,617.454451761423,621.137359738224,604.152298679729,638.846616959032,617.454451761423,601.494972448447,605.307581495097,542.655814284488,531.529156701892,550.567888638631,550.610392694149,531.507290636732,570.412899472943,728.019554748243,746.092084584121,828.435031672053,853.773302514596,903.465549979633,925.277056533561,906.046817423298,912.451994960227,980.669884354711,976.426148208449,987.329167072792,983.28620512691,990.580637807947,978.658896849151,1004.98756211209,875.311410092775,727.397557159848,633.355464635509,693.311063333738,648.934839940122,648.556088553642,648.556088553642,661.664598932414,729.346338714961,756.637297521078,704.183060532685,707.106781186548,707.106781186548,707.467698768961,716.639319197443,775.926521350515,809.706737035082,809.706737035082,809.736954557679,785.796559966888,760.57736431666,765.146884571706,750.393937083077,780.004837366844,800.390529679106,735.381875929559,683.702316673903,626.661645857425,627.901326398831,588.771355150557,583.630876496438,579.87067523716,660.089656730486,686.476510887299,614.918693812442,638.107559969296,638.895458557526,561.805126356106,651.920240520265,665.676347784717,425.450028216668,388.104367406501,382.027676108872,NA,NA,NA,NA,NA,NA,NA,NA
NA,NA,NA,NA,NA,NA,NA,NA,533.27258454003,568.835884991617,549.441565266876,604.152298679729,570.635610525666,587.879334520507,575.597314830768,570.586049387337,585.768725692999,586.998076246372,548.377770958943,550.708354110099,555.897293755778,573.89182873717,692.761774373691,775.403120963541,856.016759532363,850.071478977606,885.295434515797,901.387818865997,881.170543343956,908.733474451198,895.282242732598,919.247311281339,920.003747743744,954.622764674944,975.156438859617,977.880360780397,992.47166206396,955.24865872714,732.483569940087,617.755364811607,629.625370166935,637.377439199098,617.473407616368,604.669331122391,732.66959635084,673.260870920638,694.62219947249,827.148543848104,738.660231749295,751.664818918645,794.672068142237,727.192922646858,715.891053163818,782.264627103533,806.225774829855,811.316336800037,853.302408293801,838.525491562421,859.142013871979,860.232526704263,840.014880820572,805.062109405231,763.413098749964,697.483536748252,694.62219947249,637.656905432962,602.962171696102,564.025708633924,559.016994374947,559.016994374947,581.670890663315,588.430114796991,581.48516748065,592.663479556485,516.380750191637,551.581064275809,630.971473206198,514.78150704935,503.115294937453,421.538592036337,378.532412036299,NA,NA,NA,NA,NA,NA,NA,NA
NA,NA,NA,NA,NA,NA,NA,480.59249931321,549.443740591013,559.034975144738,571.182982939793,566.251110912091,548.584753182218,590.660826880298,535.023363975817,550.567888638631,580.996168311581,581.538810206045,581.624834039714,607.489319331223,604.988959138367,596.925889377793,816.241385865725,805.660475809001,794.700761900934,834.467332515788,850.367567584747,900.347155268455,878.279341924648,887.178170580043,885.05353296675,901.623784825501,922.293337284836,919.918474648705,938.416218956173,957.209485953832,969.206606366009,937.263385908742,732.491170807994,656.220237420334,617.454451761423,648.556088553642,660.492240681145,906.070527872581,875.463650081612,875.102671422409,883.883476483184,893.378419260282,802.530822870466,973.432274929511,848.896342317482,775.940204697726,825.89943301964,806.5261077853,848.528137423857,843.05468998955,834.814753518202,831.038506929733,814.989057520641,839.140699900401,825.378700960959,790.569415042095,728.010988928052,691.465834296967,639.597842935962,640.710119085211,575.651408000469,564.781146323082,534.438958160799,538.760888820278,548.292804986533,564.492893407326,559.293762329313,570.635610525666,583.09518948453,596.343022093828,610.327780786685,626.498204307083,480.884601541784,476.432812325978,390.846855713827,340.036762718386,NA,NA,NA,NA,NA,NA,NA
NA,NA,NA,NA,NA,NA,516.225059622215,546.746616195165,523.167277476961,539.223298756558,548.980593019959,559.086697674476,545.564160413231,553.398590529466,535.023363975817,529.441434189979,555.090082779363,570.087712549569,583.802146975431,653.226961392656,711.073132666395,693.70481262931,782.90427109093,788.980460584006,807.938474887049,853.346221691937,851.46931829632,875.22208691208,876.427407147905,868.087264276165,866.746791167986,872.58694274654,885.109510481245,813.959272627982,921.954445729289,957.804815390124,960.468635614927,980.114789195633,937.994979700023,946.596511467129,945.05290857179,950.328890437411,993.704413306188,1068.48895595356,1085.50807676049,1110.46161572564,1090.53536376005,1110.18016555873,1030.31028120234,1004.05428140116,775.828622313824,825.828143178726,934.060424887619,876.223486654567,818.942300031042,822.466980653486,840.506925911183,834.415963413932,870.433945048659,883.883476483184,905.948336575116,807.601566762231,756.169204570197,727.540530468518,686.476510887299,622.18519011367,577.223760886383,527.835611230401,515.388203202208,515.388203202208,538.807588783984,525.594901040716,542.532784413065,548.862460002504,561.805126356106,575.543221661067,592.663479556485,605.307581495097,554.49958461424,451.000493515596,375.426609847903,320.277306574851,292.931157583624,NA,NA,NA,NA,NA,NA
NA,NA,NA,NA,NA,NA,517.666192733334,513.120112417264,506.69600535186,550.567888638631,536.344384672433,563.337694111583,555.473565815783,575.543221661067,561.805126356106,532.543759812359,533.551424864754,565.961840741485,626.039810579681,652.650663976295,600.875008216565,762.800655116337,786.765150286499,822.599137172362,834.977355883676,835.737880477706,849.291949207191,848.896342317482,859.142013871979,850.367567584747,848.601666945669,851.46931829632,826.513762740827,801.585314055387,778.214528619135,867.827747885489,884.590300647707,903.509924420412,817.357599965076,938.416218956173,975,976.581600009567,975.827833342319,1054.77965953911,1076.24189987016,1055.04739230046,1075.29065838033,1095.79444458515,1122.77557864428,997.726844930943,972.432516938836,948.683298050514,1105.05400328925,1015.58149176928,878.440876443023,833.07035976399,808.510613151747,807.774721070176,851.492231921289,855.862138431184,814.57209744078,814.622721957203,755.810822891549,682.985692647528,696.520085670378,631.051547781109,627.126568061721,604.797448156017,575.617495983812,529.740502510427,522.20845487215,527.835611230401,530.330085889911,541.412516752457,548.139604442728,559.169069232008,581.48516748065,604.152298679729,550.876649779349,503.115294937453,412.633171795791,395.480412018394,325.960120260132,NA,NA,NA,NA,NA,NA
NA,NA,NA,NA,NA,527.375577743225,521.397726347036,525.720625929038,527.375577743225,535.383538546737,534.738466140996,581.538810206045,605.18592184551,541.591448610103,548.292804986533,531.886013583225,585.768725692999,565.71301938645,583.363032990484,575.543221661067,590.100209010716,730.154093325512,785.157942161413,840.599553864053,831.038506929733,832.541290267336,855.862138431184,843.35638967165,848.528137423857,831.262916277004,849.264387573151,833.725570911409,807.298528281687,800.390529679106,776.705145716272,774.008593302687,866.386172558173,885.676432123102,932.444398246495,966.920079049269,1001.66708057129,1020.99106727499,980.114789195633,966.518885896613,950.850208119256,1044.39336201503,1061.24926383956,1070.57319383003,1083.3520124022,1062.25237650161,965.012953280939,942.650955490067,1000.62480480947,1202.76977995967,788.798120281388,729.761559591116,753.905787701647,775.194013570764,755.90339855695,756.828879205478,799.187515463883,763.216876123687,742.281696856188,726.722092687432,686.476510887299,618.970920156997,627.096176774397,604.785148267038,480.013650100271,498.420144308235,469.707355701398,531.580582324834,546.397761412723,540.055977172154,525.594901040716,548.461709003652,657.647321898295,594.243216200236,608.789783094296,632.455532033676,391.311896062463,320.156211871642,316.325977163208,324.911569721252,NA,NA,NA,NA,NA
NA,NA,NA,NA,NA,530.836030958629,531.507290636732,506.440837905897,539.53597942693,528.625000708675,512.164611263965,617.08356345222,521.085200435104,575.617495983812,605.114869780153,599.476261118941,602.079728939615,583.630876496438,567.528047929134,667.257786359577,739.911676921509,787.407995004407,787.407995004407,790.569415042095,813.464408246331,813.941029804985,834.415963413932,838.525491562421,813.941029804985,814.173533060765,828.505556638502,828.435031672053,806.225774829855,789.501078655374,776.022275999334,792.343834024328,849.264387573151,867.827747885489,962.203199265976,906.571651312923,951.02281864074,948.262168683784,965.173795874682,985.337465088053,1005.72911502039,1075.29065838033,1055.04739230046,1033.80043970875,1031.18384875179,1025.92684246061,1123.05387226081,1110.92478042656,1099.20300321242,867.50944563089,829.024584589164,775.403120963541,763.216876123687,742.041103982791,721.196514265739,722.087483305162,729.292804546992,675.462804305315,704.314418193393,704.800027125261,826.010326228431,701.78344238091,617.454451761423,596.343022093828,567.486685859084,527.869951383176,535.023363975817,551.017093711252,534.507972811502,584.257388011573,612.882533606563,637.51717231603,661.969024694577,593.451539587907,608.789783094296,475.836758714378,391.311896062463,336.049329472419,330.353195402065,325.960120260132,NA,NA,NA,NA,NA
NA,NA,NA,NA,579.87067523716,581.742599498887,583.657599611395,566.054035989711,554.265480307538,540.832691319598,617.680545575065,539.782776679103,519.944029388525,562.576585186115,557.010058180255,596.723773602634,561.805126356106,506.84381509176,740.104562822419,800.390529679106,806.225774829855,790.569415042095,775.403120963541,766.893082508898,787.746796301894,801.56097709407,813.17279836453,813.192004150541,809.706737035082,797.260935955099,781.114786933993,805.062109405231,781.977054244265,783.265338692397,776.611228350453,794.1328353802,832.541290267336,852.439016927655,799.661604009915,855.295982436916,929.308964253983,952.955927627296,928.314226298203,966.104965258815,1044.03065089106,1068.00046816469,1049.40459309077,1035.88544522289,1000.62480480947,852.080963996754,880.151527744791,927.698765763974,903.465549979633,880.043111306059,855.131568824354,856.052980019368,807.000619578449,783.022988168291,759.111322534449,735.272058492637,701.664284228157,660.018939122204,675.55508133169,682.673578104676,675.904492529518,676.789838985503,617.960147802036,622.129643106327,562.025888460345,540.911481956729,534.438958160799,513.730299229877,559.324667901466,583.938943703105,620.921263944575,632.949445058608,657.647321898295,682.367203197809,609.971117423533,448.984628845371,403.887360535088,403.132249242931,395.284707521047,388.1845556229,350.891721190455,NA,NA,NA,NA
NA,NA,NA,NA,571.000595150924,561.805126356106,576.802352172453,564.350652101754,617.847293133509,638.564318695587,639.010037253547,610.922654701049,614.918693812442,620.853192940946,604.152298679729,538.807588783984,558.468852083522,578.176934849027,785.015923405379,789.382670192347,781.424980404389,759.548820179849,751.664818918645,751.343127889459,783.310224191672,800.390529679106,800.390529679106,813.941029804985,806.225774829855,794.512429103535,790.569415042095,785.015923405379,741.196434033327,749.569536690419,760.345316287277,753.740671584067,729.686694948931,791.900122430014,761.7170733961,803.530033515928,870.263839870107,896.863364389193,936.082261342453,941.076511235936,965.012953280939,972.846754571431,1021.01441527574,1019.80390271856,995.301461869719,918.126290700954,856.867194945191,839.940496510821,920.364689700264,913.024925882296,898.773952245188,903.465549979633,870.565141109525,880.695747690427,797.324809187973,735.272058492637,662.004270569712,645.174395028197,638.813108816796,670.820393249937,660.86650477175,615.063437693625,592.663479556485,570.635610525666,548.862460002504,527.375577743225,481.201186751048,472.175594870418,465.026880943457,474.341649025257,602.646828343418,640.800280898815,636.344261146443,570.087712549569,450.95099226879,437.463385527231,369.350528312203,381.608438061844,379.323223151109,366.146552701151,357.945526581909,NA,NA,NA,NA
NA,NA,NA,NA,577.16981903076,583.630876496438,588.430114796991,571.759488771304,596.343022093828,585.471461825278,678.149810242085,681.063731785063,614.918693812442,643.106496993302,638.846616959032,645.667999146508,605.791146088051,700.962885525763,750.416550990182,751.66995684048,761.057146582508,777.444802970272,760.401661421673,760.417105283188,772.172260574025,770.468012490739,776.022275999334,787.835262127232,797.300094192059,785.015923405379,762.028455963212,704.450140180269,687.980020786859,680.251722548176,697.385236012321,729.049417487041,702.270840482645,715.871887635196,746.172049387225,830.446076947744,862.280092043485,901.387818865997,933.407735129724,934.152238515623,933.407735129724,908.639092269312,989.440499360555,940.297853876199,990.580637807947,989.150730894081,890.224690738243,1109.61705105861,898.335030799297,925.054871901799,1225.48218982753,942.655582335592,826.800037259327,884.364379406341,785.012061032645,752.287069536134,660.492240681145,669.379716638865,682.825014187383,670.820393249937,687.080436119557,614.918693812442,592.663479556485,559.016994374947,536.772763839597,515.515786925189,515.687887565733,527.514839030353,561.805126356106,576.376852813035,585.126968862391,594.930113397152,595.792641730739,564.025708633924,452.769256906871,416.082924427331,403.112887414927,380.829600498852,373.409195967451,390.572136591904,419.349229188237,NA,NA,NA,NA
NA,NA,NA,561.805126356106,577.766592655205,613.618521917618,588.430114796991,630.971473206198,617.454451761423,604.669331122391,725.846161366232,825.378700960959,728.010988928052,661.910114743686,744.186407271414,727.35605156586,725.516858438053,700.635772660684,731.321706280153,745.994388586942,806.225774829855,814.396650281227,764.628706285959,746.059584915441,737.876883948532,773.253195484929,755.878315112742,761.987532706409,775.403120963541,760.468218211363,708.069586026047,682.504043733111,703.089801685022,695.21865847467,670.85413389639,676.849318534044,686.775290378914,695.071938722892,728.949025251125,750.416550990182,816.428431890519,879.275269753449,886.002257333467,927.041420724229,901.387818865997,905.538513813742,905.555762168888,929.045208803102,984.288260047187,1058.58984080643,1098.29413182444,1081.21387193862,945.963320717322,1192.75844329385,1253.99362039845,877.997786157357,863.133825081603,856.659686101111,861.668431773209,834.530352841548,756.881635309915,696.419413859206,673.387586224202,702.509024520072,740.689295418943,604.510137308802,592.663479556485,608.276253029822,546.008241696039,605.18592184551,529.740502510427,530.261187163632,553.675398418611,552.027046510614,592.663479556485,561.805126356106,551.208370550696,534.205845653201,450.693909432999,382.426463519459,371.735425715889,378.318648760539,403.112887414927,414.518818198615,376.838672333523,379.559969768077,NA,NA,NA
NA,NA,NA,588.430114796991,564.555940806475,570.316992577662,622.262612392425,631.49519238905,638.846616959032,802.784714288745,812.8125,801.015233961152,859.142013871979,828.582329131611,884.489009318548,797.37419207932,890.224690738243,779.989681319066,882.485673974093,848.545183562932,813.941029804985,764.681086461145,760.345316287277,715.961708555309,711.084116188182,704.606506939227,743.397481183107,743.303437365925,749.18704810887,743.303437365925,693.271231193102,691.412507093692,682.825014187383,680.716180067719,682.367203197809,664.34814615854,673.82811802717,688.647888788583,716.32743909472,738.24115301167,751.42201278884,810.066971466674,807.594099656262,895.630710508536,928.035559663529,916.381230070194,897.027848617988,956.523207005834,1028.65203057205,1107.3617295175,1129.73998763822,967.946325620826,897.713638461533,879.618719691141,863.495801958527,886.70739254841,883.379870354199,834.915573691877,829.001670964195,810.174120516432,720.574191158043,697.591514446874,680.626975616298,674.355547981595,745.821694508815,761.135125525402,807.548680805908,770.331962954567,627.05898783426,649.109811568181,592.663479556485,581.48516748065,596.343022093828,613.908713261578,588.077892331488,588.879145005774,546.008241696039,513.892115056118,445.160017918761,431.566912540802,382.169623706048,375.832409459323,400.780488547035,356.325239787358,375,381.628888698284,NA,NA,NA
NA,NA,625.944937094152,655.035011405804,661.606568794222,631.411088589884,666.196351862282,673.145600891813,731.864058415222,800.390529679106,800,813.452146209966,842.942640855126,853.302408293801,887.934342398707,892.363380811483,928.132619334169,957.366023903004,890.408227308557,839.437354273361,814.377971211392,715.022442538691,686.53887742992,680.158295283381,695.071938722892,680.153562754904,680.210307241137,700.340008671166,710.633520177595,713.902767704708,691.950213980963,700.446286306095,696.430624736579,725.273618128362,700.247612530555,710.320928644057,661.479934664117,682.367203197809,704.488870739318,726.775765041637,761.952211508184,806.464132139639,872.165034193196,858.445014171315,926.392495531972,934.090801544519,965.660395791398,1005.49793808282,1096.58560997307,1119.43065886191,1110.46161572564,1097.72492000501,903.465549979633,894.92547904783,864.398025464055,896.172416446746,873.212459828649,782.38757739508,781.514753979414,801.802792175413,773.786461257089,688.480193440075,664.266512779321,719.761731232969,632.949445058608,664.699382012758,655.013981084687,672.853643710356,727.675363546219,690.028607134079,675.55508133169,695.354816509475,716.215501506114,735.399123149022,662.42154195504,693.615415140161,589.936147859048,485.508006937555,388.104367406501,384.537957751264,378.372485449182,394.600879491024,395.284707521047,358.608051201107,371.735425715889,384.997804760701,355.447719275237,NA,NA
NA,NA,701.78344238091,700.46300075703,728.813096823068,700.446286306095,701.78344238091,742.187348577807,785.041322218019,791.492978749229,785.47822367023,855.037158296071,827.247472133086,801.48269862347,881.213049469816,1029.8664962023,1022.76046629497,910.013736160065,867.863697766463,817.213640439691,800.390529679106,707.106781186548,666.548244715212,667.083203206317,654.665609077717,645.450541088,673.145600891813,604.152298679729,659.596615088359,707.990112925315,682.318700009215,689.824803772999,726.999288186945,743.577911814485,700.623843771049,686.662712673988,669.63032908337,674.333167641233,695.05028431478,716.32743909472,819.14466246736,850,872.13817712562,894.427190999916,926.720390208526,939.414711402797,964.256882547283,987.992959741031,1020.47961483588,1041.30465118704,1052.31363113899,1051.48704224065,897.566153550812,867.962365684068,779.281613477006,789.889447154877,735.696948478108,765.519778953639,753.521105054829,810.394454162137,825.604632522283,764.725663018188,720.407686613246,687.84082460988,700.612798678106,654.634627777891,637.943476697176,704.006392016436,675.55508133169,673.586316489645,683.084851434524,735.696948478108,711.592905810115,735.696948478108,760.345316287277,686.476510887299,579.87067523716,474.423716033715,425.16417281352,378.359771126805,391.311896062463,395.284707521047,381.151056598892,371.651718682963,380.788655293195,378.400893493072,373.367712857944,NA,NA
NA,NA,712.039344797548,748.816295768853,753.113686940865,760.345316287277,756.637297521078,827.681230168023,867.988597883051,995.685810488719,1051.48704224065,1040.81971565657,1038.87975358829,1031.45637474763,1007.17717664331,1033.5197745668,1035.91746775503,912.414379544733,873.212459828649,785.24350053808,765.51493644352,745.894733563938,661.910114743686,640.208476780213,625.149003536174,625.186388300842,656.267721191608,656.220237420334,632.651954326416,586.344252128032,587.609073703493,633.049649668343,680.466512288036,704.788033678341,695.460574965982,673.603606726942,656.592879844493,670.216309435852,692.660999157383,794.11900871343,813.998538706504,859.142013871979,860.985956101072,912.850278516654,912.762779198176,937.708511438194,952.224699033281,995.613480786409,1070.46620529326,1054.35403497443,1030.37724597904,1017.82061915928,894.298465682342,867.827747885489,827.661990035282,765.508276910841,721.543484483091,707.159443396157,740.491320992062,825.753108783457,838.833095731411,721.110255092798,719.981829700474,728.868986855663,687.309823176227,621.835529268034,708.458412419368,640.982532121981,660.31225169733,662.943403332603,700.774733885862,721.464300177794,735.696948478108,760.345316287277,756.699047684394,645.694531635372,676.319423602743,715.363769917552,551.340820609682,425.209031165831,403.112887414927,412.310562561766,401.12761121177,400.040232890297,382.497437318047,369.350528312203,380.788655293195,NA,NA
NA,NA,776.373409005243,770.146090037468,916.48909129212,963.047570921012,1098.29413182444,1149.18449345612,1131.92314226718,1153.09594830217,1120.29283138757,1082.94146920724,1015.84991256402,1063.69075751448,1089.1510455396,1064.48344280219,1039.83171715427,958.340812069285,872.976908040449,806.350969967803,760.648721600234,726.807892703384,667.083203206317,642.748006609122,637.814970551213,632.55984139449,645.437948410378,637.387414453532,584.259849161384,609.452778981905,601.255285110854,608.359283539605,632.949445058608,657.841050385714,682.740930219091,686.476510887299,626.996810199223,645.295035152492,673.145600891813,782.683595406938,805.062109405231,827.647267862342,859.41143554471,919.458734145537,918.337325966421,942.921735470147,952.513261028448,1017.96365357512,1033.50133042972,1036.45853913302,1039.95165224513,1028.65203057205,973.128370765946,907.993945983326,906.033477111355,835.185486484327,942.403841248538,854.330527861454,919.918474648705,902.676446632552,892.586279558863,803.206849306474,729.205759806111,764.652472844083,730.03234020836,705.667243665239,630.971473206198,704.183060532685,747.734757400343,684.14265826674,786.024992844269,745.821694508815,740.72703781416,750.416550990182,753.740671584067,645.270978884676,660.737006740591,629.923476689572,629.483915600709,555.709597590808,465.184349048708,436.624108969301,415.778036493814,425.376512813432,431.306339165819,408.979700650581,412.310562561766,NA,NA
NA,764.947536520825,775.403120963541,768.56024886729,967.33711266401,1142.99522160204,1141.27122105133,1265.89889011722,1245.49187070812,1216.66148202584,1191.89974410602,1167.26175299288,1142.63948820264,1118.03398874989,1098.29413182444,1068.8779163216,1044.32992871027,1019.80390271856,925,873.212459828649,809.755162569198,765.261393250698,673.238193832869,649.368062475083,656.873911564771,637.508746310149,642.977312456901,627.126568061721,637.377439199098,595.062056050211,604.510137308802,633.577991768137,629.815517875919,680.779639506526,658.184985984846,610.327780786685,606.138974425344,640.800280898815,640.324620172173,771.888171126441,794.512429103535,817.389136213591,846.176418783294,903.205770193805,886.70739254841,905.538513813742,942.403841248538,985.919105364838,1027.74023955472,1035.72520681845,1026.21878758869,1006.23058987491,972.898360656172,945.008228158036,923.368222044007,862.065092721836,939.55113864073,921.954445729289,903.610646507411,884.590300647707,736.505700563416,758.615186057272,793.189330546495,790.765119539442,784.950632519456,797.905854537015,785.046481653563,829.558093987489,721.778623986403,688.43592129109,710.522714350161,834.422240171037,813.778686623238,770.171417169175,733.831710013015,726.722092687432,597.083333968908,660.243375099828,632.949445058608,618.66665285426,481.860486094704,456.807867973244,427.200187265877,434.679884536007,428.500140221027,475.657439761011,419.279460903752,431.566912540802,NA
NA,740.678746950928,873.212459828649,918.085303346709,1000.62480480947,1053.8619454179,1132.38185638632,1272.48005772825,1245.55134701183,1220.91154470748,1196.34861140054,1171.8041645258,1147.34393639092,1143.07377039288,1103.68700273221,1080.00880080891,1049.40459309077,1025,958.18839483684,871.464234478506,845.946215784432,822.344210169926,789.053578638294,717.179666892107,693.359201982086,626.621928041593,621.766464447138,604.417277806593,657.237106802501,637.377439199098,630.971473206198,625.346165423976,711.194172530649,718.063868698276,735.58547421507,653.036735709915,610.946836985011,633.091334083442,632.455532033676,668.445047528759,704.627956887417,807.774721070176,853.302408293801,776.208734813001,804.13036492809,930.38970329642,952.694295341662,1039.85798692995,1020.41658159793,1007.78221853732,995.615387586994,983.957241394519,951.971638232989,931.281003545496,901.846790047972,874.995180816882,818.942300031042,809.528897375917,796.236833076987,794.11900871343,722.16292061857,742.145797070384,750,773.459473422873,811.862327497622,811.249036979398,794.784448675628,817.389136213591,786.400195712709,650.322962712827,727.157944494251,712.764018981843,757.102677039881,729.655895091453,706.400404350692,716.741007346594,651.920240520265,649.037749287358,638.846616959032,676.050252922989,686.476510887299,682.726027316166,596.029054299031,459.619407771256,452.769256906871,460.977222864644,443.19344818589,427.931069215592,NA
NA,725.955166926916,890.689858709155,958.813948049022,1037.29610626599,1089.68380979425,1182.8881062133,1280.56221063818,1250.3154497293,1225.83184418827,1166.63608464848,1176.86022959398,1150.32599078596,1133.85404704486,1113.83347049727,1115.97248400341,1093.13857039979,1034.02925375987,1006.54110695987,878.887151359936,855.444675579628,834.900919619116,823.534490947452,771.767452021657,761.068815432181,679.579301640275,631.131622356021,617.841826593853,660.643811241662,638.846616959032,617.454451761423,656.070823553759,701.231730608823,681.98761973888,715.093641963618,659.627506517851,701.78344238091,602.146240312238,614.836745606368,619.722590885257,697.493736417678,721.543484483091,746.711776656204,651.464119227528,626.996810199223,820.102700768804,772.758507392202,882.209161127011,970.82439194738,956.882960450232,943.777100599434,951.59843056328,936.048494351438,906.553707207666,883.543107957291,803.667102147739,778.814305539791,753.971066446441,738.420966194023,767.403437744542,772.926873445192,716.215501506114,751.859514564158,696.419413859206,751.782689950558,785.10356931874,853.987241778716,758.41254677961,814.411352208029,783.206952066494,684.713241488189,807.561343786381,694.236051873656,666.746353279129,684.933067988745,789.06993293608,655.982557382062,649.061805555174,667.083203206317,716.032363946799,715.891053163818,716.32743909472,676.48442017505,493.405431712901,436.893894637536,460.977222864644,419.076365356005,436.606229914325,NA
NA,921.247368024855,906.228448019593,1028.21476033518,1082.18759441222,1126.8436719575,1281.21721995127,1285.49601321824,1255.63074976432,1231.10722522451,1206.75183861472,1189.52655809082,1166.35532173832,1140.2880384536,1116.45809266801,1092.56190806971,1098.43313616399,1089.1510455396,1055.04739230046,1018.58218939261,982.348838569366,941.171596071118,825.402150456224,866.637617007575,771.767452021657,716.24762916786,693.437796583015,706.809568311601,683.289539906541,641.022009596847,632.691764865607,618.147450343093,715.017482303755,696.44514025482,708.113722614777,572.481557757401,594.243216200236,594.545999045766,618.696115001879,643.356386524052,667.692768983583,687.84082460988,656.220237420334,325.960120260132,439.379632916589,594.373542636763,742.065744554214,841.711605787623,869.626356546304,777.734749982373,816.341551181453,798.827265433523,775.403120963541,780.219117861608,767.874068061002,707.174650672449,699.385239991363,751.664818918645,726.722092687432,708.19854607955,720.03550205468,741.557631666593,778.620575119872,740.354644748042,715.600310707595,726.722092687432,730.731280686267,810.021453768243,686.476510887299,768.658185146315,771.526905310556,725.033694954344,804.138266390304,677.419750987284,853.302408293801,828.402076289045,740.354644748042,660.754620610894,673.447734431279,709.862189476613,721.543484483091,728.868986855663,729.292804546992,568.751024650132,431.69289547514,436.606229914325,431.85276794395,464.62589636072,NA
NA,896.043197591704,910.013736160065,1140.17542509914,1120.54674155075,1124.33352783939,1212.38911410071,1292.61063363457,1267.37918556366,1236.9316876853,1221.45147389155,1241.21915873064,1216.55250605964,1191.89974410602,1123.9331035349,1100.23469913287,1097.19661519473,1051.52784365623,1052.67516357136,1004.45568157001,1005.9641339225,978.860114183542,925,901.387818865997,877.963179544527,854.514067374588,832.165848854662,811.325788219825,790.569415042095,770.146090037468,715.891053163818,730.482826926522,661.718740367351,751.056288303519,663.985804460103,566.742095976918,588.532490854549,637.727593271363,612.882533606563,654.502553873334,686.476510887299,596.215775817526,285.125153005628,305.163890393343,413.823633931171,579.408126808977,561.805126356106,635.868255104089,656.220237420334,638.213513050369,660.347105666445,695.833410951361,639.361638547733,682.925516397338,719.809002444398,694.321251875591,728.868986855663,679.590426241533,682.791973959754,710.361394615211,684.679735421295,691.584041224192,725.07915718829,743.366393794498,770.146090037468,708.187636431277,727.768057959361,682.985692647528,675.462804305315,725.647208385091,826.95006893887,790.907292627158,859.142013871979,703.10290285747,806.814232748154,805.062109405231,785.892049653816,805.824025378936,740.832194280365,763.82461077914,729.232572887349,728.36174180442,742.292087578836,763.379274357304,498.222595468702,467.826491271958,506.970671316656,691.465834296967,NA
NA,875.567082844905,980.54488262196,1110.18016555873,1095.84749323086,1085.41466730462,1085.4900339339,1291.58331276793,1274.01923062409,1294.70073762241,1270.08857958805,1245.49187070812,1220.91154470748,1196.34861140054,1171.8041645258,1106.79718105893,1075.48611569886,1051.58696677541,1031.93106900738,1012.42283656583,989.14340260443,965.660395791398,933.632637782694,910.129049652345,896.172416446746,873.212459828649,850.367567584747,846.17584961043,825.520196110178,807.641787040356,783.022988168291,759.111322534449,735.272058492637,738.393345486401,676.849318534044,695.871173433476,714.808668425198,608.851707572138,608.584667930182,584.066123684241,566.348410409559,302.127698769241,285.043856274785,293.281488616361,481.73585348823,507.985378301611,553.398590529466,529.740502510427,514.78150704935,538.51648071345,637.377439199098,615.344921141402,606.138974425344,565.599618144607,723.351961193953,760.648721600234,712.105229860767,717.460279073083,703.983758966228,694.406058791643,696.261375537367,710.633520177595,696.424295334535,703.959469817036,717.398995205048,761.952595146049,737.495631503575,740.637399102308,737.167335493744,731.959880666794,760.345316287277,727.136626304394,791.558788616237,856.570838620546,930.665173693713,884.70779059722,909.18285754499,933.407735129724,937.083240699566,846.040154619847,742.90920014691,755.810822891549,776.611228350453,776.691375348176,539.807414981366,682.469935890046,689.033539134754,698.66310686602,NA
NA,850.409654313954,915.777140247915,1040.41439486735,1094.25633312695,1070.51815005271,1322.16678221774,1348.37865601618,1323.82022948737,1323.37258084819,1304.48265365129,1250.249975005,1219.9607620923,1201.3013776734,1176.86022959398,1152.44305716161,1083.31732728486,1059.48100502085,1035.91746775503,1012.42283656583,998.162339303279,975.278853654145,951.971638232989,922.293337284836,901.387818865997,880.766600307007,886.002257333467,863.383099695876,895.497890664949,887.426999514201,867.104660481679,838.707618790313,805.201850360987,754.000769577435,776.611228350453,793.233730763613,740.171302052428,604.669331122391,656.220237420334,587.236602480736,336.340601176843,246.870233334727,265.753645318366,333.576589097829,369.204474417754,489.746918341633,492.568526226883,506.979237250568,527.418755521104,530.146381523668,536.086576950597,604.510137308802,622.940161493489,626.571020615247,748.02214575231,801.597389286362,797.667487411645,915.491671180028,812.37577175298,690.636043097911,707.990112925315,726.722092687432,727.199582732966,761.985762925391,828.095374538545,817.389136213591,771.086805813286,777.16662927753,790.569415042095,824.621125123532,819.035531565224,855.048028024147,888.224792040022,980.114789195633,982.980162566875,986.887644345832,1025,938.84497673943,962.740593126715,869.923641987003,760.573757022685,770.146090037468,790.569415042095,601.865625817058,818.91696770796,657.75389171943,802.294910464563,950.328890437411,NA
NA,753.320064934057,870.035754065984,906.352235801773,925,1086.61876074389,1336.50004156973,1319.84352510775,1298.88847530742,1304.83675242269,1280.6943636851,1299.27864601863,1231.10722522451,1206.75183861472,1182.42335903855,1124.47308344916,1100.28405423327,1068.00046816469,1044.62912078881,1021.45292948595,999.171062114441,977.880360780397,956.882960450232,939.414711402797,915.491671180028,895.125689498408,875,869.626356546304,914.878474549542,930.053761886914,908.982948134892,886.733808865406,828.197187183726,851.51509642792,799.970818293431,804.304448894893,800.390529679106,781.024967590665,653.048096061819,381.616148820302,270.487816656923,230.488611432322,251.339492656813,309.232921921325,333.356257945434,436.606229914325,468.825490766903,507.148633168302,515.374881390953,638.236789272301,507.543601712041,625,703.771011224103,800.796665547867,846.429266845223,905.527304453297,936.082261342453,922.432267257897,799.988929109806,753.286490095185,840.386815698581,692.358159525776,756.401649014165,784.617741323761,805.062109405231,797.697359937117,803.952556607421,789.382670192347,807.000619578449,816.183144621265,834.615358466067,925.987203749986,952.955927627296,956.747367889271,1022.4669025753,962.607509553221,966.849975580368,973.621010937118,976.889799371361,982.816212131122,900.886752951181,813.998538706504,813.17279836453,789.794689442067,849.114449742421,912.414379544733,918.077212974786,884.199269707939,NA
NA,607.342919656797,846.165585611608,896.172416446746,952.675217007055,1040.43260233424,1081.81607717557,1316.33414408509,1288.85184316356,1303.94815764439,1285.49601321824,1261.19982556294,1236.9316876853,1212.69328356349,1188.48643240047,1164.3131022195,1109.61705105861,1077.0329614269,1023.46802811818,1033.50133042972,1012.49209677845,991.526600752597,931.400570512694,950.328890437411,918.270781934383,902.415295394492,890.224690738243,877.852493303972,870.7037383634,925.095005130872,915.653240543759,898.335030799297,867.827747885489,849.337727338792,813.731947114252,813.941029804985,816.241385865725,800.390529679106,778.680684931642,391.361556205695,285.043856274785,285.043856274785,294.614894978412,325.18795953398,364.005494464026,458.384870254307,480.29921480967,554.408001128448,590.698209061074,680.238496758726,653.375398085135,649.468431002761,718.749595227745,840.608754995445,940.272271235415,845.490987425081,919.51758773636,901.603466798349,818.106274054674,874.642784226795,799.401454460231,727.14238298243,812.071659963583,797.392358269037,794.440701758852,794.843986402701,831.038506929733,839.320282748295,814.439676094188,850.504931855908,912.998267654074,929.409174736113,986.502620839883,993.000060139605,996.347010963841,948.503525704484,941.828016079354,982.816212131122,1055.04739230046,1035.91746775503,1044.62912078881,859.64507528701,849.264387573151,857.680380430194,753.747424247447,905.977579205774,898.172156032289,861.520327620048,NA
585.793418064731,794.560343116742,873.212459828649,877.923574663633,960.959789454445,1012.7677353414,1027.17549077382,1310.77267289183,1296.63024798899,1277.42616942439,1264.48090397143,1267.37918556366,1243.36048542547,1219.11853402366,1195.04184027171,1171.00384286304,1115.05825033298,1089.1510455396,939.26662640574,1047.0195795686,1026.21878758869,995.661224450096,918.861428715775,896.926865177639,928.419623502083,925.337776166087,905.883546599672,887.13493256524,886.70739254841,922.293337284836,894.514198848242,915.491671180028,866.745416519926,848.820747155867,855.131568824354,811.876812079657,833.478626840634,816.241385865725,717.034333324711,410.890307729943,333.993043043317,333.276561322628,326.196372169253,345.80521766346,509.636875595936,523.500068705808,621.125687184517,546.101378248093,634.233243930891,771.815213176178,767.123456769734,765.663127261822,778.586229160696,964.689069078737,951.971638232989,906.725038453728,928.035559663529,917.062937220676,815.337096080656,781.928435599455,778.446244964574,745.421470383877,806.225774829855,813.941029804985,822.344210169926,816.678321901074,834.222948204443,832.217754344303,834.509382596384,875.973143250565,952.850271685897,965.488507414113,981.491685637579,1020.11028815516,977.675940989202,1068.00046816469,1077.0329614269,1018.43024661303,1054.04662837844,1012.73159392919,981.456110887239,948.683298050514,872.688747010922,883.538692956854,886.364488335606,901.838167512474,885.422492819871,736.062584093044,609.273635048255
NA,732.78870970121,867.827747885489,901.387818865997,960.569708758513,980.114789195633,1063.66106708306,1028.06676087801,1305.03831361382,1286.20813570729,1267.37918556366,1274.01923062409,1250,1226.01998352392,1197.13198938129,1163.23901241318,1129.7123527695,1102.55385356,910.261354622281,940.180028649481,1040.43260233424,1020.11028815516,1000,980.114789195633,833.080205890168,880.228760919132,883.756435881115,896.346095870813,884.590300647707,928.035559663529,950.414897881366,930.262823313645,919.918474648705,903.119593409422,866.796253007928,838.525491562421,843.430239645419,770.146090037468,548.292804986533,492.72970650371,381.828085301463,378.439581242306,447.213595499958,465.451415943481,576.463307896536,638.604915991303,738.682813986765,783.834159995047,807.909513830779,823.948949284083,761.398502657506,782.414803324286,834.308652321653,841.607919051992,852.178705361551,901.800073082705,888.217032762521,836.237674693548,854.400374531753,798.133558777588,818.91696770796,708.644552967339,743.303437365925,785.584893346999,798.827265433523,838.282822186001,856.011708549363,859.565064707852,875.35707000058,875.35707000058,970.82439194738,1013.03997946774,1020.11028815516,1008.85535861508,1035.91746775503,1044.62912078881,1053.8619454179,1044.51994385151,1031.35354487975,1023.6370108924,1000,965.660395791398,941.076511235936,860.277888098614,872.13817712562,883.883476483184,902.275353319503,862.663492730085,NA
NA,854.400374531753,857.447378023778,877.772165515399,941.274091851114,925.629595189643,989.825265551753,960.686282179496,1313.86833434709,1290.59094991403,1267.37918556366,1244.23671381293,1231.10722522451,1200.61801881686,1179.24764150708,1151.79163566715,1129.43569980765,1074.67470849002,934.195676590756,907.389987986949,891.304766930126,916.701876816955,874.834784060577,900,846.556735026909,887.764045228235,847.766438394009,818.505582370209,892.851037917778,883.883476483184,918.719550499636,950.408729948602,875,860.232526704263,858.453254450251,821.840348383441,843.35638967165,679.153885360306,560.261279132452,561.657146904664,550.567888638631,484.86632736709,604.669331122391,630.363352812435,728.868986855663,990.172402722118,821.483055647992,955.24865872714,826.832479745776,936.082261342453,888.62727752965,779.528090146049,872.297022279282,884.843723003226,908.995832985207,919.238815542512,867.125522033966,851.515145546257,860.958767886128,828.30404320272,782.623792124926,803.50793399941,794.659381617925,794.512429103535,807.08737470628,845.159230044105,853.302408293801,851.46931829632,901.387818865997,976.281209488332,983.288289042818,1020.11028815516,1024.02063824744,1035.91746775503,1012.42283656583,1021.33491079077,1030.77640640442,1040.73291482493,1028.07131117193,1029.63289996565,1028.82952111336,985.512358892668,910.497105683696,919.884167868244,850.786490095184,867.827747885489,886.70739254841,890.616162134779,NA
NA,811.249036979398,852.7090623043,871.497505017471,900.347155268455,920.067808439352,908.220147020013,961.519990385812,947.792044782166,967.361992983658,1083.10296791984,996.594848611147,1131.75954886069,1166.19037896906,1153.64523869912,1121.9753584183,961.050761198514,1096.28794100829,1008.38154835917,936.082261342453,901.387818865997,858.478918035767,842.586928203677,836.371505425869,852.243850793242,806.846229374872,827.647267862342,816.829607919006,894.427190999916,901.734439843572,885.225886535516,908.982948134892,887.764045228235,866.746791167986,820.513267277066,824.621125123532,849.052222980154,743.652328720955,600.520607473216,666.19422820224,711.073132666395,680.434645476548,727.231724148389,782.01590862941,976.640038896129,973.912587837919,1005.63642993696,960.183662130585,966.847406029434,960.468635614927,945.05290857179,930.38970329642,874.642784226795,898.256754182203,894.427190999916,874.642784226795,873.212459828649,834.102203904126,819.162074256141,817.204290009005,794.305057922946,772.433548862798,776.268937722722,804.743191375027,834.415963413932,875.35707000058,862.370807916375,903.465549979633,946.748493386772,986.724757751617,996.242942258564,1004.05428140116,1012.42283656583,1021.33491079077,1030.77640640442,1031.02531911493,1038.51609546906,1017.96365357512,1028.65203057205,1039.83171715427,1040.4775779412,1029.13313858519,919.529472481584,982.227253321442,917.196816392207,851.46931829632,870.7037383634,890.224690738243,NA
NA,819.363369675674,855.862138431184,866.953121388786,877.137634876724,867.827747885489,910.807710447104,877.157432832228,885.745758788726,890.224690738243,866.746791167986,860.958767886128,852.749568204551,955.370712409063,935.292455708909,1069.20482467404,1044.92169219663,897.845170341651,882.354390523133,864.81858258059,869.33407489899,860.985973250933,818.891395932782,813.941029804985,817.023842433185,790.569415042095,814.324873745117,818.945567848832,810.179843004609,884.590300647707,903.456270515391,904.775147573208,901.392151628217,871.447807026294,840.014880820572,859.335773501414,875,867.827747885489,886.602540658165,874.642784226795,764.527776408798,742.127004553827,838.525491562421,950.873020708615,904.955694785553,986.581363835221,973.872567725751,970.860550856882,956.882960450232,936.082261342453,917.008157199453,910.099264971122,901.080271820364,802.167165239897,835.996241213073,853.493817283609,797.455965291352,828.137671388544,799.645926670388,795.808655470268,777.955581443542,750.416550990182,752.358858532044,767.014559331918,809.706737035082,908.639092269312,941.408519188137,946.374661537385,996.242942258564,1004.26349528028,1012.42283656583,999.340470767609,989.648658399903,998.123238883857,1007.78221853732,1017.96365357512,1028.65203057205,1039.83171715427,1044.62912078881,1017.65662185238,1029.5630140987,983.933432707721,985.074172242496,962.450023562544,974.568732553268,984.59004498276,999.492551013096,1012.42283656583,NA
NA,825.378700960959,840.709705513461,884.625599564851,874.700690295878,864.937365181911,850.450021604223,870.792688599014,867.095515081047,855.862138431184,849.716264445483,819.520062767569,850.404253093611,840.928849947888,854.967809952674,904.262629534314,918.723058454658,906.369902338832,900.409001796276,933.407735129724,895.299803723331,883.529852353615,822.434889847753,831.038506929733,822.382141304814,806.288565606724,807.000619578449,806.312612624038,855.304454165703,933.532947225385,921.954445729289,906.058983200285,890.224690738243,875,860.232526704263,860.232526704263,881.870823142266,897.639896006172,892.717886209786,912.796489200214,854.450293444371,879.697698420781,947.164712136508,962.384646106264,957.711176756374,961.902494506758,957.711176756374,938.43536910853,897.670360708131,922.293337284836,908.982948134892,896.172416446746,883.883476483184,849.225108321504,850.990261866609,700.809575259134,757.286959886174,789.427342460858,761.984081812979,782.623792124926,772.002476559412,750.499654005029,752.080447824566,760.467825959155,785.015923405379,883.883476483184,916.983501161729,927.698765763974,934.378475991262,962.186030881961,989.002022242624,983.514982627683,973.717104707522,975,984.88578017961,995.301461869719,1008.72914756632,1020.41658159793,1029.5630140987,1029.72187544011,1040.4701197561,1020.41658159793,975,973.717104707522,937.930747869924,964.689069078737,1012.42283656583,991.526600752597,NA
NA,811.510497127838,818.91696770796,845.946215784432,849.478409885464,860.637398715354,846.084293347229,826.655064893673,842.328612726202,840.663878263524,840.386815698581,822.344210169926,807.000619578449,795.925937248988,817.389136213591,828.683145454041,861.255705921266,850.035492620994,908.982948134892,876.797532311265,916.881589706854,946.660263821925,872.310774146126,886.70739254841,839.228286906169,869.626356546304,831.411199651101,840.386815698581,873.257148332933,954.656035189921,905.54713963339,921.954445729289,906.228448019593,895.125689498408,880.695747690427,887.764045228235,867.827747885489,897.858893875713,916.856041044612,930.38970329642,926.371430607209,937.099902927773,928.035559663529,958.245400856292,941.076511235936,930.590366187914,919.918474648705,903.590464717419,884.123927944762,848.647494195606,860.232526704263,874.642784226795,862.046982478333,875,900,839.856068709756,764.263006955726,749.733031012522,739.083184202699,760.345316287277,719.861132416552,739.175509819701,752.080447824566,764.852927038918,801.56097709407,887.764045228235,895.012755948176,927.698765763974,948.683298050514,949.177316458262,950.368572394032,975,984.88578017961,995.301461869719,1001.05567875955,1011.94360586364,1029.5630140987,1017.65662185238,1008.42519633463,1020.41658159793,1027.12251537422,999.062060134404,984.88578017961,1012.42283656583,977.880360780397,991.526600752597,991.526600752597,1009.10122191726,NA
NA,785.012061032645,835.091409166373,832.355378588049,832.741125856792,831.484860482711,849.365338091168,813.220770376246,816.469818743106,846.047560389821,826.513762740827,801.56097709407,794.658845925114,781.024967590665,816.241385865725,784.775781256653,786.695923869975,828.467987055062,834.771897079763,941.408519188137,917.26983339674,937.905788189131,919.238815542512,863.317808434383,839.479420182203,862.046982478333,866.778149605455,875.106881743836,865.147774072607,867.827747885489,875.864489753411,859.142013871979,873.212459828649,795.471823643208,813.941029804985,827.919223454845,796.575576491536,856.260912266148,872.245146757681,905.538513813742,887.764045228235,916.894321464664,938.648027235155,930.623549238361,925.337776166087,905.715343116531,886.70739254841,878.208403512515,863.643725763404,861.638360593186,866.746791167986,853.406912089641,850.367567584747,901.387818865997,900.347155268455,806.810556670101,752.28924844316,728.868986855663,715.891053163818,722.416199872375,743.698634495138,715.891053163818,746.711776656204,790.569415042095,777.477173566177,867.827747885489,910.013736160065,925,933.407735129724,942.403841248538,947.307337203069,951.971638232989,962.094070244693,972.753822917186,983.933432707721,995.615387586994,1007.78221853732,1020.58014095833,1033.50133042972,999.062060134404,1000.91975560338,977.880360780397,991.526600752597,1005.60926805594,991.878667435181,996.083413753866,991.824634499403,985.572949142854,NA
NA,807.774721070176,855.131568824354,884.590300647707,819.220006188504,813.534660101975,835.53874835342,807.774721070176,805.062109405231,813.941029804985,797.735447202865,786.111503156213,775.403120963541,776.83007560499,789.945657315164,781.074918105106,789.976042617221,794.698340237809,795.789457502336,777.897647012339,827.647267862342,897.566153550812,910.013736160065,887.764045228235,881.367430490033,875.00885568586,863.528942376291,873.212459828649,881.972711879404,868.134006222905,887.764045228235,876.933130513955,783.851005660852,801.412114252454,809.706737035082,834.415963413932,859.560769489536,883.534272655234,876.427407147905,838.99926550724,892.665099389524,891.556478378993,922.017292423799,919.238815542512,910.013736160065,851.363995663585,855.493938517402,869.800150243896,867.827747885489,841.509297755109,853.987241778716,863.50630970541,865.17309946962,876.427407147905,864.448379369,850.018366478704,771.767452021657,761.577310586391,738.664335134708,721.635053262748,728.488615293426,728.010988928052,831.038506929733,842.025780795532,838.525491562421,883.883476483184,901.387818865997,919.918474648705,938.416218956173,919.238815542512,929.045208803102,939.414711402797,939.414711402797,950.328890437411,961.769203083567,986.382829058399,1012.42283656583,1019.32081207726,1017.96365357512,1019.49326146505,991.526600752597,956.882960450232,970.82439194738,985.203024761902,1000,951.192812680966,982.943814724458,980.114789195633,NA
NA,846.00044206418,867.676397389752,875.353540819741,849.264387573151,832.737428403117,819.185340807843,815.71451830442,822.495656822904,795.725201926447,806.055595869005,801.56097709407,781.454950697403,794.600535953417,800.939371691377,814.324873745117,807.000619578449,800.390529679106,807.192414460842,760.345316287277,850.367567584747,850.367567584747,879.275269753449,877.852493303972,843.823654491817,870.6454131748,855.841525912585,849.464990421598,851.46931829632,879.408145525805,831.72555380978,777.234972069044,775.040280708761,781.424980404389,806.225774829855,805.036318205069,790.154632232869,851.46931829632,851.46931829632,849.342424466199,873.672475782792,885.675310246817,903.188692239178,896.172416446746,883.954074384815,854.436918629239,855.131568824354,851.542594702206,834.443899101455,814.211001286841,824.135205804798,817.31392555945,831.627101090552,831.151012965325,834.842297285992,819.106887583782,803.50793399941,838.199284464725,734.628321869122,719.809002444398,707.853258796179,721.110255092798,759.111322534449,787.500880366999,833.137544699386,870.7037383634,873.225633956061,910.013736160065,937.083240699566,950.328890437411,939.414711402797,929.045208803102,928.048180277774,939.747306460625,975,1021.33491079077,1044.62912078881,1049.96848493853,995.301461869719,968.796931793258,970.82439194738,936.950814607576,950.328890437411,965.012953280939,980.114789195633,980.308546675525,945.05290857179,945.05290857179,NA
NA,NA,868.830770222849,894.427190999916,883.529852353615,829.049620309911,869.626356546304,854.400374531753,829.569304367418,806.350969967803,803.50793399941,771.938780099112,787.960663220732,771.767452021657,826.624773361875,831.038506929733,831.038506929733,813.62118863271,797.05202861571,752.180776554205,776.339140952786,819.304442600609,869.800150243896,878.003267883452,838.15273071201,824.621125123532,851.099375305641,862.155462230329,863.495801958527,855.289889164246,817.734486886816,804.798524870034,778.678889409142,779.164823983853,803.50793399941,800.74067401173,775.59361764366,790.22752171915,828.435031672053,827.457919514936,848.896342317482,826.513762740827,806.504858864448,817.559753347542,820.060973342836,817.559753347542,840.014880820572,837.069454248033,838.525491562421,834.509382596384,862.236466830033,841.947309251409,856.134254749605,855.904481359209,838.525491562421,813.354186249746,801.077912287054,814.401480306828,754.21804614819,728.9361676819,761.28893416872,736.245019472659,759.669163981197,813.211155708295,877.888033983803,892.328414878737,895.125689498408,903.465549979633,916.995785027349,936.082261342453,926.61783300757,951.314879522022,931.11089121685,978.133396756691,991.526600752597,1009.01605231088,1012.61502285556,1035.47608987126,1025.89230100276,985.203024761902,985.203024761902,950.328890437411,965.390499178807,945.929455587386,937.740824562913,910.889715470358,925.337776166087,NA,NA
NA,NA,899.561073143882,862.370807916375,925,901.387818865997,877.852493303972,859.142013871979,834.665768552905,831.038506929733,831.038506929733,784.617741323761,768.456438910866,764.852927038918,840.386815698581,826.711317757655,840.386815698581,806.236741497439,763.523453980329,785.893464644658,852.645734887893,838.572024665825,868.793973374456,874.700690295878,845.946215784432,831.038506929733,838.678707717766,840.636334495735,840.014880820572,831.411199651101,806.685658587197,806.846093132352,766.873937071133,776.611228350453,801.56097709407,800.42949723311,801.619287065767,803.50793399941,803.54190700979,806.225774829855,809.726015784386,812.730011179884,795.691523141977,778.620575119872,770.286866825182,770.27751581062,784.865108518255,832.541290267336,825.828143178726,846.46623016902,869.626356546304,863.441702833436,859.885495114721,860.976878086298,838.737540137651,846.130120597166,827.647267862342,827.689658350685,806.646229935713,760.345316287277,787.313085365214,743.303437365925,781.064938204022,800.723345431818,845.946215784432,863.495801958527,855.960462605391,882.148226330311,901.387818865997,910.013736160065,925.337776166087,942.403841248538,930.38970329642,951.971638232989,956.882960450232,976.385018690033,950.771696443256,1021.46863238354,950.820830092487,972.717081840711,976.010193433772,930.053761886914,910.013736160065,925.337776166087,910.396837160215,925.337776166087,905.883546599672,NA,NA
NA,NA,839.216306136471,858.563185745917,887.764045228235,893.378419260282,878.69520088727,863.133825081603,843.236008242579,834.44023804736,838.930611708943,798.939287604047,776.208734813001,763.216876123687,828.02475808396,838.525491562421,810.08340231742,813.547936624337,806.418656204233,774.105000515741,798.069608353889,831.076076513173,838.437806176687,883.883476483184,860.255207401439,858.118008343513,848.528137423857,835.604097912385,831.916816323583,822.646004001027,775.976970151516,752.728693409674,753.740671584067,751.664818918645,743.240744765546,763.216876123687,781.424980404389,776.636345185071,777.64101856978,776.022275999334,777.64101856978,776.905232652171,789.501078655374,790.658154883878,785.015923405379,776.208734813001,780.918634566103,824.994965675597,884.590300647707,858.333127299002,867.827747885489,869.824913826751,878.038997732003,866.746791167986,873.563041305141,855.971398138011,814.372786548132,809.788420145465,800.390529679106,800.390529679106,768.7277239267,764.852927038918,776.208734813001,792.040300740678,822.344210169926,840.014880820572,830.401108531128,874.687138681326,887.764045228235,908.982948134892,916.2220109102,922.293337284836,925,948.683298050514,935.652982543917,919.810992264242,915.673697313864,915.690751937171,946.151636413561,948.330102540309,910.013736160065,875.875343404002,891.102517873939,906.323458657625,914.119882403601,871.583233569307,886.70739254841,NA,NA
NA,NA,783.220541634107,800.45011793481,903.465549979633,897.566153550812,886.081334302783,868.774285807046,838.15273071201,838.343770647846,816.498195287603,794.11900871343,776.770871373477,750.7774603914,816.369790576664,825.448866555975,793.326914835599,814.771197997437,807.798871269737,784.617741323761,797.652806677191,818.952050936535,845.946215784432,868.749534824157,863.649065823222,849.264387573151,846.253013307013,840.525800700727,807.774721070176,799.819721086746,790.569415042095,796.723782722654,764.994874636094,770.146090037468,756.637297521078,753.823229642857,756.637297521078,755.810822891549,753.813087232492,756.801786986143,763.216876123687,776.611228350453,795.730758462305,790.931732401173,783.044899673017,790.999547692797,797.963880080245,805.216197240336,855.131568824354,854.940378698656,854.789855805917,878.100282102078,852.699377288437,868.113935932188,863.604100606701,851.661135685712,828.02475808396,814.074530996467,779.651089143147,783.117318504214,783.022988168291,790.569415042095,791.727480654662,792.540922072815,797.996920903202,817.389136213591,827.647267862342,853.302408293801,874.642784226795,887.764045228235,901.387818865997,915.491671180028,930.053761886914,941.076511235936,941.076511235936,945.438301747869,930.38970329642,910.23146921743,925.86369830037,910.593571348589,846.036233079742,855.570232848277,870.7037383634,870.7037383634,886.912545059173,869.528831350516,859.7444417856,NA,NA
NA,NA,NA,800.390529679106,842.831449444864,854.450293444371,863.335593140001,866.353117424772,850.486667615738,826.172023277172,813.998538706504,797.53163635201,800.912626721928,783.022988168291,846.056749579439,831.182462802074,855.149528530212,840.636334495735,760.381210785233,764.652472844083,753.091073033761,765.261393250698,838.250149275416,840.386815698581,874.106229914325,848.905543448874,832.959367699981,854.400374531753,816.678321901074,794.843986402701,784.617741323761,818.399844613855,794.512429103535,778.620575119872,777.937580168772,732.161183319249,737.78969655603,776.671400251127,743.303437365925,756.637297521078,761.577310586391,784.736507166132,778.680684931642,776.41895997577,782.63377202601,793.1500867522,805.062109405231,820.060973342836,831.038506929733,855.131568824354,855.181699387449,859.703791370849,893.448269189944,879.715120134582,862.191501613512,840.955490933156,828.333809524325,807.594563482044,786.117385755723,783.022988168291,787.667974104407,781.114786933993,796.097356565844,795.691523141977,794.590938542877,801.570569852203,824.640064519468,851.46931829632,866.746791167986,875.824643143501,887.411127275598,895.125689498408,910.137545391173,925.337776166087,930.38970329642,939.747306460625,903.465549979633,883.496253090976,857.944754400029,855.131568824354,820.060973342836,835.53874835342,827.993333035761,867.827747885489,867.827747885489,832.541290267336,NA,NA,NA
NA,NA,NA,742.088361364367,800.23646209635,814.241159856133,818.675652907359,863.617260181904,824.621125123532,800.390529679106,800.448924425683,801.56097709407,800.390529679106,791.515231573269,798.866347039662,809.726015784386,840.613086220011,828.568741396971,769.56516982566,794.551683823206,770.146090037468,825.378700960959,832.263961754236,820.260067961364,850.661549677613,856.332661211097,839.479420182203,824.232606363382,794.11900871343,802.784714288745,794.512429103535,817.569935936339,800.390529679106,805.062109405231,794.407132048533,830.118883555821,760.376116144755,759.914876746325,772.046378218335,770.297656156857,776.611228350453,779.461307301502,774.216889595961,794.581141774824,784.617741323761,797.265834339125,803.532684421767,825.378700960959,827.29309450489,849.264387573151,845.072592039396,846.121525893885,858.179482002306,848.896342317482,855.304454165703,853.493817283609,819.369083321628,820.060973342836,813.941029804985,797.706168241621,814.324873745117,831.155360789344,813.17279836453,813.941029804985,794.11900871343,806.225774829855,831.038506929733,847.006056903631,862.046982478333,875,883.468114300045,895.125689498408,903.460600806166,909.166980526173,921.954445729289,927.824256547012,910.16299502968,870.7037383634,824.335788602768,835.978310728545,800.451826917015,816.241385865725,816.611313892326,832.541290267336,843.430239645419,831.811826587432,NA,NA,NA
NA,NA,NA,NA,630.044823723698,655.554960805153,753.740671584067,800.639623897469,760.345316287277,776.611228350453,794.512429103535,800.390529679106,807.384209343236,814.324873745117,813.919186047137,799.387134381486,817.389136213591,821.152600730195,792.768239971238,784.617741323761,776.428914527811,805.062109405231,820.060973342836,843.35638967165,838.687289396595,814.065886963354,805.311397689733,828.02475808396,806.225774829855,784.617741323761,797.652806677191,797.886501999722,807.000619578449,784.627695875801,797.652806677191,785.583965786479,797.652806677191,783.061270375567,781.049942847886,760.345316287277,761.816990703438,767.125973816501,794.541906454496,798.827265433523,792.590209748583,807.861578967906,816.270079624422,833.985669503435,829.321772912967,847.977702487025,851.46931829632,826.934828414098,826.800037259327,879.443444442949,846.019968947758,861.004083494436,845.946215784432,831.094759947529,832.588157096,859.142013871979,834.462673005158,855.944135317204,849.641388941911,814.117076408473,794.512429103535,814.027232465201,828.279351519956,856.052980019368,877.744928001906,887.904404579036,903.333381881628,888.910101802733,920.961909827504,903.119593409422,887.117697569935,893.621948614011,920.347593799977,831.151012965325,826.725352569398,828.402076289045,797.894449475505,826.860203007271,824.621125123532,814.368466733104,813.941029804985,NA,NA,NA,NA
NA,NA,NA,NA,623.811549449002,633.5668919796,660.042578817473,721.750249841083,740.354644748042,765.331644429348,800.390529679106,775.583586148428,800.990383979275,801.56097709407,803.50793399941,819.068486948232,807.44248106553,822.674073624514,794.236715131432,797.652806677191,783.022988168291,801.648505401849,803.50793399941,795.691523141977,777.817459305202,765.261393250698,760.991873609805,755.961924675758,753.815273887007,767.164849619266,797.838039245392,790.658154883878,775.433323648214,776.611228350453,784.617741323761,776.785705684099,778.78045882701,770.185856563516,770.146090037468,776.248952925306,752.468894131898,790.741601448946,800.55578192659,814.372786548132,817.513013062499,831.272214648954,819.162074256141,840.506980502348,825.443340732605,817.451074638045,840.386815698581,838.645865125059,827.91003329921,825.686959306121,823.948949284083,857.682047764308,860.232526704263,840.014880820572,855.172233363428,867.827747885489,822.748742204739,875.528738902791,873.98418561085,861.602321210003,838.622393472443,863.133825081603,851.054690727728,901.439762143838,896.172416446746,908.904085351142,925,917.26983339674,922.322241231634,901.953244539808,884.590300647707,886.479162469077,854.066934998535,850.367567584747,816.648883475766,834.415963413932,838.525491562421,770.511966943309,778.620575119872,795.691523141977,813.17279836453,NA,NA,NA,NA
NA,NA,NA,NA,602.144468994184,656.238075976309,623.129121269353,650.57639218419,716.026441157863,704.586858968279,750.416550990182,752.080447824566,776.493355897249,785.916496909523,780.567094857437,785.101779681363,824.658951907767,816.241385865725,807.861192552116,800.390529679106,770.27751581062,755.949351136766,770.146090037468,765.372024325939,742.041103982791,740.524627813934,742.041103982791,778.620575119872,765.197118240942,737.876883948532,779.043358185239,794.177861922431,800.390529679106,770.146090037468,742.041103982791,729.198289783841,755.810822891549,742.07266231737,751.92288676334,768.539723280908,782.628731183234,794.581141774824,807.174129834112,790.765119539442,828.076521718593,838.678707717766,853.302408293801,818.15286503974,850,819.369083321628,830.63711688358,825.324663808531,835.53874835342,816.241385865725,835.53874835342,854.239853065709,856.679226816779,867.827747885489,877.700722776011,867.957506080827,879.438434067515,884.590300647707,889.531111872072,884.856466222106,886.002257333467,870.811144904315,870.250673850658,927.816071700669,919.424293905899,929.078821165435,893.854947028564,903.119593409422,921.954445729289,866.494111703304,883.883476483184,878.257079470091,875.713703573953,853.302408293801,762.869367787626,780.368264177472,790.697467744592,760.574120386444,777.817459305202,783.022988168291,792.491101534329,NA,NA,NA,NA
NA,NA,NA,NA,NA,588.260085564712,594.017917635634,654.31261641512,677.337340216917,686.212558276704,770.146090037468,745.821694508815,752.450763691675,707.106781186548,784.617741323761,782.623792124926,764.501626980185,789.345901377437,783.795939209209,794.512429103535,771.767452021657,765.894093795483,781.024967590665,802.232004573944,770.307718495293,760.345316287277,755.810822891549,776.721571831459,760.345316287277,755.788655293195,784.617741323761,800.097184013377,797.721249752239,776.771522345899,766.979061873854,735.472842964469,735.441284629891,725,761.577310586391,756.637297521078,800.448924425683,816.241385865725,800.735957534167,813.941029804985,803.147761974954,790.569415042095,846.115491267541,833.14434129072,817.389136213591,828.02475808396,831.038506929733,842.701538127497,838.180656774343,845.946215784432,842.466690288999,853.723974272827,870.82593813712,886.70739254841,892.736452602827,868.473673596304,925.337776166087,893.483112617545,897.566153550812,890.299037309599,886.002257333467,910.013736160065,897.566153550812,909.67203868906,892.551058109044,896.172416446746,919.918474648705,919.918474648705,903.149829914476,866.841275760411,866.610444994233,866.386172558173,866.511687990544,743.698634495138,727.604558027924,744.957134696118,725.883632907182,752.402160468074,763.619199398088,769.711386438982,NA,NA,NA,NA,NA
NA,NA,NA,NA,NA,548.292804986533,550.779116282039,629.35770531593,612.882533606563,679.235936869875,727.378798486859,583.35840334947,735.757479384294,638.729649076545,704.006518118725,776.471887327277,752.743951006949,756.316192911706,776.208734813001,766.974407697113,763.45604730182,743.303437365925,756.668222833745,761.709747461236,775.403120963541,778.133554024885,790.809489460334,776.611228350453,756.893692145773,806.225774829855,794.512429103535,797.260935955099,805.062109405231,781.144273183808,762.263233776527,750,730.154093325512,750,770.146090037468,769.769238142489,771.807732200964,832.165848854662,850,798.919746800977,790.569415042095,794.11900871343,827.647267862342,835.356438751974,850.391722674013,850.367567584747,872.13817712562,868.04676685209,849.72847158096,849.282777883823,867.827747885489,875.071312332599,905.883546599672,915.85383925246,948.683298050514,895.028733786839,938.416218956173,901.734439843572,905.883546599672,919.272760919847,895.260162712174,890.224690738243,879.233891795817,888.029281514569,903.119593409422,906.051270772157,919.918474648705,933.407735129724,868.268895954538,882.22766483518,840.379270759485,849.264387573151,790.569415042095,743.729484338959,735.272058492637,728.153990707924,742.638187882503,740.647789824956,759.754525209704,743.770539749437,NA,NA,NA,NA,NA
NA,NA,NA,NA,NA,NA,546.008241696039,525.007436263009,550.567888638631,536.022055598776,695.871173433476,628.684194230563,621.180183195906,637.602719225878,671.947159747784,751.664818918645,657.700606808863,722.217948732888,697.316284049068,763.257777396568,750.863610418454,754.04908574146,750.437349700611,778.770504274969,775.200574704207,761.215418748934,795.730758462305,790.569415042095,760.345316287277,773.981774671335,760.782119862726,797.260935955099,805.139445999908,765.261393250698,762.377369556784,750,745.821694508815,777.137267808622,831.038506929733,829.312157224734,840.014880820572,849.052222980154,816.241385865725,803.419816474873,831.094759947529,841.920799380715,838.525491562421,818.91696770796,840.709705513461,862.153978020536,863.850138558529,869.391703454782,866.529501567495,872.13817712562,884.245723867502,896.246172071925,915.503981674144,925.396359022673,906.756084512923,929.851816646773,934.152238515623,934.07708461347,912.821177857796,929.070422630198,925.337776166087,910.013736160065,895.125689498408,896.237608976987,908.982948134892,922.293337284836,938.416218956173,860.958767886128,850.381339468642,832.578184055164,831.076076513173,833.01449096806,813.941029804985,758.029642848742,760.345316287277,756.742926378685,758.867340043156,743.760284196437,781.114786933993,NA,NA,NA,NA,NA,NA
NA,NA,NA,NA,NA,NA,506.257549946369,535.411977092388,529.740502510427,572.906265097413,648.860078628558,650.107815410378,550.765898502441,625.903546825485,577.252866504065,613.370504942985,608.446670727145,682.469935890046,675.043756183456,708.394669573099,756.637297521078,729.357350122924,781.504799427374,761.659200997704,777.052066218661,765.261393250698,781.024967590665,778.620575119872,774.2409536215,752.287069536134,718.181465937014,794.199653255082,799.012228168431,794.11900871343,785.128850525798,802.684022846414,825.46354030963,840.014880820572,857.745809737807,863.495801958527,873.470394641773,872.905572452157,833.877814443989,862.173122411425,855.52087306283,846.050652983881,845.132254400029,832.165848854662,849.624509082803,861.103468468175,882.771049695546,862.119242045923,869.689152060787,884.590300647707,901.392151628217,896.655397815078,857.193230384597,925.217548015607,948.895511772275,950.605185768679,955.136330974002,946.660263821925,941.134551285179,941.076511235936,941.324072618216,930.053761886914,910.013736160065,922.293337284836,918.190780428344,943.39811320566,957.22172231487,883.529852353615,885.610287761788,827.844554874619,829.054245266019,816.611313892326,816.241385865725,791.163301509671,783.022988168291,776.208734813001,760.386371697756,765.035910377296,760.345316287277,NA,NA,NA,NA,NA,NA
NA,NA,NA,NA,NA,NA,NA,525.059389443581,529.740502510427,562.616078602209,632.97483175074,653.148476438191,626.996810199223,602.247480293482,564.690737439441,566.330749493006,604.682245890469,682.825014187383,689.779873413331,736.558177017092,721.572143440621,729.229848118419,742.556343742801,776.511928750774,762.35312509751,785.281046548185,783.070332445706,781.024967590665,762.403358766745,734.729048614026,716.439187972451,766.858835728796,784.617741323761,765.104964493499,786.281395126565,794.11900871343,797.485056926968,828.80268947866,836.164406596826,852.261740172251,855.765807820413,868.978088771898,894.408368471087,875,895.186701099718,873.257148332933,858.589275651343,843.236008242579,850.614191562735,861.022193737938,865.068451540575,883.954074384815,883.776715680143,858.045168355241,859.418238305618,833.07035976399,828.134442646481,917.877987534291,909.879193341066,989.949493661167,972.432516938836,955.24865872714,938.544557444852,950.328890437411,953.687851318981,950.328890437411,936.082261342453,939.747306460625,951.971638232989,964.689069078737,977.880360780397,992.47166206396,952.290618993809,840.273697989677,800.815494842468,800.728712617291,798.866347039662,800.390529679106,759.410218354872,765.398235020227,745.821694508815,730.715335639711,NA,NA,NA,NA,NA,NA,NA
NA,NA,NA,NA,NA,NA,NA,NA,520.738393711018,548.292804986533,601.708179750512,685.579665039113,656.460769506397,601.086121097488,581.644643089645,593.10508708724,520.722775881186,506.211418282915,641.411895801255,673.725034630539,719.809002444398,738.69343140502,735.866077772302,753.792425366754,770.30405391314,805.341591316743,800.390529679106,815.307086206928,797.652806677191,766.893082508898,756.93390223425,752.18375868035,764.944418708107,766.893082508898,760.345316287277,784.972979426505,795.116714798237,799.205109542809,832.541290267336,889.411291622329,906.342562778732,903.231912208415,874.084310323627,872.281035030079,852.971484616979,847.64677882615,832.165848854662,852.38586329506,873.230338883626,874.75829288,891.178907436221,888.217032762521,901.500212059339,908.137217124872,915.080631566862,875.264655205584,811.440735247612,863.495801958527,888.338998690525,970.860550856882,990.580637807947,973.717104707522,966.241385697339,980.114789195633,975.224536907636,970.82439194738,956.882960450232,963.395618214242,961.918551853867,986.154146165801,999.280064094477,929.994488219465,907.896526013874,827.647267862342,817.588875332275,785.458683308799,780.329682214983,795.289593730303,759.111322534449,752.080447824566,745.821694508815,NA,NA,NA,NA,NA,NA,NA,NA
NA,NA,NA,NA,NA,NA,NA,NA,412.646164976426,515.388203202208,548.349682077835,610.743876730723,614.982087761167,604.669331122391,604.152298679729,550,532.055690877083,500,515.056397759228,617.86534896585,708.023155515968,729.029063646587,742.472636709875,755.30197459723,777.837537200569,796.476229548538,786.053594913892,800.536410807875,815.091207835355,763.257777396568,763.216876123687,742.135618745942,745.913772788869,762.322922412837,777.351592012438,796.272159256127,774.056277276732,796.532807248329,861.628899819681,890.595863037124,877.293607423292,851.565226991016,832.814528820641,813.941029804985,816.829607919006,832.541290267336,842.328612726202,832.165848854662,861.162435288474,880.823948019559,887.764045228235,901.57769709772,921.369058276321,951.971638232989,910.013736160065,866.746791167986,880.841156030281,874.303549359048,860.102330364661,920.659571409998,1007.81320816215,992.47166206396,976.599229807189,980.400084484557,985.506417239372,991.526600752597,977.880360780397,983.933432707721,995.615387586994,990.360032805733,1020.41658159793,909.315282732538,985.072040401631,884.979437595424,828.941739230427,807.774721070176,790.569415042095,766.893082508898,759.111322534449,752.127077512903,745.821694508815,NA,NA,NA,NA,NA,NA,NA,NA
NA,NA,NA,NA,NA,NA,NA,NA,NA,431.69289547514,515.791180388071,559.051846024712,614.918693812442,592.859907754403,570.758300804051,548.883777860455,548.292804986533,548.299925674232,514.172658209644,625.49980015984,686.25136640422,715.272431576503,729.52760392146,746.225840463755,765.337076274307,763.267989051863,782.950485400353,800.390529679106,785.015923405379,753.992265046395,760.345316287277,744.453018457885,728.868986855663,735.875736622132,778.620575119872,838.585877788787,831.04340884685,824.43443327957,850.278972142434,834.781999246077,824.621125123532,819.979936102183,827.689658350685,831.038506929733,817.455932141822,828.02475808396,835.599349195235,853.302408293801,866.746791167986,854.409514460411,840.960821132657,940.811617594129,945.05290857179,945.098288440274,926.105345260072,863.749580585269,901.387818865997,862.315518351774,883.529852353615,1044.32992871027,1027.74023955472,1011.4964162072,995.615387586994,998.325443368833,1005.66359181797,1012.42283656583,995.615387586994,1005.62461384053,984.698297457018,984.225481579703,1003.07358059877,975,940.950422801015,873.306000926921,855.131568824354,831.038506929733,797.652806677191,776.960183017744,759.111322534449,721.798986089301,NA,NA,NA,NA,NA,NA,NA,NA,NA
NA,NA,NA,NA,NA,NA,NA,NA,NA,NA,403.112887414927,461.327792293028,515.388203202208,506.211418282915,527.804920856577,485.41219597369,531.507290636732,561.805126356106,583.09518948453,625.518512785333,604.152298679729,627.67970535462,645.578316158347,749.58121746839,730.446561030905,750,771.998889910882,776.709272920053,764.863138694212,750,751.675209641293,751.716715235281,755.821153824418,760.467825959155,784.795360375133,806.476165105752,809.706737035082,813.941029804985,820.476491279723,834.485949881515,820.335411682509,816.241385865725,817.389136213591,850.440938602474,877.994427280213,860.974954436833,862.046982478333,858.361632605445,883.980490701811,855.131568824354,876.505956747138,861.058680209271,892.282191780797,936.602278820147,951.461052866151,909.068733920138,896.172416446746,952.726152660797,1061.24926383956,1051.71293501536,1036.18755783048,1030.77640640442,1015.19702521235,1000,1014.09940006762,1021.00147496873,1017.65662185238,1007.78221853732,1022.84727070026,983.933432707721,972.753822917186,928.984343574229,918.495198656889,883.883476483184,863.495801958527,831.038506929733,784.617741323761,784.617741323761,763.464452524245,NA,NA,NA,NA,NA,NA,NA,NA,NA,NA
NA,NA,NA,NA,NA,NA,NA,NA,NA,NA,NA,437.321392113398,480.884601541784,480.234317807464,459.619407771256,503.183351869994,530.330085889911,535.023363975817,548.377770958943,566.789202437732,620.987117418711,699.309981839413,643.898070378821,711.073132666395,743.303437365925,756.637297521078,752.173707201241,757.733303303846,770.146090037468,742.135618745942,761.404802345254,753.813087232492,770.146090037468,781.514753979414,785.015923405379,789.382670192347,814.610613080312,800.473155802848,843.470942670506,825.378700960959,809.177933496435,828.100101805104,851.851255118112,855.940258321252,886.70739254841,872.13817712562,820.060973342836,840.392798020667,893.198553592494,880.876121963027,851.46931829632,855.131568824354,889.574014527316,896.302801507227,880.775440910246,919.786280420705,917.877987534291,1063.01458127346,1082.8793483015,1081.95425041912,1007.84420467358,1050.29757688,1035.01207722422,1020.11028815516,1017.96365357512,1029.57818150252,1039.88425670563,1028.67480516022,1017.65662185238,962.880737753351,950.889513749405,984.88578017961,975,896.518449439579,863.495801958527,797.458917488461,761.383368813524,750.664770122609,NA,NA,NA,NA,NA,NA,NA,NA,NA,NA,NA
NA,NA,NA,NA,NA,NA,NA,NA,NA,NA,NA,425,461.02784359063,474.341649025257,471.69905660283,486.146428750582,496.28288314408,509.901951359278,522.464079144652,541.218970021403,550.567888638631,656.220237420334,617.454451761423,695.344320781785,765.261393250698,735.509834467848,760.345316287277,784.913430343064,794.659381617925,800.390529679106,777.878921464247,776.611228350453,769.711386438982,806.225774829855,798.94428214767,813.941029804985,823.391246537081,838.525491562421,860.327466969028,829.211115814251,845.946215784432,850.468387758423,860.314108585619,872.688747010922,843.651847566407,866.386172558173,831.139067867281,851.874495273656,836.055461520373,840.200848259576,883.992994359415,974.688935940624,991.31183950423,897.275234567586,895.203966115503,933.875425832266,1065.95028026639,1097.0442882048,1114.98315595547,1101.13577727726,1085.41466730462,1070.04672795163,1055.47368796595,1040.43260233424,1057.55124278563,1051.18980208143,1040.76292443453,1000.69325062734,974.374588544917,970.446942948307,957.363191717976,1007.78221853732,929.045208803102,896.172416446746,832.73198172231,778.307950864195,738.587135381993,738.24115301167,NA,NA,NA,NA,NA,NA,NA,NA,NA,NA,NA
NA,NA,NA,NA,NA,NA,NA,NA,NA,NA,NA,NA,437.392388820314,469.368799454783,465.026880943457,485.41219597369,500.077642728536,512.95711321708,503.189688676891,512.95711321708,512.987501841894,542.989932865509,643.084812379402,645.295035152492,660.269621451136,756.650154764066,776.671400251127,787.601881164144,802.517828512637,794.583651631453,782.090373694616,776.208734813001,800.468464787114,822.344210169926,834.415963413932,831.22568154555,834.527718742153,848.896342317482,863.634872974987,867.512352219007,869.626356546304,855.144671729388,850,849.291967073441,814.248335576953,840.386815698581,851.630642563979,832.616226719488,938.755104438093,964.689069078737,1001.05567875955,1017.65662185238,1026.26059042006,939.682426184308,964.388280557382,1070.04672795163,1085.61118117928,1133.57840487546,1133.64724019699,1120.54674155075,1105.10180526502,1090.01146782958,1075.29065838033,1061.87401272887,1055.3469027621,1033.50133042972,1020.41658159793,1007.78221853732,995.615387586994,962.046255953869,972.945816783166,963.523701300348,929.045208803102,900.819446775307,750.542716345227,727.874528625189,704.450140180269,NA,NA,NA,NA,NA,NA,NA,NA,NA,NA,NA,NA
NA,NA,NA,NA,NA,NA,NA,NA,NA,NA,NA,NA,NA,470.703206152114,458.938993767145,492.458744664633,485.60381790142,496.259401533196,548.292804986533,548.292804986533,548.292804986533,520.21630116712,566.187507467832,571.309809111347,709.2286190236,650.356662819483,707.619122428898,752.080447824566,777.444802970272,801.56097709407,794.58590536073,770.146090037468,783.08444192004,831.038506929733,817.389136213591,825.03775928471,822.256559391011,865.539460518595,850.367567584747,862.645864349712,863.572433890874,870.735097381715,862.663492730085,868.227549823709,807.751003449528,800.536410807875,832.648435590703,867.245806202497,853.483975038697,901.210506412957,945.209457845546,1013.49936710141,1047.0195795686,1024.10929339253,1075.29065838033,1106.09064826962,1136.48944321993,1144.77802090806,1155.69243313262,1140.17542509914,1101.73238284533,1049.87193898698,1025.41128725495,1081.6653826392,1068.00046816469,1054.75115548645,1041.93329920874,1029.5630140987,995.615387586994,983.933432707721,995.301461869719,973.774821586338,927.732426839952,919.817941185163,752.162730551139,715.891053163818,NA,NA,NA,NA,NA,NA,NA,NA,NA,NA,NA,NA,NA
NA,NA,NA,NA,NA,NA,NA,NA,NA,NA,NA,NA,NA,NA,455.268227331356,445.49415904902,498.144952740166,501.270676769548,535.023363975817,548.292804986533,550.567888638631,515.388203202208,520.401389452229,581.624896381598,598.816478484012,617.454451761423,730.154093325512,764.917950134058,769.299380528431,789.504651655098,785.134629726606,763.45604730182,815.549946960744,851.579138799692,828.552423467167,797.044231056611,804.136453392883,785.230234137789,825.686959306121,842.089394544478,860.467372450314,842.623138973689,896.535171499682,910.907619924872,840.551521746374,828.467987055062,840.427981378332,866.443398461525,902.958526328694,883.883476483184,868.047101165101,919.918474648705,979.210240474705,1051.98860199388,1113.68765706697,1136.33181773635,1141.60141925131,1163.70611252765,1173.96894416656,1053.91098256429,1102.23483907183,1083.45051270476,1116.35567808831,1102.55385356,1068.48252787113,1054.75115548645,1035.0141826274,1007.78221853732,1017.65662185238,1006.23058987491,995.301461869719,957.639225718712,886.002257333467,783.843524132257,761.704687354332,NA,NA,NA,NA,NA,NA,NA,NA,NA,NA,NA,NA,NA,NA
NA,NA,NA,NA,NA,NA,NA,NA,NA,NA,NA,NA,NA,NA,NA,427.200187265877,461.450032539066,496.714640336236,492.855342640788,566.789202437732,512.95711321708,523.620100661274,517.881171677286,501.990575822303,565.740453544242,610.763363464704,750.392812255055,800.390529679106,776.65129874862,776.611228350453,785.332600447862,807.774721070176,798.827265433523,776.611228350453,763.257777396568,776.661462019689,802.619001499143,790.784481367446,783.022988168291,790.569415042095,818.677002448712,832.541290267336,846.991661520527,827.917481858728,838.525491562421,832.726943626242,838.849087230769,870.802214509985,887.825561365985,883.883476483184,853.737441545541,851.587936416193,864.785082606271,1107.3617295175,1130.5419054595,1145.17988695448,1152.55451243595,1171.8041645258,1080.92208783326,1180.04237212059,1165.38620208067,1151.08644332213,1137.15654155442,1102.55385356,1063.60236930913,978.841245714223,1053.03869763519,982.319726802597,1039.83171715427,1028.65203057205,1017.96365357512,856.800045451912,829.442323701831,806.952950362361,NA,NA,NA,NA,NA,NA,NA,NA,NA,NA,NA,NA,NA,NA,NA
NA,NA,NA,NA,NA,NA,NA,NA,NA,NA,NA,NA,NA,NA,NA,NA,NA,419.076365356005,442.65696422458,505.910285691903,480.933241450632,436.606229914325,425.844199253259,430.960502659999,498.121471129282,584.066123684241,741.526398318988,800.390529679106,800.390529679106,775.533597530013,781.424980404389,765.197118240942,780.157303950537,772.252864505848,778.22905616022,792.011671634331,813.950625903489,831.038506929733,807.092172755532,809.822190452833,807.000619578449,831.038506929733,814.324873745117,832.478733826058,828.279351519956,834.555936349098,820.141633210311,831.122943341838,849.454617282147,867.827747885489,894.427190999916,849.691327451806,873.616535503463,1077.85462169298,1150.28189123635,1165.47322134755,1125.84786574053,1171.8041645258,1186.02492060376,1160.01077581202,1181.7284399803,1084.30049107873,1137.15654155442,1123.61025271221,1012.42283656583,1038.57586259756,951.761520755764,901.387818865997,887.764045228235,874.642784226795,862.046982478333,834.518701617644,NA,NA,NA,NA,NA,NA,NA,NA,NA,NA,NA,NA,NA,NA,NA,NA,NA
NA,NA,NA,NA,NA,NA,NA,NA,NA,NA,NA,NA,NA,NA,NA,NA,NA,NA,436.738821984145,469.508864945344,493.124514926593,450.693909432999,381.715988295832,468.715498830309,586.483620949468,619.504457746655,682.367203197809,746.231680516453,753.740671584067,800.390529679106,801.619287065767,801.609651016703,751.65548392253,778.620575119872,809.706737035082,816.49119798026,821.840348383441,824.621125123532,831.038506929733,832.333246726419,825.449448535569,809.902636584156,825.946231850893,828.435031672053,848.551130300868,851.46931829632,838.525491562421,848.647494195606,851.579138799692,849.152484106345,866.422211941356,873.316605650976,884.768223261757,1014.62400841084,1062.27856458491,1131.05551890607,1165.38620208067,1016.33636399778,1086.65473243645,1191.59566201125,1079.59394145632,1133.6047477048,1100.30429327093,1096.97621363256,965.012953280939,996.009660123533,925.378834872894,922.293337284836,909.111146477487,896.172416446746,873.332419003043,NA,NA,NA,NA,NA,NA,NA,NA,NA,NA,NA,NA,NA,NA,NA,NA,NA,NA
NA,NA,NA,NA,NA,NA,NA,NA,NA,NA,NA,NA,NA,NA,NA,NA,NA,NA,NA,420.181507695081,432.148693035852,468.487031285103,443.762527675524,499.503399114287,547.002253795963,691.578089947081,695.424696802864,762.473468898858,765.261393250698,801.585314055387,754.191341095007,768.595748370814,809.706737035082,797.572080982098,830.010297968107,838.525491562421,843.35638967165,849.052222980154,855.218011495028,847.514265591793,855.312753670878,850.367567584747,841.677257392509,852.408776920029,854.745820415797,869.626356546304,855.401574778845,867.827747885489,880.695747690427,883.883476483184,883.980490701811,886.002257333467,897.566153550812,919.587140834436,1015.2766251206,1178.92236694912,1164.85162772809,1153.13304003559,1115.63921656307,1149.99082982052,1074.74516939105,1099.40408601388,1122.77557864428,1063.1128744927,1054.75115548645,970.82439194738,943.735234386775,930.714913544151,918.021609650197,917.379788620573,NA,NA,NA,NA,NA,NA,NA,NA,NA,NA,NA,NA,NA,NA,NA,NA,NA,NA,NA
NA,NA,NA,NA,NA,NA,NA,NA,NA,NA,NA,NA,NA,NA,NA,NA,NA,NA,NA,NA,NA,424.976698416802,386.914433588835,403.112887414927,477.62432936357,580.070664415087,683.749510137167,729.696950501931,770.948637740435,781.899119136257,770.428062296641,782.653693765932,800.390529679106,763.811911602009,764.852927038918,802.744361224655,867.827747885489,879.275269753449,879.275269753449,881.214832240686,875.455024994402,875.682454361398,883.44247869847,872.127577516697,867.827747885489,880.695747690427,883.883476483184,903.119593409422,873.394354646144,885.191520438247,851.673798666185,837.363472884482,893.971121191132,925.760818626347,979.558904537845,1023.23597507765,962.026389735266,931.518352358902,931.209448076949,1081.95425041912,1060.79242449199,1012.46644522402,1035.01207722422,999.073784382724,1005.60926805594,991.526600752597,964.689069078737,946.970670884377,NA,NA,NA,NA,NA,NA,NA,NA,NA,NA,NA,NA,NA,NA,NA,NA,NA,NA,NA,NA,NA
NA,NA,NA,NA,NA,NA,NA,NA,NA,NA,NA,NA,NA,NA,NA,NA,NA,NA,NA,NA,NA,NA,371.651718682963,390.512483795333,428.009939253991,500.069921380049,588.575442332072,679.95422126113,725,760.751964088857,785.015923405379,764.852927038918,751.281535300562,730.318460126017,770.75524851412,887.821099848867,778.620575119872,897.566153550812,897.566153550812,910.013736160065,900.347155268455,856.468324780524,890.767094074166,776.208734813001,822.561567588922,866.894203057929,885.191520438247,893.630597528266,886.70739254841,810.371040992633,873.549833146643,869.975604008861,811.828210140261,905.94284120041,1011.4964162072,980.68885271986,980.336970021808,936.082261342453,985.952874773163,1063.01458127346,1066.43688994235,1060.17215241582,1025.11663318302,1020.91698211634,1010.16053527693,999.062060134404,983.933432707721,NA,NA,NA,NA,NA,NA,NA,NA,NA,NA,NA,NA,NA,NA,NA,NA,NA,NA,NA,NA,NA,NA
NA,NA,NA,NA,NA,NA,NA,NA,NA,NA,NA,NA,NA,NA,NA,NA,NA,NA,NA,NA,NA,NA,NA,NA,424.999363930044,445.112345369121,478.961948441066,603.15484674249,626.504436880735,765.257228052712,731.79666117615,728.12284895593,715.891053163818,715.891053163818,742.041103982791,726.968924156713,728.010988928052,750.494310321818,777.976858751913,794.92492235806,742.472636709875,728.192515667167,791.34992728046,771.837710648633,759.504548690795,839.99668328808,857.859880315836,834.89231569201,819.866479511901,831.640833477099,879.275269753449,849.258294204813,901.387818865997,1015.19702521235,955.24865872714,1015.19702521235,984.257825425398,907.158531945936,1020.04915110189,1044.47911991451,1065.95028026639,1080.02909789061,1075.29065838033,1060.95475869615,1029.66147200698,NA,NA,NA,NA,NA,NA,NA,NA,NA,NA,NA,NA,NA,NA,NA,NA,NA,NA,NA,NA,NA,NA,NA,NA
NA,NA,NA,NA,NA,NA,NA,NA,NA,NA,NA,NA,NA,NA,NA,NA,NA,NA,NA,NA,NA,NA,NA,NA,NA,NA,480.234317807464,500,530.330085889911,660.492240681145,728.233622747811,704.006392016436,697.316284049068,709.732724271504,701.188981481581,721.115670460176,707.106781186548,711.512473537885,716.32743909472,740.835573743226,752.18375868035,738.24115301167,719.920025654336,707.981306859077,726.738203890439,738.336151785948,735.356865408689,759.21396137418,838.15273071201,840.928319868074,886.002257333467,970.647081384635,1008.03169380004,977.831972344954,956.882960450232,939.053103571885,941.956628692246,879.388490928439,964.689069078737,1073.05730628255,1086.15557318782,1110.18016555873,1056.06446624396,NA,NA,NA,NA,NA,NA,NA,NA,NA,NA,NA,NA,NA,NA,NA,NA,NA,NA,NA,NA,NA,NA,NA,NA,NA,NA
NA,NA,NA,NA,NA,NA,NA,NA,NA,NA,NA,NA,NA,NA,NA,NA,NA,NA,NA,NA,NA,NA,NA,NA,NA,NA,NA,NA,NA,555.090082779363,570.155906413463,582.104619826589,681.806539711405,678.876684903845,680.671847101264,700.446286306095,704.74707265313,707.548584904245,697.527869714707,715.896507987954,728.868986855663,691.644757751688,694.956397308811,683.459986421224,716.33139423384,752.080447824566,761.577310586391,771.928080637933,797.939195046567,860.929867470717,831.857388771896,917.196816392207,996.3368687021,994.929634042267,948.31608916741,977.200178737817,915.629624640854,946.496625446174,1051.21003720753,1016.79882705956,NA,NA,NA,NA,NA,NA,NA,NA,NA,NA,NA,NA,NA,NA,NA,NA,NA,NA,NA,NA,NA,NA,NA,NA,NA,NA,NA,NA,NA
NA,NA,NA,NA,NA,NA,NA,NA,NA,NA,NA,NA,NA,NA,NA,NA,NA,NA,NA,NA,NA,NA,NA,NA,NA,NA,NA,NA,NA,NA,NA,541.700454578135,562.966904522949,604.669331122391,681.651814457598,682.825014187383,700.446286306095,701.085392188368,693.271231193102,680.073525436772,662.918361061742,666.746353279129,660.92895099063,682.825014187383,706.717803841937,740.643075572714,752.893880162046,668.084244850191,695.956060301531,816.39395647333,845.946215784432,907.591259200901,949.526664148798,972.624573745256,910.013736160065,890.285953222745,960.008917030071,864.906368775782,NA,NA,NA,NA,NA,NA,NA,NA,NA,NA,NA,NA,NA,NA,NA,NA,NA,NA,NA,NA,NA,NA,NA,NA,NA,NA,NA,NA,NA,NA,NA
NA,NA,NA,NA,NA,NA,NA,NA,NA,NA,NA,NA,NA,NA,NA,NA,NA,NA,NA,NA,NA,NA,NA,NA,NA,NA,NA,NA,NA,NA,NA,NA,NA,NA,NA,596.453558340724,617.693010722369,695.071938722892,673.145600891813,650,645.174395028197,633.053708788693,621.056006004816,604.669331122391,604.669331122391,622.52518525599,649.109811568181,817.65502676035,674.192397927112,831.22568154555,910.013736160065,987.150010970772,965.012953280939,899.167011830798,NA,NA,NA,NA,NA,NA,NA,NA,NA,NA,NA,NA,NA,NA,NA,NA,NA,NA,NA,NA,NA,NA,NA,NA,NA,NA,NA,NA,NA,NA,NA,NA,NA,NA,NA
NA,NA,NA,NA,NA,NA,NA,NA,NA,NA,NA,NA,NA,NA,NA,NA,NA,NA,NA,NA,NA,NA,NA,NA,NA,NA,NA,NA,NA,NA,NA,NA,NA,NA,NA,NA,NA,NA,NA,NA,NA,NA,NA,NA,592.494722072469,NA,NA,NA,NA,NA,NA,NA,NA,NA,NA,NA,NA,NA,NA,NA,NA,NA,NA,NA,NA,NA,NA,NA,NA,NA,NA,NA,NA,NA,NA,NA,NA,NA,NA,NA,NA,NA,NA,NA,NA,NA,NA,NA,NA
