"V1","V2","V3","V4","V5","V6","V7","V8","V9","V10","V11","V12","V13","V14","V15","V16","V17","V18","V19","V20","V21","V22","V23","V24","V25","V26","V27","V28","V29","V30","V31","V32","V33","V34","V35","V36","V37","V38","V39","V40","V41","V42","V43","V44","V45","V46","V47","V48","V49","V50","V51","V52","V53","V54","V55","V56","V57","V58","V59","V60","V61","V62","V63","V64","V65","V66","V67","V68","V69","V70","V71","V72","V73","V74","V75","V76","V77","V78","V79","V80","V81","V82","V83","V84","V85","V86","V87","V88","V89"
NA,NA,NA,NA,NA,NA,NA,NA,NA,NA,NA,NA,NA,NA,NA,NA,NA,NA,NA,NA,NA,NA,NA,NA,NA,NA,NA,NA,NA,NA,NA,NA,NA,NA,NA,NA,NA,NA,NA,NA,NA,NA,NA,NA,594.243216200236,NA,NA,NA,NA,NA,NA,NA,NA,NA,NA,NA,NA,NA,NA,NA,NA,NA,NA,NA,NA,NA,NA,NA,NA,NA,NA,NA,NA,NA,NA,NA,NA,NA,NA,NA,NA,NA,NA,NA,NA,NA,NA,NA,NA
NA,NA,NA,NA,NA,NA,NA,NA,NA,NA,NA,NA,NA,NA,NA,NA,NA,NA,NA,NA,NA,NA,NA,NA,NA,NA,NA,NA,NA,NA,NA,NA,NA,NA,NA,583.630876496438,577.006463818132,560.376208715762,579.639792049848,579.349333215605,566.692357814164,588.310133839477,594.243216200236,605.160081266366,611.166830179518,617.947505401021,608.78336396849,617.454451761423,612.882533606563,602.25798568556,614.66891712923,629.421737965671,608.231166505979,592.663479556485,NA,NA,NA,NA,NA,NA,NA,NA,NA,NA,NA,NA,NA,NA,NA,NA,NA,NA,NA,NA,NA,NA,NA,NA,NA,NA,NA,NA,NA,NA,NA,NA,NA,NA,NA
NA,NA,NA,NA,NA,NA,NA,NA,NA,NA,NA,NA,NA,NA,NA,NA,NA,NA,NA,NA,NA,NA,NA,NA,NA,NA,NA,NA,NA,NA,NA,596.078664683807,608.789783094296,605.127649988509,602.855047565478,614.675374513269,585.768725692999,583.376992066908,577.081292699745,583.469350059796,579.419036515134,585.033366123351,594.243216200236,612.850599196315,625.487305155844,618.377165091894,625,617.454451761423,608.276253029822,602.079728939615,619.72648063068,629.898719693173,618.970920156997,604.656405311325,604.921169099912,604.604591067822,617.134823745448,588.363580069391,NA,NA,NA,NA,NA,NA,NA,NA,NA,NA,NA,NA,NA,NA,NA,NA,NA,NA,NA,NA,NA,NA,NA,NA,NA,NA,NA,NA,NA,NA,NA
NA,NA,NA,NA,NA,NA,NA,NA,NA,NA,NA,NA,NA,NA,NA,NA,NA,NA,NA,NA,NA,NA,NA,NA,NA,NA,NA,NA,NA,602.079728939615,592.079425753517,600.416167838731,617.454451761423,608.186079982136,601.88381612113,604.669331122391,600.774183784199,594.223469492189,596.290526946488,585.701887287787,589.914874551115,587.574935043548,600.645619796751,608.371685833998,619.852510663469,624.899677935468,618.344893083295,629.45282678319,639.561197766355,632.455532033676,640.312423743285,637.117923474101,637.322089272342,626.612018874158,612.882533606563,600.520607473216,612.735166578147,602.079728939615,608.276253029822,610.772160717414,NA,NA,NA,NA,NA,NA,NA,NA,NA,NA,NA,NA,NA,NA,NA,NA,NA,NA,NA,NA,NA,NA,NA,NA,NA,NA,NA,NA,NA
NA,NA,NA,NA,NA,NA,NA,NA,NA,NA,NA,NA,NA,NA,NA,NA,NA,NA,NA,NA,NA,NA,NA,NA,NA,NA,601.280679188085,618.837236817908,625,610.327780786685,626.996810199223,632.455532033676,626.996810199223,626.498204307083,625.49980015984,606.08493805862,608.276253029822,606.729557108344,601.93631126847,581.48516748065,590.021186060297,590.001297669506,609.192657147646,616.186572786933,632.899995762298,626.297395295472,625,626.865212992275,642.699313466364,644.979471132469,632.455532033676,626.959384948238,629.483915600709,626.97809757373,619.176626269351,614.597719690621,626.996810199223,626.896728911976,626.498204307083,610.276492592763,605.082292899587,592.201302592205,580.56988633358,NA,NA,NA,NA,NA,NA,NA,NA,NA,NA,NA,NA,NA,NA,NA,NA,NA,NA,NA,NA,NA,NA,NA,NA,NA,NA
NA,NA,NA,NA,NA,NA,NA,NA,NA,NA,NA,NA,NA,NA,NA,NA,NA,NA,NA,NA,NA,NA,NA,NA,571.152947011306,593.977907707641,608.276253029822,612.824955099354,610.327780786685,621.651244969358,628.209274082447,638.846616959032,640.60401000281,649.031728528187,637.117923474101,626.996810199223,609.539556969336,620.987117418711,605.166544171899,600,624.573058025769,612.818664786066,608.276253029822,612.51456269282,629.446594209538,642.748006609122,637.180101109138,630.952878736129,638.69301374871,630.903077293119,625,625.49980015984,629.384312714687,628.903184571829,637.180101109138,631.173361211435,629.483915600709,632.949445058608,626.84656787971,629.483915600709,629.290140758724,585.100887528511,570.27491507383,570.525229473547,593.977907707641,NA,NA,NA,NA,NA,NA,NA,NA,NA,NA,NA,NA,NA,NA,NA,NA,NA,NA,NA,NA,NA,NA,NA,NA
NA,NA,NA,NA,NA,NA,NA,NA,NA,NA,NA,NA,NA,NA,NA,NA,NA,NA,NA,NA,NA,NA,570.635347744681,588.430114796991,592.663479556485,610.431641763298,617.340153807552,627.922530957047,636.917276223046,632.899995762298,638.846616959032,632.899995762298,649.963902213841,637.377439199098,629.483915600709,637.117923474101,612.83137422516,614.918693812442,612.882533606563,630.971473206198,624.811361294036,604.669331122391,604.669331122391,610.186319545078,626.996810199223,637.377439199098,632.522421336485,641.664226140097,655.242581655162,625.411941657807,625.487305155844,625,626.460749199406,626.643953284406,626.959384948238,629.384312714687,640.23904912968,657.611644786346,649.174125109584,628.934458415123,635.108092202097,608.186079982136,595.08430169152,588.370124318234,625,634.854961776819,636.765066559285,NA,NA,NA,NA,NA,NA,NA,NA,NA,NA,NA,NA,NA,NA,NA,NA,NA,NA,NA,NA,NA,NA
NA,NA,NA,NA,NA,NA,NA,NA,NA,NA,NA,NA,NA,NA,NA,NA,NA,NA,NA,NA,NA,594.243216200236,594.243216200236,594.243216200236,625,610.23786345296,637.266739345586,637.31591535953,651.690934672486,676.849318534044,654.282711716434,648.471546215506,637.377439199098,630.971473206198,625.49980015984,626.996810199223,629.483915600709,626.996810199223,617.422754787061,626.996810199223,626.959384948238,626.473244203402,625,629.657937093519,626.229592554039,631.173361211435,641.409019890047,650.468576773812,661.720177285472,651.836136721099,642.723660037743,626.959384948238,614.918693812442,632.381241622852,630.209099933385,632.424560741075,637.377439199098,675.123987066274,682.173114669899,661.550171388812,649.963902213841,650.28727693904,631.495504022172,636.904649315187,618.396052464698,618.465843842649,642.613742423871,642.717561823299,NA,NA,NA,NA,NA,NA,NA,NA,NA,NA,NA,NA,NA,NA,NA,NA,NA,NA,NA,NA,NA
NA,NA,NA,NA,NA,NA,NA,NA,NA,NA,NA,NA,NA,NA,NA,NA,NA,NA,NA,601.040764008565,618.465843842649,607.977922256422,588.350236815466,601.040764008565,638.61090607443,648.941165430879,673.145600891813,672.758143916975,672.634682126092,675.462804305315,650.468576773812,649.879359875705,635.824316360065,637.377439199098,625,626.97809757373,632.899995762298,654.31261641512,651.920240520265,651.902244908298,629.483915600709,631.595585309419,626.996810199223,636.396103067893,649.866877162883,646.283353387175,649.037749287358,651.88424929633,659.034219804935,659.452901624127,649.727221501224,642.613742423871,640.557683762437,632.937097232985,626.959384948238,640.275736436482,642.613742423871,666.953875994751,632.943271145797,664.125336924911,642.748006609122,656.076746273898,660.018939122204,648.790898161329,648.031550132532,659.900126317092,654.31261641512,660.486324411659,644.369597653281,648.819616148757,NA,NA,NA,NA,NA,NA,NA,NA,NA,NA,NA,NA,NA,NA,NA,NA,NA,NA,NA
NA,NA,NA,NA,NA,NA,NA,NA,NA,NA,NA,NA,NA,NA,NA,NA,NA,NA,608.789783094296,625.493552657842,625,618.933008447108,629.017721669452,641.771631644616,656.220237420334,665.575984961137,661.171621747661,672.994040949676,673.145600891813,663.320109795532,650,626.996810199223,626.984345051919,637.217290049276,625.32395125191,620.936712487168,642.748006609122,667.083203206317,675.399069238251,673.13399092836,656.172546895204,651.902244908298,637.365172497458,649.879359875705,650,650.928216234117,659.236469926507,665.439945025608,672.269678230352,670.573806352159,691.465834296967,667.083203206317,648.95912750388,655.242581655162,642.716174507127,644.581237130543,651.88424929633,648.831812577645,642.748006609122,648.746241535152,656.220237420334,648.941165430879,668.937674852404,655.749167464803,655.810317708049,670.407698829066,656.220237420334,676.109764949152,673.087470700766,676.758396729245,642.717561823299,NA,NA,NA,NA,NA,NA,NA,NA,NA,NA,NA,NA,NA,NA,NA,NA,NA,NA
NA,NA,NA,NA,NA,NA,NA,NA,NA,NA,NA,NA,NA,NA,NA,NA,NA,610.30855581553,617.454451761423,626.946889944242,632.455532033676,632.949445058608,636.309936617661,642.847090494396,664.266512779321,660.492240681145,664.213418108607,676.849318534044,675.462804305315,675.462804305315,674.625473478055,637.377439199098,626.965617498081,632.455532033676,656.04067521701,632.81300537915,642.613742423871,661.910114743686,675.462804305315,675.462804305315,679.153885360306,654.31261641512,651.751594382963,651.902244908298,650.480591562884,650.408256711665,656.166487459083,665.65872484715,679.153885360306,666.906596604214,667.387414240898,661.910114743686,667.083203206317,642.748006609122,637.377439199098,651.593357794038,650.960120260132,653.974808027212,642.272877820624,640.800280898815,664.160323437893,651.751594382963,660.277940677123,672.817434347573,664.065355895346,640.800280898815,660.492240681145,665.641101909583,671.097841481404,664.065355895346,676.37183133334,665.641101909583,NA,NA,NA,NA,NA,NA,NA,NA,NA,NA,NA,NA,NA,NA,NA,NA,NA
NA,NA,NA,NA,NA,NA,NA,NA,NA,NA,NA,NA,NA,NA,NA,576.999615093431,577.149486563639,602.008020104042,609.930648179389,626.971850071732,637.377439199098,640.800280898815,649.975943732184,637.377439199098,656.220237420334,662.717635414582,660.940887237677,673.145600891813,673.145600891813,676.756725592988,670.656546238172,664.266512779321,648.831812577645,640.800280898815,656.220237420334,673.145600891813,667.012785945642,667.083203206317,682.367203197809,686.293445249124,681.191693345277,660.018939122204,660.018939122204,654.31261641512,651.920240520265,632.949445058608,632.949445058608,656.933779659315,659.846376355841,651.920240520265,654.264716104467,651.920240520265,632.781916561631,648.260809250225,632.11210328283,638.809887515034,654.204801004742,654.31261641512,641.74979718259,649.684435979977,659.816471657156,655.948406534393,648.941165430879,660.018939122204,682.136663140159,650,689.242958448814,673.145600891813,695.837568535021,686.350829860419,696.29557437015,696.29557437015,691.465834296967,681.191693345277,NA,NA,NA,NA,NA,NA,NA,NA,NA,NA,NA,NA,NA,NA,NA
NA,NA,NA,NA,NA,NA,NA,NA,NA,NA,NA,NA,NA,NA,585.768725692999,579.963269208715,609.88617325593,608.276253029822,608.673267333425,630.851688351251,640.75143930032,648.331487710764,658.720117657871,659.923971579658,648.453042743513,660.018939122204,660.480408142172,675.462804305315,691.249813794227,682.819291550014,693.101363185457,658.785646738976,673.13399092836,663.909849959838,664.20760282843,676.68094562192,686.316436251036,688.919806246014,682.367203197809,703.805133723563,701.78344238091,699.994309228388,675.462804305315,657.611644786346,649.818700165228,642.625524589741,637.377439199098,656.166487459083,666.662130520695,654.264716104467,653.772363218396,642.385315516393,629.483915600709,639.995590811485,641.774143753968,642.699313466364,640.714709856322,665.539070920494,650.480591562884,666.318539121266,674.275237555895,669.033515390186,660.018939122204,650.23221042353,672.958869564136,672.376478311872,682.825014187383,705.7353777082,715.212403807308,740.263997762984,715.869213892316,701.309481676072,730.656051270443,682.590386055226,682.590386055226,NA,NA,NA,NA,NA,NA,NA,NA,NA,NA,NA,NA,NA,NA
NA,NA,NA,NA,NA,NA,NA,NA,NA,NA,NA,NA,NA,577.020148128486,581.444805174563,583.624180408789,581.444805174563,609.539556969336,624.899677935468,631.173361211435,654.282711716434,640.775860099568,659.647825519854,660.018939122204,671.683895622158,673.087470700766,660.379174409647,672.657942239889,686.42514454118,687.84082460988,693.271231193102,687.715429349318,682.825014187383,676.8433246498,667.083203206317,666.953875994751,687.806716766816,679.952472354669,682.286870251871,701.114864343502,710.940797116601,711.073132666395,696.170841284908,675.182897017165,659.989293906905,659.876281054527,668.244154415602,675.25331427784,673.145600891813,660.738419772628,650.964759234384,657.036067999657,640.591662177186,641.495878979443,674.98174013319,679.82284310784,679.619440169445,704.006392016436,673.145600891813,673.11653579629,686.373778195062,672.775866845786,662.574458380131,678.878679005475,673.145600891813,675.404874219977,693.271231193102,707.990112925315,728.772262184271,728.411304201503,778.5552401083,761.267032901446,761.546485735741,721.110255092798,721.402173700109,738.295631103593,NA,NA,NA,NA,NA,NA,NA,NA,NA,NA,NA,NA,NA
NA,NA,NA,NA,NA,NA,NA,NA,NA,NA,NA,NA,575.434215693035,603.355041012673,592.663479556485,604.669331122391,606.678051458695,624.543277185942,620.987117418711,637.377439199098,649.757810593582,657.563954261216,673.13399092836,664.237057803876,679.433740677889,661.874667892123,656.099090598694,673.145600891813,691.42058121971,686.476510887299,694.981786112244,696.419413859206,705.779710674655,696.954002302526,682.825014187383,682.590386055226,692.345965283833,682.32703672484,687.806716766816,701.750013479039,715.697993578096,715.721025757884,707.106781186548,686.476510887299,686.802785858648,704.006392016436,701.525502178811,698.439762156074,675.433839262646,667.083203206317,675.182897017165,679.003678248594,679.003678248594,686.42514454118,706.82275356416,710.726499835358,687.473444016929,664.219334378094,672.994040949676,682.136663140159,682.367203197809,673.145600891813,682.367203197809,675.462804305315,686.373778195062,704.445111783729,704.006392016436,724.772276329095,738.151654238784,755.774524136081,776.570947641692,771.553687624207,771.726917972052,793.719702245171,748.605100426056,726.451316699341,726.722092687432,NA,NA,NA,NA,NA,NA,NA,NA,NA,NA,NA,NA
NA,NA,NA,NA,NA,NA,NA,NA,NA,NA,NA,552.268050859363,580.299252078157,604.669331122391,632.78816403982,637.377439199098,638.846616959032,634.094381627737,641.315695923264,651.63004510084,664.017665370216,671.76872959482,665.676347784717,660.480408142172,659.732148588505,665.582191958692,672.829266886546,701.067496343682,703.771787202837,694.62219947249,715.869213892316,715.989121905884,707.040365161391,695.243194460385,675,700.368036249669,706.426657549203,707.106781186548,710.940797116601,707.423641212847,726.722092687432,728.783034844955,715.891053163818,707.029271457295,728.544538513366,705.517831736865,696.942557027786,679.153885360306,676.814655678326,660.018939122204,673.862851884579,682.813568912644,687.251466814116,682.65813241085,706.608078350599,703.738012995853,683.194980843904,673.312576561146,682.229256081215,693.271231193102,693.135471028522,694.62219947249,676.831829148845,697.316284049068,701.525502178811,694.62219947249,704.444593328221,728.868986855663,752.028436628952,770.146090037468,790.270694044039,782.788429903053,778.620575119872,760.345316287277,743.102652894093,716.239890648369,737.780349247488,714.507600232973,NA,NA,NA,NA,NA,NA,NA,NA,NA,NA,NA
NA,NA,NA,NA,NA,NA,NA,NA,NA,NA,NA,561.735423056577,604.662868216858,626.498204307083,628.209274082447,640.75143930032,668.997058561064,667.048031820777,675.375809124454,676.831987106185,686.373778195062,688.914180479017,682.309861253783,691.443207758338,700.423608282684,697.759112514494,695.071938722892,706.806403741444,713.597482497607,707.548584904245,705.483885791109,708.360253895628,694.841447357061,703.878264345465,704.450140180269,707.371027439292,715.676968910857,719.711053712384,724.132788585261,742.041103982791,732.065361067677,730.987701306746,725.784362737732,715.836320918494,703.961890695057,701.671763422614,693.223810204605,687.84082460988,691.323676086104,682.590386055226,695.843804651417,701.78344238091,696.732798587708,682.286870251871,682.819291550014,694.543290343102,687.473444016929,676.605165650851,675.462804305315,686.476510887299,694.435611179393,682.367203197809,686.131628173959,686.316436251036,686.476510887299,704.167145505416,716.10796429375,745.214739258172,751.5187408084,766.801133416492,776.601166012017,773.482431264223,764.137949541135,751.965785350169,743.303437365925,728.335976806877,749.471724671392,750.59228692219,NA,NA,NA,NA,NA,NA,NA,NA,NA,NA,NA
NA,NA,NA,NA,NA,NA,NA,NA,NA,NA,566.109987388767,590.021186060297,616.154875812571,620.954739753361,631.676357414525,651.88424929633,674.924574926772,675.300029153385,687.646642130552,693.773025169849,700.395950400509,696.607923888003,695.026862417568,675.462804305315,700.435129148443,700.217564574221,700.368036249669,720.809775029001,726.581796747566,728.868986855663,705.746471412295,703.991913058699,704.439046476173,716.081952033631,716.32743909472,723.937654847997,726.722092687432,726.451316699341,723.21657261839,735.272058492637,726.722092687432,731.990484278688,728.010988928052,715.8308291576,697.170022805265,693.268886509929,686.476510887299,691.341101211725,691.357824045597,703.731623174111,707.106781186548,710.940797116601,726.705952859181,719.711053712384,705.746471412295,707.322160498925,700.446286306095,703.714908723176,700.345614494923,680.073525436772,673.141598777626,675.404874219977,672.732475276798,704.411808951395,700.446286306095,707.763829814517,697.170022805265,715.891053163818,728.815314501457,748.945914227571,756.09918047749,752.754088678783,750.238723149575,740.067503300733,721.321454420566,721.402173700109,730.100515715575,750,726.059064247085,NA,NA,NA,NA,NA,NA,NA,NA,NA,NA
NA,NA,NA,NA,NA,NA,NA,NA,NA,570.011937500623,581.383211536587,604.152298679729,619.694964710979,626.360427134874,650.234288386906,673.145600891813,686.476510887299,680.050534434861,695.054916734145,726.722092687432,723.270580760072,695.00423587894,710.633520177595,704.123901782965,691.181026575462,695.071938722892,707.471123786146,720.925005862492,711.512473537885,726.462226347614,716.294690174946,740.093629110092,742.041103982791,738.61902524608,752.901960125815,760.345316287277,739.271480233151,749.019634043018,738.664335134708,750,745.55795360841,749.651362276537,735.074420550515,726.592627482323,713.245200392639,707.07360442375,701.727602901762,705.779710674655,715.682488011121,721.093989434693,715.891053163818,711.830783091058,715.682491457328,715.8308291576,725.11466688972,694.571108343915,691.341101211725,711.501490016098,675.462804305315,668.665485494836,679.992920264204,673.145600891813,679.061608333931,695.071938722892,702.867130328229,703.961890695057,707.979074724788,711.501490016098,725.420133766662,719.711053712384,728.847536907472,726.651944717499,730.100515715575,726.42947742784,714.918873562821,698.842160149368,713.221165311247,721.305188762461,699.810129148443,720.348042808203,NA,NA,NA,NA,NA,NA,NA,NA,NA
NA,NA,NA,NA,NA,NA,NA,NA,550.567888638631,566.664600535691,583.630876496438,602.079728939615,632.949445058608,626.498204307083,646.743873395987,654.252807017749,657.094448734824,673.145600891813,675.462804305315,701.40076909357,700.873638592339,704.444593328221,724.875218528797,695.00423587894,689.300888534152,727.390900966743,734.908617459393,728.675018561591,713.075222270805,705.779710674655,730.154093325512,745.642760524462,745.821694508815,753.699165990079,764.852927038918,760.345316287277,751.170264990927,741.749923408927,735.192020097175,734.885482091431,738.494328216721,742.273516224685,726.610112640504,708.5578129393,711.407853775573,704.006392016436,703.950818275548,705.960631983207,720.676243463745,716.32743909472,728.335976806877,728.418146732252,745.259824041085,738.24115301167,730.121965663765,704.006392016436,682.623520343795,700.221775005867,696.29557437015,682.229256081215,674.951163242401,673.034612290407,682.756226968618,710.633520177595,704.350043833414,710.545351702818,707.990112925315,705.679803967311,716.030506621859,710.633520177595,715.638269601589,705.746471412295,710.633520177595,707.548584904245,688.908806049512,685.627276006117,680.073525436772,696.004857671744,694.416672085479,669.033515390186,677.986426527141,NA,NA,NA,NA,NA,NA,NA,NA
NA,NA,NA,NA,NA,NA,NA,NA,540.555386599369,583.630876496438,583.536871464956,604.152298679729,617.454451761423,631.566500325396,638.846616959032,640.775860099568,660.492240681145,663.746597043907,671.739804016254,682.813568912644,674.048843268558,682.298365752827,682.367203197809,694.936533034987,706.940268814536,750.416550990182,735.479192360554,744.245103249316,748.250180234564,745.685018264796,741.946105208513,752.054442226759,744.330303251252,750,760.832551173202,760.345316287277,754.021058543532,730.138029494639,726.581796747566,728.868986855663,738.24115301167,738.378538058494,711.512473537885,703.738012995853,695.63862116377,696.07955386741,694.62219947249,704.006392016436,697.316284049068,710.840890409258,728.815314501457,742.041103982791,730.275411886742,738.24115301167,726.581796747566,706.658625242979,689.610339041766,695.374179279369,696.030651381498,687.681035739935,684.370490696435,686.258802236893,727.300404100391,707.548584904245,724.251798468072,710.572847558808,707.763829814517,707.537539811303,707.979074724788,701.615654789459,694.762538227673,695.071938722892,676.522964107481,679.492859572475,665.641101909583,661.874667892123,672.923623689001,675.393264256524,675.404874219977,690.905849694851,672.668716843775,NA,NA,NA,NA,NA,NA,NA,NA
NA,NA,NA,NA,NA,NA,NA,563.970194076978,577.020148128486,585.208247960338,585.715279463085,595.393230310078,617.237835044745,626.498204307083,650.311110592721,672.681202353686,676.849318534044,691.181026575462,704.439046476173,691.238368519488,674.953640022295,672.681202353686,675.462804305315,710.589435940207,730.121965663765,759.131615931514,763.98371735943,761.69659390169,743.303437365925,759.173121525501,745.758738080243,749.775747741863,751.654410930864,753.714723425749,753.740671584067,750,733.732592320879,741.797150574894,735.272058492637,741.956684761589,728.685849296348,728.84215067856,719.809002444398,704.125532533186,704.450140180269,694.841447357061,687.823770688348,696.419413859206,686.476510887299,694.367190911742,691.465834296967,707.237116995001,729.495476259714,749.631801462316,721.543484483091,697.703195674264,694.588425265506,706.940268814536,703.692878073449,701.004980311484,707.05698479257,716.316529446448,718.659061893783,735.111981701713,720.957935773072,715.869213892316,720.859327032138,707.106781186548,707.106781186548,691.465834296967,694.498037265845,672.681202353686,681.820329134892,650,676.522964107481,676.13872999182,680.396121511183,672.681202353686,675.404874219977,679.713095224991,670.511545906824,675.076707675737,NA,NA,NA,NA,NA,NA,NA
NA,NA,NA,NA,NA,NA,570.635610525666,570.628761800965,585.755382439074,596.343022093828,604.126391557977,614.918693812442,626.460749199406,654.252807017749,681.111088172709,681.443547174708,686.476510887299,695.071938722892,687.806716766816,672.681202353686,680.050534434861,676.13872999182,697.170022805265,743.022614498631,743.229717550478,765.261393250698,755.810822891549,738.590150468293,752.059649114136,752.002213408119,756.699505021428,742.703133047705,743.303437365925,737.967575409701,728.868986855663,743.187459810145,733.525458452962,728.868986855663,736.840593353711,735.144109363459,726.651944717499,720.331664746456,706.812948805396,693.004562320034,686.476510887299,709.480980613145,711.413376322044,700.221775005867,682.825014187383,673.145600891813,691.46577521954,710.633520177595,726.722092687432,725.941111563343,726.68981303093,691.465834296967,697.260175415913,710.996057172868,703.805463260045,694.936473491156,694.981786112244,694.588425265506,704.450140180269,700.300684135255,707.973552178317,703.917389373678,705.729757320983,694.981786112244,707.47434623593,706.973697716407,685.840017906199,656.220237420334,672.634682126092,651.920240520265,659.846376355841,665.676347784717,682.756226968618,682.309861253783,676.756725592988,662.705596811341,667.083203206317,672.923623689001,672.221987705221,NA,NA,NA,NA,NA,NA
NA,NA,NA,NA,NA,NA,588.430114796991,585.970505167958,602.053754816339,608.789783094296,620.898800777279,610.327780786685,654.204801004742,656.172546895204,691.238368519488,682.367203197809,682.280898211653,676.814655678326,691.323430436214,672.749318350629,683.194980843904,679.894522341422,704.444593328221,710.633520177595,730.154093325512,743.303437365925,742.020023242357,730.33968645834,743.303437365925,760.132292800761,740.312387007709,726.722092687432,726.722092687432,735.526249437547,726.722092687432,728.868986855663,711.073132666395,743.303437365925,730.154093325512,740.354644748042,735.272058492637,719.711053712384,706.923137643173,707.146516139063,706.66414778945,716.32743909472,709.278773960801,692.99863049322,693.271231193102,694.543290343102,693.271231193102,694.62219947249,716.32743909472,700.446286306095,700.446286306095,695.071938722892,704.439046476173,707.968029631846,697.243153427166,687.15866774859,697.293862294321,693.271231193102,695.04380813814,707.901613606689,700.300684135255,686.316436251036,697.316284049068,698.213421610751,694.543290343102,697.248931934653,690.691494456571,703.046330685768,690.726941308135,653.729087834897,648.586092385329,655.944091360531,664.160323437893,683.194980843904,682.825014187383,667.925214196517,675.404874219977,675.393264256524,682.367203197809,NA,NA,NA,NA,NA,NA
NA,NA,NA,NA,NA,608.789783094296,617.134823745448,602.079728939615,613.313137231975,604.669331122391,617.346143403084,648.017106594782,658.803485294951,649.981951106921,665.639649362482,673.145600891813,686.476510887299,683.194980843904,695.071938722892,689.655711206686,706.738207281004,725,743.303437365925,727.768703594444,730.121965663765,735.272058492637,749.082590471591,750.359115284165,749.166203188585,743.303437365925,740.755890554439,728.815314501457,738.392615250629,748.8983667107,750.301679578148,730.934123696809,726.722092687432,735.696948478108,745.821694508815,750.301679578148,735.343111878233,705.949538279111,704.998209449428,700.311927616515,710.633520177595,706.96781159093,710.556396795761,694.543290343102,703.900258202315,693.271231193102,682.825014187383,687.823770688348,706.410037918023,701.750013479039,700.17652192861,710.851962828766,711.501490016098,705.779710674655,706.940268814536,707.548584904245,707.371027439292,705.087212092186,709.487565948828,715.454267733786,714.451258564787,701.78344238091,715.017482303755,707.404456341162,728.675018561591,717.59680933252,686.316436251036,681.299608174409,637.309822570702,649.684435979977,651.93826852,632.269143732834,658.612302247494,670.455389354197,672.681202353686,656.724337381673,666.191792447551,656.196392157769,664.122479092788,639.056495329097,NA,NA,NA,NA,NA
NA,NA,NA,NA,NA,617.391057812699,612.773405669978,591.05554136911,593.103081126644,614.835663302659,629.898719693173,649.505692360086,652.411110274026,658.850561469032,659.846376355841,661.910114743686,682.251933168984,680.073525436772,695.071938722892,720.990684692846,726.700566528839,735.272058492637,742.462120245875,728.25489705863,735.272058492637,771.179476009096,751.829464228522,753.563602852474,760.252615818122,738.664335134708,763.867174733949,794.163994903622,760.674438589072,728.815314501457,728.783034844955,728.777418076005,744.286129624346,757.874310027763,760.345316287277,743.303437365925,705.779710674655,694.058688114215,694.149076113875,689.655711206686,707.990112925315,711.062142354175,702.915669966647,705.646375065441,704.444593328221,704.006392016436,695.243194460385,693.860591926222,705.545703254269,707.537539811303,703.816717562505,703.917389373678,704.006392016436,711.029075819368,713.42554922926,704.006392016436,697.248931934653,696.419413859206,687.806716766816,701.750013479039,707.979074724788,723.006505735059,728.868986855663,735.058309347507,745.632180971386,715.017482303755,671.168258742078,657.611644786346,659.647825519854,637.2476813366,637.017842186855,637.377439199098,638.809887515034,671.76872959482,664.266512779321,661.910114743686,659.923971579658,654.31261641512,654.252807017749,640.659359929566,NA,NA,NA,NA,NA
NA,NA,NA,NA,617.391057812699,625.386983091312,605.069288986203,604.921169099912,614.803920986798,609.539556969336,630.78391596807,645.174395028197,648.746241535152,665.611546445923,660.492240681145,660.492240681145,684.370490696435,704.006168106155,707.464537928965,711.330368351897,707.990112925315,736.564398545213,743.282404437924,743.11327514373,745.721878172519,770.146090037468,784.694831834595,776.276369544784,778.208978264854,760.288635119831,780.33905127276,771.845737123036,759.718484842411,726.700566528839,726.722092687432,751.664818918645,766.893082508898,745.821694508815,746.77108025775,739.42249688376,707.934852869048,697.293862294321,707.990112925315,694.936533034987,695.071938722892,697.248931934653,700.26690992827,692.345965283833,704.17066745559,707.548584904245,726.722092687432,704.450140180269,721.413083348381,710.973973879398,696.419413859206,697.316284049068,715.891053163818,705.517831736865,704.148099994388,694.543290343102,691.375209054789,694.82847908695,704.400092006841,707.526473976375,725.186945284143,732.006548109561,726.722092687432,719.54102630645,741.993604595653,694.936533034987,678.556698899242,653.962611598324,649.879359875705,624.849273003925,640.312423743285,638.846616959032,651.556670487236,653.044525150536,640.800280898815,635.095744376474,632.455532033676,632.455532033676,638.808244164389,620.987117418711,626.990577625571,NA,NA,NA,NA
NA,NA,NA,NA,620.987117418711,608.789783094296,604.80680345088,620.936712487168,624.949838967734,632.455532033676,632.949445058608,650,654.208943040561,660.480408142172,660.492240681145,673.145600891813,675.393264256524,691.465834296967,694.149076113875,710.244480641227,743.282404437924,761.523071460228,776.803935011538,765.251181595404,776.245635959352,773.763765135819,784.611692264217,779.018104377421,776.555741253248,763.160487056516,761.94647729593,776.276369544784,750.416550990182,758.893953245842,750.04856092738,753.699165990079,760.329891365367,752.080447824566,728.772262184271,705.779710674655,710.395171229828,705.555474598846,705.313853513843,680.073525436772,689.610339041766,689.655711206686,702.817608953894,694.126508652673,689.655711206686,705.729757320983,715.781588673169,698.842160149368,708.607609333277,715.880133528067,708.360253895628,687.84082460988,696.29557437015,700.291977549377,692.345965283833,696.340709292553,694.62219947249,687.84082460988,705.646375065441,715.891053163818,715.891053163818,725.071962083322,728.826010850309,720.859327032138,690.29859156895,660.486324411659,654.204801004742,638.548728439392,645.11373531772,644.979471132469,625.487305155844,639.973300831032,640.690176453042,626.747507253153,626.553092575749,608.789783094296,622.880365837688,637.377439199098,637.092963346611,625.973444972121,648.362193362272,NA,NA,NA,NA
NA,NA,NA,NA,614.906013644953,620.95560149901,607.925427109082,613.667029029302,608.686771794998,618.71639173043,638.846616959032,656.91594110334,660.018939122204,670.820393249937,671.872008469469,674.275237555895,682.078532949112,691.341101211725,695.071938722892,711.490499703878,725.7531072972,772.04495147568,790.569415042095,795.127814573945,809.590621344336,790.569415042095,776.408937298522,784.542776746212,797.574297237849,771.917642377335,771.159175305747,763.511634467451,771.907386824334,752.080447824566,751.602353525394,756.637297521078,757.509456620388,743.271879031347,724.90275637732,709.234524301488,725,705.646375065441,696.166057069403,696.380105240168,710.633520177595,711.402331229102,701.098149892567,691.375209054789,688.948546053504,679.900327323148,715.017482303755,707.548584904245,704.271793776989,705.7353777082,704.006392016436,707.07360442375,696.29557437015,697.316284049068,703.839139317252,698.842160149368,697.305073171694,705.646375065441,690.454039976136,694.588425265506,705.746471412295,726.68981303093,723.41240559448,715.137003216499,673.145600891813,675.293885618571,657.611644786346,660.385440599625,640.800280898815,645.934589252456,631.589352735767,648.116473169956,660.018939122204,632.319063987815,625.749102153542,620.987117418711,608.186079982136,618.364118054449,614.803920986798,607.792772862785,617.121897934381,NA,NA,NA,NA
NA,NA,NA,602.053754816339,610.186319545078,626.946889944242,611.508949549611,618.465843842649,625,636.359112631605,654.016489009049,651.872234507258,657.53404956253,670.820393249937,672.829266886546,679.561964395399,686.476510887299,704.006392016436,695.026862417568,710.633520177595,743.187459810145,795.614158088062,803.990322982253,804.560954755235,790.370774469166,830.735468449189,817.891725507312,790.539746420851,789.403854112126,784.537922300776,781.544193644268,784.916149510011,760.345316287277,757.843384715096,760.345316287277,750.586897448626,752.080447824566,745.758738080243,740.354644748042,726.722092687432,719.809002444398,710.395553781742,706.608078350599,687.84082460988,738.579528218656,724.772276329095,711.512473537885,689.608016832335,679.888717359695,666.418186734889,726.154200170657,710.633520177595,707.404456341162,703.950818275548,701.750013479039,682.756226968618,688.908806049512,710.907557854241,707.678849017255,705.098305796282,697.260175415913,711.023580663258,700.26690992827,682.298365752827,700.446286306095,701.570637101215,697.045289720023,689.535933884562,675.462804305315,685.005753355216,661.910114743686,662.320365790032,649.745586223223,649.963902213841,651.872234507258,637.117923474101,642.687117037476,631.976013103254,614.918693812442,608.276253029822,617.391057812699,614.867789807295,608.198796478694,605.173007077432,618.211104072328,613.013809069521,NA,NA,NA
NA,NA,NA,629.483915600709,629.396777838181,617.070083690878,615.898641745319,612.882533606563,627.953738562726,648.556088553642,670.820393249937,687.84082460988,686.373778195062,710.968427144734,721.182094579852,721.201884020614,707.322160498925,700.446286306095,714.879843675163,758.515340933404,761.505229490205,775.403120963541,805.629396299735,803.351759048302,790.499996396636,816.77215970955,816.241385865725,804.569684633399,798.827265433523,794.022568464204,797.652806677191,797.564461728097,789.263546970633,771.767452021657,756.626966588209,760.345316287277,749.166203188585,735.69163735329,740.354644748042,735.272058492637,726.678780894602,675.433839262646,696.687545510451,677.955463433988,742.942576103169,707.029271457295,692.125354695354,679.509932871209,697.316284049068,661.815146014579,727.100651277258,715.271417693352,710.600477586941,707.322160498925,705.779710674655,695.879224035385,701.78344238091,699.932907101227,703.917389373678,710.840890409258,693.223810204605,680.062029935816,682.286870251871,682.286870251871,684.593673553853,694.765765609505,697.316284049068,667.083203206317,672.681202353686,681.449269812078,672.994040949676,656.076706357421,656.196392157769,640.75143930032,639.762298685678,608.789783094296,618.718381999823,604.152298679729,605.18592184551,614.918693812442,618.465843842649,626.871298145098,625.764398134994,604.263350714256,602.066741877977,577.16981903076,NA,NA,NA
NA,NA,618.326261086747,645.016200576468,637.217290049276,638.612549425074,644.825452160733,659.876281054527,663.705334912166,660.492240681145,680.073525436772,687.84082460988,696.385726980798,705.779710674655,722.45173190407,726.722092687432,738.24115301167,750.416550990182,765.189785753307,776.091218213981,784.377297790667,760.112688977903,777.772202188997,803.835065990265,813.873729984346,806.011450626038,800.317053421911,813.829562629077,807.000619578449,801.31820332154,790.569415042095,776.500254156043,760.329891365367,749.124396830088,749.082590471591,758.642405589789,747.858618435768,751.523441741513,730.121965663765,724.696392900009,715.593936635133,713.599829016983,677.938132006129,681.27064313174,661.660367888101,699.612209228601,696.712016970136,673.145600891813,653.88923698472,658.803485294951,648.690891608396,709.040377532973,694.656675804455,706.862018758111,700.345614494923,697.305073171694,697.293862294321,686.476510887299,699.994309228388,679.153885360306,681.542574806256,675.404874219977,687.761073058067,677.972794861847,680.720377806089,686.476510887299,694.588425265506,694.62219947249,684.549514798755,675.433839262646,693.226096270699,672.817434347573,651.848178239442,632.949445058608,626.996810199223,618.440559040618,608.789783094296,601.040764008565,608.789783094296,604.100484436226,614.918693812442,617.454451761423,610.784998969026,608.738277444647,617.262267726151,585.234995535981,570.011937500623,NA,NA
NA,NA,640.75143930032,651.872234507258,672.888151955854,638.729583192053,649.037749287358,640.800280898815,659.816471657156,670.726963498846,672.958869564136,676.814655678326,711.235818857091,719.809002444398,728.868986855663,728.84215067856,734.996985859389,761.539872300854,747.616419403962,766.765282851313,784.689771727691,795.027987918156,801.56097709407,802.510118585423,800.390529679106,821.717128314556,785.015923405379,807.000619578449,800.390529679106,794.512429103535,784.617741323761,775.190370002175,751.867438010282,750.406137215427,752.080447824566,756.637297521078,760.252615818122,752.070057101918,763.216876123687,756.637297521078,759.504735697281,724.380578578826,719.646293436611,701.12542642902,675.404874219977,668.682318525028,654.216815793814,644.954937729189,645.174395028197,637.377439199098,642.31680144789,620.784502823407,674.874240210689,659.292752474304,709.278773960801,696.29557437015,703.816717562505,687.646642130552,691.181026575462,686.385223469801,682.136663140159,679.003678248594,679.992920264204,686.373778195062,711.402331229102,682.286870251871,693.985987186785,704.450140180269,704.238117719781,704.125532533186,697.316284049068,680.885281122465,660.492240681145,649.025707769016,624.868162015767,625,625,610.289330844375,608.127087643122,600.870825313357,619.49151313458,612.780214843757,614.816630425892,618.26239226625,605.147094434187,593.924264982246,558.791569515574,NA,NA
NA,NA,646.283353387175,659.206565227821,650.480591562884,626.984345051919,637.377439199098,651.872234507258,661.183454286634,686.385223469801,673.145600891813,691.465834296967,742.618127760873,727.978766522036,711.073132666395,750.385292295142,798.432158501892,776.208734813001,772.627567425714,764.776131268082,784.946124927403,831.883402381399,814.324873745117,809.619712979952,813.941029804985,825.297929295296,806.835367330965,813.771648553412,794.384185130755,776.384810066273,776.188594466765,760.252615818122,764.575120652547,760.345316287277,759.080397221782,761.776088456618,755.810822891549,755.717563514874,764.771036627605,762.328769777638,715.891053163818,714.995614970642,682.367203197809,655.86835608871,625.974027177625,650,625,629.183179004726,601.995033042404,608.938020079023,584.579072948279,594.203722784142,601.618507628535,636.879364513156,667.083203206317,703.783090797538,711.440814002095,711.4519106226,701.78344238091,701.671763422614,664.266512779321,681.12181532096,701.78344238091,700.368036249669,701.086992734915,710.412268232678,731.578947674057,715.759614839162,723.926745199725,716.316529446448,716.316529446448,691.341101211725,682.62824155012,638.828252237033,637.377439199098,625,618.326261086747,617.340153807552,617.340153807552,626.971850071732,637.377439199098,617.276284987055,617.276284987055,604.106902539647,601.890316986753,564.469842105015,536.772763839597,NA,NA
NA,NA,630.872106631024,632.899952027573,631.795583838752,645.065042174962,642.748006609122,650,679.900327323148,700.221775005867,724.787376411566,748.88565180732,737.757263475799,745.790216294529,731.821309287979,773.976508167083,776.208734813001,782.337310593572,794.512429103535,800.115333191937,813.563185695699,809.517338053375,832.489550092607,822.315669709588,801.546346501383,828.021344340932,818.686711941138,813.941029804985,800.322086604058,775.271695190389,776.58102566578,771.767452021657,778.620575119872,753.740671584067,773.615325562286,766.852290277443,776.611228350453,756.637297521078,740.238202341294,707.029271457295,696.88521508376,654.282711716434,632.622024222506,604.461173396677,598.435348594842,594.110561953938,602.053754816339,599.429245475769,583.630876496438,604.604591067822,570.087712549569,589.807785595806,579.62610116997,606.634141868209,635.027451692703,705.421863765213,715.891053163818,726.959205604208,711.418647518867,716.125936692878,691.146744855403,691.209697547475,706.794666643696,720.771213338084,724.913587112077,740.227580091657,751.040223912283,728.868986855663,731.864058415222,740.238202341294,745.821694508815,745.821694508815,695.784088091398,667.018539600534,656.064731484826,642.69321525192,607.150183396268,601.547259412452,610.30855581553,629.657937093519,628.209274082447,635.108092202097,619.694964710979,624.836646096066,583.09518948453,575.255283835388,515.388203202208,NA,NA
NA,626.498204307083,651.896237513762,670.562189435717,649.963902213841,625.437144123578,628.98414170271,649.436698902212,709.474148989618,735.272058492637,728.772262184271,731.864058415222,778.354733042609,760.314466443457,780.671670463621,780.766751480976,776.606197181235,800.961122793901,813.896324207728,822.344210169926,816.637547939544,814.122396272235,849.568180879296,825.217157629634,844.150548287928,838.525491562421,834.369096585267,824.617668425877,794.275016461081,778.5602791122,781.424980404389,806.505586508959,789.382670192347,778.620575119872,775.403120963541,782.91134122047,765.913607457787,748.733649569251,725.430906427345,703.622427276527,661.690272586786,624.880231174654,593.816381270999,579.803153832,579.721476225686,589.440386469733,566.496724446272,565.518714184881,575.420531382682,604.024275467189,580.993166452537,571.182982939793,570.005249796773,595.786742577819,625.965397245544,653.086523769007,728.84215067856,756.303951017199,735.186858490702,726.722092687432,726.154200170657,711.324821499849,728.642487245381,750.416550990182,750,761.94647729593,753.740671584067,745.685018264796,743.271879031347,726.242754992852,743.11327514373,743.303437365925,693.271231193102,705.412562818451,702.519775626238,696.856638076764,651.835917451614,640.116001450545,625,624.924636501962,627.970715121502,626.777207093222,614.893241809869,610.186319545078,570.176421534009,550.546570780679,525.460436043876,525.594901040716,NA
NA,650.432478987653,651.88424929633,649.893497028793,620.898800777279,625.32395125191,625,649.77000702247,660.421117711574,707.471123786146,742.974703764915,765.066385237256,764.750231669945,764.852927038918,791.539488035741,798.432158501892,790.569415042095,783.022988168291,851.136403606712,853.837666834802,840.386815698581,834.369096585267,831.038506929733,861.611847391576,855.825594333699,854.372925375804,859.018888239157,827.457919514936,818.792569260386,824.765322185373,812.970434104933,794.220203129612,787.777834913115,781.424980404389,782.5237116998,750.416550990182,745.821694508815,727.350429604734,700.446286306095,675.451234197682,656.094741885865,601.658610604524,577.020148128486,583.630876496438,577.16981903076,575.434215693035,542.704724188053,555.033555352604,577.013305973309,581.48516748065,561.534537514266,553.643791420363,560.842490007762,609.65366209178,626.758251238278,723.157880406093,749.89554236272,766.667357999807,769.447768394997,752.080447824566,735.268944006948,778.392134384464,776.611228350453,775.403120963541,774.633632907182,765.974995250464,776.611228350453,761.425349211799,735.015257030321,728.625194262087,748.942705245553,750.909760677196,745.821694508815,740.520576470694,735.272058492637,731.864058415222,701.78344238091,686.309874512355,618.465843842649,612.882533606563,616.564898942385,624.49173327806,602.053754816339,600.870825313357,596.343022093828,570.635610525666,525.339733594753,530.256223186243,NA
NA,629.483915600709,630.872106631024,625.49980015984,608.705907417362,632.516173834486,640.794182684371,662.177707722355,672.93403384842,746.124134398894,752.080447824566,784.296484091208,775.312229239994,806.952156824118,817.389136213591,887.995049515901,876.256249399344,896.172416446746,862.046982478333,854.837189345536,869.626356546304,855.487721507684,854.994078477523,851.423390183576,867.773598561402,858.954560454759,866.232331411825,851.46931829632,840.386815698581,840.087197213342,843.048442603102,828.164948574517,801.944687419377,794.275016461081,770.146090037468,742.942576103169,725.20331974403,720.979775044573,701.750013479039,682.309861253783,624.899677935468,626.959384948238,617.340153807552,600.520607473216,588.430114796991,563.970194076978,548.23569090427,569.991452578167,574.85690685977,600.21834515631,583.014576628346,583.630876496438,575.420531382682,659.654735069375,735.476349762677,751.044274633392,770.023972617799,763.216876123687,770.146090037468,775.924839618649,782.479462191044,783.605822260442,775.812149349858,784.542776746212,764.852927038918,775.403120963541,787.723250578278,778.565310281418,755.854940912887,757.807899950558,756.846074166995,745.55795360841,752.028436628952,745.758738080243,747.858618435768,731.692456954842,715.891053163818,705.968393004987,666.953875994751,648.953106744709,632.81300537915,629.720114728556,608.609044678791,596.290526946488,604.100484436226,591.136154225295,553.544410273542,548.292804986533,NA
NA,637.266739345586,650,617.454451761423,608.789783094296,648.206546970285,659.923971579658,656.112737497833,697.045289720023,726.510340858918,750.301679578148,771.917642377335,783.022988168291,848.385006252495,877.014905898431,876.427407147905,901.387818865997,885.869594592391,916.684983422499,895.033668945031,893.325872598987,885.762886078828,879.248598097425,870.332698365095,873.07784203007,863.133825081603,854.271974857788,849.424859627291,850.339988084458,855.113288967038,855.614240365016,830.878072384578,806.76189107377,785.015923405379,748.893076934162,726.722092687432,704.444593328221,701.298036401332,672.829266886546,670.597636287281,650.468576773812,632.862806822161,622.892992745547,614.752632792877,585.194892559993,601.618507628535,596.343022093828,570.087712549569,569.542839860493,571.004051082146,552.182911087942,559.016994374947,563.760030681312,604.912354204378,728.959421072319,800.312289836006,784.966036457695,789.382670192347,772.172260574025,772.708892613929,772.040281122397,782.850152730897,774.39153416515,794.512429103535,779.767599614766,818.074680310058,828.354868450339,812.970031140547,801.910264285254,806.864628516339,802.510118585423,760.451624367945,753.406020913166,735.272058492637,730.982287065399,725.290358827772,715.770605151382,691.352101408227,675.428034280919,673.145600891813,667.083203206317,650.4429637634,636.111200491196,618.22394232394,642.687117037476,617.454451761423,585.681762012739,581.444805174563,NA
NA,626.996810199223,640.60401000281,632.418386828264,632.69631463333,641.178455165784,675.451234197682,675.404874219977,691.300803897586,708.96286780372,735.111981701713,792.536004317939,806.167464858158,868.165828672164,880.062240948854,892.999168866588,886.689764168036,921.654911979353,909.979370062796,903.426570045743,905.339204807168,896.159332359892,901.361802276059,883.282671141409,856.961512577334,849.802187828805,876.176376283162,875.060538299529,860.027681453877,867.809728193898,883.37455367803,867.827747885489,830.963161058382,806.225774829855,791.422582844563,741.946105208513,735.111981701713,726.68981303093,707.029271457295,676.756725592988,676.849318534044,662.912692812616,644.979471132469,624.924636501962,594.018010683629,605.082292899587,624.811361294036,633.645099540896,575.632181229796,570.087712549569,579.30024682066,563.567573167554,610.152971303024,788.471336647777,793.77094155192,800.190383218564,805.062109405231,790.569415042095,776.611228350453,770.105427443361,775.312229239994,770.064764849254,794.054836746272,770.146090037468,803.50793399941,813.844589117796,827.647267862342,817.389136213591,807.774721070176,800.941581990831,794.413853751999,776.449599892629,753.719918787073,741.674239903415,731.789181626233,724.613290569896,696.419413859206,689.576231198701,700.407161277882,701.671763422614,698.842160149368,661.910114743686,661.612361875094,650.46255603444,630.872106631024,632.294103860324,630.93257861178,608.789783094296,NA
NA,617.391057812699,617.422754787061,624.836646096066,618.964606703068,668.675249424655,666.763938536537,676.13872999182,687.823770688348,679.992920264204,731.735509272027,784.617741323761,824.990443344278,874.035903810744,875.35707000058,854.148296802508,878.119263030372,880.156904344966,909.901855601407,921.954445729289,901.161333766316,884.141542740108,891.762133392737,870.7037383634,872.13817712562,875.348143250565,889.870041241222,883.697074749802,874.579904059043,872.030416394617,890.145425560055,878.119263030372,855.131568824354,816.241385865725,780.79352970144,742.656491507069,758.424294803862,728.815314501457,710.990538072604,703.692878073449,690.996218498385,671.76872959482,672.86471373811,655.884377632979,628.97739928665,601.547259412452,632.343787147911,625,673.145600891813,673.145600891813,690.972974492723,639.766259245769,706.69586603769,827.949139131861,852.387437926929,806.835367330965,806.225774829855,810.97757429689,797.652806677191,776.208734813001,773.747305013914,780.904561771224,783.022988168291,783.011421645596,805.023255020085,806.225774829855,813.941029804985,826.480652434318,798.024521575831,787.723250578278,782.983037974194,775.403120963541,741.79218114926,752.676797093038,745.753356386805,736.972850432639,718.460998698525,721.219692490735,722.974765290868,730.154093325512,700.150471675448,688.026371043,675.462804305315,673.145600891813,667.083203206317,655.139707851127,638.809887515034,636.278611907034,NA
NA,593.816381270999,606.83917525837,624.779664319673,624.873983672656,655.669092889892,651.848178239442,653.06852815704,686.339334359463,682.298229639512,729.228800979729,760.231953952384,819.719909390208,847.572582601452,849.691218180372,849.898655394611,876.427407147905,901.098076174079,921.954445729289,911.434331551831,912.319997362848,880.792597603838,883.42348778861,885.984607874895,845.718703878139,877.912847738656,900.854478772257,906.219825484095,892.328414878737,887.764045228235,897.272045769944,892.604089173242,881.521770534195,832.200682203351,818.599687886007,753.820771253273,741.882500095174,728.847536907472,724.772276329095,728.868986855663,714.973669694181,701.434876936634,688.196580453611,617.454451761423,652.396255155811,651.854185614179,660.018939122204,701.716392024389,705.779655119297,706.940268814536,760.13869457571,777.547484453828,799.970681635838,878.208403512515,853.302408293801,828.402076289045,803.50793399941,779.826514832428,799.546189138439,790.495019120616,760.252615818122,781.688073739821,806.007133114675,831.038506929733,827.647267862342,845.946215784432,829.68733622638,826.48538619633,814.14176739095,801.531715908696,803.390917285263,761.145896791604,750.416550990182,760.221206721064,756.481778857805,753.714723425749,751.560301649236,750.04856092738,750.406137215427,735.696948478108,725.430906427345,700.446286306095,697.28260799186,710.55068107558,688.725740411337,656.220237420334,632.69631463333,630.971473206198,NA
NA,579.273551400081,594.137665446737,619.596276596218,604.604591067822,629.421737965671,632.455532033676,650.212125718821,675,695.626240077195,710.512174940021,751.623198445679,799.625398085135,824.569368026754,831.771113806814,825.486863088123,851.46931829632,853.256581043864,878.038540273271,880.427844635624,883.310358768258,877.781180971373,860.940611856582,861.892361377155,884.590300647707,882.279942926191,917.020851104922,905.456393621841,919.918474648705,930.654495203299,904.570112585813,901.730107081352,896.172416446746,853.420169099348,800.317188220032,760.13869457571,764.740236770127,747.452142490203,749.019634043018,761.636492070052,777.676329336923,703.693277560316,720.979775044573,696.29557437015,687.703984074578,677.262206319623,692.739025340047,711.235818857091,715.891053163818,873.52535487639,903.411282653023,908.639092269312,816.910003884618,776.245635959352,850.892637246138,802.673887900361,801.56097709407,778.620575119872,780.91462410966,745.821694508815,766.729388353358,781.334792376909,806.021156119372,824.549823155838,818.883522934932,838.110680631415,846.658644557186,845.573523063064,848.119080209627,825.102355280563,800.312289836006,776.611228350453,760.345316287277,774.852710951546,780.579765303991,776.039464431294,749.877861886819,731.864058415222,735.266572173157,731.735509272027,728.868986855663,728.868986855663,715.891053163818,725.741156293771,711.073132666395,702.518564883953,637.377439199098,612.83137422516,NA
NA,587.554326690303,600.982042234631,612.767376592145,618.712068545894,632.949445058608,638.828252237033,659.852435457799,694.41855725786,726.586704693387,728.868986855663,750.416550990182,780.91462410966,826.499574468579,818.724883023956,806.196683194239,826.48538619633,828.402076289045,831.038506929733,847.742157922302,866.606569375706,882.178684117235,867.391243377971,873.181100810333,874.977655747858,871.911783127743,891.975414594582,905.827350003001,935.525851968348,924.961930571616,927.698765763974,899.429215391965,890.136758283497,866.386172558173,800.390529679106,769.812855625455,764.852927038918,750.476752968119,745.753356386805,759.276003269928,775.614862785496,694.841447357061,716.261760264366,728.642487245381,758.977056260689,719.203903102205,696.942557027786,833.682117063714,845.798663365167,911.559230143927,854.194124052445,924.36713379405,878.039405368339,831.005551546724,849.804123795795,830.897011780514,801.56097709407,791.046731605037,784.926149830354,778.620575119872,784.617741323761,804.984173855585,813.748148430607,830.716370555509,831.134224395803,852.401225212335,848.398444839959,866.059078451564,830.972596163716,825.543785961963,819.545648944282,824.491696227053,797.326930043355,761.729464861714,776.611228350453,774.809663412419,755.085277062618,751.265622157632,726.581796747566,715.891053163818,731.864058415222,749.166203188585,749.94777118136,745.821694508815,726.592627482323,705.757544191427,667.012785945642,617.947505401021,NA
558.763131015636,583.021122353858,594.243216200236,594.243216200236,612.773795717951,629.483915600709,654.31261641512,654.31261641512,676.440391587722,701.78344238091,726.722092687432,735.138695122112,775.403120963541,811.21047948079,813.976515143466,803.235211690096,801.56097709407,826.513762740827,827.847668752565,843.01077074253,852.604315610479,855.862138431184,871.58472269748,905.538513813742,893.141045690855,861.874097136984,886.521589478536,903.348414171551,927.698765763974,937.058216215638,933.407735129724,902.876064055694,884.563789440354,866.386172558173,858.575672968941,801.56097709407,800.390529679106,761.987532706409,761.961674150243,749.166203188585,760.345316287277,727.768703594444,800.317053421911,790.569415042095,777.585012479402,808.716578853068,751.734465454244,872.192995827041,828.040550126943,858.790720035201,797.156059132775,824.870786172066,804.832881404252,804.072949105994,849.525962673243,840.190677562799,832.137665306539,819.84067493375,790.569415042095,795.364829866551,783.750479817142,803.376236550808,831.038506929733,845.601706611187,858.139856877611,869.545351946601,880.695747690427,879.916138121629,853.302408293801,845.881470131612,840.627469008836,826.513762740827,824.783257864287,800.006164522263,775.403120963541,766.523078910745,775.992073314661,776.611228350453,753.740671584067,775.214898405088,756.637297521078,749.979155079715,761.561910657652,742.246349411045,745.821694508815,732.282967666885,695.930161476077,634.859361795028,600.562825689555
NA,583.09518948453,577.16981903076,589.981409278715,588.430114796991,649.909350082614,654.712192692055,657.563954261216,654.252807017749,694.754320334765,682.338532225796,753.688775267431,754.561131310331,790.430577751177,794.463141427767,775.403120963541,800.390529679106,825,828.326491905842,826.418802802916,850.892637246138,845.877616700851,878.208403512515,880.695747690427,883.843629873275,887.715538118922,855.131568824354,892.302118326981,910.013736160065,930.356090934087,930.053761886914,917.34931031817,886.70739254841,897.53131012321,873.212459828649,866.737775702741,826.199090075545,797.336884595396,780.79847453558,782.598676277349,782.009401118151,794.11900871343,797.652806677191,831.005551546724,827.429010358483,827.618930234305,828.695553919506,843.048442603102,863.401629402349,854.969831372423,830.735468449189,824.230612150947,744.531087723084,849.354293366398,862.001621083982,850.367567584747,845.573523063064,825.378700960959,805.062109405231,796.954810641356,789.173727627305,800.145001813181,827.606494669568,831.038506929733,861.887200042019,899.324522034702,900.347155268455,880.695747690427,901.387818865997,876.427407147905,862.888039661908,841.534864525213,804.866854414632,778.620575119872,776.611228350453,775.312229239994,776.596127008117,778.620575119872,776.276369544784,760.345316287277,764.647536300972,756.637297521078,748.914643108741,745.685018264796,749.89554236272,731.389072729663,648.410886505029,596.145199411407,NA
NA,585.214944047987,577.149486563639,588.430114796991,583.630876496438,618.326261086747,632.949445058608,632.862806822161,640.312423743285,676.814655678326,694.616373218171,735.878945302313,756.564881872653,773.297844965048,776.611228350453,792.491634397047,800.390529679106,826.513762740827,834.331527001827,850.071515684189,834.274967699465,845.147482394849,866.602090585939,859.060016985959,879.118839902088,859.309393603454,883.861172849878,867.68322875031,908.608959216191,911.248404695231,936.970144686615,927.487267008437,927.721962451442,903.097946227629,874.607026116841,861.892361377155,859.142013871979,811.123455425659,815.84511446106,800.390529679106,805.062109405231,818.883522934932,834.256183280683,872.13817712562,901.257433805516,901.595389258651,876.460931601951,875.292512360161,857.90401009749,859.465004349327,893.680311324992,904.696329550432,867.827747885489,867.215963930143,883.529852353615,860.958767886128,838.525491562421,839.715127752157,832.362225534676,813.941029804985,797.628290633001,860.273359695341,889.377043032814,879.967752747726,895.962207166283,900.347155268455,908.639092269312,905.538513813742,887.667031009609,887.480629276227,838.422753358709,831.038506929733,817.092629111613,797.34658214272,804.974581097452,785.015923405379,794.185242886056,785.005968853339,765.153592054078,771.659574532641,753.740671584067,749.082590471591,744.49422781536,735.058309347507,742.905014951971,704.006392016436,637.080498223117,585.66163673769,NA
NA,579.803153832,585.22161567495,594.031353937555,577.16981903076,612.882533606563,608.276253029822,632.949445058608,654.216815793814,660.018939122204,680.050534434861,703.950818275548,731.864058415222,753.740671584067,753.719918787073,789.263546970633,811.615984684518,825.359761565023,824.809643621529,826.48538619633,832.1517570806,838.375886530044,845.807230782285,855.581624445606,853.229037276074,877.503193424702,850.19228813692,860.232526704263,880.695747690427,908.639092269312,912.328593759487,915.32035670726,909.910481421055,887.880635443267,877.852493303972,867.273757567769,853.254665428736,863.29998610295,863.432376106717,863.464089032622,843.184081254433,873.824199252529,877.812371940507,911.58792461962,924.608035344554,887.764045228235,905.554618562939,920.283873806665,848.463589382871,897.001999712042,884.026717693472,912.414379544733,881.914530237473,901.387818865997,894.260612355624,871.916454593197,853.219848086455,855.072018808858,844.593430303805,831.038506929733,850.349839754773,878.077324161721,886.59252773525,878.208403512515,887.58733778979,886.843479473595,902.980757412957,912.414379544733,885.997794921524,883.883476483184,854.901128351947,834.331527001827,816.183876964207,802.90045359207,778.620575119872,764.852927038918,784.617741323761,794.898159116903,764.852927038918,761.577310586391,751.664818918645,741.956684761589,728.868986855663,719.555499790592,711.324821499849,651.848178239442,632.319063987815,570.635610525666,NA
NA,577.020148128486,605.179464461471,600.658963050676,594.243216200236,588.430114796991,585.970505167958,629.208463806757,632.949445058608,654.31261641512,679.153885360306,693.880704333558,720.567523354519,751.094300977293,753.740671584067,783.022947485686,798.709559015521,801.56097709407,803.459260076776,817.129423297712,826.513762740827,847.303637845657,853.302408293801,863.133825081603,844.835607095197,849.604592377508,861.662762787271,863.034029801363,865.071609776215,899.241217304532,903.076299045837,894.374721596887,897.566153550812,903.465549979633,890.136758283497,895.865192947657,905.538513813742,885.251294961743,896.128785810575,896.172416446746,886.70739254841,910.013736160065,894.764940953208,931.351594636747,916.659213721869,929.956719702562,928.960810409124,921.954445729289,951.798669991459,932.659180500971,927.639741024026,950.075421721192,936.125942684604,919.841913808603,908.982948134892,885.775253746397,866.629295950745,879.060981468697,866.386172558173,867.382054188352,869.614446338926,879.846173532905,901.387818865997,901.374810571028,889.447640934445,883.768271314941,908.561577807923,908.36226880135,883.803783263365,882.249765476896,843.35638967165,838.525491562421,818.792569260386,787.723250578278,781.424980404389,778.620575119872,776.611228350453,775.322349453803,769.931870551191,769.78770835882,724.956793556039,726.68869664644,727.978766522036,726.549265431356,679.153885360306,656.196392157769,608.237585631785,581.336618835161,NA
NA,588.722273488506,594.031353937555,602.835664599832,594.243216200236,583.57340210917,612.44874464226,608.276253029822,629.483915600709,648.934780932502,657.563954261216,696.396948679372,711.073132666395,731.864058415222,750.385292295142,781.424980404389,778.620575119872,781.424980404389,800.351448072966,801.56097709407,826.499574468579,832.137665306539,851.331240733523,838.525491562421,850.179189197564,850.367567584747,851.46931829632,860.232526704263,876.212415666345,878.083504920418,901.387818865997,887.73762891124,903.119593409422,896.150601128661,905.386975623608,893.378419260282,901.387818865997,906.107432290753,916.684983422499,922.208459630002,934.669641992894,928.035559663529,919.238815542512,945.007353704494,924.99987506741,944.784819808043,941.356619781693,956.545839269118,951.971638232989,950.443425162517,955.24865872714,959.300012216158,933.407735129724,939.668061818989,928.035559663529,925.261539158293,887.58733778979,901.734439843572,903.076299045837,899.816879752958,883.803783263365,901.387818865997,894.427190999916,903.906874791531,880.633564085979,883.803783263365,887.764045228235,889.945130735486,887.551825841365,883.741599658918,867.827747885489,838.525491562421,813.888101145361,800.335557559263,794.512429103535,784.577831812269,774.27740151514,765.261393250698,751.664818918645,750.416550990182,749.905776503074,719.650789374192,715.869213892316,703.950818275548,686.476510887299,651.398320719233,587.05280962727,571.176140784616,NA
NA,579.87067523716,602.079728939615,604.565613031162,601.027754458458,580.7122355096,577.16981903076,612.780214843757,608.276253029822,631.920691018882,657.140574830815,686.373778195062,711.073132666395,738.177547898331,759.982225742816,756.637297521078,759.111322534449,766.842078622149,784.856039698241,818.531741865246,824.656225924485,840.014880820572,859.489082559284,850.367567584747,849.43437543771,853.302408293801,858.502832980669,873.212459828649,875.213802164223,879.918818637145,900.260208511713,892.002086250605,892.275821775225,893.365294205513,885.801738507025,880.660235742002,883.883476483184,893.378419260282,896.172416446746,906.228448019593,917.877987534291,930.38970329642,941.408519188137,950.328890437411,956.882960450232,961.261034996938,965.008904728411,962.094070244693,955.24865872714,955.24865872714,951.699260058062,965.983954318083,958.667375220595,964.689069078737,960.256210680379,950.328890437411,921.954445729289,919.204794842306,903.119593409422,903.119593409422,902.232058955917,917.877987534291,916.856041044612,894.083904917179,895.962207166283,889.962759115859,902.232058955917,910.013736160065,879.181765401796,867.827747885489,856.024501713689,843.35638967165,829.408869822263,816.553923453499,800.23865940984,800.006164522263,775.924839618649,750.607742368911,730.154093325512,728.847536907472,724.972803296325,703.917389373678,711.512473537885,689.576231198701,682.211766696015,632.750708932143,601.382145740756,563.970194076978,NA
NA,566.757544896437,585.134180829666,585.234995535981,577.16981903076,570.087712549569,564.025708633924,569.936162451678,583.630876496438,608.276253029822,632.949445058608,691.341101211725,695.026921034648,731.666035936391,735.696948478108,745.143381634337,759.111322534449,763.174173606998,770.93650400476,794.265061909041,807.717353539208,827.581086165784,845.881470131612,850,855.131568824354,850.367567584747,851.081080112619,859.142013871979,859.060016985959,880.589039176864,878.1638786034,876.427407147905,883.825873899063,887.720000530866,883.883476483184,880.695747690427,883.768271314941,887.764045228235,887.054463634163,897.53131012321,903.119593409422,916.856041044612,925.337776166087,941.076511235936,951.971638232989,965.328581504788,970.69529204348,970.751748964049,973.717104707522,974.384756031547,980.265644579205,984.88578017961,986.154146165801,977.680899295943,976.281209488332,965.012953280939,941.076511235936,930.381304761182,921.954445729289,925.00135093861,905.339204807168,930.224792210117,927.959670671941,900.950210306427,903.318065068912,907.827915180607,901.387818865997,891.801554999262,869.626356546304,861.874097136984,855.131568824354,831.038506929733,824.621125123532,818.91696770796,813.941029804985,794.512429103535,783.022988168291,749.082590471591,745.921065791181,743.799722643026,738.24115301167,725.430906427345,698.382514177064,671.75144212722,650,625.49980015984,566.664600535691,539.79828660819,NA
NA,570.097016952499,550.53945009298,561.805126356106,561.59496296044,553.398590529466,570.087712549569,573.349411420552,588.430114796991,612.882533606563,642.613742423871,651.354468703934,701.170653495865,715.891053163818,735.208083928048,711.073132666395,735.686326228471,740.354644748042,760.314466443457,784.956120123368,818.878771920601,824.621125123532,845.807230782285,845.760697678881,845.946215784432,860.105002757265,854.313326241973,850.25703378974,858.996023732525,855.862138431184,862.010670370754,865.422112448498,884.916382147697,894.264739565322,887.684701613722,897.53131012321,892.84029201474,901.387818865997,886.002257333467,895.003164529404,905.278193205858,903.119593409422,905.883546599672,921.954445729289,938.416218956173,955.24865872714,972.271302873317,978.305488921505,992.47166206396,993.669473536716,988.954534774115,999.519305818882,999.062060134404,995.513167916134,999.030700975882,973.693022662764,961.922934956754,957.209485953832,941.076511235936,933.407735129724,935.511201525632,928.035559663529,933.407735129724,927.807126449229,920.532900577342,922.061874866341,900.242786797913,897.283001568068,877.679167988532,861.030214486199,838.15273071201,837.988966891515,834.527977393013,843.35638967165,794.463141427767,783.022988168291,775.322349453803,760.159447372703,742.041103982791,748.945914227571,751.644008682162,742.251612114333,704.450140180269,651.902244908298,626.996810199223,626.996810199223,571.155601180037,506.19597558594,NA
NA,523.349828172142,529.681379391247,540.832691319598,543.282438796578,555.047795473115,558.946764326879,567.056710591746,594.243216200236,588.430114796991,621.651244969358,666.953875994751,673.11653579629,694.317928551116,714.984589329932,723.926745199725,728.362913341994,745.758738080243,740.354644748042,775.924839618649,793.979053686578,819.75381703602,817.4978192108,835.900977403509,831.771113806814,851.044299480937,843.35638967165,848.398843730052,838.450822982196,842.947751933317,853.302408293801,860.558186067577,883.883476483184,894.831272323746,909.919103956553,910.00085130975,909.702546594834,907.152783563486,901.287701370926,905.680805248956,897.566153550812,901.378342288467,923.603819317228,936.032131924228,950.308320532574,951.971638232989,965.012953280939,976.217106868812,992.448035531176,1012.42283656583,1007.78221853732,1005.96520981771,1008.83647092846,1000,1005.60926805594,990.580637807947,976.281209488332,973.717104707522,960.427896244164,948.425789281624,930.221732591667,939.414711402797,939.747306460625,950.056035961545,950.328890437411,939.25594923651,914.510962359008,894.427190999916,868.704569607637,854.124274910251,845.946215784432,822.344210169926,830.887437731893,831.038506929733,800.390529679106,784.472750239931,764.852927038918,743.303437365925,728.868986855663,740.310509948149,736.639453675203,721.110255092798,677.699062101324,659.876281054527,625.388930824474,602.027735716124,572.540208586588,503.099757090417,NA
NA,NA,525.594901040716,525.339733594753,525.594901040716,532.315897474805,552.47539969489,552.182911087942,577.16981903076,601.040764008565,625,656.220237420334,655.122738110876,667.083203206317,676.074639570204,697.265720888368,715.671446364386,716.316529446448,733.644219141697,760.646990213889,776.208734813001,784.617741323761,800.317053421911,794.413853751999,818.514344215987,830.878072384578,826.48538619633,839.874907885406,844.618929901631,845.946215784432,853.837666834802,873.909742972745,886.62795404354,905.597137709678,911.089417606579,910.013736160065,924.910974844179,909.498342147479,924.983046287091,905.879233689848,908.982948134892,925,939.747306460625,936.011104366877,950.155621006617,963.200759435241,965.012953280939,982.980162566875,1003.05605126584,1000,1011.40356126545,1017.65662185238,1007.14614885388,1005.57039338957,985.203024761902,988.684001923767,977.880360780397,973.588196915054,964.502079500614,965.004856175884,950.328890437411,949.972724710037,951.971638232989,951.129729987755,961.963792499831,951.971638232989,939.584271031856,907.65423575654,886.70739254841,854.400374531753,840.014880820572,840.153107979359,838.15273071201,817.389136213591,800.390529679106,778.550208939082,751.602353525394,720.654562438261,725.20331974403,721.514403121119,716.316529446448,682.825014187383,687.917544977671,648.819616148757,604.152298679729,585.762054066036,558.562386798564,NA,NA
NA,NA,503.053027810579,502.493781056044,515.388203202208,538.406780985913,547.783169656234,553.398590529466,582.947055223186,594.215582789537,619.730265329018,654.216815793814,649.037749287358,642.748006609122,657.611644786346,667.083203206317,691.465834296967,712.472098244338,738.392615250629,724.772276329095,752.080447824566,769.952365120407,770.146090037468,775.883938345768,763.216876123687,797.195174826509,829.417785127146,838.156596032029,845.946215784432,860.232526704263,872.003392476679,868.727052215897,901.257433805516,916.581728683489,916.856041044612,922.119655362618,936.011104366877,922.123295632216,928.031264165222,919.174965887878,919.865260904352,928.035559663529,941.076511235936,941.341940965066,951.971638232989,951.971638232989,973.499500921858,980.058928485252,998.123238883857,1012.38032365289,999.890384689675,1008.9908139057,1011.4964162072,1005.24537683655,995.183441268175,980.114789195633,973.717104707522,970.82439194738,973.717104707522,979.930765038672,970.82439194738,970.650124053666,950.155621006617,951.971638232989,964.689069078737,951.971638232989,965.012953280939,940.976679472526,883.883476483184,883.768271314941,854.400374531753,845.853456731656,806.917993454707,830.953725953048,777.957071937489,759.111322534449,727.768703594444,728.868986855663,705.746471412295,715.891053163818,696.340709292553,684.301653251454,672.994040949676,617.134823745448,592.663479556485,570.354812812917,539.603252003486,NA,NA
NA,NA,492.752054298939,503.115294937453,506.203696934427,515.273493390716,538.058976224792,539.081662819391,561.805126356106,579.857095687624,608.789783094296,632.455532033676,625,651.920240520265,656.04067521701,679.619440169445,679.900327323148,684.139950638785,718.701790074745,726.330868686906,758.997431002768,764.806658925987,765.107641482792,769.901070693713,769.983049360995,784.617741323761,807.555894747875,819.965483655909,840.330963573916,851.798302430411,866.277692806177,888.711240432623,896.851863284978,917.877987534291,930.38970329642,936.082261342453,937.249240149313,928.867939726257,931.860993815155,917.02642871841,925.333553964011,930.381304761182,934.07708461347,943.348373355222,950.809560116159,951.971638232989,961.769203083567,973.717104707522,986.470982847443,999.062060134404,996.227253391775,1005.60926805594,1008.77280994563,998.74728320223,989.890162799926,989.949493661167,976.281209488332,992.06690074957,992.47166206396,986.138764718943,988.285768057366,970.82439194738,964.493916363024,951.971638232989,972.519754298813,970.606133904813,957.078539760811,950.328890437411,902.417550644717,886.70739254841,870.494688989432,835.070361986058,822.344210169926,793.560219796135,753.118879465857,748.818849571186,726.722092687432,739.180873356716,715.714708029031,686.333611722093,686.385223469801,665.332445103106,626.984345051919,594.223469492189,596.251033530395,536.772763839597,522.838368605498,NA,NA
NA,NA,493.0770730829,499.037253953757,503.115294937453,492.442890089805,515.388203202208,538.414542649634,564.413969485075,585.755382439074,604.100484436226,608.789783094296,617.454451761423,640.23904912968,648.459140957957,652.539212252184,663.909849959838,684.370490696435,728.642487245381,719.601589221736,735.208083928048,751.014218314476,750,761.93105237402,778.449247042417,782.748374676825,785.015923405379,806.952156824118,845.853456731656,851.404993896849,870.595799218269,883.529852353615,915.491671180028,918.391460676616,939.730667866819,933.407735129724,930.003306831329,930.381304761182,938.307740597605,925.337776166087,936.082261342453,936.99135306032,941.366988869949,955.644384543709,961.679682877399,957.029106894125,962.094070244693,975.312448652644,989.771597330719,995.615387586994,1005.26660886103,998.975893320719,1005.60926805594,998.739362285189,991.526600752597,992.42438645756,992.42438645756,979.884243820255,990.497547744195,988.474439640689,980.01894970295,976.281209488332,977.880360780397,964.689069078737,961.769203083567,972.753822917186,975.624589625562,930.053761886914,919.238815542512,874.607026116841,861.82836812372,835.595807454546,800.157951635216,761.551613512242,748.903656487238,745.642760524462,760.262758228487,738.24115301167,706.64203686158,673.087470700766,667.083203206317,660.492240681145,656.91594110334,605.18592184551,570.635610525666,531.403997814395,521.970349838567,NA,NA
NA,NA,NA,480.868344448426,480.884601541784,485.41219597369,492.442890089805,525.505411650836,573.390111671994,577.094983579623,594.243216200236,590.021186060297,626.758251238278,617.346143403084,606.41307233183,632.455532033676,656.196392157769,678.328526458068,715.557477498416,719.760028078391,721.532653748333,743.11327514373,746.568011650037,743.303437365925,763.186142538255,784.467812168663,784.537922300776,819.965483655909,845.946215784432,879.985508721938,885.277806169095,905.823096684171,908.91408563201,920.52866455836,937.037296879943,938.416218956173,936.99135306032,939.576851493488,931.860993815155,930.38970329642,933.332284333891,939.031799658178,943.306843037034,961.679682877399,970.82439194738,961.724442980483,973.717104707522,976.265194369728,995.080699894162,995.301461869719,1006.16051756159,1004.05428140116,1010.04451982622,1009.44225464419,988.875307504252,984.992796473159,981.364974417114,990.580637807947,987.350691692405,989.647765339147,972.432516938836,984.83012764682,973.717104707522,990.580637807947,973.717104707522,973.717104707522,973.717104707522,939.414711402797,923.375879007815,880.695747690427,848.896342317482,794.507511348659,771.481898628297,727.978766522036,750.122745593795,740.301807454633,745.632180971386,715.017482303755,695.498341486014,675.462804305315,673.145600891813,662.089631280049,649.037749287358,594.031353937555,561.805126356106,540.832691319598,NA,NA,NA
NA,NA,NA,475.558480182057,483.07554673398,485.41219597369,499.779301690243,503.115294937453,534.950023134812,558.748889640237,571.182982939793,570.948536525201,594.223469492189,592.477767455972,585.234995535981,625.606639491788,632.69631463333,679.003678248594,682.640958940332,696.419413859206,705.779710674655,728.868986855663,719.601589221736,766.852290277443,780.884421424987,793.841608199801,811.186246202528,828.687435559139,840.181291527483,879.221828881531,883.387918377374,899.394371964363,918.913556354439,921.954445729289,938.307740597605,945.05290857179,937.070812685669,941.205134993251,941.548598951518,939.588817177353,933.164825343861,928.035559663529,952.955927627296,961.760941305423,965.983954318083,958.18839483684,961.769203083567,972.432516938836,989.002022242624,995.921320489384,1007.78221853732,1006.23058987491,1002.62872679609,1007.67321655728,991.526600752597,999.756306082895,980.114789195633,995.489518842518,989.949493661167,973.717104707522,980.066869449292,972.339772393113,972.432516938836,972.133419905738,979.95484708343,988.982035371205,968.832010846363,922.212058846505,886.561050141555,860.926980446178,825.217157629634,789.885601569135,784.133832621934,738.447454296651,749.374538697124,719.809002444398,728.868986855663,715.593936635133,687.772404342229,681.985103198022,661.767867810603,632.28163873683,600.592124645464,583.503110762376,570.764308817648,552.168669712542,NA,NA,NA
NA,NA,NA,NA,480.884601541784,483.091803827338,493.0770730829,514.78150704935,548.148804472196,558.763131015636,558.897677931934,571.849753026833,581.444805174563,589.914874551115,576.336187878792,625.586278850914,655.360187917779,665.475622137557,675.076707675737,672.817434347573,682.790620578001,700.334392940724,705.713042870048,761.39387321404,783.595842359358,816.241385865725,822.497395313684,849.181433278433,871.331127498035,883.616701066821,891.762133392737,901.387818865997,919.865260904352,938.416218956173,945.05290857179,960.423814675369,944.803545433063,961.606189474657,956.878289882917,950.097580957374,941.379446491417,950.097580957374,955.24865872714,965.498453799511,961.769203083567,957.682622465504,975.12415194401,977.808351760887,989.002022242624,996.242942258564,1010.04451982622,1007.78221853732,992.282015016852,1002.47055156921,995.513167916134,999.062060134404,986.820587166846,980.01894970295,989.463914559164,976.281209488332,973.717104707522,954.89435503986,954.594154601839,948.675009998936,954.594154601839,975.804416399969,909.858141377449,884.465956692445,893.322828460931,870.7037383634,843.272851950373,826.484627325383,805.062109405231,748.818849571186,735.272058492637,740.238202341294,724.560622010425,721.538069115712,697.147110827338,687.623651128641,649.975943732184,610.327780786685,563.970194076978,555.047795473115,550.061943569913,NA,NA,NA,NA
NA,NA,NA,NA,485.299006112892,485.41219597369,500.388296306199,527.375577743225,545.748182178643,536.772763839597,559.016994374947,565.581323113118,571.182982939793,583.316086352738,583.356336902835,594.190440823486,636.879364513156,664.101033007295,665.534912568155,670.738469744054,693.271231193102,699.643811933363,724.87022506111,745.790216294529,797.762656246621,801.743355392477,837.557034287838,864.338139214539,874.173268081905,884.278997559654,901.556796592565,906.116097815192,924.954675165937,950.19699089077,950.287750627738,950.328890437411,955.24865872714,960.378680241011,962.094070244693,963.49245445918,965.498453799511,961.996428359497,951.971638232989,961.606189474657,960.468635614927,965.563115973702,976.281209488332,993.88656196684,1006.99824130012,1003.8589979226,1003.95292436613,999.038159927976,1007.69275086572,995.128110122648,1005.47684763422,985.658765331745,980.114789195633,992.47166206396,989.830831938685,990.541172418814,980.114789195633,959.909566135044,955.891251248455,950.26294066409,960.688438406628,973.198075280517,936.907503729249,898.673693572236,883.883476483184,866.386172558173,849.833909741791,838.525491562421,805.062109405231,782.701065715021,760.13869457571,759.028810043376,735.186858490702,715.891053163818,679.748767381011,665.51106849215,634.897934881044,592.079425753517,579.474551072079,577.129154096517,535.023363975817,NA,NA,NA,NA
NA,NA,NA,NA,466.988250772653,480.119895856302,515.081227125483,509.855819695824,527.375577743225,517.741900960103,548.271368633101,562.805945805555,570.635610525666,582.906390288943,579.178383481823,580.440547898427,617.21201175029,650.924089119721,675.998859599135,672.634682126092,682.510053109289,704.7736981492,727.01445051055,752.059649114136,784.617741323761,845.350887189192,866.350042925677,835.374279534938,877.642243075043,886.70739254841,891.783782582746,929.783388228304,940.519988821678,951.757300107305,964.624194107886,963.517025724863,970.82439194738,958.155758977175,970.82439194738,984.822239055606,977.028765506005,970.638559103252,970.379276588017,976.257190755037,956.204562000152,974.931768708186,982.980162566875,1005.55458983794,1015.19702521235,1010.46988216721,1004.02800114584,989.002022242624,1006.23058987491,986.138291590973,993.827562936484,973.717104707522,987.542485753252,986.154146165801,959.590720795627,961.687696279112,965.012953280939,960.399393234438,941.076511235936,945.05290857179,956.220629021387,964.502079500614,922.233965718932,887.764045228235,905.883546599672,866.350042925677,836.41935838632,832.531904232019,805.062109405231,784.617741323761,797.093647932274,775.322349453803,748.658772780262,726.549265431356,710.244480641227,660.018939122204,637.068003219121,602.060239921285,572.747273241424,559.016994374947,521.932486417486,NA,NA,NA,NA
NA,NA,NA,NA,NA,475.290434338602,499.795186971244,501.535830819363,506.211418282915,530.256223186243,540.832691319598,563.830260729381,563.997951355451,569.936162451678,580.169913643004,602.21291685211,608.622031740429,654.210755118166,673.087470700766,691.238368519488,707.106781186548,694.543290343102,714.918873562821,735.272058492637,776.469355411706,805.593315451991,830.735468449189,863.12161034516,859.939916972253,875,877.673774430458,916.419108555971,938.536498091073,951.129729987755,974.547074011256,965.004856175884,965.660395791398,976.779089338029,976.184992174594,984.047907203264,990.446197481796,965.87858553722,961.687696279112,976.257190755037,973.644786888519,977.880360780397,1002.80855600658,1004.98756211209,1006.53334403275,1000,1006.54110695987,1002.7516489945,995.513167916134,999.062060134404,977.922782082075,976.265194369728,983.933432707721,973.717104707522,965.008904728411,972.247027847389,957.478502170626,955.24865872714,941.697339952866,945.05290857179,941.055738738021,921.954445729289,943.340073156417,903.119593409422,874.436368935079,849.264387573151,827.943772128245,816.366799532685,781.024967590665,776.153218778109,771.767452021657,778.194493506535,745.685018264796,719.579615387728,710.627894099045,673.625709181771,645.862433162417,621.957929386681,588.430114796991,566.594897236162,NA,NA,NA,NA,NA
NA,NA,NA,NA,NA,480.884601541784,491.172067609712,500,500.608994615957,532.61805895679,540.451746562626,556.179849710386,558.627081178269,542.631958234587,572.747273241424,583.813158011238,604.129977581445,651.556670487236,656.112737497833,690.280897697636,695.071938722892,702.592543050096,725.14742728635,714.913378406711,742.942576103169,778.620575119872,806.152834265471,839.71984422972,865.418670693889,879.275269753449,909.99655311143,930.356090934087,942.370146072874,950.328890437411,957.042141633237,982.654198551307,977.744164684358,984.255258499621,982.344135219425,974.721930825451,965.715571928309,961.769203083567,977.25724995157,976.281209488332,975.312448652644,976.281209488332,1000,1001.55629994457,1007.78221853732,1007.54074404598,986.892448185329,995.230716874575,1005.46903635454,1007.68902010891,988.930825340704,970.671008875664,972.753822917186,976.281209488332,983.933432707721,968.463999910535,942.324892215921,955.026808797396,954.365907813895,950.328890437411,933.323885798653,925.214699853762,925.261665194056,887.58733778979,845.946215784432,830.963163208589,830.967759355123,806.225774829855,795.077401937523,777.817459305202,752.044019766616,734.302836207495,749.94777118136,743.11327514373,707.486380717429,689.416156562438,654.31261641512,633.430677399903,612.882533606563,550.511011547329,NA,NA,NA,NA,NA
NA,NA,NA,NA,NA,NA,498.074330126849,500.304497307978,500.62460986252,532.544196253123,534.891292439183,548.23569090427,540.672847990628,540.108877426072,562.887660216542,558.80576673154,580.319584545278,593.964515532343,636.241892851282,663.873752173679,685.991678195275,666.811629061667,700.221775005867,721.171184931579,733.525458452962,794.838667828088,813.602267301838,851.04298442426,860.123266997436,869.229793243471,911.132422440586,939.747306460625,960.468635614927,976.281209488332,977.813104888971,988.807413632235,977.776279378575,979.745336329146,982.522885229672,970.455427388413,961.769203083567,962.090009405179,955.24865872714,975.280376270332,976.269200121685,977.816363264801,990.580637807947,1000,1007.747285332,986.470982847443,986.122437016146,991.938322447255,972.412415376443,985.203024761902,981.388856387902,977.880360780397,977.55293254106,982.148469744008,965.571237652731,974.967906461736,959.988947181749,955.146198867341,957.042141633237,956.487799219874,945.05290857179,930.053761886914,915.491671180028,873.386087750716,845.946215784432,813.682807061482,816.241385865725,797.982288828828,776.500254156043,760.345316287277,742.367175618096,738.32272675634,728.868986855663,719.809002444398,707.106781186548,686.42514454118,689.484698379614,642.589209020591,600.923320460697,NA,NA,NA,NA,NA,NA
NA,NA,NA,NA,NA,NA,480.169068096366,500.514890391756,515.380619500297,527.331060825662,530.315346305424,534.336236354027,550.295587138242,548.170996524565,559.016994374947,570.628761800965,571.09351701097,583.031149979461,590.923695188403,637.266739345586,666.601192022024,711.424414522571,694.458297261853,724.956793556039,745.77443712724,784.617741323761,832.517812457957,860.361720669114,870.7037383634,881.414888790359,903.076299045837,924.923861143232,960.256210680379,980.329768354678,978.969644632825,988.930825340704,974.249750460929,974.310401468388,957.209485953832,976.144789049808,964.616072428858,950.085115997085,964.939981205033,975.312448652644,977.880360780397,975.320460156558,995.242451568947,973.664888450912,958.024766437857,973.693022662764,990.580637807947,986.40754409395,964.939981205033,983.05897571859,976.281209488332,991.526600752597,974.284278315869,982.160531838939,973.555759429628,984.88578017961,972.432516938836,955.24865872714,941.726412649585,943.340073156417,925.337776166087,922.293337284836,915.491671180028,874.793062331661,862.019777113528,832.000446136703,818.453806757239,785.015923405379,772.172260574025,760.345316287277,745.34420446328,738.664335134708,724.913587112077,719.711053712384,689.655711206686,690.29859156895,672.681202353686,600.870825313357,588.310133839477,NA,NA,NA,NA,NA,NA
NA,NA,NA,NA,NA,NA,NA,485.299006112892,526.187788871612,542.95939930476,543.07777892599,559.016994374947,542.029452905334,558.967907980003,550.567888638631,530.774458779229,520.21630116712,530.807852041538,550.567888638631,611.446636723166,639.364319172534,673.13399092836,700.118065710856,743.192577087538,752.028436628952,769.870220849893,819.715093380012,866.386172558173,866.226776783397,896.510955790443,892.170260940106,916.607167498631,953.569185723887,976.281209488332,991.392289387927,984.395705875291,982.075926523259,975,964.68692040474,961.371690626797,942.403841248538,941.568605067018,955.150314247012,956.842102907155,980.114789195633,969.1276285957,984.766213679322,972.412415376443,957.209485953832,973.499500921858,997.831932482946,983.933432707721,976.217106868812,988.445156198646,965.630674768648,980.097546823672,985.083788581764,976.14844931712,989.002022242624,989.002022242624,962.094070244693,933.26501089558,939.747306460625,941.043281116553,925.337776166087,910.013736160065,880.695747690427,860.232526704263,860.059273744001,832.165848854662,827.79706332456,789.441401616401,761.987532706409,749.082590471591,743.245448588035,735.272058492637,717.121953059347,714.711906505664,710.920682314685,680.033222850488,625.810091068187,602.079728939615,NA,NA,NA,NA,NA,NA,NA
NA,NA,NA,NA,NA,NA,NA,NA,498.042803021814,517.51248133712,527.299937061609,558.80576673154,548.292804986533,529.367529320028,517.741900960103,514.723348994197,502.431436529643,536.564625289189,570.005249796773,602.040750902955,612.514507080647,656.070738879362,700.17652192861,716.212180870868,732.282967666885,758.779081833808,805.003714658654,835.53874835342,835.454425865951,863.568085988853,886.521589478536,916.019853113514,940.951654988599,990.446197481796,1000.30463990745,990.580637807947,982.394421041771,969.344770730512,979.950739483688,958.18839483684,952.658942217512,951.191374072406,930.38970329642,955.150314247012,952.955927627296,951.643258877505,959.926826809763,976.249179251123,971.945602206048,958.18839483684,975.27709217026,986.419448437348,990.766501358633,988.930825340704,997.68099735067,992.82916576052,1000,996.148660253699,980.433577556379,965.660395791398,972.432516938836,945.477926464935,928.035559663529,941.242515212036,925.24452880819,890.224690738243,895.125689498408,880.445947457251,866.746791167986,832.165848854662,820.060973342836,785.015923405379,772.172260574025,745.591762863002,749.979155079715,730.06829330956,687.128701408303,679.900327323148,653.847842871747,659.923971579658,624.899677935468,NA,NA,NA,NA,NA,NA,NA,NA
NA,NA,NA,NA,NA,NA,NA,NA,477.558709739309,492.202572784953,505.406904422051,490.898623864656,509.809688032369,527.128343782927,520.303191148852,500.62460986252,526.462980933189,561.410204239604,570.948536525201,586.792616175724,610.314436578703,640.294101158482,665.534301142597,665.439945025608,731.703229615525,801.057577176828,813.748148430607,832.352651486056,827.811363394996,855.148645447092,873.167495181501,902.335520253654,917.017239386404,924.573716034497,963.902020944294,980.114789195633,955.026808797396,943.753855164114,972.753822917186,951.930569538099,930.322429858109,938.11457262433,927.63681920499,930.360276501009,951.486332281703,930.381304761182,934.07708461347,975.459132081265,958.155758977175,955.24865872714,958.18839483684,982.980162566875,997.338723860699,988.280351691693,999.410975400619,1007.65787697405,1012.2796592341,999.062060134404,976.184992174594,965.004856175884,951.732443308377,946.374661537385,938.416218956173,934.07708461347,905.883546599672,890.224690738243,896.146248273038,878.1638786034,853.229037276074,851.441774528531,827.79706332456,784.617741323761,749.900513799785,728.728900873419,716.32743909472,703.840724811681,675.32285066124,660.432395881045,648.831812577645,631.902338252501,624.452833573176,NA,NA,NA,NA,NA,NA,NA,NA
NA,NA,NA,NA,NA,NA,NA,NA,NA,451.705641326511,480.884601541784,499.953036778232,505.930501496606,505.554961287069,519.788776011379,512.880734170635,512.95711321708,530.330085889911,597.557020756796,608.789783094296,617.454451761423,641.215184609782,651.63004510084,664.160323437893,687.806716766816,757.770969066671,795.087237447276,804.945319912078,816.241385865725,828.402076289045,868.585478773591,915.691254959921,908.6254401687,902.975998142221,946.748970420987,965.703146389617,932.820902795065,928.031349739785,933.396811491025,948.937480265458,929.011547727124,919.839712242111,908.639092269312,909.763392756063,930.38970329642,933.624979844884,927.555157763107,923.476359200111,937.008086797413,952.902519757586,955.24865872714,980.114789195633,1004.98756211209,1012.42283656583,1010.86081625973,1000.79249329609,1025.49769053104,1000.62480480947,956.698538795075,973.717104707522,961.708125050651,955.187161623518,938.416218956173,927.555157763107,905.749073385906,903.119593409422,895.125689498408,876.427407147905,840.077764258215,811.094363790043,794.030268871646,761.577310586391,735.111981701713,715.891053163818,695.071938722892,694.149076113875,660.480408142172,648.63554168164,604.408678249337,594.018010683629,NA,NA,NA,NA,NA,NA,NA,NA,NA
NA,NA,NA,NA,NA,NA,NA,NA,NA,NA,485.41219597369,495.852050294725,500.562031394189,502.493781056044,526.462980933189,515.388203202208,525.594901040716,554.920150834542,598.760773468844,604.997323551983,593.460146324178,649.025707769016,651.702424363339,670.656546238172,686.476510887299,752.924911171785,756.230231201752,789.273501522673,818.758327796984,830.878072384578,851.331240733523,887.196047081066,911.158280109461,929.815791898191,960.917442150577,954.794523276451,956.938615343421,939.579844700898,956.544235390805,943.306843037034,922.23390926851,901.387818865997,912.104020056115,908.431793844291,927.800590642124,936.586080091882,936.577560708192,901.387818865997,926.350365682445,948.683298050514,952.955927627296,974.498740488927,1002.80855600658,1027.70220325557,1034.19355550391,1010.28273528764,944.8869913314,940.968453787275,930.322429858109,941.400218989332,972.432516938836,948.683298050514,938.399556727965,920.911010550489,916.982873289135,895.003164529404,895.125689498408,855.131568824354,811.108385209842,762.232436593452,776.500254156043,742.041103982791,728.868986855663,707.146516139063,679.80696165931,650.960120260132,665.676347784717,632.937097232985,617.276284987055,NA,NA,NA,NA,NA,NA,NA,NA,NA,NA
NA,NA,NA,NA,NA,NA,NA,NA,NA,NA,NA,500.62460986252,492.853176179195,500.522338365361,520.21630116712,530.211706268681,521.977231112426,552.225078643821,573.420962950916,615.892962443232,626.258121488085,664.807273373154,679.824547352079,692.255340041656,707.073548868392,734.918013407641,750.656642026429,784.707540816403,824.91377503748,826.433102873352,872.679760147727,910.013736160065,903.119593409422,951.930569538099,951.345860067083,952.391772019024,955.232296124007,940.993341700734,944.339616139351,937.491603144489,927.993429814002,921.630158289429,881.347303778597,912.138715527765,902.797220842643,905.883546599672,916.701830240743,927.409220523401,919.670856186489,949.729427318537,951.282007533972,975.624589625562,995.323338715012,1000.29682129897,999.630075619048,973.187795106687,942.370657998223,915.423196992278,925.337776166087,911.398765623533,917.196816392207,960.468635614927,955.100983484593,910.013736160065,921.482911493642,900.936848457146,866.746791167986,835.162647405427,750.406137215427,726.592627482323,711.189672386506,720.771213338084,707.548584904245,694.62219947249,677.641132015986,667.048031820777,660.018939122204,628.691388042705,NA,NA,NA,NA,NA,NA,NA,NA,NA,NA,NA
NA,NA,NA,NA,NA,NA,NA,NA,NA,NA,NA,474.108779823212,506.211418282915,498.07086340389,509.855819695824,515.388203202208,527.375577743225,540.599556302527,578.48648643138,602.079728939615,618.377165091894,672.288126293494,703.027618078949,715.781588673169,744.202354122074,758.642405589789,769.78770835882,794.34443510654,801.546346501383,873.149741792018,901.187583875854,921.48789887842,930.360276501009,970.434998616874,970.434998616874,964.194002036057,955.432857201266,948.708604096603,960.169726559614,935.056819860878,927.959670671941,901.183603819208,889.950955213623,885.94928781221,877.852493303972,918.48216574426,906.566664784743,900.347155268455,910.013736160065,924.923861143232,953.250114962803,966.864583240021,999.374978927448,975.284980893539,975.268335247953,949.997749193965,950.176305948694,918.642273772792,916.770512233556,914.739041434267,951.524274392501,976.055049305188,947.346978857559,901.387818865997,886.457885031155,850.937930398201,805.062109405231,781.014651628629,745.732227516639,730.121965663765,715.017482303755,700.446286306095,694.62219947249,664.266512779321,662.379376730233,637.266739345586,637.266739345586,616.575344929453,NA,NA,NA,NA,NA,NA,NA,NA,NA,NA,NA
NA,NA,NA,NA,NA,NA,NA,NA,NA,NA,NA,NA,493.0770730829,514.567254830189,527.353319284443,515.158783579225,538.51648071345,545.07892823633,596.244110752618,621.646664410755,617.2374887765,685.868166263886,710.083831397364,735.058309347507,763.414290023673,766.801177349268,790.220460374804,805.003714658654,824.48762393205,832.229282344223,874.347408557937,903.028528229397,925.429554133224,948.665689769357,953.250114962803,942.888548827635,951.930569538099,963.508904045835,958.032975921744,912.932829182943,913.515487773234,892.651891231026,903.456901065377,900.712220739448,894.427190999916,897.531649131172,912.156937896409,904.614027235854,928.485633769544,950.097580957374,963.288572159428,970.82439194738,999.874368670765,963.160123569496,943.39811320566,954.702635637205,950.328890437411,909.667703167232,933.858601902286,921.552673251048,896.076316407546,929.99488698384,883.883476483184,867.827747885489,840.110798359217,795.676784466497,778.620575119872,761.987532706409,747.452142490203,716.32743909472,704.222719246304,682.590386055226,682.303299515103,664.431995369219,645.71672142351,626.298564149182,616.874170872394,NA,NA,NA,NA,NA,NA,NA,NA,NA,NA,NA,NA
NA,NA,NA,NA,NA,NA,NA,NA,NA,NA,NA,NA,NA,502.493781056044,515.388203202208,506.211418282915,530.256223186243,548.292804986533,612.469045818745,656.220237420334,667.065617513547,694.452665100925,690.714451891065,761.561910657652,777.283595106626,784.417578499428,787.137285257803,796.819809093487,805.062109405231,840.014880820572,867.087633519265,880.010914205511,928.757627927554,964.062246892703,961.524263962303,961.996428359497,951.290229794907,951.290229794907,941.032065350494,912.251108721106,919.187765563754,927.092935369365,909.931883832809,915.32035670726,894.844634173027,950.328890437411,950.934064067533,925.261665194056,939.331400151288,955.24865872714,976.770992232974,965.87858553722,977.740120469074,990.580637807947,1005.48434455008,978.277563727956,960.008752322117,944.819126785673,925.337776166087,925.125732788051,929.680935289164,921.954445729289,866.386172558173,848.495863403364,837.831893354646,784.617741323761,774.633632907182,756.564509950526,738.6272428015,711.490499703878,696.402570420002,679.003678248594,670.820393249937,651.4336228081,624.979038433904,614.505923695084,NA,NA,NA,NA,NA,NA,NA,NA,NA,NA,NA,NA,NA
NA,NA,NA,NA,NA,NA,NA,NA,NA,NA,NA,NA,NA,NA,512.788470843726,517.741900960103,534.832169320003,583.182240207758,646.936230947415,681.971899695409,672.659726014959,719.246684484515,768.125287327714,770.146090037468,784.255950041603,794.044766573154,798.750209948674,813.985665010013,825.102355280563,822.344210169926,830.963163208589,887.238613876729,902.709288387897,947.690789302623,974.028601426336,951.930569538099,956.83795410874,957.209485953832,940.775728675115,929.598189034186,927.959670671941,918.982418857321,894.941648391653,889.924219119632,901.047224525053,901.292277233118,908.978649936572,933.171967180383,961.679682877399,958.114901434097,972.753822917186,985.276460227317,1006.24472801009,991.191131606674,975.320460156558,982.944498022589,960.280817915237,958.18839483684,928.035559663529,937.843105261769,930.053761886914,891.844336438437,883.883476483184,837.373918642961,848.986596151623,789.033181461627,775.403120963541,728.815314501457,748.061687043481,728.324931713935,682.825014187383,670.756092681622,664.160323437893,634.735962370627,592.663479556485,NA,NA,NA,NA,NA,NA,NA,NA,NA,NA,NA,NA,NA,NA
NA,NA,NA,NA,NA,NA,NA,NA,NA,NA,NA,NA,NA,NA,NA,525.527668542296,552.225546803845,606.021725144129,657.557737769103,721.021430821832,727.598526043298,720.96571862308,721.17150106575,769.972859689624,800.12410979358,793.953924890297,818.720741203275,830.026779632542,840.330963573916,842.906406615454,852.126792273559,881.738184952242,901.725774319132,940.5305688436,991.244823342503,964.583558242142,951.971638232989,972.53089993134,951.798669991459,930.110931102572,917.365615822512,863.477211927376,835.463811901268,851.414195028241,874.472408318262,900.045785587195,912.354363460116,930.38970329642,951.290229794907,990.134967435679,985.171284960547,979.882529264427,971.285814436925,964.846962627311,974.983963808844,979.882529264427,974.498740488927,962.829033135839,936.884835726355,936.03607956943,874.607026116841,885.6223829493,840.153107979359,841.892158844716,835.284747168609,800.352009738474,755.498138253408,726.549265431356,696.021258831497,715.489878472037,699.435602626498,640.800280898815,600.487536222385,574.725642715848,NA,NA,NA,NA,NA,NA,NA,NA,NA,NA,NA,NA,NA,NA,NA
NA,NA,NA,NA,NA,NA,NA,NA,NA,NA,NA,NA,NA,NA,NA,NA,NA,604.152298679729,691.181026575462,703.839139317252,732.390194717712,734.918013407641,745.397876817486,813.217902144995,798.049177338787,777.767326077358,796.794926934218,830.026779632542,822.067062668797,839.7654569771,861.496179936889,902.70047419771,935.337741450741,974.423469126304,957.205404385037,977.860371389246,954.593572479039,932.822885155482,896.023723304034,918.27523884621,878.179470647939,845.876723283358,870.526739515644,870.631838601452,869.038856782511,870.344496309605,914.842326993366,916.07986919813,970.703381006648,983.933432707721,990.580637807947,986.154146165801,980.01894970295,977.792273341227,976.257190755037,977.388061631808,959.103524606172,963.247545956796,938.773225782744,893.487575187429,867.827747885489,835.53874835342,822.653365556671,790.554580731473,794.275016461081,760.345316287277,761.915627452109,707.990112925315,679.958257408486,640.312423743285,624.628019545616,559.446200383461,NA,NA,NA,NA,NA,NA,NA,NA,NA,NA,NA,NA,NA,NA,NA,NA,NA
NA,NA,NA,NA,NA,NA,NA,NA,NA,NA,NA,NA,NA,NA,NA,NA,NA,NA,711.012114921552,745.435315211981,728.685849296348,727.978766522036,743.102652894093,790.569415042095,820.032373201964,790.900064548909,778.194493506535,828.040550126943,824.507121329015,860.105002757265,815.84511446106,852.748265053701,936.023970520121,952.234937286776,943.21521690908,949.628001608596,930.385504028801,883.494426045325,860.105002757265,886.066870942946,839.648976324082,831.863226966866,810.184595778878,839.874907885406,838.525491562421,854.262773726396,880.363600450065,903.55740611574,961.70108502701,983.782105909538,972.56030117628,956.468892036268,962.972305869806,991.356022752944,971.608352880715,982.192562076148,960.206919724554,951.129729987755,903.119593409422,886.307301193785,854.765971678053,813.941029804985,794.115132753943,794.849824804822,751.923978991672,752.059649114136,746.77108025775,691.465834296967,640.076629837679,596.80439129802,560.164981072354,NA,NA,NA,NA,NA,NA,NA,NA,NA,NA,NA,NA,NA,NA,NA,NA,NA,NA
NA,NA,NA,NA,NA,NA,NA,NA,NA,NA,NA,NA,NA,NA,NA,NA,NA,NA,NA,725.430906427345,728.815314501457,763.216876123687,775.403120963541,787.529136813489,831.527032563399,794.388745506288,784.387375814755,826.285647077646,818.883522934932,800.312289836006,831.113762123353,902.834121317955,938.311688242807,934.669641992894,928.960810409124,921.808252773073,900.18610372852,894.322128493374,872.341277649992,843.750255926445,827.701787623796,838.15273071201,830.668578903133,870.805903862201,841.675813100747,884.144212910714,896.019178683186,887.667031009609,946.242207779849,995.615387586994,970.565498039069,964.371133307593,984.420584490832,976.281209488332,986.439283895304,937.565729164583,919.179246180064,905.999822207432,876.427407147905,867.391243377971,820.013228499372,778.327387804598,770.146090037468,784.835961802875,760.345316287277,743.303437365925,697.28260799186,629.873759565683,601.014744908351,553.327822982195,NA,NA,NA,NA,NA,NA,NA,NA,NA,NA,NA,NA,NA,NA,NA,NA,NA,NA,NA
NA,NA,NA,NA,NA,NA,NA,NA,NA,NA,NA,NA,NA,NA,NA,NA,NA,NA,NA,NA,NA,762.886454220595,740.354644748042,796.361729806095,825.378700960959,799.818554127099,804.551000203194,817.080960543382,805.062109405231,827.457610499355,870.250289514619,905.883546599672,933.968093899378,926.172576928947,939.326050194879,882.169256685635,895.634175641247,867.095191477412,783.110669459327,793.856552663702,794.21521317907,805.344049734848,818.854721480099,843.258669155172,882.774166252119,861.579717658166,867.827747885489,870.7037383634,903.579486136164,911.331678254036,939.302484942342,964.689069078737,1005.60926805594,983.903910412364,949.457959955976,954.355623451088,940.166552053871,886.903880020392,870.296154267609,855.040012561153,789.140008575189,779.031074436778,783.022988168291,795.691523141977,711.410506586837,659.876281054527,618.326261086747,577.129154096517,NA,NA,NA,NA,NA,NA,NA,NA,NA,NA,NA,NA,NA,NA,NA,NA,NA,NA,NA,NA,NA
NA,NA,NA,NA,NA,NA,NA,NA,NA,NA,NA,NA,NA,NA,NA,NA,NA,NA,NA,NA,NA,NA,727.497927606354,731.735509272027,750.041496147213,752.673983111125,765.192023400944,805.45650018123,815.995811600025,817.360442454894,867.020522897187,879.437576529389,901.139121006787,908.75384901185,892.712628557975,878.025999530636,845.299084723392,790.420623199137,790.098983551784,798.687858095312,818.512201503815,784.487704377391,839.532789676862,848.259390468327,861.50547830884,851.761521798729,866.410681596131,844.64843247938,835.482495335624,909.741458792411,936.335617084595,973.717104707522,1005.17445710458,949.972724710037,921.826985612172,901.725774319132,894.764940953208,850.367567584747,840.386815698581,778.182600591357,745.821694508815,726.462226347614,705.098305796282,696.38006157588,665.676347784717,614.828286528746,591.264001731073,NA,NA,NA,NA,NA,NA,NA,NA,NA,NA,NA,NA,NA,NA,NA,NA,NA,NA,NA,NA,NA,NA
NA,NA,NA,NA,NA,NA,NA,NA,NA,NA,NA,NA,NA,NA,NA,NA,NA,NA,NA,NA,NA,NA,NA,NA,715.891053163818,726.451316699341,705.779710674655,736.825062490836,760.345316287277,831.950764968617,847.78785818096,863.056255657767,866.737775702741,866.561974130457,867.837334224693,840.386815698581,824.6814247589,802.843866505687,778.408712992812,745.632180971386,749.900513799785,817.080960543382,861.776230393587,855.131568824354,835.426242317828,849.898655394611,871.808424903608,840.386815698581,839.432887078799,901.213803169345,933.976501545306,954.520268894948,961.769203083567,949.492069202591,880.695747690427,877.759006592309,902.629849883027,854.942610224306,799.130766437128,729.544678203882,710.633520177595,691.465834296967,660.048634829345,682.06088316909,621.963847982413,NA,NA,NA,NA,NA,NA,NA,NA,NA,NA,NA,NA,NA,NA,NA,NA,NA,NA,NA,NA,NA,NA,NA,NA
NA,NA,NA,NA,NA,NA,NA,NA,NA,NA,NA,NA,NA,NA,NA,NA,NA,NA,NA,NA,NA,NA,NA,NA,NA,NA,687.843305404825,707.320869210114,726.451316699341,780.549031718559,812.860880660657,826.949537216995,816.135089682997,816.241385865725,810.823967791769,816.885931207128,811.960533239404,710.240323401064,780.803649915249,758.878323898322,771.553687624207,833.857797432509,840.386815698581,852.816798491497,838.15273071201,855.113288967038,830.859080645626,811.162179081667,833.487087727461,861.499594097661,909.42677609179,853.183051522052,888.963609914364,914.300073097664,897.977135624912,854.753651624259,874.384189189619,777.540344127317,752.058621127707,649.259995383742,670.550356896744,670.691792113306,655.242581655162,NA,NA,NA,NA,NA,NA,NA,NA,NA,NA,NA,NA,NA,NA,NA,NA,NA,NA,NA,NA,NA,NA,NA,NA,NA,NA
NA,NA,NA,NA,NA,NA,NA,NA,NA,NA,NA,NA,NA,NA,NA,NA,NA,NA,NA,NA,NA,NA,NA,NA,NA,NA,NA,NA,NA,706.853106418799,746.44189505476,793.026447270348,734.064407260768,750.406137215427,741.266904699882,710.567434996288,687.806716766816,704.080279455929,737.484877009511,755.137276990652,784.805806029006,816.925089444089,796.953307515691,849.898655394611,845.203595036464,826.848335474141,839.992673434204,811.892778510971,823.106099487166,839.90284357293,870.487319466273,849.07956795095,866.386172558173,882.134915316229,813.853397510131,805.656731232081,757.822254093694,730.861642775238,720.24441148766,654.31261641512,NA,NA,NA,NA,NA,NA,NA,NA,NA,NA,NA,NA,NA,NA,NA,NA,NA,NA,NA,NA,NA,NA,NA,NA,NA,NA,NA,NA,NA
NA,NA,NA,NA,NA,NA,NA,NA,NA,NA,NA,NA,NA,NA,NA,NA,NA,NA,NA,NA,NA,NA,NA,NA,NA,NA,NA,NA,NA,NA,NA,700.446286306095,710.233237159967,685.540676949305,672.367223519358,679.224595604147,650.936477208489,693.757117963733,706.124576161519,672.722466805026,761.577310586391,789.752265741557,804.615539090072,812.672925962953,808.544490512297,776.596127008117,804.699792046153,809.590621344336,822.315669709588,844.473253059972,827.882744386109,771.830236732279,871.950032463543,805.605812144898,775.77853357584,719.705295833067,706.715757514308,692.216642112852,NA,NA,NA,NA,NA,NA,NA,NA,NA,NA,NA,NA,NA,NA,NA,NA,NA,NA,NA,NA,NA,NA,NA,NA,NA,NA,NA,NA,NA,NA,NA
NA,NA,NA,NA,NA,NA,NA,NA,NA,NA,NA,NA,NA,NA,NA,NA,NA,NA,NA,NA,NA,NA,NA,NA,NA,NA,NA,NA,NA,NA,NA,NA,NA,NA,NA,625.546502069331,636.829123528722,616.8346774563,603.259917968995,603.798640486401,738.385123934208,760.06583845981,765.138491326613,772.172260574025,784.617741323761,749.166203188585,769.490319515573,760.34431656042,793.712029608194,760.06583845981,772.04495147568,750.04856092738,710.996057172868,682.136663140159,NA,NA,NA,NA,NA,NA,NA,NA,NA,NA,NA,NA,NA,NA,NA,NA,NA,NA,NA,NA,NA,NA,NA,NA,NA,NA,NA,NA,NA,NA,NA,NA,NA,NA,NA
NA,NA,NA,NA,NA,NA,NA,NA,NA,NA,NA,NA,NA,NA,NA,NA,NA,NA,NA,NA,NA,NA,NA,NA,NA,NA,NA,NA,NA,NA,NA,NA,NA,NA,NA,NA,NA,NA,NA,NA,NA,NA,NA,NA,710.985018972341,NA,NA,NA,NA,NA,NA,NA,NA,NA,NA,NA,NA,NA,NA,NA,NA,NA,NA,NA,NA,NA,NA,NA,NA,NA,NA,NA,NA,NA,NA,NA,NA,NA,NA,NA,NA,NA,NA,NA,NA,NA,NA,NA,NA
