"V1","V2","V3","V4","V5","V6","V7","V8","V9","V10","V11","V12","V13","V14","V15","V16","V17","V18","V19","V20","V21","V22","V23","V24","V25","V26","V27","V28","V29","V30","V31","V32","V33","V34","V35","V36","V37","V38","V39","V40","V41","V42","V43","V44","V45","V46","V47","V48","V49","V50","V51","V52","V53","V54","V55","V56","V57","V58","V59","V60","V61","V62","V63","V64","V65","V66","V67","V68","V69","V70","V71","V72","V73","V74","V75","V76","V77","V78","V79","V80","V81","V82","V83","V84","V85","V86","V87","V88","V89"
NA,NA,NA,NA,NA,NA,NA,NA,NA,NA,NA,NA,NA,NA,NA,NA,NA,NA,NA,NA,NA,NA,NA,NA,NA,NA,NA,NA,NA,NA,NA,NA,NA,NA,NA,NA,NA,NA,NA,NA,NA,NA,NA,NA,104.4489042821,NA,NA,NA,NA,NA,NA,NA,NA,NA,NA,NA,NA,NA,NA,NA,NA,NA,NA,NA,NA,NA,NA,NA,NA,NA,NA,NA,NA,NA,NA,NA,NA,NA,NA,NA,NA,NA,NA,NA,NA,NA,NA,NA,NA
NA,NA,NA,NA,NA,NA,NA,NA,NA,NA,NA,NA,NA,NA,NA,NA,NA,NA,NA,NA,NA,NA,NA,NA,NA,NA,NA,NA,NA,NA,NA,NA,NA,NA,NA,118.296172587981,117.334243177454,120.660432949314,119.259395546516,117.839011577709,112.728026658904,113.572910960756,111.73744936347,108.499128545961,106.01456873719,104.9676642104,105.669153789791,103.785182601479,105.027892526201,105.316671581544,106.162503071657,106.528609108606,104.068512999217,103.672134102771,NA,NA,NA,NA,NA,NA,NA,NA,NA,NA,NA,NA,NA,NA,NA,NA,NA,NA,NA,NA,NA,NA,NA,NA,NA,NA,NA,NA,NA,NA,NA,NA,NA,NA,NA
NA,NA,NA,NA,NA,NA,NA,NA,NA,NA,NA,NA,NA,NA,NA,NA,NA,NA,NA,NA,NA,NA,NA,NA,NA,NA,NA,NA,NA,NA,NA,116.071036858382,121.551327116524,119.954609747713,123.407739695649,124.308707931738,121.553798194735,123.829068762332,124.168783280056,121.306935382491,119.117280331849,117.150162670908,115.574969119416,113.50019813967,110.659965899321,107.53836312277,105.227915435152,103.199903753274,103.121153323634,105.127726075531,108.631346976872,108.800848611285,107.021780291659,105.533851281452,106.364261821365,104.834413373951,104.903936357656,103.256401668176,NA,NA,NA,NA,NA,NA,NA,NA,NA,NA,NA,NA,NA,NA,NA,NA,NA,NA,NA,NA,NA,NA,NA,NA,NA,NA,NA,NA,NA,NA,NA
NA,NA,NA,NA,NA,NA,NA,NA,NA,NA,NA,NA,NA,NA,NA,NA,NA,NA,NA,NA,NA,NA,NA,NA,NA,NA,NA,NA,NA,120.993738420992,120.52657379104,123.822285966246,125.971700640156,128.266213903741,125.382581676823,129.667700409758,128.183348853584,129.972152195856,128.96320719446,125.101447269134,124.092889148021,120.790003550241,118.034799569202,113.032136150635,111.827430693535,107.241420169254,107.811559188401,108.352778068017,106.778774899622,109.413815308635,107.233951800669,107.682925936807,109.371881133407,109.087029695912,109.489682013326,106.843123144444,106.231327822358,107.138101963643,107.405706963007,107.090598336374,NA,NA,NA,NA,NA,NA,NA,NA,NA,NA,NA,NA,NA,NA,NA,NA,NA,NA,NA,NA,NA,NA,NA,NA,NA,NA,NA,NA,NA
NA,NA,NA,NA,NA,NA,NA,NA,NA,NA,NA,NA,NA,NA,NA,NA,NA,NA,NA,NA,NA,NA,NA,NA,NA,NA,116.433932832285,119.479852375428,121.40698547168,123.647299530554,121.315037628252,125.031927903502,126.74940956673,128.735220082291,127.096356782327,129.89220641315,132.852741626109,128.757400635614,127.562598100083,126.435760509316,122.538002897214,121.883903423783,117.475435203085,114.253349254449,112.221818647036,112.9709895363,110.454092389731,111.757334457118,112.183260254892,113.061377171986,111.639231908105,111.184908324488,109.605388377378,111.53229895729,111.865060854496,110.044102071531,109.304161665834,108.833994970792,109.929514326321,110.392759083307,108.85235854444,106.729886723033,101.817796550578,NA,NA,NA,NA,NA,NA,NA,NA,NA,NA,NA,NA,NA,NA,NA,NA,NA,NA,NA,NA,NA,NA,NA,NA,NA,NA
NA,NA,NA,NA,NA,NA,NA,NA,NA,NA,NA,NA,NA,NA,NA,NA,NA,NA,NA,NA,NA,NA,NA,NA,117.076739382793,118.961315446991,121.082424149467,123.735339206422,123.546033221907,123.582375030539,125.586435974419,127.211382432695,127.916776638842,125.669030338629,127.485945561053,127.825596097429,127.715047709949,123.684063040334,123.795667715665,123.49779793463,121.605065037692,123.420713596869,122.348864624562,118.959290891436,118.298147437062,116.297100604599,115.678227328998,113.376645196798,114.139065761699,113.007485809034,112.302884984121,110.512067140152,113.229804080169,113.0648242782,111.312461288684,109.921530830108,111.316574274736,111.449205062251,112.319910249577,112.433037650042,109.170171336393,106.961198293099,104.420577699772,106.923186778885,108.106509550439,NA,NA,NA,NA,NA,NA,NA,NA,NA,NA,NA,NA,NA,NA,NA,NA,NA,NA,NA,NA,NA,NA,NA,NA
NA,NA,NA,NA,NA,NA,NA,NA,NA,NA,NA,NA,NA,NA,NA,NA,NA,NA,NA,NA,NA,NA,119.207209467638,116.706269925203,118.982262830576,119.736993913769,122.897391172323,124.985000301314,123.347667527851,125.12493185603,123.308385850639,128.955749403591,126.456410453233,127.983321067689,125.834456929935,126.809319015098,127.334007933362,124.240633524707,125.955655707766,125.956652930282,123.060672096282,122.950327666074,122.167784809499,121.844199422477,119.491217853165,119.347636942946,117.3476171491,116.704465213489,113.471204504266,114.229699433764,112.799458232507,111.897295850313,112.237536932067,113.645353650036,111.812360716153,110.601252377034,111.177774757761,113.322509861095,113.64437904658,113.058248808202,109.750167048327,107.691617323291,107.466362119884,107.726932324197,108.942792707539,110.900111281418,110.488458335841,NA,NA,NA,NA,NA,NA,NA,NA,NA,NA,NA,NA,NA,NA,NA,NA,NA,NA,NA,NA,NA,NA
NA,NA,NA,NA,NA,NA,NA,NA,NA,NA,NA,NA,NA,NA,NA,NA,NA,NA,NA,NA,NA,116.051943594941,118.578474262335,120.68839992415,122.332813974952,121.149261373745,121.534542080213,122.328462216072,125.152436349636,130.759649820135,130.2547728581,129.795312254715,125.674476057179,124.506948012602,125.809702429081,129.058903791191,128.054869589867,127.010259056056,127.312579426985,128.387056887447,127.066944028788,127.706170171064,126.168136055316,127.563551666761,124.800343115743,123.729571327957,122.433979589476,119.478046033891,118.066516238937,114.689493256028,114.598212325319,111.455056514931,111.581230121429,112.207813667446,110.335835463655,112.942987788342,112.775893669474,114.234881838275,112.188978458741,111.763095628837,109.398633719176,108.213042829417,108.45617562606,108.328873345936,110.007022283769,111.672513473232,111.437754713244,110.64620084179,NA,NA,NA,NA,NA,NA,NA,NA,NA,NA,NA,NA,NA,NA,NA,NA,NA,NA,NA,NA,NA
NA,NA,NA,NA,NA,NA,NA,NA,NA,NA,NA,NA,NA,NA,NA,NA,NA,NA,NA,115.938956105661,117.946289197212,118.713558046605,121.796785634278,123.172923634448,124.805928181862,125.904883468879,123.46182809283,126.371397867843,129.922792873157,130.669955773519,128.074282413277,128.52657536974,127.424958171018,128.17099505064,129.609503048668,130.409851722923,129.278414012439,129.790943132188,133.773624768582,133.222945409833,129.980840980039,131.141546614665,131.92043019941,133.485237787361,135.060584758742,133.957182108664,129.312064386525,125.195908549594,123.002626500427,121.074345094925,115.797287374155,114.477888100462,118.251230969977,113.758171135149,112.48649459128,115.528778287715,114.210684367109,114.402834496273,111.858504478626,112.765911933232,111.935143918639,111.493827069511,110.622073213019,111.855728125693,112.730122368628,115.245060101345,112.668584803016,110.869202977374,109.431422796696,109.226532565853,NA,NA,NA,NA,NA,NA,NA,NA,NA,NA,NA,NA,NA,NA,NA,NA,NA,NA,NA
NA,NA,NA,NA,NA,NA,NA,NA,NA,NA,NA,NA,NA,NA,NA,NA,NA,NA,115.960838263532,117.357651319845,119.744646733376,123.455035409821,123.914874031169,124.661067411377,126.43013775518,128.783982151901,129.559317996702,132.140616757698,132.248264332144,130.995579414996,127.800208684305,129.364951209907,130.206476235567,129.783100419353,134.980094553743,133.57847150731,132.57791021674,134.71873128129,137.508819718573,138.831820395799,142.322522693285,143.674391495139,144.016697406841,142.422557629807,143.787658283245,140.98987840958,137.589839989332,131.979705093626,126.40877981562,124.449793694551,118.758779699499,118.804851757979,120.176529659933,118.901475119267,115.641019053648,115.85691540908,118.232013749736,114.437283151873,114.889570716384,113.62013892585,114.626477570636,115.697547785867,114.982271684419,115.470874260149,115.390762466003,114.789156987672,113.098504087254,113.558577470263,113.473135719674,115.15184803605,116.027891584494,NA,NA,NA,NA,NA,NA,NA,NA,NA,NA,NA,NA,NA,NA,NA,NA,NA,NA
NA,NA,NA,NA,NA,NA,NA,NA,NA,NA,NA,NA,NA,NA,NA,NA,NA,113.476607942245,118.684955832102,117.687640677117,122.839289102964,125.546513243608,127.272889389029,127.346400579143,128.993263403649,127.269157377221,128.253344831968,127.283609437286,126.783131040171,127.374380420043,127.354930296849,130.718561324209,134.074578356845,135.624500008896,136.18486175194,134.254347687792,133.926050602353,138.925741819807,140.511596189767,140.345207415706,143.428930271941,149.90612733072,147.211338098513,144.178454775209,145.73512744796,145.857599847737,142.61789410888,136.474395128217,130.456276256607,127.247473056547,125.935847742836,125.866294066465,123.891680598542,122.824369332342,121.636884088378,121.655498797366,122.615137540038,119.756111503338,120.104027921605,119.075709108141,118.018313547,118.095296739519,117.784884362793,117.81416862462,114.678484025982,113.267329997857,113.935063201123,115.209924381391,118.917684960049,121.930158576642,121.987882484354,120.355939454527,NA,NA,NA,NA,NA,NA,NA,NA,NA,NA,NA,NA,NA,NA,NA,NA,NA
NA,NA,NA,NA,NA,NA,NA,NA,NA,NA,NA,NA,NA,NA,NA,110.697017945084,115.717572621863,116.537941126723,117.364424571601,121.915871835698,127.383565420501,131.06689812645,132.765053046923,132.175485659467,130.3885645918,129.057018292415,130.102637169283,130.212283448138,132.378948066827,132.99313045312,129.798540067656,135.063879730708,135.433540777618,138.884190505415,136.82276223748,137.04492774246,138.477855801193,142.51099261592,140.65977700206,143.69751180119,145.635118863281,148.147659418742,149.309763292221,147.853459787664,146.499077351543,146.842809906827,141.246235337553,133.975338760831,132.338708549156,130.475487010461,128.636299738919,126.510838349737,126.846786926134,126.453813261679,128.910334185923,127.336638449951,128.905429436866,128.614338645839,126.909601253488,125.642220140347,123.132387290053,122.022399102155,123.542893560166,122.326451331247,118.651288120616,121.24494081812,123.264663760412,125.624790043612,129.262672376391,127.948741133501,126.765012147384,127.123405051925,125.690131283896,126.534742432939,NA,NA,NA,NA,NA,NA,NA,NA,NA,NA,NA,NA,NA,NA,NA
NA,NA,NA,NA,NA,NA,NA,NA,NA,NA,NA,NA,NA,NA,111.103082134954,114.963261801053,117.234446559614,120.412375142747,121.077158669777,122.355179843684,125.554401781737,130.244994676644,133.001716124343,134.034862629629,134.816347643879,132.673064589091,134.397698821558,135.131480294793,134.517174174576,136.034986592736,137.521340767121,140.438024314634,140.726361555178,141.977874363648,142.850749066081,141.511852344646,139.785652823686,141.72287773219,143.869355270713,146.531208256452,147.158256280873,149.362137007544,149.41099409127,147.044821187014,146.606788958688,147.831511887893,140.897102168744,132.715818105998,133.912386134309,131.620233574684,131.490025957688,130.768336321115,129.340521938238,129.136172953791,128.307190627355,132.39898864801,131.570956968181,132.995071474895,130.559721391935,128.916359316876,127.466275088308,126.655646743748,129.054308622242,130.953064844488,127.183267600192,126.926273252957,130.349082021896,128.02980009544,129.39708690227,129.928500884868,128.643063887455,129.495143598787,127.812563566752,127.895398743147,128.413277321424,NA,NA,NA,NA,NA,NA,NA,NA,NA,NA,NA,NA,NA,NA
NA,NA,NA,NA,NA,NA,NA,NA,NA,NA,NA,NA,NA,107.618970241572,110.070031050384,110.063079119092,113.449199884521,115.715799447911,117.238051252746,122.18147880846,124.688895133037,130.310182241439,135.846526519948,136.524823701845,137.581958572388,139.181181055208,138.719946310207,145.193274579589,142.411040645971,143.433452997369,145.246429972148,148.955198555878,146.826509464774,147.560568602966,147.369144807192,148.006617790838,146.043591290927,146.031698895676,144.976281954163,149.46611203618,149.442310932403,149.222880108724,151.91245483977,150.887445591613,151.261856698416,144.388811109196,138.655981651722,135.075089877698,132.790153261868,134.262065250474,133.019400039503,133.248398565287,130.683355834503,130.455840797517,127.92558464559,130.112513822836,130.846411410394,132.896413349801,133.720097705251,131.596495900626,128.893237120291,127.570598959537,130.899211893249,133.87329853237,135.055791990438,137.807856390209,141.496516567849,138.420898315171,135.46694898233,135.67822566362,135.706113868815,133.949262371439,132.588181100911,130.089445477686,131.767283876621,132.223745851473,NA,NA,NA,NA,NA,NA,NA,NA,NA,NA,NA,NA,NA
NA,NA,NA,NA,NA,NA,NA,NA,NA,NA,NA,NA,105.997431883778,110.586520501195,109.564743295931,112.269994412969,115.207275730646,118.868074271874,118.705321218296,123.783522437804,125.283465488348,129.340528354966,136.066086661169,136.896508150048,138.895348901139,143.605020258244,145.397151589372,149.468179764267,151.148217249728,148.371449391972,150.910692527216,150.564372246773,149.622958332856,148.914050023478,149.469018952597,150.848474306559,151.773005135931,151.335857465495,149.963881705448,151.818594307572,152.71998857273,148.996084948649,150.788817906997,147.008291482571,146.152344571209,144.19790884451,141.107485950239,136.616223447419,133.171950423507,133.861856899121,132.907051229072,131.383438474911,129.993510549498,129.359249174188,127.846912891705,127.88239512284,127.581818819163,129.892257066971,130.729400768133,130.332386111149,128.423329839933,127.627333267403,129.513245852444,132.803731673606,135.76531529009,142.329740620989,146.248540721083,142.912976427777,139.597224017833,142.534865374437,138.647636391483,136.065798053966,135.771299019822,133.562447169181,132.329577309288,131.789994953305,129.184024281495,NA,NA,NA,NA,NA,NA,NA,NA,NA,NA,NA,NA
NA,NA,NA,NA,NA,NA,NA,NA,NA,NA,NA,108.173086050982,110.092936813108,110.622010883688,113.502076287644,113.706639025617,118.492037427991,117.803369136967,121.820919983912,127.978624302627,130.712792021564,133.77821914408,139.368694470263,141.697228260212,144.240779847991,146.446044315475,150.021604784197,151.950086570114,154.54622641253,154.828442531117,155.172774667994,153.976078900777,151.182293531968,151.450236719071,150.523092142703,150.706582841959,149.465869270503,153.471255450447,150.252326221006,151.339539830269,148.91724136574,149.014770549908,147.720772070852,149.926210133052,144.824740008789,141.075748311883,137.348909264899,136.714793987546,132.838642568193,131.088097110294,130.208583355414,127.922996629609,127.075452604843,128.214838827345,127.988541692137,127.747656070709,129.708223829783,127.840810755195,127.864815069536,129.141487100813,130.899934093864,133.257781813969,134.808862781294,135.135576041436,139.542108485132,141.72177047514,142.854342477917,141.022580343061,140.731219347663,137.52015289063,138.532971477725,135.698636694658,138.992661194849,136.089518337182,136.310388604015,133.914209298501,131.583259688425,131.113518704396,NA,NA,NA,NA,NA,NA,NA,NA,NA,NA,NA
NA,NA,NA,NA,NA,NA,NA,NA,NA,NA,NA,109.913796770491,113.459332074047,112.529585613037,116.321112782865,117.21366095928,121.176716008647,120.292391066749,126.902359739277,133.62241125164,135.768213311023,139.317041343746,144.565339584337,145.538566324441,147.09382952078,151.593140126852,153.572490456797,157.09081863547,156.584801536632,156.989681689139,158.204202465444,157.559848094732,156.479216792509,153.364695338286,152.798107886308,151.890130901745,150.125236663512,148.709941772848,152.505194859038,150.662447866425,151.249548735359,150.948593625134,148.34023408524,145.881566507098,146.734547178922,141.255884662881,136.38107404736,132.888625827979,133.456406900605,133.695668847482,130.792798632144,131.601066120005,130.437541620479,130.871073182276,133.72270249808,132.203097067367,133.03112517941,129.659708572832,131.750740139524,134.498732176454,135.644770340498,136.123373322269,136.738794213823,140.848555530004,142.617917838168,145.026892260396,145.055021040471,147.661452013479,143.132403118459,140.353313723729,139.347543981542,141.48891015094,143.326865031468,144.433225375311,137.448590821509,134.487449046267,133.00057846716,133.329971396503,NA,NA,NA,NA,NA,NA,NA,NA,NA,NA,NA
NA,NA,NA,NA,NA,NA,NA,NA,NA,NA,108.278699429976,112.215417790161,114.820886133586,115.254315839191,118.691407189002,118.659468973272,123.504869999273,124.651421492037,131.394259311624,136.266059548309,139.133799356879,144.53977793621,147.345708113412,149.94313149597,148.035755946427,153.658597843655,154.439657350208,154.490287136926,154.938680327133,159.269453622892,160.608652687666,160.561392740445,160.692265313987,159.593740252933,159.687292266648,154.949752778491,152.59735249608,152.208620517432,151.112677135951,152.386319617927,152.227393671584,150.228636867511,146.668364432164,148.21334690555,145.2134097322,142.31843080415,136.577326942133,132.170390908285,132.179767086067,131.984921588727,131.266252136937,134.264670121959,132.240725021987,134.095486821034,136.209923741334,135.713265854093,136.823010377618,132.838389552633,134.969096131604,139.564507631253,140.824729548677,143.615077908882,142.213652973497,144.082055740308,143.82666175275,145.508256419177,147.347251380631,145.524322429398,142.178991520642,142.376495704757,142.903516841434,141.22351438069,145.931553530263,144.297569948294,144.18051772535,141.514648373545,134.803302033764,133.091682664392,125.431378519613,NA,NA,NA,NA,NA,NA,NA,NA,NA,NA
NA,NA,NA,NA,NA,NA,NA,NA,NA,106.760279992016,112.442194429942,114.558808616161,116.518377786364,117.160147158566,118.453217067657,120.229848928185,123.518961851796,127.595358533312,132.640818822076,138.725289502696,139.130543519206,145.149377770929,146.147046119385,147.531719741663,149.58005781449,155.556806188611,154.001636585047,156.221038326642,155.977351529281,160.197086515116,161.202500176508,161.46067640244,161.283583808211,160.761641688304,157.27723561871,154.401094015198,153.808446353023,154.460135764343,154.454001317953,152.604604544268,149.320736591621,148.187162537474,145.667316261308,147.122787143621,140.79735673047,137.296977048773,135.527997557688,133.744639535191,134.503918529978,134.594951943852,136.183829674906,138.140910149062,138.275899549255,137.458482713358,136.040316587792,136.848831032058,135.142169052403,137.880367052535,138.05485082823,139.578091780387,141.610224993805,142.656066425146,142.272501816451,144.048661101703,147.611033107105,145.881108453496,146.863762398041,148.710070196888,151.294002452416,152.149276474082,147.597672577869,148.166525464328,151.86204639339,146.980793191199,142.90722668892,141.640610365213,134.505562782547,126.294543216149,121.824246798285,122.436772054002,NA,NA,NA,NA,NA,NA,NA,NA,NA
NA,NA,NA,NA,NA,NA,NA,NA,105.881191197558,108.388821810931,112.747876924195,112.358637467605,114.460231175266,118.503115857105,116.648015037779,121.685275824509,125.354728830182,131.165420149108,131.642348881017,134.216092156087,139.104916284657,142.709473444848,146.987972395586,151.273179445524,155.469931228982,153.737288896453,155.156388506546,156.137543734719,155.360827093745,160.368595709369,160.502676271612,157.826348633428,157.59722852806,153.750928208802,151.029261550317,149.768598646671,150.613472366325,149.697393934912,154.299114209081,153.20911557509,151.72254338096,147.610455025952,144.981227064396,144.512487943895,143.455184426548,137.375620551874,134.57093736389,134.107968591929,133.481087176339,136.601346320522,136.963402468942,138.553992495428,137.59107683379,140.418592455638,139.015416801437,137.071215657205,136.750545209597,143.988400036583,143.094545125697,140.311739433749,140.11837278105,139.067519388644,136.473416546927,140.440211948984,143.932671060769,144.888186603719,146.731106307032,149.332021388647,156.891503973067,159.695932523748,159.798479914999,157.920136596662,154.463349538756,150.129066144536,144.511985842475,137.500953221839,131.491611458808,125.478743018553,121.944174592305,119.406970361608,119.678776048735,NA,NA,NA,NA,NA,NA,NA,NA
NA,NA,NA,NA,NA,NA,NA,NA,103.269652726749,106.915457118004,109.468741537885,110.639210424898,113.055471301578,114.287096453712,118.988327740389,123.03411464782,125.771197076028,130.964891913975,131.469678597381,137.179621555442,140.801206103393,142.982052636798,151.541235528078,151.323619387789,155.283707691692,155.598735246028,156.009494358156,157.184519766178,153.544925861551,155.948577910117,155.678916221071,156.279961107017,155.527068342525,153.518978510255,152.634684204057,151.394134188202,152.553704963861,150.497030384281,149.268056221396,153.189446495079,146.822460115855,149.163753924053,147.32677805515,145.721441460254,142.189605567249,139.786601003672,135.757285481096,132.180149358316,135.629644366708,137.660028271523,139.780755613857,140.916570602508,141.103188176587,141.167584874508,142.524533221565,142.243407556162,137.049466899477,141.846765445574,142.74404636041,144.717670763822,140.341666526962,141.923687451425,141.453984499066,142.807596451452,145.037659221291,145.941757842472,150.08615465626,153.853421045332,155.606506809611,160.409625899617,160.871916759853,159.245541501458,157.087071479849,150.8849191913,146.196896600753,143.060233191717,139.042390668645,130.978795178947,126.199755651916,122.942806811421,120.797190817339,NA,NA,NA,NA,NA,NA,NA,NA
NA,NA,NA,NA,NA,NA,NA,99.7492642482935,102.294710978301,102.821487177798,105.965746165292,108.754835329247,111.519435279805,113.838227673976,116.498051687985,122.6108586209,124.732090362161,133.135262523387,135.00464545275,140.805388202325,140.093582309399,146.553086185807,151.977423507129,154.366169358985,158.868496671028,158.51558790018,159.5920274293,156.98534668598,156.622169603685,154.009656765476,158.289800448734,159.469775593126,157.342899940832,155.119033127798,153.98299357357,153.652973827258,152.928864159812,151.132137670941,155.052778585829,151.604913366189,148.3954530441,149.09195104389,146.988518149289,144.843226916989,141.429721643114,139.170958362087,135.778097108077,136.397332863055,138.652797162994,140.099405977238,141.820949725626,142.497931831525,142.863673413858,143.919975349684,144.904099458471,143.248649869901,142.902301110387,143.755343112899,140.380690130258,140.995105552331,141.567470036527,143.057543734489,145.277139682979,146.915395857129,148.858661281848,149.380554713055,152.321420611709,154.096399380784,158.039467913648,159.017844554417,163.355250955973,161.524680324117,153.602728674083,149.812963761045,146.30095217098,144.787771490553,138.485154674101,135.261040232081,126.288457904968,124.157541494677,120.087820753568,116.712342860148,NA,NA,NA,NA,NA,NA,NA
NA,NA,NA,NA,NA,NA,99.5475142679751,101.504766035828,102.569036331539,102.293047429471,104.10645219098,107.405479774265,111.53249216515,112.10153584484,115.99149791856,119.088361076704,126.491518259705,134.641466021486,139.273524663724,139.867621001859,145.458332538852,149.533432401197,152.532855517936,156.525279875631,156.17869010675,160.027340246748,162.352280731031,158.883932850278,157.603878908727,157.510141759943,157.213180562064,156.575408420134,159.19593026013,156.890553648488,156.308649818863,153.52356740873,151.299424879466,150.394949630753,155.411647575573,152.990554387835,153.512699613641,145.488133899079,146.347929410146,143.907743728705,142.014718474301,141.349439760133,140.392416818375,139.146445813999,141.500495175457,144.080825564851,143.206761178986,143.587143772473,144.334578637775,142.795146091276,142.298480096706,143.026310374281,142.788270015616,140.262333072809,139.42271094119,143.448306795874,142.655410014729,142.70661580829,144.15056460901,146.568033429283,149.623556383114,147.029980547928,152.513168436177,153.202749204658,158.014906686528,160.976330837485,162.331012677491,162.401216465632,155.662820026269,150.362910297182,148.732277459811,145.380062567805,144.332579525984,137.229241093262,131.40664244457,125.146011302324,123.867696475164,121.042551233563,117.05759282981,NA,NA,NA,NA,NA,NA
NA,NA,NA,NA,NA,NA,101.552253875059,101.931896736927,102.012612393373,104.747994333736,105.336070683361,106.57723160133,109.148239314636,112.114695259732,116.047014647151,120.335284161355,128.209743222409,136.571788061608,138.752886211974,141.497376059167,147.596064500723,150.554423019567,151.370115361965,152.656828286249,159.542444291864,164.839455009945,165.2568338642,162.51977701558,160.854364154334,158.498630605809,156.532957950559,155.633718944629,158.094266054501,158.832931388119,154.345113389798,154.712896772604,154.13545862396,150.844640874873,149.591322515681,152.307633232274,151.123581870503,147.004169468971,143.801758756306,144.478084034468,143.193988874086,139.424290488988,139.144556206428,140.767201927978,142.433562917648,144.825976133959,144.771533736136,145.366581004283,143.930301799598,141.967427207039,141.803083322365,143.251030803459,143.41862751445,139.199912887784,141.091434392155,140.615549250635,140.397299729362,137.758001226875,144.263172235614,142.681089306093,148.490409670181,150.582378539719,152.776896863249,153.625294274986,156.530327851326,156.313303396462,154.415820626065,153.712059659961,151.427501774656,145.665821754372,143.900904167826,143.690707800231,138.546377247536,131.36656881833,129.487612294599,128.693133857865,127.170451741723,123.843107238495,122.470352560474,NA,NA,NA,NA,NA,NA
NA,NA,NA,NA,NA,97.0279435291986,100.474000887396,100.259375195381,103.223862421764,105.346248816552,106.936576167473,106.955454871097,112.72196428043,114.637301559867,118.606196149239,124.6223012591,130.76618467361,139.292091686665,142.112936676305,144.197269123218,150.74762766171,152.286876179559,152.045157937571,158.92544794121,161.279699763734,164.223939956081,163.397381941505,163.162944290729,163.006719226667,157.836822437396,156.325178820535,156.327170976768,157.136818713354,156.674987574813,154.523373679758,154.197554221987,153.65304223462,154.074579832702,154.401333461906,153.952552843767,152.421138461399,147.709883084571,143.583780110686,143.960347115335,142.331042446322,140.286857611286,141.083393573602,142.663189997899,144.73981176497,146.428345689767,145.715054397497,145.567274987646,145.10528603266,141.676472822374,139.205027963481,139.310904602939,139.843263869481,137.98208125661,135.138175121825,136.131550844237,138.484269591002,141.815049635248,144.222219039063,144.078537791686,146.383355440998,148.401854735202,150.677705816095,152.741110030634,155.275090862599,152.970675353693,153.460324081015,151.313818207249,148.080627961503,143.14527891924,140.36441149086,139.401783916496,137.915542709148,134.868109575588,131.004282476257,131.866741043368,127.512855301984,122.661107112738,120.587548524113,117.669294273731,NA,NA,NA,NA,NA
NA,NA,NA,NA,NA,98.6902569543479,99.3257142597719,99.1942746520009,103.549188931097,106.261787104527,111.486077865306,111.923641816131,116.351644025623,121.007562143385,123.829224719032,125.039926549675,130.760276069296,136.810363884989,141.086722017024,145.310567523498,153.817385173045,155.881235991154,157.496881177325,161.162854736585,164.641239235301,165.061976886919,164.297122004802,163.935248574415,161.218579605494,161.660032818101,157.884819668249,155.077350966951,154.223789091963,153.56569448907,151.900094370591,152.764208319284,154.494540704251,154.169290238069,153.039076977198,152.947758346858,152.49910851666,152.580952331642,148.604877061158,147.439866713929,144.500637662646,145.043018633492,145.736260047741,146.962357329235,149.887366224861,149.928299726507,146.075701161393,142.426806554554,140.716382670331,140.313003547284,139.888211581765,138.921723729314,136.457326641216,134.379985650897,134.580896552861,137.550598730191,139.858501302388,139.216936956694,140.586986813081,144.962002285059,142.896831476939,147.041449329996,146.62149013358,147.620162412315,148.599943632102,149.561980063837,148.339966691799,148.395877794216,147.292581735559,141.691666988164,137.183564886758,133.830379677063,132.148346618805,132.047421656833,131.438982677801,131.314243698381,130.643810442873,129.353675170035,125.073877769413,117.675506174693,NA,NA,NA,NA,NA
NA,NA,NA,NA,97.4386153093735,98.9080353365075,100.481857957906,101.746779199215,103.80284239983,106.991625224396,111.852565352982,117.383605258581,119.175240569062,120.465484323669,124.531737942611,127.947048449126,129.947727034215,137.752579104278,140.855687001994,149.167933377567,155.565413821666,157.276041699836,158.281006924282,163.798185772438,163.803340709538,165.449344431403,165.562504246346,164.131703669125,161.926885281415,161.037908996738,156.538223655761,153.536431031571,150.729874847604,149.185217729836,149.854998646615,155.208051720759,153.934989109541,153.737230272525,149.327982471696,148.894095908096,151.476370072157,149.248370390868,145.9089910427,147.772195351077,144.346081617852,142.729819639125,143.751172104296,147.551084747456,151.501045918099,148.764447528274,146.720784664566,141.304110417832,138.836693032935,137.659519345941,136.681377030456,135.551995241857,131.926278687458,132.502356284099,133.139230842447,133.653720811027,134.276789535654,134.889485160937,133.474482410207,134.92968162524,137.308486021394,139.686551314829,138.699972216956,139.009814406576,143.026061468771,141.543109164302,141.514072856127,143.711009317697,139.844685783954,138.521359841437,136.109980060705,133.630638368397,135.137177922199,135.706057622588,134.693019866699,133.683753574033,132.503398136061,133.05233980261,129.53946724548,125.743809294253,122.914366064703,NA,NA,NA,NA
NA,NA,NA,NA,97.1699012620394,99.3520525547202,101.992815676605,102.25211734109,106.331754861751,111.366277030036,116.672486391652,118.698317352188,120.866174050929,122.577754587902,125.659982864897,129.461686801049,131.55895700829,138.766423806536,144.819191852325,150.104607994288,153.677126178263,160.297672111053,161.03936428625,162.924420640197,160.972922072934,163.629815991682,165.1930615718,162.682002103378,163.124871498503,160.505223153076,155.196912305865,150.511257130566,150.995218916084,149.263588928334,151.466834713619,150.569963284337,152.778952575504,149.266651469868,148.732646861957,148.251321521908,148.723854184539,148.782770006814,148.493521325029,146.162756830164,141.930239922474,142.472890476121,145.724295164534,149.57508735289,148.759819332443,146.220232849719,144.846965240662,141.255354013824,137.992017446029,133.72547460614,133.980822667598,130.366672826129,131.347786054779,131.579917204988,130.28501608885,127.441014854477,127.13535471186,128.468551283804,126.542538481958,129.242861885781,130.900990650128,125.383335458096,130.413467347255,129.423314432874,131.260447888025,134.510611866588,132.652779555287,135.645611436928,135.865860433342,136.602348733929,136.933883962693,140.041604679416,137.315074357299,137.050880848063,139.893545459687,143.119592374837,144.037380239025,143.123582011469,138.216096252069,133.853847858605,129.327575488008,NA,NA,NA,NA
NA,NA,NA,NA,98.5467119045095,101.236680970126,104.367450495119,105.393754683183,106.855032459501,115.431139211771,118.581799698031,119.92328060176,121.481189119816,124.723407080769,124.962076610804,128.441693588069,135.189900396134,142.911640710628,145.006284875019,151.716803813315,155.157501739011,158.918542004975,160.978977309727,162.964227921463,160.948697995989,165.246619321897,165.343843260334,161.113721086459,164.961972331734,160.219468036735,155.151550219857,151.34275673466,150.830748333771,150.893452306663,152.682798935972,151.790229041948,151.568959775357,148.030875267991,147.001321689915,149.779177162163,150.561238305038,149.930753777503,148.729470621257,148.005755490054,143.432793684074,142.498875252147,143.622761990642,147.310330344556,143.198447451991,138.981683369733,135.264433374329,133.62130199118,131.07823108539,129.609980193881,126.706717203821,125.886253024302,125.481737472821,124.61246351112,120.928121424256,118.563710254265,118.353925312562,118.934347151686,121.836934324806,125.001261651529,125.112569698235,124.721118200626,125.50321251942,125.353379208811,128.446194145257,128.281871248078,133.984262029383,136.0206365919,137.818608983608,139.093074820004,139.933377628428,141.185370627233,142.79426354829,144.391877487039,144.737243532961,148.456172080113,146.737355520266,146.69878945272,144.556726504356,139.678950178086,135.342912741818,NA,NA,NA,NA
NA,NA,NA,94.0093909998312,99.1467727501578,99.9378625448422,103.914328504638,104.905297342891,110.516265140123,115.059502780466,119.39609888203,122.378462006276,122.271546161166,125.756144807169,124.332260212089,128.603482027238,133.873326010224,141.76655405712,145.546583336721,151.8958170865,152.668895442053,159.828423910568,159.833994099787,163.279197816806,163.911043125115,164.311745110204,163.733120266569,164.355738050597,162.914639307654,158.965462863146,151.950352459091,149.277198893089,149.170645377427,152.111287189289,151.592029711985,148.416654297259,148.506932160295,145.868980580853,147.550877458789,150.406531548325,150.793436208402,149.051402374767,146.96162275721,147.495535779953,142.18079240759,139.400073030981,140.893590790016,140.825903881794,137.807100881429,132.220068516156,129.186084335211,125.98344464861,123.224303601296,123.705297244384,120.752012769429,118.330669187228,119.012233844273,118.513136706568,116.778275303151,112.706102648221,111.608391005272,112.641437937494,116.424656686358,121.308836102765,122.445086905505,124.45266190222,125.984736807116,127.193457446999,129.389880117023,130.223442940972,134.064977717054,138.075977427918,141.128043068122,143.448348793092,146.010210924066,144.974018671629,147.005709509646,144.539582266731,143.924859894523,149.014760120596,149.273429661819,147.008489605888,145.625902633236,142.420375202755,140.159055203383,134.250221043872,NA,NA,NA
NA,NA,NA,95.5977753606871,98.9687904397204,102.84475557105,105.716365611563,107.105905114312,113.158739817899,117.565224117792,122.041538904566,123.187177780141,123.780399422434,123.354395148818,126.171100643151,129.573740722217,134.11193374983,140.120611035352,145.14150233322,151.301633838494,154.607696124891,157.348684148938,161.289583949717,161.448911138296,160.905287705754,164.166558045948,166.695320276554,165.854081073927,160.316248467538,155.268602932812,148.838862242886,149.12041362333,148.411287924587,151.234571858209,148.455847789375,145.393234596019,144.934632113005,147.437624497932,148.752507783133,151.088200559575,149.270235417036,150.156193696394,147.387177770051,146.374680359655,143.413313171971,140.496944815078,138.490630189795,134.028066177518,133.156852726573,126.52554909458,122.298616086683,119.314344119925,116.445564791185,117.340177666855,117.16075835203,114.439691585262,114.943071285156,110.574873221716,108.368178264688,109.014249230526,109.157753581974,113.306131125331,116.712396730577,117.954259131316,121.478161778532,122.928481136219,126.298074005192,128.021490218318,130.979872145079,133.218906484268,138.703609799369,142.80459043398,145.161973708319,145.342862578979,147.254692659434,145.836636399783,146.588777046484,145.29711490693,146.491937898687,146.292956721858,151.504508602723,150.613732635599,146.546501888612,143.174448921537,138.893279749535,133.299829021949,NA,NA,NA
NA,NA,93.9286542157594,97.4599421868498,101.651418182095,104.516621217212,107.201804779683,112.067759668294,115.908529225155,119.599161267934,122.174909725065,123.17560582783,122.613661036515,123.849874797826,126.83916367002,129.477279863784,134.723982937969,139.668493197305,147.07035679395,152.068749878192,152.165867389076,159.297605834228,158.962790944714,157.152155263577,159.991992263243,161.939165660962,164.103428310652,162.934004648676,158.354776981291,150.822416596417,145.297795493222,144.510267724802,146.861466055981,146.245810659032,144.797051860559,142.629709669539,144.486231854413,145.90154183327,145.901247284596,147.742210508987,148.13170484705,148.180376950838,146.704451264214,144.559079470057,141.939535585933,134.535322911059,134.344707661383,133.967660583584,131.554175477635,123.98393273151,117.253815054365,113.715579503048,111.593084248877,110.113507627156,107.537318171132,107.446120223185,105.445675649261,105.612560013455,108.606100984464,107.621048910773,109.308983126952,114.779222907774,118.810849079978,120.515337921314,122.909424178335,126.96444548215,128.6085829568,130.158188636961,132.814066122145,137.428581551725,142.823889030409,148.357430914598,150.099302208112,152.068800525467,150.618085747382,148.271822203684,148.675710641985,150.393462040922,150.032481462769,148.214287297926,149.22297455406,148.775657344769,148.804994859071,144.671845460256,143.5864919705,138.023535320332,134.406607523033,NA,NA
NA,NA,95.9489711325964,99.4457945150721,104.101862901541,107.544090121593,110.639132754711,114.507995489194,117.272877869053,120.829353085696,122.841096981017,124.370791081584,124.14773185515,122.884275745009,126.412827869094,133.572719042066,136.579610464592,143.538868889155,148.012132342452,150.708449673699,152.313860039802,155.69586358059,155.846005755652,154.11437825026,158.978016582227,156.65045256168,160.067561346743,157.793775676293,154.495439168583,149.535808229558,143.639549450599,144.044006039166,143.400257520584,141.863864120077,144.864417735582,145.284341550668,144.799880913318,145.906645020947,146.526832241216,144.611648016974,144.471105860121,143.129538161424,141.945549696,143.177571319068,141.079426278053,137.222911455894,131.945044425331,127.240890628692,122.630944774358,116.231546654918,111.133349306388,106.688192798892,108.801452754579,106.819000090726,103.207788550838,100.783542479258,106.448621871285,109.464446390502,111.761376204451,110.220823080293,114.275400125281,117.055789697813,118.309237490626,124.270966513811,129.309676218371,131.611805603545,134.284869215827,138.134023590039,137.957585327766,140.747493911392,141.760666716642,144.657860918561,150.495730858268,149.634632393691,150.445262131228,146.282742939637,144.824563306191,145.311913750051,146.109092132941,147.994942100269,148.755478482475,148.757125182756,148.30168849196,147.499511876146,145.134044145195,139.94726196894,135.765505150751,NA,NA
NA,NA,96.549291830979,102.372691264726,105.109934510138,107.220196097197,110.652094294722,114.398237270683,119.435486597349,122.838028610945,123.700621383663,125.319024791133,125.736480493769,127.517393348104,129.464685739018,135.125027841827,141.924701571944,145.440221344142,151.414065622331,153.331275073792,156.197750602609,154.760479286869,154.214883446252,151.932849281316,154.327636559335,154.747526988395,157.419261918938,157.514623046873,151.689325759699,146.025879886756,138.791541633133,139.272463951491,141.482817865403,140.548395218103,140.001299340179,140.870098845415,144.057532841664,145.469838519747,143.78925885158,140.129098033018,138.057730265476,140.369597140129,139.746555042114,142.941432522984,138.7949037997,132.739109702456,124.680246895089,116.678578004241,111.436505253243,109.812974890665,107.251591767961,106.25957025127,104.579097394019,101.513502237268,99.9317996865855,100.23312986595,103.93952105526,107.50451066476,110.247646127046,112.432555623298,117.147121386417,122.505847781307,123.723521297966,125.862846826644,130.862672700405,133.86320961086,138.028285495992,141.990204919352,140.718755829621,141.833003764413,143.482256852741,146.369306095632,147.005140721024,150.126997225188,148.533543372643,148.208829230022,146.804063158764,149.613440636279,149.652247258169,150.32352095343,153.613601284899,151.857555656922,152.652247155872,151.341987942184,147.647635279822,146.769867044531,137.346340762783,NA,NA
NA,NA,97.0666884144358,101.663606032933,105.866610637275,109.406247641446,111.327745607411,114.611804478812,118.617269024205,121.754132298637,123.267799455572,124.835643466575,125.580739797811,129.002255556668,130.935791170373,137.70858800024,141.905245216442,145.526416968937,152.530444014021,156.71391591741,155.654359130871,154.393199559065,154.991772379827,151.223956516096,152.823153498373,153.304415238042,153.366545149887,154.445935107694,149.841672292752,145.172506304437,137.709572506693,139.036448106596,135.867202176953,136.664575584209,137.459532018765,138.782257702092,141.482294692025,140.198879458085,136.97993870255,136.518109122818,134.162712711378,135.563886499916,131.82228774365,134.4319640785,129.063707941808,121.823913704126,113.86822629599,109.459639590231,104.454822184686,104.778794040831,100.9466327653,101.253248577031,100.307625105094,100.986195082585,101.538768580245,103.268966450558,105.846568430801,109.573313789543,110.280879618085,113.80900917603,117.628839323944,121.772296847475,123.509758326258,128.766660478385,131.669125571899,138.645258872008,138.696987740998,141.223508368099,141.688846706643,143.805052734209,145.958163790372,146.978458913571,148.089732953463,151.577309403055,150.919904308577,150.840549950111,150.616810867321,148.99638046931,149.030093897842,149.346920022384,153.22295943728,154.533862557564,152.933731957778,151.265905354798,149.537132675446,147.173100840313,141.116049359254,NA,NA
NA,94.9198107370969,96.9247181900371,102.451791282501,102.980480643061,107.228300450266,111.975215107192,116.016322702106,121.168701783048,121.944189697149,123.134322414875,123.757708241338,125.733363276636,125.931354084767,131.829549120345,139.429807013136,142.725562628026,145.518043715481,148.199849956933,154.292171695259,152.323981660551,153.382591337735,152.066334933396,151.096133526593,150.588092755977,148.456297156368,150.76820256573,149.138108898869,147.319688078413,144.536179658394,139.051795047879,139.323256585619,133.95858395631,129.825705135388,133.782724772044,135.547692323832,131.246834578162,130.562921437248,133.110698345576,132.457068605362,131.38178026587,127.621466567317,130.608959763127,128.159994618301,119.615549471199,113.426941884936,109.473133177559,105.080317460822,102.867617087306,102.49120291814,100.60789149247,98.5083238655922,101.513299253899,102.839329562958,101.811903126259,103.09085701839,104.989795515134,107.78551621367,109.927967081408,112.072423265815,118.506716853812,123.582435016809,127.654085598522,131.071095579855,136.161473824562,137.742821578559,141.824304350018,143.084470132063,144.322691096895,149.17216374746,151.181485419051,154.429330938226,154.069189277005,155.718049806803,158.723429925967,156.94666516114,155.00924287357,154.445208949208,155.579451156938,151.634917202282,152.37962883313,153.488537832645,152.624438150955,151.218545888411,149.371439205152,145.833061154339,142.323267386942,135.576969845513,NA
NA,93.9229321082785,97.0005502594878,103.091531622789,106.096312183977,108.281566484515,112.803954431081,117.544005322088,122.078057613056,123.188477284589,125.020347175354,124.917776440305,124.66875320985,125.988387397532,131.522632895078,140.162357448542,143.838057781147,145.408767317539,148.73377559314,150.614467896687,150.901430191447,153.434743315297,151.566401233786,148.778806659217,147.116480726411,148.788064906605,149.194041432486,149.097832075862,145.568678220346,142.663620973052,136.484456294953,136.127902022636,131.00077989103,130.498135127873,127.683247984012,131.548623667556,128.765400147115,131.341009727525,129.90534313653,129.398402591082,126.718550026235,128.999905766801,124.964051007562,119.041526396848,110.973955375505,103.123407017223,103.409766619033,102.930773808224,104.051951849719,103.535878305789,100.769630278797,100.176354804864,101.187698036307,101.231973612919,100.619002180926,102.520864931048,106.222916614554,107.579682622328,110.654591845996,116.905458581743,116.824254530554,122.556805636933,127.55776057753,128.255988263738,136.246673650436,138.403222309017,141.454603660088,145.860575236492,147.836659400083,149.091741327536,153.215490072928,155.506268241177,161.097944799505,163.833899294513,164.461153780786,160.740323103005,162.934487229982,159.409808570362,160.121895569167,159.590400170315,159.277516851251,156.522307543241,157.595122196396,155.849896226176,150.296373215802,147.38237760015,143.539941966772,140.971160900839,NA
NA,96.6089295207256,99.2494450119754,102.196623961168,106.055572866223,108.692081480079,111.855912932709,116.862409699134,121.023939092991,122.304340007484,123.138840748063,124.371659485285,122.692523444347,126.115972635545,133.307798897363,136.214463413474,141.808096345158,147.447335557589,150.604131457283,145.904932779631,150.359232992947,153.015184843901,150.243879384613,148.796772985606,148.862818223874,148.015166800557,146.950140901747,144.630679498668,143.214023572938,141.500467291543,136.123733714725,135.352948427123,132.241845919868,131.824705017694,132.816560504864,129.217950673463,133.512377548653,127.907296032141,125.579189872397,123.322636626795,123.655903787299,120.570583497414,121.867885691586,112.048209767836,106.596841217745,108.434239909665,106.869709874146,104.261491022896,103.746625821233,100.222961576929,96.9764113866748,99.6625168018917,99.4882868794725,101.994376991939,101.865208795826,106.152188248528,107.943218684829,109.134523354657,113.298015731842,115.578714877168,118.878816009228,122.877854644484,125.736677868011,131.591106604832,138.307489999639,140.588718856282,141.660900560843,144.698411124408,145.655794820328,148.413422313669,151.017228948861,153.537617779819,158.542706141615,161.941015633067,165.158618597849,166.430162218723,167.849544362159,162.330302361204,162.85598766092,166.329839542853,164.279004344589,161.103017850699,158.654081947505,160.108152437902,156.443358735309,149.931446242389,146.543701855347,142.501698932362,NA
NA,95.5410557413807,99.3689759690535,104.222528100073,105.056279050226,110.005501936668,112.037617210084,114.460030504016,119.571644424158,121.40936944078,122.51325945065,123.979773378611,128.847337976886,130.861514612443,134.023791494103,138.017001492257,147.124597433203,149.044498610419,148.304478475587,148.857595469466,146.932661062594,146.694428479241,148.49588474212,147.941194201185,147.196740106262,146.563635781577,145.909665608027,143.627236337434,136.08222553526,136.106972625205,134.933012397655,136.387101258159,132.280931744948,131.161467987385,131.379066447194,128.891407963029,129.390857546195,125.748916655101,123.443087142954,120.348289653428,118.714192301299,123.867354240551,114.189556166148,112.418584388305,110.646562460048,109.949370854018,107.73143350411,101.971434181764,98.9307270218235,97.369466487643,98.2422678302323,97.3894224936097,99.2192978554123,101.421391470802,102.167512639734,106.180857259967,106.326096625962,109.663400439959,114.55259101848,116.713871508589,122.033740676158,124.636549149047,128.897236366534,132.390124219363,135.945483237435,139.495278899702,142.852005902651,144.855889969539,146.407397332257,148.622997291834,152.211585854232,153.83424016813,160.088116693105,162.15034389889,165.825984788676,167.927570919532,165.182199114257,163.81259916647,162.973810038784,167.549119461328,167.149303552457,160.986477515708,160.868253691654,156.915581015536,153.795171588706,148.976966262366,147.456580138415,144.257592370286,NA
NA,98.7048160477981,101.566148307644,105.62556706139,107.395712489124,114.313187657658,115.31890759549,117.033358288793,120.359239823138,120.561582397158,120.829729333156,125.041096447018,130.682454954753,130.611568164361,134.276365409504,139.415008173485,146.526723461951,149.617068359712,147.026948132597,148.541993846407,144.645495896224,146.929829600615,146.934724316233,147.423075691916,147.295935254996,143.991919385573,141.769119203869,141.011584244034,139.342932442033,137.834744506637,137.041254227544,134.048596472143,130.950164483753,129.278526123879,129.692887249233,127.934879002446,126.563029656232,121.201711415812,118.597307954094,118.48239974659,115.509794500043,114.183588435242,116.386725854109,117.333382892233,114.953919212607,109.894589150967,109.718318434734,103.874548594158,100.808625837754,96.020920887006,96.2772461505356,98.7486577415023,98.7736892338222,101.241382198772,102.601865281284,104.968519718774,107.997077053116,115.384122685298,118.383545691543,122.979385039635,124.411457645792,126.262573241434,128.565170100794,134.38777947886,136.256463015928,140.079336148381,141.137120068568,144.562350943714,148.008564420927,148.262986078293,151.460948219087,154.529992961553,157.972985842411,165.305310887772,166.977085290413,167.804026698016,166.681825510459,164.123072372552,167.863755503468,168.584062952634,166.194865197277,163.252096000116,159.409975828643,157.406867743117,152.810145147716,150.998557494637,150.612809493895,149.413703575278,NA
NA,99.5537677666308,104.039098294384,106.667220160418,110.270513934998,113.450590125298,114.748786126302,116.145781897235,120.573152607752,121.440562705059,123.666589943599,126.853991163254,132.648393363164,135.595106420925,137.804830605164,141.852048695618,144.902408415183,151.511487760009,146.401042329019,147.246882480444,147.722378562745,145.28550541049,144.108946842731,143.983614906571,148.26453975927,147.045784717349,142.369241194769,143.08269633075,140.983084243377,140.522569501938,140.302659263268,136.280125921119,131.161089017381,126.055861278811,126.973905929157,126.698612318062,122.935601718376,117.681035155457,114.49260506644,115.574818462048,113.929996307764,117.14599822566,116.541630284941,118.432095604619,115.284746891871,110.923603073106,105.907123717012,99.5469254575953,99.3718581406819,98.2760143560222,95.3056364782357,96.9623619624986,102.201804343369,102.494833743801,106.95091341897,111.128984686333,112.524704090969,115.50942717514,121.322897984736,125.487148894616,127.840484120881,126.71442018124,130.852466538406,134.027012078159,138.984713706468,138.558806408127,140.089394251189,144.502656061836,147.060916175485,149.6562855705,153.433052204942,160.070940949938,161.359489961433,165.02559560311,167.530920736525,168.118107115275,169.202603919315,167.126501425965,169.259102993299,170.684372506001,167.922048965897,167.284547123017,164.130537174877,160.060529655655,157.322136583935,156.459094836994,157.407032232713,156.440874868982,NA
NA,100.08438308057,104.478374484794,107.845405119353,111.046487451165,114.534519895107,116.631374447008,118.947862869468,120.722266036917,122.47083935016,125.006978462475,131.150712111114,134.790518276561,138.544917513907,138.462839354781,143.671299088076,142.694484061785,148.184727736084,147.126308747734,146.829287885162,147.366007675003,149.339002039127,144.657639128179,143.620983692346,145.867873319911,146.159288946509,143.462619120039,144.960553864911,142.912083072282,142.42463555212,141.905424317568,136.327859319903,134.794101316284,129.325573274162,124.264553700005,124.923768923186,120.58497029824,111.154746423886,110.868950846836,112.507906256737,115.151730143127,115.670023275421,117.349137330481,116.659748663419,109.955609772523,104.933469814728,101.030729586992,99.4125842759092,99.5014101670376,96.9098595663859,97.1625321302809,98.9928624831249,103.262994516429,104.373099084463,108.574072842105,110.562364244355,115.198542273676,119.251455594065,119.166356996279,124.584085411423,128.760349423212,129.974231666664,132.36132385714,134.538175417352,135.040288975385,139.443011974545,141.806797816524,145.964524256393,148.565847805199,151.916694167061,154.598565103404,159.81535089717,159.301993765027,164.941961821563,168.048081443135,166.805632190452,168.197866047469,168.760910971818,169.076991475741,169.580917926641,169.779049372559,167.059758178757,166.412440082668,165.28766960886,160.626443034088,157.313080781929,159.156066870255,158.562289549051,NA
NA,103.121030179472,107.759004559031,111.364399870456,110.850256569116,116.700530930933,120.508605987961,121.102563030676,124.694988475421,127.881222471402,131.199226771785,139.57278565488,138.943271832919,142.446027602755,141.311060271082,143.965460909464,146.926041253175,150.926685726193,153.045503416485,151.754489457974,149.342104073287,152.951111384791,147.531059152321,145.961663802047,147.29733533929,147.828025046691,147.747038897096,142.960993238905,143.283242286815,141.855087040286,140.143071717458,140.829249860446,135.593798268304,129.339326470686,126.426820171092,123.016020765401,116.075642358134,111.988425259026,110.554943859215,111.529775105446,111.608175818299,113.917436602475,117.898554196564,112.099067846437,109.588983038849,107.61538375782,106.119754478132,106.121862401207,101.866862929808,99.1794699197475,100.38109897273,100.403151762086,105.488180181739,107.715426457627,109.782495362213,114.626538706516,119.48418223622,123.102363574849,121.963211054317,126.461651119688,128.009698205899,131.021617697893,132.444083078438,133.406090895849,132.851906332238,139.77931991078,142.311053943632,145.206067932568,150.082162078344,150.611669502028,157.665677486173,158.923211612252,158.526039388791,161.93900110897,165.826566815784,167.673610962792,169.283150678668,170.627373254925,171.610311235286,172.563435797402,172.042248795442,168.420508165314,167.454670553242,167.032003682198,165.404835369702,159.189413116686,161.903735665137,160.677350810662,NA
NA,106.128839825453,108.688998446601,112.186090066593,113.161057151048,115.623489112326,122.439330884217,125.426016628822,130.671027443692,132.564060488963,137.33052690082,141.322613666619,139.449016992435,144.680237436587,144.105225940942,150.269885704593,148.594469123903,157.31431459382,151.144729352229,150.453138532268,150.581820356957,150.657007661682,147.960972938269,148.41742593325,148.116848035902,147.914009685701,147.216170827038,142.382774283928,142.416193353438,142.302573573878,139.471901684981,137.376396752796,133.143704682611,129.056159899826,124.238152236886,121.243565062554,116.47727266233,113.202665167099,111.754559715579,111.090106008168,110.720675385564,115.410247080591,113.581403362631,113.226086587802,111.664147470794,109.234881450153,107.306688189097,103.785023500665,103.861995726544,102.422005900064,102.215709773985,104.000794960902,106.480549983018,108.896759695252,111.248515153627,117.860060712521,121.837276459775,124.699790588005,125.882158898768,126.092008304823,125.176645285174,129.14407051616,133.208342006001,132.553530606131,133.743009792123,139.537960414715,141.694258470449,147.727469362885,150.54689610917,153.922628482531,156.391413742163,159.693794553886,158.71111582059,163.468486659519,164.788686985311,171.618183534136,172.925037035289,172.652521709052,172.706606115515,171.176752974316,172.053738999666,172.262300337776,169.853437940319,170.322106994218,165.063695324251,161.579714757583,163.037541936711,161.691066408228,NA
102.199785333745,107.082562721141,111.320506421642,115.192271563421,116.293372206147,118.152013294565,120.416337230761,126.857357978893,132.8417401583,134.981083410281,139.823166091196,139.804440973775,140.364586382664,142.148862797005,148.983084148741,148.226382603214,151.182481115673,156.917794668584,155.071578596891,156.203462541121,155.385254856198,151.30132883785,145.924532177114,148.771987293278,147.157857020677,149.535337317562,147.964299065329,143.079077989385,142.872634758782,144.331258740057,137.379202932575,135.551189020647,133.591586208886,130.165701636863,123.307243591292,120.213616202386,114.584874049881,112.600898747068,115.024799545084,112.990118869502,111.806571852505,114.387427852046,114.023913352527,113.460562495993,112.025754901494,110.266235160302,109.149913204705,109.84346036286,109.624196257823,105.554411899473,106.945744316584,108.052191248222,107.413437432674,110.264443556255,117.279795383713,121.905881642574,127.15609257404,126.49225291802,127.277136999473,126.859522564182,128.306328680318,130.218887344351,134.692852031057,133.52704958773,134.894277845571,139.413769400551,139.574185646711,147.00295744194,152.234391231777,154.497469793863,157.457000256651,157.622286155944,159.43831461284,164.794252305448,167.364912634269,168.620140899725,173.081092453431,171.218972326411,172.542411174121,173.164342575377,172.99311079258,171.880769771133,169.232046744804,169.166444407284,165.832497000468,164.227150202484,160.622435041903,161.595622359489,156.705164418313
NA,109.607414177384,113.871581024161,115.908358044368,120.09925104766,119.507984405654,121.26028390641,130.322214077686,133.880162947912,135.455994000537,137.581887973332,140.450762483542,142.827702277532,146.11186690416,147.455961624911,149.026847444801,153.176537810196,158.567403821935,156.618409607493,160.278317670742,155.070135452226,153.353953972445,150.571872850974,148.735208191147,150.473846395051,149.017096961437,147.649286020998,145.209260904419,138.985958198921,143.459427280774,138.138813267584,136.331023191909,132.00308927266,128.936842961896,125.889214517176,120.628586427162,115.87418070734,115.457265405264,114.18084822944,115.75230241805,114.97981313089,116.539934412169,118.442614871833,116.292485503071,112.0683362717,113.649059262985,110.799005836001,111.022135891461,110.788813648264,107.742360230577,108.991705206183,110.209821286542,110.396616606821,113.47126887206,117.115692977235,125.343723473334,127.695768804027,127.356433019435,131.642088757609,130.331574811358,131.354818978684,134.635900365948,136.168652495599,135.108166374556,136.977498813057,138.4571613309,139.634722349757,146.066679081326,152.515388684827,155.694559710327,156.684757098848,156.965707290383,157.352430565312,162.501262284214,166.802254868498,169.451096656948,173.576588282836,175.92514872829,176.829343455502,175.159161010992,173.896189999701,172.54405404371,172.330030689638,169.477395852461,163.501040540633,163.078471244754,162.061668459399,159.88716036008,NA
NA,109.627988004472,115.013220420927,118.579081914551,117.722256339654,122.467339682266,127.816116026667,133.726890987066,138.396890988353,138.657394326997,139.97403696272,143.271366833836,143.755919089557,145.758622126344,148.478574077936,150.525482413304,154.076857542181,158.818332770971,157.036857721772,157.568435581198,154.948837040783,156.12463147411,152.579823943722,149.261645391664,149.473715543902,147.443970152439,147.721035146335,144.950866000178,142.214083148221,143.107533416479,139.100751775767,133.023875737877,133.998915483729,129.87240560047,124.730461431122,115.586237765503,118.164305716326,119.181047303363,116.638625099555,118.732263164565,118.994048898391,118.773360561283,119.512814425352,118.14616438347,116.483125197285,116.205186585548,113.267831267301,114.09258032477,113.184070649526,111.426939234766,110.169750818559,114.337016541058,116.46947243741,118.593142970983,122.371331951908,124.345514140231,128.008993333029,130.571392837083,133.755400759084,130.040611611089,132.369959383183,135.680327096802,136.054709082194,137.143457918188,138.511117571946,140.967240047301,143.725182882709,147.815531330685,152.290634200825,155.094516278035,158.997949944256,159.369715002151,163.6786309144,169.515943897172,167.311510583265,171.816181671792,177.224079054647,177.947315803925,178.699429842207,178.524679886,176.605100938152,173.464218270482,171.941290817777,171.879244242051,167.679510526008,167.321898988647,162.105869426279,158.247367173344,NA
NA,111.038344712042,115.26608728877,116.283731867099,120.353915561666,123.960272377915,128.021104513533,133.295700030525,138.058402788448,139.115239328276,142.958177816057,142.431848908869,146.851172340586,148.436805804216,149.709788445775,151.337255916444,156.792793490656,159.302839609868,156.481388796539,159.362425743835,160.234514215748,159.532973920698,153.169615410426,151.71402718547,150.32154560854,149.153689618122,146.453076691425,147.355477163331,143.858706023751,143.706072175262,141.641156302675,136.066055257194,133.681999202661,130.175982043999,125.827831637008,117.587391139836,117.952391888682,121.059014612518,119.436270582524,120.736310956493,121.603594204346,123.336597856448,124.537544587056,120.295580450161,118.51616881868,116.374130219435,114.44380677448,115.757621990076,117.165974049866,115.132091160847,116.04327257369,116.887217935623,119.417109471243,123.625760902859,125.901629968452,128.085978603833,129.809504514952,136.389450309208,137.183042669344,138.184026897586,136.367197486716,136.947086216278,138.879413351883,140.123030547517,144.234540749596,145.147942143767,148.736790416725,150.268750381257,154.359562060438,154.884115521943,158.736170635569,163.285477319215,166.978239636302,170.840276568707,169.40779420583,172.246165887241,176.366494885621,178.848008185293,179.25624244187,181.183789578682,178.67793070925,177.038100188272,175.170838812598,173.317835567236,170.773933283211,167.346024196629,163.761627255421,161.50293067728,NA
NA,114.603545515297,114.157657407051,117.872064400498,120.996811616458,128.676124988577,135.742490534354,139.210562668398,141.322628501199,136.016948330489,145.400680150342,143.128016790453,147.136694121483,151.941200533919,153.898161422517,155.513329052189,159.197889588296,161.684447531933,158.613698920888,158.562373286025,162.446056915708,160.756960549322,156.307970576267,154.568918450715,152.900733854402,152.012024798435,147.232394610275,149.796057266442,144.636641199729,143.143698314091,139.12880641748,137.578137696269,132.90703899013,131.099758131641,126.17870115198,122.569386835529,122.938945737232,122.269687024071,119.731489731379,122.867528374755,124.667881061526,126.947637242637,127.606100710497,125.549209906205,124.319837959571,121.406522580759,119.05179262825,119.977576819328,117.932445804754,121.918851327172,124.046490606131,125.992818773438,126.946584535154,128.702592273851,130.783923247121,135.278044130136,137.128687500721,141.941292497785,140.797401942126,143.376486271762,141.208036111197,140.807079472396,144.050617056258,146.352375128851,151.135229014366,152.136496986345,152.164013162064,153.213261649907,158.139759352746,158.25360973847,162.708444032248,165.770389908239,168.534116676676,171.088112366498,171.586412805602,173.269351735578,174.92678869964,179.485823676625,176.786672350464,179.661994842787,180.219006228121,176.035969143393,175.68585732525,175.262747780222,171.886722318963,170.518158708863,166.979044747232,164.708723698461,NA
NA,118.808715370306,117.690189632058,120.763145930072,122.359962374727,129.343188238118,136.710544195444,140.89251870619,140.415454307565,140.469458345317,142.859892604227,146.142229389692,148.846871800665,151.585888894732,155.499880557668,154.908732408788,157.420719248074,162.216145679946,161.426180783179,161.456923162728,163.317285318359,162.606259847233,158.960415855813,158.124631504322,154.52311395849,153.669468833844,151.050165272383,151.436303592305,147.730323439092,145.870377988066,141.410262802905,140.261441742807,136.046957843318,133.168109780179,128.477558979312,121.706662476934,126.869346299538,123.942147168821,123.214895448816,124.670829195184,127.046310399368,128.225752372886,129.105742983278,126.144013375996,126.000898796646,122.724001018485,120.078922874029,119.161792647648,119.714280769813,123.018955068634,127.380246855762,128.240883833038,128.931397893002,134.438134986455,136.989189136063,140.462863326556,140.916673672647,143.761859080709,145.138675940634,144.835395512462,144.098840472053,142.455735604511,147.949343381472,149.87743076617,151.926971410507,152.316574656457,153.552389664348,155.326730193258,161.41695178248,161.640116241564,160.676582130723,167.831547488936,168.491276851934,168.671433839607,170.042336054159,174.416482743401,174.370778578557,175.08741952325,171.897838342953,178.484155230022,175.19404271792,175.888307705152,176.636769982896,175.575578030143,175.639520835417,171.54298558347,168.183677005771,165.109493591756,NA
NA,119.113927694402,120.53684374232,127.868229677699,133.232233374559,132.812890831084,139.024563674298,141.472367827636,141.29281405397,142.577000164729,146.210884872628,145.362837511037,147.596424655845,149.016549737909,150.858413967821,156.287475815755,157.492701557692,162.190242389238,162.247306684116,161.888009097603,164.485068537575,163.487783454728,161.398595142988,159.011057988499,156.559687802576,154.734198793706,150.004888173178,151.091910500741,150.390619249921,146.599730368839,142.516467066967,140.762206148368,134.946707000076,131.786353622687,132.236655285091,128.655091814056,128.852550683106,128.543111024332,129.163477270547,129.401008734438,130.343785589541,131.147899485642,131.631278527508,128.582489838559,127.444823400243,124.695394809822,121.490602019215,123.331964969396,121.094749797284,123.560086096492,129.567099324004,130.584067419399,131.760492473749,137.070798358681,137.810644432464,140.414735469818,141.991327193833,143.898774683989,147.132837289635,146.067734769215,147.461789188644,146.427226379163,150.06933447595,152.121667376991,154.208856600979,151.946531507259,154.547613093501,158.70891785366,164.235258109046,162.951823684495,164.834988603814,167.930028770672,169.298328830912,168.355531805459,172.169375466589,172.179520370111,173.538945262378,174.564631267839,170.94965564041,175.937526207309,172.404268527844,175.082654363361,175.075320190119,174.705618213667,175.999745979957,173.815422042018,168.710627678049,167.471352968591,NA
NA,116.641028850855,119.905226946934,126.542642945444,130.032256197235,130.728082604216,135.258662215377,138.297191333835,140.16377425291,142.488670627329,146.121212243011,149.24704332163,149.757155517186,149.613364537341,149.509308170555,153.628136323534,156.26576853107,159.041374181334,160.605228148343,160.737145831121,161.485456490021,164.374632295619,162.215578555301,159.346679852632,156.332863021175,156.615078099059,155.085890577111,150.500906775979,150.239117621052,147.504467848278,145.701359955182,143.237286318512,137.054884645963,135.21249141832,133.997450617257,131.850223589085,133.358425692057,133.063109939033,132.978798912191,133.118913518268,134.255905862119,135.222344095318,134.242624722302,131.435547173193,131.292735437445,126.38642600217,126.605464062414,127.933687598145,126.763772717411,128.806715829865,131.248116400854,133.613388188788,137.91483735134,141.505732022786,143.217384185814,144.717467677512,143.182958981758,145.039501259419,148.447516689426,149.840200094517,152.048473718455,152.862449251461,154.926096471867,155.037685494026,155.503255065699,154.075188300907,158.071754006557,161.696052978594,165.251478310621,165.634634714836,164.676185747898,172.359187378581,172.010218331838,168.568353726067,171.555838824803,171.663257787339,174.799830606527,174.928813469148,175.000946839066,175.454294996274,177.031194733376,173.50511934635,175.438964656638,174.636722947567,173.485966864557,171.752058223883,169.763963737471,166.092216271226,NA
NA,115.898401634891,120.475654019443,124.200805579395,128.406791972893,129.545650553548,132.65608882744,134.884404376213,137.676867819677,143.267863372936,146.49559451815,145.939614880464,149.458986211938,148.532229697263,148.525525973638,151.087341817357,150.246455123771,154.906967212137,153.485839135575,155.075754808675,155.309685920196,164.004712368554,162.876357457279,161.839252191467,157.921563877097,156.520615073408,153.470654034941,151.063802355545,150.572941328997,149.330686512392,148.430536074312,145.553193409628,141.913997719164,141.531005255324,138.852225098316,138.0723957027,134.735859974474,134.517859386459,135.380820335083,137.442887797944,137.288633986173,135.430365180866,134.7271601436,134.175409328787,131.591812010507,131.14872616719,132.56480797797,133.41052680753,133.213351658004,135.295222246344,136.000841600497,139.465414335147,142.953383141753,141.7401897101,144.931711357401,147.368912291897,146.800698824712,149.843375779236,152.497737453817,154.201222169493,156.976903903455,158.973939832825,158.272230779262,157.945982889331,158.58316505911,159.67855190312,159.728510942161,164.793389806304,163.679952684774,161.655892010151,163.620180620068,171.329100494242,171.247288970131,170.933395607155,169.694504623817,170.584766235534,172.778455655548,174.659475979851,176.003985988654,173.851519621447,171.576938005784,172.375838251971,174.826998875932,172.9547514555,170.959199957319,170.235041008253,169.683346224226,166.363360946772,NA
NA,117.393837908545,120.14369488164,125.311310020494,125.484687910453,129.957598809278,134.567478281922,135.802819418954,136.2384546717,139.424455837684,141.820800668849,144.011786383484,147.228623920416,147.225478837208,150.447736747723,150.268832622375,150.073262379227,153.331424475466,151.38812367748,146.979493118364,151.257845591087,153.751954094321,157.275985131208,160.867767146599,159.725468812397,155.105540124018,154.976640891406,153.431609401572,149.944291982992,150.055768096646,149.216063441278,152.160845403585,148.751915085096,145.013034515568,142.78520796,140.009486545686,138.527332404535,138.722655170224,138.205879000302,139.333189241501,140.547841504962,139.568936398561,140.388915780573,137.517548703645,136.295602945812,138.366020021777,138.338915999782,137.677883715675,136.924698872508,137.383056644489,138.518549775176,140.29634943507,142.361799449248,146.035270381137,146.942717548526,150.437694621266,149.657093941387,151.319442012582,157.844220094779,160.769245260136,164.657479728769,164.936348415884,161.422299798094,161.889338012598,161.707192045845,161.55282471181,162.746664555846,164.631005109236,162.657028442648,163.953877001442,167.711701645409,170.467783488401,172.429768516433,170.641448445667,170.715016963498,171.076563149862,174.481060036552,174.594531189306,171.933407968389,173.018521953081,168.297137419991,168.598527498711,168.023455066727,170.820710924905,170.184623773449,169.522703791949,169.027171186433,167.470407553445,NA
NA,NA,122.740107093491,127.883578451465,130.263518609033,132.336134536896,133.803702267667,133.633573169324,133.500120963279,135.505015410898,139.278395878194,143.744889767633,146.232772367742,144.349956685886,149.168928205865,152.261566769961,151.706238600048,153.531810632418,151.931545973975,147.839129000461,152.603673753566,153.211697440994,152.967133888342,159.407319015497,161.374147002932,157.465828394812,157.483243183431,155.351586361438,152.384472926269,151.444361945595,150.900375191608,154.757777260088,149.931296221149,148.588291724991,146.561129051891,144.018635562134,142.90255191929,142.815997476328,141.940796802921,143.721635545274,143.308915129457,144.544484738982,144.28033463653,141.825025496631,140.974562118531,142.078312723149,142.334788772234,140.881979066733,140.668712635822,140.896912896925,144.208456793802,144.983690298683,145.036021793984,148.751248093541,149.414898839212,149.845924833159,151.321037151928,156.475370621627,162.014727526842,165.009707533412,166.721145311021,165.959117113572,165.54919695264,165.723714982645,163.266809000473,163.67938608543,163.128275051254,162.920369745455,164.711100310163,167.549232598451,169.834772808672,171.36267913972,174.670143298402,169.915780053435,171.124288298363,172.197663085956,173.360205635886,175.916045598102,172.290876506292,168.67611211316,166.320418435869,165.353331534182,167.242912674945,170.013047643595,170.129620857289,170.958271395143,167.240801347337,NA,NA
NA,NA,126.496411142671,127.272232143628,131.093062577808,132.927504320774,135.411424448813,134.834803286147,133.795976002134,138.857301994017,137.348414342078,145.843439719874,146.430579508563,144.354826892712,147.696094305589,151.762704955013,154.577755786787,153.89138047779,153.109234268422,153.176173871756,153.044462307331,153.137863657611,150.845604288635,154.231348775944,161.974926887807,160.332675009006,159.892062750415,159.469383701786,157.696052828818,155.24527348294,156.61297776222,156.536226219088,153.074475930834,153.24712475267,151.656713465735,148.916885170765,148.941232975199,147.506053620559,148.523110766356,146.411464008621,145.785220758205,147.351124564821,146.963465289649,143.525211665502,143.597050905304,144.660702792085,143.838288090521,141.435503680293,142.185498174219,144.879976584282,147.174433053001,147.434314074649,147.10320772159,147.477563446429,151.098525288482,151.663392868573,152.729689926475,159.940785776276,164.502711350213,165.798483663589,167.287698666322,170.316991374169,169.86651027055,165.947707182726,164.454845655109,162.891700994852,163.129797274752,162.001627186089,163.440589880558,166.957092665103,170.725816207291,167.882354725434,170.77208313801,170.555939361543,171.969608638788,172.577286945912,172.151064359834,171.290048748806,170.336774317664,168.852911801354,165.709072023874,164.192401547106,167.84181328202,167.538658801423,168.161061044602,169.523916492513,166.809780931705,NA,NA
NA,NA,127.4877676579,130.480875268767,132.125045305436,131.65258787385,137.083391762109,137.990827526259,140.718905538751,136.347921256986,141.166923127193,143.671297908085,143.820337844494,145.954007225864,149.66889043202,152.878949885801,152.707511152172,153.995964437714,152.902654633372,154.367878026586,152.929936020543,152.738162454267,153.144288380123,153.397767775679,158.210368109791,159.543330448404,159.885404528753,160.722788480414,162.515235020788,163.480361998071,161.895596213357,163.058382877067,162.511778801072,159.314634606498,158.228183402532,152.733026414717,154.769787439837,152.564426527505,150.703957719104,152.069089568905,149.041761077978,146.62819921629,147.793982697965,146.404838391023,144.530048881179,144.049212714389,144.92860708257,144.006175111737,147.337123923828,146.603910783764,148.129046374678,149.668219949692,149.808699789895,149.951951452532,149.805041019856,152.23658739766,156.618077577512,161.683135981444,165.299442337335,164.911950668601,169.193423012623,168.743703188016,167.810301942053,167.214148036961,164.70238957533,162.550414412882,162.630419390818,162.165974446481,168.172015272818,164.097767289584,167.348785087788,169.097299567142,169.41802718265,167.566840470639,171.326621932295,171.872398964616,171.724290733697,171.258206058965,166.135222732748,168.101223752484,165.24231065633,164.556804929805,167.270188104431,168.321352862938,168.040734617772,169.315670275801,163.198385285054,NA,NA
NA,NA,129.129786221446,128.057525434593,126.558765284199,131.791501838217,136.797286298438,139.78698597219,141.025953200076,142.333798724054,140.281877158012,143.126805208434,146.082232204187,147.959899270468,149.387003936185,155.011172800085,157.015218476622,155.502784458187,155.992406620464,153.141161747171,153.203045551548,154.730428498433,154.132287530691,153.26493973673,153.573722953225,157.414872284257,159.495876376816,157.842482443965,160.827172528685,160.838283464838,160.174804581343,161.305718833971,164.152253485912,161.013364713863,161.515764870974,156.720391675483,155.990260820067,155.352184409935,153.826634690078,153.159061639727,152.69370130613,149.82529223772,148.495365213079,146.946064531518,148.211222495314,146.213026019729,144.594102362146,146.38067022,147.458590111033,148.941187149882,149.902442065366,149.098842653406,149.396099867986,151.681946647969,154.391179405936,157.289607170353,159.202101409739,162.200253205742,165.612923449962,165.289346229545,166.568988135741,167.164327307096,165.083578841541,167.351177085756,166.415259286134,159.748821597129,160.971428433397,162.922776685519,166.090568106311,164.506254103134,166.859590269878,161.390433444102,167.560660249319,169.065342960987,169.912418708256,173.083751675109,173.158759959668,172.066344816924,169.550928835943,165.844132493462,166.519570952171,167.535162032364,169.711623590363,170.578593335771,169.551198865816,168.471622142721,167.418685476363,NA,NA
NA,NA,NA,128.458382785326,125.577079758549,128.051234478622,133.577914120485,139.611455467327,142.515288683004,146.000534059606,144.439631501084,145.82953311743,145.335037709106,146.861231671075,148.212391239327,151.833954050749,154.372053292678,156.202835015442,155.709004178948,155.688466713183,156.817970397334,157.088289524253,152.50370290426,155.050255732896,155.333679356783,157.588471869333,159.954393498825,158.294255514326,160.590816282595,161.935977960895,163.289913365946,163.567431694798,164.110215720697,163.069252538022,162.408065021769,159.757811470871,158.585930299228,156.522937949025,156.406605823818,154.463750703918,151.137365395771,151.145813858606,152.993158610372,148.178354555399,145.165142202297,146.245986449308,148.495735874606,151.633455771563,152.003473908721,151.36526389523,154.125074361877,151.841196748844,151.769513932264,154.259436994451,155.968982540604,158.011820965103,159.856342295588,162.411760236364,165.050539303857,164.820637128258,166.481599914865,164.742703859496,165.205281699637,165.812710260777,164.895388831569,161.135879108418,163.629277759005,161.330097998643,162.355466852227,162.69398899116,163.427016205929,166.751317853211,168.973591981149,170.246132027589,169.298105093108,169.906572039316,169.708545183555,168.453302743741,166.383985631835,167.342329155763,163.198703337543,165.176566223651,165.045174725945,167.480982154343,166.804981591684,167.305474625652,NA,NA,NA
NA,NA,NA,126.705095924773,127.422050682984,128.862676582661,135.365927721807,136.207390202643,142.126347185825,144.654996968191,144.793703438037,146.620984652497,148.273677842044,149.668172661518,147.923406166269,151.376536004312,153.740370795709,155.20809615589,155.561053462681,156.318793146145,157.095802920148,156.640532003915,158.252880400051,159.965323177681,162.743334126573,156.160519659409,159.140459872343,161.05656502819,160.973378018191,162.235975705509,162.72407868552,164.839908413289,163.233716367926,164.368736029669,159.361996841948,159.879846695738,159.600251722724,155.386095192006,155.638949828462,153.97875242564,151.44747518541,154.960040836778,154.696040944535,150.053843687037,148.688202290081,148.178827604946,148.892237430645,150.386432993486,155.320906380925,153.794100636162,154.692597428779,153.457868033768,154.051483344997,155.626595612859,155.883915237454,159.559334908117,160.421130511509,163.728234880106,163.662246058082,163.85375383249,166.614946464016,164.069521794485,165.09921721842,164.322110625366,164.17216913961,159.705505064981,161.871378199135,160.566170483851,163.643681798777,161.619284129114,163.195061946823,165.195088143318,167.516298317736,169.814925727474,172.440486234302,174.053046280711,170.836052748782,166.086633803482,164.015462436483,165.823688131078,165.23900547733,163.690247433814,164.028275029713,167.027777257468,164.303902347008,164.074130552889,NA,NA,NA
NA,NA,NA,NA,131.002922240135,134.354213216401,137.410949560078,137.522714702257,141.375497655982,145.439247944235,147.006149142916,146.8623449783,145.666180435025,148.194034450674,148.619818737792,153.745038656509,151.780143531494,154.441544367755,157.778589754646,158.514585711416,157.55462541289,157.484031037353,161.043171069002,161.599023768384,161.284699263943,159.517935084874,158.593927406478,160.332442846337,162.602992343775,161.344268674754,159.046476634731,159.193892043526,159.091416763122,161.854427503282,161.562604863402,160.721688519219,157.181425928927,157.13177377357,154.69078340043,155.689167507929,154.635107226209,155.136587809281,155.887873735833,152.109449961367,149.402010172126,148.557938350604,152.513609205479,153.825890048175,156.127975639739,154.279138833801,154.183170823188,154.461634241912,154.982993423518,156.105663033616,157.486232583928,160.436821351155,160.872825063372,163.713601116999,164.345772485599,162.701741068638,163.70059816205,165.959188360379,166.352166228499,163.295693518902,163.051868933407,159.923474041171,160.412914078859,158.752188046458,163.756437063402,162.366049460536,165.867961811299,168.266084336958,165.921230709682,171.297484673794,172.203983877525,172.579908294692,169.962560728324,166.689971914059,164.360585633248,163.448248795728,163.228220980899,163.512716332121,163.538287240535,163.809292049343,163.466200693003,NA,NA,NA,NA
NA,NA,NA,NA,132.371441209985,134.194797689655,134.434943682138,140.171615328493,140.60574276901,146.838329279163,145.545911165526,146.069087504813,144.704917967677,146.360716026457,148.029794734753,150.211214608118,155.221123630993,155.434032774636,158.499114920847,157.714193037366,159.218117696563,156.963833605494,160.912064573978,161.807086532173,157.409679548327,159.059938300983,158.203318062359,162.080253354857,159.705881518392,161.914272714821,158.590539999091,158.50862663257,160.332498757472,161.949758845567,159.228817233096,159.087751516967,158.158183691803,158.497770666099,156.0499092497,155.565963594061,156.54021033447,153.315638090708,152.469290682999,150.139974378158,151.634868011238,152.999570671115,156.494567114401,156.770872418363,156.133986313215,155.940782317954,155.697598615133,156.143975289386,154.94700567462,156.404645967493,156.829977124565,162.530870998895,163.189948514993,163.044905161798,165.602319422042,163.736080600585,166.130496189449,166.886967414423,166.92096407985,163.279205899964,161.648416285011,157.994333706039,158.214511332624,158.293183362134,160.750696612343,162.533888582417,165.14181762971,167.106985263448,169.047571546902,168.741482654837,168.707981772006,170.781076857136,167.660493005377,163.910125028441,165.0409459539,163.652903087138,164.096140794019,163.581332584748,162.700050358528,161.320524154515,162.072395152742,NA,NA,NA,NA
NA,NA,NA,NA,137.513630537339,140.349262083796,140.109151114135,142.940443710194,146.423004607985,149.021070148419,148.505509471945,147.03674785749,147.189017179111,148.431513843621,147.388005413168,146.690549513125,153.439667221834,155.795608349683,156.266854516432,158.074646585983,156.991478844088,157.389462573757,161.70858896492,159.00137127797,158.831778348125,154.223882213627,154.306291817873,159.166911710077,159.116500116191,161.968044076407,159.285403789176,161.522594130482,160.819911071202,159.941896083727,160.650558091772,158.73019511252,156.458787900814,156.435195756855,156.941344099475,156.819932581174,157.190559658762,157.634746187463,153.022031903406,156.726750246435,156.550332688102,156.179017740093,157.367080066446,156.214918598448,157.189803691784,157.267404558878,154.272947747781,156.571645181261,154.732035917907,156.377052079217,157.950329793927,161.464840985559,164.679600272219,165.543108318593,164.228031762161,166.714333649507,167.473963195709,166.418163293912,165.702747984582,162.850449994434,160.691996907133,158.013834128977,157.217448522898,159.990271717017,161.097526944394,162.087547188434,165.81893074243,166.65153281269,165.299952975869,167.072459182936,165.931479169546,166.687016747585,167.315899316188,164.959865699443,165.940762321516,164.724605414659,162.146935608215,160.531030325573,162.368173889023,159.505205688548,162.714571242674,NA,NA,NA,NA
NA,NA,NA,NA,NA,138.342824349627,144.243789497581,144.081396489416,146.767742405781,150.773547026452,146.506743165749,150.854840897132,150.907000015294,154.792066452835,151.570994029995,149.148342005747,148.248753312746,154.487216787871,152.334076645848,155.387497208951,155.56255569118,155.450175593089,156.243838250827,156.460477741521,157.873146324343,156.251600508024,155.347670204464,154.090896882263,156.04850113043,160.529435225644,158.352540328933,156.839752940074,161.018352252814,160.503906879417,158.569617093468,156.651811552257,157.184861280974,157.021310098656,159.596341461273,157.485711666942,158.269998514351,154.793412746288,158.912330340469,157.86048214149,155.584121922637,157.753498568845,158.717161727828,157.179778819962,158.692949908087,159.239180631109,159.095774437465,157.901736909102,155.545898722183,157.860475756007,156.220684362521,160.470278915977,162.754948091436,164.843946806693,164.33404532934,167.331001369133,165.742148130239,166.600699846379,164.667663603415,161.765690203655,160.283289707379,158.29885859083,154.60293767571,157.150883438513,161.021210818826,162.238368253618,165.827684878248,164.223546143996,163.56190130775,167.725564166806,167.422351532813,169.358348742303,168.602867568817,165.798137626141,166.785555666406,166.333976732902,163.971579210321,161.022173382778,161.107293442202,157.923506803169,NA,NA,NA,NA,NA
NA,NA,NA,NA,NA,143.220123826768,146.958062622539,147.163498286117,146.482307972369,152.765854948366,152.582150958435,151.323238026762,153.548799717524,153.486729646541,149.984850930721,152.072376797633,156.330582367281,152.952652250999,151.997243414415,153.449591093877,156.971189467469,155.456941026598,157.864802890158,156.193458724258,156.005202197671,159.873502901634,155.114778251721,153.130933388777,157.104630996142,159.881122513046,158.251897220917,161.098005006468,162.027774666398,158.843065531055,156.616427054579,157.281097090325,157.093847853409,158.048295415551,160.651017032408,161.576424971839,159.190053953811,159.729368380848,155.708860364827,156.220637592393,154.740484339063,158.580002074228,159.703217615199,160.586925977594,160.016984164987,159.610617686269,161.705776610011,155.902108976953,155.834272671131,156.989423328325,155.651166421273,161.54625496528,163.929825523437,165.074746341874,163.060484256837,165.841968728934,165.241878258553,164.080845379165,163.765100748349,160.204818169859,158.561953610347,155.318094110147,157.465056748359,159.543171532745,160.832132963636,164.233151202555,163.900342463465,163.61486729064,162.07133202192,165.520807375418,170.624420408495,170.981879281945,167.560334811982,166.508723300363,165.20532307867,164.371544551282,162.629199669587,161.823348860117,161.532349432439,158.024048217882,NA,NA,NA,NA,NA
NA,NA,NA,NA,NA,NA,147.98771946461,148.339877536533,149.090248030971,151.121371583613,155.711566353902,158.657610261841,154.045773764073,153.480303416779,147.015880156349,148.363301493425,154.192944958416,156.456527605534,159.338710981374,156.989886156208,159.3012071768,159.874491396699,159.316158626288,161.09826334952,159.528840439182,159.37227600535,156.926470304621,156.638277061005,158.263670824045,158.560143018213,159.718250269939,162.259749759827,161.915978012052,157.738454507902,157.458635340429,158.826215113892,163.263554697293,162.633489422569,162.847219968948,163.049088842967,159.290770756507,155.91038144669,157.17665418945,156.027861699457,157.428870610496,157.300688327442,161.110569098012,162.976789405578,162.163097277418,161.622306542119,160.201507545241,156.124928833094,158.981286302983,156.002784052174,155.390144668986,160.743455519091,163.038596060224,165.151446638019,163.544807362771,163.887194766548,162.627980877316,162.533827480783,162.111927017884,159.948114594191,156.330068044357,157.153443162541,158.053056551516,160.559380355314,160.838072374691,160.338033848353,162.670639593216,161.932053342344,162.207197950055,166.773832911209,166.78260756183,169.72744798506,168.8689754882,169.373232050827,167.778734421388,168.475900500935,164.376726381427,160.160542362462,160.978123558298,NA,NA,NA,NA,NA,NA
NA,NA,NA,NA,NA,NA,143.969056939518,146.123289542574,148.429366633801,150.133919006871,153.245721767312,154.313991731943,153.718876218918,151.107695214073,151.488286421265,150.049642953348,151.160678560197,157.420946095471,157.118602017438,156.751489606524,158.044120634953,160.021656726843,162.078083284274,161.358734709043,159.690233083284,161.103417506955,160.923599498651,159.379579616659,158.847877419205,160.424673221659,164.747455697284,161.339580724775,162.280240688593,161.750728723883,162.259794333032,160.304742016505,163.948284358886,165.654674891391,163.573888160049,159.415133538072,159.75331006716,157.890300630655,159.140790649532,159.825136208277,159.91595757065,162.808566299025,162.197805819123,164.23420006552,164.142455099275,163.004428875837,160.234544617935,158.461594620638,156.591574954373,157.133713221436,159.326827030924,163.416408734571,164.237975336545,163.320942121203,164.136723589302,160.460661806634,164.481970285508,163.541461080415,161.252325788212,157.182419249757,156.610115589334,156.003522879827,157.329065270391,160.627419821774,162.409294439462,162.524933513075,163.925504075625,161.686131014741,162.202920338377,162.835285937052,164.925519069367,163.337835236175,166.473725721476,169.123185732874,169.103446676282,164.391148595986,162.966883363771,160.31732868106,161.000103580481,NA,NA,NA,NA,NA,NA
NA,NA,NA,NA,NA,NA,NA,145.695617796615,146.917888661731,150.808048914531,153.852975196318,152.101874779037,150.745165471784,150.901690237428,151.55831270546,151.667795909311,152.734901692179,158.573986843378,159.017779793279,157.312401148439,158.46743722769,159.667145216022,159.633314959832,161.115045640275,161.85194314307,160.044186303077,164.399440406301,162.019984941518,160.469282588815,158.947062151969,157.429994658106,158.369631689245,160.234592736209,164.797498379084,164.712510000802,166.254154340105,167.114051085281,163.746728147796,162.593575993193,160.513636460733,160.43112715771,162.261593901916,159.526785024461,160.951173118785,163.711630091939,166.501658945372,165.533426853645,165.962582631373,166.719817727428,164.10095890669,161.00913463478,159.714211214884,159.441187059677,158.28121208222,161.973020380251,162.624010752001,164.099768329102,160.399623100091,160.802595855063,160.723161090355,162.050555242368,162.851411338868,159.642811057043,156.189935025258,156.469204613329,158.422728912179,156.223050639285,158.896027738326,160.543955215275,161.902646757862,162.787515058411,162.21843195972,160.607333344065,160.798860838107,162.197262483946,161.307066478548,161.680609825888,164.827662571009,167.531311641737,162.060730357046,160.227597176408,158.902173068814,NA,NA,NA,NA,NA,NA,NA
NA,NA,NA,NA,NA,NA,NA,NA,147.166603658672,149.978879666484,152.240885055634,151.968777524362,152.421338185226,150.321220248809,152.744745950209,155.580199233573,153.038098241121,158.453040942632,160.343632910826,157.895667219358,160.14355235821,158.707298288923,163.092567798781,162.949392540887,160.265945799178,162.142748169414,162.812419364751,161.472582524464,160.724130760536,158.522814103623,160.531391272424,159.276969270801,156.844297307711,159.789539871226,164.88728231248,167.204350801532,169.888147031549,168.262080207642,162.025598545556,162.896157599722,162.157050249933,161.746194309556,165.289195607358,167.617502494754,167.127171104896,167.58765549897,168.144297232904,166.127810808794,166.177639908339,163.185357609409,161.109688929582,163.370566683378,161.712638194803,160.852262215801,161.356570832801,162.212646422083,161.712929883378,159.646263456672,159.202922001642,158.896526254257,162.031146079874,161.203275973555,158.556661156564,155.657921677099,158.514095283185,153.323067474753,155.926826601897,158.208998226924,160.721592562205,163.064578572937,158.964495562083,160.313100738289,161.091774065006,160.662787438609,159.403402786986,158.145250036211,160.608754585162,164.552776576473,161.311093703372,162.1191798301,154.127180171506,NA,NA,NA,NA,NA,NA,NA,NA
NA,NA,NA,NA,NA,NA,NA,NA,148.191952767248,148.811210978734,149.944863440433,147.854345860346,149.316696270494,149.24889655221,154.24595997017,155.68855689854,155.73214575871,158.497039122339,160.249783461676,159.832499927369,160.368629331048,160.721482920448,161.77581370859,160.676167516034,161.202689449719,161.740905213706,162.290039756541,161.336278427741,161.50719464153,159.303696923546,158.324962826868,155.68921370785,157.627524256548,159.191434619725,167.005363877659,163.862348694717,162.629676289575,161.876598512995,161.606842085774,161.488196562515,165.378382375299,165.784990477053,168.663941916421,167.305972395882,167.970917074431,168.177019299161,167.160408707829,166.174926407137,165.376405957019,163.376553576261,163.601349891683,164.447771392962,162.158220406183,161.464581153842,163.230352928426,162.755356057396,159.740516628379,157.116099301541,157.029301830678,160.245438876872,161.32314786638,159.410680118805,159.030926302413,157.866606345799,156.421911142921,154.784545646864,156.614317265167,157.630141038073,160.452745791866,162.634449060139,163.973550168359,160.272226174286,159.548066797129,157.167564799319,155.018397508333,154.133888953656,157.650672362214,154.949065322751,153.006516421312,156.832836511746,153.553959076501,NA,NA,NA,NA,NA,NA,NA,NA
NA,NA,NA,NA,NA,NA,NA,NA,NA,147.219204855075,148.17818057183,146.876017225071,148.439719171801,149.468888663469,156.265099303512,156.829723930971,156.741497006633,158.949672328255,159.8312229907,161.428400157953,161.506239150396,164.511717038436,162.955133467308,161.816868618829,162.408018966454,161.621288351957,161.012725340972,158.412210480729,157.8383779186,156.217020380897,155.052631979132,156.202244561859,156.825204185288,159.942650131876,161.594964086286,161.863806159554,161.778276036596,159.929663802976,160.933167335125,162.078866464106,165.950276832687,162.983699931761,163.328130319916,164.18004683239,164.995240888475,164.588649447751,167.213344914578,164.699128559498,164.2033679752,162.717530225935,163.72312340155,162.06781166538,162.054036963566,161.557590952412,162.65311485556,160.474165430352,157.359488426478,157.830457187146,158.496279759136,156.744731754576,159.66526200611,159.586676474463,159.040999921468,155.997353832743,154.994044038706,154.419429271501,157.269082303811,157.411730463383,159.775973885285,162.832238856809,159.960639380183,161.378244589424,159.979194314591,156.730340114791,153.227145586729,153.25736297094,154.30068178774,151.156011362809,148.423181760953,149.822909055588,NA,NA,NA,NA,NA,NA,NA,NA,NA
NA,NA,NA,NA,NA,NA,NA,NA,NA,NA,146.225680617466,145.297814804686,146.837337058087,152.15387017952,155.949135515445,157.534144422717,156.687323431356,158.258185435153,158.128199239176,161.143430046137,161.192118801826,162.038422500042,159.811790715528,155.821259546563,158.899639705157,158.99953959047,158.458077121107,155.688649904344,157.679328282777,156.015716151444,156.51243522723,155.818584715999,155.819899021335,156.605457471669,157.294644941316,158.870842060303,159.382169512004,159.856047376399,157.93908497941,158.434026974979,159.847095832337,161.645931097698,161.277495611092,161.24140834451,162.974606208513,163.153441231014,164.824972866592,162.268193529105,161.429912483901,164.076422338743,161.578434224164,163.580765756439,161.897346855831,163.024912354083,160.504358611777,157.993438287343,155.785341276476,156.248543303319,158.166299103599,158.572066318941,157.525107124387,159.819409065955,157.983870349924,155.219438562978,155.066234148826,153.650329748452,155.844226786896,158.382676638325,160.063213415086,162.212515894177,156.542583229321,154.76986306772,153.663427212469,152.691659295885,147.256937726719,149.269953431475,149.511260048142,150.689476554813,145.682330123699,NA,NA,NA,NA,NA,NA,NA,NA,NA,NA
NA,NA,NA,NA,NA,NA,NA,NA,NA,NA,NA,146.227695270424,146.823180929187,151.346289799244,154.479705471104,158.624456303922,154.83508511691,157.022373925655,158.099748561491,159.451167377562,158.777183619104,156.820987716827,157.04412325635,157.041397318059,154.826265450129,154.663590365202,155.385182121703,153.662066220682,155.763583150719,154.63874219791,157.785052877117,157.267075821765,155.639183699079,157.573604989611,156.680319122133,160.185792690999,157.110963743047,156.445783613487,156.94451474972,157.101925045823,158.419002613096,158.267377148321,159.3413218804,159.074970412068,162.933266595117,162.339881509269,164.245832119991,162.38250585414,161.523501443104,162.513138291978,162.48562947499,159.212418006217,162.277693763078,159.589890065774,154.513167854084,155.622474340497,155.149749309009,158.071089739693,158.76255935529,157.753033077331,153.240017034507,156.706503841021,155.23132627461,154.928591375543,156.159115595257,155.543614181206,157.482189094439,157.835237143094,155.162112688732,155.453310283678,154.732355560719,151.841453333878,149.637560711607,148.608307478031,145.155190421512,144.440868688689,147.192771505036,147.175072019235,NA,NA,NA,NA,NA,NA,NA,NA,NA,NA,NA
NA,NA,NA,NA,NA,NA,NA,NA,NA,NA,NA,143.975576496149,148.133335965142,152.304472393394,153.752527631987,155.382083123151,153.577598517333,150.626355678467,152.280034937888,153.219079322172,154.173236800271,153.860644329911,153.802664178518,156.661307382594,154.323351273306,154.008596626247,151.743059047974,154.058093955749,155.673176180636,157.044937855555,156.645724951746,155.662318947202,158.364905403527,156.373880506489,157.436176392769,158.398798821051,153.747547484897,153.670351452693,153.370594998545,154.435176539235,156.226108148765,155.733853510367,156.663700136318,158.641520730811,159.306312806197,158.363424869616,159.299612656829,161.400639645459,158.587970755026,159.843984567051,162.668987327866,161.544829312575,157.960627316807,153.995593789768,154.710969699114,153.568186769361,154.673329773701,157.272134439553,155.686990681592,156.083987341552,154.540254546979,155.617742037622,157.764627928734,158.06150195665,156.413368260116,156.029738900981,156.274028747056,155.014774177851,153.660430208252,152.670666754518,149.148150657943,146.504364993536,144.824348543359,143.074514701873,141.256346438878,141.833304043246,141.474391048025,144.140354219331,NA,NA,NA,NA,NA,NA,NA,NA,NA,NA,NA
NA,NA,NA,NA,NA,NA,NA,NA,NA,NA,NA,NA,146.370110169109,150.478347630606,150.188626475818,148.104955738782,149.092118258513,147.443834606725,148.898412671991,149.183703490631,151.324829958589,153.114977202533,152.455274458297,154.363979133763,153.322940036728,151.952044517764,151.703725591077,150.215807952772,152.983221808589,154.643274410523,154.950012512975,157.094767851706,156.117027353062,156.31794811255,155.590576623328,153.79278182865,153.021938698108,151.121480897815,151.515569787536,151.114482215305,152.830530001137,152.898413043349,154.508193252395,156.373293809995,154.704568520406,155.725050994218,156.168733891314,157.691309478996,155.645628732946,160.311309449992,158.290875880321,153.984233220861,152.443444724562,152.813439592519,153.040535828565,152.392669373194,155.227790138828,154.598033379385,155.053464951603,152.829650716514,152.637865846416,156.505915109499,156.165223863365,158.875710056959,157.679573372418,153.534012926047,157.583997472275,147.555615870642,146.954691978481,145.125614731083,142.768847620444,144.311819179994,138.058260981372,139.812740336941,138.549032608191,141.01387513707,138.913374990131,NA,NA,NA,NA,NA,NA,NA,NA,NA,NA,NA,NA
NA,NA,NA,NA,NA,NA,NA,NA,NA,NA,NA,NA,NA,148.063265491381,147.84208286365,145.756621741616,147.045972492912,147.893768672696,148.372930810704,152.085683358309,153.046662729657,152.272109625562,153.879227840284,152.74803897211,152.513521751608,150.294022632713,149.390420576017,153.245611728086,153.205811537867,154.317022229313,154.947180834863,155.240907252218,153.609534852931,154.716902121285,153.469994071923,152.441279644727,148.287901342812,148.097334346301,148.964126189461,150.395324045014,150.400953455867,151.213011143314,149.740964179162,150.576262317194,147.709337837272,150.298841653273,151.049674550972,151.205211096628,152.08048184604,155.973845989826,151.129909145632,147.840537329892,148.475988899332,151.750596589851,147.789267596725,150.840710051056,152.655384895719,151.98642162954,154.837268965646,153.04900315541,152.234935582421,154.953010745125,157.358073879803,158.101691077979,152.829969805276,149.932841207745,150.478685131233,145.654557876014,143.961407735051,140.309755914072,140.114607351101,137.782307485333,136.868906769415,137.218973357866,136.625955581408,136.802389649529,NA,NA,NA,NA,NA,NA,NA,NA,NA,NA,NA,NA,NA
NA,NA,NA,NA,NA,NA,NA,NA,NA,NA,NA,NA,NA,NA,146.330504988701,144.455080604636,146.294149376386,147.802588828157,148.29346346121,151.049616766436,150.354022298829,150.585291062463,148.826438153735,149.609162480202,149.972265739553,147.712149443033,148.624340355186,148.849834950215,149.781530012919,154.113051397796,151.850849332096,150.636921236664,152.471758262407,155.713115176784,154.621951106337,151.822377783158,147.950848603164,147.934161475929,149.374314374904,149.023124575659,147.032944113127,148.911345850999,146.168401257099,143.254338767284,144.94048047518,147.033074919142,146.724249233142,147.202358875511,148.497462878905,149.169128101689,146.349893946414,145.650545662375,146.156008088258,146.03039926138,146.118030808029,153.253116481177,151.72364936887,150.869739492005,151.737827947196,150.265354825104,152.705317016879,155.167464126631,152.881426869544,151.484323740025,146.423810821491,147.493841672991,146.480710844068,143.56000802996,141.616548550174,139.121430019191,136.403890550636,132.430962992184,131.365422241034,132.776345247713,132.411070362588,NA,NA,NA,NA,NA,NA,NA,NA,NA,NA,NA,NA,NA,NA
NA,NA,NA,NA,NA,NA,NA,NA,NA,NA,NA,NA,NA,NA,NA,141.796960258572,143.735501168693,144.116547945368,145.434047911359,146.237149089521,146.241374859166,143.030376337281,143.318037969782,142.341358670598,145.036981552482,145.65057389574,146.038902334483,147.291684563288,148.420532902497,150.443685667572,149.280900518703,149.036396318547,151.803864003281,154.149783334978,152.974429161921,150.978471123814,144.896590494857,145.889150603244,146.686908700211,143.408550951843,145.097462876342,143.341504730553,143.147380273011,141.630898994588,143.537833407918,141.366822563245,141.989559086954,145.024618200941,146.594814216413,147.474966386647,142.678222643028,145.686266585879,144.476473738423,141.509551994684,150.613260320561,148.006497768655,149.079994299521,149.065631473795,148.962236780536,148.423729348658,149.754202533679,151.155049888716,152.067090291547,146.411637005863,146.056648656404,147.090259818511,146.585186245694,140.837970315807,140.027304815682,141.161837156596,135.240655553963,135.860404092216,134.054347006057,132.082752509459,NA,NA,NA,NA,NA,NA,NA,NA,NA,NA,NA,NA,NA,NA,NA
NA,NA,NA,NA,NA,NA,NA,NA,NA,NA,NA,NA,NA,NA,NA,NA,NA,144.437794974167,142.364115752871,141.172198082989,141.618788082246,139.189993071565,140.969673794578,138.408881962679,138.789992517333,140.35312480687,139.420644780593,141.855634964998,143.916229053598,144.160644571746,146.825407175483,147.615567049026,149.873456095122,151.277116831766,149.510919066985,145.316292913896,143.699974802678,142.62838807164,142.537846137665,141.209806389211,141.022080182078,140.87270127499,140.48722778574,138.722212936836,139.795742554355,138.491466549181,143.797060524325,144.25118299584,144.665864458648,145.13523329312,143.046890994766,141.998004076856,145.113808793147,144.807805275665,147.968277559313,147.29393626074,145.26791125608,145.52751816952,143.574127867111,142.483332202319,147.272266194861,148.278981896305,147.673633264215,145.588881148496,143.884274857763,145.790737008559,141.158875351674,139.875037866099,137.275148608456,134.616338467514,131.216248528599,133.928837628806,NA,NA,NA,NA,NA,NA,NA,NA,NA,NA,NA,NA,NA,NA,NA,NA,NA
NA,NA,NA,NA,NA,NA,NA,NA,NA,NA,NA,NA,NA,NA,NA,NA,NA,NA,141.980377043075,139.632415859038,140.45023712068,137.975746437055,137.723207854004,135.51376656028,136.395425371372,137.955481222799,138.080459710576,139.934339014151,141.146498382199,143.680032207862,143.238995447416,148.575374019597,147.659912926696,147.746509749132,147.445857821474,142.682861876406,143.250862631686,143.176102608526,140.313178650897,138.847666426536,138.298670819109,138.352549956627,139.061811372578,135.67206435562,135.503319049919,141.28243139111,142.924937077498,143.19770968171,144.795899983292,143.518574560774,141.266193262194,143.132547196348,143.61931023948,144.668889419192,144.693489582504,142.908185742355,141.301477176825,143.025104365295,143.126549925724,141.756524739865,147.043051088371,150.318845119256,147.484858260544,143.97432344341,140.727127004718,138.509640248034,140.242383227135,138.081318540518,136.397666438013,133.078679491198,132.229095812176,NA,NA,NA,NA,NA,NA,NA,NA,NA,NA,NA,NA,NA,NA,NA,NA,NA,NA
NA,NA,NA,NA,NA,NA,NA,NA,NA,NA,NA,NA,NA,NA,NA,NA,NA,NA,NA,135.303883756298,137.873759377084,134.995400230977,131.222619706582,131.368310162333,133.413006927189,134.331317915734,135.327128154964,140.364269646608,142.123571262489,139.859893498211,140.703512304187,143.936687561351,142.615028993056,144.358749119053,141.928149510606,139.908553923006,140.663688680402,139.278487155852,135.336478524748,135.332256513661,137.219172373649,135.694157248894,135.57530476796,132.330553632844,136.944747446841,141.146036337512,141.604516660825,144.750588884453,142.284104008845,140.463810088265,139.296160257585,142.427814776463,145.248103029101,143.651008491712,139.136245041602,139.185624889759,139.698732549766,139.280939284122,139.482191404736,138.774964956998,142.785329009981,145.24965359441,145.694788745214,139.92652689902,137.981083467336,139.088926322326,137.803257814543,132.747190078509,133.733671556353,132.020680832071,NA,NA,NA,NA,NA,NA,NA,NA,NA,NA,NA,NA,NA,NA,NA,NA,NA,NA,NA
NA,NA,NA,NA,NA,NA,NA,NA,NA,NA,NA,NA,NA,NA,NA,NA,NA,NA,NA,NA,NA,130.461725157119,129.76131540514,129.015847130375,131.618935971308,133.140000347897,134.655368210475,136.693044632056,139.602168884981,138.571062444918,139.380726014624,139.345897142555,139.828855013008,139.967693794435,140.442280939766,139.348197869193,139.522329943984,138.122658938356,134.612958738718,135.236727969594,134.395060220644,133.946968142312,133.519684661321,132.031246646429,134.868819131788,138.111280590967,142.607679610203,141.146323541703,141.739548676196,138.439734005814,138.443321284829,140.6575658171,139.813544720796,137.266960664915,136.699241854723,137.733515631274,134.796091590577,138.388931105611,140.471963080645,139.417088255513,141.288585218983,144.52912634975,144.767243197833,142.28493176958,139.715981294196,139.816310132457,138.057042218322,136.31192871975,NA,NA,NA,NA,NA,NA,NA,NA,NA,NA,NA,NA,NA,NA,NA,NA,NA,NA,NA,NA,NA
NA,NA,NA,NA,NA,NA,NA,NA,NA,NA,NA,NA,NA,NA,NA,NA,NA,NA,NA,NA,NA,NA,127.748169162347,128.198862960468,130.757051905494,132.339837946843,133.779140834875,133.271015230396,135.705909862232,136.22497493549,136.171916228754,135.484622446999,138.422051202809,136.890670102259,136.727201233118,134.848308874383,134.130024230363,134.953694822043,133.074240015529,134.616206473497,134.029000033916,131.225871430961,131.374074434504,131.765370232124,135.345320735325,137.161203336192,140.976803413842,138.295137445384,137.053065417269,135.336673492003,131.050125126827,137.122083493775,134.847740461845,133.617267297793,132.961676787882,132.039246715849,133.827534128228,136.004120887715,136.942633843997,142.689814574126,146.472403700694,146.637593462682,145.059420479456,144.330326418976,144.588673940544,140.06544251701,139.822561115106,NA,NA,NA,NA,NA,NA,NA,NA,NA,NA,NA,NA,NA,NA,NA,NA,NA,NA,NA,NA,NA,NA
NA,NA,NA,NA,NA,NA,NA,NA,NA,NA,NA,NA,NA,NA,NA,NA,NA,NA,NA,NA,NA,NA,NA,NA,127.855092352493,127.699925737981,130.24383129159,131.465093854588,131.991210338941,133.408061380259,129.803655584835,131.23130827578,136.082240853272,136.290446669512,133.245891830797,132.309050861718,132.278795823276,133.491706510104,133.33398909527,133.005001910544,129.949908389022,130.187685984082,129.039819004563,130.278560914262,131.044114134777,135.098850684716,137.630320502784,136.755841465956,133.053170835354,131.492753877453,132.924218834541,132.765799753259,130.687476638443,132.49758657814,130.239089503411,129.89649773793,131.904491596068,134.176297249326,139.880449957313,143.752169137593,144.510506152429,145.496175333505,144.379612441281,144.41911284623,142.174107247779,NA,NA,NA,NA,NA,NA,NA,NA,NA,NA,NA,NA,NA,NA,NA,NA,NA,NA,NA,NA,NA,NA,NA,NA
NA,NA,NA,NA,NA,NA,NA,NA,NA,NA,NA,NA,NA,NA,NA,NA,NA,NA,NA,NA,NA,NA,NA,NA,NA,NA,126.95684362936,127.752211363791,130.516501918591,131.4969313982,130.938380862047,131.588191460402,131.0100941082,133.317750067781,132.515090830565,130.713767623722,131.48696455936,132.153515912812,131.752514191372,131.960446924045,129.402094741259,129.845529041977,130.357781144666,130.11978186189,129.284944612689,130.595509864362,134.585917220981,134.30073022777,130.927017568125,130.797125100328,129.794762391269,128.6070513527,130.251374450153,130.223351219213,128.408792592844,132.069475546907,135.875697277333,134.151584259985,139.945707777317,143.084806379031,144.630623211415,143.231879188287,144.499078736443,NA,NA,NA,NA,NA,NA,NA,NA,NA,NA,NA,NA,NA,NA,NA,NA,NA,NA,NA,NA,NA,NA,NA,NA,NA,NA
NA,NA,NA,NA,NA,NA,NA,NA,NA,NA,NA,NA,NA,NA,NA,NA,NA,NA,NA,NA,NA,NA,NA,NA,NA,NA,NA,NA,NA,128.571013678647,129.908709015341,129.544142548994,131.047826110547,131.999387027475,132.306573389648,130.031991778754,129.007079808506,130.884955460017,130.10933974041,130.017107731891,128.994854184019,127.688383702764,128.407337038836,127.237619310282,126.155087774827,127.218520029762,128.673441496863,126.265143356669,126.894830739989,126.657722110482,125.781754726117,126.230386371487,126.235746832663,127.209723170004,126.795976745681,130.689044789516,131.458353179044,130.962755508261,135.394359270723,140.109125328649,NA,NA,NA,NA,NA,NA,NA,NA,NA,NA,NA,NA,NA,NA,NA,NA,NA,NA,NA,NA,NA,NA,NA,NA,NA,NA,NA,NA,NA
NA,NA,NA,NA,NA,NA,NA,NA,NA,NA,NA,NA,NA,NA,NA,NA,NA,NA,NA,NA,NA,NA,NA,NA,NA,NA,NA,NA,NA,NA,NA,127.730912239689,130.041526167103,130.544336343834,128.378876390261,129.541882519146,130.42353757733,129.01981431067,128.641786522051,128.553812959322,125.416770892503,124.450517991217,123.672540543658,124.213603548725,124.259595790724,122.611087334115,124.012717097348,124.220287669829,121.396287454051,123.129812477803,122.805695418534,123.876454460748,123.66984422775,124.191284322032,127.726646780987,128.86388101472,130.586115547796,132.33965732173,NA,NA,NA,NA,NA,NA,NA,NA,NA,NA,NA,NA,NA,NA,NA,NA,NA,NA,NA,NA,NA,NA,NA,NA,NA,NA,NA,NA,NA,NA,NA
NA,NA,NA,NA,NA,NA,NA,NA,NA,NA,NA,NA,NA,NA,NA,NA,NA,NA,NA,NA,NA,NA,NA,NA,NA,NA,NA,NA,NA,NA,NA,NA,NA,NA,NA,127.52076836612,128.460826237869,125.912283543432,125.726728956654,122.095156435537,122.144098330235,119.556340554969,120.480213742997,120.135385672921,118.936638758728,120.703959228201,121.459244844596,121.192374073603,119.507517476139,122.005828302385,119.229537313258,120.361050592604,121.330170185738,125.365032905139,NA,NA,NA,NA,NA,NA,NA,NA,NA,NA,NA,NA,NA,NA,NA,NA,NA,NA,NA,NA,NA,NA,NA,NA,NA,NA,NA,NA,NA,NA,NA,NA,NA,NA,NA
NA,NA,NA,NA,NA,NA,NA,NA,NA,NA,NA,NA,NA,NA,NA,NA,NA,NA,NA,NA,NA,NA,NA,NA,NA,NA,NA,NA,NA,NA,NA,NA,NA,NA,NA,NA,NA,NA,NA,NA,NA,NA,NA,NA,116.672514804312,NA,NA,NA,NA,NA,NA,NA,NA,NA,NA,NA,NA,NA,NA,NA,NA,NA,NA,NA,NA,NA,NA,NA,NA,NA,NA,NA,NA,NA,NA,NA,NA,NA,NA,NA,NA,NA,NA,NA,NA,NA,NA,NA,NA
