"V1","V2","V3","V4","V5","V6","V7","V8","V9","V10","V11","V12","V13","V14","V15","V16","V17","V18","V19","V20","V21","V22","V23","V24","V25","V26","V27","V28","V29","V30","V31","V32","V33","V34","V35","V36","V37","V38","V39","V40","V41","V42","V43","V44","V45","V46","V47","V48","V49","V50","V51","V52","V53","V54","V55","V56","V57","V58","V59","V60","V61","V62","V63","V64","V65","V66","V67","V68","V69","V70","V71","V72","V73","V74","V75","V76","V77","V78","V79","V80","V81","V82","V83","V84","V85","V86","V87","V88","V89"
NA,NA,NA,NA,NA,NA,NA,NA,NA,NA,NA,NA,NA,NA,NA,NA,NA,NA,NA,NA,NA,NA,NA,NA,NA,NA,NA,NA,NA,NA,NA,NA,NA,NA,NA,NA,NA,NA,NA,NA,NA,NA,NA,NA,460.977222864644,NA,NA,NA,NA,NA,NA,NA,NA,NA,NA,NA,NA,NA,NA,NA,NA,NA,NA,NA,NA,NA,NA,NA,NA,NA,NA,NA,NA,NA,NA,NA,NA,NA,NA,NA,NA,NA,NA,NA,NA,NA,NA,NA,NA
NA,NA,NA,NA,NA,NA,NA,NA,NA,NA,NA,NA,NA,NA,NA,NA,NA,NA,NA,NA,NA,NA,NA,NA,NA,NA,NA,NA,NA,NA,NA,NA,NA,NA,NA,527.478870565562,525.734624325702,548.292804986533,535.023363975817,530.330085889911,505.593710403917,491.172067609712,498.553139431105,534.489927192707,493.20318303406,480.884601541784,469.707355701398,452.769256906871,472.381691164905,453.07994531258,474.341649025257,447.368668153349,432.377089073693,391.311896062463,NA,NA,NA,NA,NA,NA,NA,NA,NA,NA,NA,NA,NA,NA,NA,NA,NA,NA,NA,NA,NA,NA,NA,NA,NA,NA,NA,NA,NA,NA,NA,NA,NA,NA,NA
NA,NA,NA,NA,NA,NA,NA,NA,NA,NA,NA,NA,NA,NA,NA,NA,NA,NA,NA,NA,NA,NA,NA,NA,NA,NA,NA,NA,NA,NA,NA,526.625351665561,525.594901040716,523.849857938062,536.874262026597,533.309278223014,536.794560300521,534.438958160799,529.740502510427,524.695451594376,502.678985313625,509.102172405953,515.388203202208,522.74375659767,505.601431752405,477.754476076873,493.250146255828,450.693909432999,467.254014743092,479.243818828355,475,427.200187265877,450.017347735825,436.606229914325,425.73465914816,407.14184287821,408.595752331326,381.618663380064,NA,NA,NA,NA,NA,NA,NA,NA,NA,NA,NA,NA,NA,NA,NA,NA,NA,NA,NA,NA,NA,NA,NA,NA,NA,NA,NA,NA,NA,NA,NA
NA,NA,NA,NA,NA,NA,NA,NA,NA,NA,NA,NA,NA,NA,NA,NA,NA,NA,NA,NA,NA,NA,NA,NA,NA,NA,NA,NA,NA,552.303326258363,555.188255569253,525.014872526018,515.09243882769,525.594901040716,525.594901040716,536.813586303854,533.344536441627,545.05672337759,550.567888638631,536.056738126569,505.838572723874,520.28353366554,505.609153100892,526.172705667719,525.816002468718,476.328348293387,500.62460986252,454.581234305662,475,491.203838171715,493.14012805848,471.798016181785,443.19344818589,414.39319883075,425.789569399846,399.90414724141,381.346761096239,369.350528312203,341.926769337692,371.651718682963,NA,NA,NA,NA,NA,NA,NA,NA,NA,NA,NA,NA,NA,NA,NA,NA,NA,NA,NA,NA,NA,NA,NA,NA,NA,NA,NA,NA,NA
NA,NA,NA,NA,NA,NA,NA,NA,NA,NA,NA,NA,NA,NA,NA,NA,NA,NA,NA,NA,NA,NA,NA,NA,NA,NA,608.390980513967,559.106291957185,555.090082779363,539.833231401026,520.46914578519,505.601431752405,494.65645205744,503.068891195629,515.677306671098,527.434700862405,553.41973418259,540.033589068425,546.008241696039,544.092029009346,517.639701287648,532.544590596608,530.330085889911,515.687887565733,500.993699696012,520.21630116712,500,525,504.950975679639,485.792506320911,465.200430538915,461.159833832162,436.606229914325,427.218459314619,425.771297351103,390.572136591904,393.425173239969,380.971548096028,395.422102046697,395.284707521047,403.227858354263,428.009939253991,388.813230657033,NA,NA,NA,NA,NA,NA,NA,NA,NA,NA,NA,NA,NA,NA,NA,NA,NA,NA,NA,NA,NA,NA,NA,NA,NA,NA
NA,NA,NA,NA,NA,NA,NA,NA,NA,NA,NA,NA,NA,NA,NA,NA,NA,NA,NA,NA,NA,NA,NA,NA,589.041956352017,610.327780786685,586.090486125471,570.087712549569,535.023363975817,530.92226851913,509.901951359278,509.901951359278,500.62460986252,506.211418282915,505.601431752405,515.765949549059,515.388203202208,527.375577743225,525.639417958279,525.816002468718,505.843725286877,530.461368457782,527.746675276654,548.947599773925,550.567888638631,525.007436263009,500.62460986252,501.25038866686,461.774737166276,460.027863449368,456.241337322301,469.847071274403,482.934471267124,431.629904007971,425,371.76179898927,382.658165368067,402.173815313838,414.39319883075,425.865485194282,442.711246409936,437.321392113398,416.082924427331,395.284707521047,378.792624118115,NA,NA,NA,NA,NA,NA,NA,NA,NA,NA,NA,NA,NA,NA,NA,NA,NA,NA,NA,NA,NA,NA,NA,NA
NA,NA,NA,NA,NA,NA,NA,NA,NA,NA,NA,NA,NA,NA,NA,NA,NA,NA,NA,NA,NA,NA,625,612.882533606563,583.630876496438,564.094795979019,559.223572216024,530.330085889911,523.966558750736,506.290468336452,496.23583103198,507.969293169173,500.62460986252,498.121471129282,492.584854615792,491.172067609712,503.153996479271,517.944588071015,525.066626073624,529.740502510427,527.552162253664,527.375577743225,525.594901040716,525.793814136317,527.566772399039,525.250584099395,479.772259404973,441.977150712228,492.568526226883,456.326440599673,465.342289283021,453.308566709831,474.341649025257,467.038542306735,482.830197895699,450.693909432999,434.583724776429,515.388203202208,492.442890089805,443.292771607948,447.213595499958,389.365157955183,387.460557567605,375,371.651718682963,371.651718682963,364.005494464026,NA,NA,NA,NA,NA,NA,NA,NA,NA,NA,NA,NA,NA,NA,NA,NA,NA,NA,NA,NA,NA,NA
NA,NA,NA,NA,NA,NA,NA,NA,NA,NA,NA,NA,NA,NA,NA,NA,NA,NA,NA,NA,NA,605.27601837673,610.327780786685,601.176279967714,559.984976000065,551.218477698092,531.507290636732,512.978298334771,515.188055635797,527.375577743225,534.438958160799,522.14933175297,498.230778877451,495.960452492884,491.203838171715,509.901951359278,505.593710403917,531.543936480783,530.330085889911,543.019584295755,552.268050859363,570.264765211599,551.705859057358,551.439221776756,551.178691422665,550.567888638631,505.601431752405,493.745558751882,505.650646167114,482.623531776254,459.712146952949,467.129831140717,428.196146141898,458.651831732159,485.41219597369,498.214874120215,529.740502510427,506.211418282915,482.830197895699,459.619407771256,436.606229914325,353.814693190043,391.311896062463,375.041483109507,360.598257132869,360.555127546399,353.553390593274,350.891721190455,NA,NA,NA,NA,NA,NA,NA,NA,NA,NA,NA,NA,NA,NA,NA,NA,NA,NA,NA,NA,NA
NA,NA,NA,NA,NA,NA,NA,NA,NA,NA,NA,NA,NA,NA,NA,NA,NA,NA,NA,573.717292121179,559.470814991343,580.206571388317,594.243216200236,602.079728939615,575.971228108452,553.695730885733,527.375577743225,530.425046032961,510.195330075121,515.051841899134,481.610035287221,520.670955862815,527.375577743225,525.034253727226,485.41219597369,508.102816484551,534.438958160799,513.017890466708,559.113140681887,548.342495559943,567.048717852557,577.16981903076,550.673502460335,564.112851633582,575.543221661067,577.16981903076,571.035079787579,552.303326258363,527.375577743225,503.292410483664,489.827804953546,500.62460986252,485.556192764591,498.563159541742,509.901951359278,534.438958160799,522.015325445528,498.121471129282,474.341649025257,450.693909432999,393.756135448382,383.871158625157,350.432245164759,357.945526581909,347.311099736245,351.002347162914,353.597474830662,357.945526581909,375.072358191165,372.578275531459,NA,NA,NA,NA,NA,NA,NA,NA,NA,NA,NA,NA,NA,NA,NA,NA,NA,NA,NA
NA,NA,NA,NA,NA,NA,NA,NA,NA,NA,NA,NA,NA,NA,NA,NA,NA,NA,602.079728939615,617.454451761423,600.520607473216,594.243216200236,571.332653842067,577.277702742007,577.761041618815,552.268050859363,555.090082779363,571.182982939793,527.665481629417,525.594901040716,525.594901040716,548.292804986533,530.425046032961,529.799233206057,525.034253727226,530.847404815026,525.639417958279,550.330118496358,561.950106841875,559.016994374947,575.543221661067,592.663479556485,608.789783094296,617.643090467388,629.317743170459,602.079728939615,605.177597844332,600.520607473216,564.025708633924,552.506477746782,530.330085889911,555.277553151491,506.40124577396,512.71365542878,523.045918079655,532.435882928741,515.388203202208,491.172067609712,467.038542306735,443.001128666734,419.076365356005,395.284707521047,371.651718682963,358.010766606021,350.891721190455,335.410196624968,350.891721190455,371.651718682963,380.880101694612,396.046192304749,410.655755926872,NA,NA,NA,NA,NA,NA,NA,NA,NA,NA,NA,NA,NA,NA,NA,NA,NA,NA
NA,NA,NA,NA,NA,NA,NA,NA,NA,NA,NA,NA,NA,NA,NA,NA,NA,625.49980015984,629.79440513938,577.761041618815,581.48516748065,568.128258352618,570.087712549569,561.805126356106,575.563554128188,576.376852813035,575.563554128188,559.016994374947,552.268050859363,567.139334365393,555.139169174308,561.805126356106,571.182982939793,562.02588189082,548.292804986533,527.375577743225,525.639417958279,538.610127725733,556.278022500275,594.321683591148,603.406900058288,601.040764008565,625.012495003996,650,673.191960869518,680.571687300853,680.635106368813,650.480591562884,657.647321898295,627.25632592422,657.647321898295,604.669331122391,575.368581190307,583.09518948453,545.032126488492,528.889763168401,509.901951359278,485.41219597369,461.078464316615,467.155055164138,431.85276794395,395.284707521047,364.101072266763,371.651718682963,348.209706929603,348.387383258583,364.969950033699,381.790945351613,403.161107758522,418.665808382761,427.985699069006,410.058987620048,NA,NA,NA,NA,NA,NA,NA,NA,NA,NA,NA,NA,NA,NA,NA,NA,NA
NA,NA,NA,NA,NA,NA,NA,NA,NA,NA,NA,NA,NA,NA,NA,579.87067523716,605.227518099312,592.372975806659,591.507410701207,577.16981903076,577.37144844339,585.426065685197,579.87067523716,562.189243672972,580.477715823224,602.157185490742,600.623972168479,561.805126356106,567.413283353442,604.152298679729,577.277702742007,571.182982939793,570.244432744478,562.189243672972,577.16981903076,554.265480307538,530.836030958629,570.224100277356,583.657599611395,600.533611386599,618.528875682051,650,680.073525436772,688.055289341113,711.719886760548,766.893082508898,759.208594534129,728.868986855663,735.277369617456,741.865900964707,713.542316921324,699.842737160291,689.655711206686,580.229988761237,592.663479556485,564.159077909023,570.094477143725,509.970529507315,491.762303595704,477.994793381726,493.312490782229,450.693909432999,427.200187265877,414.235086413684,377.966685837763,391.411216348928,413.114252769788,405.774932118862,462.4483229664,438.78365248877,452.769256906871,480.884601541784,495.415585670139,419.076365356005,NA,NA,NA,NA,NA,NA,NA,NA,NA,NA,NA,NA,NA,NA,NA
NA,NA,NA,NA,NA,NA,NA,NA,NA,NA,NA,NA,NA,NA,567.049331126568,585.987088821303,592.03988022837,548.862460002504,553.679066819363,542.07295223494,556.228936105331,577.542467104612,577.16981903076,589.188957153133,608.276253029822,594.618414554343,602.079728939615,594.243216200236,632.455532033676,604.772342421689,593.473094586407,587.074323518568,583.856691572939,588.539830254071,594.243216200236,573.417605284446,550.014197215966,599.58660009784,632.455532033676,633.076140925725,675.646859552367,696.0393067797,752.622789674181,801.587612380258,828.402076289045,816.498195287603,807.000619578449,796.088966429288,800.390529679106,785.365613127486,770.221873097162,765.261393250698,721.543484483091,697.316284049068,680.073525436772,625.221850082614,599.374665460933,575.583886595309,600.520607473216,625.49980015984,572.013737207168,592.663479556485,668.22288258962,553.398590529466,475.544690597452,443.053909084293,469.95818971382,491.172067609712,538.51648071345,550.572203359905,515.687887565733,520.21630116712,503.153996479271,536.772763839597,559.016994374947,NA,NA,NA,NA,NA,NA,NA,NA,NA,NA,NA,NA,NA,NA
NA,NA,NA,NA,NA,NA,NA,NA,NA,NA,NA,NA,NA,550.679245475769,583.630876496438,548.292804986533,567.132485640692,561.805126356106,534.474304432401,580.48111098192,548.292804986533,575.543221661067,604.723411467716,612.882533606563,626.498204307083,638.895487772004,648.90860172458,670.820393249937,633.339611145984,626.498204307083,637.656905432962,626.770185179384,618.509428921236,625,602.079728939615,649.355797244575,632.867514731337,626.996810199223,687.175721670122,715.050231223529,813.941029804985,878.146684873497,878.208403512515,854.61426998921,828.467987055062,831.187181429845,834.415963413932,809.936992801904,819.488970525398,811.405063775042,838.15273071201,842.264851566083,828.02475808396,790.569415042095,673.145600891813,619.439258460286,632.256366455989,652.414560442474,652.228897326741,654.31261641512,660.492240681145,676.987265650638,639.342109957392,627.944449057096,606.371463160362,689.307282113667,653.601375529421,533.404268558643,548.292804986533,541.45400966034,538.94247319013,552.727239851021,549.522723192345,548.862460002504,570.906849449541,592.663479556485,NA,NA,NA,NA,NA,NA,NA,NA,NA,NA,NA,NA,NA
NA,NA,NA,NA,NA,NA,NA,NA,NA,NA,NA,NA,611.221705449895,626.996810199223,618.975363170559,575.15606365756,570.546272605755,558.348970508473,548.489466282125,596.691114691286,555.236321775093,604.669331122391,629.483915600709,627.547833676426,638.846616959032,726.722092687432,704.736163004857,727.562360173899,724.197521187815,711.073132666395,686.646378894944,679.153885360306,667.461116716851,676.696162221105,673.387586224202,667.34868303975,726.722092687432,735.696948478108,816.611313892326,880.433378443442,900.03469547165,882.526363679276,875.905617788584,851.515145546257,831.038506929733,845.575322057967,831.038506929733,827.909904433584,819.13522521182,817.579176786843,831.038506929733,828.402076289045,853.732710046268,787.667974104407,767.094706329641,648.556088553642,637.321916911616,656.701301592459,661.616972062701,682.367203197809,704.450140180269,713.91263707653,749.166203188585,772.831907141202,740.67065094904,684.347455882524,709.044555189978,535.919931406005,498.11791551599,513.138592915831,530.330085889911,555.188255569253,570.087712549569,571.486453540585,612.304074642978,604.669331122391,622.089374941074,NA,NA,NA,NA,NA,NA,NA,NA,NA,NA,NA,NA
NA,NA,NA,NA,NA,NA,NA,NA,NA,NA,NA,502.493781056044,594.594042120975,602.648351338603,621.346505361184,600.787187697582,610.694586267018,594.50386907329,579.87067523716,577.331345467402,604.714417646234,617.454451761423,654.31261641512,630.002602764507,692.469804772889,725.2109217682,749.880170259881,728.05668010255,743.156507750438,731.864058415222,730.101039603988,697.747027815183,728.144155755635,715.891053163818,696.609088313137,725.048362335696,746.735425715889,774.135673613304,806.216974818946,916.860300736457,917.059640018497,900,875.370449214921,850.395111352537,853.302408293801,853.366401547235,834.467332515788,831.132094237642,821.840348383441,815.119962286115,831.258032609518,826.513762740827,828.402076289045,827.967957117736,807.913999153148,816.611313892326,828.02475808396,716.555025778036,738.393345486401,735.733773819923,721.497382501945,776.611228350453,764.077774387525,784.758476269346,770.507881319626,752.080447824566,528.158647847188,461.827160963793,506.701297773382,510.442084841215,569.694112598157,580.859384491015,632.781523886939,575.563554128188,596.343022093828,570.809937899323,527.412509095058,534.661821819531,NA,NA,NA,NA,NA,NA,NA,NA,NA,NA,NA
NA,NA,NA,NA,NA,NA,NA,NA,NA,NA,NA,618.465843842649,608.276253029822,585.45043338841,613.371858567241,643.991530673898,625.309435979978,613.297568156417,588.836095205126,584.156837862086,602.157185490742,631.020922502508,661.78750738565,704.963886675762,753.905787701647,776.208734813001,751.269298117804,770.146090037468,745.821694508815,725.323387746327,740.396806228911,716.375578297038,752.995139033988,740.991314411569,761.7875494229,753.181115339632,756.925315561238,820.060973342836,934.152238515623,950.328890437411,925.337776166087,900.347155268455,875.35707000058,850.395111352537,840.506925911183,852.408776920029,851.46931829632,861.34581577688,853.496208113282,873.212459828649,859.228223619679,857.543074594592,876.480761404687,875.35707000058,860.530167964797,841.72740410675,860.232526704263,838.733067528195,871.98945811434,760.345316287277,779.692667284871,766.893082508898,785.437026196007,834.360312611453,775.641987315291,743.303437365925,630.971473206198,525.878624840039,530.613285854692,531.801748197589,532.036624040468,548.349682077835,570.087712549569,590.592719748954,610.327780786685,539.675828623073,554.066658868381,548.292804986533,NA,NA,NA,NA,NA,NA,NA,NA,NA,NA,NA
NA,NA,NA,NA,NA,NA,NA,NA,NA,NA,570.960492174936,592.582084395597,601.18878612854,594.40015098206,637.377439199098,613.374886326133,629.570553837156,617.036132810289,602.079728939615,592.855302718026,683.186820799855,689.958904486042,664.785427753013,731.864058415222,738.084017816449,763.751897753689,760.95212691319,763.216876123687,740.375725488477,759.126747456359,766.893082508898,767.146051647219,761.322358625002,738.24115301167,777.234972069044,780.531141019936,941.076511235936,951.971638232989,956.882960450232,951.314879522022,926.350365682445,901.387818865997,876.427407147905,851.46931829632,828.100101805104,850.43174955548,853.302408293801,860.958767886128,868.024024191341,865.009624749501,861.378076688479,906.020702780234,894.427190999916,880.731173998717,885.13050701274,876.666778402544,880.814859478525,886.70739254841,864.058463342901,880.128612847526,903.093076303405,919.238815542512,855.90730477017,875.738650958069,871.686525469473,875,861.309798688975,555.601411251406,535.023363975817,515.388203202208,506.211418282915,477.62432936357,476.406648384044,427.931069215592,475.706612001075,465.34181715396,473.665842532484,480.884601541784,431.85276794395,NA,NA,NA,NA,NA,NA,NA,NA,NA,NA
NA,NA,NA,NA,NA,NA,NA,NA,NA,527.658692649114,579.951288093344,632.702488546142,617.548771114406,594.413154895444,587.152600323039,576.376852813035,600,600.559585509876,594.243216200236,605.462500421029,680.2677079161,696.553514572249,772.253032083763,726.722092687432,725.430906427345,809.706737035082,785.015923405379,779.078276278095,759.528177851611,798.827265433523,778.620575119872,831.275525593112,886.002257333467,895.524633084179,902.452656061735,919.31083034823,931.281003545496,940.946640448739,936.622737707606,946.465428957835,905.616028275131,893.633331377762,878.208403512515,853.302408293801,833.704657602633,838.525491562421,848.212158582093,850.653128737796,866.920619374925,880.573133127311,878.208403512515,894.427190999916,878.274921623029,873.212459828649,880.120337726764,863.32225731199,870.811144904315,883.883476483184,874.642784226795,877.852493303972,887.07440320635,910.013736160065,852.560727576373,852.09327051761,851.46931829632,850.486667615738,845.320632787212,826.574544932651,841.167413257437,549.957485491353,486.564573340266,460.977222864644,446.494529878426,452.769256906871,431.566912540802,450.693909432999,460.977222864644,457.607239319691,427.843541924676,452.769256906871,NA,NA,NA,NA,NA,NA,NA,NA,NA
NA,NA,NA,NA,NA,NA,NA,NA,564.414742145045,571.182982939793,571.026526944285,629.483915600709,625.49980015984,585.98058795568,585.314873517506,568.674174008586,567.055355817253,583.630876496438,601.086121097488,723.323154314882,746.470338446636,762.155227559623,776.611228350453,752.136292059567,831.038506929733,811.249036979398,803.70146157391,790.731146529061,806.535933981104,804.745520881824,776.811391174786,828.402076289045,868.852361533628,877.852493303972,896.172416446746,901.387818865997,913.520417413395,919.458734145537,929.225252094219,928.169864050184,916.929304014214,903.465549979633,870.001220257389,855.862138431184,831.038506929733,827.647267862342,825.378700960959,814.976422293953,827.43831372127,875.391742135842,856.052980019368,850.367567584747,838.525491562421,853.302408293801,854.593716361166,840.198018327875,867.092579801977,880.695747690427,877.852493303972,883.883476483184,885.090454091355,887.764045228235,883.901147087297,838.821543462979,844.940748891561,837.832766242836,820.254445530469,805.062109405231,845.88475097682,793.555523070045,777.64101856978,585.327851586238,436.606229914325,427.985699069006,429.023666283862,443.001128666734,427.931069215592,419.159594028407,436.748452924563,424.367776526604,450.693909432999,NA,NA,NA,NA,NA,NA,NA,NA
NA,NA,NA,NA,NA,NA,NA,NA,561.085881604277,553.714342218363,544.904054918513,600.05836663903,608.276253029822,586.172247075607,621.316289721072,631.099951432438,592.108863105059,619.30220375959,717.609220367817,778.264173231318,792.695262660122,730.152638208713,792.518232898687,790.43304585642,828.552423467167,834.509382596384,823.974971083533,824.71564890267,803.50793399941,803.893159842124,831.038506929733,838.15273071201,846.17584961043,854.400374531753,869.626356546304,873.270460247091,896.110741302008,930.557041731498,926.371430607209,928.094413254352,912.652881199347,903.241034644044,883.883476483184,859.142013871979,834.415963413932,817.389136213591,826.513762740827,831.330530274758,854.400374531753,854.418646580496,859.237388635438,840.511575097158,838.537539716449,840.461055047907,862.046982478333,873.266075082947,887.878154469498,912.414379544733,873.212459828649,883.883476483184,894.427190999916,901.495642832173,919.918474648705,856.659686101111,850.367567584747,828.279351519956,816.611313892326,792.895409120664,661.393023234642,652.628993353846,647.034373287482,525.594901040716,559.211299576517,500.62460986252,465.026880943457,451.757525013358,471.781568797588,465.026880943457,480.559459674624,474.423716033715,491.345802697702,NA,NA,NA,NA,NA,NA,NA,NA
NA,NA,NA,NA,NA,NA,NA,479.454117661131,542.989932865509,531.623858145268,531.261942387334,579.87067523716,588.535948915978,540.653113807431,585.234995535981,583.791972352552,570.649038624559,628.271451717484,794.512429103535,840.773698766896,751.665900457405,781.654987771645,818.931267778396,816.576879041809,840.014880820572,846.070164817516,822.490820014312,814.324873745117,801.56097709407,818.91696770796,818.91696770796,820.673429469718,831.038506929733,834.68454661815,840.386815698581,861.238253117116,867.816989542074,950.328890437411,926.350365682445,931.337962208199,900.373171858394,912.414379544733,864.10250804027,863.133825081603,838.525491562421,813.941029804985,822.344210169926,822.344210169926,861.985922277688,873.842251634609,863.617260181904,831.038506929733,827.647267862342,839.04090462016,844.262745781211,872.13817712562,892.328414878737,912.469900313482,886.002257333467,886.024279682152,906.739643069849,910.455861900163,910.234799030114,866.386172558173,828.690416814135,825.892888831546,859.332133304379,870.060446356576,808.514093474749,816.798488508143,637.420224720345,604.152298679729,548.292804986533,555.664466294728,520.314249061076,493.0770730829,482.288694739497,493.389989015926,461.393400527118,461.185311695881,450.077403624771,459.820408475598,NA,NA,NA,NA,NA,NA,NA
NA,NA,NA,NA,NA,NA,515.388203202208,534.468130731784,535.081519783908,538.51648071345,524.248420976014,550.127252069484,559.016994374947,555.090082779363,565.66671605403,598.484034600764,592.132201130266,663.381276371738,853.346221691937,826.739387381142,801.56097709407,809.706737035082,808.356315716665,855.149833064524,831.038506929733,835.774518680649,850.63084471076,838.382421972028,834.415963413932,832.769453377885,807.823021469298,800.623434863006,827.647267862342,811.131674316083,817.64558950481,831.640833477099,871.632485852504,950.328890437411,925.962554022871,925.86369830037,912.896057117583,902.008562775144,878.096052352635,867.827747885489,843.35638967165,818.91696770796,812.073532098975,817.389136213591,851.600503592556,869.626356546304,863.8902886534,847.832032249739,831.038506929733,838.145960832911,846.019968947758,876.485267885032,903.119593409422,908.656275317947,892.770547910771,887.764045228235,879.310781701873,868.536364599521,863.972596260298,942.403841248538,848.114912087267,831.602177892197,853.773302514596,874.794108313386,885.452170577842,890.18155821451,783.41996899547,608.842371866136,637.414168643096,665.676347784717,604.988959138367,604.669331122391,492.962164330686,493.250146255828,506.440837905897,485.40776948352,459.619407771256,437.321392113398,458.938993767145,NA,NA,NA,NA,NA,NA
NA,NA,NA,NA,NA,NA,491.172067609712,522.089942309389,520.21630116712,518.829348046849,517.862603409225,534.468130731784,534.438958160799,555.599108836143,577.23734043592,573.01087479102,626.996810199223,840.461055047907,849.00649396689,855.304454165703,838.525491562421,888.285921404262,844.811024504165,859.919080793636,860.801734944864,867.138305755112,863.468458396445,831.076076513173,849.19125452631,832.769453377885,814.248335576953,789.382670192347,831.218660807908,800.265511715723,802.022622969023,915.717874097518,975.344478889852,951.93903777118,951.93903777118,952.329767215051,928.831560010244,903.927772373374,888.0090979363,873.212459828649,848.896342317482,824.621125123532,814.137749824303,809.706737035082,806.225774829855,806.295566033394,845.946215784432,840.83411672042,831.038506929733,831.595104463835,858.551359341343,880.42502484266,893.354017525149,900.347155268455,889.025126052114,873.274641908606,863.495801958527,848.776805821774,910.013736160065,850.944101130706,889.010861862646,801.56097709407,840.386815698581,900,883.883476483184,874.336407512041,894.514198848242,760.345316287277,793.842950765079,649.752671686282,638.846616959032,604.152298679729,540.832691319598,490.364229931139,485.41219597369,503.238317665948,522.640116560927,450.693909432999,455.436816014637,NA,NA,NA,NA,NA,NA
NA,NA,NA,NA,NA,448.87166262389,475.657439761011,490.959308941064,500,500.647974502439,509.901951359278,495.502953188804,527.375577743225,543.485160887524,564.115174562747,596.502696619906,740.354644748042,855.131568824354,886.70739254841,917.277264074228,937.083240699566,887.028729885864,867.968379927105,863.501791787163,892.328414878737,867.827747885489,852.164467082748,867.827747885489,878.096052352635,923.670100531256,813.192004150541,789.382670192347,795.133652900912,799.921503185312,783.552289251581,977.880360780397,977.880360780397,966.818983470688,929.393274052427,931.08467058493,903.893530689523,916.276957815159,886.97886157347,879.275269753449,855.131568824354,831.038506929733,807.000619578449,813.941029804985,799.7026720279,795.155351437047,845.946215784432,814.372786548132,799.622659925597,844.641579008031,838.894914480706,853.851391412777,873.328460665532,828.467987055062,843.35638967165,843.391824082837,854.518915515259,805.845236187806,817.852744911343,897.661695183692,830.522517506902,852.809118220046,901.387818865997,895.256226142659,906.816560122787,900.347155268455,880.067410315831,881.227952019897,772.05176423518,625,576.633023150837,575.013580541527,583.161876050936,537.922675158216,465.534976450451,496.835342785359,510.914520554052,491.172067609712,485.41219597369,451.285102922805,NA,NA,NA,NA,NA
NA,NA,NA,NA,NA,450.693909432999,456.207189772366,475.041022114057,477.62432936357,474.341649025257,480.884601541784,500,537.003650786008,588.430114796991,571.486453540585,601.040764008565,717.619174919857,884.835250714337,897.566153550812,951.681606391924,941.408519188137,917.26983339674,933.407735129724,903.119593409422,887.764045228235,878.208403512515,856.274360921009,884.687027075595,941.818085907596,973.746704015366,840.190647565955,805.417583606707,803.586851978223,835.918013946208,1001.87345892163,1002.80855600658,980.425698857089,980.736608518545,980.336970021808,931.688564094495,906.854760839319,916.864560428302,893.794302182777,886.002257333467,862.046982478333,838.15273071201,814.324873745117,822.344210169926,825.698051704735,840.033372804854,779.30235550668,789.496976370719,806.264498485863,823.58471027566,829.363409717097,846.084293347229,801.628972625125,797.572080982098,815.677064928532,839.140699900401,875.756812906752,802.121425350786,782.499715421413,828.866771344482,772.212646328894,825.378700960959,930.019938028241,919.238815542512,944.354159757273,913.795335274167,875.667244381271,851.767915192623,761.577310586391,605.250195082275,586.644762729611,555.188255569253,553.398590529466,548.862460002504,527.471175071132,527.712005582634,493.250146255828,487.27914121212,506.211418282915,501.854705969358,NA,NA,NA,NA,NA
NA,NA,NA,NA,427.931069215592,444.889781248005,450.693909432999,450.693909432999,456.292495222339,452.923500328378,492.458744664633,555.090082779363,580.399927456445,599.58660009784,627.110261807061,651.592075063306,716.623237634051,912.5759220025,883.582772268088,918.205249817182,946.374661537385,921.954445729289,903.335416825929,914.690731063421,892.328414878737,880.093523039821,903.565015078912,920.015728287646,953.273539331399,969.212985823348,855.903336037082,801.194298693812,816.789169486883,817.563308190373,1001.05130231251,1007.78221853732,983.600213966136,976.448683315296,958.18839483684,933.407735129724,918.579781808849,897.065698010605,878.917360044321,878.185784545133,869.626356546304,845.946215784432,822.344210169926,813.941029804985,810.900235770983,789.688768810895,779.103714933751,772.261839357583,795.560180349536,800.41979086448,799.608897556314,775.815998061389,785.015923405379,798.042825092813,840.325217753813,826.222783783735,805.898693959161,785.015923405379,753.01671145134,704.450140180269,688.266838830715,701.192447725307,771.767452021657,816.608646028233,856.137017867094,859.344702073587,825.378700960959,787.896825321324,752.080447824566,775.403120963541,699.214340747081,561.976852547418,549.715174320567,564.359465347939,527.449440446892,540.832691319598,535.095980567615,506.571567604076,515.388203202208,503.677285090034,548.462736931353,NA,NA,NA,NA
NA,NA,NA,NA,416.379128047038,431.566912540802,452.828941949252,437.336676439183,482.862472871674,460.315288006617,481.615611001256,530.878535014147,587.108218300528,601.245935105476,596.343022093828,661.910114743686,739.324317526561,887.938675160927,868.234240477776,883.936446004442,922.432497366955,928.041509599578,916.856041044612,916.856041044612,908.647688665952,895.383961598024,927.908353153436,965.012953280939,951.314879522022,947.122325236159,840.464746139238,797.996920903202,825.595248730445,805.683838671225,1032.67691256197,1011.18742080783,1011.18742080783,986.470982847443,961.769203083567,937.083240699566,912.762779198176,888.024983316249,884.536732975107,875.29268481371,877.852493303972,854.400374531753,831.038506929733,813.941029804985,809.706737035082,783.022988168291,765.028217161173,759.489714380173,761.816990703438,751.976649036543,732.15004288899,732.483389392869,757.905235340431,782.045000265026,741.233417178418,707.11782627949,693.150823563837,626.996810199223,632.949445058608,640.939280394083,631.217193398514,650.480591562884,672.750742402476,687.137202166633,767.460869229359,812.704685482932,824.428986455377,841.306474539492,831.640833477099,814.324873745117,826.53665044065,778.919296117928,809.051615619084,603.187827305133,566.871665190528,540.151494281455,545.004649401174,546.008241696039,543.419134698862,563.793779385086,571.332653842067,NA,NA,NA,NA
NA,NA,NA,NA,405.089921502305,436.606229914325,443.001128666734,467.071902474168,491.172067609712,477.62432936357,509.901951359278,527.610507395634,614.918693812442,604.210267234911,602.486555550791,637.377439199098,715.891053163818,751.809219633708,695.097695197625,756.065796790567,874.460738770178,934.07708461347,946.473517259886,921.954445729289,927.766039202285,929.696829107688,925.141765348524,942.00542019448,947.557837750364,919.370943271829,828.747084686389,755.683771113381,784.959870962639,766.893082508898,1032.63536698257,1015.19702521235,1015.19702521235,966.291412861706,965.983954318083,941.408519188137,916.856041044612,892.328414878737,880.695747690427,910.013736160065,886.70739254841,863.495801958527,840.386815698581,817.389136213591,797.505414845445,774.854437592654,755.810822891549,743.303437365925,719.809002444398,711.512473537885,704.303508545121,716.332452592614,726.790029496065,693.372357514501,682.825014187383,649.037749287358,604.669331122391,579.87067523716,593.262762792729,625,608.828233036606,630.971473206198,640.800280898815,753.936587559125,798.827265433523,752.080447824566,829.753246992397,853.710507000113,824.621125123532,827.948480947965,873.212459828649,807.30109317034,831.038506929733,633.047580506611,610.327780786685,570.474625692807,541.357002195511,535.369341376485,550.567888638631,561.902133820934,566.789202437732,NA,NA,NA,NA
NA,NA,NA,375.894204698613,406.970514902493,413.972521746384,426.166320886124,443.097288426312,467.038542306735,464.083649078716,480.656752320009,548.426857353888,529.740502510427,579.123706994165,539.94496691464,603.255253931219,636.722971634505,707.548584904245,656.220237420334,743.886358025251,881.367430490033,937.13315658127,926.547783335004,930.892135112466,927.707185611462,948.683298050514,910.360134773706,946.361403528957,981.681865926793,897.774088377034,825.880596995444,800.004881620989,794.801563367702,809.721574208373,859.853013460769,843.396677635919,995.489139223141,970.82439194738,970.82439194738,946.539193189633,921.954445729289,900.077989835236,875.633678881711,854.950818475019,896.172416446746,873.212459828649,786.695923869975,778.620575119872,803.527361191983,761.987532706409,738.706592875041,738.251732564746,735.774648937015,735.461364648856,705.060611347154,711.073132666395,722.488571826682,667.30986670431,642.748006609122,601.040764008565,568.94699588534,561.832883634578,575.583886595309,583.543828847631,598.750614825131,614.918693812442,673.145600891813,769.562524961642,781.424980404389,785.015923405379,774.758316019012,804.162361554807,828.034191039087,840.461055047907,873.14783389434,846.019968947758,855.244169935935,848.896342317482,675.722179239843,686.476510887299,629.483915600709,583.492855314415,567.900259629281,574.178416335589,566.789202437732,570.368510262319,NA,NA,NA
NA,NA,NA,386.914433588835,403.715069911201,450.900036541352,442.728256760039,453.519465606925,465.900824216619,485.932176531421,502.586721986716,535.635033571183,515.716481739919,509.901951359278,583.806631055408,581.658791163559,594.243216200236,592.553443846403,625,806.479374678742,888.147933932765,948.683298050514,954.684010607714,941.471672466293,934.252070279032,939.337773354,928.773658650163,1020.50466708185,888.104639569179,895.168675269921,791.439647190067,791.923853192584,805.129924696855,786.661952104621,853.302408293801,832.19489411171,995.434545443213,976.448683315296,976.377048981014,963.485819116494,980.691051967612,903.465549979633,879.828083481263,855.663964782442,906.228448019593,805.110572159561,781.424980404389,756.134101525308,731.991271484817,721.110255092798,715.174709569301,690.65117628721,700.446286306095,707.746226974984,726.754315093447,693.271231193102,621.321545233694,595.01213579523,596.318086737313,564.025708633924,537.117641959573,548.862460002504,540.832691319598,534.884685478263,588.502778564532,585.331752935573,625.76782970738,699.481819577877,746.478040067174,760.477728168952,764.903930925667,789.900188495474,872.20079230315,863.133825081603,823.636473910294,825.378700960959,840.019530006547,825.566302395179,850.367567584747,860.727913057822,880.695747690427,778.620575119872,764.852927038918,708.832775525793,571.059718092449,570.155906413463,NA,NA,NA
NA,NA,395.284707521047,403.437138340238,458.938993767145,447.213595499958,459.804886134643,474.341649025257,477.689402720222,500,506.211418282915,515.388203202208,509.901951359278,522.163920749547,594.243216200236,619.663310043714,618.970920156997,601.555756976946,699.561843393075,786.111503156213,868.975722167202,940.175697810365,950.695992008499,958.492295756964,946.465428957835,917.572730831276,910.314528015732,910.059407207949,886.386896371781,825.892888831546,798.866347039662,783.027054835842,767.014559331918,754.906918036443,858.420294841326,961.103768589437,970.026171403193,976.281209488332,958.640715203127,975,950.328890437411,910.013736160065,886.966305201056,862.046982478333,839.437612524565,801.880074510346,790.569415042095,780.147858984607,726.840519506481,720.656113088753,672.721777359808,665.676347784717,671.051721554608,617.492363471313,604.669331122391,583.630876496438,555.236321775093,577.16981903076,555.090082779363,530.534745760499,505.593710403917,525.059389443581,525.594901040716,530.592651025653,584.71318095575,594.606880372587,662.524274647277,641.22306760369,763.216876123687,752.080447824566,762.163275906866,785.282813398794,835.995634935117,871.640781093817,867.919872817791,827.647267862342,840.014880820572,838.711009667971,851.46931829632,863.495801958527,886.795325003156,890.441773299836,833.617319901752,737.084625057076,750,625.592920721075,625.099368063233,NA,NA
NA,NA,403.132249242931,436.963811013861,447.213595499958,469.707355701398,465.159762928676,475.228029923367,485.966508666673,493.20318303406,495.906776043513,539.675828623073,534.438958160799,530.915582554171,618.629197746583,642.892564231697,654.31261641512,764.984804462976,768.062441183863,775.403120963541,775.483557317449,831.549277213898,942.403841248538,919.238815542512,933.723559392183,901.603466798349,882.574134495716,877.852493303972,869.626356546304,831.549277213898,794.600535953417,771.767452021657,761.577310586391,753.740671584067,832.020399934102,794.512429103535,928.035559663529,926.350365682445,953.086739307534,941.076511235936,941.076511235936,917.196816392207,872.665666608393,862.170784866178,824.335788602768,800.390529679106,775.403120963541,781.424980404389,721.248832280776,690.65117628721,662.190901844535,637.377439199098,609.282645036811,590.021186060297,566.789202437732,555.090082779363,530.933403322657,531.507290636732,538.667123312515,477.62432936357,548.321243532184,515.64337064817,538.930820765098,612.882533606563,583.630876496438,600.026019100214,658.379051819523,711.56720578321,719.959690644034,729.103291009563,738.458033849727,729.039685896224,806.225774829855,831.224853290417,860.920814667362,839.086323470514,851.979077873819,835.659950037049,859.505704505701,886.70739254841,874.278115833686,855.131568824354,797.260935955099,725.430906427345,695.592416583916,650.671232963351,640.244712031324,NA,NA
NA,NA,407.14184287821,436.606229914325,443.001128666734,447.213595499958,460.977222864644,491.172067609712,491.172067609712,500.686876989393,515.770953683381,656.220237420334,594.243216200236,589.788062092295,645.450541088,730.154093325512,767.095755446176,806.225774829855,779.34942876863,732.038528866392,810.47373900167,910.396837160215,890.420426436511,956.882960450232,915.491671180028,902.227534549606,886.720600706908,866.746791167986,840.386815698581,828.024672075694,803.50793399941,778.670615332435,768.559868497951,750.416550990182,726.786367259029,707.990112925315,703.247489228569,770.079028511821,900.347155268455,743.19475354027,901.387818865997,901.387818865997,877.852493303972,854.400374531753,825.255490975868,798.827265433523,764.852927038918,721.672949688199,695.344320781785,667.158983177385,641.1826594575,610.327780786685,590.021186060297,570.087712549569,548.883777860455,530.344800949246,506.380060656269,505.593710403917,480.43433672277,461.352367022889,498.464889003175,537.038341032584,570.866230931993,604.669331122391,626.498204307083,664.989053219587,679.625200899495,696.225270928462,726.722092687432,706.260217907789,729.939900067398,762.463468578515,756.779676284397,825.454285344161,846.130120597166,863.162679093279,865.116687176676,871.885141445636,881.256343833402,871.389475327883,886.363639131125,874.24426717031,813.941029804985,805.405599166007,700.13841415833,701.316930610759,702.266612698707,NA,NA
NA,NA,425.870553782737,459.619407771256,445.112345369121,436.205706837992,452.769256906871,467.038542306735,515.50890565133,529.740502510427,532.195033230188,625,649.037749287358,680.455525371032,697.316284049068,752.080447824566,775.403120963541,735.535799393042,730.474802445087,798.827265433523,775.403120963541,925.534510354461,776.244882241802,819.523052686043,887.725288636879,910.013736160065,896.302801507227,858.101962421137,850.367567584747,831.150879029362,820.730175609541,795.983845643932,782.623792124926,743.303437365925,738.367710120526,710.633520177595,697.826291859284,726.780241085537,728.8280835611,784.933197321804,820.65805802462,872.127577516697,877.923574663633,863.495801958527,818.91696770796,809.706737035082,735.272058492637,697.316284049068,673.145600891813,638.846616959032,583.657599611395,567.061006227858,550.567888638631,550.567888638631,527.804920856577,510.611172477624,494.695936531804,491.053413165264,480.234317807464,466.032711625096,474.341649025257,582.678569703611,586.605027165426,611.976438833479,636.396103067893,653.146333166378,672.73330380594,684.340282862542,712.880300767252,730.40737404632,750,755.576867947497,756.238025491302,851.46931829632,863.133825081603,877.459512261212,879.275269753449,887.156571441941,910.303589802318,933.566224412996,930.575143197264,965.011289333647,952.955927627296,867.124979913422,867.827747885489,756.130999860459,691.983572406767,NA,NA
NA,412.404871608405,450.762825437241,450.719851276422,436.606229914325,436.606229914325,437.463385527231,456.207189772366,483.204993688136,549.588176070908,514.78150704935,625.63555904055,642.748006609122,697.394534105493,725.341608378368,761.577310586391,711.247218508065,742.621611214489,750,773.346104388722,781.259944450712,760.376116144755,751.881831352861,766.893082508898,748.063259305129,928.035559663529,905.887857867421,875.875076425404,875.512157190926,852.95479819659,828.193689113013,803.381092818865,771.184502437454,735.696948478108,745.821694508815,715.169801623481,715.033856763642,700.496334479522,693.316248881347,789.681254625755,666.931715419195,853.551283937986,877.543828320478,859.250858574143,765.022149760188,741.69741616142,687.030251636127,626.304146585175,599.689284201768,618.66665285426,566.134061237918,503.298061681485,516.169709022564,540.832691319598,502.936844058821,475.788118805531,480.234317807464,500.62460986252,475.008217997013,447.300603348284,475.901308666328,625,626.996810199223,626.510669454387,625.49980015984,625.648270647831,632.455532033676,648.943540702156,708.574597693999,729.407675959026,728.36174180442,765.851875653445,824.640064519468,848.896342317482,875.518288332958,878.595560714276,869.026789333817,891.719073469787,910.013736160065,925.004222202076,929.573792213842,938.416218956173,935.355331817865,905.661154220795,885.607721318587,834.015069051998,790.731146529061,768.244955980931,NA
NA,391.419314346169,447.300603348284,427.444277859576,429.383549903339,413.823633931171,456.207189772366,480.242446354143,501.911443778542,548.862460002504,579.87067523716,638.271643241416,697.316284049068,721.899190927052,749.166203188585,738.664335134708,710.633520177595,750.416550990182,729.292804546992,796.440653987438,798.846806236593,794.824638749842,800.238939791813,760.527939751916,901.734439843572,919.272760919847,906.652841569127,887.764045228235,884.678191773538,862.101222354331,817.077500868134,797.358450623225,781.024967590665,763.216876123687,755.810822891549,735.272058492637,732.1876747511,721.336351048616,707.641946121739,771.517437786532,693.271231193102,828.645842649619,840.944650515428,716.801054579668,672.866010430763,629.794274360889,620.929301744461,548.321243532184,559.016994374947,553.006250597145,477.689579074667,443.001128666734,443.027518875514,450.693909432999,463.254959587444,460.977222864644,469.757148223934,471.69905660283,495.353162872537,477.62432936357,492.442890089805,563.367746812629,622.235360158419,610.327780786685,632.455532033676,627.096176774397,656.267721191608,675.278953550613,775.585378135685,805.711519343344,822.739423183478,831.151012965325,807.441132217076,930.963347123819,868.246811704545,845.799392710758,887.098825112161,908.996463396617,884.73116039997,917.333334695204,919.272760919847,801.851272625831,831.038506929733,868.336664744953,859.232725156194,889.229310635964,807.106830013473,828.14745928099,NA
NA,382.608505224835,404.622867988934,416.203571111341,406.970514902493,422.488740924485,469.707355701398,493.548019833627,517.944588071015,540.449823170638,642.748006609122,662.050558320538,662.483211068656,705.999362542257,740.354644748042,739.595274033114,725.463186083848,743.636783869804,755.255276638093,738.576744659345,855.490074196319,950.903714836712,769.308175640601,862.090509889465,902.645922379053,908.639092269312,896.228857652352,885.330733466613,878.350280336782,862.046982478333,785.015923405379,741.04183749539,765.059387302263,776.611228350453,766.7680982545,753.181115339632,755.810822891549,725.086605121266,665.036648427911,721.110255092798,551.338243105157,605.361201222389,728.901114517409,560.445912015291,601.435147575399,629.428692278298,613.05272949032,534.955236276263,509.978330405724,491.006361053164,459.287705944252,425.73465914816,454.936525504352,450.956473772622,460.977222864644,467.155055164138,459.619407771256,467.211618047173,491.172067609712,506.809491039829,564.169677546763,651.920240520265,564.199095477835,613.980199661239,625,650,680.073525436772,697.034503718077,831.038506929733,822.840494823782,855.131568824354,807.11612915704,843.823654491817,951.314879522022,950.328890437411,925.556258877272,950.328890437411,926.350365682445,878.54422933556,906.510408521104,929.154271961268,901.734439843572,908.733474451198,937.083240699566,934.679816362125,877.458354149789,875.142393692261,825.892888831546,NA
NA,401.97584296683,413.067098246469,416.082924427331,403.964439394273,445.285178474097,467.170864644946,445.50896730651,548.426857353888,553.937732864727,673.543116618796,671.016094720404,682.726027316166,716.60665029522,747.4939488487,738.458033849727,750.371323175973,783.022988168291,787.395233054228,842.287404829427,863.495801958527,794.590938542877,919.238815542512,838.805907516468,881.044255634021,920.17185682966,888.539865788795,890.408227308557,870.7037383634,857.145923468252,832.541290267336,773.18253162882,781.424980404389,790.657957437534,785.154760696297,770.307718495293,763.216876123687,692.013412099413,592.663479556485,621.273827784085,561.805126356106,675.462804305315,540.897385699304,604.6035238304,504.635497746976,589.851708626412,582.940720610953,530.330085889911,413.132361021324,450.693909432999,459.653353148591,442.365580199985,433.80889184228,427.273089168033,443.87850188615,439.744133921006,406.970514902493,401.97584296683,425,475.260304899342,515.388203202208,584.514398245421,629.483915600709,607.51799838142,627.096176774397,626.904449364634,686.914757915528,723.689260827196,847.384199139312,791.900122430014,831.038506929733,824.781559668687,870.414612615514,907.860514890211,925.337776166087,925,925.337776166087,926.350365682445,902.44433104607,905.881021356961,908.639092269312,912.584990444677,919.918474648705,922.365990059961,835.53874835342,819.449064721751,860.232526704263,797.60767425566,NA
NA,391.784291715206,403.112887414927,407.223385807035,419.18704915425,459.619407771256,465.143315544479,555.749959896895,580.229988761237,577.23734043592,637.377439199098,689.033539134754,686.476510887299,682.367203197809,740.606192404096,768.14872935297,789.735801787524,759.734025865759,787.401636795935,832.813828867937,828.076521718593,906.498060966334,949.981614910616,914.234095675163,865.083323881148,945.22587681332,898.260444116194,903.525999895134,890.224690738243,875.275056433337,849.387857901887,783.340877184535,809.706737035082,805.137780465888,785.266500730377,781.424980404389,770.282076006883,626.498204307083,604.988959138367,577.596653959997,515.486525497981,546.498705875593,673.145600891813,627.25632592422,581.93478353416,532.553685928325,512.95711321708,450.917046891455,425.844199253259,427.931069215592,442.295150323853,440.885553268358,443.001128666734,421.889689763959,406.989045154639,406.970514902493,382.426463519459,400.780488547035,423.614401084044,505.675208872555,535.119779040656,585.951151422305,619.162889514702,625.186388300842,625.186388300842,644.678184726229,662.234248617014,721.543484483091,753.837041883201,797.215445667799,804.538539856357,825.583942622484,828.222511561695,911.021615016999,900.768396796549,900.274430571616,900.347155268455,879.132233455337,903.119593409422,905.538513813742,908.639092269312,909.230598484016,906.361292932406,900.41229147835,878.565545881613,903.803996319535,889.25075988205,853.37996349675,NA
NA,412.310562561766,411.199025565221,445.112345369121,430.277324168564,450.693909432999,475.901308666328,555.090082779363,637.377439199098,637.741009232127,639.423204403648,700.446286306095,704.516556205426,698.989328344929,729.485435290662,776.834993359867,767.769873285376,867.228177822123,843.35638967165,862.046982478333,859.299023143049,861.022193737938,912.743979457744,865.116386625796,866.058349184455,875.312385481779,906.763370715579,887.44675157205,903.205770193805,884.810003613021,839.149749322324,849.264387573151,823.47366329194,820.060973342836,800.468464787114,798.827265433523,599.339893925269,571.182982939793,547.313132749772,553.856372973602,515.171841232434,582.029478362718,618.975363170559,625.83347057982,559.016994374947,511.064362735815,474.618412698968,403.887360535088,399.693567190743,442.295150323853,437.655705046388,425.73465914816,427.942845409038,412.310562561766,413.823633931171,407.229749529377,398.032598034041,400.935239205921,465.026880943457,485.41219597369,549.602167778276,609.119675018901,625.882312178315,632.949445058608,625.599403045862,629.570553837156,660.568782283382,744.706693592778,767.238324341331,792.02758822398,843.968173626996,903.291299004862,913.662171982293,925.35415940758,897.430738531449,922.585544336807,901.395525337102,876.503023859244,880.695747690427,893.727052188573,892.549481394754,887.764045228235,892.328414878737,897.566153550812,902.452656061735,910.013736160065,939.507786065423,928.236727205502,NA
NA,410.030486671418,419.076365356005,443.819178655281,450.745793119846,456.873239885758,500,613.05272949032,614.982087761167,638.729649076545,634.412354789567,708.2893863268,728.868986855663,728.868986855663,752.582743143303,778.620575119872,777.971910314936,799.906351167545,831.616269666259,825.407058047226,851.473865442584,873.788355925012,840.264508800058,1009.17618407257,995.615387586994,970.787934587228,949.26695833738,902.570205845611,925.063172023587,892.441657428578,878.020938487565,805.958802499183,853.346221691937,682.694423721933,677.455550651273,604.669331122391,587.214052419516,520.21630116712,498.121471129282,529.740502510427,555.090082779363,535.023363975817,583.814398894929,498.16496762809,467.038542306735,485.41219597369,425,395.683651017858,360.555127546399,340.036762718386,383.475578305066,403.12256832893,403.132249242931,401.273683804038,410.536778992692,397.756821604683,397.367108124457,442.312799782425,436.606229914325,453.588546977665,510.294275101314,615.199428129775,636.476772975228,630.971473206198,637.377439199098,676.919831943428,735.272058492637,736.465831734529,858.483801210195,901.781990768199,896.036744224421,937.414381943012,944.426127836139,967.743153895545,983.067433073889,958.18839483684,906.006008413798,908.673458366581,920.230090460596,916.856041044612,922.156928633229,927.698765763974,979.436994410753,933.897515278609,915.614747492354,945.833616094704,940.444765269043,950.328890437411,NA
NA,412.348389346001,406.970514902493,436.958421902291,442.408959542004,500.62460986252,568.412214278467,605.18592184551,779.485967876174,732.220074138623,772.088709254209,770.27751581062,752.080447824566,741.981283827568,740.098697432051,825.741471880594,823.183118602083,825.698051704735,831.038506929733,850.440938602474,871.114088911062,945.229272051955,853.302408293801,836.196403223543,986.601649546685,961.769203083567,977.142550506651,886.977200900131,910.598586134306,846.130120597166,888.539865788795,885.330733466613,870.7037383634,661.781591533747,664.421636748032,566.837282538831,540.832691319598,522.972833602338,515.747010684913,514.310920703754,514.789090751261,520.21630116712,595.992214776204,484.153471910669,433.361246633228,422.752891405087,391.311896062463,369.194069299512,364.005494464026,347.771635922841,391.411216348928,390.512483795333,395.480412018394,403.112887414927,407.826695927682,428.147948233061,427.200187265877,459.619407771256,445.112345369121,500.639872526018,555.366079482505,661.910114743686,665.676347784717,650,631.09427472825,695.153920814774,736.282307829517,788.573354807958,829.203525657465,859.19357562575,928.592892932876,952.955927627296,983.067433073889,958.593297873979,990.698658409492,981.009176938296,922.861166484439,942.143916007118,928.165663158309,951.971638232989,995.412403973469,1036.45488853935,1004.05428140116,1026.01876053793,1036.1782771615,1029.29627506519,1007.89322204771,1018.20806822461,NA
NA,395.284707521047,410.245107928849,437.321392113398,467.096798735436,527.375577743225,657.647321898295,682.594802244211,760.345316287277,756.751776618792,776.611228350453,756.530995852354,805.062109405231,782.623792124926,817.847224341105,831.151012965325,903.1541428243,862.942447213608,848.528137423857,814.424869632884,874.665092013309,870.7037383634,903.772675100681,931.704464778181,923.658030726966,962.525936617755,931.052034725265,893.573475871215,906.821495397104,805.739702891467,733.997626573072,703.2483563748,796.380791011787,783.41532242067,660.018939122204,563.196020621317,536.894896855637,517.383917996593,507.886454141131,489.794689102244,500,531.507290636732,510.613387963041,500.038941186718,445.251030924162,395.284707521047,355.725134053652,357.945526581909,364.306730375807,382.426463519459,378.318648760539,375.020810236483,388.104367406501,412.310562561766,436.606229914325,430.152529581848,467.291560893061,460.226574410622,455.964107566717,515.687887565733,575.909940145302,694.62219947249,695.071938722892,686.859184174639,696.157318594403,738.888997164537,783.022988168291,824.621125123532,819.397861783061,894.463060583971,905.643934324567,958.505180485601,961.769203083567,986.470982847443,1000.62480480947,991.459077970442,1013.03997946774,982.344135219425,989.002022242624,1035.91746775503,1077.0329614269,1103.84849817254,1071.82224138149,1108.29831913421,1041.71260766124,1008.33432547894,1030.49140371645,1030.47349848045,NA
378.380398923855,406.970514902493,419.297732952495,452.769256906871,479.552405506603,500.007807623282,513.116997307978,785.015923405379,691.856857969206,784.617741323761,765.089673412517,759.130524698542,806.225774829855,794.236370279504,832.639359335226,807.986387690064,919.315052550307,916.91561040706,906.060308577381,890.299037309599,887.834224903636,878.056237404709,884.975543131514,867.827747885489,850.394414568775,841.703427458817,841.358235030415,896.172416446746,792.662159315949,792.013159269845,689.751468367216,745.536035766309,870.7037383634,726.029289109927,621.087439483243,540.832691319598,539.906401505705,535.045231474115,541.696539520623,502.493781056044,514.796674453171,503.360095936025,506.440837905897,493.016522917615,456.207189772366,379.921302920159,364.005494464026,371.306749005004,388.617526159686,360.735688452069,404.011563952539,395.284707521047,385.336389261568,406.970514902493,418.224681400564,445.112345369121,488.411755323981,500.139842760098,506.211418282915,555.090082779363,638.614838250121,707.680507812656,695.071938722892,704.183060532685,711.191112286836,745.920681722255,807.441132217076,850.367567584747,834.719132946184,892.428649133609,958.18839483684,976.281209488332,965.983954318083,981.200572125959,976.281209488332,982.344135219425,1016.75869632132,996.242942258564,1026.33272805908,1094.75962411945,1069.78953782315,1152.86329247966,1112.08172351636,1094.1985002605,1040.60007939047,1029.69924067684,1047.30423139005,1020.16610854626,1016.45756849036
NA,410.030486671418,450.693909432999,467.303186983156,515.574976735804,530.995560207231,548.890073539111,764.863138694212,675.462804305315,795.157640103994,785.070507740216,785.173884446277,814.368466733104,831.038506929733,813.941029804985,814.686074393528,894.586070550741,896.25925615878,906.126181188476,922.462120372096,901.603466798349,881.095157550012,878.350280336782,880.695747690427,866.823605156298,848.97400164822,850.367567584747,821.083418206419,761.186952202082,765.894093795483,749.166203188585,654.6318810849,643.449816275143,611.263270131265,583.630876496438,526.164752064455,550.567888638631,527.478870565562,529.784672213585,536.772763839597,534.438958160799,522.340526408785,498.121471129282,474.102440972633,459.87160646951,390.512483795333,410.397074416832,391.621533917024,395.284707521047,369.640178551213,396.027589833021,407.318971824624,425,426.410524092128,442.312799782425,476.024022698642,506.211418282915,525.966645846044,625.049920254981,570.487612754445,727.111175181942,730.154093325512,743.616122004066,704.511653518799,726.722092687432,807.71064389651,873.25264667014,879.538668322386,886.194576852624,930.38970329642,933.569821709819,937.083240699566,970.82439194738,976.518962643099,1001.54992569865,1027.74023955472,1069.32011067868,1107.07949127423,1013.60604474968,1096.28794100829,1126.15212716617,1154.11461851654,1160.26390322241,1120.01515536325,1057.17546091885,1008.69471796195,1040.43260233424,1011.65042134833,NA
NA,407.121838033162,465.444596468879,500.671339142358,500.015615246563,534.438958160799,620.556554836395,830.21640702885,820.060973342836,814.06542825256,825.129256559119,854.208130067795,809.973384158765,806.225774829855,852.145183240288,878.484170806608,890.224690738243,941.109694486251,934.300766533714,936.082261342453,922.102178079338,918.854657417982,917.425655124463,876.427407147905,866.533950445102,863.133825081603,825.228219953197,806.025192085565,778.78045882701,770.710018450088,725.770270572289,627.39059010947,657.10137734225,582.467408170536,585.314873517506,536.772763839597,552.828985708997,536.286558486701,556.444733264633,566.789202437732,561.805126356106,534.72819024918,553.573319612837,530.330085889911,527.375577743225,431.903208590101,414.707588260855,340.036762718386,395.576852705584,439.521801624208,395.284707521047,404.040938688496,459.103893948222,460.977222864644,465.659232187043,482.830197895699,506.211418282915,541.189126106093,617.641965264827,629.033824990297,719.809002444398,740.354644748042,743.303437365925,725.520542362721,775.59361764366,820.060973342836,865.133925823036,995.301461869719,912.863762638525,917.395193184581,1001.00518958327,982.691605395403,982.344135219425,1035.91746775503,1033.27319341477,1102.61042403143,1118.31903152634,1138.1925246011,1154.32219349611,1160.47571385776,1179.6237792663,1125.83305660711,1086.57737917868,1064.7661769132,1081.6032025371,1027.76302423652,1034.4067480985,1047.02637598739,NA
NA,427.717356057697,485.41219597369,480.884601541784,510.039107655352,525.594901040716,572.883660969212,781.424980404389,800.556535125854,839.127765324746,851.950178797997,893.378419260282,785.015923405379,794.541906454496,876.520608014596,886.70739254841,880.508853897806,926.00362271776,925.367288536061,934.07708461347,929.069888303014,912.469900313482,888.104639569179,884.245723867502,877.852493303972,864.183161457547,843.35638967165,847.45815563262,797.339175798199,801.604741247959,743.303437365925,707.456868034204,657.102373849946,660.895264112222,611.05796877553,553.398590529466,548.538651281718,548.292804986533,565.685424949238,570.087712549569,558.844988558001,534.832357143158,555.313473425727,555.090082779363,471.949967736768,403.787971813358,413.880116193575,430.85384196261,450.693909432999,448.997256390641,459.619407771256,452.769256906871,447.972896951859,458.617886354824,489.621615929316,566.611277855246,548.862460002504,596.716013839602,651.666750127655,637.971380932911,716.622325531766,750,760.345316287277,761.689808768726,892.287225878966,895.668948287063,927.681090429506,976.281209488332,979.312672353878,989.002022242624,1008.84386345743,1036.13525908088,1042.47502596125,1063.9921498004,1084.83009197085,1089.31552815212,1111.67083999485,1139.55246512119,1132.97345591518,1145.36450322136,1158.12348219005,1158.12348219005,1123.61025271221,1096.7660048284,1030.17698886322,1042.06045621773,1054.75115548645,1045.21270909463,NA
NA,468.464237838048,467.038542306735,456.207189772366,534.438958160799,605.655447905055,733.509563941308,806.24514594857,868.229141100432,846.17584961043,910.312253899295,870.079571421972,890.224690738243,886.002257333467,881.636975702438,912.318668695524,941.076511235936,935.686641278595,922.131714806134,910.21034244442,912.822361157571,895.996672275364,883.529852353615,875.578890662049,867.827747885489,867.154412538027,853.302408293801,866.746791167986,831.038506929733,807.985301120843,815.340394809111,783.211648840136,726.807892703384,606.49099781146,586.228400564622,540.018897670732,570.087712549569,564.060252306471,559.016994374947,566.789202437732,594.893072517923,594.243216200236,579.87067523716,555.313473425727,523.44774691947,445.50896730651,498.11791551599,485.41219597369,468.446370968886,471.496490843435,493.116557557264,472.049398624596,469.508864945344,513.730299229877,544.383977205031,585.768725692999,637.377439199098,673.238193832869,686.789460420431,761.587566139391,785.015923405379,794.473932439904,821.01942663742,910.455764047269,937.083240699566,941.918621744092,956.99289021891,986.534258832322,996.438225737129,996.242942258564,1004.26349528028,1012.42283656583,1040.73291482493,1062.1322893124,1074.39093272515,1085.41466730462,1098.23264672363,1125.88514285922,1097.88412870152,1110.46161572564,1123.61025271221,1082.81896505855,1127.42680581309,1165.38620208067,1058.90397548534,1077.52165607549,1061.22148054498,1072.36713890525,NA
NA,538.51648071345,541.569546519947,534.762131697362,559.293762329313,590.732302504856,745.535891667063,816.241385865725,828.402076289045,840.601903849021,814.094028393432,886.91784997216,875.080210087813,893.586360721529,905.935173969177,907.975968467345,917.196816392207,922.75167231876,903.274550842852,897.01945008275,915.778620422329,879.350628311783,861.516477864633,872.174691750015,856.367830367776,862.046982478333,851.515145546257,853.302408293801,843.760618074227,859.685191723506,849.060725319493,778.067559609139,759.244547161279,710.644434898764,570.840792382103,506.226484096326,585.874656824339,588.811874863991,588.430114796991,579.87067523716,631.478971259665,608.744266959057,604.152298679729,552.268050859363,517.862603409225,500,493.156042031627,471.69905660283,471.69905660283,500.015615246563,503.445680804793,505.593710403917,509.901951359278,539.690289406779,535.023363975817,602.079728939615,651.838475700029,653.062530480836,732.204649216713,752.127077512903,814.151109314109,855.131568824354,909.48993009818,910.013736160065,939.375886518783,952.049347690537,967.950911689517,976.285005432314,984.824905458079,989.002022242624,1008.19410224091,1017.96365357512,1029.48903704056,1061.77682206734,1057.08903499534,1097.72492000501,1064.77385046955,1076.16216250154,1068.6049420247,1089.48611574011,1055.94622293829,1069.20934841278,1130.5419054595,1088.87367843239,1135.09547068537,1079.62064222112,1061.83127749972,1097.8708042791,NA
NA,486.161596154403,509.901951359278,553.398590529466,600.520382004283,813.941029804985,738.24115301167,803.381092818865,846.157569753115,852.082784535498,868.595047163822,839.258047970498,873.270460247091,867.872713102009,885.579331002432,903.119593409422,903.46316633987,901.500212059339,877.142183977578,875.235728729981,906.951359308357,903.87687309636,856.134254749605,861.175457602633,857.89248231537,850.395111352537,850,850.367567584747,831.038506929733,857.684205131552,855.989064470309,816.241385865725,743.303437365925,711.149618287189,631.008574676885,625.309435979978,620.987117418711,604.778453537482,632.455532033676,625,610.622655969189,596.870807835518,608.276253029822,529.162331777686,530.330085889911,514.78150704935,480.884601541784,502.493781056044,485.41219597369,493.0770730829,485.41219597369,495.137615965346,506.318544392495,542.356008217027,549.736492178519,626.996810199223,778.620575119872,759.645041438215,824.20924953844,842.384515260002,862.155191926897,901.387818865997,895.236384010951,901.387818865997,927.770127881045,927.698765763974,941.543444580011,989.14730702471,998.123238883857,1008.30396383819,1018.23700436986,995.582452996973,1006.23058987491,1051.48704224065,1063.60236930913,1075.01754710657,1035.90278521759,1048.50245055106,1054.81773407748,1081.6653826392,1081.6653826392,1048.2373488304,1062.18539386771,1063.71537778986,1086.65183503565,1090.17582138317,1120.61537984221,1131.98564870526,NA
NA,510.240596248283,534.438958160799,585.354650299089,686.07635925346,825.727747302619,834.918798674093,869.626356546304,852.012896834628,886.70739254841,878.656524375374,890.442732732031,854.477917072249,852.408776920029,860.232526704263,877.852493303972,869.689152060787,873.842251634609,859.031871005348,878.0071457719,900.602414259376,916.027797303251,897.61981134779,866.386172558173,831.07087542465,831.038506929733,825.009467524024,803.50793399941,829.584085806443,857.573360958116,866.968061092682,824.837869648801,790.81494290802,725.086605121266,674.005675492124,667.431602997179,664.656481948677,572.528408366299,632.455532033676,670.820393249937,640.530556881887,580.810269650267,604.669331122391,579.87067523716,555.642076185648,527.449440446892,509.367454345663,509.962945805404,496.546646404049,489.244634528295,514.976078194524,506.295739469592,518.34853054607,570.176238880584,604.848100985324,803.50793399941,778.620575119872,794.620300011785,870.7037383634,859.11420610552,877.927880593712,887.764045228235,897.721748333428,916.856041044612,926.367220683464,948.683298050514,956.882960450232,984.88578017961,995.301461869719,942.64303617315,980.772699161199,1006.31570724482,1018.20341536661,1029.87786586605,1042.73048688163,1059.5131902372,1095.73035004056,1081.6653826392,1047.21286896654,1047.60153886414,1061.1339574422,1026.83218597359,1035.72520681845,1055.14215839818,1070.22138378852,1108.36327302807,1098.91757071647,1117.99488219724,NA
NA,493.0770730829,482.997768309903,555.090082779363,673.885123705155,863.652566366643,886.602544304132,907.832065266232,893.987190429685,893.413344225113,894.402834152885,883.573991907669,882.148226330311,873.337358420746,846.130120597166,855.862138431184,845.946215784432,838.613591104566,842.146891811626,826.69135854983,835.53874835342,901.392142035418,897.566153550812,893.378419260282,831.076076513173,807.000619578449,795.745379102703,800.390529679106,801.975732156825,849.09145924607,841.685635246111,828.279351519956,811.316336800037,794.207353662524,722.542244180888,716.32743909472,660.107242423256,631.343437589538,691.465834296967,676.156061419679,660.258125950181,622.837964100393,602.247480293482,550.638656185902,555.7268844111,544.947947769587,570.635610525666,536.772763839597,527.449440446892,521.524391477328,560.880098368346,590.054073046255,575.319464707376,620.987117418711,825.392889233207,805.643942117543,857.001798747959,853.302408293801,886.70739254841,883.980490701811,888.459357763222,886.70500635362,903.465549979633,925,929.154271961268,942.403841248538,951.971638232989,958.286036722036,952.231415541541,949.243112093882,956.501006053921,993.548366934352,1020.41658159793,1051.51609005932,1026.6053386578,1034.18766613638,1105.01109904665,1090.26828248967,1027.16289067337,1026.21878758869,1040.61528720882,1055.42237569174,1020.14090372105,1044.62912078881,1082.43378859057,1100.94713995844,1133.57840487546,1099.59357120465,NA
NA,447.227570908477,538.09565670542,536.813586303854,834.45848385398,904.305992247631,933.407735129724,927.698765763974,919.306706297181,916.856041044612,901.734439843572,908.639092269312,876.111606095909,876.761059476174,868.675208692247,855.862138431184,850.367567584747,838.15273071201,805.110572159561,800.390529679106,790.667990393631,784.617741323761,790.569415042095,832.541290267336,825.982190528684,778.620575119872,778.30354622145,802.130777766774,776.721571831459,794.11900871343,809.706737035082,814.017529099208,796.621867893467,794.512429103535,750.68849735998,733.144411074038,680.073525436772,678.571091040842,705.779710674655,755.810822891549,705.779710674655,673.210405853062,617.454451761423,693.44417556802,775.523280994064,655.693607354354,628.183007194208,604.165224490795,626.498204307083,632.096391191504,619.516503763612,700.147124030485,631.914870027877,832.541290267336,834.415963413932,859.516345380091,831.348802323501,857.543074594592,903.119593409422,894.065000869896,898.370771011716,886.011071523654,893.586360721529,902.388336374051,910.690473773553,919.238815542512,929.062014984269,939.414711402797,934.143804948337,939.414711402797,958.352110676255,961.769203083567,999.401519227583,1013.5177539757,1026.7313446683,1041.20832793355,1086.28318388614,1070.31419382283,1051.66583277446,1020.18664439808,1013.1743673349,1020.11028815516,1030.88229817491,1015.71503627591,1079.41672207547,1090.32843963935,1115.37935570435,1105.10879023208,NA
NA,NA,552.916403790612,921.954445729289,950.524578735919,957.209485953832,958.18839483684,941.212700323399,921.954445729289,901.431113229583,903.927772373374,900,906.659872093372,888.104639569179,878.208403512515,861.022193737938,840.386815698581,840.709705513461,799.967603012485,778.620575119872,781.504799427374,770.450669275794,784.034412925258,788.062215415879,778.30354622145,765.383510670368,785.015923405379,797.721249752239,784.617741323761,776.821345726827,790.569415042095,797.799184860246,798.827525985462,801.56097709407,794.11900871343,782.823390146609,772.172260574025,760.345316287277,711.688433895753,738.664335134708,767.210412717686,777.162543264603,766.893082508898,807.774721070176,811.373845701556,816.796760764202,757.236727203979,760.360716216016,718.069936012901,674.214237198613,828.024672075694,809.14896535322,867.935243626269,851.46931829632,836.522096590033,838.6735175127,843.531669119478,873.945501082699,919.986215917672,920.380918256392,922.275180910806,905.883546599672,929.040730518676,911.081295600199,905.555762168888,896.172416446746,906.228448019593,933.407735129724,928.236727205502,950.328890437411,951.971638232989,964.689069078737,1020.24776919071,1002.58196898566,1038.35110572849,994.133266989539,1007.78221853732,1084.04489588245,1050.86790628333,1051.08899371848,1026.40021417914,1030.77640640442,1046.72107077292,1063.10248310694,1079.64114408446,1079.64114408446,1096.61763230901,NA,NA
NA,NA,632.331560336708,946.767646755068,985.203024761902,953.773005747325,939.57346199517,957.209485953832,928.035559663529,926.350365682445,927.698765763974,925.592082451263,886.137138830978,855.947380734451,840.44772961315,851.46931829632,831.038506929733,824.621125123532,803.95168593366,800.390529679106,783.200962515626,778.680684931642,776.339140952786,771.767452021657,792.615957329033,797.652806677191,800.390529679106,794.512429103535,789.412338813591,790.925642772654,798.827265433523,784.69213724524,790.263631565627,818.91696770796,794.973969912207,775.553667449562,772.172260574025,789.382670192347,795.711140802141,806.322215517044,832.541290267336,858.117518646264,840.608754995445,831.151012965325,831.038506929733,850.809616718468,881.056496235626,828.580493090654,809.973384158765,839.96666468453,901.482757981859,876.761059476174,870.127692995424,856.512349502955,860.232526704263,869.626356546304,915.8557234477,935.594156586046,950.922585097134,950.140536827946,948.979735843084,926.47494156062,910.184793782179,939.414711402797,930.557041731498,880.846038811876,894.917021824963,906.252057639711,926.535018340334,954.594154601839,973.621010937118,1001.24921972504,1009.02180353053,1039.46502081808,1047.30421220238,1047.76270413209,1031.26887415702,1030.77640640442,1054.75115548645,1063.28473689474,1046.72853349281,1013.01790533798,1031.27586431892,1045.55414396505,1065.51638869237,1093.44638643145,1078.8210743283,NA,NA
NA,NA,831.038506929733,951.971638232989,970.82439194738,938.288726138218,942.626617205375,948.339736825178,950.328890437411,903.39732069388,910.013736160065,945.05290857179,881.608274407972,896.949896464471,853.506457646957,848.212158582093,825.444852389034,822.228606000122,813.244600481323,795.116714798237,806.225774829855,799.122625362671,784.828386253115,797.260935955099,790.569415042095,794.581141774824,813.941029804985,798.785017310272,797.867130881007,784.855273008503,807.774721070176,807.327128422559,825.7539038294,845.946215784432,843.941149709059,807.263421309768,781.469867191902,782.623792124926,789.397504502969,834.017041780462,850,840.014880820572,874.642784226795,875.048852593988,867.89992630621,922.293337284836,939.747306460625,956.980536808088,947.6908995046,925.337776166087,903.115350934064,901.387818865997,880.695747690427,864.628195213047,901.57769709772,922.293337284836,936.306527523186,943.383658753619,954.594154601839,950.328890437411,950.328890437411,945.05290857179,930.053761886914,925.588461804618,903.119593409422,892.598194342005,907.648788309928,988.000236961054,928.035559663529,953.106640447966,986.618841680249,1005.35755805358,1011.60124127651,1052.67516357136,1055.61153507076,1077.79713020665,1030.87100199603,1037.78539922644,1063.75936672404,1086.56569060504,1062.1322893124,1083.14405560088,1055.20243908894,1061.68010050622,1096.01551083915,1076.10171796431,1078.48273050615,NA,NA
NA,NA,554.696737029461,800.390529679106,919.238815542512,936.082261342453,915.93957277877,917.867306663151,903.184555825704,887.186796399692,900.347155268455,934.07708461347,937.083240699566,912.508180733533,866.541736514895,850.367567584747,828.316921103396,833.59032661665,826.513762740827,811.358775485739,810.557579819549,803.546189429586,790.569415042095,780.535116228463,776.208734813001,762.385351196196,785.068405150208,785.085342050838,811.249036979398,794.56636455766,817.389136213591,806.398714811267,840.601903849021,901.387818865997,910.013736160065,898.335030799297,895.156195299063,835.339848455693,807.774721070176,817.559753347542,854.409514460411,863.818421850105,886.89089787738,896.345432943163,919.238815542512,942.60196747826,930.506673335972,951.971638232989,950.821884979717,950.328890437411,933.407735129724,916.856041044612,895.118645489679,896.243045451902,925.371498459805,915.85383925246,936.144689466121,941.076511235936,945.05290857179,931.977963854708,952.826721866679,930.141630372072,938.582136196564,930.585316006813,928.394766703155,928.035559663529,976.281209488332,991.549787739154,1009.02180353053,1025.95987676217,1043.13230225125,1033.29548016259,1036.90543885871,1097.51042984563,1047.86418083162,1049.40459309077,1054.90297685363,1050.28123159599,1073.83657974573,1051.48704224065,1073.54552767919,1095.73035004056,1117.21581230237,1073.91094121322,1114.1747266798,1077.0329614269,1087.15605247888,NA,NA
NA,NA,NA,504.399070134815,838.15273071201,880.695747690427,875,886.194576852624,877.888062715209,875.35707000058,879.34157239258,877.404013748709,913.114790973549,905.104096485196,881.625301764033,859.323117839134,850.436249720328,853.302408293801,840.917071015138,828.02475808396,826.570322043188,822.382141304814,811.32593289854,806.03136449184,794.58590536073,779.867681026932,778.620575119872,797.358450623225,805.173095910228,806.288565606724,797.885163917048,813.143374086346,873.212459828649,896.172416446746,896.415194700569,903.174018214658,903.465549979633,927.770127881045,902.577751816948,902.333222268356,887.764045228235,916.856041044612,941.408519188137,901.387818865997,910.013736160065,933.789624202743,956.882960450232,956.211480341052,962.034340077109,961.769203083567,937.083240699566,920.104019481227,910.193313165868,930.38970329642,920.25570616073,917.877987534291,921.954445729289,930.053761886914,932.040478096006,927.438786189969,941.076511235936,937.083240699566,925.337776166087,941.076511235936,955.082706790564,941.37349664572,968.877184287896,973.717104707522,990.580637807947,1039.9142317817,1044.32992871027,1078.51169084561,1082.64431836389,1080.57999419673,1075.88779642083,1039.83171715427,1064.48344280219,1063.60236930913,1061.00868273126,1070.00167914916,1077.80814221742,1076.82880670578,1129.43569980765,1044.28277083346,1092.61401697782,1091.46444296266,NA,NA,NA
NA,NA,NA,498.184049597613,633.058981018749,878.208403512515,855.131568824354,893.378419260282,872.380348816323,876.684406782918,873.451409266775,887.764045228235,891.928754144857,892.598194342005,880.695747690427,867.935243626269,863.47059899587,855.903136874194,845.946215784432,834.415963413932,840.386815698581,825.543035843477,838.525491562421,818.91696770796,831.038506929733,794.11900871343,795.691523141977,817.077500868134,805.784069489089,809.870103255848,816.241385865725,828.077264295042,837.320045117469,890.224690738243,874.278115833686,886.002257333467,913.695064779038,934.252070279032,965.012953280939,960.742079359984,976.281209488332,992.573576348279,981.873022486295,910.013736160065,917.196816392207,953.013245904792,982.855745739104,972.432516938836,957.639225718712,965.983954318083,942.428186122117,928.033209400773,925.075888991588,942.60196747826,929.045208803102,915.58534978909,919.918474648705,903.119593409422,912.901010624188,921.954445729289,919.306706297181,908.771089866692,922.160217894625,922.261459346595,931.875812215039,952.019386258537,972.432516938836,958.89530566877,972.624573745256,1025.93705159817,1044.32992871027,1077.61310311262,1078.42748269727,1082.56555035349,1085.61546028279,1033.50133042972,1027.93270367507,1049.15681860642,1065.1397309742,1063.85094826838,973.781207327043,989.949493661167,1057.86581173489,1029.8664962023,1037.4538390927,1053.46088497015,NA,NA,NA
NA,NA,NA,NA,530.960601246333,639.219888462328,851.46931829632,863.495801958527,862.590403779968,851.565226991016,855.862138431184,900.39734156544,861.304464799585,900.641418316435,880.695747690427,885.444909337704,887.764045228235,881.116878409983,858.474161026843,859.19019073925,862.046982478333,825.378700960959,859.169276692786,847.943501675539,842.573138453532,799.818663182868,797.417110906207,805.062109405231,820.060973342836,811.249036979398,821.269063351608,835.650651665099,851.492231921289,867.827747885489,886.70739254841,903.192885343491,918.557645520456,941.348889410862,965.012953280939,976.599229807189,1013.03997946774,1020.0782153107,1054.04662837844,1016.59602681018,980.935125252032,966.326885799448,1008.58345600274,976.281209488332,989.487601344627,970.82439194738,954.684010607714,948.683298050514,977.880360780397,962.094070244693,939.414711402797,917.928943261728,922.293337284836,901.396484390437,895.208298877722,903.119593409422,910.013736160065,919.918474648705,937.083240699566,919.918474648705,928.26175168943,939.129791849455,954.854624568817,972.612471166055,1005.08841814755,1009.48976443113,1046.72107077292,1066.02347116777,1066.43688994235,1065.00672341475,1058.20771778812,1047.49864331187,1042.32032420671,1063.65734554483,1077.0329614269,1054.75115548645,990.643572180186,989.554909997373,966.291412861706,955.24865872714,1015.19702521235,NA,NA,NA,NA
NA,NA,NA,NA,481.189413330312,776.611228350453,851.46931829632,879.293025727661,896.737227842626,883.883476483184,875.490536942826,881.116878409983,875.383828429263,876.092019521966,878.279341924648,878.614931675948,883.980490701811,887.878154469498,870.91312003827,883.883476483184,871.81309182971,873.212459828649,880.695747690427,851.46931829632,814.017529099208,813.941029804985,797.300055876649,815.841910353362,816.678321901074,822.344210169926,840.163164194669,860.277888098614,866.845714847871,886.70739254841,896.172416446746,919.918474648705,938.568999468926,956.086238360224,973.074810823179,1000.58028013169,1027.92203549646,1044.03065089106,1063.71232178052,1012.46103335155,1060.66017177982,1005.29825665686,1009.52738470096,990.580637807947,1000.62480480947,965.660395791398,965.012953280939,991.543584292248,952.769022012271,972.753822917186,950.328890437411,930.38970329642,925.50580452451,915.491671180028,910.013736160065,901.734439843572,903.649572661295,919.238815542512,921.954445729289,931.357326739495,910.013736160065,934.114661564546,946.374661537385,973.717104707522,1004.72148837014,1027.74023955472,1033.41120034661,1033.91007429361,1051.52784365623,1070.04672795163,1090.01146782958,1034.94123463953,1046.15763718366,1076.19843601682,1042.32845206462,1058.27535651197,951.594907336841,992.47166206396,932.50225600407,966.180660467799,939.330813482269,NA,NA,NA,NA
NA,NA,NA,NA,605.91041325471,837.73179211024,869.751767238317,925.338784263232,908.639092269312,885.82376085571,900.347155268455,903.119593409422,900.373171858394,900.347155268455,900,892.328414878737,892.52888338848,912.609644296218,904.329053611582,878.641839345644,881.367430490033,890.103284674118,896.302801507227,852.8030976828,832.541290267336,826.800037259327,824.715434170171,833.47497400226,831.038506929733,838.347567838821,860.232526704263,862.046982478333,877.788377746709,887.825561365985,901.508834594837,914.724578993466,942.773982366171,972.448574285945,980.433577556379,1012.63708878499,1028.2075324511,1051.68689131016,1074.56361906303,1089.24397759502,1078.59412610451,1012.42283656583,1011.28766091795,990.81115237948,1003.65690966155,979.388458925517,980.433577556379,975,962.094070244693,983.933432707721,961.805701408507,955.370712409063,922.465698835556,930.053761886914,925.337776166087,905.883546599672,903.119593409422,902.44433104607,919.918474648705,922.628125407396,930.221732591667,927.706305819764,941.817522384177,957.711176756374,995.615387586994,1005.84896198485,1032.59382140317,1036.0713186262,1045.06032740235,1055.04739230046,1068.4454785417,1031.11086239935,1052.88951607807,1077.61310311262,1045.97601049374,1051.48704224065,961.769203083567,1013.41576056525,980.682063476763,874.455902895255,922.193471548122,NA,NA,NA,NA
NA,NA,NA,NA,NA,860.958767886128,855.862138431184,930.38970329642,875.224728294472,887.764045228235,867.881628250991,905.538513813742,881.045039497663,888.132430441589,896.570461742003,901.516896161777,901.387818865997,922.064343728118,906.228448019593,883.892311785241,875.008926750014,884.969351668954,872.165034193196,865.400907074468,848.212158582093,840.386815698581,853.302408293801,853.521022648414,845.968675689726,864.39688682316,869.671182837334,877.852493303972,896.518449439579,926.126405773191,916.856041044612,930.129118130108,945.22587681332,1006.53741258152,1020.62246782228,1021.84987050122,1044.33366861125,1068.00046816469,1084.55059817419,1091.35240774667,1099.26088699611,1039.88420382598,1025.98909099177,1027.74023955472,1013.03997946774,1009.02180353053,1007.78221853732,982.504269542131,973.315107903876,989.145652057804,973.717104707522,981.633226070918,965.012953280939,937.740824562913,925.337776166087,905.883546599672,901.769068682718,894.371804789653,903.119593409422,903.119593409422,926.079460051295,930.191546253776,945.06943048386,968.464678603097,1000,996.23583103198,1014.70465190065,1033.35489408295,1043.48935217317,1057.7795263368,1078.48273050615,1081.6653826392,1051.95169159538,1076.16216250154,1051.18980208143,1050.75484229573,989.916150580996,995.937009356173,941.430814923216,868.063743443776,NA,NA,NA,NA,NA
NA,NA,NA,NA,NA,850.486667615738,850,855.862138431184,830.786464263119,886.002257333467,867.827747885489,897.566153550812,906.559417506833,921.954445729289,908.639092269312,925.075888991588,909.343597263323,919.315052550307,930.38970329642,903.467479249694,917.196816392207,893.504508394274,895.269234437628,877.29969777913,865.539460518595,866.386172558173,867.827747885489,873.212459828649,874.723026953724,887.764045228235,901.387818865997,910.013736160065,917.894997884394,922.361003852715,932.159494273978,963.882658125859,967.99131559749,1012.42283656583,1033.69864256717,1049.67080743306,1053.95428689817,1077.06920565388,1091.50114156205,1098.48837355785,1094.63609274253,1049.43062370514,1025.14441016011,1018.96826072418,1013.21673718493,1030.77640640442,1007.78221853732,995.574690069849,991.526600752597,1010.16053527693,991.526600752597,989.949493661167,972.656804694537,945.05290857179,925.731244542834,915.653240543759,903.119593409422,901.734439843572,890.420426436511,905.883546599672,906.369902338832,925.337776166087,945.05290857179,980.24199508479,993.098012697471,1011.4964162072,1026.21878758869,1026.21878758869,1050.57136905399,1047.0195795686,1068.12062610154,1075.29065838033,1050.78324523825,1054.12980432993,1052.19488406671,1050.63019669073,1051.49106278517,1017.65662185238,1001.24921972504,870.974046819842,NA,NA,NA,NA,NA
NA,NA,NA,NA,NA,NA,824.358067506858,831.747112923463,839.65944118544,887.764045228235,855.279639630571,902.733809543864,926.917258847408,930.38970329642,923.786000958244,903.027020403085,905.594454093071,906.228448019593,916.881589706854,926.796989096773,894.720325956596,892.682060191211,903.205770193805,897.782710912532,887.764045228235,887.24892704682,892.328414878737,883.883476483184,887.764045228235,906.228448019593,922.293337284836,933.407735129724,949.742463964246,952.370314092518,963.68043159318,985.324384007799,1006.81559026108,1068.00046816469,1075.41720849188,1041.35228007229,1053.8619454179,1079.69509863275,1100.62278963987,1103.711422194,1114.95515604889,1075.74874420647,1050.60999039875,1052.82625101342,1044.74453109667,1040.73291482493,1040.27644735561,1017.65662185238,1041.93329920874,1020.48910917281,999.062060134404,985.226802796999,965.08559626427,945.05290857179,930.38970329642,913.91899616448,903.539565440404,905.808601479207,901.734439843572,915.491671180028,910.013736160065,930.053761886914,941.192165975954,970.82439194738,991.526600752597,991.526600752597,1029.8664962023,1021.19010181191,1042.65570598635,1076.16216250154,1070.04672795163,1076.33527881814,1086.94354125328,1076.66097576681,1086.56569060504,1052.55927554137,1041.17578042089,939.747306460625,951.314879522022,NA,NA,NA,NA,NA,NA
NA,NA,NA,NA,NA,NA,806.225774829855,805.173095910228,863.994633293334,868.830553307407,873.288244952709,901.387818865997,951.314879522022,928.035559663529,938.641814412863,905.6503943724,908.647688665952,898.845310186612,900.347155268455,900.700888991588,916.856041044612,906.323080223105,919.34456492028,903.517374075485,895.662137059431,906.154940780893,903.534622430632,905.883546599672,910.975849889316,919.711115351639,928.320038457011,956.882960450232,957.102396333761,991.738435733782,1030.77640640442,1023.24089411484,1063.01458127346,1051.08177202398,1064.09498263273,1045.69417682091,1064.87490353125,1114.95515604889,1119.53841834198,1109.61705105861,1108.35517602903,1061.24926383956,1037.9465081925,1085.42905509588,1063.73029693959,1054.42043022586,1047.41410649582,1055.08238830341,1054.78444478197,1033.50133042972,1012.42283656583,995.869217866891,975.58572053711,960.468635614927,935.702920928288,921.954445729289,937.083240699566,919.238815542512,910.826457246138,903.119593409422,919.918474648705,938.416218956173,938.641814412863,957.209485953832,977.880360780397,990.792673366109,1014.86162729007,1041.93329920874,1049.89102172103,1063.60236930913,1064.73406968981,1083.1665940263,1079.77034961966,1085.60053464123,1030.77640640442,1024.71815295927,1051.18980208143,977.936221490778,950.789146665108,NA,NA,NA,NA,NA,NA
NA,NA,NA,NA,NA,NA,NA,813.941029804985,818.91696770796,881.261161441676,886.002257333467,903.296896151655,894.628911608917,933.820141215532,917.602089360645,893.378419260282,918.707189772367,903.46316633987,903.691879329506,905.834226325635,925.337776166087,926.350365682445,901.83409378291,901.387818865997,903.743506699011,920.630576013235,926.568344941804,923.853612211477,936.094773584417,939.414711402797,933.750776740144,942.403841248538,968.943921078916,1000.73725132733,1037.61296593494,1051.13383359368,1081.95425041912,1098.34737834613,1073.49046185799,1063.4103926739,1090.3512638389,1146.15775699919,1119.73947238804,1142.61789316164,1092.52566579869,1106.94186504427,1109.73972115615,1107.07949127423,1096.32215122304,1062.33015027838,1061.24926383956,1052.67516357136,1054.75115548645,1047.0195795686,1026.25682388784,1015.19702521235,995.615387586994,965.012953280939,951.283154480087,938.416218956173,936.094773584417,937.083240699566,919.918474648705,912.318668695524,908.982948134892,930.756283428304,922.465698835556,943.39811320566,964.689069078737,990.999108322696,1007.78221853732,1029.5630140987,1051.5686450718,1052.03850437662,1051.82832124072,1060.51655549108,1053.15990027912,1073.54552767919,1030.46638243269,998.595666744746,1007.78221853732,982.980162566875,NA,NA,NA,NA,NA,NA,NA
NA,NA,NA,NA,NA,NA,NA,NA,798.795396252052,877.852493303972,893.378419260282,878.921921995794,880.695747690427,878.277164669189,908.843603615946,883.883476483184,884.087401337649,896.172416446746,919.238815542512,928.429832421861,950.328890437411,929.045208803102,912.456792102082,914.635210294673,922.119407771256,941.076511235936,939.813719830323,945.11885834511,956.882960450232,965.049110226317,958.370462687844,984.075533072246,995.615387586994,1010.16053527693,1035.18239464911,1042.26115153603,1081.77220142763,1073.96631457357,1081.6653826392,1092.87090893507,1136.65313462935,1128.26506057297,1129.7123527695,1134.7139775056,1099.14739684903,1123.61025271221,1124.59008864974,1118.12106389052,1111.33704563468,1096.61409272386,1076.16216250154,1063.31582264174,1081.6653826392,1061.18205792753,1046.81048342559,1025.5766737579,1000,986.447686540651,960.468635614927,941.076511235936,937.269345668733,937.083240699566,928.035559663529,921.954445729289,925.337776166087,910.013736160065,909.205324119877,931.977963854708,951.971638232989,984.075533072246,995.615387586994,985.565386138334,995.615387586994,995.623232020388,1007.78221853732,982.668068385682,1018.58218939261,1004.05428140116,982.980162566875,984.88578017961,958.697068277835,NA,NA,NA,NA,NA,NA,NA,NA
NA,NA,NA,NA,NA,NA,NA,NA,795.603436643747,873.212459828649,879.275269753449,877.852493303972,866.74386620866,886.944018145868,908.639092269312,901.500212059339,901.768029815701,904.527943944614,917.692862279433,913.368818987194,936.995483240008,934.660611975476,937.371166134472,933.424468866817,943.243155405718,960.488953547799,962.138649314027,965.344767567549,979.482918174905,984.988686231186,1005.60926805594,985.419400421993,1026.4043727718,1020.04788050306,1049.45665431951,1054.75115548645,1041.93329920874,1019.25135859382,1084.69034507252,1103.13588049362,1143.16669629016,1145.14932711483,1140.4494727957,1123.05387226081,1152.72834303902,1126.59579434862,1123.76280521364,1118.53704814761,1131.92314226718,1098.1556759061,1089.37962269672,1085.7242360328,1095.73035004056,1075.31244598336,1065.95028026639,1035.15843964358,1015.51060557091,995.615387586994,975.032030237208,963.265634406092,954.594154601839,954.594154601839,952.037111329499,941.076511235936,925.337776166087,920.23379428949,905.883546599672,917.877987534291,940.011846060045,972.753822917186,964.162540189736,983.933432707721,962.046255953869,983.933432707721,983.933432707721,965.198442372387,1015.25844099913,989.358082720028,996.289949674196,958.864286389489,983.530347555506,NA,NA,NA,NA,NA,NA,NA,NA
NA,NA,NA,NA,NA,NA,NA,NA,NA,896.172416446746,903.629254634143,905.6503943724,873.272896422767,905.883546599672,925.337776166087,936.396772272479,940.795003885919,925.363090903996,937.742801900803,989.85355159255,972.779815167006,984.288177862125,964.701210662645,976.540015319353,965.668484754565,980.114789195633,980.54488262196,989.002022242624,1000,1013.03997946774,1004.11645204013,1028.79928771908,1044.38970726184,1044.32992871027,1055.04739230046,1051.33842216104,1047.07920490665,1059.30292318184,1089.1510455396,1097.84564334388,1145.17310148816,1093.10232778961,1124.0233556809,1110.46161572564,1118.34084759714,1144.21079479394,1139.51360972366,1141.5726583142,1120.065525245,1114.4121602001,1102.58570295631,1118.03398874989,1093.4717361656,1090.01146782958,1081.95425041912,1063.01458127346,1000.76941016011,987.712370819886,992.47166206396,973.717104707522,964.055386060634,955.24865872714,957.209485953832,935.211251299929,942.304287451906,930.053761886914,915.58534978909,910.013736160065,933.725135533163,961.93163666413,950.328890437411,941.631528469369,929.57730084396,950.889513749405,941.408519188137,996.242942258564,1004.11645204013,1000.91975560338,971.278832704761,981.733428884256,NA,NA,NA,NA,NA,NA,NA,NA,NA
NA,NA,NA,NA,NA,NA,NA,NA,NA,NA,919.238815542512,916.856041044612,892.328414878737,894.427190999916,906.228448019593,918.954150526158,922.891174599116,894.987912251033,928.094413254352,953.013245904792,998.190038980174,995.936881627041,989.183045243023,996.301684939828,990.631683919014,996.242942258564,1002.38241156271,1012.43826513838,1020.11028815516,1030.84452950505,1040.79289951059,1051.30818170266,1064.0412847894,1054.00509044747,1062.88475372058,1070.13419794482,1068.14637095422,1067.02726224511,1110.46161572564,1112.44534273342,1132.05397724936,1107.83002432586,1114.78242090793,1077.35742408697,1123.61025271221,1153.64210657304,1163.53968528671,1179.24764150708,1148.17068589433,1144.32953155636,1118.49143447456,1131.47550187171,1105.59926013339,1090.26828248967,1092.01539287103,1041.20806842755,995.615387586994,976.281209488332,1009.02180353053,990.580637807947,972.432516938836,973.951536674478,957.209485953832,941.471672466293,945.05290857179,950.328890437411,936.082261342453,922.571197230958,951.971638232989,979.578384262707,956.41320498052,928.417359603182,913.520417413395,942.403841248538,933.407735129724,1020.11028815516,1027.74023955472,958.800108389522,982.506101802554,NA,NA,NA,NA,NA,NA,NA,NA,NA,NA
NA,NA,NA,NA,NA,NA,NA,NA,NA,NA,NA,883.883476483184,883.829771504733,877.923460292092,896.172416446746,933.637826374738,929.045208803102,928.583487585134,923.747146904533,958.73655469581,982.682015111754,1007.78221853732,995.740623017556,995.520282358005,1013.03997946774,1012.52281417901,1013.2471877542,1020.34660630375,1038.92429165452,1044.03065089106,1055.08041131895,1061.18530205131,1063.60236930913,1061.46920044236,1036.21201197086,1042.58497843263,1077.0329614269,1086.65169930287,1096.58560997307,1065.09726103425,1063.60236930913,1079.69175004833,1099.64433481137,1114.49135225828,1166.41726767869,1179.39962444722,1187.69735202197,1179.24764150708,1158.46549924844,1137.5176766277,1155.99680736997,1110.40355620509,1097.81005977643,1101.24883213078,1020.11028815516,1020.263000641,1011.4964162072,992.47166206396,1043.13230225125,1008.23551873474,1009.02180353053,992.47166206396,976.522886714565,960.468635614927,945.05290857179,950.492742187731,956.882960450232,946.950136536932,951.971638232989,939.747306460625,930.892135112466,931.281003545496,934.524448453958,965.660395791398,956.882960450232,964.348283066052,973.717104707522,968.025043976647,NA,NA,NA,NA,NA,NA,NA,NA,NA,NA,NA
NA,NA,NA,NA,NA,NA,NA,NA,NA,NA,NA,887.764045228235,896.354744785068,883.529852353615,898.123614786482,924.131377314263,971.152117966389,939.973573694816,941.174636969443,962.701348229932,1007.78221853732,1011.82057138381,1004.1935656988,1027.77819164034,1025,1035.64247740096,1026.2418003934,1039.93669049769,1055.04739230046,1064.51912700734,1061.25613049938,1073.83657974573,1069.32011067868,1036.63161713121,1037.15727927857,1057.6761157291,1051.48704224065,1078.48273050615,1069.0491763055,1068.11337433047,1075.29065838033,1116.80677032672,1107.07949127423,1168.59518330323,1187.69735202197,1179.24764150708,1175.26592735432,1179.24764150708,1169.11477586643,1134.64235092075,1141.36689675155,1109.15930200856,1107.07949127423,1055.42237569174,1055.04739230046,1039.05993968264,1027.74023955472,1028.88162493451,1061.24926383956,1026.37461899106,984.745219572728,945.05290857179,996.104928527628,980.114789195633,965.012953280939,908.957799002005,954.488690869326,943.472526913954,954.943983788369,961.769203083567,948.351775987398,960.234632552698,928.048180277774,939.763921520316,950.328890437411,985.762800331121,978.323736450562,988.907529141534,NA,NA,NA,NA,NA,NA,NA,NA,NA,NA,NA
NA,NA,NA,NA,NA,NA,NA,NA,NA,NA,NA,NA,899.630982929977,901.448326730417,901.387818865997,910.193313165868,939.747306460625,952.515274894852,939.429433591433,950.945668176476,1020.42806071284,1015.68483455935,1020.41658159793,1044.32992871027,1047.04939223762,1053.89158158996,1055.20243908894,1064.57136843625,1070.17782621235,1083.10895112172,1079.93621542353,1082.52650418989,1076.62237735693,1060.66017177982,1064.48344280219,1049.48791771463,1073.83657974573,1058.04641570834,1046.76577709925,1096.16115234168,1083.18997417626,1106.79718105893,1127.55260648776,1145.76795805892,1171.8041645258,1175.38533847347,1198.17569663218,1192.68604418766,1165.54665114179,1145.17310148816,1130.90581404951,1125.37938562748,1090.38872626547,1070.19557198248,1058.08143601742,1063.01458127346,1049.54054209836,1051.61006873351,1061.24926383956,996.833251115076,972.624573745256,1030.77640640442,1015.19702521235,1020.11028815516,1005.60926805594,1012.42283656583,999.062060134404,906.046494887245,917.526638564813,827.647267862342,929.045208803102,958.756932129886,942.502904363399,942.911454504103,958.359008797942,996.242942258564,997.731255250875,NA,NA,NA,NA,NA,NA,NA,NA,NA,NA,NA,NA
NA,NA,NA,NA,NA,NA,NA,NA,NA,NA,NA,NA,NA,917.196816392207,919.238815542512,915.715621979399,952.73095065765,939.884053488648,950.328890437411,973.920282485233,1033.50133042972,1039.92156543445,1042.00069474824,1054.30655045217,1058.85391266216,1055.05398185392,1076.20203118585,1082.46574274577,1077.92279687004,1101.13577727726,1114.95515604889,1106.40448560745,1055.13444938418,1053.4936511647,1059.78398825578,1107.07949127423,1050.03765681736,1089.61560409442,1066.0888137809,1091.55449835448,1100.34427612117,1115.27555096591,1138.68714268637,1165.38620208067,1171.89536816543,1174.15194217495,1185.85412256314,1206.49285120137,1158.47011519471,1165.38620208067,1131.70824909496,1120.65807301198,1090.38872626547,1085.73665391762,1066.07792879433,1063.01458127346,1061.27867765793,1043.17716185777,1031.38721562542,1063.01458127346,990.698379835348,1031.2644356663,1035.01207722422,1020.3643170824,1026.21878758869,991.526600752597,927.698765763974,929.652005864403,933.503594831051,851.090260138965,928.035559663529,940.040531009654,884.442100771595,896.172416446746,925.60105329968,996.367787853768,NA,NA,NA,NA,NA,NA,NA,NA,NA,NA,NA,NA,NA
NA,NA,NA,NA,NA,NA,NA,NA,NA,NA,NA,NA,NA,NA,933.632637782694,933.407735129724,929.045208803102,939.464503925333,943.314240256035,1029.39692110961,1060.66017177982,1041.00176801033,1063.66831364679,1068.20451052311,1067.39739575938,1058.07491757825,1051.18980208143,1090.01146782958,1110.37651113851,1122.77557864428,1090.01146782958,1094.17644936327,1110.18016555873,1094.30372261625,1079.41672207547,1075.86574521643,1049.82262880024,1128.05141726785,1085.94923014848,1101.48126174655,1123.65193998172,1132.76141753285,1162.49147985288,1152.71239064809,1175.09246555416,1197.26194535869,1196.34861140054,1216.98437975237,1197.71634619555,1180.04237212059,1157.90558375581,1125.28329544341,1074.33443461884,1085.41466730462,1070.99147534997,1085.55430408798,1086.70518097254,1060.79242449199,973.717104707522,991.398593442196,1075.92577862348,1070.04672795163,1035.01207722422,1008.59847813224,1005.518342749,892.328414878737,887.764045228235,948.683298050514,881.117507836937,904.305992247631,930.983641596737,895.551879009988,905.883546599672,917.877987534291,930.38970329642,NA,NA,NA,NA,NA,NA,NA,NA,NA,NA,NA,NA,NA,NA
NA,NA,NA,NA,NA,NA,NA,NA,NA,NA,NA,NA,NA,NA,NA,946.506015273796,948.724402302795,947.920701028241,994.506766169244,1030.36298271144,1061.27522668646,1041.26042546786,1055.80657417556,1018.09050823668,1070.99147534997,1077.42976343389,1066.20557732227,1110.33455337197,1125,1140.29849569816,1044.18936137759,1089.59925668296,1093.72362931363,1092.01539287103,1074.07767842293,1006.54734391082,1100,1035.17089852481,1101.46628357005,1117.72851370268,1150.27170703273,1147.2308703823,1141.87409557707,1184.86477881853,1185.62208486968,1207.58018189251,1207.77974503871,1229.90712034323,1181.46959974068,1165.55888814059,1175.53063223454,1125.37938562748,1105.10180526502,959.778723242688,1082.07287225947,1079.64114408446,1023.55779616279,875.041648052682,948.683298050514,956.192050668566,934.765174349606,1013.86343385047,959.736442169798,996.79531300951,855.131568824354,826.623130238915,891.555218332999,917.530645430897,886.70739254841,989.772069254523,965.788226576596,1007.78221853732,1012.49981106472,1018.86863282584,NA,NA,NA,NA,NA,NA,NA,NA,NA,NA,NA,NA,NA,NA,NA
NA,NA,NA,NA,NA,NA,NA,NA,NA,NA,NA,NA,NA,NA,NA,NA,NA,965.206475021845,962.094070244693,1031.02531911493,1051.34908672358,1051.48704224065,1039.18148472683,1015.19702521235,1031.29417230032,1075.65867861656,1070.04672795163,1050.35324661258,1033.63668790823,1044.363549346,1061.10201126785,1075.37046018347,1009.84459092248,1026.63514966047,987.272960846972,1125.38494728709,1079.6456622435,1047.0195795686,1126.11056295552,1089.48611574011,1131.08943425205,1171.537451386,1166.74778030485,1181.48535444118,1175.73416401111,1176.66195980107,1241.21915873064,1204.62047595714,1150.27170703273,1131.37084989848,981.720167683499,1086.71757310703,1100.72780259619,957.486786847408,976.281209488332,970.82439194738,941.954893265994,871.009012752588,886.998721843556,926.207601912036,958.808189030091,965.012953280939,966.091012085834,898.114183121279,855.759847876888,886.002257333467,989.002022242624,941.408519188137,990.749058352863,1012.49219128199,977.208841691191,1030.90493293818,NA,NA,NA,NA,NA,NA,NA,NA,NA,NA,NA,NA,NA,NA,NA,NA,NA
NA,NA,NA,NA,NA,NA,NA,NA,NA,NA,NA,NA,NA,NA,NA,NA,NA,NA,998.998521577548,976.219791129051,1029.40946644956,1025.27374806891,961.870687369527,1002.33376028995,1047.39168219557,1105.10180526502,1087.43673458086,1058.29506437092,1015.48548093392,1020.65067536116,1025.48641877592,1095.73035004056,1060.73372671805,987.865088391313,1150.15924276245,1061.76083734879,1096.52401502038,1113.83347049727,1096.18275994339,1116.87569967496,1124.74167071331,1202.60134708057,1198.95794549747,1188.01793623028,1188.23838477754,1231.10722522451,1252.99640861417,1152.44305716161,1086.56816377778,1043.13986676464,976.44354347472,1015.9914354308,941.348889410862,986.470982847443,955.774823134218,876.427407147905,902.652414350172,916.106638653762,977.880360780397,881.500212201444,983.311732059167,976.53595382231,982.949059512936,873.286323758851,849.765585910912,885.213771544623,939.483009737887,942.203941340912,1032.59382140317,1020.13803331199,1044.62912078881,NA,NA,NA,NA,NA,NA,NA,NA,NA,NA,NA,NA,NA,NA,NA,NA,NA,NA
NA,NA,NA,NA,NA,NA,NA,NA,NA,NA,NA,NA,NA,NA,NA,NA,NA,NA,NA,958.332178741364,942.755842755176,976.281209488332,972.684100321505,965.652145394114,965.477208709687,1009.41819242171,991.06544381708,1005.60926805594,1028.41916655901,937.966972605548,940.133922436832,1016.01555922478,992.885415600625,992.510958632998,1095.43663580056,1051.45477770733,1055.2348839961,1075.29065838033,1079.64114408446,1116.53300593045,1123.61025271221,1171.01384688382,1193.14090432691,1179.77946847826,1209.65356921329,1234.35116667363,1241.21915873064,1083.57683512797,1044.30606942629,989.002022242624,957.860011361021,965.829698820084,770.146090037468,895.386010106291,896.25925615878,693.372357514501,853.825199308858,884.590300647707,903.675047978339,901.439702552844,972.563871238286,1011.23373477433,995.798850953285,878.208403512515,867.988597883051,934.725950038964,941.076511235936,949.112008856968,980.494456012485,1000.62480480947,NA,NA,NA,NA,NA,NA,NA,NA,NA,NA,NA,NA,NA,NA,NA,NA,NA,NA,NA
NA,NA,NA,NA,NA,NA,NA,NA,NA,NA,NA,NA,NA,NA,NA,NA,NA,NA,NA,NA,NA,958.18839483684,962.067900624166,967.892502665844,965.983954318083,999.062060134404,1007.78221853732,999.713873575929,986.694847975089,955.69030846565,960.799847342242,975.209951261682,992.47166206396,1011.4964162072,1028.34531641929,981.690227022024,1062.61721986954,964.449018988191,1110.18016555873,1145.28186926242,1142.36596587959,1125.09688844901,1179.24764150708,1200.68575646729,1177.78181408898,1243.80179757198,1193.03768904833,1028.66854101604,770.270904244732,873.212459828649,846.180944977052,863.133825081603,917.889193153526,638.881618777994,682.825014187383,722.176344184227,738.393345486401,930.724491850997,933.579691074717,931.074869814738,933.407735129724,937.083240699566,942.280336445642,924.747127473404,860.305059163696,958.18839483684,958.273701817391,972.432516938836,NA,NA,NA,NA,NA,NA,NA,NA,NA,NA,NA,NA,NA,NA,NA,NA,NA,NA,NA,NA,NA
NA,NA,NA,NA,NA,NA,NA,NA,NA,NA,NA,NA,NA,NA,NA,NA,NA,NA,NA,NA,NA,NA,982.980162566875,996.992829633523,902.783360543194,924.873727644487,937.668868099668,940.819728307402,955.69030846565,961.850296838502,972.448574285945,992.854425975794,1009.02180353053,1019.61832788096,1015.19702521235,951.073537906366,970.82439194738,930.332472921797,985.347146959476,1127.1627247452,1160.14516146873,1076.92803796548,1187.75971067404,1092.01648339208,967.157324185314,1063.42300817278,1043.12970815578,745.821694508815,725.383866118701,710.054595478235,680.073525436772,795.074811352789,650,660.018939122204,641.456167777494,715.90196281209,752.287069536134,965.575721833419,991.546225733844,948.84743206743,986.299831960177,962.328851882021,929.044234530197,892.363380811483,887.764045228235,933.407735129724,937.301400367529,NA,NA,NA,NA,NA,NA,NA,NA,NA,NA,NA,NA,NA,NA,NA,NA,NA,NA,NA,NA,NA,NA
NA,NA,NA,NA,NA,NA,NA,NA,NA,NA,NA,NA,NA,NA,NA,NA,NA,NA,NA,NA,NA,NA,NA,NA,910.112039302243,906.088668983237,941.593828532127,962.210352181603,937.537376150255,955.279903510585,920.384612290019,960.799847342242,727.018815592107,919.918474648705,903.119593409422,965.012953280939,985.458102803077,991.538414018989,980.323586605747,964.855573574736,868.530219647787,798.525018766945,1137.60639040483,799.521929297251,785.015923405379,810.746216127322,804.308993022826,760.345316287277,654.455274482797,642.778336464361,661.096640468878,693.321794353802,606.781062757992,660.125128463632,637.377439199098,783.388733631014,808.088275417342,976.599229807189,980.552813736517,972.432516938836,973.316610607109,958.541927186973,855.862138431184,771.563118323726,786.580643417707,NA,NA,NA,NA,NA,NA,NA,NA,NA,NA,NA,NA,NA,NA,NA,NA,NA,NA,NA,NA,NA,NA,NA,NA
NA,NA,NA,NA,NA,NA,NA,NA,NA,NA,NA,NA,NA,NA,NA,NA,NA,NA,NA,NA,NA,NA,NA,NA,NA,NA,922.630077982134,833.722949730395,896.917969874765,756.912088491063,708.652231715568,728.868986855663,689.655711206686,680.39676289769,879.54025480538,641.944527552693,892.581117534322,785.741987236237,921.954445729289,743.303437365925,677.132572502309,854.226815416002,860.8615314695,820.060973342836,708.89221954505,663.17200953961,710.895438550475,709.325384659636,641.323660949148,605.734470741935,651.427669529664,697.527869714707,632.949445058608,660.288975475398,655.009469561102,717.477748442805,851.875855110456,991.769666226908,972.432516938836,996.461557754902,972.746497177154,965.446232829401,828.973479858045,NA,NA,NA,NA,NA,NA,NA,NA,NA,NA,NA,NA,NA,NA,NA,NA,NA,NA,NA,NA,NA,NA,NA,NA,NA,NA
NA,NA,NA,NA,NA,NA,NA,NA,NA,NA,NA,NA,NA,NA,NA,NA,NA,NA,NA,NA,NA,NA,NA,NA,NA,NA,NA,NA,NA,758.13475075686,700.446286306095,699.082279549086,803.841171911033,680.130867380798,915.862590570666,837.228269479821,910.697177821548,875.839596513335,778.620575119872,746.276249012053,711.513224535875,841.955135141352,828.088855023403,816.984006613693,631.983807046899,674.53868554091,716.32743909472,589.296452205734,528.211423223937,529.217207399859,552.023436000023,617.454451761423,653.919252472876,682.825014187383,730.062542893033,795.989287523841,921.958681873733,917.722267358628,996.831966270064,908.639092269312,NA,NA,NA,NA,NA,NA,NA,NA,NA,NA,NA,NA,NA,NA,NA,NA,NA,NA,NA,NA,NA,NA,NA,NA,NA,NA,NA,NA,NA
NA,NA,NA,NA,NA,NA,NA,NA,NA,NA,NA,NA,NA,NA,NA,NA,NA,NA,NA,NA,NA,NA,NA,NA,NA,NA,NA,NA,NA,NA,NA,735.282680742274,711.073132666395,701.692503001634,761.378539511855,744.423378747709,666.499436032713,813.941029804985,630.990023941542,705.856993447163,749.224183600241,790.986611394979,777.989088395846,776.611228350453,602.079728939615,627.076893331842,608.276253029822,556.006807511532,531.507290636732,548.862460002504,535.023363975817,711.873000678012,650.69391005112,694.62219947249,697.559956112296,862.657988499384,852.767744933564,837.844644037959,NA,NA,NA,NA,NA,NA,NA,NA,NA,NA,NA,NA,NA,NA,NA,NA,NA,NA,NA,NA,NA,NA,NA,NA,NA,NA,NA,NA,NA,NA,NA
NA,NA,NA,NA,NA,NA,NA,NA,NA,NA,NA,NA,NA,NA,NA,NA,NA,NA,NA,NA,NA,NA,NA,NA,NA,NA,NA,NA,NA,NA,NA,NA,NA,NA,NA,672.681202353686,851.459858901312,665.676347784717,656.220237420334,768.297543233142,709.151826281161,645.174395028197,662.115424095919,645.327904108649,626.996810199223,577.223760886383,580.194376683236,530.330085889911,548.905095718407,566.871665190528,550.880080301411,719.809002444398,707.106781186548,718.475290904347,NA,NA,NA,NA,NA,NA,NA,NA,NA,NA,NA,NA,NA,NA,NA,NA,NA,NA,NA,NA,NA,NA,NA,NA,NA,NA,NA,NA,NA,NA,NA,NA,NA,NA,NA
NA,NA,NA,NA,NA,NA,NA,NA,NA,NA,NA,NA,NA,NA,NA,NA,NA,NA,NA,NA,NA,NA,NA,NA,NA,NA,NA,NA,NA,NA,NA,NA,NA,NA,NA,NA,NA,NA,NA,NA,NA,NA,NA,NA,500.155285457073,NA,NA,NA,NA,NA,NA,NA,NA,NA,NA,NA,NA,NA,NA,NA,NA,NA,NA,NA,NA,NA,NA,NA,NA,NA,NA,NA,NA,NA,NA,NA,NA,NA,NA,NA,NA,NA,NA,NA,NA,NA,NA,NA,NA
