"V1","V2","V3","V4","V5","V6","V7","V8","V9","V10","V11","V12","V13","V14","V15","V16","V17","V18","V19","V20","V21","V22","V23","V24","V25","V26","V27","V28","V29","V30","V31","V32","V33","V34","V35","V36","V37","V38","V39","V40","V41","V42","V43","V44","V45","V46","V47","V48","V49","V50","V51","V52","V53","V54","V55","V56","V57","V58","V59","V60","V61","V62","V63","V64","V65","V66","V67","V68","V69","V70","V71","V72","V73","V74","V75","V76","V77","V78","V79","V80","V81","V82","V83","V84","V85","V86","V87","V88","V89"
NA,NA,NA,NA,NA,NA,NA,NA,NA,NA,NA,NA,NA,NA,NA,NA,NA,NA,NA,NA,NA,NA,NA,NA,NA,NA,NA,NA,NA,NA,NA,NA,NA,NA,NA,NA,NA,NA,NA,NA,NA,NA,NA,NA,186.51547346086,NA,NA,NA,NA,NA,NA,NA,NA,NA,NA,NA,NA,NA,NA,NA,NA,NA,NA,NA,NA,NA,NA,NA,NA,NA,NA,NA,NA,NA,NA,NA,NA,NA,NA,NA,NA,NA,NA,NA,NA,NA,NA,NA,NA
NA,NA,NA,NA,NA,NA,NA,NA,NA,NA,NA,NA,NA,NA,NA,NA,NA,NA,NA,NA,NA,NA,NA,NA,NA,NA,NA,NA,NA,NA,NA,NA,NA,NA,NA,190.170708304249,190.591997615536,191.168641243965,190.3689730794,190.469246172059,191.476883893476,191.481244936788,188.772505440052,188.49337842947,188.969591728317,188.784011687755,185.683975426965,185.524590142526,183.592003356068,182.147197822539,180.10403453846,181.063272551318,180.005300443604,179.38037169651,NA,NA,NA,NA,NA,NA,NA,NA,NA,NA,NA,NA,NA,NA,NA,NA,NA,NA,NA,NA,NA,NA,NA,NA,NA,NA,NA,NA,NA,NA,NA,NA,NA,NA,NA
NA,NA,NA,NA,NA,NA,NA,NA,NA,NA,NA,NA,NA,NA,NA,NA,NA,NA,NA,NA,NA,NA,NA,NA,NA,NA,NA,NA,NA,NA,NA,189.029031662213,189.096644146499,190.125799963387,191.323016701301,191.417833961543,192.21263041804,192.028182521737,192.998213865573,194.143431807078,193.862621889688,192.039802889409,189.73280680447,189.63676131447,189.940356796084,189.097233499166,186.68327872235,185.234901742263,184.188032846683,184.014345093669,182.591175951627,181.621573164829,180.685722826079,180.097267901205,177.426048784928,176.443749647842,174.17341399755,170.637137869811,NA,NA,NA,NA,NA,NA,NA,NA,NA,NA,NA,NA,NA,NA,NA,NA,NA,NA,NA,NA,NA,NA,NA,NA,NA,NA,NA,NA,NA,NA,NA
NA,NA,NA,NA,NA,NA,NA,NA,NA,NA,NA,NA,NA,NA,NA,NA,NA,NA,NA,NA,NA,NA,NA,NA,NA,NA,NA,NA,NA,185.634366512532,186.794868990756,188.330271824053,189.724573293431,191.275244809559,192.926476939175,194.112156897089,193.94708881751,194.845998496279,195.179859403123,194.054396726337,193.272637919168,191.97932724942,191.820237485891,190.887981647486,190.77848457346,191.801066556229,190.552912211861,188.68718069066,187.24943363641,184.28580392622,183.630385358881,182.881183454576,181.742520470714,180.395542932587,179.679231854765,176.092509713098,174.732382193214,173.223599876131,171.057671453196,169.028481502109,NA,NA,NA,NA,NA,NA,NA,NA,NA,NA,NA,NA,NA,NA,NA,NA,NA,NA,NA,NA,NA,NA,NA,NA,NA,NA,NA,NA,NA
NA,NA,NA,NA,NA,NA,NA,NA,NA,NA,NA,NA,NA,NA,NA,NA,NA,NA,NA,NA,NA,NA,NA,NA,NA,NA,183.211936634629,182.679081108711,184.268139790587,184.661138597556,187.121665251529,188.721876775085,190.722923521824,191.703812367422,193.039780502891,194.126773299264,196.079045096347,196.81361420347,195.596016130808,195.273146480785,193.301304607529,194.328030739813,193.751121442703,192.697131552699,193.270170803429,193.057529946464,191.231490742969,189.627326116045,188.685245930727,186.11454629306,183.575093052706,183.213826135778,181.974856361721,180.420538392932,179.156809152209,178.024105951921,176.738242226715,175.784285479498,174.238073213034,172.06861392795,167.653583936585,167.259196289906,163.471835183933,NA,NA,NA,NA,NA,NA,NA,NA,NA,NA,NA,NA,NA,NA,NA,NA,NA,NA,NA,NA,NA,NA,NA,NA,NA,NA
NA,NA,NA,NA,NA,NA,NA,NA,NA,NA,NA,NA,NA,NA,NA,NA,NA,NA,NA,NA,NA,NA,NA,NA,183.038886615893,183.836681066148,184.122121300379,183.312954173694,183.539466858115,185.946020733646,186.073789241593,189.477780885032,190.330063569288,192.250706778594,193.561694216875,196.318937147134,196.128287758402,194.970952175227,196.793511923133,194.719622586983,193.939443388889,194.402342215629,194.23922565566,193.701049207936,193.333081526324,192.505865185208,192.0959705287,190.537302384866,188.517748519651,186.572921251692,185.075633997215,183.448002863636,183.553757504344,181.933750147179,180.464140581245,179.460588273164,177.805812761064,177.214307002769,175.68342152692,172.880023013066,169.812303206611,168.375442416482,165.035954735355,163.426685004235,162.144845655919,NA,NA,NA,NA,NA,NA,NA,NA,NA,NA,NA,NA,NA,NA,NA,NA,NA,NA,NA,NA,NA,NA,NA,NA
NA,NA,NA,NA,NA,NA,NA,NA,NA,NA,NA,NA,NA,NA,NA,NA,NA,NA,NA,NA,NA,NA,182.073780191537,182.9267330939,184.446942053317,185.072828196532,184.232089050822,184.827529925823,186.179841793245,185.837788245778,187.342889598865,189.392547378798,191.759436048757,193.325708423083,196.038956750978,198.379293392086,197.758888178262,197.420946296126,196.284620453893,195.466810249232,194.362887605894,195.127665035359,194.318057190754,194.62240458683,192.647631080068,191.897921107902,191.796148634879,189.745798196572,188.171941551426,188.800282497651,186.931803824729,185.178484377112,185.130455067502,183.454376351894,180.982736065672,179.252346492098,178.863489569625,179.518228949497,178.40185170805,175.648338709728,172.854793512888,169.954370850871,167.588725359359,164.514046642903,162.521174879023,160.81511388681,158.607981665916,NA,NA,NA,NA,NA,NA,NA,NA,NA,NA,NA,NA,NA,NA,NA,NA,NA,NA,NA,NA,NA,NA
NA,NA,NA,NA,NA,NA,NA,NA,NA,NA,NA,NA,NA,NA,NA,NA,NA,NA,NA,NA,NA,180.916493554512,182.879949472871,184.625240985885,186.164631879048,185.69036835271,186.083025396236,186.060243568058,187.222658044925,188.345412417772,188.209332971895,190.178855845718,193.456765164473,195.084856550024,198.454365741232,198.547103627621,199.907417850968,199.58177406527,197.105814517172,196.554941164453,196.352458342949,195.645107188977,196.463471986475,195.806490255748,194.318816833328,193.168600797251,191.932984360794,191.530328500825,188.877001650855,188.516728470352,189.215367898465,185.924209337093,184.591667004136,184.740792577627,181.93300285843,180.00060341369,180.826266865692,179.333050310139,179.239215506761,176.796210138046,174.432836884885,171.521640360897,168.371160485663,165.495004536722,163.811088594825,161.658986366583,160.593621247434,157.656479951203,NA,NA,NA,NA,NA,NA,NA,NA,NA,NA,NA,NA,NA,NA,NA,NA,NA,NA,NA,NA,NA
NA,NA,NA,NA,NA,NA,NA,NA,NA,NA,NA,NA,NA,NA,NA,NA,NA,NA,NA,180.343607518116,182.426409189533,182.298186252767,183.745150896594,186.316232426048,188.516887225965,188.836012813106,189.316875563377,190.836850604298,189.916617825747,189.547342034009,189.509242657551,191.021721639304,194.033560488981,197.650935980378,200.641493361695,201.407210554004,199.428484932571,200.026153299725,196.815637510375,196.973718456548,197.71825561356,197.055779178079,196.969350445616,197.949329198116,195.856966717826,195.376803025576,192.631761716093,192.33207773052,191.781798372327,191.436841504055,189.692416064276,187.106410068665,186.325500805667,183.715901605402,183.345446276891,182.287194801399,181.885663120914,180.365247087017,178.281364197616,178.136426730926,173.922489057952,171.329735657464,169.919004261638,166.318221979481,164.590566562544,162.887644258946,161.983733101708,158.501481389613,157.707624205772,154.796331063234,NA,NA,NA,NA,NA,NA,NA,NA,NA,NA,NA,NA,NA,NA,NA,NA,NA,NA,NA
NA,NA,NA,NA,NA,NA,NA,NA,NA,NA,NA,NA,NA,NA,NA,NA,NA,NA,183.285891270998,182.833460645817,183.640373776098,185.32142789259,184.872556079938,187.363323121615,188.995665877653,189.270264242641,191.930206241462,191.857695401122,192.305338183281,191.643345033413,191.873065938244,193.312014358793,195.021817969738,198.868052898138,200.783340505783,200.451982995501,200.167979052894,199.295712735354,196.760210845072,197.941448583517,198.492738094373,198.872269385701,199.270772749631,199.302693220412,197.579064043583,195.649380050053,196.355732610339,193.80151041771,192.242557946138,193.206357228629,190.575932202763,188.413039553426,185.959750057493,185.633654921348,183.558824880443,183.208956639085,183.075353973744,182.504258817436,178.521117602857,176.841104667048,174.4719041869,172.517082232126,170.243548650147,167.931056252223,166.040745371607,165.157708372749,164.915805861457,162.159780404708,159.88504901441,157.829068203693,155.304447480898,NA,NA,NA,NA,NA,NA,NA,NA,NA,NA,NA,NA,NA,NA,NA,NA,NA,NA
NA,NA,NA,NA,NA,NA,NA,NA,NA,NA,NA,NA,NA,NA,NA,NA,NA,184.178226260822,182.887111123156,184.126773806131,184.79531325275,185.271244297805,186.358108142208,187.454921357462,188.787723366072,191.748407972974,191.07488799088,192.679659698654,193.255781893818,194.167218346308,194.600460416709,195.777760427321,198.667937881899,199.129776440855,200.728256277126,200.727770919163,200.038977947229,198.768572622013,197.291706232049,197.603629689255,199.081301785148,199.739684633013,201.854024959712,199.982827631706,200.63706440707,199.118324306554,199.126541226593,197.208289465969,194.554241557374,193.099964836133,191.341678137209,189.266685085144,186.718457736677,186.94283179226,186.346618339349,183.780180184185,183.256466735805,182.245323878307,180.726838307243,176.487494508173,173.033059860045,172.458297536399,171.696451781404,170.557945106758,169.660511861159,167.836079643257,166.636666550616,164.325553968849,160.038711837595,157.93904472072,155.925704797083,152.733939242573,NA,NA,NA,NA,NA,NA,NA,NA,NA,NA,NA,NA,NA,NA,NA,NA,NA
NA,NA,NA,NA,NA,NA,NA,NA,NA,NA,NA,NA,NA,NA,NA,185.640040721609,186.22642109381,186.130359046044,186.56927734472,184.936918098108,186.345348319577,188.142149927581,188.613359269914,190.695004347291,191.57373809554,193.713301364343,193.661842015789,195.409220180425,194.98617546101,197.127012165062,197.103589793595,198.744475630485,199.375208923614,199.220605278174,201.468687740703,201.812642157339,200.092014789292,200.556498455165,199.637834289969,198.603589133208,200.486808468299,201.808200578411,202.415831803848,201.863985264128,202.221089135938,200.667008388551,199.765520684784,198.708424413794,197.132556481326,194.161555090149,191.836217621375,191.786401934144,189.888976223753,188.933685832346,188.328221513746,186.087950907284,184.766790744695,181.674366697278,180.31418321837,177.935478048703,175.792801139471,173.881247742959,171.320443247497,170.903613158875,171.511283952583,169.636001083156,167.259190003162,164.986018474122,162.096131261193,161.481667237483,158.887668381527,157.048227921171,154.311492791785,152.630091033262,NA,NA,NA,NA,NA,NA,NA,NA,NA,NA,NA,NA,NA,NA,NA
NA,NA,NA,NA,NA,NA,NA,NA,NA,NA,NA,NA,NA,NA,185.760065249293,187.066804929027,186.807602187168,187.069813788971,188.431132914451,187.953635589568,189.011602253997,189.77012893928,190.269566449341,190.853041972063,191.981532592553,193.469778022931,194.710664067959,194.531519428474,196.723070622812,198.322519354182,198.434626638484,198.890417356526,200.171512638538,200.674394127113,201.482537461234,201.82548138396,201.582698015031,201.133708775911,201.27886619882,202.31942188002,203.623043088592,203.940208316412,203.041400532647,203.350680537517,203.644086782673,203.923011436871,201.987121589962,199.838843503414,196.984884750085,196.108824734839,193.245785880314,193.322811050052,192.372297277401,191.529065762757,189.356941761352,188.222598211927,186.637475192691,184.425766714744,182.973437738379,177.684269023705,177.155584919229,176.854422217781,173.401200779053,172.75078798773,171.522864459329,171.185635257055,169.703131043696,167.108001300131,164.161616401766,163.022633356978,160.249534782224,158.288366946821,155.440221697293,155.496593702099,152.920466111359,NA,NA,NA,NA,NA,NA,NA,NA,NA,NA,NA,NA,NA,NA
NA,NA,NA,NA,NA,NA,NA,NA,NA,NA,NA,NA,NA,188.58643539815,186.187766572157,187.478901245988,187.175549817014,188.608395758242,189.681421677165,189.274354373461,189.589566128652,190.824126969308,191.955231083682,193.129422142431,192.403624193787,195.446291151984,195.610324786246,196.175532445209,197.697095398631,200.009756114694,200.290008823994,200.29046599248,200.863209117409,200.442626838444,200.146506770997,201.114877897497,202.670449272025,203.195505425805,203.097282821763,204.22088272469,206.401860718146,204.756447464841,205.240372977643,206.209432919913,204.511188151696,205.103753747036,203.791853504134,201.729609706986,199.952805994391,198.840941491107,198.114555055805,193.974339558038,193.510187204416,193.056497436916,189.768469257194,189.045526423165,186.408189266718,184.976032286276,183.392360355567,180.136648044701,178.576624916642,176.576144126709,173.444551731839,174.608274903664,173.836974190533,171.544980527677,169.267272497294,166.811124206796,164.502105673233,161.979171198835,161.196178902463,159.955190058294,159.42065985041,157.089040395771,156.938332640093,153.824527398411,NA,NA,NA,NA,NA,NA,NA,NA,NA,NA,NA,NA,NA
NA,NA,NA,NA,NA,NA,NA,NA,NA,NA,NA,NA,187.200232173157,187.373395383909,186.449020388506,187.930653006914,187.326922856508,188.935763923337,190.730919334085,190.690467512844,191.317566752265,193.610830077929,193.395997981417,194.445422798186,194.696357960289,195.545286805827,197.334838368468,196.837585369634,198.217242662214,199.930782494521,201.011024389327,201.559026759026,201.97417089438,201.930090502783,202.62640210968,201.25785246855,202.348202074766,204.226253492835,204.461182147401,206.092393217481,206.33676415338,207.32372355305,206.113584701544,204.95142750278,206.157110320544,205.208207567998,204.070196105802,203.230026245871,201.970611941863,200.479817274735,198.741057304906,196.213353229289,196.833193527452,195.245898395716,191.908040483075,190.922635667006,189.768809009539,186.958342038033,184.948788883122,183.062499672505,182.213618754468,179.328760131334,175.811207967745,174.622427970261,173.043420759294,172.623654174718,169.433416861108,167.638918297576,167.019317084819,163.529631373625,161.778584588616,161.704626334764,160.286815075241,160.050501930974,159.06911114965,155.825918635163,152.360550558905,NA,NA,NA,NA,NA,NA,NA,NA,NA,NA,NA,NA
NA,NA,NA,NA,NA,NA,NA,NA,NA,NA,NA,188.085565843865,187.415962958281,187.773933943667,188.358223962251,188.58156704165,189.47111565227,192.262452812059,190.870389238132,191.621608270259,192.804167895985,194.076121437964,194.677801335597,195.812532649521,196.167374751509,194.937989358043,196.935736253789,197.308347653108,198.62169695941,199.303568676055,201.028497460012,202.746727719615,203.137587455437,202.984923553086,203.492564944738,205.091405509127,205.107722129604,205.095984603639,206.202165518225,206.835487674628,207.457013423767,207.60652973074,206.401986574642,206.261585050155,207.269860634914,205.841196314087,205.562496806505,204.903811379708,203.527506866806,202.867009611162,200.01208288072,199.512978236399,197.478605369928,197.731703638855,195.712375759568,194.035355604741,193.674401278271,190.77184446979,189.271352957207,187.29349629442,183.322168340521,182.676063712022,180.766638564809,176.832068872296,175.636419653013,171.672482195686,169.246248526846,166.789344476365,166.682274774908,164.941049394173,163.973073697001,161.915003410809,160.934273747365,160.234468852596,159.160630233336,157.235117361415,154.070988997845,150.925684630109,NA,NA,NA,NA,NA,NA,NA,NA,NA,NA,NA
NA,NA,NA,NA,NA,NA,NA,NA,NA,NA,NA,190.095373273779,190.835879716976,189.235034782763,189.344129776952,189.711610671329,190.542131645994,192.124455737226,192.190062386605,192.61920586896,194.901517668713,195.050766757123,196.103253614894,196.779204414246,196.345537980308,195.326823131513,197.94722687349,197.159144624211,199.479193999324,201.404537175101,201.445966728471,201.379765076384,203.320941209364,205.549711932944,205.301421902591,206.549932487501,206.894110998276,207.591968423819,208.630177747703,207.834514376939,207.122203735825,207.604780239208,206.517583122995,207.270385384477,207.715090482666,208.418175489352,206.579780359068,204.638296362035,204.235931798382,203.460275288587,203.695971597174,201.810646390857,200.611788651873,199.920414303911,198.056163621071,195.939927668016,194.976742104021,194.378026262892,192.115281135857,189.296209014733,185.824624329785,186.975983427032,184.642583204796,180.64306905241,176.177519120203,174.620588165408,171.742435804095,170.234454737354,167.021649856677,165.448867748854,164.413274631092,164.381154171928,162.206807461187,160.747744419005,159.480874494607,157.560921365254,155.268025034265,151.873717898867,NA,NA,NA,NA,NA,NA,NA,NA,NA,NA,NA
NA,NA,NA,NA,NA,NA,NA,NA,NA,NA,191.641596097675,190.997497469647,191.72806466556,190.706158695652,192.021103907408,192.707136800252,191.5378819491,193.233073950534,193.336974670024,193.072095896575,195.075595833244,195.704176932641,196.178318899289,197.555701117606,198.041734616696,196.73730457525,197.234633321074,197.989493131182,198.70653153821,200.51411114448,201.017693754453,202.12789704907,204.961827815104,207.660256969412,206.066978700743,206.174870516018,209.037318075422,208.271829847428,208.013501003392,208.584261149784,208.432672305385,208.589101963317,209.98667324172,208.762931534134,208.345528185014,209.219580983404,208.012260259375,206.831289839814,205.532072139876,205.944544733786,205.126662031291,204.939519088444,203.624388655597,202.596984437121,200.033064762569,198.98603412011,197.420001111093,195.681524956639,194.060244551847,191.693402802196,189.413197795688,188.211427142662,187.632161280925,184.296942239313,180.08915940624,177.278959522487,173.15955055954,170.847267191246,170.459234189177,167.6665117021,166.038197861656,164.390131021706,163.261652493164,161.230161743176,160.60030091742,158.879929306312,157.046907494999,154.68384461679,153.29277098447,NA,NA,NA,NA,NA,NA,NA,NA,NA,NA
NA,NA,NA,NA,NA,NA,NA,NA,NA,191.080774122232,192.434011397278,192.920090818503,193.127927763948,193.360249344131,194.05050739602,193.750431440551,194.061936017805,193.107407066329,193.005347400725,194.361510028828,196.301023844508,196.503046802285,197.500207943566,197.782270732213,198.338146782576,198.891965100968,200.234069824067,199.196700515654,200.718943886875,201.487754436133,201.011802850203,202.822009290569,205.164023942497,206.796264646527,207.44606220067,207.654936436118,207.81959844375,208.923608787083,209.133159584622,209.039366682995,208.700819966567,208.143384865164,209.609169513679,209.670445126931,207.738814686532,208.764886046439,209.429170438464,208.314703106618,208.693223544044,207.417354138709,206.452794989737,205.682500795278,206.409374114313,204.542636900994,201.958990398006,200.798803807512,199.227997156315,198.411133275952,193.647346094255,192.356345333883,191.715415790321,187.724173450443,187.71289784681,184.649211035712,182.468513918302,179.78440680294,177.882061378437,174.630948794181,172.769332635566,170.797880849993,169.291931674036,168.413716609142,167.148744387645,165.520174995918,164.351567931063,161.154401468993,157.545900326433,156.616736650832,155.771826549769,154.264603138554,NA,NA,NA,NA,NA,NA,NA,NA,NA
NA,NA,NA,NA,NA,NA,NA,NA,191.413516618606,192.477831150456,194.128535386728,194.259360397107,194.577555610891,194.532711249252,195.102486243096,195.159791617506,194.464812803827,195.693486629273,194.996327361062,195.818114386174,198.818393569275,199.350677400699,198.080072076752,197.257429327147,197.319902269725,199.830685564354,199.722994427243,200.438165177149,201.097114989308,201.787721239497,201.166968766009,203.064242036032,204.660824716524,206.015852426205,208.047596588259,209.731268095893,210.619466544606,209.144878830518,209.525373919872,210.881783925761,209.763976456007,209.313212269821,208.844928946471,207.955255804562,207.701172291883,208.088317562039,208.658250017705,209.824443054805,209.793890381079,210.493781585142,209.962918878664,208.150721834351,208.082449051186,205.292122708118,203.706635269402,201.844194537369,200.256388514569,198.351548916526,195.597955801399,192.932543018434,190.418028048157,189.929630024756,188.547919820266,185.724540811335,184.138531552195,182.79418079632,180.626908689789,177.380532598611,175.522130138497,173.782618428378,172.056874497981,170.803167557755,169.422890589547,167.443849460914,166.131142475909,164.639850188264,159.859827537105,158.545933052433,158.006578815824,156.163004220964,156.226390591436,NA,NA,NA,NA,NA,NA,NA,NA
NA,NA,NA,NA,NA,NA,NA,NA,192.191750180604,192.631449212708,193.86543304655,195.008317507194,196.110094604337,195.199258650685,196.517943544858,196.92955533835,196.413948463243,196.699575441953,197.406856526343,197.632785269917,199.858119189297,201.189213847792,198.371903584089,198.312397553202,198.230101317934,199.160689330572,200.833522999983,202.346219361228,203.248141521631,202.068557035876,201.486206409852,203.930000598911,205.308995379054,205.845315155104,209.41261655915,210.42012027781,211.017820733305,210.224386395434,210.285539926928,211.881530913794,209.473749891311,209.743346429557,208.465506390243,207.303546655213,207.464845538904,207.368200642391,209.468577294078,209.916216568756,209.754335391287,211.776561618347,210.744918258732,209.043249021307,208.601043987814,207.877684332942,204.798948038012,202.00509508999,201.053479621714,199.356833465825,198.275810678586,194.767304503952,191.636249725563,189.772829706835,190.279905869402,187.606020735313,184.855085059335,184.629268596116,183.095334140013,180.200904790298,179.540411333486,178.023177152565,174.189230050808,174.40835568951,171.619175568436,169.804610075972,168.191911714135,166.105732596354,162.400024907126,161.222478452322,158.799793159855,158.074159618331,158.09514654088,NA,NA,NA,NA,NA,NA,NA,NA
NA,NA,NA,NA,NA,NA,NA,193.124007339963,193.105614637491,195.10061065711,195.201733996691,195.620612864469,197.774460695959,196.320889616604,196.218091408991,198.460290635774,198.678907103387,198.153321239125,199.454401953792,198.542204979636,201.350551507384,200.344731924234,199.64003046529,198.038412673261,198.95858472272,200.822687725743,202.625595774951,202.880458910951,203.931952820828,202.108287413373,203.8318403413,204.382578537272,205.757993591946,206.87038807027,209.278806519752,210.99988803248,211.705014394322,211.889354390274,210.54120897408,209.77110152867,210.687669058135,208.469215158286,208.602269528137,208.179813145814,208.96427845394,209.571177968141,210.917266572429,209.618094040378,210.342843375479,208.718451396924,210.994824434271,208.565381501543,207.195852679486,206.880420919514,204.055303564629,202.547826330542,201.549178648585,200.811244420779,198.417402930561,196.459919215383,192.779159993144,191.905251329202,191.423560325503,191.207805036543,187.756926774091,187.223844739597,183.449030958559,181.912206984046,180.313330882328,178.698917061718,176.883072242029,176.021859308688,174.993165607829,171.741980179201,170.09829461207,169.469596060088,167.00167234718,162.757067509893,163.294987763216,163.556062916728,159.944753898022,158.408678701502,NA,NA,NA,NA,NA,NA,NA
NA,NA,NA,NA,NA,NA,195.307807495594,194.452120936237,195.319623474672,196.8795613933,197.620482416936,196.695153277728,196.992214282607,197.394785180102,197.859937082148,198.962299164442,198.758774027651,199.933204755364,199.942750852021,200.488027898997,199.463280467614,200.480258316771,200.285820850499,199.426482928774,201.151124202173,200.834820882455,202.647913964273,204.277166159334,203.992033061806,203.572888988683,202.988954475365,204.685764467214,206.660361439096,207.419927908536,209.443996167205,211.626702535887,211.276516914068,211.574756171205,210.795250731407,210.222698683926,208.783958150417,207.858348709419,207.80004570594,208.00792615156,207.832442113918,206.661255636099,210.243522702515,208.30850747853,207.881245133016,209.750965308876,209.137103658427,209.389048662982,206.570082764352,205.605976799864,204.685048822708,203.927909305712,201.276310135762,199.50337676301,198.207631023898,196.242789223636,195.150874941659,194.473045687001,191.851616492723,192.246267745296,190.194831274017,188.925857295264,187.209088251733,183.566844210726,181.526128295163,178.755133830893,177.313135838184,178.064986744665,176.657058514789,174.777095616628,172.601225104989,170.528434547129,168.963921750209,168.789711730415,167.83750479598,166.55195383127,162.149344290605,158.557793969573,156.848398132787,NA,NA,NA,NA,NA,NA
NA,NA,NA,NA,NA,NA,197.15242067625,194.829757934005,196.338397470327,199.134587184084,197.569817529131,198.695765624888,198.046363102005,198.825744889965,199.599559599309,199.188224750585,199.584014348071,201.901650536636,201.481581193935,201.819622218854,201.345964131392,200.48333460065,200.025857343348,199.713745515239,200.175167043325,201.907075860287,202.317392843721,204.719720724044,206.262113831129,204.470683049181,203.944442310945,206.206097882572,206.962003930534,207.372110143903,208.679537245074,209.997009719486,211.273243342792,209.935759256276,209.768422451681,210.166377863009,209.2040386418,208.89955289535,208.263049750695,208.62342756525,208.052270981337,207.878503306806,206.185148514185,206.03326497815,206.182957810159,208.426288038106,208.52728692703,208.329871832926,206.445688806505,205.388418789512,205.414051793555,204.405041828648,200.375088159332,199.22341644221,196.803817047332,197.258558809922,196.798890828238,192.693093804027,193.880506245728,191.94373537367,192.483518068779,188.689591450404,188.162932129974,185.733097423508,183.152985399268,180.781617717361,178.911097498757,177.927523396174,177.892646822224,176.553712423344,175.265330544185,173.766173838635,172.561640324931,171.421520384713,169.282110522294,167.041214698706,164.64526857795,160.712811801381,158.217887741875,NA,NA,NA,NA,NA,NA
NA,NA,NA,NA,NA,197.441813175261,197.018837046966,196.865404334118,198.731081500961,196.738096276514,199.986251660161,199.22905544069,198.021548452081,197.832837981244,199.42796837498,200.591927385255,201.490128558301,200.86564136102,202.707609284697,202.627235096569,201.928699080317,200.825957958052,199.988268345226,198.965730172781,200.330919690899,202.174715746116,203.520467895241,204.60191669737,207.15432399032,205.494429723291,205.219730329057,206.454247322199,207.928387239921,208.0830479196,208.158146559106,209.602202595616,208.046359760221,208.477481211895,208.938339999401,207.727412184703,208.795518723391,208.728436927323,208.706523434835,208.430648150938,207.337897799273,206.25623537681,205.372818982935,205.477266595558,205.321058299149,206.218450215525,206.630358208553,207.074830712594,206.800545152915,205.726015093143,203.622240918384,203.100272931597,202.503200866403,200.411238357011,198.369112628828,196.578696560026,195.106804721363,195.620281947161,193.271219153871,193.697432717771,191.570493078195,192.445872561526,188.531942787026,186.645124562857,183.771659771634,181.41054043318,178.851473772329,178.955703686884,179.042555059464,177.779550609644,175.808338953114,174.882402427324,174.230912361623,172.918839857976,170.589406097731,167.33041491534,165.48718129047,161.339662552481,158.939943161634,159.366886983446,NA,NA,NA,NA,NA
NA,NA,NA,NA,NA,198.673857796735,197.898395506651,199.031031811079,199.220492382794,197.460790599708,199.893122984836,197.349422669339,198.877136090176,198.423641131429,198.245985594992,200.74116701355,201.489169054754,200.733374062214,202.674546482296,201.647699785815,202.773364467094,198.883166448466,200.855783973307,199.463086212802,200.465138418825,200.529099187881,203.814787682513,204.131932517252,206.352611121376,205.391173333984,205.450083084662,205.228103955615,207.913098412988,209.150923736286,208.151367749656,209.231522688195,209.58183393033,208.727182478253,208.474931333079,208.161507430279,208.02113238778,207.423393807219,207.114524670418,205.962113943797,206.440751080169,205.350752442654,204.331926960241,203.836143649637,204.413271328886,202.361011921627,204.963334866423,204.731605239146,205.723150084903,206.823034789569,203.939766068532,202.821961870693,202.394052926009,200.910896167443,198.089317076581,195.968790739046,195.685871539869,195.303363436675,196.063822172966,194.848846340151,193.874656344581,192.908991249675,189.900206129684,187.328050641956,185.435046766491,182.378732960085,181.121983251789,180.133304637246,180.358287875052,179.321923702381,177.650456720765,175.025558016933,174.851550992676,172.940355918277,170.959710640057,168.788517813503,167.340444468523,163.881148778838,162.733664299035,160.202997525345,NA,NA,NA,NA,NA
NA,NA,NA,NA,200.078448758671,199.898813852553,199.4835708099,199.713050914478,200.10857501378,200.428579340423,200.242950860385,197.922797099405,199.280901744955,199.604828513068,199.700441595364,200.498389282526,201.321060767491,202.121075962362,201.042695928832,200.756403764259,201.682534276288,201.696498189249,200.90306592037,200.763733290081,200.238095249477,201.012924161168,202.610718398599,203.395496921008,205.557656900225,205.213755161174,203.707089182725,206.526573464344,208.200483085335,208.590238080774,208.939301948266,209.921736915861,209.282438993487,208.936334497263,207.068313085531,205.708274917524,204.386731992833,206.963730447181,205.729678474503,204.978096122665,203.561268288261,202.365838537514,201.855371012088,202.02977243024,202.373331827343,202.799187227694,204.519440095172,205.858883303414,205.378838024754,206.115163672141,204.106682481598,202.544937849096,201.524304352155,201.732195980588,200.067573706089,197.745894536963,196.052360203029,194.278624539825,196.007580191946,195.263564362482,194.490736956392,192.030578659594,190.45326413883,188.670325220364,186.665975452895,184.949375839996,181.696637547253,180.364848362956,180.380135572048,179.796824699101,180.518976515571,178.425394088271,177.242485530419,174.853714967032,172.621130237623,170.281712154458,168.283442338159,165.815302619755,164.698932295399,162.788466288545,160.533494961755,NA,NA,NA,NA
NA,NA,NA,NA,201.154553169708,202.072394782238,201.033291453342,200.773613753443,199.996339485759,202.087033562128,201.219076201122,201.600140033324,200.983281287629,200.152913572792,200.069901581938,202.218167768534,201.841256949123,202.030596081231,201.774990736884,202.655463431468,203.325570556008,203.394349622653,201.740536034067,201.219576799064,199.996995447327,200.754427661767,201.429526638996,203.215108309151,204.349535287512,204.847526553702,205.265155289685,205.946522809753,206.881922224955,206.492227186502,207.452879326681,208.933765137482,208.560031734615,207.569534115194,206.064555628892,205.017123795812,204.1057452964,204.984831761798,204.290043751227,203.44685676885,202.590328872397,201.151154885249,200.999398303617,199.648344670759,201.500382549415,202.851966782302,203.590192460987,204.7334277154,204.132646856331,203.639251771209,204.408439492413,203.040251012822,201.591546445224,202.096996832769,199.666084819689,199.294972991118,196.915115964012,196.560662576792,194.859081155373,194.619256542678,194.54937994692,191.772928099643,190.944585575616,188.250026988232,187.56559175102,185.693587528981,183.60470186943,182.583829741228,182.269074099715,181.029590097576,181.348402570719,180.595358180038,179.616919785113,178.436728108855,174.343322345139,171.958823749148,170.313964574087,167.935569817161,166.67466145002,163.340303163421,162.807672829385,NA,NA,NA,NA
NA,NA,NA,NA,201.116658926822,201.148236319939,202.706536867872,203.095257327549,202.101290196791,201.639002003592,201.482284698785,201.714596198243,201.076023610006,200.682866502149,200.481107494253,202.103625058729,202.76928196977,202.832253629486,202.750650103383,202.444419579599,203.288561047799,205.853130717922,203.075369056743,202.397888364233,200.869978970389,200.933149432377,202.355960648046,203.142067444314,204.278714221036,204.928679768072,204.711514185805,207.267930057412,207.553571124969,206.335383339954,206.488500018241,208.570508660622,207.841763358923,207.866016348983,205.834536476331,204.028334781223,203.958000354666,203.642107162203,203.414328987784,202.797842965347,203.072040651515,203.18910269559,199.054644154198,199.656354113897,199.47804527885,200.595745080136,202.054515637855,203.330660147505,203.21755653188,203.492078321554,202.601617199544,202.121323888813,199.801138172331,199.733877310384,198.902544298535,198.202715025258,196.272236892646,196.768955503567,195.512160944183,195.309191250961,194.231213402208,192.567504965508,191.165537802832,189.041220039216,188.643385861229,186.645458735365,184.975361557128,183.295204152948,181.982559783521,182.381507498864,182.809664628054,181.863771271936,182.091417591089,180.506943683248,177.049940054152,173.254726822273,171.108367262074,168.759447345377,167.415694910311,164.768779849687,163.033194702683,NA,NA,NA,NA
NA,NA,NA,203.356194023626,202.209642429195,203.672989257216,204.508009038387,203.125392725735,201.999815365837,202.267753039027,201.318191556162,202.729998319438,202.825168109225,201.235181642009,201.375982859921,202.180226965371,201.986037220917,202.960024405863,203.073897139905,204.109809055747,205.259210756493,205.820882885362,204.402789000342,202.946801196068,201.168326225626,200.537771715245,203.515198576314,203.286754729037,205.503324027948,205.561518085959,206.127020115636,205.723014532971,205.177329292694,204.952416048256,206.330027894462,206.605310171263,205.867947779162,204.947082465764,204.518581753397,203.652207385824,204.531816172732,202.77195172613,201.709796102302,202.793476392308,200.557340920653,200.975840168832,198.513992741094,198.722560133051,198.744423315625,198.102312924513,199.51605672732,201.707909263326,201.703819389825,202.48669155797,203.575933032735,200.185983236971,199.199581659995,199.122913374158,199.154907937602,198.404330527173,197.20768998697,196.614900828314,196.666839193151,195.9260369287,195.593581202857,193.959403691582,190.887547883236,190.381797080441,188.181643470351,188.379843663312,186.17132868466,184.278989336573,184.432351916495,184.297438550407,183.867357265974,182.83159246668,182.950323089299,182.378028129524,178.608332544957,175.820182177948,172.10274310634,169.916895638778,168.515335771744,164.759371778164,164.077208206643,162.956317665538,NA,NA,NA
NA,NA,NA,204.456570390864,202.585236333455,202.896233871293,203.473909893335,204.762334105421,204.590252971927,201.926336259895,201.752214270581,203.746426228295,204.428954026322,202.502815156484,201.776996590405,204.060243925249,202.921602972663,203.775215153479,204.894264752328,205.032504370985,205.629426726727,205.489337923472,205.736030773676,203.28399240027,202.475431319071,201.189686301271,203.651364139724,203.753842861763,207.215400958449,205.876514348996,203.933002018569,204.633495265528,204.783727076514,205.88798341223,205.032926376267,205.158306796062,203.625823737921,202.344673144359,201.446312676064,201.532742939475,202.178533619212,203.029592804436,200.540316527706,198.578775344689,199.422451834999,198.640149446121,196.559619693587,197.486874630948,197.620051930428,198.536774447564,199.646360459971,199.363550289988,201.562323500942,202.106310863268,202.425994640927,200.581287074866,200.4661345494,199.265915006885,198.851159988234,197.715488883454,197.446055709612,196.655092356641,196.811735006618,197.49299624964,196.680105688026,194.711848227768,191.141723444517,189.245825271498,189.179201190692,187.748950002967,188.408126597821,187.086891395053,184.446761513109,184.38434301023,182.293027449523,183.933793382513,185.105185800901,182.81781233055,179.514492142495,175.831095883818,173.152691820845,171.574480031907,170.052697903416,166.501921972495,165.483414682052,163.204474770485,NA,NA,NA
NA,NA,203.787885724167,204.825426981629,202.79820390271,201.173512404904,201.498032713134,203.287951455903,203.380042560326,203.459646130004,200.803720080954,202.067954474339,205.104968418743,204.414939455368,203.298379228603,203.075325888303,202.593795986487,205.822491793485,206.35095731091,205.335647904036,207.133094140771,205.826537493,205.030843197948,203.924001247193,202.587447420734,202.906056603332,203.326876641884,204.198776827378,204.983447580802,204.438565841749,203.328251558803,203.609716461158,204.329378712812,204.94079412314,203.663247921034,203.495628576998,203.658448554417,201.795612753373,199.625747385394,199.846360593365,198.185803527998,199.365445871985,199.893121307958,195.851296214709,197.582145171912,196.933048703866,195.462753693745,195.041368290647,195.402317478926,195.797379000191,197.048274617394,198.143202941035,198.089027524196,199.730925851961,199.760649623761,200.154684736737,198.392542241576,198.459233945991,197.744497714875,197.070653093046,196.881381031168,197.330406159946,196.448200897171,196.561759607654,197.808874282288,195.628343632169,192.233820339344,190.040594141917,189.743361485128,189.7649875813,188.692327023095,186.646856951469,185.755207454148,184.212893299383,184.761394306962,183.307621129828,184.725347520448,183.826953323153,180.94110246659,177.609018215028,172.935056954977,171.449808955524,170.201209780178,166.765327384871,165.637229902346,164.101230418761,163.043711913644,NA,NA
NA,NA,204.42016034346,205.310159660899,204.65236437776,203.796007276541,202.085659646931,200.798326726831,204.027519880622,205.251238521795,203.418989708865,202.778619874922,204.724055454874,205.326594723776,206.081345209937,205.205379190379,205.529199202662,205.025106497455,207.631931591667,206.285444087656,206.315395931896,207.829653173682,205.391204014606,203.655025742246,203.209593309404,203.150276152906,204.197255371365,203.757002387382,203.4861926416,204.271295563659,203.858414499083,204.416254476593,204.565465635902,205.092470844597,203.205468375402,201.722575123315,202.260352005344,200.47052601667,199.947115578479,200.27185897932,198.128417665098,198.074391526442,197.71834946786,196.370876062444,193.914369411944,193.098759804984,192.161892782749,193.049466020177,194.928431528913,194.192637553066,195.992117239382,196.855890230553,196.264096450751,196.000332671068,198.309427819182,198.516173503354,196.981640719351,197.337619268762,196.44594183053,198.483963236197,197.147556132548,197.822045156344,197.495769700448,198.371527275407,196.748690038405,195.043993310588,193.84860589295,190.859005011708,189.97561484768,188.646795817826,189.169942483576,186.933837286342,185.954747270421,183.98229497876,183.458676693319,184.562944701716,183.793448493468,183.215193904551,181.183129977272,179.142774203671,176.146439238508,172.366776166113,170.572421654799,168.422579893805,165.864300099322,165.671076551082,163.814781058662,NA,NA
NA,NA,204.163143491136,205.039484767773,205.234021810871,204.966271227154,204.540956141996,203.067277764,204.512809294047,204.712781370757,204.113160005655,204.349433037763,204.762149564653,205.099282246899,205.723309117479,207.032515692972,207.573478450672,207.212319663241,206.94317856566,207.004589302785,208.376139450372,206.637791610176,206.88195421429,205.469433817947,203.75018508105,204.201983633786,205.42515930209,206.199951944555,204.013389828004,204.591670965687,205.043560325588,203.747054594616,203.272410773183,203.498472248226,202.14320103559,201.009896263216,200.192232089791,198.623431712081,198.078331595878,197.414014309575,196.539568283116,195.382800357751,194.520747184012,192.020688179775,191.170738058877,191.522341186068,192.274222473712,190.331928861306,192.714501528071,194.00891240329,193.752541705198,194.835989766976,193.611296631114,196.569017692786,197.327295548981,196.135885110329,196.726850471083,195.62419987223,195.78483154133,195.85861039462,196.725258895281,197.402409791858,198.092535251474,197.498650974646,196.441814827227,197.036799009448,194.473910825799,191.336089284405,191.579394571684,190.439599413269,190.867578085601,187.743944952405,186.210547018497,183.99405783447,184.086955277004,184.636220538742,183.872128438035,182.650009921065,182.062676115021,178.619026136682,177.434234574288,176.08485045947,172.159909293554,168.630774167515,166.144540998081,164.340008608441,163.04148835577,NA,NA
NA,NA,204.008959023646,205.294142933131,206.570018294079,206.039425756134,204.555611807766,204.216215115745,204.637924022824,204.688409641092,205.377940323336,205.894723697767,204.994266852633,205.071112623988,206.564476802898,206.753049024872,207.541283466399,208.83056308268,208.702523399897,207.9738116865,209.940958083634,207.417453048359,207.57687149112,205.786030059094,205.704629191337,204.280988687751,206.002146880144,205.717876290195,203.783493606908,205.145689987143,204.265949479342,202.278355531643,202.212433240621,201.466073475018,200.184563011373,199.577394268989,199.076528919084,199.140458322022,195.597533363624,193.672872325325,194.706384202895,193.890864268427,190.250357593315,190.361202815489,190.499917628737,188.875999885692,189.881500065307,188.716980457152,188.807656247116,190.116236968734,190.652819014741,192.245861788974,194.926199326525,195.013362239887,193.62637112733,194.375943197328,195.346929483176,194.599959250838,195.903279621155,195.103108885595,195.682893009752,195.527543713095,195.398661242396,195.758310992278,197.926758825578,195.517206197427,195.597418969104,193.92590857287,194.411096636409,191.168511341234,191.901180529,189.833556205388,185.559811837916,184.578254846213,184.823754141681,183.611962886607,184.046172361999,184.766808732126,182.988282578275,180.056220369913,178.771430218441,175.885996259338,172.016900759784,168.650016935397,164.616661022877,163.287310984752,161.686457331608,NA,NA
NA,202.942214586104,203.528924279597,205.558593882677,205.80103072349,205.172147164823,203.979500629806,205.181763630968,204.706260079807,205.708275237055,206.276758826467,206.040275665491,205.104274818601,206.001812312562,206.312172910972,206.665995017973,207.383468767869,208.978592371948,209.481814442889,208.989314787495,209.495875335339,208.511639839333,208.658778963406,207.986398099625,206.167504735493,204.750439061105,205.197660629946,206.322482180484,203.90330705236,202.928068322779,203.83458906326,203.065127886817,200.500725005891,199.633516687978,199.534626472097,198.878644417947,198.625515825282,197.763908441264,195.935948070593,192.369947106283,190.500588003354,189.55926755679,189.216587467747,186.718187386172,185.025358582281,185.210043753532,185.36532604803,185.892740510821,186.516786992666,187.271378558017,188.823080926196,190.994217988802,193.28747982855,192.986600875947,195.332622277991,193.670476952978,194.211418429999,194.328528436198,194.077079900654,193.645048697202,195.700260277388,194.772117065044,195.797398171424,196.459672805091,196.955045216859,198.192198023375,197.263026899283,193.796017094634,193.742366720794,192.796153121809,193.00826888133,191.268481922922,187.15280936717,186.18769769727,186.344096466984,185.9732812905,183.494355698162,182.264818077161,182.326408915436,183.242613924078,179.964935511317,177.412477699016,171.691310411942,167.180578437356,165.393421663387,164.220059035251,162.997607695488,163.088797894601,NA
NA,203.308938330501,204.426906694345,205.891294063899,206.060972004006,203.118154786247,205.54742470346,204.447903054878,205.8784978669,205.863803142185,207.188055732988,206.50686953686,205.897784725258,207.000578314822,207.245318982676,207.76942353848,207.8464843303,207.531337195657,209.841815204655,210.481341253686,210.609715041886,211.085429071406,209.533212433448,209.653815030772,207.825432857157,206.727329301512,204.922934364278,205.963221680202,204.25297252124,204.718334331303,203.690276990428,202.437880438731,201.874120287233,200.059357797434,198.518316318039,197.432092281935,194.830524545972,194.464774565692,193.282843965893,190.554668971276,188.476081071885,186.892611583433,184.724580491889,183.313108673113,181.63025317742,181.505600148818,183.17281962071,183.561054428224,183.170530689376,184.442449250533,186.12558081631,189.023394485177,188.80070436338,191.481250129312,193.677695661135,191.954288582911,193.905209106464,193.455772037203,193.56092993491,194.198365275578,195.51350088762,194.577937012502,195.951815902591,196.542441215542,196.954228736259,197.054425450919,198.057093527857,195.682240813941,193.974547310128,193.186177339609,193.217998837474,191.211211155464,189.364561879539,186.434937311407,186.13204902521,184.938612678359,184.914882865729,183.423184148098,183.086394917842,183.335995918124,180.470606734751,176.496522937605,171.507115448173,166.775096481058,165.856172935923,162.413040527143,160.675191401853,162.88430549841,NA
NA,203.97956307823,206.05450768452,207.291920226103,207.230388495759,206.712796249893,204.901398147894,203.806043262056,205.504672949126,206.65451408455,207.897187501629,207.821717720298,206.993976773543,207.69251790598,207.504567916469,207.074486111336,208.011802970863,207.652479919959,210.542877064785,210.16256687226,211.543134454865,212.160803254088,209.587852904655,209.603710740809,210.361436654159,207.000646670437,205.899180105079,205.57487827837,205.900682404882,205.05494185169,203.497497536147,201.856956674707,200.86604471901,199.338240505774,196.499773495039,194.758843830188,193.569762488851,192.999847629071,190.769829149298,188.529821820364,184.692966088593,183.858171147226,181.313522177946,180.581353524152,179.141216794721,178.801864098543,178.95189343762,179.862833807208,180.742413181868,180.908538859859,181.514608420116,183.607740370609,185.423997234673,187.698975554602,188.52966505441,189.039235601536,189.700942638859,190.596586077383,192.708721266254,192.984497385254,193.103870606622,193.818977702293,193.674850100414,195.304495384125,197.089591960227,197.118054758416,196.632601470908,195.491473703779,194.990908472575,193.357737401394,192.512230255553,192.532230340688,189.033271318318,187.682307567894,185.479656239051,185.220750222062,183.818391649067,184.617351593845,183.596176768519,183.792892048086,180.777256093381,176.508618757032,173.330546466389,167.469712110626,167.515617145264,164.23023523686,163.467372051751,162.832779611607,NA
NA,204.132348968454,204.537853778892,207.360453255953,208.198269735401,205.855321506193,204.944251838961,204.028297297104,205.456806393384,205.248203618932,208.368360959289,209.223497934506,208.219615711672,208.525554907294,207.539642814029,208.236483976343,208.678496355766,209.931237942742,209.842142111509,210.397648497901,211.043212617077,210.803059431408,211.568516873974,210.122421174865,208.983064750122,208.21580010405,207.5968386289,206.067654322581,206.011400781641,205.886412689237,202.577763019552,201.454149246835,199.099346486598,197.204076768921,194.889561711573,194.266953278112,192.852639119652,191.457145479603,187.871888201993,183.797833095453,181.935529145897,180.419961314987,178.554959740522,177.96457832228,176.358266363486,173.757781702653,175.456724916968,177.237456924267,178.147274275577,177.377430998306,178.768376785106,180.931305797706,184.271480061879,186.289844011356,186.771955524264,188.319119563183,188.736873169791,189.863327650785,192.28082270354,192.575641663042,191.902640507283,191.731600690194,192.248749285754,194.066116898343,196.516575367587,196.691980860202,196.144576654551,194.976004853165,194.35792412225,193.692062010884,193.904475158469,190.094724081227,187.593604007157,186.615895433153,185.953449102622,185.363960287537,184.828918930952,184.269765864229,184.21161545727,184.291361347127,180.226475153576,177.175379101809,172.385745782545,169.424583350701,168.12102233026,166.399462069883,164.899476993173,161.938532237748,NA
NA,202.521175508546,203.19047695223,205.043155421943,207.140874652758,205.600251746393,206.010293711633,205.090506787272,204.620741306956,206.732381288832,208.302409503775,208.633187912921,207.697052856664,209.764444489837,208.959589748078,208.10159711878,208.618321362169,209.263801973076,209.819189003912,210.242068714977,210.276361340457,210.370866588114,210.890989276202,209.559657177655,209.235746287444,208.449100290504,209.50022583895,207.623607318714,207.82118668903,206.074798373409,203.154540834777,200.722379499015,197.421164705856,195.803075455006,193.008728555389,192.630461634574,191.868374786867,189.782987795861,187.393945926699,183.433296171504,181.376047322472,181.16233242768,175.740892205565,177.042983552613,173.27504449163,171.27803459183,172.351641941115,170.634953718832,174.327460398935,171.756661769376,177.012444581346,178.323970285303,179.195245736514,183.620172043024,186.204835738129,186.28260806737,186.721444420151,188.994083193351,192.723029492736,191.460023506817,192.61436007885,191.039174290668,191.812632734553,193.593222635751,195.18879387864,196.580493689441,196.078026094321,194.206174011235,192.453410175628,193.257652839112,195.381637564521,190.806860992549,186.851443720322,185.511101679299,185.051474759147,185.016058007686,183.822656097814,184.183444721852,184.475816881324,184.257642393996,182.409259535948,177.629946322078,175.010788502682,170.592208108987,169.449621133197,168.121742922609,164.147435916516,163.381390316111,NA
NA,202.019508276841,203.689102750441,205.314320580273,207.58260449159,206.261735903056,205.666979994993,206.37683312886,205.163270933998,207.374099855358,207.472502923886,208.256607051781,209.292350680466,210.416806360478,208.201277278192,208.71479987152,208.756003268534,209.091352251465,209.646630129994,210.763150255167,209.397080594112,210.710663498861,211.862039575117,211.2385389505,208.244313044654,209.684511299578,209.026234200848,209.403933686395,207.84754640276,206.602123240972,202.780734004839,198.47739337276,193.949961321509,194.400073559028,192.827706582054,191.192620298772,190.37946389972,188.704479273242,186.368057135409,186.072373568395,182.568838443547,180.19267787985,176.829904648168,173.318996970399,170.516262991647,169.596880655286,166.917483629194,167.851098784252,167.792350948005,171.495209284987,171.388811934461,174.734388011932,179.5117518392,181.3143553754,187.509185781107,186.214347195987,187.578484158113,188.266114812391,191.458607078778,192.467588400211,191.05325431788,193.600788022938,192.155624918087,193.40203774549,195.986129252092,195.332196048204,195.077618468207,194.47090778351,194.132470187612,196.147146695475,194.469088711098,191.674569423208,188.366694927744,184.529825821064,183.937760339065,184.050435886317,184.076397234647,184.707460021784,184.049458546742,184.35692105987,181.976315041885,178.855055535687,175.163534471552,171.539799565689,170.400814220655,167.636506058452,163.502073032822,164.342009126156,NA
NA,203.318175017975,203.540118905551,206.462157934282,206.154334966983,207.51270295776,207.328054086057,207.665372742362,206.818504230456,206.685842724773,208.192690370309,209.327722123963,210.37659841622,211.482597918292,211.16262390593,208.341238857471,208.285113126594,208.845054787596,209.410016012678,211.16997951796,211.579841081694,210.175907040439,211.618263753311,211.692334190258,210.866330069988,209.058479182526,208.46078186637,207.983450149364,207.118888640622,205.240850992841,202.672060454835,199.856808103112,194.0003425642,191.804685386611,193.022235357657,191.33559111444,187.784619280899,188.300487417786,186.606920319383,185.540704415482,182.124631328076,181.004340436671,178.050953679274,173.716989269625,171.328680191776,168.530760419303,166.319748754023,163.774240680618,162.726954059376,169.234053857624,168.736212783127,172.808372289238,177.483585443492,181.995560266245,184.894249093171,185.816581425338,187.166492813603,188.107584012953,190.354797208781,191.00357127045,191.816112278657,192.213530281955,192.362017370575,193.825150398822,194.161282386073,194.961287313567,194.645859394909,193.592647275629,194.245060736252,195.246142110324,194.424584031653,191.9961633686,189.234211172955,185.410366552387,184.154957573336,185.928683136751,184.432534147288,184.433620539372,183.977084303966,184.637630910372,181.450695564569,177.628769047764,175.223966344506,171.964998407422,170.862323885825,166.943110957917,164.913753690647,164.310927001645,NA
NA,202.226213932463,204.625111505456,206.002123885458,207.468969269695,209.106357800033,209.439387599725,209.651829611349,208.185229052865,209.098047940286,207.67765105092,208.825652622023,210.742525555766,212.003268007898,212.191542466402,210.393628486415,210.493547681383,209.141626349238,209.279543895394,209.793828138032,212.628489194018,211.197713983796,211.30450129077,210.430542084435,211.262476501088,208.610368538151,206.335234262509,206.164173416234,204.592141122192,204.162152908376,202.707813159543,200.001237486625,193.476680551228,193.3351942481,193.352129087899,191.211749388014,189.154132728288,188.683522104219,184.746507110141,182.185546620555,183.082834824692,178.892915544733,174.120869621047,170.939605334793,168.374137917326,167.153332782822,164.944962200954,163.593451793604,160.477170768711,164.871624652625,166.187291065131,169.760520893823,174.939762992489,180.222255102938,184.01154463719,186.164294182046,186.976338609994,188.151656318298,189.547677962809,190.763842800132,191.513149561984,192.271960745635,193.147199341776,191.791403105338,194.377844621865,193.088904312208,194.116527682254,193.292059744681,194.16746033248,194.484539273833,193.083999741192,191.994079961713,189.111934758414,185.66052687263,183.081044861233,182.965009371955,183.801472538292,184.045563556803,183.617411257588,182.676924483716,181.400941269473,177.658280490371,175.464849203967,172.252101607536,170.525118407014,167.123510705789,163.207399214374,164.2943784772,NA
NA,202.274335063905,203.26873850486,204.567873097841,207.512853962496,207.64972322146,208.455176112883,209.296332307273,210.470601304362,208.829643099588,209.016065807721,208.677691805875,209.68299530507,211.967091754451,213.643285998144,213.397146893981,212.239349182393,210.822557242107,211.151743273148,210.626028470762,211.553477362822,210.208794848321,210.695118000982,210.112114047953,209.50289837097,207.411512099826,205.586621951788,205.609836719634,205.127029246759,204.486134352628,201.646783560474,198.443719279173,196.10541728567,191.996440758948,190.035462317424,188.488805583493,187.412729357654,187.388564012682,184.851664862183,183.257005799685,181.545768419785,180.147674301681,175.83113467176,170.99360109242,168.767735330561,165.680148014533,161.967386746146,160.257858187896,160.122132151803,160.677620960121,161.205583231262,166.343099077784,171.59561536995,177.001530858186,182.487183283628,185.006431710695,187.162274188185,187.80466551631,189.488560389948,191.280224835092,192.455913555503,192.099182223895,192.951670674888,193.284450846331,193.102529877474,190.751336553442,193.254468189438,194.160104894852,193.553189911848,194.878627172103,195.091465643765,190.563467877273,188.840692725347,186.832606965134,183.69860959713,185.056994081448,184.276815169116,184.54050091524,183.039820908146,182.483148254311,181.653870073832,179.034606821788,175.11717942973,172.181065212285,171.040649506464,168.27730582597,164.577808009982,163.628813381868,NA
200.791340166501,201.90765378199,204.134340628212,206.534478507982,207.693316390543,207.033887159507,208.5609233766,210.996552567874,210.492078511374,210.06098859844,208.263702473418,209.581813554551,210.340678397943,212.81552573587,213.824844118668,215.783889109689,213.588340739745,212.012718420082,211.069176330886,211.626909243572,212.507139316228,210.701663283706,209.62078657527,209.387109833321,208.877312267881,207.903530818389,206.150317732285,205.117683830037,203.843287557811,203.207206159444,201.953993678848,198.52281179104,195.872331855067,193.432117628079,190.474816324141,187.940051816093,187.627586923931,186.499765704061,185.174435059021,182.180560886498,180.748882728195,176.99288262657,174.616362407627,172.169847152927,165.698759278929,163.647739655381,159.989758860332,158.831200811752,157.943339363616,157.486939030763,159.12942681054,161.408621424415,168.874754188565,174.504893683615,180.479403772689,184.899913861864,187.757591712618,186.58891908609,188.868564357043,191.266555813231,193.071567182434,192.616187664228,192.554744094436,192.244602324962,192.59507778552,190.699181989467,189.689480450278,193.915970589844,193.078225731013,192.772216726669,194.031584590389,192.077432983815,188.409104301843,185.423772801744,184.077137048151,185.514318939689,185.266526715982,183.880813252859,181.882609752414,182.059850485451,180.715382860994,179.941835870275,175.917956073866,173.609483443508,168.960350742753,165.665983013013,163.666658465512,161.546849938012,165.140536725338
NA,202.48372780148,202.949380101143,205.238106579597,207.640236413022,207.917583244711,208.459603489502,209.95576302678,210.647702800045,209.870167960577,209.922223249504,209.785559169005,211.135848334394,213.587336610146,214.382380807904,214.231077209242,213.64037451593,213.540617805138,212.913169815008,211.851808039553,210.482202277562,211.083509895389,209.290660698498,209.144321658901,207.77592426936,207.8293746199,205.871671198386,204.601948917094,202.889218307594,202.731881794443,202.792490188943,199.027615961719,194.3790478107,192.205496818866,189.189565650104,188.076190514822,185.51273404133,185.701382508437,185.355230471909,183.851865308074,182.066258638974,177.166422892914,173.299512060231,168.638456835115,166.210030869675,165.434430083438,160.273619918775,158.704517797593,156.45476964459,155.760239044735,158.884780918164,158.247948343469,166.704456146549,172.261815152461,179.022691399107,184.96596891369,186.791121819194,188.837336952113,189.020035964161,191.005388998147,191.986478827762,194.400101070445,193.758190456929,193.535636005813,191.840818802606,189.966240295686,190.411707054534,193.252529501331,193.376493558076,193.287575755046,192.301552906564,191.874959411861,188.72985893592,186.896300558128,184.424219382311,185.052171590192,185.478755823535,183.625149439365,181.526506820928,181.891790253191,180.198220749695,180.301801497166,176.915218052356,171.144599469632,168.450481499203,164.543907576483,163.402512544586,161.698793293089,NA
NA,203.453064267632,205.413198431525,206.490086226399,207.504638520786,207.682294171088,208.197346119652,209.772335680951,209.341544685716,210.504766503743,210.138056114962,210.35599589092,211.188931960209,214.020164115893,214.180972407442,213.465095516662,212.610120069773,214.012992277083,214.848913584554,213.231696055095,212.629391315473,210.836123209297,208.840467732351,208.971722424064,208.601233734838,207.925239030318,206.416432360308,204.558273387935,203.280687343102,201.820348743105,201.282861709923,199.074848571873,196.906944475258,192.971986889056,189.693232194433,187.23370059932,186.559159541988,185.969292396947,184.683018910251,184.415315276758,180.975584289934,177.932955388879,175.395450954787,170.457072181978,166.987273405499,164.694483511444,160.137932210229,158.175110188132,157.434656891309,157.657064985897,154.331238134145,156.007216073389,164.53622814646,171.855499364512,176.742606338264,180.931809029708,185.511319898135,185.521147784637,187.784048035037,191.63284432359,191.384257002892,191.416259835491,193.53049356835,193.523446321657,192.25008994449,190.767534400231,190.302634976698,190.066229031359,192.945436304206,194.167854965167,192.456302337872,192.575965319469,190.49771829818,186.697467646953,185.250545901813,184.745520598502,184.747809141449,184.106442922393,182.271083943774,180.372956340043,180.849772413447,180.457684783033,176.370061904027,172.334097321439,165.707127012431,162.894189473604,160.659909310961,161.857675541095,NA
NA,202.101527103484,205.705916036558,206.142399722615,208.273079132207,208.115664062557,209.183003619934,209.81844267492,208.593550735055,210.270124547014,210.537654022321,209.98377245588,211.661201501679,213.251656562634,215.557213050214,213.513136119432,213.719173202682,213.756372293562,214.189029133684,214.134768204594,213.148315809382,213.134074428023,210.369804403199,208.627428112841,208.402026320799,207.336586846868,207.007283410294,205.128028480869,204.661400082552,201.860794660278,200.414722510411,198.702010445244,194.50302533465,193.141555943741,191.442688376443,187.443518488399,186.405113122867,186.524361581302,185.49150068673,183.144818537769,181.557716914274,177.840469308303,174.3529250463,170.405866434952,167.626459131669,164.9905206689,162.08340592148,159.90312211821,157.891760699225,155.0582191776,154.984863546828,155.492588740544,163.838422123892,167.750612868194,174.107982348405,179.086224119653,183.769078302044,186.214081208493,187.833478124294,189.699356788268,189.748125300682,191.707856794292,193.438155449843,193.498200124428,190.629637081104,188.908545522999,190.098270710032,192.144511334412,192.123489077516,191.971011453412,193.193004241363,191.321167638738,190.101655943424,186.865507075049,183.652686755953,183.751256688042,183.422734742991,183.445146442116,182.267082907981,181.335361034977,180.629470331444,180.033188102198,175.809720322518,171.280565473331,167.046593347574,162.916482042954,161.153445350742,159.197844531109,NA
NA,204.052387601412,205.119193945829,207.80811587603,208.804483014061,208.77440229031,208.897121516538,209.807250353122,209.532064146558,209.68616145446,210.858563005986,211.182827149269,211.378337297872,212.990881150581,213.441571600424,213.491825994779,213.689071466709,212.224974526809,214.308500912799,213.175890413632,213.733141307947,213.147662110519,211.911520547277,209.806332117233,209.969589439717,207.798975130873,206.032086152801,205.589579091466,205.18820752075,203.211185686164,200.548852653388,198.668378458767,196.234661036055,192.774212075599,191.167683521049,187.936522336937,187.295305115576,187.330473104643,184.287022323442,183.009767691871,180.652959850786,177.577733051609,175.159900973716,169.283543439483,166.2742169099,165.090750098637,161.543381175297,158.557227563313,155.590675450604,154.031571077102,156.300581392218,152.460429193779,158.096114648264,167.107323934093,172.904587218819,178.498649310507,182.905339782139,184.302292209222,188.137668359798,187.935036887219,190.537185504101,189.996699893375,193.069375337693,191.754718665394,190.193416263228,186.720490825229,188.581600279085,191.087431077371,192.909762479601,192.864217259456,191.558072934843,190.782084107701,190.995218431262,188.033054066564,183.518001669734,184.405777200451,183.199972285598,181.035457682733,182.46799901392,180.951995062362,180.745949094114,179.811245472779,174.676031622793,169.06709926213,163.8651395268,161.265758905522,161.670671673773,160.228889001916,NA
NA,203.988149578938,205.684671494185,207.798955425234,208.395865294204,206.920304581075,209.529893498237,210.37931853473,209.372045889548,210.427632078837,210.33125854263,211.362700299433,212.73371408441,213.178823036714,212.200606759416,212.956671590946,212.786399267946,213.457096254621,213.754700083694,213.794176762933,214.046443231774,213.552741417501,212.107047029679,212.211592652444,209.401584122453,207.639112331101,206.504697017682,204.338976229284,203.907275638912,203.579641478881,200.579655084788,200.066711503951,196.462814591849,193.611846835515,190.896636681906,189.48593023362,188.996712101967,187.432093116952,184.979600675372,184.285698540138,180.447575438913,177.452940407186,174.008546516732,167.88887078207,169.48862122168,167.714399559565,161.865610827061,160.638191186048,158.96500839916,154.614672077755,152.022127580406,149.968885434581,158.012169329379,164.351513632849,172.762014813146,177.506205703102,181.046823418594,184.077893915527,186.105565926013,187.943655496023,187.932715761946,189.571601048663,190.962462878043,190.589696157363,188.176594865507,185.804943175091,185.601499453296,190.763440795047,191.653075133187,193.416143692382,192.1644854111,190.995830672324,189.140132870668,186.907795603588,184.328224867019,184.184256839584,182.697765101549,181.8670963937,180.559560208496,181.297188480585,181.336964619107,178.49133908644,172.651549204897,168.476150321812,162.981795916784,161.337172372261,159.437155670493,159.103184490041,NA
NA,202.382679706343,204.71917431228,208.228315451039,207.4671606312,207.466737730124,209.89401900151,208.880106763443,209.589505564353,210.590860229872,210.597273830757,210.760450476713,211.481969447052,211.619063791553,212.207612766711,214.389671852488,212.631481333659,212.299142023615,212.346121148497,215.062873033624,215.216899078172,212.993338180814,211.649541322293,211.780265937108,210.34856391182,208.622431914239,207.96604601818,204.802052438541,203.822187933201,202.994826465757,200.228033318982,197.164198571357,197.048236413884,193.738190973393,191.905492849289,189.347601101392,188.089639999002,186.858047896959,185.07906060707,184.354509144042,181.77719677614,178.417719655178,174.87118824257,171.571503439167,168.950540766524,167.816744112824,163.932152790659,160.406166930987,161.823022414946,156.610395079998,150.82755200748,151.385484011781,155.321134273066,162.243766266745,169.762951374932,175.095921512333,179.640042387858,185.773553954543,186.672262061955,188.55960312146,189.176622008434,188.391043097068,188.73712340277,189.220202462678,187.465603173342,185.240983684842,184.901055790968,188.099170375393,191.102942298608,191.679307233855,192.207503340968,189.708067307953,188.762888888321,185.315960212222,183.928695454694,183.408303270098,183.042485161125,180.462111022558,178.663826128722,180.046892041632,179.7255320821,176.207507375281,173.759636270649,168.212884578785,162.839360861748,160.179537570048,158.91123281094,157.75342461554,NA
NA,201.705933954559,204.86068676923,206.774810749336,208.37422314505,208.968206030265,209.877742463199,209.756321301974,210.303777986648,209.691703856814,211.630887427454,211.578566927968,211.044290359024,211.502490733576,213.375890873124,212.811721536202,213.290883645903,212.41724023761,211.697822374785,213.221691392075,215.330570565792,213.971548085012,212.916079296809,212.288058093425,211.822822145001,210.899544885638,208.001461653465,205.108599399077,202.859084177227,201.380075135298,200.817126401989,200.684387740815,196.793353956227,194.044446858645,191.895704167232,189.556949235287,188.058141790089,186.997877188546,184.934848662322,183.718571756475,180.669691513889,177.817742086328,174.610193492636,169.8665081624,168.57526039097,167.018512641436,165.052229085595,161.231399380776,159.831822561,154.69898857563,150.87632785189,151.983311263533,152.744591598961,161.795611558128,167.360560362774,173.510155328602,180.449013115053,184.421570070536,185.583202093868,186.693671771105,188.58523087885,187.878776153961,189.193874667849,187.361395596077,188.551133932474,185.397001478649,185.600538645709,185.320012834424,187.892497086308,191.348386942897,189.921968467704,190.008293829615,188.040779373788,184.341603401533,183.823469855008,184.073373712818,181.733432850374,180.076629504307,177.135972000886,176.944658536554,177.634948874717,175.088222339834,173.658483712817,167.856045532307,163.347445142993,159.237178011907,156.631270532424,154.907562003875,NA
NA,201.322619302484,205.021531870974,207.422653698705,208.346423411625,207.706546141391,208.143108820315,209.474111113495,210.327906179496,210.821115090973,210.461972553252,210.521384598638,212.234762332258,212.003644563527,212.049085196452,213.159044807015,213.8950950582,213.218161818768,212.623700150373,212.767858983467,214.338183986557,213.95128174069,212.314861112051,213.469818841395,211.569031094295,210.09725093597,208.464874822429,207.403175645966,203.772777790826,203.11202951841,201.300616695956,200.992617079729,198.563759092765,194.825641772573,192.108243269097,189.735348913832,187.560072382471,187.668514988942,186.084326847616,184.491273606143,180.716446666471,177.234297085247,171.652238423505,173.081459237219,167.353921507441,168.294557984448,164.32535822525,161.544756481778,159.490611651809,156.442304331653,154.228562527622,150.531362455985,153.905759749555,159.906483823985,165.865123987408,172.977261402694,179.263168541327,181.782438416228,185.574057195455,184.702733924198,186.124150003459,186.528505361707,186.41888302034,186.1889566228,185.069640416969,185.411461241787,184.60223736125,185.807101895941,188.048211967339,189.913456315557,191.165744345516,188.106967281966,186.351080127832,184.032007673869,180.72213169491,181.050537259438,179.825618047649,178.206676291321,176.521253632016,176.761300598187,176.31400517269,173.403076204787,172.56747197252,169.016043460278,163.502682375058,158.558982924892,155.016382369673,154.105778880655,NA
NA,199.931813226893,204.690126147945,208.026776018972,207.910650868834,207.69550578464,208.114595688618,209.512387514875,209.683620840665,209.19332102139,209.150327268539,211.988213529713,211.645264239416,212.45111229526,210.750148196841,213.632865949855,215.068702028674,214.288530498257,213.089451634057,212.486225410372,214.000185856151,214.482529716224,213.94287454777,213.291089417173,211.783036989941,210.044161497791,208.30734127012,206.609686556243,204.337770029331,203.468344307492,202.67719390741,201.946583534853,198.510100019357,196.142749398677,192.186289472577,190.196347011068,187.182948527938,186.544190609607,186.465085060816,184.255328075198,180.28697363974,176.81329201103,174.324422635273,173.007351029924,169.90735377159,168.407997382192,166.241430081741,160.30923860995,158.16794328152,155.615694742945,154.681820111148,151.085035656189,154.426397529032,159.572916392632,165.529264698729,172.324223440941,174.904283903541,181.258306840145,184.913606282778,185.682013431291,186.747231615208,186.670362095981,186.408320179955,186.908297698799,184.9581730328,183.558229892862,184.440428659301,186.02866205001,185.960573263929,187.82573132893,188.551151246804,187.999690946553,185.952854011006,183.534815139949,179.813459706427,178.843090405011,178.531598706487,177.572783040337,174.021270176598,173.954016999125,173.685676602594,170.705130608211,169.597059401887,166.10996871343,161.208386414547,156.021844516472,154.241011962308,151.518389550903,NA
NA,NA,203.949079801884,205.71354937366,207.06895610558,207.35998276804,209.53565568826,209.473991449765,208.733650588946,209.142413031563,210.692124205215,211.147849322599,211.290456304955,212.834070787572,211.598969863033,213.078535555929,214.871148500236,213.998069846321,213.364147407076,213.721849265609,214.547371917109,214.291016037161,215.58757996289,213.647457397619,212.52393659162,210.806831205846,209.06138900885,207.106923740734,204.155471216137,202.300671766569,202.058561203769,202.002781625626,202.457322323572,198.8637734827,194.125857218114,190.850476098387,189.79809805981,187.191441339077,185.668792599586,183.831523471703,179.910833973299,176.430878608099,175.111914950043,172.882641930113,170.229852618267,168.535036732626,166.875063432802,162.805080482018,157.51610550154,155.742276624575,155.46882672588,151.912279496173,154.637314781112,161.588841681954,163.66703947064,169.647172084261,174.863467200395,180.043780402806,183.916201046836,185.129820598506,186.876105682465,185.160961887041,187.556596131111,185.309990533013,185.745376104237,183.449738691139,184.227019316639,183.882278638007,185.911032745808,187.058005054208,187.017214606545,184.858081925978,183.874238295715,181.255761350069,178.555131631239,176.182637314616,174.552493773686,173.927511198427,172.339640716238,172.069920191878,172.395489318687,168.173920347739,167.95364505898,163.296048591441,160.247124591308,156.098869124731,153.354422297369,NA,NA
NA,NA,202.394124155882,206.430725403115,206.323161486341,208.858733918942,208.772088829483,210.031718807537,209.312552368987,210.318948264283,211.693057449004,210.62108014767,210.661398841221,212.605729252536,212.983884421184,214.789531763672,214.457304116921,213.47390338111,215.051063475971,214.251562400396,215.058040737749,215.737452017926,214.801701075191,214.963066046156,212.158579089192,211.222457414081,208.736310923901,205.815780995458,204.971587750402,203.231727018688,203.998051480452,203.127622280968,202.248459727305,198.397465631568,195.197881715231,193.887737541217,191.224823331077,188.773526922585,188.04666978214,185.90412181269,182.358107359769,178.583345554425,176.566029532985,174.812090802099,174.450676470926,168.165637568973,164.664777599495,162.349604649574,159.054557834751,158.122277194225,155.122119525353,152.949626983802,156.264860918233,158.79802182288,163.115366012499,166.497378848713,174.532939564063,177.704387820796,184.076646435053,186.215798050982,186.720411417516,186.236990071723,186.980173354825,186.162177353264,184.429495614858,182.621246438898,183.878699407209,184.176156670829,184.230147412566,185.737078081014,183.883716320272,181.941743036984,181.007486593366,178.512689707215,178.146231742643,175.015164453051,173.349324889283,170.846509210378,171.540155913318,171.794037821963,170.626457656764,166.670653091631,163.441835338074,162.130446357526,158.162270949832,153.706988069682,151.927281208479,NA,NA
NA,NA,203.508921457467,204.787434093378,207.254607175242,208.850120099339,209.649575627259,210.265887427793,210.638054735783,210.194163287782,212.771493910321,211.262996952664,210.579769520268,210.612288095285,212.106619302105,214.024902980657,215.067188179936,214.552072564988,214.039549508517,216.263640706242,215.404894771373,214.458734137774,215.703842907254,213.485506746148,211.499985985674,210.237357218603,208.912464834377,206.280257052415,204.729060050074,204.409170390515,203.730254101598,202.86072135006,201.95360375286,198.945307106874,196.123428512803,194.283808354285,192.024149665084,191.003546143815,190.431385850531,186.322456508856,184.748339629681,178.511901619172,178.442221361545,174.874430067142,173.621273517683,171.563301525322,166.872798399585,163.584499916247,161.990285024491,159.436270097232,153.732311519023,154.560852136471,156.778130165684,159.736062011275,162.982145051781,169.938363265649,175.628605873996,179.350776139602,184.323156050651,189.841240652486,187.415300897479,188.336444456541,187.216507317856,187.554916306684,186.126928850924,183.854409876926,182.52568763051,183.029159841687,182.371239429476,183.79950454775,183.099559515078,180.260518985123,180.999172963457,178.05241741157,175.680349347415,173.951139234985,173.231144352928,170.519341697027,171.625254849963,170.315053921434,169.316479810657,165.844077512577,162.123999727109,159.610236026282,157.429937534863,154.491767613814,150.647900623626,NA,NA
NA,NA,203.290373181457,204.459701738821,207.578810417948,208.816278782452,210.562681936281,210.670900120062,210.658891432738,210.888333505455,210.47087359564,212.507095209842,211.430265204954,211.184016061894,211.390678944519,213.850664073075,214.652614845589,214.205068406192,216.14097865966,215.69161330773,216.180842220437,214.036244597425,214.463864475536,212.320784477033,211.269128480282,208.60227261899,208.995164668021,207.32187855658,203.579296936704,203.672767904381,201.869441971956,202.537457561204,200.511358051467,199.803340817399,197.766034501277,195.873922350376,193.39055461378,192.510911374737,190.518329358206,186.596852714371,184.338610340154,181.163122921674,178.246241889366,174.983728095205,173.575948651731,169.718595728582,167.620223952346,162.130197702475,161.480501852764,160.669040003133,156.947360736603,155.232064804039,158.072111595412,161.665329859045,165.535969302548,168.282714081596,173.585358009763,180.124318466171,182.982017830054,188.077670091167,190.027839055091,189.597313194535,188.3103141705,187.23256986975,185.431526495062,181.878515290311,183.01331602762,182.582795495966,182.394584265128,184.370442598602,183.766716400421,180.591788320895,178.167146984366,177.155911196963,175.847634469306,172.643030670581,170.868858919459,170.50840110203,169.112579023837,167.575187736511,166.75756180497,164.005705678195,162.573138227649,157.787302503142,155.320046019594,151.319411722313,150.01530131844,NA,NA
NA,NA,NA,203.779173698148,206.707535282875,207.930856079894,208.72132041625,209.750889701672,208.80861817527,209.567380771378,211.589376132275,212.05474718907,211.290751733657,213.413123182315,213.482485688299,214.074765519703,214.872098529226,215.22833186229,215.186287049104,216.325399550847,215.266510409236,214.676967344968,214.089124536256,212.529213660472,210.893221089438,208.634047427795,208.163734116093,207.113579794061,205.310929102005,203.41463304159,202.839919339815,202.245516680269,201.385991151665,199.293099923612,198.34223913443,196.699271113736,193.88774881585,194.976759162174,190.484908403399,186.775374700604,183.787867702461,180.182437506235,178.972890549165,176.78613244846,175.045180954388,172.333726792063,168.855720435463,163.872296672721,161.629331366306,160.725049696439,157.13184511987,157.199256960116,160.317135437938,165.412495563134,167.870825104588,168.978314000109,172.823891737163,178.919059974231,183.782455602708,187.514163700881,190.425873515779,189.38056292367,190.017905681474,187.840327728,185.203776892007,182.052856555557,180.826973055567,181.433593216368,180.321361442393,179.855312691805,180.080762787736,177.938822346856,175.403424167446,174.443731438222,172.78272134894,171.631954708211,170.416653477536,168.506394514239,167.724182065061,166.756861766275,164.444560912965,162.011466660652,159.610772601663,159.345863937565,153.62294951153,151.358771465167,NA,NA,NA
NA,NA,NA,203.829916154239,205.298742422373,207.43765136843,208.75040361003,209.376001454802,209.588342346205,208.767693153436,208.669057684702,210.451214247941,211.264192680193,213.047280833756,214.870036333988,215.983500247789,215.863483056513,215.835544453325,215.056581166426,215.410170547447,215.298527790605,213.809874722597,213.76770434295,212.106725294059,210.180557452326,208.787615123021,207.622399154857,207.27971408633,204.070947561922,203.926245128163,204.081898304724,202.753877696903,202.561817147478,199.686547152124,198.556405505021,196.589381333027,194.648015781234,193.400434857759,191.591367001439,190.284091242035,186.262795461158,181.032244417231,179.280870016029,178.329853421707,175.916900381361,174.724817171045,169.956762361554,165.202788988825,161.644740795036,161.214865975758,159.902513425922,161.671759231248,163.288957530111,167.152133491991,168.144978209154,170.262869864053,175.426970626974,179.951362676683,183.601311044028,187.741152299389,189.259694881146,190.962458806315,190.672058955515,187.325393156644,184.347592980026,182.467023727567,180.656851808214,179.540990488063,179.145430347006,178.112040286631,177.253105449188,175.850738146841,173.71839840032,171.976723688001,171.851129766742,169.492168608963,168.232186201797,167.52762122883,165.874200499553,164.985260557311,163.518985187938,159.784259088858,156.755571848,154.606023292422,151.900510848111,147.042520782828,NA,NA,NA
NA,NA,NA,NA,206.010565304476,207.688432353743,209.299432495788,208.965944022463,209.037905915212,208.096009879491,208.145997965649,208.650788694698,210.268373765822,212.804548317639,214.720125695785,212.464012907133,217.093153092992,215.877139749587,215.349812135318,215.8478625713,215.215483664079,214.349732552416,212.773439846398,212.651113102944,210.140427413505,208.694765912308,207.119078075556,205.515074584074,205.108784939298,204.298321006385,204.681448857266,202.398097365292,201.359242588637,200.794591091543,199.008459604895,196.651091406764,194.845161035349,193.495388060878,192.076938370175,186.589592368702,186.462816049914,183.107705770073,179.76779213439,176.35512261587,176.614296084519,173.368264748873,170.407843705194,166.967515445603,164.560701278651,164.380606058041,161.827548762837,162.651276524913,163.92926773587,168.058585322053,170.476193589016,172.412245894277,175.860332205384,179.90954412384,181.065640053281,186.149954171569,189.218988667147,190.066638431905,190.939153666727,188.669134187665,186.110441072313,181.891919491583,177.985544526662,179.039993199751,177.460273847614,176.265590910531,174.74296988705,172.630884545641,172.073833962807,170.722164949417,168.940935608704,167.015217528878,166.827594578046,166.312017364925,166.685223409008,163.699132125571,162.08195042361,158.617061410865,155.899553061941,153.803004596842,149.326354473675,NA,NA,NA,NA
NA,NA,NA,NA,205.087151054483,208.026964178354,210.082385239432,210.078419975593,210.101029379934,208.644018806305,208.289979699656,209.890478647238,210.692192444992,210.888232640149,212.249092307147,214.605353269152,216.258844649672,216.300186286794,217.113887559682,217.06893576863,216.588654890198,215.256936136405,214.380268571446,212.998280027725,211.81555627484,209.506068787934,208.115255058617,206.143367755738,205.359258060458,204.869116723083,203.013550118451,201.878975775916,201.28892653472,200.71051565718,199.033001678597,197.30730207029,195.622700379618,193.11891554097,189.780868786125,189.414336359724,186.064948821571,183.723271589914,181.144590159371,176.715602575456,178.57161334411,177.330528076866,171.563073185327,171.085085887948,167.426177182549,165.802007044615,166.398194838314,164.55990796998,165.412283338815,168.323591637794,172.375228346858,172.687643991208,176.811808611176,181.859269833757,182.194501718934,186.152159579367,190.427591779933,190.135673338353,189.614319495033,188.843818244083,184.188979421118,182.250786085614,177.648536989164,176.721512180655,174.993404570918,173.510658536731,172.869283343029,171.775198846345,168.211398089896,168.253915567196,166.33441561269,166.132072385464,165.09588226818,165.590363203884,162.997994010674,162.155877332971,159.498495173623,155.146533359238,152.230816886757,149.34600935608,147.957794366615,NA,NA,NA,NA
NA,NA,NA,NA,205.131027659872,206.975053856149,208.87065882381,208.396822971472,209.051892066026,210.447552318232,208.678422555553,209.732702626643,210.686354351806,211.237750727643,213.134811518888,214.496160148598,217.585168115136,217.318339423892,216.031472477268,217.87889417988,216.543233022154,216.40229967654,212.334140078335,213.066739446889,212.603350631208,211.203763175957,208.690698311004,207.929503297554,205.700349175779,205.005081103239,204.231143515668,204.16812949753,202.145839146229,200.425556523049,198.613474551026,198.238001160422,195.589259077647,192.980999151907,190.508361966531,189.663188268523,186.10268983181,184.457036103111,180.834312136244,180.208692601962,180.745527937609,177.282922772385,173.038059240923,170.653695603322,169.423167705024,167.224866597602,166.483181257304,167.45060293875,168.584314560289,170.222968203225,173.955397636792,174.755507988882,176.954418075197,179.924339338082,184.262667249556,185.939236994686,188.395099363154,189.793962197157,189.68724498621,187.534284882449,186.431810831903,181.470737464009,177.722474726828,176.03950173388,173.342570472092,170.710942686097,168.99146782869,166.186546773925,165.553707154923,166.138464671,165.613037106801,162.192679102589,163.959922513859,162.454951196802,161.458339262811,158.509420080622,156.287575672934,153.17933816925,151.233971763766,149.3427912006,146.235673574442,NA,NA,NA,NA
NA,NA,NA,NA,NA,205.717048993849,207.879193210979,209.039568327688,208.748317132271,209.428699651684,210.279460635152,211.294368159471,211.102675175562,213.0689417842,213.765382237432,215.890052087494,215.756175702192,218.098443882309,217.622715637229,216.957644883272,217.015746991928,216.443236057817,214.56424032179,213.714868733606,212.439448215316,209.974478392269,209.568294284385,209.672903265292,208.002738128867,206.310256268903,205.972600433963,204.752549007097,203.114612081937,202.146709614739,200.718813095385,198.102220791567,194.822938916777,193.68766731416,192.421499556007,189.097968893926,187.247603220166,185.080887495454,181.92953979659,180.697342816578,179.71243333632,175.161621885763,175.272662308077,173.313648918447,170.56680947613,168.462315107263,169.121805445107,168.927645868879,171.183843175937,173.425119149024,173.524397448238,176.852935166494,177.652525998144,180.32786024368,183.943229299657,187.085105659775,188.511262990473,188.939191972213,189.616624686602,187.268005298678,184.001228286167,181.050065312386,178.335656520317,176.085915238638,171.155020820748,169.103086419933,167.480456639242,165.16685375588,163.684399894823,163.020065171249,162.618695232722,162.323545365366,162.887767658714,160.705005218108,158.807927531198,157.775657206961,153.835388913496,152.089798802261,150.120536847735,148.05822885502,NA,NA,NA,NA,NA
NA,NA,NA,NA,NA,204.14026456708,207.061206258115,208.797969437904,210.068320948856,208.880504563647,209.510674070061,211.257776334312,212.472066141334,213.633260855456,215.573465783319,215.598158484944,216.388613453876,215.993111047308,216.521613884147,217.506721687135,217.927927519256,215.96001803845,215.292860874152,214.177817225055,212.685405417383,211.098832256135,209.928662130384,211.097729442306,208.766152680911,207.585043164985,205.887014510776,204.172161143058,202.649164300952,201.666784657398,199.821820870791,199.047754278568,196.621412722763,194.06761416045,191.368314466624,189.070783324024,188.10781000536,185.747119557044,183.95408970123,182.524440858398,181.174333949445,177.765623795267,175.532587835498,172.827189720604,169.337714095864,170.037992149098,168.88028294698,170.145464685024,173.892691162087,173.808826176132,174.41982488554,176.460569879474,178.564785957879,180.720468830363,182.559370108972,187.535008787411,188.186739327137,189.60534246514,188.016732425383,187.617498324539,184.225168521691,178.781243976832,176.753083198534,174.912452729937,170.658634310807,167.110120434341,165.029613502958,164.379076638792,162.830656528649,161.385179586426,162.190169062357,161.746347996015,160.698483515748,159.771260734653,155.873080408816,155.356112393186,152.300775983588,151.088674323208,149.730808918534,146.087957630618,NA,NA,NA,NA,NA
NA,NA,NA,NA,NA,NA,205.57704981758,207.432586270106,209.897145689237,209.646170081457,210.6627285705,211.607160400433,212.036505169773,213.108697386971,212.612403964549,214.81598471952,215.862724337253,216.564978981655,217.31114449372,217.49445222673,217.737612535744,217.51512305471,216.410882694371,215.492479719966,214.028044873295,211.805041527159,210.759430935706,211.341517436958,208.189728515011,207.242338029209,207.019443339881,204.679930540917,203.343829042033,201.555604908735,200.844718750739,199.419234920384,196.943068974774,196.28206358493,195.33869610957,191.189231574502,188.668018221795,186.694030392789,185.514834347379,182.358570499242,182.736731872791,180.398513243207,178.708231952283,177.499004492907,172.265149683044,173.139356667967,170.876136045683,171.780820852764,172.527042761526,174.569776148476,176.064344644097,177.605300681586,178.201888676791,181.872376407086,184.679173337047,185.157243304608,187.452165575333,186.680437774662,187.877328475385,187.356578737088,182.446031535267,178.614419668867,175.659044962229,172.367998228652,167.96249135652,164.236532154791,163.148910592464,162.31006131731,161.565501833866,160.462977098447,159.991251366207,159.399746853327,158.904061636063,155.147914858941,153.813335324873,152.278695812104,150.352999479112,149.108811848943,148.762443901202,NA,NA,NA,NA,NA,NA
NA,NA,NA,NA,NA,NA,203.978441587637,206.150636013665,208.765028403951,210.3509983073,210.117026255373,210.906809885695,212.453859300686,212.706956865152,213.056736710828,215.306109424583,215.447743478411,216.115610756991,217.252940597348,215.974584847846,216.753040985086,216.625400799557,215.713504797992,214.74299830047,214.118190513378,212.087333178904,211.465464341404,210.101824139802,209.535413536252,208.865647028464,206.626652574977,206.546748293827,205.498219614949,203.718750973512,203.853668417602,201.677203696217,198.51429993259,196.011886662181,195.097577948757,191.163650298232,188.858675461562,186.601910549381,188.228825846152,186.79119976892,184.008381941359,182.917736536771,180.90093245053,175.732605245211,175.743538707353,174.42860599556,173.026227417438,172.473176235018,173.767022560275,177.267827238601,179.013501313779,180.613017210758,180.373042733216,180.598584726768,183.542771375085,185.144936625976,187.692943620538,187.105797447357,184.591261175008,185.277890496313,182.783249129515,178.245244327787,173.435682524555,171.049981270367,167.746266320616,164.043757828277,161.80893355317,161.373264756553,161.110293865933,159.774692090618,159.424723283707,158.205185409991,156.941846784926,155.023215553393,151.580737235643,149.396303780539,147.84446004294,148.418850362724,145.536544553054,NA,NA,NA,NA,NA,NA
NA,NA,NA,NA,NA,NA,NA,205.130088555856,206.808208518286,207.897587519723,209.08857905785,208.686016555439,208.697861124025,210.62119044594,212.429067075698,214.788592460995,215.173118887654,216.405416023917,214.907765209498,215.149743066498,216.272050189294,216.37924700763,216.819329004575,213.961674984798,212.843642310881,212.95455749372,211.782566341406,210.671816245449,209.988081349646,207.916729906858,206.561985780482,206.994431706303,207.203178140341,206.014241921177,204.686526093893,203.90884317441,201.180530890194,197.054553542219,194.273660210959,194.660312316875,191.896791202576,189.816486259619,188.819047948244,188.821852878135,185.739560755791,183.952037114509,182.563546825433,178.055436857496,179.067316146061,179.194258392446,175.344245497765,174.04383981662,176.817607231237,178.76820544926,178.268705591287,180.645429188379,180.744077665499,181.160622863571,183.518499860614,184.223149120847,186.863881426902,186.026645640125,182.864136304607,182.60857673707,179.934929641068,175.419535776449,171.79282509767,170.243990168182,165.316680464555,162.464586251742,160.747156270228,160.718267576938,160.083177465791,158.144911543778,159.846914829122,156.44184386905,154.457987134403,153.343429643121,150.561634830785,148.382810799455,147.055829696123,147.226129340313,NA,NA,NA,NA,NA,NA,NA
NA,NA,NA,NA,NA,NA,NA,NA,204.934702626013,206.090255247055,208.372535685124,209.008376885757,208.742046314323,209.351722008338,211.67183131959,213.123402545272,215.071862712559,213.925891841738,214.841938725819,215.067378343708,216.18206207218,215.886980165719,216.437137555221,214.538889838295,211.714272264435,211.294541959288,211.685156466772,210.332067565942,209.609239231688,208.912073234175,208.087321969009,209.46803721751,209.206062105458,206.852396912497,204.462595771339,204.011741697406,202.890207227851,198.765530758161,197.630192165309,194.7814901708,194.071084871263,191.440882823062,190.850652474729,188.520229145579,186.280311229041,186.113561249501,182.541882390852,182.084157229109,180.279102783731,178.47336662297,177.618992707938,177.663863129656,178.695147947648,177.445205591861,178.853250694676,179.896657817889,181.566329008051,181.154662823993,183.52335271562,184.189620165567,184.614792991408,183.438509186243,182.783395848535,179.936333685482,178.404045637103,174.733426664327,171.86626410229,169.482017735163,165.008877834204,161.457736191535,159.481656770931,159.010916126445,159.09689021382,158.817280046173,158.572796859031,154.931574111886,153.263880673198,152.838219668936,149.908220666089,148.386770598292,147.121449979534,NA,NA,NA,NA,NA,NA,NA,NA
NA,NA,NA,NA,NA,NA,NA,NA,202.893764907342,206.181150432625,207.355818017732,208.676083930556,210.607580858642,210.453893189608,211.393274271703,214.052301423101,212.697992402815,213.858448145633,215.300410962332,215.00739671539,216.756547270271,216.520105221309,216.429127126192,216.761071137443,213.367145744391,212.086489745624,210.501225222557,210.646612769328,210.826370480671,210.438589206853,208.855589364679,209.928809209609,206.747454540048,206.028410935137,204.64136677722,203.783223173309,202.849242584731,201.076875800894,197.769793271499,196.365493242658,194.439886969446,193.372300774919,191.905012801881,188.434712406438,189.750999665266,185.426401790116,183.411117500193,181.378048346964,180.424568425957,179.991033429815,179.548719742073,177.701094759086,178.958342729127,178.408706340269,179.511010721766,180.36272094257,181.103977832783,180.777956710418,181.403431908679,181.937841106867,183.601381102303,184.672180689789,182.075086334627,179.040539196743,176.612672950033,173.152231740569,170.589501408945,166.859312573479,164.292990174135,159.675603014832,159.428836960937,157.894664212557,157.729648872646,157.102120138926,155.8418127004,153.740360515379,153.797727262309,152.316888190115,149.104239655201,150.000545484342,147.23810082553,NA,NA,NA,NA,NA,NA,NA,NA
NA,NA,NA,NA,NA,NA,NA,NA,NA,204.887374961246,206.196488268542,208.280617383664,207.402207378135,210.35029472166,210.453771138288,212.218186889481,211.926079025479,211.869393695424,213.526764931869,214.520325978553,216.154291841074,215.846444768055,216.35224465575,214.527810662461,213.231125956782,213.860725632102,212.871687766544,210.92385415155,210.258162446502,208.534641499611,208.046628625053,206.573725274495,206.523490268196,206.63189397822,205.121627972264,203.434128563462,203.058305225736,201.494757988528,198.972361115955,196.374364647834,196.380492632808,195.348682745131,193.303167375684,189.42247383051,188.884784471567,186.843630658128,185.437962666113,184.237077993507,182.186189759263,179.498284439431,180.068891287834,179.277655948491,179.642430016485,180.437983599364,180.321895442884,179.140692214591,180.988331119484,179.420998794046,180.653016514107,179.350968896844,179.684027293417,181.072607146229,179.604401464157,176.831750333477,175.285943103127,171.471516419914,168.738826541235,165.195698239959,162.520010392027,157.524177846763,158.192536358007,157.17393869738,156.316122362245,155.666161432513,153.734765127893,152.126166860702,151.916218085705,150.712078180651,149.225808203731,148.639303437431,NA,NA,NA,NA,NA,NA,NA,NA,NA
NA,NA,NA,NA,NA,NA,NA,NA,NA,NA,204.290049456167,205.004466192094,206.9284762542,209.0054980095,210.646511482407,211.329590152402,208.392509361868,209.949434063188,211.962698033187,212.532272419176,213.329655011758,215.16739176043,214.53926877613,215.651636081193,214.860532852715,214.033888898907,211.877037006503,209.890110426611,211.036275811709,209.799559355886,209.363036645997,209.399396477029,207.865726250197,207.577987619602,206.416179880028,205.211250760564,203.151378953112,199.774386937867,198.292696196783,196.940335482123,196.523379590397,195.697280502899,192.604235832297,192.066636359557,189.363582803708,187.995503070779,187.227185994042,186.49414574523,180.809522287472,180.202085574651,177.904312793549,179.696563570932,179.423666904473,181.588466017961,180.54116766925,180.32172490301,180.166708525065,178.753453346376,179.547226144765,178.533063606391,177.022472032306,177.472848364859,178.603418386643,175.061578061569,172.843649434434,170.727914005385,169.228715202804,165.121723148417,160.176021714426,157.970698021435,156.593423837932,155.897657005011,156.243577719437,154.864262285004,152.813612400214,150.124080865157,149.452667120443,148.804347456703,147.183930212501,NA,NA,NA,NA,NA,NA,NA,NA,NA,NA
NA,NA,NA,NA,NA,NA,NA,NA,NA,NA,NA,203.297524108345,205.069288880546,206.814651444036,209.037837537592,207.171697225168,206.579710106659,207.450746572722,210.386920701128,212.260995625407,212.980897397455,214.387970207968,215.351038189338,215.190493659404,214.102477042119,214.030407202339,211.990353077025,211.897449058304,212.191048579179,211.603890689955,210.363214497168,209.50032344593,207.441454057869,207.251208134673,206.205914004557,205.431694489028,202.114886286156,200.354398683013,199.799184065188,198.025896614446,197.249991196159,196.306892920369,192.912876122991,191.979577693481,190.848066366163,189.945898450753,186.639708589021,185.338019196808,183.723360767249,181.157180953158,179.823731429099,178.827632009403,181.448286643993,181.758303659267,181.576896887697,181.458834198798,179.047320245521,177.491646932417,178.008224880557,176.555554288501,175.850338293523,176.33527595473,176.408481690414,175.218814459254,172.754902325545,169.360358775983,167.712477533187,162.620498693295,160.095107047358,157.977352989792,155.713562788639,154.224274456479,153.049159925042,152.287410350683,151.057561956062,149.753027600936,149.445244858537,148.148494011669,NA,NA,NA,NA,NA,NA,NA,NA,NA,NA,NA
NA,NA,NA,NA,NA,NA,NA,NA,NA,NA,NA,199.889438932231,201.689082186634,204.937440853477,204.969755515463,205.357943844753,204.281774199353,206.802567275122,208.176095558327,209.824158217495,210.965142467647,212.057504398313,214.143188345129,215.311546518473,214.439185327394,213.868848098275,213.052057071041,211.533069861775,210.879876517233,210.420795840974,210.214903208754,207.90580571265,207.069819728498,207.277569547586,207.130004192297,205.560422938737,202.185258702995,200.892615630586,197.928371579287,196.905988242051,196.772038146538,197.877005096056,194.841743479194,193.953391060031,191.964473290378,190.682556459817,188.544300793941,185.140810903686,182.15027455395,179.692199969649,180.491634913045,179.174513706836,182.2253562792,181.631015757742,180.435455559778,179.307842993465,178.573656854066,176.943965172594,176.515884968743,176.589404797011,175.404370985775,175.512414875917,175.06703013468,175.01370809645,171.6835518233,167.275883258352,166.641750665848,162.030370307621,159.552601384006,156.409804065311,155.270058007162,152.017119552769,153.07334646933,150.451142022206,150.408895863138,149.532976791598,147.316968695159,144.481967413328,NA,NA,NA,NA,NA,NA,NA,NA,NA,NA,NA
NA,NA,NA,NA,NA,NA,NA,NA,NA,NA,NA,NA,199.686186561497,202.531882346426,203.458514542851,204.268819957814,204.347296232138,205.497789454985,207.388043393313,210.83647242368,212.147451075454,213.249355756076,214.055467803436,213.856244713287,213.537630811759,213.32086580604,211.369321673817,211.154470100595,210.836529494099,209.577786774941,210.868938464303,210.10065479022,208.651649801361,206.861581325759,204.846860825611,204.043854198532,202.05875314997,199.022072893384,197.775445956603,198.713947968332,198.176362383452,198.024829926412,197.846987657415,194.857648541453,194.464202472347,192.466263489306,188.012152596035,185.487141888134,182.517249033698,180.280129926084,180.203296697368,180.098795078726,182.485849025751,179.326467734241,179.696757822264,179.419876467869,177.311598500606,176.482599976255,176.26028280017,174.979184362784,174.446163622911,174.806509484541,172.061753879293,174.3804746736,171.749731512938,166.501646788859,164.499987382216,162.762595023768,158.460851421216,156.98701249103,153.435306089942,153.22152542232,150.821183538081,149.114898244062,149.450262680171,147.486538072771,145.739940878446,NA,NA,NA,NA,NA,NA,NA,NA,NA,NA,NA,NA
NA,NA,NA,NA,NA,NA,NA,NA,NA,NA,NA,NA,NA,200.814401095616,202.771913132968,203.045105580831,204.998290217218,207.040425730792,207.67723332128,208.998937181838,211.552190671619,211.144156005407,212.485332987128,214.196881190685,213.33924129606,211.487983828463,212.010858504439,211.180784211759,209.644265904541,209.672349806381,210.198488311208,210.011639854014,207.563011509727,204.958488574287,203.95519006327,202.09860898026,201.443786331461,199.155535225277,198.265231434098,198.059481308048,198.004091899056,197.207533387815,196.269782517865,195.039670323447,193.154142723297,191.050592264435,188.795376206417,184.937637800958,182.397341412477,180.703928548887,181.349598568517,180.167094475733,181.014261934607,182.08955511159,179.500711557001,177.30747172144,176.654072632248,174.384251967212,176.469897110549,174.323811211603,173.26087281192,171.055237208611,170.665314527111,171.382710146182,168.217034579113,167.297034150362,162.429336498195,161.055676556493,157.818626670552,155.823472179264,154.535446223475,151.925763497116,149.367232341834,148.159285533958,147.212171542238,146.099647845739,NA,NA,NA,NA,NA,NA,NA,NA,NA,NA,NA,NA,NA
NA,NA,NA,NA,NA,NA,NA,NA,NA,NA,NA,NA,NA,NA,202.280697607354,202.180294007044,203.621286484292,205.73452613752,207.062774461869,208.563900209705,210.057342216955,210.455499957881,211.487417474038,211.601731124466,211.500237167206,211.255960327345,209.747245903465,210.405447535113,209.3180048022,207.604324909506,206.790208107418,208.489784826449,207.038506878824,204.66247532886,201.712312471274,201.647492052792,199.770350405788,200.389838911782,199.46144278147,198.558508071696,198.41052650359,196.639395163904,195.560243731525,194.133911098648,192.342550031249,189.937225760035,187.846292833015,184.866758105823,183.136471563881,179.771782310245,179.228696187748,179.881300468511,180.217709769474,180.437338877482,177.438718150432,176.461234234365,176.5847850402,174.376233814069,175.247797023884,173.444608343253,171.043480905445,168.58589994526,169.066096720235,168.814148655159,167.020357747283,165.266198993556,162.890899726977,160.121691652581,157.410972616701,156.928166295005,152.858402171835,149.820180525223,148.992804587061,148.097138311178,146.021197097034,NA,NA,NA,NA,NA,NA,NA,NA,NA,NA,NA,NA,NA,NA
NA,NA,NA,NA,NA,NA,NA,NA,NA,NA,NA,NA,NA,NA,NA,201.631978082308,204.194393582037,204.608835686267,205.931429697655,208.31040708419,209.538683299615,211.491071990081,210.161092692371,209.735910520608,209.818347870406,210.473623935263,209.378007179379,210.752798673095,209.943562321603,208.192881194505,205.911806191152,205.347341934204,205.077582058546,202.4604417097,202.076067172252,200.3383517657,201.722570556056,199.347080056161,199.542809972046,198.611128315014,197.465547717314,196.232080111194,193.802817315212,192.997995878628,191.910655593312,190.92789028336,186.328516541289,183.946010733288,183.53376901362,179.288560021531,181.019150581633,180.199866607238,179.366841671264,178.966084300838,177.163534697709,175.368425756231,174.773967872305,173.602335085922,173.591768975585,173.369172744373,170.640858703397,169.616411556338,167.875786233878,165.852373378032,166.667636420836,164.17674327486,162.65156315634,159.799642731737,157.346025288741,154.107035526595,152.03499632251,150.116947957929,149.075117488267,146.232162958098,NA,NA,NA,NA,NA,NA,NA,NA,NA,NA,NA,NA,NA,NA,NA
NA,NA,NA,NA,NA,NA,NA,NA,NA,NA,NA,NA,NA,NA,NA,NA,NA,204.532662777713,205.585820005477,206.378750851378,207.464858216247,208.622836881097,209.079526659286,209.631317956075,211.236123154739,209.756057166244,209.126119562863,208.373454789016,208.089206886234,207.066101234668,206.801392106771,207.13681263273,203.449721489176,202.383707500326,203.258808481682,201.995059617907,197.936966272123,198.738016795103,197.731809046013,196.762774807012,196.753821490855,195.537723617484,192.527283540713,192.811640146735,191.140799696192,189.35465615571,186.23690857647,183.449039571108,183.246221981484,179.809989627639,180.015521426308,179.597849297825,179.582495164601,178.028536566159,176.395820037118,174.404410928084,172.578000081287,172.377153850083,171.726743998718,171.856399435453,169.689759058928,170.901138454343,168.776337841013,167.70487825375,165.962316411359,162.430022042667,159.998667692478,158.707596431177,156.252929283125,153.332985497884,150.59870851719,150.130766142089,NA,NA,NA,NA,NA,NA,NA,NA,NA,NA,NA,NA,NA,NA,NA,NA,NA
NA,NA,NA,NA,NA,NA,NA,NA,NA,NA,NA,NA,NA,NA,NA,NA,NA,NA,204.689258505203,205.574113714424,207.314676595726,208.337673457387,208.695328684622,208.514497181338,209.313913324907,210.196238477515,209.114299807311,207.023157510435,206.36767058448,206.854580095002,205.626266580095,204.267147929993,202.903722222705,200.352563328711,201.745088890907,199.758859324189,199.166161003335,198.891678536392,198.474063223181,197.378471518139,195.23831793818,192.967790174667,192.306013619455,194.129334835621,190.29726655827,186.887177981169,183.153953835346,180.771675331085,180.413007692541,179.57254785849,178.873147178252,177.423721142248,177.292612167749,177.057326646977,174.511732267348,172.28915715495,171.262855657976,171.786990849122,169.438525794109,169.751834086781,168.74353863353,168.824360758758,166.835700729046,164.686927279321,164.350062124176,162.395617788218,157.945876644346,157.785990945255,154.409806805759,153.269233623647,150.806015380213,NA,NA,NA,NA,NA,NA,NA,NA,NA,NA,NA,NA,NA,NA,NA,NA,NA,NA
NA,NA,NA,NA,NA,NA,NA,NA,NA,NA,NA,NA,NA,NA,NA,NA,NA,NA,NA,204.309497468066,204.39263465064,205.89219275541,206.895485876918,207.78706445189,208.329771556638,209.476561404305,207.884862310497,206.348706252751,205.747357794687,205.699577521095,203.814123565257,202.283843080374,200.465370505803,198.721055076885,198.59568629799,198.164369384542,199.021350947262,196.733221239996,197.107749607108,195.791813262035,193.36580562038,192.655729671355,191.892319744386,190.717676816319,188.463882702313,186.764994436745,182.350127691653,179.632159498118,178.167169342478,177.431751640603,177.137441444344,175.816024072698,176.373188972929,175.919748684854,172.896625358401,172.98619838429,170.924372213883,170.379180992854,169.322379863657,168.021382779555,167.186954869733,167.467510883911,165.932601717168,163.597543137106,161.891951246062,160.883421688359,157.414633928407,155.742654342159,153.405317629294,151.291072043298,NA,NA,NA,NA,NA,NA,NA,NA,NA,NA,NA,NA,NA,NA,NA,NA,NA,NA,NA
NA,NA,NA,NA,NA,NA,NA,NA,NA,NA,NA,NA,NA,NA,NA,NA,NA,NA,NA,NA,NA,203.599912340943,205.429464283189,207.044601681226,208.163841548915,206.858893068159,207.397712644132,206.107677345302,205.582070601722,204.735071858062,202.839558835186,199.469422921803,197.819019403359,196.447916488671,197.308805759961,198.474544624058,197.371830341355,197.836712622517,196.433409516054,194.583387513505,192.435749236557,191.263862204937,191.420101428297,190.178087409423,188.504678500391,185.588067640828,182.440814119117,178.836403474379,179.266102704927,177.429999490153,176.347738786513,175.206636529744,174.941117123413,173.160582355825,170.93672272955,172.006828963838,169.589647435881,169.398583647128,167.862816405029,167.289782170746,165.359225035186,162.604621325947,162.200815678531,161.893412645897,159.903130676754,157.862402732882,154.602970496298,153.934817531159,NA,NA,NA,NA,NA,NA,NA,NA,NA,NA,NA,NA,NA,NA,NA,NA,NA,NA,NA,NA,NA
NA,NA,NA,NA,NA,NA,NA,NA,NA,NA,NA,NA,NA,NA,NA,NA,NA,NA,NA,NA,NA,NA,204.945325704799,206.556697602338,206.466263769247,205.87877458735,206.663484183419,205.8918348652,203.683606501622,204.036604886975,202.55892318911,198.094322327041,195.766065103385,194.581878449284,195.525229510244,197.246291766362,196.302334553022,196.137689947391,193.845835447117,193.202407382406,192.357330816758,191.915114595,190.833633492608,189.620535328185,185.756338185981,182.874674650285,179.386634857796,177.680152366568,179.093831347607,177.13679170345,175.569134405821,175.161960831516,173.568985044681,170.812644309918,169.714496160064,169.273024041718,168.353462700123,167.666094200009,166.619407455542,165.93260720748,164.045006534093,162.189307812117,160.783075669269,158.243844844561,157.448240732247,155.303412049637,153.044842549307,NA,NA,NA,NA,NA,NA,NA,NA,NA,NA,NA,NA,NA,NA,NA,NA,NA,NA,NA,NA,NA,NA
NA,NA,NA,NA,NA,NA,NA,NA,NA,NA,NA,NA,NA,NA,NA,NA,NA,NA,NA,NA,NA,NA,NA,NA,203.181730331444,204.060359707333,203.549011345672,203.5916937078,202.727574832757,201.320154878693,198.141692341297,195.879283938102,194.894528690247,195.07109190915,194.433141790705,194.78047697486,195.310483027067,194.98694711365,192.631728411652,192.193778838971,190.739340784031,189.543796368759,189.152880558778,185.842276046257,184.595674490016,181.004861275374,180.611450231731,178.205282622506,177.420646915061,175.959090224982,174.538690310597,174.424536527682,172.642300735101,169.898684808169,169.298709306764,167.974043709262,167.237135156286,167.293390772405,165.879218623673,164.547555962369,161.448203106288,160.696352288951,158.644448167834,157.998297542503,156.932749228789,NA,NA,NA,NA,NA,NA,NA,NA,NA,NA,NA,NA,NA,NA,NA,NA,NA,NA,NA,NA,NA,NA,NA,NA
NA,NA,NA,NA,NA,NA,NA,NA,NA,NA,NA,NA,NA,NA,NA,NA,NA,NA,NA,NA,NA,NA,NA,NA,NA,NA,201.643932273975,201.011559433397,199.881244616452,197.908794651225,195.628356849808,193.365809549237,193.389245872161,192.628016163503,194.31459599853,193.58939741433,194.26755991152,192.409026293962,191.338044444819,190.824683647076,189.713315855251,188.411989387013,188.745840788191,186.675571739893,182.433695251998,178.970213191096,178.910001149647,176.934414808887,176.567196546204,173.035940937462,173.346590128597,171.170956943801,170.643855172967,170.173530181025,167.231405978651,166.454542092832,166.450365193786,165.390298219417,164.166245813948,162.67189797202,160.42202950439,159.132796739106,159.489032510934,NA,NA,NA,NA,NA,NA,NA,NA,NA,NA,NA,NA,NA,NA,NA,NA,NA,NA,NA,NA,NA,NA,NA,NA,NA,NA
NA,NA,NA,NA,NA,NA,NA,NA,NA,NA,NA,NA,NA,NA,NA,NA,NA,NA,NA,NA,NA,NA,NA,NA,NA,NA,NA,NA,NA,196.425781050629,194.85182658097,192.496067344022,191.510733986121,192.161707536606,191.348326342786,189.134902948516,190.441617852772,190.465146897949,189.783860928529,189.941853138021,188.579444143199,186.414362897688,187.393577082456,183.700808917201,180.638642996366,179.164076370141,177.571783564173,176.13037679104,174.559109640876,173.00889132041,171.035795172508,170.553892824882,169.438458456838,168.102073921429,166.75486901335,164.94281023418,165.446747469912,163.991673906507,162.255842312663,161.150363594772,NA,NA,NA,NA,NA,NA,NA,NA,NA,NA,NA,NA,NA,NA,NA,NA,NA,NA,NA,NA,NA,NA,NA,NA,NA,NA,NA,NA,NA
NA,NA,NA,NA,NA,NA,NA,NA,NA,NA,NA,NA,NA,NA,NA,NA,NA,NA,NA,NA,NA,NA,NA,NA,NA,NA,NA,NA,NA,NA,NA,193.918566167425,191.550401844817,188.86983660785,187.070835526105,187.170170760854,187.054174037625,188.03833150352,186.024134316722,186.417685026183,185.811407321665,184.173266628831,185.542142257571,183.398728823777,178.456991646216,177.158029756449,174.83566738283,173.174531079579,172.929362548513,171.59079851341,170.350636746956,169.034062195267,167.962074237081,167.352665771407,166.264531303939,164.821795965029,163.665881113292,161.873251300832,NA,NA,NA,NA,NA,NA,NA,NA,NA,NA,NA,NA,NA,NA,NA,NA,NA,NA,NA,NA,NA,NA,NA,NA,NA,NA,NA,NA,NA,NA,NA
NA,NA,NA,NA,NA,NA,NA,NA,NA,NA,NA,NA,NA,NA,NA,NA,NA,NA,NA,NA,NA,NA,NA,NA,NA,NA,NA,NA,NA,NA,NA,NA,NA,NA,NA,185.298906956754,186.808837305684,185.468389951692,183.697625884163,183.275593460765,183.6475072376,182.746963705585,180.681554230298,178.84178469661,177.784768942274,174.455008356709,173.000559507754,172.440929931965,172.436598874231,170.608797243353,169.452328549618,168.264277790146,166.817652569653,165.178955099257,NA,NA,NA,NA,NA,NA,NA,NA,NA,NA,NA,NA,NA,NA,NA,NA,NA,NA,NA,NA,NA,NA,NA,NA,NA,NA,NA,NA,NA,NA,NA,NA,NA,NA,NA
NA,NA,NA,NA,NA,NA,NA,NA,NA,NA,NA,NA,NA,NA,NA,NA,NA,NA,NA,NA,NA,NA,NA,NA,NA,NA,NA,NA,NA,NA,NA,NA,NA,NA,NA,NA,NA,NA,NA,NA,NA,NA,NA,NA,177.02867194748,NA,NA,NA,NA,NA,NA,NA,NA,NA,NA,NA,NA,NA,NA,NA,NA,NA,NA,NA,NA,NA,NA,NA,NA,NA,NA,NA,NA,NA,NA,NA,NA,NA,NA,NA,NA,NA,NA,NA,NA,NA,NA,NA,NA
